{"type": "FeatureCollection", "features": [{"type": "Feature", "geometry": {"type": "Point", "coordinates": [-79.783784, 36.072072]}, "properties": {"crashes": 16, "injury": 7, "fatal": 0, "pedestrian": 0, "bicycle": 0, "density": 4.0, "year_range": "2014-2018"}}, {"type": "Feature", "geometry": {"type": "Point", "coordinates": [-79.859459, 36.043243]}, "properties": {"crashes": 3, "injury": 0, "fatal": 0, "pedestrian": 0, "bicycle": 0, "density": 0.8, "year_range": "2014-2018"}}, {"type": "Feature", "geometry": {"type": "Point", "coordinates": [-79.83964, 36.021622]}, "properties": {"crashes": 6, "injury": 1, "fatal": 0, "pedestrian": 0, "bicycle": 0, "density": 1.5, "year_range": "2014-2018"}}, {"type": "Feature", "geometry": {"type": "Point", "coordinates": [-79.801802, 36.05045]}, "properties": {"crashes": 1, "injury": 1, "fatal": 0, "pedestrian": 0, "bicycle": 0, "density": 0.2, "year_range": "2014-2018"}}, {"type": "Feature", "geometry": {"type": "Point", "coordinates": [-79.830631, 36.057658]}, "properties": {"crashes": 6, "injury": 1, "fatal": 0, "pedestrian": 0, "bicycle": 0, "density": 1.5, "year_range": "2014-2018"}}, {"type": "Feature", "geometry": {"type": "Point", "coordinates": [-79.94955, 36.077477]}, "properties": {"crashes": 3, "injury": 0, "fatal": 0, "pedestrian": 0, "bicycle": 0, "density": 0.8, "year_range": "2014-2018"}}, {"type": "Feature", "geometry": {"type": "Point", "coordinates": [-79.805405, 36.088288]}, "properties": {"crashes": 11, "injury": 4, "fatal": 0, "pedestrian": 0, "bicycle": 0, "density": 2.8, "year_range": "2014-2018"}}, {"type": "Feature", "geometry": {"type": "Point", "coordinates": [-79.85045, 36.059459]}, "properties": {"crashes": 3, "injury": 2, "fatal": 0, "pedestrian": 0, "bicycle": 0, "density": 0.8, "year_range": "2014-2018"}}, {"type": "Feature", "geometry": {"type": "Point", "coordinates": [-79.744144, 36.099099]}, "properties": {"crashes": 1, "injury": 0, "fatal": 0, "pedestrian": 0, "bicycle": 0, "density": 0.2, "year_range": "2014-2018"}}, {"type": "Feature", "geometry": {"type": "Point", "coordinates": [-79.691892, 36.073874]}, "properties": {"crashes": 2, "injury": 0, "fatal": 0, "pedestrian": 0, "bicycle": 0, "density": 0.5, "year_range": "2014-2018"}}, {"type": "Feature", "geometry": {"type": "Point", "coordinates": [-79.861261, 36.061261]}, "properties": {"crashes": 6, "injury": 1, "fatal": 0, "pedestrian": 0, "bicycle": 0, "density": 1.5, "year_range": "2014-2018"}}, {"type": "Feature", "geometry": {"type": "Point", "coordinates": [-79.796396, 36.073874]}, "properties": {"crashes": 38, "injury": 13, "fatal": 0, "pedestrian": 0, "bicycle": 0, "density": 9.5, "year_range": "2014-2018"}}, {"type": "Feature", "geometry": {"type": "Point", "coordinates": [-79.792793, 36.003604]}, "properties": {"crashes": 7, "injury": 4, "fatal": 0, "pedestrian": 0, "bicycle": 0, "density": 1.8, "year_range": "2014-2018"}}, {"type": "Feature", "geometry": {"type": "Point", "coordinates": [-79.827027, 36.086486]}, "properties": {"crashes": 12, "injury": 5, "fatal": 0, "pedestrian": 0, "bicycle": 0, "density": 3.0, "year_range": "2014-2018"}}, {"type": "Feature", "geometry": {"type": "Point", "coordinates": [-79.832432, 36.052252]}, "properties": {"crashes": 23, "injury": 10, "fatal": 0, "pedestrian": 0, "bicycle": 0, "density": 5.8, "year_range": "2014-2018"}}, {"type": "Feature", "geometry": {"type": "Point", "coordinates": [-79.864865, 36.036036]}, "properties": {"crashes": 6, "injury": 2, "fatal": 0, "pedestrian": 0, "bicycle": 0, "density": 1.5, "year_range": "2014-2018"}}, {"type": "Feature", "geometry": {"type": "Point", "coordinates": [-79.915315, 36.05045]}, "properties": {"crashes": 1, "injury": 0, "fatal": 0, "pedestrian": 0, "bicycle": 0, "density": 0.2, "year_range": "2014-2018"}}, {"type": "Feature", "geometry": {"type": "Point", "coordinates": [-79.771171, 36.072072]}, "properties": {"crashes": 8, "injury": 5, "fatal": 0, "pedestrian": 0, "bicycle": 0, "density": 2.0, "year_range": "2014-2018"}}, {"type": "Feature", "geometry": {"type": "Point", "coordinates": [-79.832432, 36.073874]}, "properties": {"crashes": 23, "injury": 7, "fatal": 0, "pedestrian": 0, "bicycle": 0, "density": 5.8, "year_range": "2014-2018"}}, {"type": "Feature", "geometry": {"type": "Point", "coordinates": [-79.771171, 36.054054]}, "properties": {"crashes": 1, "injury": 0, "fatal": 0, "pedestrian": 0, "bicycle": 0, "density": 0.2, "year_range": "2014-2018"}}, {"type": "Feature", "geometry": {"type": "Point", "coordinates": [-79.857658, 36.066667]}, "properties": {"crashes": 3, "injury": 0, "fatal": 0, "pedestrian": 0, "bicycle": 0, "density": 0.8, "year_range": "2014-2018"}}, {"type": "Feature", "geometry": {"type": "Point", "coordinates": [-79.857658, 36.07027]}, "properties": {"crashes": 3, "injury": 1, "fatal": 0, "pedestrian": 0, "bicycle": 0, "density": 0.8, "year_range": "2014-2018"}}, {"type": "Feature", "geometry": {"type": "Point", "coordinates": [-79.783784, 36.133333]}, "properties": {"crashes": 3, "injury": 1, "fatal": 0, "pedestrian": 0, "bicycle": 0, "density": 0.8, "year_range": "2014-2018"}}, {"type": "Feature", "geometry": {"type": "Point", "coordinates": [-79.778378, 36.059459]}, "properties": {"crashes": 5, "injury": 3, "fatal": 0, "pedestrian": 0, "bicycle": 0, "density": 1.2, "year_range": "2014-2018"}}, {"type": "Feature", "geometry": {"type": "Point", "coordinates": [-79.769369, 36.095495]}, "properties": {"crashes": 14, "injury": 8, "fatal": 0, "pedestrian": 0, "bicycle": 0, "density": 3.5, "year_range": "2014-2018"}}, {"type": "Feature", "geometry": {"type": "Point", "coordinates": [-79.868468, 36.030631]}, "properties": {"crashes": 32, "injury": 14, "fatal": 0, "pedestrian": 0, "bicycle": 0, "density": 8.0, "year_range": "2014-2018"}}, {"type": "Feature", "geometry": {"type": "Point", "coordinates": [-79.996396, 36.091892]}, "properties": {"crashes": 5, "injury": 2, "fatal": 0, "pedestrian": 0, "bicycle": 0, "density": 1.2, "year_range": "2014-2018"}}, {"type": "Feature", "geometry": {"type": "Point", "coordinates": [-79.888288, 36.088288]}, "properties": {"crashes": 15, "injury": 7, "fatal": 0, "pedestrian": 0, "bicycle": 0, "density": 3.8, "year_range": "2014-2018"}}, {"type": "Feature", "geometry": {"type": "Point", "coordinates": [-79.895495, 36.055856]}, "properties": {"crashes": 38, "injury": 11, "fatal": 0, "pedestrian": 0, "bicycle": 0, "density": 9.5, "year_range": "2014-2018"}}, {"type": "Feature", "geometry": {"type": "Point", "coordinates": [-79.778378, 36.03964]}, "properties": {"crashes": 4, "injury": 3, "fatal": 0, "pedestrian": 0, "bicycle": 0, "density": 1.0, "year_range": "2014-2018"}}, {"type": "Feature", "geometry": {"type": "Point", "coordinates": [-79.771171, 36.045045]}, "properties": {"crashes": 10, "injury": 5, "fatal": 0, "pedestrian": 0, "bicycle": 0, "density": 2.5, "year_range": "2014-2018"}}, {"type": "Feature", "geometry": {"type": "Point", "coordinates": [-79.778378, 36.140541]}, "properties": {"crashes": 6, "injury": 3, "fatal": 0, "pedestrian": 0, "bicycle": 0, "density": 1.5, "year_range": "2014-2018"}}, {"type": "Feature", "geometry": {"type": "Point", "coordinates": [-79.735135, 36.077477]}, "properties": {"crashes": 1, "injury": 0, "fatal": 0, "pedestrian": 0, "bicycle": 0, "density": 0.2, "year_range": "2014-2018"}}, {"type": "Feature", "geometry": {"type": "Point", "coordinates": [-79.765766, 36.063063]}, "properties": {"crashes": 5, "injury": 3, "fatal": 0, "pedestrian": 0, "bicycle": 0, "density": 1.2, "year_range": "2014-2018"}}, {"type": "Feature", "geometry": {"type": "Point", "coordinates": [-79.812613, 36.023423]}, "properties": {"crashes": 3, "injury": 1, "fatal": 0, "pedestrian": 0, "bicycle": 0, "density": 0.8, "year_range": "2014-2018"}}, {"type": "Feature", "geometry": {"type": "Point", "coordinates": [-79.845045, 36.01982]}, "properties": {"crashes": 5, "injury": 1, "fatal": 0, "pedestrian": 0, "bicycle": 0, "density": 1.2, "year_range": "2014-2018"}}, {"type": "Feature", "geometry": {"type": "Point", "coordinates": [-79.868468, 36.068468]}, "properties": {"crashes": 6, "injury": 2, "fatal": 0, "pedestrian": 0, "bicycle": 0, "density": 1.5, "year_range": "2014-2018"}}, {"type": "Feature", "geometry": {"type": "Point", "coordinates": [-79.78018, 36.03964]}, "properties": {"crashes": 9, "injury": 5, "fatal": 0, "pedestrian": 0, "bicycle": 0, "density": 2.2, "year_range": "2014-2018"}}, {"type": "Feature", "geometry": {"type": "Point", "coordinates": [-79.684685, 36.057658]}, "properties": {"crashes": 1, "injury": 1, "fatal": 0, "pedestrian": 0, "bicycle": 0, "density": 0.2, "year_range": "2014-2018"}}, {"type": "Feature", "geometry": {"type": "Point", "coordinates": [-79.866667, 36.059459]}, "properties": {"crashes": 4, "injury": 0, "fatal": 0, "pedestrian": 0, "bicycle": 0, "density": 1.0, "year_range": "2014-2018"}}, {"type": "Feature", "geometry": {"type": "Point", "coordinates": [-79.836036, 36.055856]}, "properties": {"crashes": 3, "injury": 0, "fatal": 0, "pedestrian": 0, "bicycle": 0, "density": 0.8, "year_range": "2014-2018"}}, {"type": "Feature", "geometry": {"type": "Point", "coordinates": [-79.765766, 36.099099]}, "properties": {"crashes": 6, "injury": 1, "fatal": 0, "pedestrian": 0, "bicycle": 0, "density": 1.5, "year_range": "2014-2018"}}, {"type": "Feature", "geometry": {"type": "Point", "coordinates": [-79.927928, 36.079279]}, "properties": {"crashes": 2, "injury": 1, "fatal": 0, "pedestrian": 0, "bicycle": 0, "density": 0.5, "year_range": "2014-2018"}}, {"type": "Feature", "geometry": {"type": "Point", "coordinates": [-79.807207, 36.045045]}, "properties": {"crashes": 1, "injury": 0, "fatal": 0, "pedestrian": 0, "bicycle": 0, "density": 0.2, "year_range": "2014-2018"}}, {"type": "Feature", "geometry": {"type": "Point", "coordinates": [-79.767568, 36.057658]}, "properties": {"crashes": 4, "injury": 1, "fatal": 0, "pedestrian": 0, "bicycle": 0, "density": 1.0, "year_range": "2014-2018"}}, {"type": "Feature", "geometry": {"type": "Point", "coordinates": [-79.78018, 36.081081]}, "properties": {"crashes": 7, "injury": 1, "fatal": 0, "pedestrian": 0, "bicycle": 0, "density": 1.8, "year_range": "2014-2018"}}, {"type": "Feature", "geometry": {"type": "Point", "coordinates": [-79.774775, 36.091892]}, "properties": {"crashes": 2, "injury": 0, "fatal": 0, "pedestrian": 0, "bicycle": 0, "density": 0.5, "year_range": "2014-2018"}}, {"type": "Feature", "geometry": {"type": "Point", "coordinates": [-79.774775, 36.086486]}, "properties": {"crashes": 16, "injury": 3, "fatal": 0, "pedestrian": 0, "bicycle": 0, "density": 4.0, "year_range": "2014-2018"}}, {"type": "Feature", "geometry": {"type": "Point", "coordinates": [-79.762162, 36.124324]}, "properties": {"crashes": 6, "injury": 5, "fatal": 0, "pedestrian": 0, "bicycle": 0, "density": 1.5, "year_range": "2014-2018"}}, {"type": "Feature", "geometry": {"type": "Point", "coordinates": [-79.900901, 36.045045]}, "properties": {"crashes": 1, "injury": 0, "fatal": 0, "pedestrian": 0, "bicycle": 0, "density": 0.2, "year_range": "2014-2018"}}, {"type": "Feature", "geometry": {"type": "Point", "coordinates": [-79.836036, 36.064865]}, "properties": {"crashes": 7, "injury": 1, "fatal": 0, "pedestrian": 0, "bicycle": 0, "density": 1.8, "year_range": "2014-2018"}}, {"type": "Feature", "geometry": {"type": "Point", "coordinates": [-79.92973, 36.07027]}, "properties": {"crashes": 7, "injury": 3, "fatal": 0, "pedestrian": 0, "bicycle": 0, "density": 1.8, "year_range": "2014-2018"}}, {"type": "Feature", "geometry": {"type": "Point", "coordinates": [-79.8, 36.102703]}, "properties": {"crashes": 2, "injury": 1, "fatal": 0, "pedestrian": 0, "bicycle": 0, "density": 0.5, "year_range": "2014-2018"}}, {"type": "Feature", "geometry": {"type": "Point", "coordinates": [-79.821622, 36.027027]}, "properties": {"crashes": 3, "injury": 2, "fatal": 0, "pedestrian": 0, "bicycle": 0, "density": 0.8, "year_range": "2014-2018"}}, {"type": "Feature", "geometry": {"type": "Point", "coordinates": [-79.821622, 36.054054]}, "properties": {"crashes": 2, "injury": 0, "fatal": 0, "pedestrian": 0, "bicycle": 0, "density": 0.5, "year_range": "2014-2018"}}, {"type": "Feature", "geometry": {"type": "Point", "coordinates": [-79.796396, 36.108108]}, "properties": {"crashes": 3, "injury": 0, "fatal": 0, "pedestrian": 0, "bicycle": 0, "density": 0.8, "year_range": "2014-2018"}}, {"type": "Feature", "geometry": {"type": "Point", "coordinates": [-79.868468, 36.048649]}, "properties": {"crashes": 8, "injury": 1, "fatal": 0, "pedestrian": 0, "bicycle": 0, "density": 2.0, "year_range": "2014-2018"}}, {"type": "Feature", "geometry": {"type": "Point", "coordinates": [-79.801802, 36.081081]}, "properties": {"crashes": 3, "injury": 1, "fatal": 0, "pedestrian": 0, "bicycle": 0, "density": 0.8, "year_range": "2014-2018"}}, {"type": "Feature", "geometry": {"type": "Point", "coordinates": [-79.814414, 36.043243]}, "properties": {"crashes": 4, "injury": 3, "fatal": 0, "pedestrian": 0, "bicycle": 0, "density": 1.0, "year_range": "2014-2018"}}, {"type": "Feature", "geometry": {"type": "Point", "coordinates": [-79.884685, 36.059459]}, "properties": {"crashes": 21, "injury": 5, "fatal": 0, "pedestrian": 0, "bicycle": 0, "density": 5.2, "year_range": "2014-2018"}}, {"type": "Feature", "geometry": {"type": "Point", "coordinates": [-79.769369, 36.084685]}, "properties": {"crashes": 19, "injury": 11, "fatal": 0, "pedestrian": 0, "bicycle": 0, "density": 4.8, "year_range": "2014-2018"}}, {"type": "Feature", "geometry": {"type": "Point", "coordinates": [-79.801802, 36.032432]}, "properties": {"crashes": 32, "injury": 17, "fatal": 0, "pedestrian": 0, "bicycle": 0, "density": 8.0, "year_range": "2014-2018"}}, {"type": "Feature", "geometry": {"type": "Point", "coordinates": [-79.789189, 36.073874]}, "properties": {"crashes": 7, "injury": 1, "fatal": 0, "pedestrian": 0, "bicycle": 0, "density": 1.8, "year_range": "2014-2018"}}, {"type": "Feature", "geometry": {"type": "Point", "coordinates": [-79.958559, 36.07027]}, "properties": {"crashes": 2, "injury": 0, "fatal": 0, "pedestrian": 0, "bicycle": 0, "density": 0.5, "year_range": "2014-2018"}}, {"type": "Feature", "geometry": {"type": "Point", "coordinates": [-79.745946, 36.142342]}, "properties": {"crashes": 1, "injury": 0, "fatal": 0, "pedestrian": 0, "bicycle": 0, "density": 0.2, "year_range": "2014-2018"}}, {"type": "Feature", "geometry": {"type": "Point", "coordinates": [-79.861261, 36.07027]}, "properties": {"crashes": 3, "injury": 1, "fatal": 0, "pedestrian": 0, "bicycle": 0, "density": 0.8, "year_range": "2014-2018"}}, {"type": "Feature", "geometry": {"type": "Point", "coordinates": [-79.821622, 36.023423]}, "properties": {"crashes": 1, "injury": 0, "fatal": 0, "pedestrian": 0, "bicycle": 0, "density": 0.2, "year_range": "2014-2018"}}, {"type": "Feature", "geometry": {"type": "Point", "coordinates": [-79.933333, 36.081081]}, "properties": {"crashes": 1, "injury": 0, "fatal": 0, "pedestrian": 0, "bicycle": 0, "density": 0.2, "year_range": "2014-2018"}}, {"type": "Feature", "geometry": {"type": "Point", "coordinates": [-79.790991, 36.041441]}, "properties": {"crashes": 8, "injury": 6, "fatal": 0, "pedestrian": 0, "bicycle": 0, "density": 2.0, "year_range": "2014-2018"}}, {"type": "Feature", "geometry": {"type": "Point", "coordinates": [-79.926126, 36.088288]}, "properties": {"crashes": 3, "injury": 0, "fatal": 0, "pedestrian": 0, "bicycle": 0, "density": 0.8, "year_range": "2014-2018"}}, {"type": "Feature", "geometry": {"type": "Point", "coordinates": [-79.832432, 36.140541]}, "properties": {"crashes": 1, "injury": 0, "fatal": 0, "pedestrian": 0, "bicycle": 0, "density": 0.2, "year_range": "2014-2018"}}, {"type": "Feature", "geometry": {"type": "Point", "coordinates": [-79.814414, 36.088288]}, "properties": {"crashes": 10, "injury": 4, "fatal": 0, "pedestrian": 0, "bicycle": 0, "density": 2.5, "year_range": "2014-2018"}}, {"type": "Feature", "geometry": {"type": "Point", "coordinates": [-79.902703, 36.055856]}, "properties": {"crashes": 37, "injury": 15, "fatal": 0, "pedestrian": 0, "bicycle": 0, "density": 9.2, "year_range": "2014-2018"}}, {"type": "Feature", "geometry": {"type": "Point", "coordinates": [-79.789189, 36.086486]}, "properties": {"crashes": 5, "injury": 3, "fatal": 0, "pedestrian": 0, "bicycle": 0, "density": 1.2, "year_range": "2014-2018"}}, {"type": "Feature", "geometry": {"type": "Point", "coordinates": [-79.781982, 36.088288]}, "properties": {"crashes": 14, "injury": 5, "fatal": 0, "pedestrian": 0, "bicycle": 0, "density": 3.5, "year_range": "2014-2018"}}, {"type": "Feature", "geometry": {"type": "Point", "coordinates": [-79.763964, 36.084685]}, "properties": {"crashes": 6, "injury": 1, "fatal": 0, "pedestrian": 0, "bicycle": 0, "density": 1.5, "year_range": "2014-2018"}}, {"type": "Feature", "geometry": {"type": "Point", "coordinates": [-79.753153, 36.118919]}, "properties": {"crashes": 9, "injury": 5, "fatal": 0, "pedestrian": 0, "bicycle": 0, "density": 2.2, "year_range": "2014-2018"}}, {"type": "Feature", "geometry": {"type": "Point", "coordinates": [-79.76036, 36.086486]}, "properties": {"crashes": 8, "injury": 3, "fatal": 0, "pedestrian": 0, "bicycle": 0, "density": 2.0, "year_range": "2014-2018"}}, {"type": "Feature", "geometry": {"type": "Point", "coordinates": [-79.801802, 36.028829]}, "properties": {"crashes": 6, "injury": 2, "fatal": 0, "pedestrian": 0, "bicycle": 0, "density": 1.5, "year_range": "2014-2018"}}, {"type": "Feature", "geometry": {"type": "Point", "coordinates": [-79.771171, 36.052252]}, "properties": {"crashes": 1, "injury": 0, "fatal": 0, "pedestrian": 0, "bicycle": 0, "density": 0.2, "year_range": "2014-2018"}}, {"type": "Feature", "geometry": {"type": "Point", "coordinates": [-79.897297, 36.055856]}, "properties": {"crashes": 24, "injury": 9, "fatal": 0, "pedestrian": 0, "bicycle": 0, "density": 6.0, "year_range": "2014-2018"}}, {"type": "Feature", "geometry": {"type": "Point", "coordinates": [-79.832432, 36.055856]}, "properties": {"crashes": 6, "injury": 2, "fatal": 0, "pedestrian": 0, "bicycle": 0, "density": 1.5, "year_range": "2014-2018"}}, {"type": "Feature", "geometry": {"type": "Point", "coordinates": [-79.825225, 36.066667]}, "properties": {"crashes": 7, "injury": 1, "fatal": 0, "pedestrian": 0, "bicycle": 0, "density": 1.8, "year_range": "2014-2018"}}, {"type": "Feature", "geometry": {"type": "Point", "coordinates": [-79.888288, 36.09009]}, "properties": {"crashes": 24, "injury": 8, "fatal": 0, "pedestrian": 0, "bicycle": 0, "density": 6.0, "year_range": "2014-2018"}}, {"type": "Feature", "geometry": {"type": "Point", "coordinates": [-79.664865, 36.059459]}, "properties": {"crashes": 5, "injury": 0, "fatal": 0, "pedestrian": 0, "bicycle": 0, "density": 1.2, "year_range": "2014-2018"}}, {"type": "Feature", "geometry": {"type": "Point", "coordinates": [-79.877477, 36.09009]}, "properties": {"crashes": 1, "injury": 0, "fatal": 0, "pedestrian": 0, "bicycle": 0, "density": 0.2, "year_range": "2014-2018"}}, {"type": "Feature", "geometry": {"type": "Point", "coordinates": [-79.803604, 36.030631]}, "properties": {"crashes": 2, "injury": 2, "fatal": 0, "pedestrian": 0, "bicycle": 0, "density": 0.5, "year_range": "2014-2018"}}, {"type": "Feature", "geometry": {"type": "Point", "coordinates": [-79.846847, 36.01982]}, "properties": {"crashes": 9, "injury": 7, "fatal": 0, "pedestrian": 0, "bicycle": 0, "density": 2.2, "year_range": "2014-2018"}}, {"type": "Feature", "geometry": {"type": "Point", "coordinates": [-79.935135, 36.073874]}, "properties": {"crashes": 2, "injury": 1, "fatal": 0, "pedestrian": 0, "bicycle": 0, "density": 0.5, "year_range": "2014-2018"}}, {"type": "Feature", "geometry": {"type": "Point", "coordinates": [-79.801802, 36.025225]}, "properties": {"crashes": 3, "injury": 1, "fatal": 0, "pedestrian": 0, "bicycle": 0, "density": 0.8, "year_range": "2014-2018"}}, {"type": "Feature", "geometry": {"type": "Point", "coordinates": [-79.767568, 36.054054]}, "properties": {"crashes": 21, "injury": 14, "fatal": 0, "pedestrian": 0, "bicycle": 0, "density": 5.2, "year_range": "2014-2018"}}, {"type": "Feature", "geometry": {"type": "Point", "coordinates": [-79.900901, 36.054054]}, "properties": {"crashes": 8, "injury": 0, "fatal": 0, "pedestrian": 0, "bicycle": 0, "density": 2.0, "year_range": "2014-2018"}}, {"type": "Feature", "geometry": {"type": "Point", "coordinates": [-79.834234, 36.106306]}, "properties": {"crashes": 1, "injury": 1, "fatal": 0, "pedestrian": 0, "bicycle": 0, "density": 0.2, "year_range": "2014-2018"}}, {"type": "Feature", "geometry": {"type": "Point", "coordinates": [-79.801802, 36.073874]}, "properties": {"crashes": 10, "injury": 2, "fatal": 0, "pedestrian": 0, "bicycle": 0, "density": 2.5, "year_range": "2014-2018"}}, {"type": "Feature", "geometry": {"type": "Point", "coordinates": [-79.881081, 36.113514]}, "properties": {"crashes": 5, "injury": 0, "fatal": 0, "pedestrian": 0, "bicycle": 0, "density": 1.2, "year_range": "2014-2018"}}, {"type": "Feature", "geometry": {"type": "Point", "coordinates": [-79.763964, 36.099099]}, "properties": {"crashes": 7, "injury": 4, "fatal": 0, "pedestrian": 0, "bicycle": 0, "density": 1.8, "year_range": "2014-2018"}}, {"type": "Feature", "geometry": {"type": "Point", "coordinates": [-79.855856, 36.12973]}, "properties": {"crashes": 7, "injury": 2, "fatal": 0, "pedestrian": 0, "bicycle": 0, "density": 1.8, "year_range": "2014-2018"}}, {"type": "Feature", "geometry": {"type": "Point", "coordinates": [-79.872072, 36.082883]}, "properties": {"crashes": 1, "injury": 0, "fatal": 0, "pedestrian": 0, "bicycle": 0, "density": 0.2, "year_range": "2014-2018"}}, {"type": "Feature", "geometry": {"type": "Point", "coordinates": [-79.83964, 36.045045]}, "properties": {"crashes": 19, "injury": 6, "fatal": 0, "pedestrian": 0, "bicycle": 0, "density": 4.8, "year_range": "2014-2018"}}, {"type": "Feature", "geometry": {"type": "Point", "coordinates": [-79.96036, 36.093694]}, "properties": {"crashes": 2, "injury": 0, "fatal": 0, "pedestrian": 0, "bicycle": 0, "density": 0.5, "year_range": "2014-2018"}}, {"type": "Feature", "geometry": {"type": "Point", "coordinates": [-79.891892, 36.055856]}, "properties": {"crashes": 22, "injury": 6, "fatal": 0, "pedestrian": 0, "bicycle": 0, "density": 5.5, "year_range": "2014-2018"}}, {"type": "Feature", "geometry": {"type": "Point", "coordinates": [-79.96036, 36.082883]}, "properties": {"crashes": 8, "injury": 1, "fatal": 0, "pedestrian": 0, "bicycle": 0, "density": 2.0, "year_range": "2014-2018"}}, {"type": "Feature", "geometry": {"type": "Point", "coordinates": [-79.767568, 36.079279]}, "properties": {"crashes": 12, "injury": 5, "fatal": 0, "pedestrian": 0, "bicycle": 0, "density": 3.0, "year_range": "2014-2018"}}, {"type": "Feature", "geometry": {"type": "Point", "coordinates": [-79.816216, 36.075676]}, "properties": {"crashes": 3, "injury": 3, "fatal": 0, "pedestrian": 0, "bicycle": 0, "density": 0.8, "year_range": "2014-2018"}}, {"type": "Feature", "geometry": {"type": "Point", "coordinates": [-79.864865, 36.140541]}, "properties": {"crashes": 6, "injury": 3, "fatal": 0, "pedestrian": 0, "bicycle": 0, "density": 1.5, "year_range": "2014-2018"}}, {"type": "Feature", "geometry": {"type": "Point", "coordinates": [-79.765766, 36.126126]}, "properties": {"crashes": 1, "injury": 0, "fatal": 0, "pedestrian": 0, "bicycle": 0, "density": 0.2, "year_range": "2014-2018"}}, {"type": "Feature", "geometry": {"type": "Point", "coordinates": [-79.913514, 36.055856]}, "properties": {"crashes": 3, "injury": 2, "fatal": 0, "pedestrian": 0, "bicycle": 0, "density": 0.8, "year_range": "2014-2018"}}, {"type": "Feature", "geometry": {"type": "Point", "coordinates": [-79.83964, 36.086486]}, "properties": {"crashes": 7, "injury": 2, "fatal": 0, "pedestrian": 0, "bicycle": 0, "density": 1.8, "year_range": "2014-2018"}}, {"type": "Feature", "geometry": {"type": "Point", "coordinates": [-79.81982, 36.104505]}, "properties": {"crashes": 11, "injury": 4, "fatal": 0, "pedestrian": 0, "bicycle": 0, "density": 2.8, "year_range": "2014-2018"}}, {"type": "Feature", "geometry": {"type": "Point", "coordinates": [-79.837838, 36.136937]}, "properties": {"crashes": 1, "injury": 0, "fatal": 0, "pedestrian": 0, "bicycle": 0, "density": 0.2, "year_range": "2014-2018"}}, {"type": "Feature", "geometry": {"type": "Point", "coordinates": [-79.745946, 36.127928]}, "properties": {"crashes": 5, "injury": 3, "fatal": 0, "pedestrian": 0, "bicycle": 0, "density": 1.2, "year_range": "2014-2018"}}, {"type": "Feature", "geometry": {"type": "Point", "coordinates": [-79.745946, 36.088288]}, "properties": {"crashes": 8, "injury": 7, "fatal": 0, "pedestrian": 0, "bicycle": 0, "density": 2.0, "year_range": "2014-2018"}}, {"type": "Feature", "geometry": {"type": "Point", "coordinates": [-79.731532, 36.025225]}, "properties": {"crashes": 1, "injury": 1, "fatal": 0, "pedestrian": 0, "bicycle": 0, "density": 0.2, "year_range": "2014-2018"}}, {"type": "Feature", "geometry": {"type": "Point", "coordinates": [-79.836036, 36.043243]}, "properties": {"crashes": 2, "injury": 0, "fatal": 0, "pedestrian": 0, "bicycle": 0, "density": 0.5, "year_range": "2014-2018"}}, {"type": "Feature", "geometry": {"type": "Point", "coordinates": [-79.756757, 36.084685]}, "properties": {"crashes": 14, "injury": 4, "fatal": 0, "pedestrian": 0, "bicycle": 0, "density": 3.5, "year_range": "2014-2018"}}, {"type": "Feature", "geometry": {"type": "Point", "coordinates": [-79.790991, 36.07027]}, "properties": {"crashes": 10, "injury": 4, "fatal": 0, "pedestrian": 0, "bicycle": 0, "density": 2.5, "year_range": "2014-2018"}}, {"type": "Feature", "geometry": {"type": "Point", "coordinates": [-79.89009, 36.054054]}, "properties": {"crashes": 5, "injury": 1, "fatal": 0, "pedestrian": 0, "bicycle": 0, "density": 1.2, "year_range": "2014-2018"}}, {"type": "Feature", "geometry": {"type": "Point", "coordinates": [-79.789189, 36.127928]}, "properties": {"crashes": 7, "injury": 2, "fatal": 0, "pedestrian": 0, "bicycle": 0, "density": 1.8, "year_range": "2014-2018"}}, {"type": "Feature", "geometry": {"type": "Point", "coordinates": [-79.884685, 36.084685]}, "properties": {"crashes": 1, "injury": 0, "fatal": 0, "pedestrian": 0, "bicycle": 0, "density": 0.2, "year_range": "2014-2018"}}, {"type": "Feature", "geometry": {"type": "Point", "coordinates": [-79.863063, 36.036036]}, "properties": {"crashes": 13, "injury": 3, "fatal": 0, "pedestrian": 0, "bicycle": 0, "density": 3.2, "year_range": "2014-2018"}}, {"type": "Feature", "geometry": {"type": "Point", "coordinates": [-79.789189, 36.036036]}, "properties": {"crashes": 11, "injury": 5, "fatal": 0, "pedestrian": 0, "bicycle": 0, "density": 2.8, "year_range": "2014-2018"}}, {"type": "Feature", "geometry": {"type": "Point", "coordinates": [-79.881081, 36.131532]}, "properties": {"crashes": 1, "injury": 0, "fatal": 0, "pedestrian": 0, "bicycle": 0, "density": 0.2, "year_range": "2014-2018"}}, {"type": "Feature", "geometry": {"type": "Point", "coordinates": [-79.765766, 36.086486]}, "properties": {"crashes": 5, "injury": 1, "fatal": 0, "pedestrian": 0, "bicycle": 0, "density": 1.2, "year_range": "2014-2018"}}, {"type": "Feature", "geometry": {"type": "Point", "coordinates": [-79.886486, 36.059459]}, "properties": {"crashes": 14, "injury": 5, "fatal": 0, "pedestrian": 0, "bicycle": 0, "density": 3.5, "year_range": "2014-2018"}}, {"type": "Feature", "geometry": {"type": "Point", "coordinates": [-79.834234, 36.142342]}, "properties": {"crashes": 4, "injury": 2, "fatal": 0, "pedestrian": 0, "bicycle": 0, "density": 1.0, "year_range": "2014-2018"}}, {"type": "Feature", "geometry": {"type": "Point", "coordinates": [-79.794595, 36.073874]}, "properties": {"crashes": 15, "injury": 3, "fatal": 0, "pedestrian": 0, "bicycle": 0, "density": 3.8, "year_range": "2014-2018"}}, {"type": "Feature", "geometry": {"type": "Point", "coordinates": [-79.778378, 36.041441]}, "properties": {"crashes": 27, "injury": 12, "fatal": 0, "pedestrian": 0, "bicycle": 0, "density": 6.8, "year_range": "2014-2018"}}, {"type": "Feature", "geometry": {"type": "Point", "coordinates": [-79.801802, 36.030631]}, "properties": {"crashes": 35, "injury": 24, "fatal": 0, "pedestrian": 0, "bicycle": 0, "density": 8.8, "year_range": "2014-2018"}}, {"type": "Feature", "geometry": {"type": "Point", "coordinates": [-79.747748, 36.126126]}, "properties": {"crashes": 6, "injury": 3, "fatal": 0, "pedestrian": 0, "bicycle": 0, "density": 1.5, "year_range": "2014-2018"}}, {"type": "Feature", "geometry": {"type": "Point", "coordinates": [-79.825225, 36.118919]}, "properties": {"crashes": 5, "injury": 1, "fatal": 0, "pedestrian": 0, "bicycle": 0, "density": 1.2, "year_range": "2014-2018"}}, {"type": "Feature", "geometry": {"type": "Point", "coordinates": [-79.899099, 36.073874]}, "properties": {"crashes": 6, "injury": 1, "fatal": 0, "pedestrian": 0, "bicycle": 0, "density": 1.5, "year_range": "2014-2018"}}, {"type": "Feature", "geometry": {"type": "Point", "coordinates": [-79.965766, 36.100901]}, "properties": {"crashes": 2, "injury": 2, "fatal": 0, "pedestrian": 0, "bicycle": 0, "density": 0.5, "year_range": "2014-2018"}}, {"type": "Feature", "geometry": {"type": "Point", "coordinates": [-79.798198, 36.052252]}, "properties": {"crashes": 7, "injury": 5, "fatal": 0, "pedestrian": 0, "bicycle": 0, "density": 1.8, "year_range": "2014-2018"}}, {"type": "Feature", "geometry": {"type": "Point", "coordinates": [-79.924324, 36.066667]}, "properties": {"crashes": 1, "injury": 1, "fatal": 0, "pedestrian": 0, "bicycle": 0, "density": 0.2, "year_range": "2014-2018"}}, {"type": "Feature", "geometry": {"type": "Point", "coordinates": [-79.848649, 36.088288]}, "properties": {"crashes": 2, "injury": 0, "fatal": 0, "pedestrian": 0, "bicycle": 0, "density": 0.5, "year_range": "2014-2018"}}, {"type": "Feature", "geometry": {"type": "Point", "coordinates": [-79.823423, 36.084685]}, "properties": {"crashes": 3, "injury": 0, "fatal": 0, "pedestrian": 0, "bicycle": 0, "density": 0.8, "year_range": "2014-2018"}}, {"type": "Feature", "geometry": {"type": "Point", "coordinates": [-79.790991, 36.048649]}, "properties": {"crashes": 11, "injury": 4, "fatal": 0, "pedestrian": 0, "bicycle": 0, "density": 2.8, "year_range": "2014-2018"}}, {"type": "Feature", "geometry": {"type": "Point", "coordinates": [-79.841441, 36.118919]}, "properties": {"crashes": 5, "injury": 2, "fatal": 0, "pedestrian": 0, "bicycle": 0, "density": 1.2, "year_range": "2014-2018"}}, {"type": "Feature", "geometry": {"type": "Point", "coordinates": [-79.767568, 36.088288]}, "properties": {"crashes": 33, "injury": 15, "fatal": 0, "pedestrian": 0, "bicycle": 0, "density": 8.2, "year_range": "2014-2018"}}, {"type": "Feature", "geometry": {"type": "Point", "coordinates": [-79.845045, 36.064865]}, "properties": {"crashes": 8, "injury": 2, "fatal": 0, "pedestrian": 0, "bicycle": 0, "density": 2.0, "year_range": "2014-2018"}}, {"type": "Feature", "geometry": {"type": "Point", "coordinates": [-79.805405, 36.066667]}, "properties": {"crashes": 10, "injury": 4, "fatal": 0, "pedestrian": 0, "bicycle": 0, "density": 2.5, "year_range": "2014-2018"}}, {"type": "Feature", "geometry": {"type": "Point", "coordinates": [-79.771171, 36.099099]}, "properties": {"crashes": 1, "injury": 0, "fatal": 0, "pedestrian": 0, "bicycle": 0, "density": 0.2, "year_range": "2014-2018"}}, {"type": "Feature", "geometry": {"type": "Point", "coordinates": [-79.810811, 36.088288]}, "properties": {"crashes": 1, "injury": 0, "fatal": 0, "pedestrian": 0, "bicycle": 0, "density": 0.2, "year_range": "2014-2018"}}, {"type": "Feature", "geometry": {"type": "Point", "coordinates": [-79.785586, 36.059459]}, "properties": {"crashes": 4, "injury": 2, "fatal": 0, "pedestrian": 0, "bicycle": 0, "density": 1.0, "year_range": "2014-2018"}}, {"type": "Feature", "geometry": {"type": "Point", "coordinates": [-79.830631, 36.120721]}, "properties": {"crashes": 1, "injury": 0, "fatal": 0, "pedestrian": 0, "bicycle": 0, "density": 0.2, "year_range": "2014-2018"}}, {"type": "Feature", "geometry": {"type": "Point", "coordinates": [-79.756757, 36.063063]}, "properties": {"crashes": 8, "injury": 5, "fatal": 0, "pedestrian": 0, "bicycle": 0, "density": 2.0, "year_range": "2014-2018"}}, {"type": "Feature", "geometry": {"type": "Point", "coordinates": [-79.778378, 36.133333]}, "properties": {"crashes": 1, "injury": 0, "fatal": 0, "pedestrian": 0, "bicycle": 0, "density": 0.2, "year_range": "2014-2018"}}, {"type": "Feature", "geometry": {"type": "Point", "coordinates": [-79.816216, 36.063063]}, "properties": {"crashes": 18, "injury": 2, "fatal": 0, "pedestrian": 0, "bicycle": 0, "density": 4.5, "year_range": "2014-2018"}}, {"type": "Feature", "geometry": {"type": "Point", "coordinates": [-79.96036, 36.081081]}, "properties": {"crashes": 34, "injury": 11, "fatal": 0, "pedestrian": 0, "bicycle": 0, "density": 8.5, "year_range": "2014-2018"}}, {"type": "Feature", "geometry": {"type": "Point", "coordinates": [-79.828829, 36.084685]}, "properties": {"crashes": 9, "injury": 2, "fatal": 0, "pedestrian": 0, "bicycle": 0, "density": 2.2, "year_range": "2014-2018"}}, {"type": "Feature", "geometry": {"type": "Point", "coordinates": [-79.778378, 36.082883]}, "properties": {"crashes": 9, "injury": 4, "fatal": 0, "pedestrian": 0, "bicycle": 0, "density": 2.2, "year_range": "2014-2018"}}, {"type": "Feature", "geometry": {"type": "Point", "coordinates": [-79.818018, 36.097297]}, "properties": {"crashes": 39, "injury": 16, "fatal": 0, "pedestrian": 0, "bicycle": 0, "density": 9.8, "year_range": "2014-2018"}}, {"type": "Feature", "geometry": {"type": "Point", "coordinates": [-79.785586, 36.061261]}, "properties": {"crashes": 3, "injury": 1, "fatal": 0, "pedestrian": 0, "bicycle": 0, "density": 0.8, "year_range": "2014-2018"}}, {"type": "Feature", "geometry": {"type": "Point", "coordinates": [-79.762162, 36.079279]}, "properties": {"crashes": 1, "injury": 1, "fatal": 0, "pedestrian": 0, "bicycle": 0, "density": 0.2, "year_range": "2014-2018"}}, {"type": "Feature", "geometry": {"type": "Point", "coordinates": [-79.803604, 36.082883]}, "properties": {"crashes": 5, "injury": 0, "fatal": 0, "pedestrian": 0, "bicycle": 0, "density": 1.2, "year_range": "2014-2018"}}, {"type": "Feature", "geometry": {"type": "Point", "coordinates": [-79.936937, 36.073874]}, "properties": {"crashes": 3, "injury": 2, "fatal": 0, "pedestrian": 0, "bicycle": 0, "density": 0.8, "year_range": "2014-2018"}}, {"type": "Feature", "geometry": {"type": "Point", "coordinates": [-79.753153, 36.113514]}, "properties": {"crashes": 15, "injury": 5, "fatal": 0, "pedestrian": 0, "bicycle": 0, "density": 3.8, "year_range": "2014-2018"}}, {"type": "Feature", "geometry": {"type": "Point", "coordinates": [-79.74955, 36.113514]}, "properties": {"crashes": 5, "injury": 2, "fatal": 0, "pedestrian": 0, "bicycle": 0, "density": 1.2, "year_range": "2014-2018"}}, {"type": "Feature", "geometry": {"type": "Point", "coordinates": [-79.803604, 36.016216]}, "properties": {"crashes": 14, "injury": 8, "fatal": 0, "pedestrian": 0, "bicycle": 0, "density": 3.5, "year_range": "2014-2018"}}, {"type": "Feature", "geometry": {"type": "Point", "coordinates": [-79.814414, 36.091892]}, "properties": {"crashes": 22, "injury": 8, "fatal": 0, "pedestrian": 0, "bicycle": 0, "density": 5.5, "year_range": "2014-2018"}}, {"type": "Feature", "geometry": {"type": "Point", "coordinates": [-79.825225, 36.16036]}, "properties": {"crashes": 2, "injury": 1, "fatal": 0, "pedestrian": 0, "bicycle": 0, "density": 0.5, "year_range": "2014-2018"}}, {"type": "Feature", "geometry": {"type": "Point", "coordinates": [-79.825225, 36.063063]}, "properties": {"crashes": 11, "injury": 1, "fatal": 0, "pedestrian": 0, "bicycle": 0, "density": 2.8, "year_range": "2014-2018"}}, {"type": "Feature", "geometry": {"type": "Point", "coordinates": [-79.832432, 36.158559]}, "properties": {"crashes": 4, "injury": 0, "fatal": 0, "pedestrian": 0, "bicycle": 0, "density": 1.0, "year_range": "2014-2018"}}, {"type": "Feature", "geometry": {"type": "Point", "coordinates": [-79.958559, 36.073874]}, "properties": {"crashes": 10, "injury": 5, "fatal": 0, "pedestrian": 0, "bicycle": 0, "density": 2.5, "year_range": "2014-2018"}}, {"type": "Feature", "geometry": {"type": "Point", "coordinates": [-79.78018, 36.102703]}, "properties": {"crashes": 2, "injury": 0, "fatal": 0, "pedestrian": 0, "bicycle": 0, "density": 0.5, "year_range": "2014-2018"}}, {"type": "Feature", "geometry": {"type": "Point", "coordinates": [-79.8, 36.131532]}, "properties": {"crashes": 9, "injury": 5, "fatal": 0, "pedestrian": 0, "bicycle": 0, "density": 2.2, "year_range": "2014-2018"}}, {"type": "Feature", "geometry": {"type": "Point", "coordinates": [-79.720721, 36.163964]}, "properties": {"crashes": 4, "injury": 2, "fatal": 0, "pedestrian": 0, "bicycle": 0, "density": 1.0, "year_range": "2014-2018"}}, {"type": "Feature", "geometry": {"type": "Point", "coordinates": [-79.87027, 36.055856]}, "properties": {"crashes": 1, "injury": 0, "fatal": 0, "pedestrian": 0, "bicycle": 0, "density": 0.2, "year_range": "2014-2018"}}, {"type": "Feature", "geometry": {"type": "Point", "coordinates": [-79.857658, 36.12973]}, "properties": {"crashes": 5, "injury": 0, "fatal": 0, "pedestrian": 0, "bicycle": 0, "density": 1.2, "year_range": "2014-2018"}}, {"type": "Feature", "geometry": {"type": "Point", "coordinates": [-79.843243, 36.061261]}, "properties": {"crashes": 8, "injury": 1, "fatal": 0, "pedestrian": 0, "bicycle": 0, "density": 2.0, "year_range": "2014-2018"}}, {"type": "Feature", "geometry": {"type": "Point", "coordinates": [-79.962162, 36.086486]}, "properties": {"crashes": 5, "injury": 2, "fatal": 0, "pedestrian": 0, "bicycle": 0, "density": 1.2, "year_range": "2014-2018"}}, {"type": "Feature", "geometry": {"type": "Point", "coordinates": [-79.765766, 36.068468]}, "properties": {"crashes": 2, "injury": 1, "fatal": 0, "pedestrian": 0, "bicycle": 0, "density": 0.5, "year_range": "2014-2018"}}, {"type": "Feature", "geometry": {"type": "Point", "coordinates": [-79.798198, 36.064865]}, "properties": {"crashes": 9, "injury": 3, "fatal": 0, "pedestrian": 0, "bicycle": 0, "density": 2.2, "year_range": "2014-2018"}}, {"type": "Feature", "geometry": {"type": "Point", "coordinates": [-79.762162, 36.104505]}, "properties": {"crashes": 6, "injury": 2, "fatal": 0, "pedestrian": 0, "bicycle": 0, "density": 1.5, "year_range": "2014-2018"}}, {"type": "Feature", "geometry": {"type": "Point", "coordinates": [-79.794595, 36.077477]}, "properties": {"crashes": 8, "injury": 2, "fatal": 0, "pedestrian": 0, "bicycle": 0, "density": 2.0, "year_range": "2014-2018"}}, {"type": "Feature", "geometry": {"type": "Point", "coordinates": [-79.827027, 36.108108]}, "properties": {"crashes": 20, "injury": 7, "fatal": 0, "pedestrian": 0, "bicycle": 0, "density": 5.0, "year_range": "2014-2018"}}, {"type": "Feature", "geometry": {"type": "Point", "coordinates": [-79.816216, 36.043243]}, "properties": {"crashes": 16, "injury": 3, "fatal": 0, "pedestrian": 0, "bicycle": 0, "density": 4.0, "year_range": "2014-2018"}}, {"type": "Feature", "geometry": {"type": "Point", "coordinates": [-79.776577, 36.084685]}, "properties": {"crashes": 24, "injury": 9, "fatal": 0, "pedestrian": 0, "bicycle": 0, "density": 6.0, "year_range": "2014-2018"}}, {"type": "Feature", "geometry": {"type": "Point", "coordinates": [-79.70991, 36.086486]}, "properties": {"crashes": 5, "injury": 4, "fatal": 0, "pedestrian": 0, "bicycle": 0, "density": 1.2, "year_range": "2014-2018"}}, {"type": "Feature", "geometry": {"type": "Point", "coordinates": [-79.998198, 36.100901]}, "properties": {"crashes": 1, "injury": 0, "fatal": 0, "pedestrian": 0, "bicycle": 0, "density": 0.2, "year_range": "2014-2018"}}, {"type": "Feature", "geometry": {"type": "Point", "coordinates": [-79.765766, 36.108108]}, "properties": {"crashes": 11, "injury": 4, "fatal": 0, "pedestrian": 0, "bicycle": 0, "density": 2.8, "year_range": "2014-2018"}}, {"type": "Feature", "geometry": {"type": "Point", "coordinates": [-79.841441, 36.055856]}, "properties": {"crashes": 2, "injury": 0, "fatal": 0, "pedestrian": 0, "bicycle": 0, "density": 0.5, "year_range": "2014-2018"}}, {"type": "Feature", "geometry": {"type": "Point", "coordinates": [-79.895495, 36.095495]}, "properties": {"crashes": 1, "injury": 1, "fatal": 0, "pedestrian": 0, "bicycle": 0, "density": 0.2, "year_range": "2014-2018"}}, {"type": "Feature", "geometry": {"type": "Point", "coordinates": [-79.918919, 36.057658]}, "properties": {"crashes": 1, "injury": 1, "fatal": 0, "pedestrian": 0, "bicycle": 0, "density": 0.2, "year_range": "2014-2018"}}, {"type": "Feature", "geometry": {"type": "Point", "coordinates": [-79.866667, 36.0]}, "properties": {"crashes": 1, "injury": 0, "fatal": 0, "pedestrian": 0, "bicycle": 0, "density": 0.2, "year_range": "2014-2018"}}, {"type": "Feature", "geometry": {"type": "Point", "coordinates": [-79.825225, 36.140541]}, "properties": {"crashes": 1, "injury": 0, "fatal": 0, "pedestrian": 0, "bicycle": 0, "density": 0.2, "year_range": "2014-2018"}}, {"type": "Feature", "geometry": {"type": "Point", "coordinates": [-79.92973, 36.082883]}, "properties": {"crashes": 1, "injury": 0, "fatal": 0, "pedestrian": 0, "bicycle": 0, "density": 0.2, "year_range": "2014-2018"}}, {"type": "Feature", "geometry": {"type": "Point", "coordinates": [-79.787387, 36.072072]}, "properties": {"crashes": 6, "injury": 4, "fatal": 0, "pedestrian": 0, "bicycle": 0, "density": 1.5, "year_range": "2014-2018"}}, {"type": "Feature", "geometry": {"type": "Point", "coordinates": [-79.828829, 36.10991]}, "properties": {"crashes": 11, "injury": 2, "fatal": 0, "pedestrian": 0, "bicycle": 0, "density": 2.8, "year_range": "2014-2018"}}, {"type": "Feature", "geometry": {"type": "Point", "coordinates": [-79.771171, 36.041441]}, "properties": {"crashes": 5, "injury": 1, "fatal": 0, "pedestrian": 0, "bicycle": 0, "density": 1.2, "year_range": "2014-2018"}}, {"type": "Feature", "geometry": {"type": "Point", "coordinates": [-79.965766, 36.093694]}, "properties": {"crashes": 5, "injury": 3, "fatal": 0, "pedestrian": 0, "bicycle": 0, "density": 1.2, "year_range": "2014-2018"}}, {"type": "Feature", "geometry": {"type": "Point", "coordinates": [-79.751351, 36.113514]}, "properties": {"crashes": 2, "injury": 0, "fatal": 0, "pedestrian": 0, "bicycle": 0, "density": 0.5, "year_range": "2014-2018"}}, {"type": "Feature", "geometry": {"type": "Point", "coordinates": [-79.794595, 36.127928]}, "properties": {"crashes": 1, "injury": 0, "fatal": 0, "pedestrian": 0, "bicycle": 0, "density": 0.2, "year_range": "2014-2018"}}, {"type": "Feature", "geometry": {"type": "Point", "coordinates": [-79.87027, 36.073874]}, "properties": {"crashes": 3, "injury": 1, "fatal": 0, "pedestrian": 0, "bicycle": 0, "density": 0.8, "year_range": "2014-2018"}}, {"type": "Feature", "geometry": {"type": "Point", "coordinates": [-79.832432, 36.084685]}, "properties": {"crashes": 21, "injury": 2, "fatal": 0, "pedestrian": 0, "bicycle": 0, "density": 5.2, "year_range": "2014-2018"}}, {"type": "Feature", "geometry": {"type": "Point", "coordinates": [-80.003604, 36.095495]}, "properties": {"crashes": 4, "injury": 1, "fatal": 0, "pedestrian": 0, "bicycle": 0, "density": 1.0, "year_range": "2014-2018"}}, {"type": "Feature", "geometry": {"type": "Point", "coordinates": [-79.81982, 36.102703]}, "properties": {"crashes": 5, "injury": 0, "fatal": 0, "pedestrian": 0, "bicycle": 0, "density": 1.2, "year_range": "2014-2018"}}, {"type": "Feature", "geometry": {"type": "Point", "coordinates": [-79.762162, 36.108108]}, "properties": {"crashes": 4, "injury": 1, "fatal": 0, "pedestrian": 0, "bicycle": 0, "density": 1.0, "year_range": "2014-2018"}}, {"type": "Feature", "geometry": {"type": "Point", "coordinates": [-79.762162, 36.126126]}, "properties": {"crashes": 2, "injury": 1, "fatal": 0, "pedestrian": 0, "bicycle": 0, "density": 0.5, "year_range": "2014-2018"}}, {"type": "Feature", "geometry": {"type": "Point", "coordinates": [-79.879279, 36.113514]}, "properties": {"crashes": 9, "injury": 3, "fatal": 0, "pedestrian": 0, "bicycle": 0, "density": 2.2, "year_range": "2014-2018"}}, {"type": "Feature", "geometry": {"type": "Point", "coordinates": [-79.861261, 36.036036]}, "properties": {"crashes": 13, "injury": 4, "fatal": 0, "pedestrian": 0, "bicycle": 0, "density": 3.2, "year_range": "2014-2018"}}, {"type": "Feature", "geometry": {"type": "Point", "coordinates": [-79.85045, 36.037838]}, "properties": {"crashes": 4, "injury": 3, "fatal": 0, "pedestrian": 0, "bicycle": 0, "density": 1.0, "year_range": "2014-2018"}}, {"type": "Feature", "geometry": {"type": "Point", "coordinates": [-79.801802, 36.014414]}, "properties": {"crashes": 4, "injury": 1, "fatal": 0, "pedestrian": 0, "bicycle": 0, "density": 1.0, "year_range": "2014-2018"}}, {"type": "Feature", "geometry": {"type": "Point", "coordinates": [-79.834234, 36.084685]}, "properties": {"crashes": 6, "injury": 0, "fatal": 0, "pedestrian": 0, "bicycle": 0, "density": 1.5, "year_range": "2014-2018"}}, {"type": "Feature", "geometry": {"type": "Point", "coordinates": [-79.828829, 36.03964]}, "properties": {"crashes": 7, "injury": 3, "fatal": 0, "pedestrian": 0, "bicycle": 0, "density": 1.8, "year_range": "2014-2018"}}, {"type": "Feature", "geometry": {"type": "Point", "coordinates": [-79.81982, 36.10991]}, "properties": {"crashes": 9, "injury": 2, "fatal": 0, "pedestrian": 0, "bicycle": 0, "density": 2.2, "year_range": "2014-2018"}}, {"type": "Feature", "geometry": {"type": "Point", "coordinates": [-79.89009, 36.057658]}, "properties": {"crashes": 59, "injury": 21, "fatal": 0, "pedestrian": 0, "bicycle": 0, "density": 14.8, "year_range": "2014-2018"}}, {"type": "Feature", "geometry": {"type": "Point", "coordinates": [-79.863063, 36.048649]}, "properties": {"crashes": 1, "injury": 1, "fatal": 0, "pedestrian": 0, "bicycle": 0, "density": 0.2, "year_range": "2014-2018"}}, {"type": "Feature", "geometry": {"type": "Point", "coordinates": [-79.758559, 36.113514]}, "properties": {"crashes": 14, "injury": 7, "fatal": 0, "pedestrian": 0, "bicycle": 0, "density": 3.5, "year_range": "2014-2018"}}, {"type": "Feature", "geometry": {"type": "Point", "coordinates": [-79.796396, 36.07027]}, "properties": {"crashes": 5, "injury": 2, "fatal": 0, "pedestrian": 0, "bicycle": 0, "density": 1.2, "year_range": "2014-2018"}}, {"type": "Feature", "geometry": {"type": "Point", "coordinates": [-79.881081, 36.088288]}, "properties": {"crashes": 2, "injury": 1, "fatal": 0, "pedestrian": 0, "bicycle": 0, "density": 0.5, "year_range": "2014-2018"}}, {"type": "Feature", "geometry": {"type": "Point", "coordinates": [-79.861261, 36.037838]}, "properties": {"crashes": 19, "injury": 9, "fatal": 0, "pedestrian": 0, "bicycle": 0, "density": 4.8, "year_range": "2014-2018"}}, {"type": "Feature", "geometry": {"type": "Point", "coordinates": [-79.816216, 36.034234]}, "properties": {"crashes": 7, "injury": 1, "fatal": 0, "pedestrian": 0, "bicycle": 0, "density": 1.8, "year_range": "2014-2018"}}, {"type": "Feature", "geometry": {"type": "Point", "coordinates": [-79.866667, 36.091892]}, "properties": {"crashes": 1, "injury": 0, "fatal": 0, "pedestrian": 0, "bicycle": 0, "density": 0.2, "year_range": "2014-2018"}}, {"type": "Feature", "geometry": {"type": "Point", "coordinates": [-79.809009, 36.05045]}, "properties": {"crashes": 1, "injury": 0, "fatal": 0, "pedestrian": 0, "bicycle": 0, "density": 0.2, "year_range": "2014-2018"}}, {"type": "Feature", "geometry": {"type": "Point", "coordinates": [-79.821622, 36.003604]}, "properties": {"crashes": 3, "injury": 0, "fatal": 0, "pedestrian": 0, "bicycle": 0, "density": 0.8, "year_range": "2014-2018"}}, {"type": "Feature", "geometry": {"type": "Point", "coordinates": [-79.845045, 36.12973]}, "properties": {"crashes": 1, "injury": 0, "fatal": 0, "pedestrian": 0, "bicycle": 0, "density": 0.2, "year_range": "2014-2018"}}, {"type": "Feature", "geometry": {"type": "Point", "coordinates": [-79.790991, 36.036036]}, "properties": {"crashes": 37, "injury": 21, "fatal": 0, "pedestrian": 0, "bicycle": 0, "density": 9.2, "year_range": "2014-2018"}}, {"type": "Feature", "geometry": {"type": "Point", "coordinates": [-79.783784, 36.0]}, "properties": {"crashes": 5, "injury": 1, "fatal": 0, "pedestrian": 0, "bicycle": 0, "density": 1.2, "year_range": "2014-2018"}}, {"type": "Feature", "geometry": {"type": "Point", "coordinates": [-79.823423, 36.063063]}, "properties": {"crashes": 13, "injury": 7, "fatal": 0, "pedestrian": 0, "bicycle": 0, "density": 3.2, "year_range": "2014-2018"}}, {"type": "Feature", "geometry": {"type": "Point", "coordinates": [-79.891892, 36.093694]}, "properties": {"crashes": 2, "injury": 0, "fatal": 0, "pedestrian": 0, "bicycle": 0, "density": 0.5, "year_range": "2014-2018"}}, {"type": "Feature", "geometry": {"type": "Point", "coordinates": [-79.762162, 36.102703]}, "properties": {"crashes": 3, "injury": 1, "fatal": 0, "pedestrian": 0, "bicycle": 0, "density": 0.8, "year_range": "2014-2018"}}, {"type": "Feature", "geometry": {"type": "Point", "coordinates": [-79.823423, 36.131532]}, "properties": {"crashes": 1, "injury": 0, "fatal": 0, "pedestrian": 0, "bicycle": 0, "density": 0.2, "year_range": "2014-2018"}}, {"type": "Feature", "geometry": {"type": "Point", "coordinates": [-79.747748, 36.084685]}, "properties": {"crashes": 3, "injury": 3, "fatal": 0, "pedestrian": 0, "bicycle": 0, "density": 0.8, "year_range": "2014-2018"}}, {"type": "Feature", "geometry": {"type": "Point", "coordinates": [-79.778378, 36.072072]}, "properties": {"crashes": 3, "injury": 0, "fatal": 0, "pedestrian": 0, "bicycle": 0, "density": 0.8, "year_range": "2014-2018"}}, {"type": "Feature", "geometry": {"type": "Point", "coordinates": [-79.911712, 36.057658]}, "properties": {"crashes": 2, "injury": 0, "fatal": 0, "pedestrian": 0, "bicycle": 0, "density": 0.5, "year_range": "2014-2018"}}, {"type": "Feature", "geometry": {"type": "Point", "coordinates": [-79.855856, 36.059459]}, "properties": {"crashes": 12, "injury": 3, "fatal": 0, "pedestrian": 0, "bicycle": 0, "density": 3.0, "year_range": "2014-2018"}}, {"type": "Feature", "geometry": {"type": "Point", "coordinates": [-79.828829, 36.057658]}, "properties": {"crashes": 11, "injury": 4, "fatal": 0, "pedestrian": 0, "bicycle": 0, "density": 2.8, "year_range": "2014-2018"}}, {"type": "Feature", "geometry": {"type": "Point", "coordinates": [-79.787387, 36.09009]}, "properties": {"crashes": 8, "injury": 1, "fatal": 0, "pedestrian": 0, "bicycle": 0, "density": 2.0, "year_range": "2014-2018"}}, {"type": "Feature", "geometry": {"type": "Point", "coordinates": [-79.818018, 36.063063]}, "properties": {"crashes": 6, "injury": 1, "fatal": 0, "pedestrian": 0, "bicycle": 0, "density": 1.5, "year_range": "2014-2018"}}, {"type": "Feature", "geometry": {"type": "Point", "coordinates": [-79.776577, 36.09009]}, "properties": {"crashes": 3, "injury": 1, "fatal": 0, "pedestrian": 0, "bicycle": 0, "density": 0.8, "year_range": "2014-2018"}}, {"type": "Feature", "geometry": {"type": "Point", "coordinates": [-79.816216, 36.064865]}, "properties": {"crashes": 23, "injury": 9, "fatal": 0, "pedestrian": 0, "bicycle": 0, "density": 5.8, "year_range": "2014-2018"}}, {"type": "Feature", "geometry": {"type": "Point", "coordinates": [-79.781982, 36.106306]}, "properties": {"crashes": 4, "injury": 1, "fatal": 0, "pedestrian": 0, "bicycle": 0, "density": 1.0, "year_range": "2014-2018"}}, {"type": "Feature", "geometry": {"type": "Point", "coordinates": [-79.89009, 36.05045]}, "properties": {"crashes": 2, "injury": 1, "fatal": 0, "pedestrian": 0, "bicycle": 0, "density": 0.5, "year_range": "2014-2018"}}, {"type": "Feature", "geometry": {"type": "Point", "coordinates": [-79.902703, 36.124324]}, "properties": {"crashes": 1, "injury": 1, "fatal": 0, "pedestrian": 0, "bicycle": 0, "density": 0.2, "year_range": "2014-2018"}}, {"type": "Feature", "geometry": {"type": "Point", "coordinates": [-79.776577, 36.043243]}, "properties": {"crashes": 20, "injury": 8, "fatal": 0, "pedestrian": 0, "bicycle": 0, "density": 5.0, "year_range": "2014-2018"}}, {"type": "Feature", "geometry": {"type": "Point", "coordinates": [-79.798198, 36.068468]}, "properties": {"crashes": 9, "injury": 3, "fatal": 0, "pedestrian": 0, "bicycle": 0, "density": 2.2, "year_range": "2014-2018"}}, {"type": "Feature", "geometry": {"type": "Point", "coordinates": [-79.763964, 36.086486]}, "properties": {"crashes": 7, "injury": 3, "fatal": 0, "pedestrian": 0, "bicycle": 0, "density": 1.8, "year_range": "2014-2018"}}, {"type": "Feature", "geometry": {"type": "Point", "coordinates": [-79.8, 36.03964]}, "properties": {"crashes": 17, "injury": 9, "fatal": 0, "pedestrian": 0, "bicycle": 0, "density": 4.2, "year_range": "2014-2018"}}, {"type": "Feature", "geometry": {"type": "Point", "coordinates": [-79.798198, 36.072072]}, "properties": {"crashes": 12, "injury": 2, "fatal": 0, "pedestrian": 0, "bicycle": 0, "density": 3.0, "year_range": "2014-2018"}}, {"type": "Feature", "geometry": {"type": "Point", "coordinates": [-79.828829, 36.118919]}, "properties": {"crashes": 6, "injury": 1, "fatal": 0, "pedestrian": 0, "bicycle": 0, "density": 1.5, "year_range": "2014-2018"}}, {"type": "Feature", "geometry": {"type": "Point", "coordinates": [-79.848649, 36.03964]}, "properties": {"crashes": 30, "injury": 11, "fatal": 0, "pedestrian": 0, "bicycle": 0, "density": 7.5, "year_range": "2014-2018"}}, {"type": "Feature", "geometry": {"type": "Point", "coordinates": [-79.727928, 36.086486]}, "properties": {"crashes": 2, "injury": 1, "fatal": 0, "pedestrian": 0, "bicycle": 0, "density": 0.5, "year_range": "2014-2018"}}, {"type": "Feature", "geometry": {"type": "Point", "coordinates": [-79.841441, 36.057658]}, "properties": {"crashes": 23, "injury": 11, "fatal": 0, "pedestrian": 0, "bicycle": 0, "density": 5.8, "year_range": "2014-2018"}}, {"type": "Feature", "geometry": {"type": "Point", "coordinates": [-79.832432, 36.126126]}, "properties": {"crashes": 3, "injury": 2, "fatal": 0, "pedestrian": 0, "bicycle": 0, "density": 0.8, "year_range": "2014-2018"}}, {"type": "Feature", "geometry": {"type": "Point", "coordinates": [-79.801802, 36.088288]}, "properties": {"crashes": 9, "injury": 3, "fatal": 0, "pedestrian": 0, "bicycle": 0, "density": 2.2, "year_range": "2014-2018"}}, {"type": "Feature", "geometry": {"type": "Point", "coordinates": [-79.781982, 36.084685]}, "properties": {"crashes": 2, "injury": 0, "fatal": 0, "pedestrian": 0, "bicycle": 0, "density": 0.5, "year_range": "2014-2018"}}, {"type": "Feature", "geometry": {"type": "Point", "coordinates": [-79.798198, 36.108108]}, "properties": {"crashes": 1, "injury": 1, "fatal": 0, "pedestrian": 0, "bicycle": 0, "density": 0.2, "year_range": "2014-2018"}}, {"type": "Feature", "geometry": {"type": "Point", "coordinates": [-79.823423, 36.118919]}, "properties": {"crashes": 2, "injury": 0, "fatal": 0, "pedestrian": 0, "bicycle": 0, "density": 0.5, "year_range": "2014-2018"}}, {"type": "Feature", "geometry": {"type": "Point", "coordinates": [-79.805405, 36.030631]}, "properties": {"crashes": 2, "injury": 0, "fatal": 0, "pedestrian": 0, "bicycle": 0, "density": 0.5, "year_range": "2014-2018"}}, {"type": "Feature", "geometry": {"type": "Point", "coordinates": [-79.789189, 36.104505]}, "properties": {"crashes": 3, "injury": 1, "fatal": 0, "pedestrian": 0, "bicycle": 0, "density": 0.8, "year_range": "2014-2018"}}, {"type": "Feature", "geometry": {"type": "Point", "coordinates": [-79.855856, 36.032432]}, "properties": {"crashes": 7, "injury": 1, "fatal": 0, "pedestrian": 0, "bicycle": 0, "density": 1.8, "year_range": "2014-2018"}}, {"type": "Feature", "geometry": {"type": "Point", "coordinates": [-79.776577, 36.045045]}, "properties": {"crashes": 1, "injury": 0, "fatal": 0, "pedestrian": 0, "bicycle": 0, "density": 0.2, "year_range": "2014-2018"}}, {"type": "Feature", "geometry": {"type": "Point", "coordinates": [-79.785586, 36.07027]}, "properties": {"crashes": 2, "injury": 0, "fatal": 0, "pedestrian": 0, "bicycle": 0, "density": 0.5, "year_range": "2014-2018"}}, {"type": "Feature", "geometry": {"type": "Point", "coordinates": [-79.816216, 36.061261]}, "properties": {"crashes": 14, "injury": 4, "fatal": 0, "pedestrian": 0, "bicycle": 0, "density": 3.5, "year_range": "2014-2018"}}, {"type": "Feature", "geometry": {"type": "Point", "coordinates": [-79.765766, 36.064865]}, "properties": {"crashes": 10, "injury": 4, "fatal": 0, "pedestrian": 0, "bicycle": 0, "density": 2.5, "year_range": "2014-2018"}}, {"type": "Feature", "geometry": {"type": "Point", "coordinates": [-79.841441, 36.086486]}, "properties": {"crashes": 8, "injury": 3, "fatal": 0, "pedestrian": 0, "bicycle": 0, "density": 2.0, "year_range": "2014-2018"}}, {"type": "Feature", "geometry": {"type": "Point", "coordinates": [-79.882883, 36.147748]}, "properties": {"crashes": 4, "injury": 1, "fatal": 0, "pedestrian": 0, "bicycle": 0, "density": 1.0, "year_range": "2014-2018"}}, {"type": "Feature", "geometry": {"type": "Point", "coordinates": [-79.848649, 36.138739]}, "properties": {"crashes": 6, "injury": 2, "fatal": 0, "pedestrian": 0, "bicycle": 0, "density": 1.5, "year_range": "2014-2018"}}, {"type": "Feature", "geometry": {"type": "Point", "coordinates": [-79.96036, 36.077477]}, "properties": {"crashes": 4, "injury": 0, "fatal": 0, "pedestrian": 0, "bicycle": 0, "density": 1.0, "year_range": "2014-2018"}}, {"type": "Feature", "geometry": {"type": "Point", "coordinates": [-79.936937, 36.084685]}, "properties": {"crashes": 3, "injury": 1, "fatal": 0, "pedestrian": 0, "bicycle": 0, "density": 0.8, "year_range": "2014-2018"}}, {"type": "Feature", "geometry": {"type": "Point", "coordinates": [-79.827027, 36.084685]}, "properties": {"crashes": 2, "injury": 0, "fatal": 0, "pedestrian": 0, "bicycle": 0, "density": 0.5, "year_range": "2014-2018"}}, {"type": "Feature", "geometry": {"type": "Point", "coordinates": [-79.765766, 36.095495]}, "properties": {"crashes": 5, "injury": 2, "fatal": 0, "pedestrian": 0, "bicycle": 0, "density": 1.2, "year_range": "2014-2018"}}, {"type": "Feature", "geometry": {"type": "Point", "coordinates": [-79.828829, 36.108108]}, "properties": {"crashes": 19, "injury": 5, "fatal": 0, "pedestrian": 0, "bicycle": 0, "density": 4.8, "year_range": "2014-2018"}}, {"type": "Feature", "geometry": {"type": "Point", "coordinates": [-79.818018, 36.027027]}, "properties": {"crashes": 2, "injury": 1, "fatal": 0, "pedestrian": 0, "bicycle": 0, "density": 0.5, "year_range": "2014-2018"}}, {"type": "Feature", "geometry": {"type": "Point", "coordinates": [-79.962162, 36.120721]}, "properties": {"crashes": 1, "injury": 0, "fatal": 0, "pedestrian": 0, "bicycle": 0, "density": 0.2, "year_range": "2014-2018"}}, {"type": "Feature", "geometry": {"type": "Point", "coordinates": [-79.881081, 36.061261]}, "properties": {"crashes": 3, "injury": 1, "fatal": 0, "pedestrian": 0, "bicycle": 0, "density": 0.8, "year_range": "2014-2018"}}, {"type": "Feature", "geometry": {"type": "Point", "coordinates": [-79.845045, 36.061261]}, "properties": {"crashes": 23, "injury": 9, "fatal": 0, "pedestrian": 0, "bicycle": 0, "density": 5.8, "year_range": "2014-2018"}}, {"type": "Feature", "geometry": {"type": "Point", "coordinates": [-79.81982, 36.099099]}, "properties": {"crashes": 12, "injury": 4, "fatal": 0, "pedestrian": 0, "bicycle": 0, "density": 3.0, "year_range": "2014-2018"}}, {"type": "Feature", "geometry": {"type": "Point", "coordinates": [-79.744144, 36.093694]}, "properties": {"crashes": 1, "injury": 0, "fatal": 0, "pedestrian": 0, "bicycle": 0, "density": 0.2, "year_range": "2014-2018"}}, {"type": "Feature", "geometry": {"type": "Point", "coordinates": [-79.90991, 36.059459]}, "properties": {"crashes": 16, "injury": 4, "fatal": 0, "pedestrian": 0, "bicycle": 0, "density": 4.0, "year_range": "2014-2018"}}, {"type": "Feature", "geometry": {"type": "Point", "coordinates": [-79.830631, 36.084685]}, "properties": {"crashes": 17, "injury": 0, "fatal": 0, "pedestrian": 0, "bicycle": 0, "density": 4.2, "year_range": "2014-2018"}}, {"type": "Feature", "geometry": {"type": "Point", "coordinates": [-79.836036, 36.115315]}, "properties": {"crashes": 21, "injury": 6, "fatal": 0, "pedestrian": 0, "bicycle": 0, "density": 5.2, "year_range": "2014-2018"}}, {"type": "Feature", "geometry": {"type": "Point", "coordinates": [-79.789189, 36.135135]}, "properties": {"crashes": 21, "injury": 11, "fatal": 0, "pedestrian": 0, "bicycle": 0, "density": 5.2, "year_range": "2014-2018"}}, {"type": "Feature", "geometry": {"type": "Point", "coordinates": [-79.841441, 36.034234]}, "properties": {"crashes": 1, "injury": 0, "fatal": 0, "pedestrian": 0, "bicycle": 0, "density": 0.2, "year_range": "2014-2018"}}, {"type": "Feature", "geometry": {"type": "Point", "coordinates": [-79.738739, 36.052252]}, "properties": {"crashes": 4, "injury": 1, "fatal": 0, "pedestrian": 0, "bicycle": 0, "density": 1.0, "year_range": "2014-2018"}}, {"type": "Feature", "geometry": {"type": "Point", "coordinates": [-79.790991, 36.027027]}, "properties": {"crashes": 3, "injury": 1, "fatal": 0, "pedestrian": 0, "bicycle": 0, "density": 0.8, "year_range": "2014-2018"}}, {"type": "Feature", "geometry": {"type": "Point", "coordinates": [-79.789189, 36.133333]}, "properties": {"crashes": 17, "injury": 5, "fatal": 0, "pedestrian": 0, "bicycle": 0, "density": 4.2, "year_range": "2014-2018"}}, {"type": "Feature", "geometry": {"type": "Point", "coordinates": [-79.814414, 36.073874]}, "properties": {"crashes": 3, "injury": 2, "fatal": 0, "pedestrian": 0, "bicycle": 0, "density": 0.8, "year_range": "2014-2018"}}, {"type": "Feature", "geometry": {"type": "Point", "coordinates": [-79.762162, 36.063063]}, "properties": {"crashes": 13, "injury": 6, "fatal": 0, "pedestrian": 0, "bicycle": 0, "density": 3.2, "year_range": "2014-2018"}}, {"type": "Feature", "geometry": {"type": "Point", "coordinates": [-79.745946, 36.095495]}, "properties": {"crashes": 5, "injury": 3, "fatal": 0, "pedestrian": 0, "bicycle": 0, "density": 1.2, "year_range": "2014-2018"}}, {"type": "Feature", "geometry": {"type": "Point", "coordinates": [-79.744144, 36.088288]}, "properties": {"crashes": 9, "injury": 3, "fatal": 0, "pedestrian": 0, "bicycle": 0, "density": 2.2, "year_range": "2014-2018"}}, {"type": "Feature", "geometry": {"type": "Point", "coordinates": [-79.89009, 36.086486]}, "properties": {"crashes": 2, "injury": 0, "fatal": 0, "pedestrian": 0, "bicycle": 0, "density": 0.5, "year_range": "2014-2018"}}, {"type": "Feature", "geometry": {"type": "Point", "coordinates": [-79.841441, 36.037838]}, "properties": {"crashes": 13, "injury": 5, "fatal": 0, "pedestrian": 0, "bicycle": 0, "density": 3.2, "year_range": "2014-2018"}}, {"type": "Feature", "geometry": {"type": "Point", "coordinates": [-79.830631, 36.138739]}, "properties": {"crashes": 3, "injury": 0, "fatal": 0, "pedestrian": 0, "bicycle": 0, "density": 0.8, "year_range": "2014-2018"}}, {"type": "Feature", "geometry": {"type": "Point", "coordinates": [-79.798198, 36.142342]}, "properties": {"crashes": 3, "injury": 0, "fatal": 0, "pedestrian": 0, "bicycle": 0, "density": 0.8, "year_range": "2014-2018"}}, {"type": "Feature", "geometry": {"type": "Point", "coordinates": [-79.781982, 36.111712]}, "properties": {"crashes": 3, "injury": 0, "fatal": 0, "pedestrian": 0, "bicycle": 0, "density": 0.8, "year_range": "2014-2018"}}, {"type": "Feature", "geometry": {"type": "Point", "coordinates": [-79.659459, 36.055856]}, "properties": {"crashes": 3, "injury": 1, "fatal": 0, "pedestrian": 0, "bicycle": 0, "density": 0.8, "year_range": "2014-2018"}}, {"type": "Feature", "geometry": {"type": "Point", "coordinates": [-79.845045, 36.122523]}, "properties": {"crashes": 16, "injury": 4, "fatal": 0, "pedestrian": 0, "bicycle": 0, "density": 4.0, "year_range": "2014-2018"}}, {"type": "Feature", "geometry": {"type": "Point", "coordinates": [-79.863063, 36.034234]}, "properties": {"crashes": 2, "injury": 0, "fatal": 0, "pedestrian": 0, "bicycle": 0, "density": 0.5, "year_range": "2014-2018"}}, {"type": "Feature", "geometry": {"type": "Point", "coordinates": [-79.875676, 36.059459]}, "properties": {"crashes": 13, "injury": 5, "fatal": 0, "pedestrian": 0, "bicycle": 0, "density": 3.2, "year_range": "2014-2018"}}, {"type": "Feature", "geometry": {"type": "Point", "coordinates": [-79.888288, 36.081081]}, "properties": {"crashes": 4, "injury": 3, "fatal": 0, "pedestrian": 0, "bicycle": 0, "density": 1.0, "year_range": "2014-2018"}}, {"type": "Feature", "geometry": {"type": "Point", "coordinates": [-79.828829, 36.086486]}, "properties": {"crashes": 12, "injury": 4, "fatal": 0, "pedestrian": 0, "bicycle": 0, "density": 3.0, "year_range": "2014-2018"}}, {"type": "Feature", "geometry": {"type": "Point", "coordinates": [-79.832432, 36.054054]}, "properties": {"crashes": 8, "injury": 2, "fatal": 0, "pedestrian": 0, "bicycle": 0, "density": 2.0, "year_range": "2014-2018"}}, {"type": "Feature", "geometry": {"type": "Point", "coordinates": [-79.805405, 36.009009]}, "properties": {"crashes": 6, "injury": 2, "fatal": 0, "pedestrian": 0, "bicycle": 0, "density": 1.5, "year_range": "2014-2018"}}, {"type": "Feature", "geometry": {"type": "Point", "coordinates": [-79.845045, 36.133333]}, "properties": {"crashes": 1, "injury": 0, "fatal": 0, "pedestrian": 0, "bicycle": 0, "density": 0.2, "year_range": "2014-2018"}}, {"type": "Feature", "geometry": {"type": "Point", "coordinates": [-79.828829, 36.117117]}, "properties": {"crashes": 24, "injury": 13, "fatal": 0, "pedestrian": 0, "bicycle": 0, "density": 6.0, "year_range": "2014-2018"}}, {"type": "Feature", "geometry": {"type": "Point", "coordinates": [-79.814414, 36.064865]}, "properties": {"crashes": 3, "injury": 1, "fatal": 0, "pedestrian": 0, "bicycle": 0, "density": 0.8, "year_range": "2014-2018"}}, {"type": "Feature", "geometry": {"type": "Point", "coordinates": [-79.774775, 36.099099]}, "properties": {"crashes": 4, "injury": 3, "fatal": 0, "pedestrian": 0, "bicycle": 0, "density": 1.0, "year_range": "2014-2018"}}, {"type": "Feature", "geometry": {"type": "Point", "coordinates": [-79.810811, 36.09009]}, "properties": {"crashes": 16, "injury": 8, "fatal": 0, "pedestrian": 0, "bicycle": 0, "density": 4.0, "year_range": "2014-2018"}}, {"type": "Feature", "geometry": {"type": "Point", "coordinates": [-79.713514, 36.086486]}, "properties": {"crashes": 3, "injury": 2, "fatal": 0, "pedestrian": 0, "bicycle": 0, "density": 0.8, "year_range": "2014-2018"}}, {"type": "Feature", "geometry": {"type": "Point", "coordinates": [-79.740541, 36.007207]}, "properties": {"crashes": 1, "injury": 0, "fatal": 0, "pedestrian": 0, "bicycle": 0, "density": 0.2, "year_range": "2014-2018"}}, {"type": "Feature", "geometry": {"type": "Point", "coordinates": [-79.794595, 36.088288]}, "properties": {"crashes": 25, "injury": 11, "fatal": 0, "pedestrian": 0, "bicycle": 0, "density": 6.2, "year_range": "2014-2018"}}, {"type": "Feature", "geometry": {"type": "Point", "coordinates": [-79.763964, 36.088288]}, "properties": {"crashes": 23, "injury": 13, "fatal": 0, "pedestrian": 0, "bicycle": 0, "density": 5.8, "year_range": "2014-2018"}}, {"type": "Feature", "geometry": {"type": "Point", "coordinates": [-79.803604, 36.052252]}, "properties": {"crashes": 3, "injury": 2, "fatal": 0, "pedestrian": 0, "bicycle": 0, "density": 0.8, "year_range": "2014-2018"}}, {"type": "Feature", "geometry": {"type": "Point", "coordinates": [-79.830631, 36.118919]}, "properties": {"crashes": 3, "injury": 0, "fatal": 0, "pedestrian": 0, "bicycle": 0, "density": 0.8, "year_range": "2014-2018"}}, {"type": "Feature", "geometry": {"type": "Point", "coordinates": [-79.816216, 36.052252]}, "properties": {"crashes": 7, "injury": 4, "fatal": 0, "pedestrian": 0, "bicycle": 0, "density": 1.8, "year_range": "2014-2018"}}, {"type": "Feature", "geometry": {"type": "Point", "coordinates": [-79.792793, 36.005405]}, "properties": {"crashes": 7, "injury": 1, "fatal": 0, "pedestrian": 0, "bicycle": 0, "density": 1.8, "year_range": "2014-2018"}}, {"type": "Feature", "geometry": {"type": "Point", "coordinates": [-79.767568, 36.05045]}, "properties": {"crashes": 11, "injury": 4, "fatal": 0, "pedestrian": 0, "bicycle": 0, "density": 2.8, "year_range": "2014-2018"}}, {"type": "Feature", "geometry": {"type": "Point", "coordinates": [-79.816216, 36.055856]}, "properties": {"crashes": 3, "injury": 2, "fatal": 0, "pedestrian": 0, "bicycle": 0, "density": 0.8, "year_range": "2014-2018"}}, {"type": "Feature", "geometry": {"type": "Point", "coordinates": [-79.830631, 36.111712]}, "properties": {"crashes": 7, "injury": 2, "fatal": 0, "pedestrian": 0, "bicycle": 0, "density": 1.8, "year_range": "2014-2018"}}, {"type": "Feature", "geometry": {"type": "Point", "coordinates": [-79.798198, 36.001802]}, "properties": {"crashes": 8, "injury": 1, "fatal": 0, "pedestrian": 0, "bicycle": 0, "density": 2.0, "year_range": "2014-2018"}}, {"type": "Feature", "geometry": {"type": "Point", "coordinates": [-79.836036, 36.037838]}, "properties": {"crashes": 1, "injury": 1, "fatal": 0, "pedestrian": 0, "bicycle": 0, "density": 0.2, "year_range": "2014-2018"}}, {"type": "Feature", "geometry": {"type": "Point", "coordinates": [-79.738739, 36.010811]}, "properties": {"crashes": 2, "injury": 1, "fatal": 0, "pedestrian": 0, "bicycle": 0, "density": 0.5, "year_range": "2014-2018"}}, {"type": "Feature", "geometry": {"type": "Point", "coordinates": [-79.958559, 36.079279]}, "properties": {"crashes": 27, "injury": 9, "fatal": 0, "pedestrian": 0, "bicycle": 0, "density": 6.8, "year_range": "2014-2018"}}, {"type": "Feature", "geometry": {"type": "Point", "coordinates": [-79.794595, 36.072072]}, "properties": {"crashes": 7, "injury": 4, "fatal": 0, "pedestrian": 0, "bicycle": 0, "density": 1.8, "year_range": "2014-2018"}}, {"type": "Feature", "geometry": {"type": "Point", "coordinates": [-79.781982, 36.03964]}, "properties": {"crashes": 3, "injury": 1, "fatal": 0, "pedestrian": 0, "bicycle": 0, "density": 0.8, "year_range": "2014-2018"}}, {"type": "Feature", "geometry": {"type": "Point", "coordinates": [-80.001802, 36.093694]}, "properties": {"crashes": 5, "injury": 2, "fatal": 0, "pedestrian": 0, "bicycle": 0, "density": 1.2, "year_range": "2014-2018"}}, {"type": "Feature", "geometry": {"type": "Point", "coordinates": [-79.796396, 36.034234]}, "properties": {"crashes": 18, "injury": 9, "fatal": 0, "pedestrian": 0, "bicycle": 0, "density": 4.5, "year_range": "2014-2018"}}, {"type": "Feature", "geometry": {"type": "Point", "coordinates": [-79.8, 36.073874]}, "properties": {"crashes": 6, "injury": 2, "fatal": 0, "pedestrian": 0, "bicycle": 0, "density": 1.5, "year_range": "2014-2018"}}, {"type": "Feature", "geometry": {"type": "Point", "coordinates": [-79.816216, 36.097297]}, "properties": {"crashes": 8, "injury": 1, "fatal": 0, "pedestrian": 0, "bicycle": 0, "density": 2.0, "year_range": "2014-2018"}}, {"type": "Feature", "geometry": {"type": "Point", "coordinates": [-79.834234, 36.036036]}, "properties": {"crashes": 2, "injury": 0, "fatal": 0, "pedestrian": 0, "bicycle": 0, "density": 0.5, "year_range": "2014-2018"}}, {"type": "Feature", "geometry": {"type": "Point", "coordinates": [-79.790991, 36.079279]}, "properties": {"crashes": 9, "injury": 3, "fatal": 0, "pedestrian": 0, "bicycle": 0, "density": 2.2, "year_range": "2014-2018"}}, {"type": "Feature", "geometry": {"type": "Point", "coordinates": [-79.832432, 36.03964]}, "properties": {"crashes": 5, "injury": 1, "fatal": 0, "pedestrian": 0, "bicycle": 0, "density": 1.2, "year_range": "2014-2018"}}, {"type": "Feature", "geometry": {"type": "Point", "coordinates": [-79.852252, 36.07027]}, "properties": {"crashes": 1, "injury": 0, "fatal": 0, "pedestrian": 0, "bicycle": 0, "density": 0.2, "year_range": "2014-2018"}}, {"type": "Feature", "geometry": {"type": "Point", "coordinates": [-79.891892, 36.054054]}, "properties": {"crashes": 8, "injury": 2, "fatal": 0, "pedestrian": 0, "bicycle": 0, "density": 2.0, "year_range": "2014-2018"}}, {"type": "Feature", "geometry": {"type": "Point", "coordinates": [-79.882883, 36.052252]}, "properties": {"crashes": 2, "injury": 0, "fatal": 0, "pedestrian": 0, "bicycle": 0, "density": 0.5, "year_range": "2014-2018"}}, {"type": "Feature", "geometry": {"type": "Point", "coordinates": [-79.953153, 36.079279]}, "properties": {"crashes": 3, "injury": 2, "fatal": 0, "pedestrian": 0, "bicycle": 0, "density": 0.8, "year_range": "2014-2018"}}, {"type": "Feature", "geometry": {"type": "Point", "coordinates": [-79.659459, 36.061261]}, "properties": {"crashes": 2, "injury": 1, "fatal": 0, "pedestrian": 0, "bicycle": 0, "density": 0.5, "year_range": "2014-2018"}}, {"type": "Feature", "geometry": {"type": "Point", "coordinates": [-79.8, 36.064865]}, "properties": {"crashes": 12, "injury": 2, "fatal": 0, "pedestrian": 0, "bicycle": 0, "density": 3.0, "year_range": "2014-2018"}}, {"type": "Feature", "geometry": {"type": "Point", "coordinates": [-79.830631, 36.036036]}, "properties": {"crashes": 2, "injury": 0, "fatal": 0, "pedestrian": 0, "bicycle": 0, "density": 0.5, "year_range": "2014-2018"}}, {"type": "Feature", "geometry": {"type": "Point", "coordinates": [-79.963964, 36.111712]}, "properties": {"crashes": 2, "injury": 0, "fatal": 0, "pedestrian": 0, "bicycle": 0, "density": 0.5, "year_range": "2014-2018"}}, {"type": "Feature", "geometry": {"type": "Point", "coordinates": [-79.828829, 36.106306]}, "properties": {"crashes": 12, "injury": 7, "fatal": 0, "pedestrian": 0, "bicycle": 0, "density": 3.0, "year_range": "2014-2018"}}, {"type": "Feature", "geometry": {"type": "Point", "coordinates": [-79.794595, 36.010811]}, "properties": {"crashes": 1, "injury": 0, "fatal": 0, "pedestrian": 0, "bicycle": 0, "density": 0.2, "year_range": "2014-2018"}}, {"type": "Feature", "geometry": {"type": "Point", "coordinates": [-79.893694, 36.102703]}, "properties": {"crashes": 1, "injury": 1, "fatal": 0, "pedestrian": 0, "bicycle": 0, "density": 0.2, "year_range": "2014-2018"}}, {"type": "Feature", "geometry": {"type": "Point", "coordinates": [-79.872072, 36.068468]}, "properties": {"crashes": 8, "injury": 3, "fatal": 0, "pedestrian": 0, "bicycle": 0, "density": 2.0, "year_range": "2014-2018"}}, {"type": "Feature", "geometry": {"type": "Point", "coordinates": [-79.771171, 36.088288]}, "properties": {"crashes": 11, "injury": 4, "fatal": 0, "pedestrian": 0, "bicycle": 0, "density": 2.8, "year_range": "2014-2018"}}, {"type": "Feature", "geometry": {"type": "Point", "coordinates": [-79.908108, 36.061261]}, "properties": {"crashes": 10, "injury": 3, "fatal": 0, "pedestrian": 0, "bicycle": 0, "density": 2.5, "year_range": "2014-2018"}}, {"type": "Feature", "geometry": {"type": "Point", "coordinates": [-79.857658, 36.135135]}, "properties": {"crashes": 4, "injury": 1, "fatal": 0, "pedestrian": 0, "bicycle": 0, "density": 1.0, "year_range": "2014-2018"}}, {"type": "Feature", "geometry": {"type": "Point", "coordinates": [-79.951351, 36.077477]}, "properties": {"crashes": 4, "injury": 1, "fatal": 0, "pedestrian": 0, "bicycle": 0, "density": 1.0, "year_range": "2014-2018"}}, {"type": "Feature", "geometry": {"type": "Point", "coordinates": [-79.794595, 36.131532]}, "properties": {"crashes": 3, "injury": 3, "fatal": 0, "pedestrian": 0, "bicycle": 0, "density": 0.8, "year_range": "2014-2018"}}, {"type": "Feature", "geometry": {"type": "Point", "coordinates": [-79.832432, 36.108108]}, "properties": {"crashes": 2, "injury": 0, "fatal": 0, "pedestrian": 0, "bicycle": 0, "density": 0.5, "year_range": "2014-2018"}}, {"type": "Feature", "geometry": {"type": "Point", "coordinates": [-79.830631, 36.03964]}, "properties": {"crashes": 2, "injury": 0, "fatal": 0, "pedestrian": 0, "bicycle": 0, "density": 0.5, "year_range": "2014-2018"}}, {"type": "Feature", "geometry": {"type": "Point", "coordinates": [-79.868468, 36.07027]}, "properties": {"crashes": 39, "injury": 11, "fatal": 0, "pedestrian": 0, "bicycle": 0, "density": 9.8, "year_range": "2014-2018"}}, {"type": "Feature", "geometry": {"type": "Point", "coordinates": [-79.821622, 36.063063]}, "properties": {"crashes": 14, "injury": 7, "fatal": 0, "pedestrian": 0, "bicycle": 0, "density": 3.5, "year_range": "2014-2018"}}, {"type": "Feature", "geometry": {"type": "Point", "coordinates": [-79.765766, 36.097297]}, "properties": {"crashes": 5, "injury": 0, "fatal": 0, "pedestrian": 0, "bicycle": 0, "density": 1.2, "year_range": "2014-2018"}}, {"type": "Feature", "geometry": {"type": "Point", "coordinates": [-79.754955, 36.055856]}, "properties": {"crashes": 1, "injury": 0, "fatal": 0, "pedestrian": 0, "bicycle": 0, "density": 0.2, "year_range": "2014-2018"}}, {"type": "Feature", "geometry": {"type": "Point", "coordinates": [-79.769369, 36.057658]}, "properties": {"crashes": 2, "injury": 0, "fatal": 0, "pedestrian": 0, "bicycle": 0, "density": 0.5, "year_range": "2014-2018"}}, {"type": "Feature", "geometry": {"type": "Point", "coordinates": [-79.778378, 36.064865]}, "properties": {"crashes": 4, "injury": 1, "fatal": 0, "pedestrian": 0, "bicycle": 0, "density": 1.0, "year_range": "2014-2018"}}, {"type": "Feature", "geometry": {"type": "Point", "coordinates": [-79.904505, 36.057658]}, "properties": {"crashes": 11, "injury": 3, "fatal": 0, "pedestrian": 0, "bicycle": 0, "density": 2.8, "year_range": "2014-2018"}}, {"type": "Feature", "geometry": {"type": "Point", "coordinates": [-79.794595, 36.064865]}, "properties": {"crashes": 3, "injury": 2, "fatal": 0, "pedestrian": 0, "bicycle": 0, "density": 0.8, "year_range": "2014-2018"}}, {"type": "Feature", "geometry": {"type": "Point", "coordinates": [-79.886486, 36.057658]}, "properties": {"crashes": 12, "injury": 2, "fatal": 0, "pedestrian": 0, "bicycle": 0, "density": 3.0, "year_range": "2014-2018"}}, {"type": "Feature", "geometry": {"type": "Point", "coordinates": [-79.753153, 36.142342]}, "properties": {"crashes": 1, "injury": 0, "fatal": 0, "pedestrian": 0, "bicycle": 0, "density": 0.2, "year_range": "2014-2018"}}, {"type": "Feature", "geometry": {"type": "Point", "coordinates": [-79.781982, 36.102703]}, "properties": {"crashes": 15, "injury": 5, "fatal": 0, "pedestrian": 0, "bicycle": 0, "density": 3.8, "year_range": "2014-2018"}}, {"type": "Feature", "geometry": {"type": "Point", "coordinates": [-79.906306, 36.055856]}, "properties": {"crashes": 8, "injury": 1, "fatal": 0, "pedestrian": 0, "bicycle": 0, "density": 2.0, "year_range": "2014-2018"}}, {"type": "Feature", "geometry": {"type": "Point", "coordinates": [-79.767568, 36.064865]}, "properties": {"crashes": 12, "injury": 4, "fatal": 0, "pedestrian": 0, "bicycle": 0, "density": 3.0, "year_range": "2014-2018"}}, {"type": "Feature", "geometry": {"type": "Point", "coordinates": [-79.763964, 36.113514]}, "properties": {"crashes": 13, "injury": 6, "fatal": 0, "pedestrian": 0, "bicycle": 0, "density": 3.2, "year_range": "2014-2018"}}, {"type": "Feature", "geometry": {"type": "Point", "coordinates": [-79.81982, 36.027027]}, "properties": {"crashes": 3, "injury": 2, "fatal": 0, "pedestrian": 0, "bicycle": 0, "density": 0.8, "year_range": "2014-2018"}}, {"type": "Feature", "geometry": {"type": "Point", "coordinates": [-79.89009, 36.055856]}, "properties": {"crashes": 15, "injury": 4, "fatal": 0, "pedestrian": 0, "bicycle": 0, "density": 3.8, "year_range": "2014-2018"}}, {"type": "Feature", "geometry": {"type": "Point", "coordinates": [-79.78018, 36.072072]}, "properties": {"crashes": 7, "injury": 2, "fatal": 0, "pedestrian": 0, "bicycle": 0, "density": 1.8, "year_range": "2014-2018"}}, {"type": "Feature", "geometry": {"type": "Point", "coordinates": [-79.781982, 36.086486]}, "properties": {"crashes": 5, "injury": 4, "fatal": 0, "pedestrian": 0, "bicycle": 0, "density": 1.2, "year_range": "2014-2018"}}, {"type": "Feature", "geometry": {"type": "Point", "coordinates": [-79.796396, 36.077477]}, "properties": {"crashes": 21, "injury": 6, "fatal": 0, "pedestrian": 0, "bicycle": 0, "density": 5.2, "year_range": "2014-2018"}}, {"type": "Feature", "geometry": {"type": "Point", "coordinates": [-79.783784, 36.037838]}, "properties": {"crashes": 13, "injury": 8, "fatal": 0, "pedestrian": 0, "bicycle": 0, "density": 3.2, "year_range": "2014-2018"}}, {"type": "Feature", "geometry": {"type": "Point", "coordinates": [-79.843243, 36.05045]}, "properties": {"crashes": 6, "injury": 2, "fatal": 0, "pedestrian": 0, "bicycle": 0, "density": 1.5, "year_range": "2014-2018"}}, {"type": "Feature", "geometry": {"type": "Point", "coordinates": [-79.8, 36.12973]}, "properties": {"crashes": 3, "injury": 1, "fatal": 0, "pedestrian": 0, "bicycle": 0, "density": 0.8, "year_range": "2014-2018"}}, {"type": "Feature", "geometry": {"type": "Point", "coordinates": [-79.861261, 36.05045]}, "properties": {"crashes": 2, "injury": 1, "fatal": 0, "pedestrian": 0, "bicycle": 0, "density": 0.5, "year_range": "2014-2018"}}, {"type": "Feature", "geometry": {"type": "Point", "coordinates": [-79.814414, 36.063063]}, "properties": {"crashes": 10, "injury": 0, "fatal": 0, "pedestrian": 0, "bicycle": 0, "density": 2.5, "year_range": "2014-2018"}}, {"type": "Feature", "geometry": {"type": "Point", "coordinates": [-79.834234, 36.037838]}, "properties": {"crashes": 7, "injury": 5, "fatal": 0, "pedestrian": 0, "bicycle": 0, "density": 1.8, "year_range": "2014-2018"}}, {"type": "Feature", "geometry": {"type": "Point", "coordinates": [-79.763964, 36.064865]}, "properties": {"crashes": 3, "injury": 1, "fatal": 0, "pedestrian": 0, "bicycle": 0, "density": 0.8, "year_range": "2014-2018"}}, {"type": "Feature", "geometry": {"type": "Point", "coordinates": [-79.895495, 36.027027]}, "properties": {"crashes": 1, "injury": 0, "fatal": 0, "pedestrian": 0, "bicycle": 0, "density": 0.2, "year_range": "2014-2018"}}, {"type": "Feature", "geometry": {"type": "Point", "coordinates": [-79.790991, 36.064865]}, "properties": {"crashes": 13, "injury": 4, "fatal": 0, "pedestrian": 0, "bicycle": 0, "density": 3.2, "year_range": "2014-2018"}}, {"type": "Feature", "geometry": {"type": "Point", "coordinates": [-79.810811, 36.046847]}, "properties": {"crashes": 10, "injury": 4, "fatal": 0, "pedestrian": 0, "bicycle": 0, "density": 2.5, "year_range": "2014-2018"}}, {"type": "Feature", "geometry": {"type": "Point", "coordinates": [-80.009009, 36.095495]}, "properties": {"crashes": 5, "injury": 2, "fatal": 0, "pedestrian": 0, "bicycle": 0, "density": 1.2, "year_range": "2014-2018"}}, {"type": "Feature", "geometry": {"type": "Point", "coordinates": [-79.900901, 36.041441]}, "properties": {"crashes": 1, "injury": 1, "fatal": 0, "pedestrian": 0, "bicycle": 0, "density": 0.2, "year_range": "2014-2018"}}, {"type": "Feature", "geometry": {"type": "Point", "coordinates": [-79.78018, 36.082883]}, "properties": {"crashes": 2, "injury": 0, "fatal": 0, "pedestrian": 0, "bicycle": 0, "density": 0.5, "year_range": "2014-2018"}}, {"type": "Feature", "geometry": {"type": "Point", "coordinates": [-79.783784, 36.088288]}, "properties": {"crashes": 29, "injury": 22, "fatal": 0, "pedestrian": 0, "bicycle": 0, "density": 7.2, "year_range": "2014-2018"}}, {"type": "Feature", "geometry": {"type": "Point", "coordinates": [-79.855856, 36.061261]}, "properties": {"crashes": 24, "injury": 5, "fatal": 0, "pedestrian": 0, "bicycle": 0, "density": 6.0, "year_range": "2014-2018"}}, {"type": "Feature", "geometry": {"type": "Point", "coordinates": [-79.767568, 36.052252]}, "properties": {"crashes": 18, "injury": 7, "fatal": 0, "pedestrian": 0, "bicycle": 0, "density": 4.5, "year_range": "2014-2018"}}, {"type": "Feature", "geometry": {"type": "Point", "coordinates": [-79.8, 36.061261]}, "properties": {"crashes": 5, "injury": 1, "fatal": 0, "pedestrian": 0, "bicycle": 0, "density": 1.2, "year_range": "2014-2018"}}, {"type": "Feature", "geometry": {"type": "Point", "coordinates": [-79.81982, 36.023423]}, "properties": {"crashes": 7, "injury": 2, "fatal": 0, "pedestrian": 0, "bicycle": 0, "density": 1.8, "year_range": "2014-2018"}}, {"type": "Feature", "geometry": {"type": "Point", "coordinates": [-79.906306, 36.036036]}, "properties": {"crashes": 1, "injury": 1, "fatal": 0, "pedestrian": 0, "bicycle": 0, "density": 0.2, "year_range": "2014-2018"}}, {"type": "Feature", "geometry": {"type": "Point", "coordinates": [-79.873874, 36.059459]}, "properties": {"crashes": 11, "injury": 6, "fatal": 0, "pedestrian": 0, "bicycle": 0, "density": 2.8, "year_range": "2014-2018"}}, {"type": "Feature", "geometry": {"type": "Point", "coordinates": [-79.774775, 36.079279]}, "properties": {"crashes": 4, "injury": 3, "fatal": 0, "pedestrian": 0, "bicycle": 0, "density": 1.0, "year_range": "2014-2018"}}, {"type": "Feature", "geometry": {"type": "Point", "coordinates": [-79.798198, 36.07027]}, "properties": {"crashes": 8, "injury": 0, "fatal": 0, "pedestrian": 0, "bicycle": 0, "density": 2.0, "year_range": "2014-2018"}}, {"type": "Feature", "geometry": {"type": "Point", "coordinates": [-79.774775, 36.088288]}, "properties": {"crashes": 16, "injury": 2, "fatal": 0, "pedestrian": 0, "bicycle": 0, "density": 4.0, "year_range": "2014-2018"}}, {"type": "Feature", "geometry": {"type": "Point", "coordinates": [-79.765766, 36.073874]}, "properties": {"crashes": 15, "injury": 6, "fatal": 0, "pedestrian": 0, "bicycle": 0, "density": 3.8, "year_range": "2014-2018"}}, {"type": "Feature", "geometry": {"type": "Point", "coordinates": [-79.962162, 36.124324]}, "properties": {"crashes": 14, "injury": 4, "fatal": 0, "pedestrian": 0, "bicycle": 0, "density": 3.5, "year_range": "2014-2018"}}, {"type": "Feature", "geometry": {"type": "Point", "coordinates": [-79.762162, 36.120721]}, "properties": {"crashes": 5, "injury": 3, "fatal": 0, "pedestrian": 0, "bicycle": 0, "density": 1.2, "year_range": "2014-2018"}}, {"type": "Feature", "geometry": {"type": "Point", "coordinates": [-79.756757, 36.108108]}, "properties": {"crashes": 1, "injury": 0, "fatal": 0, "pedestrian": 0, "bicycle": 0, "density": 0.2, "year_range": "2014-2018"}}, {"type": "Feature", "geometry": {"type": "Point", "coordinates": [-79.774775, 36.127928]}, "properties": {"crashes": 7, "injury": 5, "fatal": 0, "pedestrian": 0, "bicycle": 0, "density": 1.8, "year_range": "2014-2018"}}, {"type": "Feature", "geometry": {"type": "Point", "coordinates": [-79.751351, 36.122523]}, "properties": {"crashes": 3, "injury": 2, "fatal": 0, "pedestrian": 0, "bicycle": 0, "density": 0.8, "year_range": "2014-2018"}}, {"type": "Feature", "geometry": {"type": "Point", "coordinates": [-79.904505, 36.066667]}, "properties": {"crashes": 13, "injury": 6, "fatal": 0, "pedestrian": 0, "bicycle": 0, "density": 3.2, "year_range": "2014-2018"}}, {"type": "Feature", "geometry": {"type": "Point", "coordinates": [-79.864865, 36.048649]}, "properties": {"crashes": 1, "injury": 1, "fatal": 0, "pedestrian": 0, "bicycle": 0, "density": 0.2, "year_range": "2014-2018"}}, {"type": "Feature", "geometry": {"type": "Point", "coordinates": [-79.859459, 36.144144]}, "properties": {"crashes": 1, "injury": 0, "fatal": 0, "pedestrian": 0, "bicycle": 0, "density": 0.2, "year_range": "2014-2018"}}, {"type": "Feature", "geometry": {"type": "Point", "coordinates": [-79.828829, 36.091892]}, "properties": {"crashes": 14, "injury": 3, "fatal": 0, "pedestrian": 0, "bicycle": 0, "density": 3.5, "year_range": "2014-2018"}}, {"type": "Feature", "geometry": {"type": "Point", "coordinates": [-79.8, 36.142342]}, "properties": {"crashes": 2, "injury": 1, "fatal": 0, "pedestrian": 0, "bicycle": 0, "density": 0.5, "year_range": "2014-2018"}}, {"type": "Feature", "geometry": {"type": "Point", "coordinates": [-79.772973, 36.081081]}, "properties": {"crashes": 16, "injury": 4, "fatal": 0, "pedestrian": 0, "bicycle": 0, "density": 4.0, "year_range": "2014-2018"}}, {"type": "Feature", "geometry": {"type": "Point", "coordinates": [-79.830631, 36.041441]}, "properties": {"crashes": 1, "injury": 1, "fatal": 0, "pedestrian": 0, "bicycle": 0, "density": 0.2, "year_range": "2014-2018"}}, {"type": "Feature", "geometry": {"type": "Point", "coordinates": [-79.774775, 36.111712]}, "properties": {"crashes": 3, "injury": 2, "fatal": 0, "pedestrian": 0, "bicycle": 0, "density": 0.8, "year_range": "2014-2018"}}, {"type": "Feature", "geometry": {"type": "Point", "coordinates": [-79.751351, 36.088288]}, "properties": {"crashes": 6, "injury": 4, "fatal": 0, "pedestrian": 0, "bicycle": 0, "density": 1.5, "year_range": "2014-2018"}}, {"type": "Feature", "geometry": {"type": "Point", "coordinates": [-79.785586, 36.147748]}, "properties": {"crashes": 1, "injury": 0, "fatal": 0, "pedestrian": 0, "bicycle": 0, "density": 0.2, "year_range": "2014-2018"}}, {"type": "Feature", "geometry": {"type": "Point", "coordinates": [-79.884685, 36.088288]}, "properties": {"crashes": 6, "injury": 1, "fatal": 0, "pedestrian": 0, "bicycle": 0, "density": 1.5, "year_range": "2014-2018"}}, {"type": "Feature", "geometry": {"type": "Point", "coordinates": [-79.837838, 36.037838]}, "properties": {"crashes": 8, "injury": 2, "fatal": 0, "pedestrian": 0, "bicycle": 0, "density": 2.0, "year_range": "2014-2018"}}, {"type": "Feature", "geometry": {"type": "Point", "coordinates": [-79.763964, 36.093694]}, "properties": {"crashes": 1, "injury": 1, "fatal": 0, "pedestrian": 0, "bicycle": 0, "density": 0.2, "year_range": "2014-2018"}}, {"type": "Feature", "geometry": {"type": "Point", "coordinates": [-79.790991, 36.034234]}, "properties": {"crashes": 15, "injury": 6, "fatal": 0, "pedestrian": 0, "bicycle": 0, "density": 3.8, "year_range": "2014-2018"}}, {"type": "Feature", "geometry": {"type": "Point", "coordinates": [-79.904505, 36.075676]}, "properties": {"crashes": 2, "injury": 0, "fatal": 0, "pedestrian": 0, "bicycle": 0, "density": 0.5, "year_range": "2014-2018"}}, {"type": "Feature", "geometry": {"type": "Point", "coordinates": [-79.87027, 36.16036]}, "properties": {"crashes": 1, "injury": 0, "fatal": 0, "pedestrian": 0, "bicycle": 0, "density": 0.2, "year_range": "2014-2018"}}, {"type": "Feature", "geometry": {"type": "Point", "coordinates": [-79.83964, 36.117117]}, "properties": {"crashes": 3, "injury": 2, "fatal": 0, "pedestrian": 0, "bicycle": 0, "density": 0.8, "year_range": "2014-2018"}}, {"type": "Feature", "geometry": {"type": "Point", "coordinates": [-79.827027, 36.138739]}, "properties": {"crashes": 2, "injury": 0, "fatal": 0, "pedestrian": 0, "bicycle": 0, "density": 0.5, "year_range": "2014-2018"}}, {"type": "Feature", "geometry": {"type": "Point", "coordinates": [-79.794595, 36.034234]}, "properties": {"crashes": 24, "injury": 8, "fatal": 0, "pedestrian": 0, "bicycle": 0, "density": 6.0, "year_range": "2014-2018"}}, {"type": "Feature", "geometry": {"type": "Point", "coordinates": [-79.832432, 36.117117]}, "properties": {"crashes": 4, "injury": 0, "fatal": 0, "pedestrian": 0, "bicycle": 0, "density": 1.0, "year_range": "2014-2018"}}, {"type": "Feature", "geometry": {"type": "Point", "coordinates": [-79.843243, 36.138739]}, "properties": {"crashes": 1, "injury": 1, "fatal": 0, "pedestrian": 0, "bicycle": 0, "density": 0.2, "year_range": "2014-2018"}}, {"type": "Feature", "geometry": {"type": "Point", "coordinates": [-79.917117, 36.066667]}, "properties": {"crashes": 3, "injury": 2, "fatal": 0, "pedestrian": 0, "bicycle": 0, "density": 0.8, "year_range": "2014-2018"}}, {"type": "Feature", "geometry": {"type": "Point", "coordinates": [-79.90991, 36.136937]}, "properties": {"crashes": 1, "injury": 0, "fatal": 0, "pedestrian": 0, "bicycle": 0, "density": 0.2, "year_range": "2014-2018"}}, {"type": "Feature", "geometry": {"type": "Point", "coordinates": [-79.872072, 36.16036]}, "properties": {"crashes": 1, "injury": 1, "fatal": 0, "pedestrian": 0, "bicycle": 0, "density": 0.2, "year_range": "2014-2018"}}, {"type": "Feature", "geometry": {"type": "Point", "coordinates": [-79.906306, 36.037838]}, "properties": {"crashes": 2, "injury": 0, "fatal": 0, "pedestrian": 0, "bicycle": 0, "density": 0.5, "year_range": "2014-2018"}}, {"type": "Feature", "geometry": {"type": "Point", "coordinates": [-79.893694, 36.073874]}, "properties": {"crashes": 3, "injury": 0, "fatal": 0, "pedestrian": 0, "bicycle": 0, "density": 0.8, "year_range": "2014-2018"}}, {"type": "Feature", "geometry": {"type": "Point", "coordinates": [-79.882883, 36.066667]}, "properties": {"crashes": 1, "injury": 0, "fatal": 0, "pedestrian": 0, "bicycle": 0, "density": 0.2, "year_range": "2014-2018"}}, {"type": "Feature", "geometry": {"type": "Point", "coordinates": [-79.756757, 36.093694]}, "properties": {"crashes": 3, "injury": 2, "fatal": 0, "pedestrian": 0, "bicycle": 0, "density": 0.8, "year_range": "2014-2018"}}, {"type": "Feature", "geometry": {"type": "Point", "coordinates": [-79.733333, 36.171171]}, "properties": {"crashes": 1, "injury": 1, "fatal": 0, "pedestrian": 0, "bicycle": 0, "density": 0.2, "year_range": "2014-2018"}}, {"type": "Feature", "geometry": {"type": "Point", "coordinates": [-79.754955, 36.093694]}, "properties": {"crashes": 5, "injury": 1, "fatal": 0, "pedestrian": 0, "bicycle": 0, "density": 1.2, "year_range": "2014-2018"}}, {"type": "Feature", "geometry": {"type": "Point", "coordinates": [-79.781982, 36.064865]}, "properties": {"crashes": 5, "injury": 4, "fatal": 0, "pedestrian": 0, "bicycle": 0, "density": 1.2, "year_range": "2014-2018"}}, {"type": "Feature", "geometry": {"type": "Point", "coordinates": [-79.94955, 36.068468]}, "properties": {"crashes": 1, "injury": 0, "fatal": 0, "pedestrian": 0, "bicycle": 0, "density": 0.2, "year_range": "2014-2018"}}, {"type": "Feature", "geometry": {"type": "Point", "coordinates": [-79.967568, 36.073874]}, "properties": {"crashes": 1, "injury": 1, "fatal": 0, "pedestrian": 0, "bicycle": 0, "density": 0.2, "year_range": "2014-2018"}}, {"type": "Feature", "geometry": {"type": "Point", "coordinates": [-79.78018, 36.088288]}, "properties": {"crashes": 1, "injury": 0, "fatal": 0, "pedestrian": 0, "bicycle": 0, "density": 0.2, "year_range": "2014-2018"}}, {"type": "Feature", "geometry": {"type": "Point", "coordinates": [-79.790991, 36.073874]}, "properties": {"crashes": 19, "injury": 5, "fatal": 0, "pedestrian": 0, "bicycle": 0, "density": 4.8, "year_range": "2014-2018"}}, {"type": "Feature", "geometry": {"type": "Point", "coordinates": [-79.792793, 36.014414]}, "properties": {"crashes": 9, "injury": 6, "fatal": 0, "pedestrian": 0, "bicycle": 0, "density": 2.2, "year_range": "2014-2018"}}, {"type": "Feature", "geometry": {"type": "Point", "coordinates": [-79.888288, 36.036036]}, "properties": {"crashes": 4, "injury": 0, "fatal": 0, "pedestrian": 0, "bicycle": 0, "density": 1.0, "year_range": "2014-2018"}}, {"type": "Feature", "geometry": {"type": "Point", "coordinates": [-79.772973, 36.084685]}, "properties": {"crashes": 11, "injury": 5, "fatal": 0, "pedestrian": 0, "bicycle": 0, "density": 2.8, "year_range": "2014-2018"}}, {"type": "Feature", "geometry": {"type": "Point", "coordinates": [-79.809009, 36.108108]}, "properties": {"crashes": 1, "injury": 0, "fatal": 0, "pedestrian": 0, "bicycle": 0, "density": 0.2, "year_range": "2014-2018"}}, {"type": "Feature", "geometry": {"type": "Point", "coordinates": [-79.774775, 36.043243]}, "properties": {"crashes": 11, "injury": 4, "fatal": 0, "pedestrian": 0, "bicycle": 0, "density": 2.8, "year_range": "2014-2018"}}, {"type": "Feature", "geometry": {"type": "Point", "coordinates": [-79.904505, 36.084685]}, "properties": {"crashes": 2, "injury": 0, "fatal": 0, "pedestrian": 0, "bicycle": 0, "density": 0.5, "year_range": "2014-2018"}}, {"type": "Feature", "geometry": {"type": "Point", "coordinates": [-79.769369, 36.048649]}, "properties": {"crashes": 14, "injury": 5, "fatal": 0, "pedestrian": 0, "bicycle": 0, "density": 3.5, "year_range": "2014-2018"}}, {"type": "Feature", "geometry": {"type": "Point", "coordinates": [-79.814414, 36.066667]}, "properties": {"crashes": 1, "injury": 0, "fatal": 0, "pedestrian": 0, "bicycle": 0, "density": 0.2, "year_range": "2014-2018"}}, {"type": "Feature", "geometry": {"type": "Point", "coordinates": [-79.87027, 36.072072]}, "properties": {"crashes": 2, "injury": 0, "fatal": 0, "pedestrian": 0, "bicycle": 0, "density": 0.5, "year_range": "2014-2018"}}, {"type": "Feature", "geometry": {"type": "Point", "coordinates": [-79.893694, 36.072072]}, "properties": {"crashes": 1, "injury": 0, "fatal": 0, "pedestrian": 0, "bicycle": 0, "density": 0.2, "year_range": "2014-2018"}}, {"type": "Feature", "geometry": {"type": "Point", "coordinates": [-79.769369, 36.088288]}, "properties": {"crashes": 31, "injury": 13, "fatal": 0, "pedestrian": 0, "bicycle": 0, "density": 7.8, "year_range": "2014-2018"}}, {"type": "Feature", "geometry": {"type": "Point", "coordinates": [-79.85045, 36.140541]}, "properties": {"crashes": 1, "injury": 0, "fatal": 0, "pedestrian": 0, "bicycle": 0, "density": 0.2, "year_range": "2014-2018"}}, {"type": "Feature", "geometry": {"type": "Point", "coordinates": [-79.756757, 36.086486]}, "properties": {"crashes": 15, "injury": 5, "fatal": 0, "pedestrian": 0, "bicycle": 0, "density": 3.8, "year_range": "2014-2018"}}, {"type": "Feature", "geometry": {"type": "Point", "coordinates": [-79.81982, 36.088288]}, "properties": {"crashes": 4, "injury": 1, "fatal": 0, "pedestrian": 0, "bicycle": 0, "density": 1.0, "year_range": "2014-2018"}}, {"type": "Feature", "geometry": {"type": "Point", "coordinates": [-79.816216, 36.095495]}, "properties": {"crashes": 10, "injury": 1, "fatal": 0, "pedestrian": 0, "bicycle": 0, "density": 2.5, "year_range": "2014-2018"}}, {"type": "Feature", "geometry": {"type": "Point", "coordinates": [-79.774775, 36.113514]}, "properties": {"crashes": 16, "injury": 8, "fatal": 0, "pedestrian": 0, "bicycle": 0, "density": 4.0, "year_range": "2014-2018"}}, {"type": "Feature", "geometry": {"type": "Point", "coordinates": [-79.994595, 36.091892]}, "properties": {"crashes": 7, "injury": 2, "fatal": 0, "pedestrian": 0, "bicycle": 0, "density": 1.8, "year_range": "2014-2018"}}, {"type": "Feature", "geometry": {"type": "Point", "coordinates": [-79.763964, 36.046847]}, "properties": {"crashes": 4, "injury": 3, "fatal": 0, "pedestrian": 0, "bicycle": 0, "density": 1.0, "year_range": "2014-2018"}}, {"type": "Feature", "geometry": {"type": "Point", "coordinates": [-79.792793, 36.041441]}, "properties": {"crashes": 3, "injury": 0, "fatal": 0, "pedestrian": 0, "bicycle": 0, "density": 0.8, "year_range": "2014-2018"}}, {"type": "Feature", "geometry": {"type": "Point", "coordinates": [-79.659459, 36.059459]}, "properties": {"crashes": 3, "injury": 1, "fatal": 0, "pedestrian": 0, "bicycle": 0, "density": 0.8, "year_range": "2014-2018"}}, {"type": "Feature", "geometry": {"type": "Point", "coordinates": [-79.733333, 36.05045]}, "properties": {"crashes": 4, "injury": 1, "fatal": 0, "pedestrian": 0, "bicycle": 0, "density": 1.0, "year_range": "2014-2018"}}, {"type": "Feature", "geometry": {"type": "Point", "coordinates": [-79.987387, 36.088288]}, "properties": {"crashes": 2, "injury": 1, "fatal": 0, "pedestrian": 0, "bicycle": 0, "density": 0.5, "year_range": "2014-2018"}}, {"type": "Feature", "geometry": {"type": "Point", "coordinates": [-79.823423, 36.001802]}, "properties": {"crashes": 1, "injury": 0, "fatal": 0, "pedestrian": 0, "bicycle": 0, "density": 0.2, "year_range": "2014-2018"}}, {"type": "Feature", "geometry": {"type": "Point", "coordinates": [-79.722523, 36.028829]}, "properties": {"crashes": 1, "injury": 1, "fatal": 0, "pedestrian": 0, "bicycle": 0, "density": 0.2, "year_range": "2014-2018"}}, {"type": "Feature", "geometry": {"type": "Point", "coordinates": [-79.886486, 36.054054]}, "properties": {"crashes": 3, "injury": 1, "fatal": 0, "pedestrian": 0, "bicycle": 0, "density": 0.8, "year_range": "2014-2018"}}, {"type": "Feature", "geometry": {"type": "Point", "coordinates": [-79.834234, 36.041441]}, "properties": {"crashes": 3, "injury": 1, "fatal": 0, "pedestrian": 0, "bicycle": 0, "density": 0.8, "year_range": "2014-2018"}}, {"type": "Feature", "geometry": {"type": "Point", "coordinates": [-79.8, 36.081081]}, "properties": {"crashes": 11, "injury": 2, "fatal": 0, "pedestrian": 0, "bicycle": 0, "density": 2.8, "year_range": "2014-2018"}}, {"type": "Feature", "geometry": {"type": "Point", "coordinates": [-79.812613, 36.032432]}, "properties": {"crashes": 6, "injury": 1, "fatal": 0, "pedestrian": 0, "bicycle": 0, "density": 1.5, "year_range": "2014-2018"}}, {"type": "Feature", "geometry": {"type": "Point", "coordinates": [-79.882883, 36.054054]}, "properties": {"crashes": 4, "injury": 0, "fatal": 0, "pedestrian": 0, "bicycle": 0, "density": 1.0, "year_range": "2014-2018"}}, {"type": "Feature", "geometry": {"type": "Point", "coordinates": [-79.859459, 36.048649]}, "properties": {"crashes": 2, "injury": 0, "fatal": 0, "pedestrian": 0, "bicycle": 0, "density": 0.5, "year_range": "2014-2018"}}, {"type": "Feature", "geometry": {"type": "Point", "coordinates": [-79.735135, 36.052252]}, "properties": {"crashes": 9, "injury": 1, "fatal": 0, "pedestrian": 0, "bicycle": 0, "density": 2.2, "year_range": "2014-2018"}}, {"type": "Feature", "geometry": {"type": "Point", "coordinates": [-79.769369, 36.046847]}, "properties": {"crashes": 20, "injury": 5, "fatal": 0, "pedestrian": 0, "bicycle": 0, "density": 5.0, "year_range": "2014-2018"}}, {"type": "Feature", "geometry": {"type": "Point", "coordinates": [-79.836036, 36.041441]}, "properties": {"crashes": 5, "injury": 2, "fatal": 0, "pedestrian": 0, "bicycle": 0, "density": 1.2, "year_range": "2014-2018"}}, {"type": "Feature", "geometry": {"type": "Point", "coordinates": [-79.682883, 36.055856]}, "properties": {"crashes": 3, "injury": 1, "fatal": 0, "pedestrian": 0, "bicycle": 0, "density": 0.8, "year_range": "2014-2018"}}, {"type": "Feature", "geometry": {"type": "Point", "coordinates": [-79.945946, 36.075676]}, "properties": {"crashes": 3, "injury": 3, "fatal": 0, "pedestrian": 0, "bicycle": 0, "density": 0.8, "year_range": "2014-2018"}}, {"type": "Feature", "geometry": {"type": "Point", "coordinates": [-79.990991, 36.09009]}, "properties": {"crashes": 4, "injury": 1, "fatal": 0, "pedestrian": 0, "bicycle": 0, "density": 1.0, "year_range": "2014-2018"}}, {"type": "Feature", "geometry": {"type": "Point", "coordinates": [-79.96036, 36.066667]}, "properties": {"crashes": 2, "injury": 0, "fatal": 0, "pedestrian": 0, "bicycle": 0, "density": 0.5, "year_range": "2014-2018"}}, {"type": "Feature", "geometry": {"type": "Point", "coordinates": [-79.989189, 36.09009]}, "properties": {"crashes": 1, "injury": 1, "fatal": 0, "pedestrian": 0, "bicycle": 0, "density": 0.2, "year_range": "2014-2018"}}, {"type": "Feature", "geometry": {"type": "Point", "coordinates": [-79.787387, 36.054054]}, "properties": {"crashes": 1, "injury": 0, "fatal": 0, "pedestrian": 0, "bicycle": 0, "density": 0.2, "year_range": "2014-2018"}}, {"type": "Feature", "geometry": {"type": "Point", "coordinates": [-79.897297, 36.059459]}, "properties": {"crashes": 3, "injury": 1, "fatal": 0, "pedestrian": 0, "bicycle": 0, "density": 0.8, "year_range": "2014-2018"}}, {"type": "Feature", "geometry": {"type": "Point", "coordinates": [-79.814414, 36.001802]}, "properties": {"crashes": 2, "injury": 0, "fatal": 0, "pedestrian": 0, "bicycle": 0, "density": 0.5, "year_range": "2014-2018"}}, {"type": "Feature", "geometry": {"type": "Point", "coordinates": [-79.877477, 36.118919]}, "properties": {"crashes": 2, "injury": 0, "fatal": 0, "pedestrian": 0, "bicycle": 0, "density": 0.5, "year_range": "2014-2018"}}, {"type": "Feature", "geometry": {"type": "Point", "coordinates": [-79.681081, 36.059459]}, "properties": {"crashes": 1, "injury": 0, "fatal": 0, "pedestrian": 0, "bicycle": 0, "density": 0.2, "year_range": "2014-2018"}}, {"type": "Feature", "geometry": {"type": "Point", "coordinates": [-79.881081, 36.07027]}, "properties": {"crashes": 4, "injury": 0, "fatal": 0, "pedestrian": 0, "bicycle": 0, "density": 1.0, "year_range": "2014-2018"}}, {"type": "Feature", "geometry": {"type": "Point", "coordinates": [-79.776577, 36.066667]}, "properties": {"crashes": 2, "injury": 0, "fatal": 0, "pedestrian": 0, "bicycle": 0, "density": 0.5, "year_range": "2014-2018"}}, {"type": "Feature", "geometry": {"type": "Point", "coordinates": [-79.821622, 36.052252]}, "properties": {"crashes": 13, "injury": 6, "fatal": 0, "pedestrian": 0, "bicycle": 0, "density": 3.2, "year_range": "2014-2018"}}, {"type": "Feature", "geometry": {"type": "Point", "coordinates": [-79.758559, 36.111712]}, "properties": {"crashes": 6, "injury": 3, "fatal": 0, "pedestrian": 0, "bicycle": 0, "density": 1.5, "year_range": "2014-2018"}}, {"type": "Feature", "geometry": {"type": "Point", "coordinates": [-79.843243, 36.120721]}, "properties": {"crashes": 48, "injury": 20, "fatal": 0, "pedestrian": 0, "bicycle": 0, "density": 12.0, "year_range": "2014-2018"}}, {"type": "Feature", "geometry": {"type": "Point", "coordinates": [-79.830631, 36.055856]}, "properties": {"crashes": 10, "injury": 3, "fatal": 0, "pedestrian": 0, "bicycle": 0, "density": 2.5, "year_range": "2014-2018"}}, {"type": "Feature", "geometry": {"type": "Point", "coordinates": [-79.845045, 36.05045]}, "properties": {"crashes": 9, "injury": 3, "fatal": 0, "pedestrian": 0, "bicycle": 0, "density": 2.2, "year_range": "2014-2018"}}, {"type": "Feature", "geometry": {"type": "Point", "coordinates": [-79.843243, 36.043243]}, "properties": {"crashes": 12, "injury": 2, "fatal": 0, "pedestrian": 0, "bicycle": 0, "density": 3.0, "year_range": "2014-2018"}}, {"type": "Feature", "geometry": {"type": "Point", "coordinates": [-79.790991, 36.021622]}, "properties": {"crashes": 5, "injury": 2, "fatal": 0, "pedestrian": 0, "bicycle": 0, "density": 1.2, "year_range": "2014-2018"}}, {"type": "Feature", "geometry": {"type": "Point", "coordinates": [-79.827027, 36.063063]}, "properties": {"crashes": 10, "injury": 3, "fatal": 0, "pedestrian": 0, "bicycle": 0, "density": 2.5, "year_range": "2014-2018"}}, {"type": "Feature", "geometry": {"type": "Point", "coordinates": [-79.908108, 36.03964]}, "properties": {"crashes": 1, "injury": 0, "fatal": 0, "pedestrian": 0, "bicycle": 0, "density": 0.2, "year_range": "2014-2018"}}, {"type": "Feature", "geometry": {"type": "Point", "coordinates": [-79.900901, 36.059459]}, "properties": {"crashes": 6, "injury": 2, "fatal": 0, "pedestrian": 0, "bicycle": 0, "density": 1.5, "year_range": "2014-2018"}}, {"type": "Feature", "geometry": {"type": "Point", "coordinates": [-79.90991, 36.036036]}, "properties": {"crashes": 1, "injury": 0, "fatal": 0, "pedestrian": 0, "bicycle": 0, "density": 0.2, "year_range": "2014-2018"}}, {"type": "Feature", "geometry": {"type": "Point", "coordinates": [-79.85045, 36.032432]}, "properties": {"crashes": 10, "injury": 4, "fatal": 0, "pedestrian": 0, "bicycle": 0, "density": 2.5, "year_range": "2014-2018"}}, {"type": "Feature", "geometry": {"type": "Point", "coordinates": [-79.744144, 36.120721]}, "properties": {"crashes": 1, "injury": 0, "fatal": 0, "pedestrian": 0, "bicycle": 0, "density": 0.2, "year_range": "2014-2018"}}, {"type": "Feature", "geometry": {"type": "Point", "coordinates": [-79.783784, 36.055856]}, "properties": {"crashes": 4, "injury": 1, "fatal": 0, "pedestrian": 0, "bicycle": 0, "density": 1.0, "year_range": "2014-2018"}}, {"type": "Feature", "geometry": {"type": "Point", "coordinates": [-79.754955, 36.10991]}, "properties": {"crashes": 9, "injury": 5, "fatal": 0, "pedestrian": 0, "bicycle": 0, "density": 2.2, "year_range": "2014-2018"}}, {"type": "Feature", "geometry": {"type": "Point", "coordinates": [-79.754955, 36.118919]}, "properties": {"crashes": 2, "injury": 1, "fatal": 0, "pedestrian": 0, "bicycle": 0, "density": 0.5, "year_range": "2014-2018"}}, {"type": "Feature", "geometry": {"type": "Point", "coordinates": [-79.787387, 36.073874]}, "properties": {"crashes": 7, "injury": 3, "fatal": 0, "pedestrian": 0, "bicycle": 0, "density": 1.8, "year_range": "2014-2018"}}, {"type": "Feature", "geometry": {"type": "Point", "coordinates": [-79.798198, 36.131532]}, "properties": {"crashes": 31, "injury": 10, "fatal": 0, "pedestrian": 0, "bicycle": 0, "density": 7.8, "year_range": "2014-2018"}}, {"type": "Feature", "geometry": {"type": "Point", "coordinates": [-79.904505, 36.01982]}, "properties": {"crashes": 2, "injury": 0, "fatal": 0, "pedestrian": 0, "bicycle": 0, "density": 0.5, "year_range": "2014-2018"}}, {"type": "Feature", "geometry": {"type": "Point", "coordinates": [-79.864865, 36.072072]}, "properties": {"crashes": 1, "injury": 1, "fatal": 0, "pedestrian": 0, "bicycle": 0, "density": 0.2, "year_range": "2014-2018"}}, {"type": "Feature", "geometry": {"type": "Point", "coordinates": [-79.785586, 36.088288]}, "properties": {"crashes": 13, "injury": 3, "fatal": 0, "pedestrian": 0, "bicycle": 0, "density": 3.2, "year_range": "2014-2018"}}, {"type": "Feature", "geometry": {"type": "Point", "coordinates": [-79.753153, 36.079279]}, "properties": {"crashes": 1, "injury": 0, "fatal": 0, "pedestrian": 0, "bicycle": 0, "density": 0.2, "year_range": "2014-2018"}}, {"type": "Feature", "geometry": {"type": "Point", "coordinates": [-79.859459, 36.046847]}, "properties": {"crashes": 3, "injury": 1, "fatal": 0, "pedestrian": 0, "bicycle": 0, "density": 0.8, "year_range": "2014-2018"}}, {"type": "Feature", "geometry": {"type": "Point", "coordinates": [-79.832432, 36.127928]}, "properties": {"crashes": 1, "injury": 0, "fatal": 0, "pedestrian": 0, "bicycle": 0, "density": 0.2, "year_range": "2014-2018"}}, {"type": "Feature", "geometry": {"type": "Point", "coordinates": [-79.818018, 36.068468]}, "properties": {"crashes": 3, "injury": 1, "fatal": 0, "pedestrian": 0, "bicycle": 0, "density": 0.8, "year_range": "2014-2018"}}, {"type": "Feature", "geometry": {"type": "Point", "coordinates": [-79.772973, 36.088288]}, "properties": {"crashes": 4, "injury": 3, "fatal": 0, "pedestrian": 0, "bicycle": 0, "density": 1.0, "year_range": "2014-2018"}}, {"type": "Feature", "geometry": {"type": "Point", "coordinates": [-79.895495, 36.117117]}, "properties": {"crashes": 3, "injury": 2, "fatal": 0, "pedestrian": 0, "bicycle": 0, "density": 0.8, "year_range": "2014-2018"}}, {"type": "Feature", "geometry": {"type": "Point", "coordinates": [-79.816216, 36.054054]}, "properties": {"crashes": 1, "injury": 1, "fatal": 0, "pedestrian": 0, "bicycle": 0, "density": 0.2, "year_range": "2014-2018"}}, {"type": "Feature", "geometry": {"type": "Point", "coordinates": [-79.772973, 36.045045]}, "properties": {"crashes": 17, "injury": 5, "fatal": 0, "pedestrian": 0, "bicycle": 0, "density": 4.2, "year_range": "2014-2018"}}, {"type": "Feature", "geometry": {"type": "Point", "coordinates": [-79.717117, 36.100901]}, "properties": {"crashes": 2, "injury": 1, "fatal": 0, "pedestrian": 0, "bicycle": 0, "density": 0.5, "year_range": "2014-2018"}}, {"type": "Feature", "geometry": {"type": "Point", "coordinates": [-79.879279, 36.068468]}, "properties": {"crashes": 3, "injury": 0, "fatal": 0, "pedestrian": 0, "bicycle": 0, "density": 0.8, "year_range": "2014-2018"}}, {"type": "Feature", "geometry": {"type": "Point", "coordinates": [-79.875676, 36.117117]}, "properties": {"crashes": 18, "injury": 5, "fatal": 0, "pedestrian": 0, "bicycle": 0, "density": 4.5, "year_range": "2014-2018"}}, {"type": "Feature", "geometry": {"type": "Point", "coordinates": [-79.790991, 36.03964]}, "properties": {"crashes": 16, "injury": 8, "fatal": 0, "pedestrian": 0, "bicycle": 0, "density": 4.0, "year_range": "2014-2018"}}, {"type": "Feature", "geometry": {"type": "Point", "coordinates": [-79.771171, 36.086486]}, "properties": {"crashes": 1, "injury": 0, "fatal": 0, "pedestrian": 0, "bicycle": 0, "density": 0.2, "year_range": "2014-2018"}}, {"type": "Feature", "geometry": {"type": "Point", "coordinates": [-79.818018, 36.061261]}, "properties": {"crashes": 11, "injury": 6, "fatal": 0, "pedestrian": 0, "bicycle": 0, "density": 2.8, "year_range": "2014-2018"}}, {"type": "Feature", "geometry": {"type": "Point", "coordinates": [-79.767568, 36.082883]}, "properties": {"crashes": 6, "injury": 1, "fatal": 0, "pedestrian": 0, "bicycle": 0, "density": 1.5, "year_range": "2014-2018"}}, {"type": "Feature", "geometry": {"type": "Point", "coordinates": [-79.805405, 36.068468]}, "properties": {"crashes": 3, "injury": 1, "fatal": 0, "pedestrian": 0, "bicycle": 0, "density": 0.8, "year_range": "2014-2018"}}, {"type": "Feature", "geometry": {"type": "Point", "coordinates": [-79.868468, 36.032432]}, "properties": {"crashes": 6, "injury": 1, "fatal": 0, "pedestrian": 0, "bicycle": 0, "density": 1.5, "year_range": "2014-2018"}}, {"type": "Feature", "geometry": {"type": "Point", "coordinates": [-79.776577, 36.142342]}, "properties": {"crashes": 4, "injury": 2, "fatal": 0, "pedestrian": 0, "bicycle": 0, "density": 1.0, "year_range": "2014-2018"}}, {"type": "Feature", "geometry": {"type": "Point", "coordinates": [-79.787387, 36.034234]}, "properties": {"crashes": 2, "injury": 0, "fatal": 0, "pedestrian": 0, "bicycle": 0, "density": 0.5, "year_range": "2014-2018"}}, {"type": "Feature", "geometry": {"type": "Point", "coordinates": [-79.821622, 36.036036]}, "properties": {"crashes": 8, "injury": 1, "fatal": 0, "pedestrian": 0, "bicycle": 0, "density": 2.0, "year_range": "2014-2018"}}, {"type": "Feature", "geometry": {"type": "Point", "coordinates": [-79.864865, 36.059459]}, "properties": {"crashes": 7, "injury": 2, "fatal": 0, "pedestrian": 0, "bicycle": 0, "density": 1.8, "year_range": "2014-2018"}}, {"type": "Feature", "geometry": {"type": "Point", "coordinates": [-79.848649, 36.064865]}, "properties": {"crashes": 20, "injury": 3, "fatal": 0, "pedestrian": 0, "bicycle": 0, "density": 5.0, "year_range": "2014-2018"}}, {"type": "Feature", "geometry": {"type": "Point", "coordinates": [-79.803604, 36.055856]}, "properties": {"crashes": 1, "injury": 0, "fatal": 0, "pedestrian": 0, "bicycle": 0, "density": 0.2, "year_range": "2014-2018"}}, {"type": "Feature", "geometry": {"type": "Point", "coordinates": [-79.794595, 36.003604]}, "properties": {"crashes": 5, "injury": 4, "fatal": 0, "pedestrian": 0, "bicycle": 0, "density": 1.2, "year_range": "2014-2018"}}, {"type": "Feature", "geometry": {"type": "Point", "coordinates": [-79.812613, 36.063063]}, "properties": {"crashes": 6, "injury": 1, "fatal": 0, "pedestrian": 0, "bicycle": 0, "density": 1.5, "year_range": "2014-2018"}}, {"type": "Feature", "geometry": {"type": "Point", "coordinates": [-79.958559, 36.075676]}, "properties": {"crashes": 5, "injury": 2, "fatal": 0, "pedestrian": 0, "bicycle": 0, "density": 1.2, "year_range": "2014-2018"}}, {"type": "Feature", "geometry": {"type": "Point", "coordinates": [-79.825225, 36.082883]}, "properties": {"crashes": 2, "injury": 1, "fatal": 0, "pedestrian": 0, "bicycle": 0, "density": 0.5, "year_range": "2014-2018"}}, {"type": "Feature", "geometry": {"type": "Point", "coordinates": [-79.834234, 36.113514]}, "properties": {"crashes": 8, "injury": 3, "fatal": 0, "pedestrian": 0, "bicycle": 0, "density": 2.0, "year_range": "2014-2018"}}, {"type": "Feature", "geometry": {"type": "Point", "coordinates": [-79.751351, 36.120721]}, "properties": {"crashes": 2, "injury": 1, "fatal": 0, "pedestrian": 0, "bicycle": 0, "density": 0.5, "year_range": "2014-2018"}}, {"type": "Feature", "geometry": {"type": "Point", "coordinates": [-79.8, 36.063063]}, "properties": {"crashes": 1, "injury": 1, "fatal": 0, "pedestrian": 0, "bicycle": 0, "density": 0.2, "year_range": "2014-2018"}}, {"type": "Feature", "geometry": {"type": "Point", "coordinates": [-79.852252, 36.059459]}, "properties": {"crashes": 3, "injury": 0, "fatal": 0, "pedestrian": 0, "bicycle": 0, "density": 0.8, "year_range": "2014-2018"}}, {"type": "Feature", "geometry": {"type": "Point", "coordinates": [-79.8, 36.0]}, "properties": {"crashes": 3, "injury": 1, "fatal": 0, "pedestrian": 0, "bicycle": 0, "density": 0.8, "year_range": "2014-2018"}}, {"type": "Feature", "geometry": {"type": "Point", "coordinates": [-79.908108, 36.034234]}, "properties": {"crashes": 2, "injury": 0, "fatal": 0, "pedestrian": 0, "bicycle": 0, "density": 0.5, "year_range": "2014-2018"}}, {"type": "Feature", "geometry": {"type": "Point", "coordinates": [-79.830631, 36.082883]}, "properties": {"crashes": 27, "injury": 5, "fatal": 0, "pedestrian": 0, "bicycle": 0, "density": 6.8, "year_range": "2014-2018"}}, {"type": "Feature", "geometry": {"type": "Point", "coordinates": [-79.830631, 36.108108]}, "properties": {"crashes": 1, "injury": 0, "fatal": 0, "pedestrian": 0, "bicycle": 0, "density": 0.2, "year_range": "2014-2018"}}, {"type": "Feature", "geometry": {"type": "Point", "coordinates": [-79.783784, 36.120721]}, "properties": {"crashes": 2, "injury": 1, "fatal": 0, "pedestrian": 0, "bicycle": 0, "density": 0.5, "year_range": "2014-2018"}}, {"type": "Feature", "geometry": {"type": "Point", "coordinates": [-79.767568, 36.061261]}, "properties": {"crashes": 9, "injury": 4, "fatal": 0, "pedestrian": 0, "bicycle": 0, "density": 2.2, "year_range": "2014-2018"}}, {"type": "Feature", "geometry": {"type": "Point", "coordinates": [-79.796396, 36.131532]}, "properties": {"crashes": 15, "injury": 2, "fatal": 0, "pedestrian": 0, "bicycle": 0, "density": 3.8, "year_range": "2014-2018"}}, {"type": "Feature", "geometry": {"type": "Point", "coordinates": [-79.789189, 36.064865]}, "properties": {"crashes": 15, "injury": 4, "fatal": 0, "pedestrian": 0, "bicycle": 0, "density": 3.8, "year_range": "2014-2018"}}, {"type": "Feature", "geometry": {"type": "Point", "coordinates": [-79.906306, 36.054054]}, "properties": {"crashes": 10, "injury": 5, "fatal": 0, "pedestrian": 0, "bicycle": 0, "density": 2.5, "year_range": "2014-2018"}}, {"type": "Feature", "geometry": {"type": "Point", "coordinates": [-79.812613, 36.142342]}, "properties": {"crashes": 2, "injury": 1, "fatal": 0, "pedestrian": 0, "bicycle": 0, "density": 0.5, "year_range": "2014-2018"}}, {"type": "Feature", "geometry": {"type": "Point", "coordinates": [-79.796396, 36.057658]}, "properties": {"crashes": 2, "injury": 2, "fatal": 0, "pedestrian": 0, "bicycle": 0, "density": 0.5, "year_range": "2014-2018"}}, {"type": "Feature", "geometry": {"type": "Point", "coordinates": [-79.781982, 36.082883]}, "properties": {"crashes": 4, "injury": 1, "fatal": 0, "pedestrian": 0, "bicycle": 0, "density": 1.0, "year_range": "2014-2018"}}, {"type": "Feature", "geometry": {"type": "Point", "coordinates": [-79.810811, 36.063063]}, "properties": {"crashes": 2, "injury": 1, "fatal": 0, "pedestrian": 0, "bicycle": 0, "density": 0.5, "year_range": "2014-2018"}}, {"type": "Feature", "geometry": {"type": "Point", "coordinates": [-79.825225, 36.021622]}, "properties": {"crashes": 3, "injury": 1, "fatal": 0, "pedestrian": 0, "bicycle": 0, "density": 0.8, "year_range": "2014-2018"}}, {"type": "Feature", "geometry": {"type": "Point", "coordinates": [-79.87027, 36.07027]}, "properties": {"crashes": 9, "injury": 1, "fatal": 0, "pedestrian": 0, "bicycle": 0, "density": 2.2, "year_range": "2014-2018"}}, {"type": "Feature", "geometry": {"type": "Point", "coordinates": [-79.899099, 36.055856]}, "properties": {"crashes": 18, "injury": 9, "fatal": 0, "pedestrian": 0, "bicycle": 0, "density": 4.5, "year_range": "2014-2018"}}, {"type": "Feature", "geometry": {"type": "Point", "coordinates": [-79.900901, 36.057658]}, "properties": {"crashes": 21, "injury": 2, "fatal": 0, "pedestrian": 0, "bicycle": 0, "density": 5.2, "year_range": "2014-2018"}}, {"type": "Feature", "geometry": {"type": "Point", "coordinates": [-79.882883, 36.059459]}, "properties": {"crashes": 5, "injury": 2, "fatal": 0, "pedestrian": 0, "bicycle": 0, "density": 1.2, "year_range": "2014-2018"}}, {"type": "Feature", "geometry": {"type": "Point", "coordinates": [-79.891892, 36.117117]}, "properties": {"crashes": 6, "injury": 3, "fatal": 0, "pedestrian": 0, "bicycle": 0, "density": 1.5, "year_range": "2014-2018"}}, {"type": "Feature", "geometry": {"type": "Point", "coordinates": [-79.841441, 36.025225]}, "properties": {"crashes": 1, "injury": 0, "fatal": 0, "pedestrian": 0, "bicycle": 0, "density": 0.2, "year_range": "2014-2018"}}, {"type": "Feature", "geometry": {"type": "Point", "coordinates": [-79.951351, 36.068468]}, "properties": {"crashes": 1, "injury": 0, "fatal": 0, "pedestrian": 0, "bicycle": 0, "density": 0.2, "year_range": "2014-2018"}}, {"type": "Feature", "geometry": {"type": "Point", "coordinates": [-79.776577, 36.140541]}, "properties": {"crashes": 14, "injury": 4, "fatal": 0, "pedestrian": 0, "bicycle": 0, "density": 3.5, "year_range": "2014-2018"}}, {"type": "Feature", "geometry": {"type": "Point", "coordinates": [-79.783784, 36.118919]}, "properties": {"crashes": 4, "injury": 2, "fatal": 0, "pedestrian": 0, "bicycle": 0, "density": 1.0, "year_range": "2014-2018"}}, {"type": "Feature", "geometry": {"type": "Point", "coordinates": [-79.846847, 36.03964]}, "properties": {"crashes": 11, "injury": 3, "fatal": 0, "pedestrian": 0, "bicycle": 0, "density": 2.8, "year_range": "2014-2018"}}, {"type": "Feature", "geometry": {"type": "Point", "coordinates": [-79.940541, 36.073874]}, "properties": {"crashes": 2, "injury": 1, "fatal": 0, "pedestrian": 0, "bicycle": 0, "density": 0.5, "year_range": "2014-2018"}}, {"type": "Feature", "geometry": {"type": "Point", "coordinates": [-79.821622, 36.086486]}, "properties": {"crashes": 1, "injury": 0, "fatal": 0, "pedestrian": 0, "bicycle": 0, "density": 0.2, "year_range": "2014-2018"}}, {"type": "Feature", "geometry": {"type": "Point", "coordinates": [-79.758559, 36.057658]}, "properties": {"crashes": 1, "injury": 1, "fatal": 0, "pedestrian": 0, "bicycle": 0, "density": 0.2, "year_range": "2014-2018"}}, {"type": "Feature", "geometry": {"type": "Point", "coordinates": [-79.895495, 36.048649]}, "properties": {"crashes": 1, "injury": 0, "fatal": 0, "pedestrian": 0, "bicycle": 0, "density": 0.2, "year_range": "2014-2018"}}, {"type": "Feature", "geometry": {"type": "Point", "coordinates": [-79.935135, 35.996396]}, "properties": {"crashes": 1, "injury": 0, "fatal": 0, "pedestrian": 0, "bicycle": 0, "density": 0.2, "year_range": "2014-2018"}}, {"type": "Feature", "geometry": {"type": "Point", "coordinates": [-79.814414, 36.010811]}, "properties": {"crashes": 1, "injury": 0, "fatal": 0, "pedestrian": 0, "bicycle": 0, "density": 0.2, "year_range": "2014-2018"}}, {"type": "Feature", "geometry": {"type": "Point", "coordinates": [-79.902703, 36.057658]}, "properties": {"crashes": 7, "injury": 2, "fatal": 0, "pedestrian": 0, "bicycle": 0, "density": 1.8, "year_range": "2014-2018"}}, {"type": "Feature", "geometry": {"type": "Point", "coordinates": [-79.866667, 36.07027]}, "properties": {"crashes": 12, "injury": 3, "fatal": 0, "pedestrian": 0, "bicycle": 0, "density": 3.0, "year_range": "2014-2018"}}, {"type": "Feature", "geometry": {"type": "Point", "coordinates": [-79.81982, 36.063063]}, "properties": {"crashes": 22, "injury": 7, "fatal": 0, "pedestrian": 0, "bicycle": 0, "density": 5.5, "year_range": "2014-2018"}}, {"type": "Feature", "geometry": {"type": "Point", "coordinates": [-79.87027, 35.996396]}, "properties": {"crashes": 1, "injury": 0, "fatal": 0, "pedestrian": 0, "bicycle": 0, "density": 0.2, "year_range": "2014-2018"}}, {"type": "Feature", "geometry": {"type": "Point", "coordinates": [-79.789189, 36.097297]}, "properties": {"crashes": 3, "injury": 2, "fatal": 0, "pedestrian": 0, "bicycle": 0, "density": 0.8, "year_range": "2014-2018"}}, {"type": "Feature", "geometry": {"type": "Point", "coordinates": [-79.805405, 36.073874]}, "properties": {"crashes": 19, "injury": 1, "fatal": 0, "pedestrian": 0, "bicycle": 0, "density": 4.8, "year_range": "2014-2018"}}, {"type": "Feature", "geometry": {"type": "Point", "coordinates": [-79.845045, 36.063063]}, "properties": {"crashes": 3, "injury": 1, "fatal": 0, "pedestrian": 0, "bicycle": 0, "density": 0.8, "year_range": "2014-2018"}}, {"type": "Feature", "geometry": {"type": "Point", "coordinates": [-79.837838, 36.010811]}, "properties": {"crashes": 8, "injury": 2, "fatal": 0, "pedestrian": 0, "bicycle": 0, "density": 2.0, "year_range": "2014-2018"}}, {"type": "Feature", "geometry": {"type": "Point", "coordinates": [-79.832432, 36.041441]}, "properties": {"crashes": 4, "injury": 1, "fatal": 0, "pedestrian": 0, "bicycle": 0, "density": 1.0, "year_range": "2014-2018"}}, {"type": "Feature", "geometry": {"type": "Point", "coordinates": [-79.794595, 36.120721]}, "properties": {"crashes": 2, "injury": 1, "fatal": 0, "pedestrian": 0, "bicycle": 0, "density": 0.5, "year_range": "2014-2018"}}, {"type": "Feature", "geometry": {"type": "Point", "coordinates": [-79.769369, 36.111712]}, "properties": {"crashes": 1, "injury": 1, "fatal": 0, "pedestrian": 0, "bicycle": 0, "density": 0.2, "year_range": "2014-2018"}}, {"type": "Feature", "geometry": {"type": "Point", "coordinates": [-79.816216, 36.093694]}, "properties": {"crashes": 9, "injury": 3, "fatal": 0, "pedestrian": 0, "bicycle": 0, "density": 2.2, "year_range": "2014-2018"}}, {"type": "Feature", "geometry": {"type": "Point", "coordinates": [-79.771171, 36.046847]}, "properties": {"crashes": 4, "injury": 2, "fatal": 0, "pedestrian": 0, "bicycle": 0, "density": 1.0, "year_range": "2014-2018"}}, {"type": "Feature", "geometry": {"type": "Point", "coordinates": [-79.814414, 36.028829]}, "properties": {"crashes": 1, "injury": 0, "fatal": 0, "pedestrian": 0, "bicycle": 0, "density": 0.2, "year_range": "2014-2018"}}, {"type": "Feature", "geometry": {"type": "Point", "coordinates": [-79.828829, 36.063063]}, "properties": {"crashes": 6, "injury": 5, "fatal": 0, "pedestrian": 0, "bicycle": 0, "density": 1.5, "year_range": "2014-2018"}}, {"type": "Feature", "geometry": {"type": "Point", "coordinates": [-79.767568, 36.063063]}, "properties": {"crashes": 31, "injury": 10, "fatal": 0, "pedestrian": 0, "bicycle": 0, "density": 7.8, "year_range": "2014-2018"}}, {"type": "Feature", "geometry": {"type": "Point", "coordinates": [-79.767568, 36.072072]}, "properties": {"crashes": 1, "injury": 0, "fatal": 0, "pedestrian": 0, "bicycle": 0, "density": 0.2, "year_range": "2014-2018"}}, {"type": "Feature", "geometry": {"type": "Point", "coordinates": [-79.962162, 36.081081]}, "properties": {"crashes": 6, "injury": 2, "fatal": 0, "pedestrian": 0, "bicycle": 0, "density": 1.5, "year_range": "2014-2018"}}, {"type": "Feature", "geometry": {"type": "Point", "coordinates": [-79.805405, 36.046847]}, "properties": {"crashes": 1, "injury": 1, "fatal": 0, "pedestrian": 0, "bicycle": 0, "density": 0.2, "year_range": "2014-2018"}}, {"type": "Feature", "geometry": {"type": "Point", "coordinates": [-79.790991, 36.10991]}, "properties": {"crashes": 18, "injury": 7, "fatal": 0, "pedestrian": 0, "bicycle": 0, "density": 4.5, "year_range": "2014-2018"}}, {"type": "Feature", "geometry": {"type": "Point", "coordinates": [-79.8, 36.036036]}, "properties": {"crashes": 11, "injury": 6, "fatal": 0, "pedestrian": 0, "bicycle": 0, "density": 2.8, "year_range": "2014-2018"}}, {"type": "Feature", "geometry": {"type": "Point", "coordinates": [-79.832432, 36.113514]}, "properties": {"crashes": 2, "injury": 2, "fatal": 0, "pedestrian": 0, "bicycle": 0, "density": 0.5, "year_range": "2014-2018"}}, {"type": "Feature", "geometry": {"type": "Point", "coordinates": [-79.776577, 36.115315]}, "properties": {"crashes": 2, "injury": 0, "fatal": 0, "pedestrian": 0, "bicycle": 0, "density": 0.5, "year_range": "2014-2018"}}, {"type": "Feature", "geometry": {"type": "Point", "coordinates": [-79.792793, 36.073874]}, "properties": {"crashes": 3, "injury": 0, "fatal": 0, "pedestrian": 0, "bicycle": 0, "density": 0.8, "year_range": "2014-2018"}}, {"type": "Feature", "geometry": {"type": "Point", "coordinates": [-79.783784, 36.081081]}, "properties": {"crashes": 1, "injury": 0, "fatal": 0, "pedestrian": 0, "bicycle": 0, "density": 0.2, "year_range": "2014-2018"}}, {"type": "Feature", "geometry": {"type": "Point", "coordinates": [-79.8, 36.003604]}, "properties": {"crashes": 5, "injury": 0, "fatal": 0, "pedestrian": 0, "bicycle": 0, "density": 1.2, "year_range": "2014-2018"}}, {"type": "Feature", "geometry": {"type": "Point", "coordinates": [-79.740541, 36.077477]}, "properties": {"crashes": 1, "injury": 0, "fatal": 0, "pedestrian": 0, "bicycle": 0, "density": 0.2, "year_range": "2014-2018"}}, {"type": "Feature", "geometry": {"type": "Point", "coordinates": [-79.769369, 36.126126]}, "properties": {"crashes": 1, "injury": 0, "fatal": 0, "pedestrian": 0, "bicycle": 0, "density": 0.2, "year_range": "2014-2018"}}, {"type": "Feature", "geometry": {"type": "Point", "coordinates": [-79.767568, 36.068468]}, "properties": {"crashes": 3, "injury": 1, "fatal": 0, "pedestrian": 0, "bicycle": 0, "density": 0.8, "year_range": "2014-2018"}}, {"type": "Feature", "geometry": {"type": "Point", "coordinates": [-79.845045, 36.120721]}, "properties": {"crashes": 7, "injury": 0, "fatal": 0, "pedestrian": 0, "bicycle": 0, "density": 1.8, "year_range": "2014-2018"}}, {"type": "Feature", "geometry": {"type": "Point", "coordinates": [-79.771171, 36.066667]}, "properties": {"crashes": 8, "injury": 3, "fatal": 0, "pedestrian": 0, "bicycle": 0, "density": 2.0, "year_range": "2014-2018"}}, {"type": "Feature", "geometry": {"type": "Point", "coordinates": [-79.843243, 36.010811]}, "properties": {"crashes": 2, "injury": 1, "fatal": 0, "pedestrian": 0, "bicycle": 0, "density": 0.5, "year_range": "2014-2018"}}, {"type": "Feature", "geometry": {"type": "Point", "coordinates": [-79.996396, 36.093694]}, "properties": {"crashes": 9, "injury": 3, "fatal": 0, "pedestrian": 0, "bicycle": 0, "density": 2.2, "year_range": "2014-2018"}}, {"type": "Feature", "geometry": {"type": "Point", "coordinates": [-79.792793, 36.079279]}, "properties": {"crashes": 2, "injury": 1, "fatal": 0, "pedestrian": 0, "bicycle": 0, "density": 0.5, "year_range": "2014-2018"}}, {"type": "Feature", "geometry": {"type": "Point", "coordinates": [-79.825225, 36.104505]}, "properties": {"crashes": 18, "injury": 8, "fatal": 0, "pedestrian": 0, "bicycle": 0, "density": 4.5, "year_range": "2014-2018"}}, {"type": "Feature", "geometry": {"type": "Point", "coordinates": [-79.776577, 36.095495]}, "properties": {"crashes": 2, "injury": 0, "fatal": 0, "pedestrian": 0, "bicycle": 0, "density": 0.5, "year_range": "2014-2018"}}, {"type": "Feature", "geometry": {"type": "Point", "coordinates": [-79.767568, 36.100901]}, "properties": {"crashes": 2, "injury": 0, "fatal": 0, "pedestrian": 0, "bicycle": 0, "density": 0.5, "year_range": "2014-2018"}}, {"type": "Feature", "geometry": {"type": "Point", "coordinates": [-79.812613, 36.079279]}, "properties": {"crashes": 11, "injury": 7, "fatal": 0, "pedestrian": 0, "bicycle": 0, "density": 2.8, "year_range": "2014-2018"}}, {"type": "Feature", "geometry": {"type": "Point", "coordinates": [-79.818018, 36.023423]}, "properties": {"crashes": 2, "injury": 1, "fatal": 0, "pedestrian": 0, "bicycle": 0, "density": 0.5, "year_range": "2014-2018"}}, {"type": "Feature", "geometry": {"type": "Point", "coordinates": [-79.895495, 36.077477]}, "properties": {"crashes": 4, "injury": 1, "fatal": 0, "pedestrian": 0, "bicycle": 0, "density": 1.0, "year_range": "2014-2018"}}, {"type": "Feature", "geometry": {"type": "Point", "coordinates": [-79.8, 36.032432]}, "properties": {"crashes": 22, "injury": 14, "fatal": 0, "pedestrian": 0, "bicycle": 0, "density": 5.5, "year_range": "2014-2018"}}, {"type": "Feature", "geometry": {"type": "Point", "coordinates": [-79.686486, 36.059459]}, "properties": {"crashes": 3, "injury": 0, "fatal": 0, "pedestrian": 0, "bicycle": 0, "density": 0.8, "year_range": "2014-2018"}}, {"type": "Feature", "geometry": {"type": "Point", "coordinates": [-79.843243, 36.016216]}, "properties": {"crashes": 2, "injury": 1, "fatal": 0, "pedestrian": 0, "bicycle": 0, "density": 0.5, "year_range": "2014-2018"}}, {"type": "Feature", "geometry": {"type": "Point", "coordinates": [-79.873874, 36.036036]}, "properties": {"crashes": 2, "injury": 0, "fatal": 0, "pedestrian": 0, "bicycle": 0, "density": 0.5, "year_range": "2014-2018"}}, {"type": "Feature", "geometry": {"type": "Point", "coordinates": [-79.733333, 36.018018]}, "properties": {"crashes": 1, "injury": 0, "fatal": 0, "pedestrian": 0, "bicycle": 0, "density": 0.2, "year_range": "2014-2018"}}, {"type": "Feature", "geometry": {"type": "Point", "coordinates": [-79.886486, 36.088288]}, "properties": {"crashes": 3, "injury": 0, "fatal": 0, "pedestrian": 0, "bicycle": 0, "density": 0.8, "year_range": "2014-2018"}}, {"type": "Feature", "geometry": {"type": "Point", "coordinates": [-79.864865, 36.079279]}, "properties": {"crashes": 1, "injury": 0, "fatal": 0, "pedestrian": 0, "bicycle": 0, "density": 0.2, "year_range": "2014-2018"}}, {"type": "Feature", "geometry": {"type": "Point", "coordinates": [-79.92973, 36.084685]}, "properties": {"crashes": 1, "injury": 1, "fatal": 0, "pedestrian": 0, "bicycle": 0, "density": 0.2, "year_range": "2014-2018"}}, {"type": "Feature", "geometry": {"type": "Point", "coordinates": [-79.836036, 36.034234]}, "properties": {"crashes": 1, "injury": 0, "fatal": 0, "pedestrian": 0, "bicycle": 0, "density": 0.2, "year_range": "2014-2018"}}, {"type": "Feature", "geometry": {"type": "Point", "coordinates": [-79.920721, 36.086486]}, "properties": {"crashes": 1, "injury": 1, "fatal": 0, "pedestrian": 0, "bicycle": 0, "density": 0.2, "year_range": "2014-2018"}}, {"type": "Feature", "geometry": {"type": "Point", "coordinates": [-79.915315, 36.100901]}, "properties": {"crashes": 7, "injury": 4, "fatal": 0, "pedestrian": 0, "bicycle": 0, "density": 1.8, "year_range": "2014-2018"}}, {"type": "Feature", "geometry": {"type": "Point", "coordinates": [-79.873874, 36.061261]}, "properties": {"crashes": 1, "injury": 0, "fatal": 0, "pedestrian": 0, "bicycle": 0, "density": 0.2, "year_range": "2014-2018"}}, {"type": "Feature", "geometry": {"type": "Point", "coordinates": [-79.87027, 36.151351]}, "properties": {"crashes": 2, "injury": 1, "fatal": 0, "pedestrian": 0, "bicycle": 0, "density": 0.5, "year_range": "2014-2018"}}, {"type": "Feature", "geometry": {"type": "Point", "coordinates": [-79.906306, 36.061261]}, "properties": {"crashes": 5, "injury": 2, "fatal": 0, "pedestrian": 0, "bicycle": 0, "density": 1.2, "year_range": "2014-2018"}}, {"type": "Feature", "geometry": {"type": "Point", "coordinates": [-79.922523, 36.068468]}, "properties": {"crashes": 1, "injury": 0, "fatal": 0, "pedestrian": 0, "bicycle": 0, "density": 0.2, "year_range": "2014-2018"}}, {"type": "Feature", "geometry": {"type": "Point", "coordinates": [-79.816216, 36.140541]}, "properties": {"crashes": 1, "injury": 0, "fatal": 0, "pedestrian": 0, "bicycle": 0, "density": 0.2, "year_range": "2014-2018"}}, {"type": "Feature", "geometry": {"type": "Point", "coordinates": [-79.917117, 36.153153]}, "properties": {"crashes": 1, "injury": 1, "fatal": 0, "pedestrian": 0, "bicycle": 0, "density": 0.2, "year_range": "2014-2018"}}, {"type": "Feature", "geometry": {"type": "Point", "coordinates": [-79.879279, 36.034234]}, "properties": {"crashes": 2, "injury": 0, "fatal": 0, "pedestrian": 0, "bicycle": 0, "density": 0.5, "year_range": "2014-2018"}}, {"type": "Feature", "geometry": {"type": "Point", "coordinates": [-79.884685, 36.057658]}, "properties": {"crashes": 8, "injury": 0, "fatal": 0, "pedestrian": 0, "bicycle": 0, "density": 2.0, "year_range": "2014-2018"}}, {"type": "Feature", "geometry": {"type": "Point", "coordinates": [-79.781982, 36.097297]}, "properties": {"crashes": 4, "injury": 1, "fatal": 0, "pedestrian": 0, "bicycle": 0, "density": 1.0, "year_range": "2014-2018"}}, {"type": "Feature", "geometry": {"type": "Point", "coordinates": [-79.792793, 36.064865]}, "properties": {"crashes": 11, "injury": 5, "fatal": 0, "pedestrian": 0, "bicycle": 0, "density": 2.8, "year_range": "2014-2018"}}, {"type": "Feature", "geometry": {"type": "Point", "coordinates": [-79.841441, 36.063063]}, "properties": {"crashes": 3, "injury": 2, "fatal": 0, "pedestrian": 0, "bicycle": 0, "density": 0.8, "year_range": "2014-2018"}}, {"type": "Feature", "geometry": {"type": "Point", "coordinates": [-79.805405, 36.016216]}, "properties": {"crashes": 4, "injury": 2, "fatal": 0, "pedestrian": 0, "bicycle": 0, "density": 1.0, "year_range": "2014-2018"}}, {"type": "Feature", "geometry": {"type": "Point", "coordinates": [-79.814414, 36.084685]}, "properties": {"crashes": 3, "injury": 0, "fatal": 0, "pedestrian": 0, "bicycle": 0, "density": 0.8, "year_range": "2014-2018"}}, {"type": "Feature", "geometry": {"type": "Point", "coordinates": [-79.81982, 36.005405]}, "properties": {"crashes": 1, "injury": 1, "fatal": 0, "pedestrian": 0, "bicycle": 0, "density": 0.2, "year_range": "2014-2018"}}, {"type": "Feature", "geometry": {"type": "Point", "coordinates": [-79.90991, 36.063063]}, "properties": {"crashes": 5, "injury": 3, "fatal": 0, "pedestrian": 0, "bicycle": 0, "density": 1.2, "year_range": "2014-2018"}}, {"type": "Feature", "geometry": {"type": "Point", "coordinates": [-79.81982, 36.111712]}, "properties": {"crashes": 11, "injury": 5, "fatal": 0, "pedestrian": 0, "bicycle": 0, "density": 2.8, "year_range": "2014-2018"}}, {"type": "Feature", "geometry": {"type": "Point", "coordinates": [-79.873874, 36.117117]}, "properties": {"crashes": 5, "injury": 2, "fatal": 0, "pedestrian": 0, "bicycle": 0, "density": 1.2, "year_range": "2014-2018"}}, {"type": "Feature", "geometry": {"type": "Point", "coordinates": [-79.888288, 36.055856]}, "properties": {"crashes": 6, "injury": 1, "fatal": 0, "pedestrian": 0, "bicycle": 0, "density": 1.5, "year_range": "2014-2018"}}, {"type": "Feature", "geometry": {"type": "Point", "coordinates": [-79.861261, 36.059459]}, "properties": {"crashes": 3, "injury": 1, "fatal": 0, "pedestrian": 0, "bicycle": 0, "density": 0.8, "year_range": "2014-2018"}}, {"type": "Feature", "geometry": {"type": "Point", "coordinates": [-79.837838, 36.117117]}, "properties": {"crashes": 8, "injury": 1, "fatal": 0, "pedestrian": 0, "bicycle": 0, "density": 2.0, "year_range": "2014-2018"}}, {"type": "Feature", "geometry": {"type": "Point", "coordinates": [-79.771171, 36.115315]}, "properties": {"crashes": 1, "injury": 0, "fatal": 0, "pedestrian": 0, "bicycle": 0, "density": 0.2, "year_range": "2014-2018"}}, {"type": "Feature", "geometry": {"type": "Point", "coordinates": [-79.877477, 36.115315]}, "properties": {"crashes": 5, "injury": 0, "fatal": 0, "pedestrian": 0, "bicycle": 0, "density": 1.2, "year_range": "2014-2018"}}, {"type": "Feature", "geometry": {"type": "Point", "coordinates": [-79.828829, 36.081081]}, "properties": {"crashes": 7, "injury": 2, "fatal": 0, "pedestrian": 0, "bicycle": 0, "density": 1.8, "year_range": "2014-2018"}}, {"type": "Feature", "geometry": {"type": "Point", "coordinates": [-79.772973, 36.126126]}, "properties": {"crashes": 7, "injury": 4, "fatal": 0, "pedestrian": 0, "bicycle": 0, "density": 1.8, "year_range": "2014-2018"}}, {"type": "Feature", "geometry": {"type": "Point", "coordinates": [-79.861261, 36.052252]}, "properties": {"crashes": 3, "injury": 0, "fatal": 0, "pedestrian": 0, "bicycle": 0, "density": 0.8, "year_range": "2014-2018"}}, {"type": "Feature", "geometry": {"type": "Point", "coordinates": [-79.868468, 36.059459]}, "properties": {"crashes": 12, "injury": 5, "fatal": 0, "pedestrian": 0, "bicycle": 0, "density": 3.0, "year_range": "2014-2018"}}, {"type": "Feature", "geometry": {"type": "Point", "coordinates": [-79.727928, 36.174775]}, "properties": {"crashes": 1, "injury": 1, "fatal": 0, "pedestrian": 0, "bicycle": 0, "density": 0.2, "year_range": "2014-2018"}}, {"type": "Feature", "geometry": {"type": "Point", "coordinates": [-79.751351, 36.118919]}, "properties": {"crashes": 1, "injury": 0, "fatal": 0, "pedestrian": 0, "bicycle": 0, "density": 0.2, "year_range": "2014-2018"}}, {"type": "Feature", "geometry": {"type": "Point", "coordinates": [-79.863063, 36.05045]}, "properties": {"crashes": 3, "injury": 0, "fatal": 0, "pedestrian": 0, "bicycle": 0, "density": 0.8, "year_range": "2014-2018"}}, {"type": "Feature", "geometry": {"type": "Point", "coordinates": [-79.762162, 36.122523]}, "properties": {"crashes": 1, "injury": 1, "fatal": 0, "pedestrian": 0, "bicycle": 0, "density": 0.2, "year_range": "2014-2018"}}, {"type": "Feature", "geometry": {"type": "Point", "coordinates": [-79.843243, 36.041441]}, "properties": {"crashes": 10, "injury": 3, "fatal": 0, "pedestrian": 0, "bicycle": 0, "density": 2.5, "year_range": "2014-2018"}}, {"type": "Feature", "geometry": {"type": "Point", "coordinates": [-79.787387, 36.122523]}, "properties": {"crashes": 2, "injury": 0, "fatal": 0, "pedestrian": 0, "bicycle": 0, "density": 0.5, "year_range": "2014-2018"}}, {"type": "Feature", "geometry": {"type": "Point", "coordinates": [-79.922523, 36.066667]}, "properties": {"crashes": 2, "injury": 0, "fatal": 0, "pedestrian": 0, "bicycle": 0, "density": 0.5, "year_range": "2014-2018"}}, {"type": "Feature", "geometry": {"type": "Point", "coordinates": [-79.913514, 36.05045]}, "properties": {"crashes": 1, "injury": 0, "fatal": 0, "pedestrian": 0, "bicycle": 0, "density": 0.2, "year_range": "2014-2018"}}, {"type": "Feature", "geometry": {"type": "Point", "coordinates": [-79.814414, 36.032432]}, "properties": {"crashes": 8, "injury": 2, "fatal": 0, "pedestrian": 0, "bicycle": 0, "density": 2.0, "year_range": "2014-2018"}}, {"type": "Feature", "geometry": {"type": "Point", "coordinates": [-79.789189, 36.059459]}, "properties": {"crashes": 2, "injury": 0, "fatal": 0, "pedestrian": 0, "bicycle": 0, "density": 0.5, "year_range": "2014-2018"}}, {"type": "Feature", "geometry": {"type": "Point", "coordinates": [-79.836036, 36.009009]}, "properties": {"crashes": 3, "injury": 0, "fatal": 0, "pedestrian": 0, "bicycle": 0, "density": 0.8, "year_range": "2014-2018"}}, {"type": "Feature", "geometry": {"type": "Point", "coordinates": [-79.861261, 36.055856]}, "properties": {"crashes": 1, "injury": 0, "fatal": 0, "pedestrian": 0, "bicycle": 0, "density": 0.2, "year_range": "2014-2018"}}, {"type": "Feature", "geometry": {"type": "Point", "coordinates": [-79.758559, 36.10991]}, "properties": {"crashes": 2, "injury": 0, "fatal": 0, "pedestrian": 0, "bicycle": 0, "density": 0.5, "year_range": "2014-2018"}}, {"type": "Feature", "geometry": {"type": "Point", "coordinates": [-79.830631, 36.10991]}, "properties": {"crashes": 10, "injury": 3, "fatal": 0, "pedestrian": 0, "bicycle": 0, "density": 2.5, "year_range": "2014-2018"}}, {"type": "Feature", "geometry": {"type": "Point", "coordinates": [-79.823423, 36.068468]}, "properties": {"crashes": 5, "injury": 2, "fatal": 0, "pedestrian": 0, "bicycle": 0, "density": 1.2, "year_range": "2014-2018"}}, {"type": "Feature", "geometry": {"type": "Point", "coordinates": [-79.803604, 36.01982]}, "properties": {"crashes": 2, "injury": 0, "fatal": 0, "pedestrian": 0, "bicycle": 0, "density": 0.5, "year_range": "2014-2018"}}, {"type": "Feature", "geometry": {"type": "Point", "coordinates": [-79.756757, 36.10991]}, "properties": {"crashes": 7, "injury": 1, "fatal": 0, "pedestrian": 0, "bicycle": 0, "density": 1.8, "year_range": "2014-2018"}}, {"type": "Feature", "geometry": {"type": "Point", "coordinates": [-79.872072, 36.154955]}, "properties": {"crashes": 4, "injury": 0, "fatal": 0, "pedestrian": 0, "bicycle": 0, "density": 1.0, "year_range": "2014-2018"}}, {"type": "Feature", "geometry": {"type": "Point", "coordinates": [-79.855856, 36.057658]}, "properties": {"crashes": 1, "injury": 0, "fatal": 0, "pedestrian": 0, "bicycle": 0, "density": 0.2, "year_range": "2014-2018"}}, {"type": "Feature", "geometry": {"type": "Point", "coordinates": [-79.778378, 36.084685]}, "properties": {"crashes": 3, "injury": 1, "fatal": 0, "pedestrian": 0, "bicycle": 0, "density": 0.8, "year_range": "2014-2018"}}, {"type": "Feature", "geometry": {"type": "Point", "coordinates": [-79.771171, 36.064865]}, "properties": {"crashes": 11, "injury": 7, "fatal": 0, "pedestrian": 0, "bicycle": 0, "density": 2.8, "year_range": "2014-2018"}}, {"type": "Feature", "geometry": {"type": "Point", "coordinates": [-79.790991, 36.05045]}, "properties": {"crashes": 10, "injury": 5, "fatal": 0, "pedestrian": 0, "bicycle": 0, "density": 2.5, "year_range": "2014-2018"}}, {"type": "Feature", "geometry": {"type": "Point", "coordinates": [-79.906306, 36.126126]}, "properties": {"crashes": 1, "injury": 1, "fatal": 0, "pedestrian": 0, "bicycle": 0, "density": 0.2, "year_range": "2014-2018"}}, {"type": "Feature", "geometry": {"type": "Point", "coordinates": [-79.942342, 36.073874]}, "properties": {"crashes": 4, "injury": 0, "fatal": 0, "pedestrian": 0, "bicycle": 0, "density": 1.0, "year_range": "2014-2018"}}, {"type": "Feature", "geometry": {"type": "Point", "coordinates": [-79.801802, 36.018018]}, "properties": {"crashes": 1, "injury": 0, "fatal": 0, "pedestrian": 0, "bicycle": 0, "density": 0.2, "year_range": "2014-2018"}}, {"type": "Feature", "geometry": {"type": "Point", "coordinates": [-79.854054, 36.055856]}, "properties": {"crashes": 5, "injury": 0, "fatal": 0, "pedestrian": 0, "bicycle": 0, "density": 1.2, "year_range": "2014-2018"}}, {"type": "Feature", "geometry": {"type": "Point", "coordinates": [-79.767568, 36.048649]}, "properties": {"crashes": 6, "injury": 1, "fatal": 0, "pedestrian": 0, "bicycle": 0, "density": 1.5, "year_range": "2014-2018"}}, {"type": "Feature", "geometry": {"type": "Point", "coordinates": [-79.787387, 36.036036]}, "properties": {"crashes": 13, "injury": 6, "fatal": 0, "pedestrian": 0, "bicycle": 0, "density": 3.2, "year_range": "2014-2018"}}, {"type": "Feature", "geometry": {"type": "Point", "coordinates": [-79.818018, 36.034234]}, "properties": {"crashes": 5, "injury": 1, "fatal": 0, "pedestrian": 0, "bicycle": 0, "density": 1.2, "year_range": "2014-2018"}}, {"type": "Feature", "geometry": {"type": "Point", "coordinates": [-79.767568, 36.055856]}, "properties": {"crashes": 8, "injury": 4, "fatal": 0, "pedestrian": 0, "bicycle": 0, "density": 2.0, "year_range": "2014-2018"}}, {"type": "Feature", "geometry": {"type": "Point", "coordinates": [-79.911712, 36.063063]}, "properties": {"crashes": 2, "injury": 1, "fatal": 0, "pedestrian": 0, "bicycle": 0, "density": 0.5, "year_range": "2014-2018"}}, {"type": "Feature", "geometry": {"type": "Point", "coordinates": [-79.774775, 36.117117]}, "properties": {"crashes": 3, "injury": 2, "fatal": 0, "pedestrian": 0, "bicycle": 0, "density": 0.8, "year_range": "2014-2018"}}, {"type": "Feature", "geometry": {"type": "Point", "coordinates": [-79.935135, 36.064865]}, "properties": {"crashes": 2, "injury": 2, "fatal": 0, "pedestrian": 0, "bicycle": 0, "density": 0.5, "year_range": "2014-2018"}}, {"type": "Feature", "geometry": {"type": "Point", "coordinates": [-79.74955, 36.081081]}, "properties": {"crashes": 2, "injury": 0, "fatal": 0, "pedestrian": 0, "bicycle": 0, "density": 0.5, "year_range": "2014-2018"}}, {"type": "Feature", "geometry": {"type": "Point", "coordinates": [-79.769369, 36.041441]}, "properties": {"crashes": 2, "injury": 0, "fatal": 0, "pedestrian": 0, "bicycle": 0, "density": 0.5, "year_range": "2014-2018"}}, {"type": "Feature", "geometry": {"type": "Point", "coordinates": [-79.882883, 36.10991]}, "properties": {"crashes": 7, "injury": 2, "fatal": 0, "pedestrian": 0, "bicycle": 0, "density": 1.8, "year_range": "2014-2018"}}, {"type": "Feature", "geometry": {"type": "Point", "coordinates": [-79.747748, 36.097297]}, "properties": {"crashes": 5, "injury": 2, "fatal": 0, "pedestrian": 0, "bicycle": 0, "density": 1.2, "year_range": "2014-2018"}}, {"type": "Feature", "geometry": {"type": "Point", "coordinates": [-79.796396, 36.079279]}, "properties": {"crashes": 16, "injury": 1, "fatal": 0, "pedestrian": 0, "bicycle": 0, "density": 4.0, "year_range": "2014-2018"}}, {"type": "Feature", "geometry": {"type": "Point", "coordinates": [-79.81982, 36.036036]}, "properties": {"crashes": 9, "injury": 5, "fatal": 0, "pedestrian": 0, "bicycle": 0, "density": 2.2, "year_range": "2014-2018"}}, {"type": "Feature", "geometry": {"type": "Point", "coordinates": [-79.897297, 36.014414]}, "properties": {"crashes": 11, "injury": 3, "fatal": 0, "pedestrian": 0, "bicycle": 0, "density": 2.8, "year_range": "2014-2018"}}, {"type": "Feature", "geometry": {"type": "Point", "coordinates": [-79.792793, 36.052252]}, "properties": {"crashes": 1, "injury": 0, "fatal": 0, "pedestrian": 0, "bicycle": 0, "density": 0.2, "year_range": "2014-2018"}}, {"type": "Feature", "geometry": {"type": "Point", "coordinates": [-79.98018, 36.093694]}, "properties": {"crashes": 1, "injury": 1, "fatal": 0, "pedestrian": 0, "bicycle": 0, "density": 0.2, "year_range": "2014-2018"}}, {"type": "Feature", "geometry": {"type": "Point", "coordinates": [-79.832432, 36.034234]}, "properties": {"crashes": 5, "injury": 2, "fatal": 0, "pedestrian": 0, "bicycle": 0, "density": 1.2, "year_range": "2014-2018"}}, {"type": "Feature", "geometry": {"type": "Point", "coordinates": [-79.790991, 36.133333]}, "properties": {"crashes": 4, "injury": 1, "fatal": 0, "pedestrian": 0, "bicycle": 0, "density": 1.0, "year_range": "2014-2018"}}, {"type": "Feature", "geometry": {"type": "Point", "coordinates": [-79.863063, 36.055856]}, "properties": {"crashes": 2, "injury": 0, "fatal": 0, "pedestrian": 0, "bicycle": 0, "density": 0.5, "year_range": "2014-2018"}}, {"type": "Feature", "geometry": {"type": "Point", "coordinates": [-79.855856, 36.063063]}, "properties": {"crashes": 2, "injury": 0, "fatal": 0, "pedestrian": 0, "bicycle": 0, "density": 0.5, "year_range": "2014-2018"}}, {"type": "Feature", "geometry": {"type": "Point", "coordinates": [-79.809009, 36.036036]}, "properties": {"crashes": 1, "injury": 0, "fatal": 0, "pedestrian": 0, "bicycle": 0, "density": 0.2, "year_range": "2014-2018"}}, {"type": "Feature", "geometry": {"type": "Point", "coordinates": [-79.836036, 36.151351]}, "properties": {"crashes": 1, "injury": 0, "fatal": 0, "pedestrian": 0, "bicycle": 0, "density": 0.2, "year_range": "2014-2018"}}, {"type": "Feature", "geometry": {"type": "Point", "coordinates": [-79.753153, 36.088288]}, "properties": {"crashes": 4, "injury": 2, "fatal": 0, "pedestrian": 0, "bicycle": 0, "density": 1.0, "year_range": "2014-2018"}}, {"type": "Feature", "geometry": {"type": "Point", "coordinates": [-79.846847, 36.117117]}, "properties": {"crashes": 4, "injury": 0, "fatal": 0, "pedestrian": 0, "bicycle": 0, "density": 1.0, "year_range": "2014-2018"}}, {"type": "Feature", "geometry": {"type": "Point", "coordinates": [-79.792793, 36.144144]}, "properties": {"crashes": 1, "injury": 0, "fatal": 0, "pedestrian": 0, "bicycle": 0, "density": 0.2, "year_range": "2014-2018"}}, {"type": "Feature", "geometry": {"type": "Point", "coordinates": [-79.765766, 36.091892]}, "properties": {"crashes": 6, "injury": 4, "fatal": 0, "pedestrian": 0, "bicycle": 0, "density": 1.5, "year_range": "2014-2018"}}, {"type": "Feature", "geometry": {"type": "Point", "coordinates": [-79.884685, 36.064865]}, "properties": {"crashes": 1, "injury": 0, "fatal": 0, "pedestrian": 0, "bicycle": 0, "density": 0.2, "year_range": "2014-2018"}}, {"type": "Feature", "geometry": {"type": "Point", "coordinates": [-79.848649, 36.041441]}, "properties": {"crashes": 2, "injury": 0, "fatal": 0, "pedestrian": 0, "bicycle": 0, "density": 0.5, "year_range": "2014-2018"}}, {"type": "Feature", "geometry": {"type": "Point", "coordinates": [-79.756757, 36.113514]}, "properties": {"crashes": 6, "injury": 1, "fatal": 0, "pedestrian": 0, "bicycle": 0, "density": 1.5, "year_range": "2014-2018"}}, {"type": "Feature", "geometry": {"type": "Point", "coordinates": [-79.841441, 36.10991]}, "properties": {"crashes": 1, "injury": 0, "fatal": 0, "pedestrian": 0, "bicycle": 0, "density": 0.2, "year_range": "2014-2018"}}, {"type": "Feature", "geometry": {"type": "Point", "coordinates": [-79.798198, 36.081081]}, "properties": {"crashes": 5, "injury": 2, "fatal": 0, "pedestrian": 0, "bicycle": 0, "density": 1.2, "year_range": "2014-2018"}}, {"type": "Feature", "geometry": {"type": "Point", "coordinates": [-79.787387, 36.10991]}, "properties": {"crashes": 3, "injury": 2, "fatal": 0, "pedestrian": 0, "bicycle": 0, "density": 0.8, "year_range": "2014-2018"}}, {"type": "Feature", "geometry": {"type": "Point", "coordinates": [-79.904505, 36.018018]}, "properties": {"crashes": 3, "injury": 2, "fatal": 0, "pedestrian": 0, "bicycle": 0, "density": 0.8, "year_range": "2014-2018"}}, {"type": "Feature", "geometry": {"type": "Point", "coordinates": [-79.859459, 36.052252]}, "properties": {"crashes": 2, "injury": 1, "fatal": 0, "pedestrian": 0, "bicycle": 0, "density": 0.5, "year_range": "2014-2018"}}, {"type": "Feature", "geometry": {"type": "Point", "coordinates": [-79.765766, 36.054054]}, "properties": {"crashes": 4, "injury": 1, "fatal": 0, "pedestrian": 0, "bicycle": 0, "density": 1.0, "year_range": "2014-2018"}}, {"type": "Feature", "geometry": {"type": "Point", "coordinates": [-79.776577, 36.102703]}, "properties": {"crashes": 1, "injury": 1, "fatal": 0, "pedestrian": 0, "bicycle": 0, "density": 0.2, "year_range": "2014-2018"}}, {"type": "Feature", "geometry": {"type": "Point", "coordinates": [-79.87027, 36.115315]}, "properties": {"crashes": 1, "injury": 1, "fatal": 0, "pedestrian": 0, "bicycle": 0, "density": 0.2, "year_range": "2014-2018"}}, {"type": "Feature", "geometry": {"type": "Point", "coordinates": [-79.897297, 36.088288]}, "properties": {"crashes": 2, "injury": 1, "fatal": 0, "pedestrian": 0, "bicycle": 0, "density": 0.5, "year_range": "2014-2018"}}, {"type": "Feature", "geometry": {"type": "Point", "coordinates": [-79.900901, 36.066667]}, "properties": {"crashes": 4, "injury": 0, "fatal": 0, "pedestrian": 0, "bicycle": 0, "density": 1.0, "year_range": "2014-2018"}}, {"type": "Feature", "geometry": {"type": "Point", "coordinates": [-79.789189, 36.068468]}, "properties": {"crashes": 4, "injury": 1, "fatal": 0, "pedestrian": 0, "bicycle": 0, "density": 1.0, "year_range": "2014-2018"}}, {"type": "Feature", "geometry": {"type": "Point", "coordinates": [-79.78018, 36.10991]}, "properties": {"crashes": 2, "injury": 1, "fatal": 0, "pedestrian": 0, "bicycle": 0, "density": 0.5, "year_range": "2014-2018"}}, {"type": "Feature", "geometry": {"type": "Point", "coordinates": [-79.754955, 36.111712]}, "properties": {"crashes": 5, "injury": 0, "fatal": 0, "pedestrian": 0, "bicycle": 0, "density": 1.2, "year_range": "2014-2018"}}, {"type": "Feature", "geometry": {"type": "Point", "coordinates": [-79.765766, 36.100901]}, "properties": {"crashes": 10, "injury": 9, "fatal": 0, "pedestrian": 0, "bicycle": 0, "density": 2.5, "year_range": "2014-2018"}}, {"type": "Feature", "geometry": {"type": "Point", "coordinates": [-79.893694, 36.054054]}, "properties": {"crashes": 9, "injury": 4, "fatal": 0, "pedestrian": 0, "bicycle": 0, "density": 2.2, "year_range": "2014-2018"}}, {"type": "Feature", "geometry": {"type": "Point", "coordinates": [-79.818018, 36.043243]}, "properties": {"crashes": 1, "injury": 0, "fatal": 0, "pedestrian": 0, "bicycle": 0, "density": 0.2, "year_range": "2014-2018"}}, {"type": "Feature", "geometry": {"type": "Point", "coordinates": [-79.774775, 36.046847]}, "properties": {"crashes": 2, "injury": 1, "fatal": 0, "pedestrian": 0, "bicycle": 0, "density": 0.5, "year_range": "2014-2018"}}, {"type": "Feature", "geometry": {"type": "Point", "coordinates": [-79.897297, 36.077477]}, "properties": {"crashes": 15, "injury": 5, "fatal": 0, "pedestrian": 0, "bicycle": 0, "density": 3.8, "year_range": "2014-2018"}}, {"type": "Feature", "geometry": {"type": "Point", "coordinates": [-79.83964, 36.066667]}, "properties": {"crashes": 2, "injury": 0, "fatal": 0, "pedestrian": 0, "bicycle": 0, "density": 0.5, "year_range": "2014-2018"}}, {"type": "Feature", "geometry": {"type": "Point", "coordinates": [-79.711712, 36.151351]}, "properties": {"crashes": 8, "injury": 4, "fatal": 0, "pedestrian": 0, "bicycle": 0, "density": 2.0, "year_range": "2014-2018"}}, {"type": "Feature", "geometry": {"type": "Point", "coordinates": [-79.827027, 36.106306]}, "properties": {"crashes": 14, "injury": 4, "fatal": 0, "pedestrian": 0, "bicycle": 0, "density": 3.5, "year_range": "2014-2018"}}, {"type": "Feature", "geometry": {"type": "Point", "coordinates": [-79.787387, 36.138739]}, "properties": {"crashes": 1, "injury": 1, "fatal": 0, "pedestrian": 0, "bicycle": 0, "density": 0.2, "year_range": "2014-2018"}}, {"type": "Feature", "geometry": {"type": "Point", "coordinates": [-79.881081, 36.176577]}, "properties": {"crashes": 1, "injury": 0, "fatal": 0, "pedestrian": 0, "bicycle": 0, "density": 0.2, "year_range": "2014-2018"}}, {"type": "Feature", "geometry": {"type": "Point", "coordinates": [-79.823423, 36.102703]}, "properties": {"crashes": 10, "injury": 4, "fatal": 0, "pedestrian": 0, "bicycle": 0, "density": 2.5, "year_range": "2014-2018"}}, {"type": "Feature", "geometry": {"type": "Point", "coordinates": [-79.902703, 36.077477]}, "properties": {"crashes": 1, "injury": 0, "fatal": 0, "pedestrian": 0, "bicycle": 0, "density": 0.2, "year_range": "2014-2018"}}, {"type": "Feature", "geometry": {"type": "Point", "coordinates": [-79.798198, 36.012613]}, "properties": {"crashes": 1, "injury": 0, "fatal": 0, "pedestrian": 0, "bicycle": 0, "density": 0.2, "year_range": "2014-2018"}}, {"type": "Feature", "geometry": {"type": "Point", "coordinates": [-79.818018, 36.104505]}, "properties": {"crashes": 1, "injury": 0, "fatal": 0, "pedestrian": 0, "bicycle": 0, "density": 0.2, "year_range": "2014-2018"}}, {"type": "Feature", "geometry": {"type": "Point", "coordinates": [-79.841441, 36.03964]}, "properties": {"crashes": 5, "injury": 0, "fatal": 0, "pedestrian": 0, "bicycle": 0, "density": 1.2, "year_range": "2014-2018"}}, {"type": "Feature", "geometry": {"type": "Point", "coordinates": [-79.837838, 36.043243]}, "properties": {"crashes": 3, "injury": 0, "fatal": 0, "pedestrian": 0, "bicycle": 0, "density": 0.8, "year_range": "2014-2018"}}, {"type": "Feature", "geometry": {"type": "Point", "coordinates": [-79.765766, 36.072072]}, "properties": {"crashes": 4, "injury": 2, "fatal": 0, "pedestrian": 0, "bicycle": 0, "density": 1.0, "year_range": "2014-2018"}}, {"type": "Feature", "geometry": {"type": "Point", "coordinates": [-79.81982, 36.034234]}, "properties": {"crashes": 3, "injury": 1, "fatal": 0, "pedestrian": 0, "bicycle": 0, "density": 0.8, "year_range": "2014-2018"}}, {"type": "Feature", "geometry": {"type": "Point", "coordinates": [-79.731532, 36.084685]}, "properties": {"crashes": 1, "injury": 0, "fatal": 0, "pedestrian": 0, "bicycle": 0, "density": 0.2, "year_range": "2014-2018"}}, {"type": "Feature", "geometry": {"type": "Point", "coordinates": [-79.754955, 36.07027]}, "properties": {"crashes": 1, "injury": 0, "fatal": 0, "pedestrian": 0, "bicycle": 0, "density": 0.2, "year_range": "2014-2018"}}, {"type": "Feature", "geometry": {"type": "Point", "coordinates": [-79.751351, 36.12973]}, "properties": {"crashes": 2, "injury": 0, "fatal": 0, "pedestrian": 0, "bicycle": 0, "density": 0.5, "year_range": "2014-2018"}}, {"type": "Feature", "geometry": {"type": "Point", "coordinates": [-79.848649, 36.05045]}, "properties": {"crashes": 1, "injury": 0, "fatal": 0, "pedestrian": 0, "bicycle": 0, "density": 0.2, "year_range": "2014-2018"}}, {"type": "Feature", "geometry": {"type": "Point", "coordinates": [-79.753153, 36.095495]}, "properties": {"crashes": 1, "injury": 0, "fatal": 0, "pedestrian": 0, "bicycle": 0, "density": 0.2, "year_range": "2014-2018"}}, {"type": "Feature", "geometry": {"type": "Point", "coordinates": [-79.918919, 36.021622]}, "properties": {"crashes": 1, "injury": 0, "fatal": 0, "pedestrian": 0, "bicycle": 0, "density": 0.2, "year_range": "2014-2018"}}, {"type": "Feature", "geometry": {"type": "Point", "coordinates": [-79.783784, 36.09009]}, "properties": {"crashes": 10, "injury": 3, "fatal": 0, "pedestrian": 0, "bicycle": 0, "density": 2.5, "year_range": "2014-2018"}}, {"type": "Feature", "geometry": {"type": "Point", "coordinates": [-79.787387, 36.100901]}, "properties": {"crashes": 7, "injury": 1, "fatal": 0, "pedestrian": 0, "bicycle": 0, "density": 1.8, "year_range": "2014-2018"}}, {"type": "Feature", "geometry": {"type": "Point", "coordinates": [-79.789189, 36.10991]}, "properties": {"crashes": 4, "injury": 0, "fatal": 0, "pedestrian": 0, "bicycle": 0, "density": 1.0, "year_range": "2014-2018"}}, {"type": "Feature", "geometry": {"type": "Point", "coordinates": [-79.897297, 36.075676]}, "properties": {"crashes": 12, "injury": 5, "fatal": 0, "pedestrian": 0, "bicycle": 0, "density": 3.0, "year_range": "2014-2018"}}, {"type": "Feature", "geometry": {"type": "Point", "coordinates": [-79.812613, 36.124324]}, "properties": {"crashes": 5, "injury": 1, "fatal": 0, "pedestrian": 0, "bicycle": 0, "density": 1.2, "year_range": "2014-2018"}}, {"type": "Feature", "geometry": {"type": "Point", "coordinates": [-79.763964, 36.073874]}, "properties": {"crashes": 6, "injury": 3, "fatal": 0, "pedestrian": 0, "bicycle": 0, "density": 1.5, "year_range": "2014-2018"}}, {"type": "Feature", "geometry": {"type": "Point", "coordinates": [-79.828829, 36.120721]}, "properties": {"crashes": 2, "injury": 0, "fatal": 0, "pedestrian": 0, "bicycle": 0, "density": 0.5, "year_range": "2014-2018"}}, {"type": "Feature", "geometry": {"type": "Point", "coordinates": [-79.798198, 36.088288]}, "properties": {"crashes": 10, "injury": 3, "fatal": 0, "pedestrian": 0, "bicycle": 0, "density": 2.5, "year_range": "2014-2018"}}, {"type": "Feature", "geometry": {"type": "Point", "coordinates": [-79.805405, 36.05045]}, "properties": {"crashes": 1, "injury": 1, "fatal": 0, "pedestrian": 0, "bicycle": 0, "density": 0.2, "year_range": "2014-2018"}}, {"type": "Feature", "geometry": {"type": "Point", "coordinates": [-79.987387, 36.097297]}, "properties": {"crashes": 1, "injury": 0, "fatal": 0, "pedestrian": 0, "bicycle": 0, "density": 0.2, "year_range": "2014-2018"}}, {"type": "Feature", "geometry": {"type": "Point", "coordinates": [-79.897297, 36.117117]}, "properties": {"crashes": 1, "injury": 0, "fatal": 0, "pedestrian": 0, "bicycle": 0, "density": 0.2, "year_range": "2014-2018"}}, {"type": "Feature", "geometry": {"type": "Point", "coordinates": [-79.854054, 36.12973]}, "properties": {"crashes": 21, "injury": 11, "fatal": 0, "pedestrian": 0, "bicycle": 0, "density": 5.2, "year_range": "2014-2018"}}, {"type": "Feature", "geometry": {"type": "Point", "coordinates": [-79.857658, 36.03964]}, "properties": {"crashes": 1, "injury": 0, "fatal": 0, "pedestrian": 0, "bicycle": 0, "density": 0.2, "year_range": "2014-2018"}}, {"type": "Feature", "geometry": {"type": "Point", "coordinates": [-79.805405, 36.063063]}, "properties": {"crashes": 16, "injury": 7, "fatal": 0, "pedestrian": 0, "bicycle": 0, "density": 4.0, "year_range": "2014-2018"}}, {"type": "Feature", "geometry": {"type": "Point", "coordinates": [-79.825225, 36.102703]}, "properties": {"crashes": 6, "injury": 2, "fatal": 0, "pedestrian": 0, "bicycle": 0, "density": 1.5, "year_range": "2014-2018"}}, {"type": "Feature", "geometry": {"type": "Point", "coordinates": [-79.801802, 36.102703]}, "properties": {"crashes": 2, "injury": 0, "fatal": 0, "pedestrian": 0, "bicycle": 0, "density": 0.5, "year_range": "2014-2018"}}, {"type": "Feature", "geometry": {"type": "Point", "coordinates": [-79.89009, 36.088288]}, "properties": {"crashes": 7, "injury": 0, "fatal": 0, "pedestrian": 0, "bicycle": 0, "density": 1.8, "year_range": "2014-2018"}}, {"type": "Feature", "geometry": {"type": "Point", "coordinates": [-79.821622, 36.088288]}, "properties": {"crashes": 2, "injury": 2, "fatal": 0, "pedestrian": 0, "bicycle": 0, "density": 0.5, "year_range": "2014-2018"}}, {"type": "Feature", "geometry": {"type": "Point", "coordinates": [-79.785586, 36.09009]}, "properties": {"crashes": 7, "injury": 4, "fatal": 0, "pedestrian": 0, "bicycle": 0, "density": 1.8, "year_range": "2014-2018"}}, {"type": "Feature", "geometry": {"type": "Point", "coordinates": [-79.663063, 36.061261]}, "properties": {"crashes": 3, "injury": 3, "fatal": 0, "pedestrian": 0, "bicycle": 0, "density": 0.8, "year_range": "2014-2018"}}, {"type": "Feature", "geometry": {"type": "Point", "coordinates": [-79.805405, 36.072072]}, "properties": {"crashes": 3, "injury": 1, "fatal": 0, "pedestrian": 0, "bicycle": 0, "density": 0.8, "year_range": "2014-2018"}}, {"type": "Feature", "geometry": {"type": "Point", "coordinates": [-79.996396, 36.09009]}, "properties": {"crashes": 5, "injury": 0, "fatal": 0, "pedestrian": 0, "bicycle": 0, "density": 1.2, "year_range": "2014-2018"}}, {"type": "Feature", "geometry": {"type": "Point", "coordinates": [-79.792793, 36.061261]}, "properties": {"crashes": 2, "injury": 1, "fatal": 0, "pedestrian": 0, "bicycle": 0, "density": 0.5, "year_range": "2014-2018"}}, {"type": "Feature", "geometry": {"type": "Point", "coordinates": [-79.810811, 36.145946]}, "properties": {"crashes": 1, "injury": 0, "fatal": 0, "pedestrian": 0, "bicycle": 0, "density": 0.2, "year_range": "2014-2018"}}, {"type": "Feature", "geometry": {"type": "Point", "coordinates": [-79.920721, 36.063063]}, "properties": {"crashes": 2, "injury": 0, "fatal": 0, "pedestrian": 0, "bicycle": 0, "density": 0.5, "year_range": "2014-2018"}}, {"type": "Feature", "geometry": {"type": "Point", "coordinates": [-79.790991, 36.052252]}, "properties": {"crashes": 2, "injury": 1, "fatal": 0, "pedestrian": 0, "bicycle": 0, "density": 0.5, "year_range": "2014-2018"}}, {"type": "Feature", "geometry": {"type": "Point", "coordinates": [-79.754955, 36.108108]}, "properties": {"crashes": 5, "injury": 0, "fatal": 0, "pedestrian": 0, "bicycle": 0, "density": 1.2, "year_range": "2014-2018"}}, {"type": "Feature", "geometry": {"type": "Point", "coordinates": [-79.879279, 36.111712]}, "properties": {"crashes": 10, "injury": 1, "fatal": 0, "pedestrian": 0, "bicycle": 0, "density": 2.5, "year_range": "2014-2018"}}, {"type": "Feature", "geometry": {"type": "Point", "coordinates": [-79.776577, 36.088288]}, "properties": {"crashes": 10, "injury": 4, "fatal": 0, "pedestrian": 0, "bicycle": 0, "density": 2.5, "year_range": "2014-2018"}}, {"type": "Feature", "geometry": {"type": "Point", "coordinates": [-79.803604, 36.032432]}, "properties": {"crashes": 20, "injury": 6, "fatal": 0, "pedestrian": 0, "bicycle": 0, "density": 5.0, "year_range": "2014-2018"}}, {"type": "Feature", "geometry": {"type": "Point", "coordinates": [-79.848649, 36.030631]}, "properties": {"crashes": 5, "injury": 3, "fatal": 0, "pedestrian": 0, "bicycle": 0, "density": 1.2, "year_range": "2014-2018"}}, {"type": "Feature", "geometry": {"type": "Point", "coordinates": [-79.790991, 36.088288]}, "properties": {"crashes": 19, "injury": 10, "fatal": 0, "pedestrian": 0, "bicycle": 0, "density": 4.8, "year_range": "2014-2018"}}, {"type": "Feature", "geometry": {"type": "Point", "coordinates": [-79.648649, 36.059459]}, "properties": {"crashes": 1, "injury": 0, "fatal": 0, "pedestrian": 0, "bicycle": 0, "density": 0.2, "year_range": "2014-2018"}}, {"type": "Feature", "geometry": {"type": "Point", "coordinates": [-79.836036, 36.117117]}, "properties": {"crashes": 8, "injury": 2, "fatal": 0, "pedestrian": 0, "bicycle": 0, "density": 2.0, "year_range": "2014-2018"}}, {"type": "Feature", "geometry": {"type": "Point", "coordinates": [-79.823423, 36.086486]}, "properties": {"crashes": 8, "injury": 3, "fatal": 0, "pedestrian": 0, "bicycle": 0, "density": 2.0, "year_range": "2014-2018"}}, {"type": "Feature", "geometry": {"type": "Point", "coordinates": [-79.772973, 36.041441]}, "properties": {"crashes": 15, "injury": 3, "fatal": 0, "pedestrian": 0, "bicycle": 0, "density": 3.8, "year_range": "2014-2018"}}, {"type": "Feature", "geometry": {"type": "Point", "coordinates": [-79.852252, 36.12973]}, "properties": {"crashes": 1, "injury": 0, "fatal": 0, "pedestrian": 0, "bicycle": 0, "density": 0.2, "year_range": "2014-2018"}}, {"type": "Feature", "geometry": {"type": "Point", "coordinates": [-79.76036, 36.10991]}, "properties": {"crashes": 3, "injury": 1, "fatal": 0, "pedestrian": 0, "bicycle": 0, "density": 0.8, "year_range": "2014-2018"}}, {"type": "Feature", "geometry": {"type": "Point", "coordinates": [-79.884685, 36.142342]}, "properties": {"crashes": 1, "injury": 0, "fatal": 0, "pedestrian": 0, "bicycle": 0, "density": 0.2, "year_range": "2014-2018"}}, {"type": "Feature", "geometry": {"type": "Point", "coordinates": [-79.825225, 36.059459]}, "properties": {"crashes": 1, "injury": 0, "fatal": 0, "pedestrian": 0, "bicycle": 0, "density": 0.2, "year_range": "2014-2018"}}, {"type": "Feature", "geometry": {"type": "Point", "coordinates": [-79.790991, 36.0]}, "properties": {"crashes": 7, "injury": 5, "fatal": 0, "pedestrian": 0, "bicycle": 0, "density": 1.8, "year_range": "2014-2018"}}, {"type": "Feature", "geometry": {"type": "Point", "coordinates": [-79.754955, 36.084685]}, "properties": {"crashes": 3, "injury": 1, "fatal": 0, "pedestrian": 0, "bicycle": 0, "density": 0.8, "year_range": "2014-2018"}}, {"type": "Feature", "geometry": {"type": "Point", "coordinates": [-79.825225, 36.043243]}, "properties": {"crashes": 1, "injury": 0, "fatal": 0, "pedestrian": 0, "bicycle": 0, "density": 0.2, "year_range": "2014-2018"}}, {"type": "Feature", "geometry": {"type": "Point", "coordinates": [-79.809009, 35.987387]}, "properties": {"crashes": 1, "injury": 0, "fatal": 0, "pedestrian": 0, "bicycle": 0, "density": 0.2, "year_range": "2014-2018"}}, {"type": "Feature", "geometry": {"type": "Point", "coordinates": [-79.893694, 36.055856]}, "properties": {"crashes": 21, "injury": 6, "fatal": 0, "pedestrian": 0, "bicycle": 0, "density": 5.2, "year_range": "2014-2018"}}, {"type": "Feature", "geometry": {"type": "Point", "coordinates": [-79.827027, 36.117117]}, "properties": {"crashes": 11, "injury": 1, "fatal": 0, "pedestrian": 0, "bicycle": 0, "density": 2.8, "year_range": "2014-2018"}}, {"type": "Feature", "geometry": {"type": "Point", "coordinates": [-79.763964, 36.111712]}, "properties": {"crashes": 1, "injury": 1, "fatal": 0, "pedestrian": 0, "bicycle": 0, "density": 0.2, "year_range": "2014-2018"}}, {"type": "Feature", "geometry": {"type": "Point", "coordinates": [-79.884685, 36.09009]}, "properties": {"crashes": 5, "injury": 0, "fatal": 0, "pedestrian": 0, "bicycle": 0, "density": 1.2, "year_range": "2014-2018"}}, {"type": "Feature", "geometry": {"type": "Point", "coordinates": [-79.812613, 36.091892]}, "properties": {"crashes": 11, "injury": 4, "fatal": 0, "pedestrian": 0, "bicycle": 0, "density": 2.8, "year_range": "2014-2018"}}, {"type": "Feature", "geometry": {"type": "Point", "coordinates": [-79.747748, 36.117117]}, "properties": {"crashes": 1, "injury": 0, "fatal": 0, "pedestrian": 0, "bicycle": 0, "density": 0.2, "year_range": "2014-2018"}}, {"type": "Feature", "geometry": {"type": "Point", "coordinates": [-79.814414, 36.068468]}, "properties": {"crashes": 7, "injury": 2, "fatal": 0, "pedestrian": 0, "bicycle": 0, "density": 1.8, "year_range": "2014-2018"}}, {"type": "Feature", "geometry": {"type": "Point", "coordinates": [-79.893694, 36.115315]}, "properties": {"crashes": 1, "injury": 0, "fatal": 0, "pedestrian": 0, "bicycle": 0, "density": 0.2, "year_range": "2014-2018"}}, {"type": "Feature", "geometry": {"type": "Point", "coordinates": [-79.859459, 36.037838]}, "properties": {"crashes": 4, "injury": 1, "fatal": 0, "pedestrian": 0, "bicycle": 0, "density": 1.0, "year_range": "2014-2018"}}, {"type": "Feature", "geometry": {"type": "Point", "coordinates": [-79.868468, 36.091892]}, "properties": {"crashes": 5, "injury": 2, "fatal": 0, "pedestrian": 0, "bicycle": 0, "density": 1.2, "year_range": "2014-2018"}}, {"type": "Feature", "geometry": {"type": "Point", "coordinates": [-79.908108, 36.0]}, "properties": {"crashes": 8, "injury": 4, "fatal": 0, "pedestrian": 0, "bicycle": 0, "density": 2.0, "year_range": "2014-2018"}}, {"type": "Feature", "geometry": {"type": "Point", "coordinates": [-80.005405, 36.095495]}, "properties": {"crashes": 5, "injury": 3, "fatal": 0, "pedestrian": 0, "bicycle": 0, "density": 1.2, "year_range": "2014-2018"}}, {"type": "Feature", "geometry": {"type": "Point", "coordinates": [-79.837838, 36.088288]}, "properties": {"crashes": 10, "injury": 1, "fatal": 0, "pedestrian": 0, "bicycle": 0, "density": 2.5, "year_range": "2014-2018"}}, {"type": "Feature", "geometry": {"type": "Point", "coordinates": [-79.895495, 36.016216]}, "properties": {"crashes": 3, "injury": 2, "fatal": 0, "pedestrian": 0, "bicycle": 0, "density": 0.8, "year_range": "2014-2018"}}, {"type": "Feature", "geometry": {"type": "Point", "coordinates": [-79.827027, 36.064865]}, "properties": {"crashes": 1, "injury": 0, "fatal": 0, "pedestrian": 0, "bicycle": 0, "density": 0.2, "year_range": "2014-2018"}}, {"type": "Feature", "geometry": {"type": "Point", "coordinates": [-79.754955, 36.077477]}, "properties": {"crashes": 5, "injury": 3, "fatal": 0, "pedestrian": 0, "bicycle": 0, "density": 1.2, "year_range": "2014-2018"}}, {"type": "Feature", "geometry": {"type": "Point", "coordinates": [-79.821622, 36.104505]}, "properties": {"crashes": 2, "injury": 0, "fatal": 0, "pedestrian": 0, "bicycle": 0, "density": 0.5, "year_range": "2014-2018"}}, {"type": "Feature", "geometry": {"type": "Point", "coordinates": [-79.812613, 36.088288]}, "properties": {"crashes": 3, "injury": 2, "fatal": 0, "pedestrian": 0, "bicycle": 0, "density": 0.8, "year_range": "2014-2018"}}, {"type": "Feature", "geometry": {"type": "Point", "coordinates": [-79.816216, 36.091892]}, "properties": {"crashes": 8, "injury": 4, "fatal": 0, "pedestrian": 0, "bicycle": 0, "density": 2.0, "year_range": "2014-2018"}}, {"type": "Feature", "geometry": {"type": "Point", "coordinates": [-79.785586, 36.037838]}, "properties": {"crashes": 35, "injury": 14, "fatal": 0, "pedestrian": 0, "bicycle": 0, "density": 8.8, "year_range": "2014-2018"}}, {"type": "Feature", "geometry": {"type": "Point", "coordinates": [-79.801802, 36.079279]}, "properties": {"crashes": 4, "injury": 1, "fatal": 0, "pedestrian": 0, "bicycle": 0, "density": 1.0, "year_range": "2014-2018"}}, {"type": "Feature", "geometry": {"type": "Point", "coordinates": [-79.96036, 36.079279]}, "properties": {"crashes": 6, "injury": 1, "fatal": 0, "pedestrian": 0, "bicycle": 0, "density": 1.5, "year_range": "2014-2018"}}, {"type": "Feature", "geometry": {"type": "Point", "coordinates": [-79.785586, 36.036036]}, "properties": {"crashes": 1, "injury": 1, "fatal": 0, "pedestrian": 0, "bicycle": 0, "density": 0.2, "year_range": "2014-2018"}}, {"type": "Feature", "geometry": {"type": "Point", "coordinates": [-79.931532, 36.142342]}, "properties": {"crashes": 1, "injury": 1, "fatal": 0, "pedestrian": 0, "bicycle": 0, "density": 0.2, "year_range": "2014-2018"}}, {"type": "Feature", "geometry": {"type": "Point", "coordinates": [-79.990991, 36.102703]}, "properties": {"crashes": 2, "injury": 1, "fatal": 0, "pedestrian": 0, "bicycle": 0, "density": 0.5, "year_range": "2014-2018"}}, {"type": "Feature", "geometry": {"type": "Point", "coordinates": [-79.841441, 36.045045]}, "properties": {"crashes": 14, "injury": 4, "fatal": 0, "pedestrian": 0, "bicycle": 0, "density": 3.5, "year_range": "2014-2018"}}, {"type": "Feature", "geometry": {"type": "Point", "coordinates": [-79.899099, 36.057658]}, "properties": {"crashes": 3, "injury": 1, "fatal": 0, "pedestrian": 0, "bicycle": 0, "density": 0.8, "year_range": "2014-2018"}}, {"type": "Feature", "geometry": {"type": "Point", "coordinates": [-79.837838, 36.086486]}, "properties": {"crashes": 7, "injury": 1, "fatal": 0, "pedestrian": 0, "bicycle": 0, "density": 1.8, "year_range": "2014-2018"}}, {"type": "Feature", "geometry": {"type": "Point", "coordinates": [-79.888288, 36.057658]}, "properties": {"crashes": 32, "injury": 13, "fatal": 0, "pedestrian": 0, "bicycle": 0, "density": 8.0, "year_range": "2014-2018"}}, {"type": "Feature", "geometry": {"type": "Point", "coordinates": [-79.87027, 36.061261]}, "properties": {"crashes": 4, "injury": 2, "fatal": 0, "pedestrian": 0, "bicycle": 0, "density": 1.0, "year_range": "2014-2018"}}, {"type": "Feature", "geometry": {"type": "Point", "coordinates": [-79.789189, 36.09009]}, "properties": {"crashes": 5, "injury": 0, "fatal": 0, "pedestrian": 0, "bicycle": 0, "density": 1.2, "year_range": "2014-2018"}}, {"type": "Feature", "geometry": {"type": "Point", "coordinates": [-79.834234, 36.03964]}, "properties": {"crashes": 5, "injury": 1, "fatal": 0, "pedestrian": 0, "bicycle": 0, "density": 1.2, "year_range": "2014-2018"}}, {"type": "Feature", "geometry": {"type": "Point", "coordinates": [-79.852252, 36.03964]}, "properties": {"crashes": 4, "injury": 4, "fatal": 0, "pedestrian": 0, "bicycle": 0, "density": 1.0, "year_range": "2014-2018"}}, {"type": "Feature", "geometry": {"type": "Point", "coordinates": [-79.774775, 36.045045]}, "properties": {"crashes": 39, "injury": 15, "fatal": 0, "pedestrian": 0, "bicycle": 0, "density": 9.8, "year_range": "2014-2018"}}, {"type": "Feature", "geometry": {"type": "Point", "coordinates": [-79.825225, 36.03964]}, "properties": {"crashes": 1, "injury": 0, "fatal": 0, "pedestrian": 0, "bicycle": 0, "density": 0.2, "year_range": "2014-2018"}}, {"type": "Feature", "geometry": {"type": "Point", "coordinates": [-79.823423, 36.059459]}, "properties": {"crashes": 4, "injury": 1, "fatal": 0, "pedestrian": 0, "bicycle": 0, "density": 1.0, "year_range": "2014-2018"}}, {"type": "Feature", "geometry": {"type": "Point", "coordinates": [-79.796396, 36.072072]}, "properties": {"crashes": 20, "injury": 7, "fatal": 0, "pedestrian": 0, "bicycle": 0, "density": 5.0, "year_range": "2014-2018"}}, {"type": "Feature", "geometry": {"type": "Point", "coordinates": [-79.852252, 36.127928]}, "properties": {"crashes": 3, "injury": 1, "fatal": 0, "pedestrian": 0, "bicycle": 0, "density": 0.8, "year_range": "2014-2018"}}, {"type": "Feature", "geometry": {"type": "Point", "coordinates": [-79.852252, 36.041441]}, "properties": {"crashes": 3, "injury": 1, "fatal": 0, "pedestrian": 0, "bicycle": 0, "density": 0.8, "year_range": "2014-2018"}}, {"type": "Feature", "geometry": {"type": "Point", "coordinates": [-79.866667, 36.145946]}, "properties": {"crashes": 2, "injury": 1, "fatal": 0, "pedestrian": 0, "bicycle": 0, "density": 0.5, "year_range": "2014-2018"}}, {"type": "Feature", "geometry": {"type": "Point", "coordinates": [-79.911712, 36.131532]}, "properties": {"crashes": 2, "injury": 1, "fatal": 0, "pedestrian": 0, "bicycle": 0, "density": 0.5, "year_range": "2014-2018"}}, {"type": "Feature", "geometry": {"type": "Point", "coordinates": [-79.747748, 35.994595]}, "properties": {"crashes": 1, "injury": 0, "fatal": 0, "pedestrian": 0, "bicycle": 0, "density": 0.2, "year_range": "2014-2018"}}, {"type": "Feature", "geometry": {"type": "Point", "coordinates": [-79.881081, 36.09009]}, "properties": {"crashes": 6, "injury": 2, "fatal": 0, "pedestrian": 0, "bicycle": 0, "density": 1.5, "year_range": "2014-2018"}}, {"type": "Feature", "geometry": {"type": "Point", "coordinates": [-79.816216, 36.120721]}, "properties": {"crashes": 4, "injury": 1, "fatal": 0, "pedestrian": 0, "bicycle": 0, "density": 1.0, "year_range": "2014-2018"}}, {"type": "Feature", "geometry": {"type": "Point", "coordinates": [-79.872072, 36.077477]}, "properties": {"crashes": 2, "injury": 1, "fatal": 0, "pedestrian": 0, "bicycle": 0, "density": 0.5, "year_range": "2014-2018"}}, {"type": "Feature", "geometry": {"type": "Point", "coordinates": [-79.857658, 36.037838]}, "properties": {"crashes": 6, "injury": 2, "fatal": 0, "pedestrian": 0, "bicycle": 0, "density": 1.5, "year_range": "2014-2018"}}, {"type": "Feature", "geometry": {"type": "Point", "coordinates": [-79.913514, 36.088288]}, "properties": {"crashes": 7, "injury": 3, "fatal": 0, "pedestrian": 0, "bicycle": 0, "density": 1.8, "year_range": "2014-2018"}}, {"type": "Feature", "geometry": {"type": "Point", "coordinates": [-79.843243, 36.054054]}, "properties": {"crashes": 4, "injury": 3, "fatal": 0, "pedestrian": 0, "bicycle": 0, "density": 1.0, "year_range": "2014-2018"}}, {"type": "Feature", "geometry": {"type": "Point", "coordinates": [-79.83964, 36.07027]}, "properties": {"crashes": 2, "injury": 0, "fatal": 0, "pedestrian": 0, "bicycle": 0, "density": 0.5, "year_range": "2014-2018"}}, {"type": "Feature", "geometry": {"type": "Point", "coordinates": [-79.668468, 36.059459]}, "properties": {"crashes": 5, "injury": 1, "fatal": 0, "pedestrian": 0, "bicycle": 0, "density": 1.2, "year_range": "2014-2018"}}, {"type": "Feature", "geometry": {"type": "Point", "coordinates": [-79.877477, 36.122523]}, "properties": {"crashes": 2, "injury": 2, "fatal": 0, "pedestrian": 0, "bicycle": 0, "density": 0.5, "year_range": "2014-2018"}}, {"type": "Feature", "geometry": {"type": "Point", "coordinates": [-79.684685, 36.054054]}, "properties": {"crashes": 3, "injury": 1, "fatal": 0, "pedestrian": 0, "bicycle": 0, "density": 0.8, "year_range": "2014-2018"}}, {"type": "Feature", "geometry": {"type": "Point", "coordinates": [-79.796396, 36.127928]}, "properties": {"crashes": 5, "injury": 3, "fatal": 0, "pedestrian": 0, "bicycle": 0, "density": 1.2, "year_range": "2014-2018"}}, {"type": "Feature", "geometry": {"type": "Point", "coordinates": [-79.718919, 36.055856]}, "properties": {"crashes": 2, "injury": 1, "fatal": 0, "pedestrian": 0, "bicycle": 0, "density": 0.5, "year_range": "2014-2018"}}, {"type": "Feature", "geometry": {"type": "Point", "coordinates": [-79.742342, 36.088288]}, "properties": {"crashes": 2, "injury": 0, "fatal": 0, "pedestrian": 0, "bicycle": 0, "density": 0.5, "year_range": "2014-2018"}}, {"type": "Feature", "geometry": {"type": "Point", "coordinates": [-79.906306, 36.063063]}, "properties": {"crashes": 18, "injury": 4, "fatal": 0, "pedestrian": 0, "bicycle": 0, "density": 4.5, "year_range": "2014-2018"}}, {"type": "Feature", "geometry": {"type": "Point", "coordinates": [-79.740541, 36.088288]}, "properties": {"crashes": 3, "injury": 1, "fatal": 0, "pedestrian": 0, "bicycle": 0, "density": 0.8, "year_range": "2014-2018"}}, {"type": "Feature", "geometry": {"type": "Point", "coordinates": [-79.686486, 36.048649]}, "properties": {"crashes": 1, "injury": 0, "fatal": 0, "pedestrian": 0, "bicycle": 0, "density": 0.2, "year_range": "2014-2018"}}, {"type": "Feature", "geometry": {"type": "Point", "coordinates": [-79.886486, 36.073874]}, "properties": {"crashes": 6, "injury": 4, "fatal": 0, "pedestrian": 0, "bicycle": 0, "density": 1.5, "year_range": "2014-2018"}}, {"type": "Feature", "geometry": {"type": "Point", "coordinates": [-79.792793, 36.088288]}, "properties": {"crashes": 6, "injury": 1, "fatal": 0, "pedestrian": 0, "bicycle": 0, "density": 1.5, "year_range": "2014-2018"}}, {"type": "Feature", "geometry": {"type": "Point", "coordinates": [-79.790991, 36.045045]}, "properties": {"crashes": 3, "injury": 1, "fatal": 0, "pedestrian": 0, "bicycle": 0, "density": 0.8, "year_range": "2014-2018"}}, {"type": "Feature", "geometry": {"type": "Point", "coordinates": [-79.686486, 36.05045]}, "properties": {"crashes": 2, "injury": 0, "fatal": 0, "pedestrian": 0, "bicycle": 0, "density": 0.5, "year_range": "2014-2018"}}, {"type": "Feature", "geometry": {"type": "Point", "coordinates": [-79.763964, 36.09009]}, "properties": {"crashes": 1, "injury": 0, "fatal": 0, "pedestrian": 0, "bicycle": 0, "density": 0.2, "year_range": "2014-2018"}}, {"type": "Feature", "geometry": {"type": "Point", "coordinates": [-79.845045, 36.041441]}, "properties": {"crashes": 13, "injury": 4, "fatal": 0, "pedestrian": 0, "bicycle": 0, "density": 3.2, "year_range": "2014-2018"}}, {"type": "Feature", "geometry": {"type": "Point", "coordinates": [-79.859459, 36.135135]}, "properties": {"crashes": 13, "injury": 7, "fatal": 0, "pedestrian": 0, "bicycle": 0, "density": 3.2, "year_range": "2014-2018"}}, {"type": "Feature", "geometry": {"type": "Point", "coordinates": [-79.774775, 36.108108]}, "properties": {"crashes": 5, "injury": 3, "fatal": 0, "pedestrian": 0, "bicycle": 0, "density": 1.2, "year_range": "2014-2018"}}, {"type": "Feature", "geometry": {"type": "Point", "coordinates": [-79.823423, 36.064865]}, "properties": {"crashes": 3, "injury": 0, "fatal": 0, "pedestrian": 0, "bicycle": 0, "density": 0.8, "year_range": "2014-2018"}}, {"type": "Feature", "geometry": {"type": "Point", "coordinates": [-79.803604, 36.068468]}, "properties": {"crashes": 1, "injury": 0, "fatal": 0, "pedestrian": 0, "bicycle": 0, "density": 0.2, "year_range": "2014-2018"}}, {"type": "Feature", "geometry": {"type": "Point", "coordinates": [-79.733333, 36.145946]}, "properties": {"crashes": 2, "injury": 0, "fatal": 0, "pedestrian": 0, "bicycle": 0, "density": 0.5, "year_range": "2014-2018"}}, {"type": "Feature", "geometry": {"type": "Point", "coordinates": [-79.92973, 36.127928]}, "properties": {"crashes": 1, "injury": 0, "fatal": 0, "pedestrian": 0, "bicycle": 0, "density": 0.2, "year_range": "2014-2018"}}, {"type": "Feature", "geometry": {"type": "Point", "coordinates": [-79.852252, 36.032432]}, "properties": {"crashes": 2, "injury": 0, "fatal": 0, "pedestrian": 0, "bicycle": 0, "density": 0.5, "year_range": "2014-2018"}}, {"type": "Feature", "geometry": {"type": "Point", "coordinates": [-79.924324, 36.127928]}, "properties": {"crashes": 1, "injury": 0, "fatal": 0, "pedestrian": 0, "bicycle": 0, "density": 0.2, "year_range": "2014-2018"}}, {"type": "Feature", "geometry": {"type": "Point", "coordinates": [-79.828829, 36.032432]}, "properties": {"crashes": 1, "injury": 0, "fatal": 0, "pedestrian": 0, "bicycle": 0, "density": 0.2, "year_range": "2014-2018"}}, {"type": "Feature", "geometry": {"type": "Point", "coordinates": [-79.855856, 36.041441]}, "properties": {"crashes": 1, "injury": 1, "fatal": 0, "pedestrian": 0, "bicycle": 0, "density": 0.2, "year_range": "2014-2018"}}, {"type": "Feature", "geometry": {"type": "Point", "coordinates": [-79.816216, 36.10991]}, "properties": {"crashes": 2, "injury": 0, "fatal": 0, "pedestrian": 0, "bicycle": 0, "density": 0.5, "year_range": "2014-2018"}}, {"type": "Feature", "geometry": {"type": "Point", "coordinates": [-79.931532, 36.127928]}, "properties": {"crashes": 1, "injury": 0, "fatal": 0, "pedestrian": 0, "bicycle": 0, "density": 0.2, "year_range": "2014-2018"}}, {"type": "Feature", "geometry": {"type": "Point", "coordinates": [-79.935135, 36.072072]}, "properties": {"crashes": 4, "injury": 0, "fatal": 0, "pedestrian": 0, "bicycle": 0, "density": 1.0, "year_range": "2014-2018"}}, {"type": "Feature", "geometry": {"type": "Point", "coordinates": [-79.854054, 36.048649]}, "properties": {"crashes": 1, "injury": 0, "fatal": 0, "pedestrian": 0, "bicycle": 0, "density": 0.2, "year_range": "2014-2018"}}, {"type": "Feature", "geometry": {"type": "Point", "coordinates": [-79.778378, 36.077477]}, "properties": {"crashes": 8, "injury": 6, "fatal": 0, "pedestrian": 0, "bicycle": 0, "density": 2.0, "year_range": "2014-2018"}}, {"type": "Feature", "geometry": {"type": "Point", "coordinates": [-79.765766, 36.093694]}, "properties": {"crashes": 5, "injury": 1, "fatal": 0, "pedestrian": 0, "bicycle": 0, "density": 1.2, "year_range": "2014-2018"}}, {"type": "Feature", "geometry": {"type": "Point", "coordinates": [-79.756757, 36.097297]}, "properties": {"crashes": 4, "injury": 0, "fatal": 0, "pedestrian": 0, "bicycle": 0, "density": 1.0, "year_range": "2014-2018"}}, {"type": "Feature", "geometry": {"type": "Point", "coordinates": [-79.790991, 36.115315]}, "properties": {"crashes": 2, "injury": 0, "fatal": 0, "pedestrian": 0, "bicycle": 0, "density": 0.5, "year_range": "2014-2018"}}, {"type": "Feature", "geometry": {"type": "Point", "coordinates": [-79.965766, 36.082883]}, "properties": {"crashes": 4, "injury": 2, "fatal": 0, "pedestrian": 0, "bicycle": 0, "density": 1.0, "year_range": "2014-2018"}}, {"type": "Feature", "geometry": {"type": "Point", "coordinates": [-79.908108, 36.037838]}, "properties": {"crashes": 2, "injury": 1, "fatal": 0, "pedestrian": 0, "bicycle": 0, "density": 0.5, "year_range": "2014-2018"}}, {"type": "Feature", "geometry": {"type": "Point", "coordinates": [-79.864865, 36.018018]}, "properties": {"crashes": 5, "injury": 1, "fatal": 0, "pedestrian": 0, "bicycle": 0, "density": 1.2, "year_range": "2014-2018"}}, {"type": "Feature", "geometry": {"type": "Point", "coordinates": [-79.913514, 36.077477]}, "properties": {"crashes": 1, "injury": 1, "fatal": 0, "pedestrian": 0, "bicycle": 0, "density": 0.2, "year_range": "2014-2018"}}, {"type": "Feature", "geometry": {"type": "Point", "coordinates": [-79.893694, 36.104505]}, "properties": {"crashes": 1, "injury": 0, "fatal": 0, "pedestrian": 0, "bicycle": 0, "density": 0.2, "year_range": "2014-2018"}}, {"type": "Feature", "geometry": {"type": "Point", "coordinates": [-79.895495, 36.142342]}, "properties": {"crashes": 1, "injury": 0, "fatal": 0, "pedestrian": 0, "bicycle": 0, "density": 0.2, "year_range": "2014-2018"}}, {"type": "Feature", "geometry": {"type": "Point", "coordinates": [-79.967568, 36.082883]}, "properties": {"crashes": 5, "injury": 1, "fatal": 0, "pedestrian": 0, "bicycle": 0, "density": 1.2, "year_range": "2014-2018"}}, {"type": "Feature", "geometry": {"type": "Point", "coordinates": [-79.85045, 36.045045]}, "properties": {"crashes": 1, "injury": 1, "fatal": 0, "pedestrian": 0, "bicycle": 0, "density": 0.2, "year_range": "2014-2018"}}, {"type": "Feature", "geometry": {"type": "Point", "coordinates": [-79.918919, 36.055856]}, "properties": {"crashes": 1, "injury": 0, "fatal": 0, "pedestrian": 0, "bicycle": 0, "density": 0.2, "year_range": "2014-2018"}}, {"type": "Feature", "geometry": {"type": "Point", "coordinates": [-79.942342, 36.075676]}, "properties": {"crashes": 13, "injury": 5, "fatal": 0, "pedestrian": 0, "bicycle": 0, "density": 3.2, "year_range": "2014-2018"}}, {"type": "Feature", "geometry": {"type": "Point", "coordinates": [-79.745946, 35.992793]}, "properties": {"crashes": 1, "injury": 0, "fatal": 0, "pedestrian": 0, "bicycle": 0, "density": 0.2, "year_range": "2014-2018"}}, {"type": "Feature", "geometry": {"type": "Point", "coordinates": [-79.744144, 35.990991]}, "properties": {"crashes": 1, "injury": 0, "fatal": 0, "pedestrian": 0, "bicycle": 0, "density": 0.2, "year_range": "2014-2018"}}, {"type": "Feature", "geometry": {"type": "Point", "coordinates": [-79.837838, 36.041441]}, "properties": {"crashes": 3, "injury": 0, "fatal": 0, "pedestrian": 0, "bicycle": 0, "density": 0.8, "year_range": "2014-2018"}}, {"type": "Feature", "geometry": {"type": "Point", "coordinates": [-79.697297, 36.086486]}, "properties": {"crashes": 2, "injury": 2, "fatal": 0, "pedestrian": 0, "bicycle": 0, "density": 0.5, "year_range": "2014-2018"}}, {"type": "Feature", "geometry": {"type": "Point", "coordinates": [-79.756757, 36.046847]}, "properties": {"crashes": 1, "injury": 0, "fatal": 0, "pedestrian": 0, "bicycle": 0, "density": 0.2, "year_range": "2014-2018"}}, {"type": "Feature", "geometry": {"type": "Point", "coordinates": [-79.848649, 36.046847]}, "properties": {"crashes": 5, "injury": 3, "fatal": 0, "pedestrian": 0, "bicycle": 0, "density": 1.2, "year_range": "2014-2018"}}, {"type": "Feature", "geometry": {"type": "Point", "coordinates": [-79.695495, 36.034234]}, "properties": {"crashes": 4, "injury": 3, "fatal": 0, "pedestrian": 0, "bicycle": 0, "density": 1.0, "year_range": "2014-2018"}}, {"type": "Feature", "geometry": {"type": "Point", "coordinates": [-79.981982, 36.088288]}, "properties": {"crashes": 2, "injury": 1, "fatal": 0, "pedestrian": 0, "bicycle": 0, "density": 0.5, "year_range": "2014-2018"}}, {"type": "Feature", "geometry": {"type": "Point", "coordinates": [-79.891892, 36.057658]}, "properties": {"crashes": 2, "injury": 1, "fatal": 0, "pedestrian": 0, "bicycle": 0, "density": 0.5, "year_range": "2014-2018"}}, {"type": "Feature", "geometry": {"type": "Point", "coordinates": [-79.763964, 36.100901]}, "properties": {"crashes": 5, "injury": 1, "fatal": 0, "pedestrian": 0, "bicycle": 0, "density": 1.2, "year_range": "2014-2018"}}, {"type": "Feature", "geometry": {"type": "Point", "coordinates": [-79.753153, 36.046847]}, "properties": {"crashes": 4, "injury": 0, "fatal": 0, "pedestrian": 0, "bicycle": 0, "density": 1.0, "year_range": "2014-2018"}}, {"type": "Feature", "geometry": {"type": "Point", "coordinates": [-79.798198, 36.066667]}, "properties": {"crashes": 1, "injury": 1, "fatal": 0, "pedestrian": 0, "bicycle": 0, "density": 0.2, "year_range": "2014-2018"}}, {"type": "Feature", "geometry": {"type": "Point", "coordinates": [-79.772973, 35.998198]}, "properties": {"crashes": 2, "injury": 0, "fatal": 0, "pedestrian": 0, "bicycle": 0, "density": 0.5, "year_range": "2014-2018"}}, {"type": "Feature", "geometry": {"type": "Point", "coordinates": [-79.778378, 36.0]}, "properties": {"crashes": 3, "injury": 1, "fatal": 0, "pedestrian": 0, "bicycle": 0, "density": 0.8, "year_range": "2014-2018"}}, {"type": "Feature", "geometry": {"type": "Point", "coordinates": [-79.686486, 36.057658]}, "properties": {"crashes": 1, "injury": 1, "fatal": 0, "pedestrian": 0, "bicycle": 0, "density": 0.2, "year_range": "2014-2018"}}, {"type": "Feature", "geometry": {"type": "Point", "coordinates": [-79.832432, 36.075676]}, "properties": {"crashes": 2, "injury": 1, "fatal": 0, "pedestrian": 0, "bicycle": 0, "density": 0.5, "year_range": "2014-2018"}}, {"type": "Feature", "geometry": {"type": "Point", "coordinates": [-79.902703, 36.045045]}, "properties": {"crashes": 2, "injury": 1, "fatal": 0, "pedestrian": 0, "bicycle": 0, "density": 0.5, "year_range": "2014-2018"}}, {"type": "Feature", "geometry": {"type": "Point", "coordinates": [-79.708108, 36.181982]}, "properties": {"crashes": 1, "injury": 1, "fatal": 0, "pedestrian": 0, "bicycle": 0, "density": 0.2, "year_range": "2014-2018"}}, {"type": "Feature", "geometry": {"type": "Point", "coordinates": [-79.745946, 36.048649]}, "properties": {"crashes": 2, "injury": 2, "fatal": 0, "pedestrian": 0, "bicycle": 0, "density": 0.5, "year_range": "2014-2018"}}, {"type": "Feature", "geometry": {"type": "Point", "coordinates": [-79.857658, 36.046847]}, "properties": {"crashes": 10, "injury": 2, "fatal": 0, "pedestrian": 0, "bicycle": 0, "density": 2.5, "year_range": "2014-2018"}}, {"type": "Feature", "geometry": {"type": "Point", "coordinates": [-79.888288, 36.086486]}, "properties": {"crashes": 4, "injury": 2, "fatal": 0, "pedestrian": 0, "bicycle": 0, "density": 1.0, "year_range": "2014-2018"}}, {"type": "Feature", "geometry": {"type": "Point", "coordinates": [-79.693694, 36.205405]}, "properties": {"crashes": 1, "injury": 0, "fatal": 0, "pedestrian": 0, "bicycle": 0, "density": 0.2, "year_range": "2014-2018"}}, {"type": "Feature", "geometry": {"type": "Point", "coordinates": [-79.74955, 36.0]}, "properties": {"crashes": 1, "injury": 1, "fatal": 0, "pedestrian": 0, "bicycle": 0, "density": 0.2, "year_range": "2014-2018"}}, {"type": "Feature", "geometry": {"type": "Point", "coordinates": [-79.702703, 36.032432]}, "properties": {"crashes": 2, "injury": 1, "fatal": 0, "pedestrian": 0, "bicycle": 0, "density": 0.5, "year_range": "2014-2018"}}, {"type": "Feature", "geometry": {"type": "Point", "coordinates": [-79.854054, 36.037838]}, "properties": {"crashes": 10, "injury": 6, "fatal": 0, "pedestrian": 0, "bicycle": 0, "density": 2.5, "year_range": "2014-2018"}}, {"type": "Feature", "geometry": {"type": "Point", "coordinates": [-79.70991, 36.18018]}, "properties": {"crashes": 1, "injury": 0, "fatal": 0, "pedestrian": 0, "bicycle": 0, "density": 0.2, "year_range": "2014-2018"}}, {"type": "Feature", "geometry": {"type": "Point", "coordinates": [-79.736937, 36.052252]}, "properties": {"crashes": 6, "injury": 2, "fatal": 0, "pedestrian": 0, "bicycle": 0, "density": 1.5, "year_range": "2014-2018"}}, {"type": "Feature", "geometry": {"type": "Point", "coordinates": [-79.747748, 36.001802]}, "properties": {"crashes": 2, "injury": 0, "fatal": 0, "pedestrian": 0, "bicycle": 0, "density": 0.5, "year_range": "2014-2018"}}, {"type": "Feature", "geometry": {"type": "Point", "coordinates": [-79.78018, 36.0]}, "properties": {"crashes": 4, "injury": 1, "fatal": 0, "pedestrian": 0, "bicycle": 0, "density": 1.0, "year_range": "2014-2018"}}, {"type": "Feature", "geometry": {"type": "Point", "coordinates": [-79.742342, 36.048649]}, "properties": {"crashes": 1, "injury": 1, "fatal": 0, "pedestrian": 0, "bicycle": 0, "density": 0.2, "year_range": "2014-2018"}}, {"type": "Feature", "geometry": {"type": "Point", "coordinates": [-79.758559, 36.046847]}, "properties": {"crashes": 2, "injury": 0, "fatal": 0, "pedestrian": 0, "bicycle": 0, "density": 0.5, "year_range": "2014-2018"}}, {"type": "Feature", "geometry": {"type": "Point", "coordinates": [-79.810811, 36.027027]}, "properties": {"crashes": 3, "injury": 0, "fatal": 0, "pedestrian": 0, "bicycle": 0, "density": 0.8, "year_range": "2014-2018"}}, {"type": "Feature", "geometry": {"type": "Point", "coordinates": [-79.83964, 36.043243]}, "properties": {"crashes": 11, "injury": 5, "fatal": 0, "pedestrian": 0, "bicycle": 0, "density": 2.8, "year_range": "2014-2018"}}, {"type": "Feature", "geometry": {"type": "Point", "coordinates": [-79.74955, 36.046847]}, "properties": {"crashes": 1, "injury": 1, "fatal": 0, "pedestrian": 0, "bicycle": 0, "density": 0.2, "year_range": "2014-2018"}}, {"type": "Feature", "geometry": {"type": "Point", "coordinates": [-79.76036, 36.046847]}, "properties": {"crashes": 2, "injury": 1, "fatal": 0, "pedestrian": 0, "bicycle": 0, "density": 0.5, "year_range": "2014-2018"}}, {"type": "Feature", "geometry": {"type": "Point", "coordinates": [-79.774775, 36.118919]}, "properties": {"crashes": 1, "injury": 0, "fatal": 0, "pedestrian": 0, "bicycle": 0, "density": 0.2, "year_range": "2014-2018"}}, {"type": "Feature", "geometry": {"type": "Point", "coordinates": [-79.818018, 36.036036]}, "properties": {"crashes": 3, "injury": 1, "fatal": 0, "pedestrian": 0, "bicycle": 0, "density": 0.8, "year_range": "2014-2018"}}, {"type": "Feature", "geometry": {"type": "Point", "coordinates": [-79.807207, 36.028829]}, "properties": {"crashes": 4, "injury": 3, "fatal": 0, "pedestrian": 0, "bicycle": 0, "density": 1.0, "year_range": "2014-2018"}}, {"type": "Feature", "geometry": {"type": "Point", "coordinates": [-79.745946, 36.001802]}, "properties": {"crashes": 1, "injury": 0, "fatal": 0, "pedestrian": 0, "bicycle": 0, "density": 0.2, "year_range": "2014-2018"}}, {"type": "Feature", "geometry": {"type": "Point", "coordinates": [-79.792793, 36.0]}, "properties": {"crashes": 5, "injury": 3, "fatal": 0, "pedestrian": 0, "bicycle": 0, "density": 1.2, "year_range": "2014-2018"}}, {"type": "Feature", "geometry": {"type": "Point", "coordinates": [-79.812613, 36.001802]}, "properties": {"crashes": 1, "injury": 0, "fatal": 0, "pedestrian": 0, "bicycle": 0, "density": 0.2, "year_range": "2014-2018"}}, {"type": "Feature", "geometry": {"type": "Point", "coordinates": [-79.873874, 36.05045]}, "properties": {"crashes": 3, "injury": 1, "fatal": 0, "pedestrian": 0, "bicycle": 0, "density": 0.8, "year_range": "2014-2018"}}, {"type": "Feature", "geometry": {"type": "Point", "coordinates": [-79.956757, 36.079279]}, "properties": {"crashes": 7, "injury": 2, "fatal": 0, "pedestrian": 0, "bicycle": 0, "density": 1.8, "year_range": "2014-2018"}}, {"type": "Feature", "geometry": {"type": "Point", "coordinates": [-79.740541, 36.05045]}, "properties": {"crashes": 4, "injury": 3, "fatal": 0, "pedestrian": 0, "bicycle": 0, "density": 1.0, "year_range": "2014-2018"}}, {"type": "Feature", "geometry": {"type": "Point", "coordinates": [-79.895495, 36.144144]}, "properties": {"crashes": 1, "injury": 0, "fatal": 0, "pedestrian": 0, "bicycle": 0, "density": 0.2, "year_range": "2014-2018"}}, {"type": "Feature", "geometry": {"type": "Point", "coordinates": [-79.875676, 36.05045]}, "properties": {"crashes": 3, "injury": 2, "fatal": 0, "pedestrian": 0, "bicycle": 0, "density": 0.8, "year_range": "2014-2018"}}, {"type": "Feature", "geometry": {"type": "Point", "coordinates": [-79.697297, 36.032432]}, "properties": {"crashes": 1, "injury": 0, "fatal": 0, "pedestrian": 0, "bicycle": 0, "density": 0.2, "year_range": "2014-2018"}}, {"type": "Feature", "geometry": {"type": "Point", "coordinates": [-79.711712, 36.178378]}, "properties": {"crashes": 1, "injury": 1, "fatal": 0, "pedestrian": 0, "bicycle": 0, "density": 0.2, "year_range": "2014-2018"}}, {"type": "Feature", "geometry": {"type": "Point", "coordinates": [-79.762162, 36.046847]}, "properties": {"crashes": 4, "injury": 1, "fatal": 0, "pedestrian": 0, "bicycle": 0, "density": 1.0, "year_range": "2014-2018"}}, {"type": "Feature", "geometry": {"type": "Point", "coordinates": [-79.70991, 36.032432]}, "properties": {"crashes": 2, "injury": 1, "fatal": 0, "pedestrian": 0, "bicycle": 0, "density": 0.5, "year_range": "2014-2018"}}, {"type": "Feature", "geometry": {"type": "Point", "coordinates": [-79.762162, 35.996396]}, "properties": {"crashes": 2, "injury": 1, "fatal": 0, "pedestrian": 0, "bicycle": 0, "density": 0.5, "year_range": "2014-2018"}}, {"type": "Feature", "geometry": {"type": "Point", "coordinates": [-79.798198, 36.0]}, "properties": {"crashes": 2, "injury": 1, "fatal": 0, "pedestrian": 0, "bicycle": 0, "density": 0.5, "year_range": "2014-2018"}}, {"type": "Feature", "geometry": {"type": "Point", "coordinates": [-79.738739, 36.05045]}, "properties": {"crashes": 1, "injury": 1, "fatal": 0, "pedestrian": 0, "bicycle": 0, "density": 0.2, "year_range": "2014-2018"}}, {"type": "Feature", "geometry": {"type": "Point", "coordinates": [-79.731532, 36.052252]}, "properties": {"crashes": 2, "injury": 1, "fatal": 0, "pedestrian": 0, "bicycle": 0, "density": 0.5, "year_range": "2014-2018"}}, {"type": "Feature", "geometry": {"type": "Point", "coordinates": [-79.830631, 36.075676]}, "properties": {"crashes": 1, "injury": 0, "fatal": 0, "pedestrian": 0, "bicycle": 0, "density": 0.2, "year_range": "2014-2018"}}, {"type": "Feature", "geometry": {"type": "Point", "coordinates": [-79.958559, 36.081081]}, "properties": {"crashes": 11, "injury": 5, "fatal": 0, "pedestrian": 0, "bicycle": 0, "density": 2.8, "year_range": "2014-2018"}}, {"type": "Feature", "geometry": {"type": "Point", "coordinates": [-79.711712, 36.032432]}, "properties": {"crashes": 2, "injury": 0, "fatal": 0, "pedestrian": 0, "bicycle": 0, "density": 0.5, "year_range": "2014-2018"}}, {"type": "Feature", "geometry": {"type": "Point", "coordinates": [-79.717117, 36.030631]}, "properties": {"crashes": 2, "injury": 0, "fatal": 0, "pedestrian": 0, "bicycle": 0, "density": 0.5, "year_range": "2014-2018"}}, {"type": "Feature", "geometry": {"type": "Point", "coordinates": [-79.720721, 36.030631]}, "properties": {"crashes": 1, "injury": 0, "fatal": 0, "pedestrian": 0, "bicycle": 0, "density": 0.2, "year_range": "2014-2018"}}, {"type": "Feature", "geometry": {"type": "Point", "coordinates": [-79.769369, 35.998198]}, "properties": {"crashes": 1, "injury": 0, "fatal": 0, "pedestrian": 0, "bicycle": 0, "density": 0.2, "year_range": "2014-2018"}}, {"type": "Feature", "geometry": {"type": "Point", "coordinates": [-79.8, 36.034234]}, "properties": {"crashes": 19, "injury": 10, "fatal": 0, "pedestrian": 0, "bicycle": 0, "density": 4.8, "year_range": "2014-2018"}}, {"type": "Feature", "geometry": {"type": "Point", "coordinates": [-79.711712, 36.030631]}, "properties": {"crashes": 2, "injury": 0, "fatal": 0, "pedestrian": 0, "bicycle": 0, "density": 0.5, "year_range": "2014-2018"}}, {"type": "Feature", "geometry": {"type": "Point", "coordinates": [-79.805405, 36.032432]}, "properties": {"crashes": 29, "injury": 8, "fatal": 0, "pedestrian": 0, "bicycle": 0, "density": 7.2, "year_range": "2014-2018"}}, {"type": "Feature", "geometry": {"type": "Point", "coordinates": [-79.965766, 36.106306]}, "properties": {"crashes": 1, "injury": 0, "fatal": 0, "pedestrian": 0, "bicycle": 0, "density": 0.2, "year_range": "2014-2018"}}, {"type": "Feature", "geometry": {"type": "Point", "coordinates": [-79.823423, 36.061261]}, "properties": {"crashes": 12, "injury": 6, "fatal": 0, "pedestrian": 0, "bicycle": 0, "density": 3.0, "year_range": "2014-2018"}}, {"type": "Feature", "geometry": {"type": "Point", "coordinates": [-79.825225, 36.027027]}, "properties": {"crashes": 3, "injury": 1, "fatal": 0, "pedestrian": 0, "bicycle": 0, "density": 0.8, "year_range": "2014-2018"}}, {"type": "Feature", "geometry": {"type": "Point", "coordinates": [-79.900901, 36.021622]}, "properties": {"crashes": 1, "injury": 1, "fatal": 0, "pedestrian": 0, "bicycle": 0, "density": 0.2, "year_range": "2014-2018"}}, {"type": "Feature", "geometry": {"type": "Point", "coordinates": [-79.857658, 36.133333]}, "properties": {"crashes": 17, "injury": 3, "fatal": 0, "pedestrian": 0, "bicycle": 0, "density": 4.2, "year_range": "2014-2018"}}, {"type": "Feature", "geometry": {"type": "Point", "coordinates": [-79.891892, 36.115315]}, "properties": {"crashes": 7, "injury": 2, "fatal": 0, "pedestrian": 0, "bicycle": 0, "density": 1.8, "year_range": "2014-2018"}}, {"type": "Feature", "geometry": {"type": "Point", "coordinates": [-79.868468, 36.097297]}, "properties": {"crashes": 1, "injury": 1, "fatal": 0, "pedestrian": 0, "bicycle": 0, "density": 0.2, "year_range": "2014-2018"}}, {"type": "Feature", "geometry": {"type": "Point", "coordinates": [-79.85045, 36.03964]}, "properties": {"crashes": 33, "injury": 13, "fatal": 0, "pedestrian": 0, "bicycle": 0, "density": 8.2, "year_range": "2014-2018"}}, {"type": "Feature", "geometry": {"type": "Point", "coordinates": [-79.778378, 36.088288]}, "properties": {"crashes": 11, "injury": 7, "fatal": 0, "pedestrian": 0, "bicycle": 0, "density": 2.8, "year_range": "2014-2018"}}, {"type": "Feature", "geometry": {"type": "Point", "coordinates": [-79.682883, 36.064865]}, "properties": {"crashes": 1, "injury": 0, "fatal": 0, "pedestrian": 0, "bicycle": 0, "density": 0.2, "year_range": "2014-2018"}}, {"type": "Feature", "geometry": {"type": "Point", "coordinates": [-79.879279, 36.115315]}, "properties": {"crashes": 9, "injury": 3, "fatal": 0, "pedestrian": 0, "bicycle": 0, "density": 2.2, "year_range": "2014-2018"}}, {"type": "Feature", "geometry": {"type": "Point", "coordinates": [-79.83964, 36.102703]}, "properties": {"crashes": 3, "injury": 1, "fatal": 0, "pedestrian": 0, "bicycle": 0, "density": 0.8, "year_range": "2014-2018"}}, {"type": "Feature", "geometry": {"type": "Point", "coordinates": [-79.978378, 36.106306]}, "properties": {"crashes": 1, "injury": 0, "fatal": 0, "pedestrian": 0, "bicycle": 0, "density": 0.2, "year_range": "2014-2018"}}, {"type": "Feature", "geometry": {"type": "Point", "coordinates": [-79.845045, 36.054054]}, "properties": {"crashes": 2, "injury": 1, "fatal": 0, "pedestrian": 0, "bicycle": 0, "density": 0.5, "year_range": "2014-2018"}}, {"type": "Feature", "geometry": {"type": "Point", "coordinates": [-79.888288, 36.073874]}, "properties": {"crashes": 8, "injury": 3, "fatal": 0, "pedestrian": 0, "bicycle": 0, "density": 2.0, "year_range": "2014-2018"}}, {"type": "Feature", "geometry": {"type": "Point", "coordinates": [-79.832432, 36.088288]}, "properties": {"crashes": 15, "injury": 5, "fatal": 0, "pedestrian": 0, "bicycle": 0, "density": 3.8, "year_range": "2014-2018"}}, {"type": "Feature", "geometry": {"type": "Point", "coordinates": [-79.774775, 36.100901]}, "properties": {"crashes": 5, "injury": 2, "fatal": 0, "pedestrian": 0, "bicycle": 0, "density": 1.2, "year_range": "2014-2018"}}, {"type": "Feature", "geometry": {"type": "Point", "coordinates": [-79.854054, 36.03964]}, "properties": {"crashes": 2, "injury": 0, "fatal": 0, "pedestrian": 0, "bicycle": 0, "density": 0.5, "year_range": "2014-2018"}}, {"type": "Feature", "geometry": {"type": "Point", "coordinates": [-79.738739, 36.09009]}, "properties": {"crashes": 1, "injury": 0, "fatal": 0, "pedestrian": 0, "bicycle": 0, "density": 0.2, "year_range": "2014-2018"}}, {"type": "Feature", "geometry": {"type": "Point", "coordinates": [-79.827027, 36.081081]}, "properties": {"crashes": 16, "injury": 10, "fatal": 0, "pedestrian": 0, "bicycle": 0, "density": 4.0, "year_range": "2014-2018"}}, {"type": "Feature", "geometry": {"type": "Point", "coordinates": [-79.762162, 36.113514]}, "properties": {"crashes": 4, "injury": 1, "fatal": 0, "pedestrian": 0, "bicycle": 0, "density": 1.0, "year_range": "2014-2018"}}, {"type": "Feature", "geometry": {"type": "Point", "coordinates": [-79.783784, 36.079279]}, "properties": {"crashes": 7, "injury": 4, "fatal": 0, "pedestrian": 0, "bicycle": 0, "density": 1.8, "year_range": "2014-2018"}}, {"type": "Feature", "geometry": {"type": "Point", "coordinates": [-79.942342, 36.142342]}, "properties": {"crashes": 4, "injury": 1, "fatal": 0, "pedestrian": 0, "bicycle": 0, "density": 1.0, "year_range": "2014-2018"}}, {"type": "Feature", "geometry": {"type": "Point", "coordinates": [-79.854054, 36.061261]}, "properties": {"crashes": 2, "injury": 1, "fatal": 0, "pedestrian": 0, "bicycle": 0, "density": 0.5, "year_range": "2014-2018"}}, {"type": "Feature", "geometry": {"type": "Point", "coordinates": [-79.8, 36.052252]}, "properties": {"crashes": 4, "injury": 2, "fatal": 0, "pedestrian": 0, "bicycle": 0, "density": 1.0, "year_range": "2014-2018"}}, {"type": "Feature", "geometry": {"type": "Point", "coordinates": [-79.904505, 36.063063]}, "properties": {"crashes": 1, "injury": 0, "fatal": 0, "pedestrian": 0, "bicycle": 0, "density": 0.2, "year_range": "2014-2018"}}, {"type": "Feature", "geometry": {"type": "Point", "coordinates": [-79.818018, 36.021622]}, "properties": {"crashes": 13, "injury": 5, "fatal": 0, "pedestrian": 0, "bicycle": 0, "density": 3.2, "year_range": "2014-2018"}}, {"type": "Feature", "geometry": {"type": "Point", "coordinates": [-79.834234, 36.052252]}, "properties": {"crashes": 5, "injury": 1, "fatal": 0, "pedestrian": 0, "bicycle": 0, "density": 1.2, "year_range": "2014-2018"}}, {"type": "Feature", "geometry": {"type": "Point", "coordinates": [-79.798198, 36.009009]}, "properties": {"crashes": 2, "injury": 0, "fatal": 0, "pedestrian": 0, "bicycle": 0, "density": 0.5, "year_range": "2014-2018"}}, {"type": "Feature", "geometry": {"type": "Point", "coordinates": [-79.785586, 36.122523]}, "properties": {"crashes": 3, "injury": 3, "fatal": 0, "pedestrian": 0, "bicycle": 0, "density": 0.8, "year_range": "2014-2018"}}, {"type": "Feature", "geometry": {"type": "Point", "coordinates": [-79.792793, 36.111712]}, "properties": {"crashes": 5, "injury": 4, "fatal": 0, "pedestrian": 0, "bicycle": 0, "density": 1.2, "year_range": "2014-2018"}}, {"type": "Feature", "geometry": {"type": "Point", "coordinates": [-79.78018, 36.111712]}, "properties": {"crashes": 18, "injury": 10, "fatal": 0, "pedestrian": 0, "bicycle": 0, "density": 4.5, "year_range": "2014-2018"}}, {"type": "Feature", "geometry": {"type": "Point", "coordinates": [-79.798198, 36.007207]}, "properties": {"crashes": 1, "injury": 0, "fatal": 0, "pedestrian": 0, "bicycle": 0, "density": 0.2, "year_range": "2014-2018"}}, {"type": "Feature", "geometry": {"type": "Point", "coordinates": [-79.805405, 36.014414]}, "properties": {"crashes": 8, "injury": 3, "fatal": 0, "pedestrian": 0, "bicycle": 0, "density": 2.0, "year_range": "2014-2018"}}, {"type": "Feature", "geometry": {"type": "Point", "coordinates": [-79.857658, 36.036036]}, "properties": {"crashes": 4, "injury": 0, "fatal": 0, "pedestrian": 0, "bicycle": 0, "density": 1.0, "year_range": "2014-2018"}}, {"type": "Feature", "geometry": {"type": "Point", "coordinates": [-79.954955, 36.111712]}, "properties": {"crashes": 1, "injury": 0, "fatal": 0, "pedestrian": 0, "bicycle": 0, "density": 0.2, "year_range": "2014-2018"}}, {"type": "Feature", "geometry": {"type": "Point", "coordinates": [-79.846847, 36.124324]}, "properties": {"crashes": 7, "injury": 1, "fatal": 0, "pedestrian": 0, "bicycle": 0, "density": 1.8, "year_range": "2014-2018"}}, {"type": "Feature", "geometry": {"type": "Point", "coordinates": [-79.882883, 36.088288]}, "properties": {"crashes": 1, "injury": 1, "fatal": 0, "pedestrian": 0, "bicycle": 0, "density": 0.2, "year_range": "2014-2018"}}, {"type": "Feature", "geometry": {"type": "Point", "coordinates": [-79.872072, 36.091892]}, "properties": {"crashes": 1, "injury": 0, "fatal": 0, "pedestrian": 0, "bicycle": 0, "density": 0.2, "year_range": "2014-2018"}}, {"type": "Feature", "geometry": {"type": "Point", "coordinates": [-79.76036, 36.106306]}, "properties": {"crashes": 9, "injury": 2, "fatal": 0, "pedestrian": 0, "bicycle": 0, "density": 2.2, "year_range": "2014-2018"}}, {"type": "Feature", "geometry": {"type": "Point", "coordinates": [-79.794595, 36.079279]}, "properties": {"crashes": 7, "injury": 4, "fatal": 0, "pedestrian": 0, "bicycle": 0, "density": 1.8, "year_range": "2014-2018"}}, {"type": "Feature", "geometry": {"type": "Point", "coordinates": [-79.893694, 36.111712]}, "properties": {"crashes": 2, "injury": 0, "fatal": 0, "pedestrian": 0, "bicycle": 0, "density": 0.5, "year_range": "2014-2018"}}, {"type": "Feature", "geometry": {"type": "Point", "coordinates": [-79.859459, 36.063063]}, "properties": {"crashes": 1, "injury": 0, "fatal": 0, "pedestrian": 0, "bicycle": 0, "density": 0.2, "year_range": "2014-2018"}}, {"type": "Feature", "geometry": {"type": "Point", "coordinates": [-79.8, 36.066667]}, "properties": {"crashes": 4, "injury": 0, "fatal": 0, "pedestrian": 0, "bicycle": 0, "density": 1.0, "year_range": "2014-2018"}}, {"type": "Feature", "geometry": {"type": "Point", "coordinates": [-79.891892, 36.099099]}, "properties": {"crashes": 3, "injury": 2, "fatal": 0, "pedestrian": 0, "bicycle": 0, "density": 0.8, "year_range": "2014-2018"}}, {"type": "Feature", "geometry": {"type": "Point", "coordinates": [-79.927928, 36.07027]}, "properties": {"crashes": 9, "injury": 3, "fatal": 0, "pedestrian": 0, "bicycle": 0, "density": 2.2, "year_range": "2014-2018"}}, {"type": "Feature", "geometry": {"type": "Point", "coordinates": [-79.794595, 36.07027]}, "properties": {"crashes": 8, "injury": 6, "fatal": 0, "pedestrian": 0, "bicycle": 0, "density": 2.0, "year_range": "2014-2018"}}, {"type": "Feature", "geometry": {"type": "Point", "coordinates": [-79.8, 36.045045]}, "properties": {"crashes": 2, "injury": 1, "fatal": 0, "pedestrian": 0, "bicycle": 0, "density": 0.5, "year_range": "2014-2018"}}, {"type": "Feature", "geometry": {"type": "Point", "coordinates": [-79.837838, 36.104505]}, "properties": {"crashes": 5, "injury": 2, "fatal": 0, "pedestrian": 0, "bicycle": 0, "density": 1.2, "year_range": "2014-2018"}}, {"type": "Feature", "geometry": {"type": "Point", "coordinates": [-79.744144, 36.084685]}, "properties": {"crashes": 6, "injury": 2, "fatal": 0, "pedestrian": 0, "bicycle": 0, "density": 1.5, "year_range": "2014-2018"}}, {"type": "Feature", "geometry": {"type": "Point", "coordinates": [-79.792793, 36.036036]}, "properties": {"crashes": 13, "injury": 4, "fatal": 0, "pedestrian": 0, "bicycle": 0, "density": 3.2, "year_range": "2014-2018"}}, {"type": "Feature", "geometry": {"type": "Point", "coordinates": [-79.809009, 36.055856]}, "properties": {"crashes": 2, "injury": 1, "fatal": 0, "pedestrian": 0, "bicycle": 0, "density": 0.5, "year_range": "2014-2018"}}, {"type": "Feature", "geometry": {"type": "Point", "coordinates": [-79.920721, 36.057658]}, "properties": {"crashes": 1, "injury": 0, "fatal": 0, "pedestrian": 0, "bicycle": 0, "density": 0.2, "year_range": "2014-2018"}}, {"type": "Feature", "geometry": {"type": "Point", "coordinates": [-79.771171, 36.027027]}, "properties": {"crashes": 6, "injury": 1, "fatal": 0, "pedestrian": 0, "bicycle": 0, "density": 1.5, "year_range": "2014-2018"}}, {"type": "Feature", "geometry": {"type": "Point", "coordinates": [-79.827027, 36.057658]}, "properties": {"crashes": 1, "injury": 0, "fatal": 0, "pedestrian": 0, "bicycle": 0, "density": 0.2, "year_range": "2014-2018"}}, {"type": "Feature", "geometry": {"type": "Point", "coordinates": [-79.828829, 36.068468]}, "properties": {"crashes": 8, "injury": 2, "fatal": 0, "pedestrian": 0, "bicycle": 0, "density": 2.0, "year_range": "2014-2018"}}, {"type": "Feature", "geometry": {"type": "Point", "coordinates": [-79.837838, 36.046847]}, "properties": {"crashes": 17, "injury": 5, "fatal": 0, "pedestrian": 0, "bicycle": 0, "density": 4.2, "year_range": "2014-2018"}}, {"type": "Feature", "geometry": {"type": "Point", "coordinates": [-79.931532, 36.124324]}, "properties": {"crashes": 1, "injury": 0, "fatal": 0, "pedestrian": 0, "bicycle": 0, "density": 0.2, "year_range": "2014-2018"}}, {"type": "Feature", "geometry": {"type": "Point", "coordinates": [-79.845045, 36.03964]}, "properties": {"crashes": 1, "injury": 0, "fatal": 0, "pedestrian": 0, "bicycle": 0, "density": 0.2, "year_range": "2014-2018"}}, {"type": "Feature", "geometry": {"type": "Point", "coordinates": [-79.801802, 36.034234]}, "properties": {"crashes": 6, "injury": 2, "fatal": 0, "pedestrian": 0, "bicycle": 0, "density": 1.5, "year_range": "2014-2018"}}, {"type": "Feature", "geometry": {"type": "Point", "coordinates": [-79.756757, 36.09009]}, "properties": {"crashes": 1, "injury": 1, "fatal": 0, "pedestrian": 0, "bicycle": 0, "density": 0.2, "year_range": "2014-2018"}}, {"type": "Feature", "geometry": {"type": "Point", "coordinates": [-79.8, 36.088288]}, "properties": {"crashes": 23, "injury": 13, "fatal": 0, "pedestrian": 0, "bicycle": 0, "density": 5.8, "year_range": "2014-2018"}}, {"type": "Feature", "geometry": {"type": "Point", "coordinates": [-79.834234, 36.034234]}, "properties": {"crashes": 1, "injury": 0, "fatal": 0, "pedestrian": 0, "bicycle": 0, "density": 0.2, "year_range": "2014-2018"}}, {"type": "Feature", "geometry": {"type": "Point", "coordinates": [-79.792793, 36.07027]}, "properties": {"crashes": 4, "injury": 0, "fatal": 0, "pedestrian": 0, "bicycle": 0, "density": 1.0, "year_range": "2014-2018"}}, {"type": "Feature", "geometry": {"type": "Point", "coordinates": [-79.774775, 36.082883]}, "properties": {"crashes": 9, "injury": 2, "fatal": 0, "pedestrian": 0, "bicycle": 0, "density": 2.2, "year_range": "2014-2018"}}, {"type": "Feature", "geometry": {"type": "Point", "coordinates": [-79.821622, 36.136937]}, "properties": {"crashes": 2, "injury": 0, "fatal": 0, "pedestrian": 0, "bicycle": 0, "density": 0.5, "year_range": "2014-2018"}}, {"type": "Feature", "geometry": {"type": "Point", "coordinates": [-79.823423, 36.037838]}, "properties": {"crashes": 4, "injury": 1, "fatal": 0, "pedestrian": 0, "bicycle": 0, "density": 1.0, "year_range": "2014-2018"}}, {"type": "Feature", "geometry": {"type": "Point", "coordinates": [-79.845045, 36.021622]}, "properties": {"crashes": 3, "injury": 1, "fatal": 0, "pedestrian": 0, "bicycle": 0, "density": 0.8, "year_range": "2014-2018"}}, {"type": "Feature", "geometry": {"type": "Point", "coordinates": [-79.785586, 36.066667]}, "properties": {"crashes": 1, "injury": 1, "fatal": 0, "pedestrian": 0, "bicycle": 0, "density": 0.2, "year_range": "2014-2018"}}, {"type": "Feature", "geometry": {"type": "Point", "coordinates": [-79.843243, 36.099099]}, "properties": {"crashes": 5, "injury": 2, "fatal": 0, "pedestrian": 0, "bicycle": 0, "density": 1.2, "year_range": "2014-2018"}}, {"type": "Feature", "geometry": {"type": "Point", "coordinates": [-79.805405, 36.001802]}, "properties": {"crashes": 1, "injury": 0, "fatal": 0, "pedestrian": 0, "bicycle": 0, "density": 0.2, "year_range": "2014-2018"}}, {"type": "Feature", "geometry": {"type": "Point", "coordinates": [-79.893694, 36.088288]}, "properties": {"crashes": 3, "injury": 1, "fatal": 0, "pedestrian": 0, "bicycle": 0, "density": 0.8, "year_range": "2014-2018"}}, {"type": "Feature", "geometry": {"type": "Point", "coordinates": [-79.845045, 36.012613]}, "properties": {"crashes": 1, "injury": 0, "fatal": 0, "pedestrian": 0, "bicycle": 0, "density": 0.2, "year_range": "2014-2018"}}, {"type": "Feature", "geometry": {"type": "Point", "coordinates": [-79.841441, 36.043243]}, "properties": {"crashes": 11, "injury": 5, "fatal": 0, "pedestrian": 0, "bicycle": 0, "density": 2.8, "year_range": "2014-2018"}}, {"type": "Feature", "geometry": {"type": "Point", "coordinates": [-79.836036, 36.028829]}, "properties": {"crashes": 1, "injury": 1, "fatal": 0, "pedestrian": 0, "bicycle": 0, "density": 0.2, "year_range": "2014-2018"}}, {"type": "Feature", "geometry": {"type": "Point", "coordinates": [-79.882883, 36.082883]}, "properties": {"crashes": 3, "injury": 0, "fatal": 0, "pedestrian": 0, "bicycle": 0, "density": 0.8, "year_range": "2014-2018"}}, {"type": "Feature", "geometry": {"type": "Point", "coordinates": [-79.814414, 36.095495]}, "properties": {"crashes": 1, "injury": 0, "fatal": 0, "pedestrian": 0, "bicycle": 0, "density": 0.2, "year_range": "2014-2018"}}, {"type": "Feature", "geometry": {"type": "Point", "coordinates": [-79.789189, 36.126126]}, "properties": {"crashes": 1, "injury": 0, "fatal": 0, "pedestrian": 0, "bicycle": 0, "density": 0.2, "year_range": "2014-2018"}}, {"type": "Feature", "geometry": {"type": "Point", "coordinates": [-79.958559, 36.077477]}, "properties": {"crashes": 2, "injury": 0, "fatal": 0, "pedestrian": 0, "bicycle": 0, "density": 0.5, "year_range": "2014-2018"}}, {"type": "Feature", "geometry": {"type": "Point", "coordinates": [-79.70991, 36.057658]}, "properties": {"crashes": 3, "injury": 0, "fatal": 0, "pedestrian": 0, "bicycle": 0, "density": 0.8, "year_range": "2014-2018"}}, {"type": "Feature", "geometry": {"type": "Point", "coordinates": [-79.89009, 36.037838]}, "properties": {"crashes": 1, "injury": 1, "fatal": 0, "pedestrian": 0, "bicycle": 0, "density": 0.2, "year_range": "2014-2018"}}, {"type": "Feature", "geometry": {"type": "Point", "coordinates": [-79.747748, 36.073874]}, "properties": {"crashes": 2, "injury": 1, "fatal": 0, "pedestrian": 0, "bicycle": 0, "density": 0.5, "year_range": "2014-2018"}}, {"type": "Feature", "geometry": {"type": "Point", "coordinates": [-79.836036, 36.086486]}, "properties": {"crashes": 10, "injury": 1, "fatal": 0, "pedestrian": 0, "bicycle": 0, "density": 2.5, "year_range": "2014-2018"}}, {"type": "Feature", "geometry": {"type": "Point", "coordinates": [-79.900901, 36.055856]}, "properties": {"crashes": 8, "injury": 3, "fatal": 0, "pedestrian": 0, "bicycle": 0, "density": 2.0, "year_range": "2014-2018"}}, {"type": "Feature", "geometry": {"type": "Point", "coordinates": [-79.825225, 36.01982]}, "properties": {"crashes": 3, "injury": 0, "fatal": 0, "pedestrian": 0, "bicycle": 0, "density": 0.8, "year_range": "2014-2018"}}, {"type": "Feature", "geometry": {"type": "Point", "coordinates": [-79.792793, 36.054054]}, "properties": {"crashes": 5, "injury": 3, "fatal": 0, "pedestrian": 0, "bicycle": 0, "density": 1.2, "year_range": "2014-2018"}}, {"type": "Feature", "geometry": {"type": "Point", "coordinates": [-79.790991, 36.001802]}, "properties": {"crashes": 4, "injury": 3, "fatal": 0, "pedestrian": 0, "bicycle": 0, "density": 1.0, "year_range": "2014-2018"}}, {"type": "Feature", "geometry": {"type": "Point", "coordinates": [-79.836036, 36.075676]}, "properties": {"crashes": 1, "injury": 0, "fatal": 0, "pedestrian": 0, "bicycle": 0, "density": 0.2, "year_range": "2014-2018"}}, {"type": "Feature", "geometry": {"type": "Point", "coordinates": [-79.772973, 36.091892]}, "properties": {"crashes": 1, "injury": 0, "fatal": 0, "pedestrian": 0, "bicycle": 0, "density": 0.2, "year_range": "2014-2018"}}, {"type": "Feature", "geometry": {"type": "Point", "coordinates": [-79.783784, 36.102703]}, "properties": {"crashes": 6, "injury": 0, "fatal": 0, "pedestrian": 0, "bicycle": 0, "density": 1.5, "year_range": "2014-2018"}}, {"type": "Feature", "geometry": {"type": "Point", "coordinates": [-79.769369, 36.03964]}, "properties": {"crashes": 3, "injury": 1, "fatal": 0, "pedestrian": 0, "bicycle": 0, "density": 0.8, "year_range": "2014-2018"}}, {"type": "Feature", "geometry": {"type": "Point", "coordinates": [-79.852252, 36.066667]}, "properties": {"crashes": 2, "injury": 2, "fatal": 0, "pedestrian": 0, "bicycle": 0, "density": 0.5, "year_range": "2014-2018"}}, {"type": "Feature", "geometry": {"type": "Point", "coordinates": [-79.899099, 36.201802]}, "properties": {"crashes": 1, "injury": 1, "fatal": 0, "pedestrian": 0, "bicycle": 0, "density": 0.2, "year_range": "2014-2018"}}, {"type": "Feature", "geometry": {"type": "Point", "coordinates": [-79.767568, 36.084685]}, "properties": {"crashes": 15, "injury": 7, "fatal": 0, "pedestrian": 0, "bicycle": 0, "density": 3.8, "year_range": "2014-2018"}}, {"type": "Feature", "geometry": {"type": "Point", "coordinates": [-79.828829, 36.043243]}, "properties": {"crashes": 1, "injury": 1, "fatal": 0, "pedestrian": 0, "bicycle": 0, "density": 0.2, "year_range": "2014-2018"}}, {"type": "Feature", "geometry": {"type": "Point", "coordinates": [-79.841441, 36.07027]}, "properties": {"crashes": 1, "injury": 0, "fatal": 0, "pedestrian": 0, "bicycle": 0, "density": 0.2, "year_range": "2014-2018"}}, {"type": "Feature", "geometry": {"type": "Point", "coordinates": [-79.803604, 36.014414]}, "properties": {"crashes": 13, "injury": 4, "fatal": 0, "pedestrian": 0, "bicycle": 0, "density": 3.2, "year_range": "2014-2018"}}, {"type": "Feature", "geometry": {"type": "Point", "coordinates": [-79.873874, 36.09009]}, "properties": {"crashes": 1, "injury": 1, "fatal": 0, "pedestrian": 0, "bicycle": 0, "density": 0.2, "year_range": "2014-2018"}}, {"type": "Feature", "geometry": {"type": "Point", "coordinates": [-79.902703, 36.05045]}, "properties": {"crashes": 6, "injury": 3, "fatal": 0, "pedestrian": 0, "bicycle": 0, "density": 1.5, "year_range": "2014-2018"}}, {"type": "Feature", "geometry": {"type": "Point", "coordinates": [-79.875676, 36.16036]}, "properties": {"crashes": 7, "injury": 2, "fatal": 0, "pedestrian": 0, "bicycle": 0, "density": 1.8, "year_range": "2014-2018"}}, {"type": "Feature", "geometry": {"type": "Point", "coordinates": [-79.895495, 36.057658]}, "properties": {"crashes": 2, "injury": 1, "fatal": 0, "pedestrian": 0, "bicycle": 0, "density": 0.5, "year_range": "2014-2018"}}, {"type": "Feature", "geometry": {"type": "Point", "coordinates": [-79.738739, 36.093694]}, "properties": {"crashes": 2, "injury": 1, "fatal": 0, "pedestrian": 0, "bicycle": 0, "density": 0.5, "year_range": "2014-2018"}}, {"type": "Feature", "geometry": {"type": "Point", "coordinates": [-79.843243, 36.093694]}, "properties": {"crashes": 4, "injury": 2, "fatal": 0, "pedestrian": 0, "bicycle": 0, "density": 1.0, "year_range": "2014-2018"}}, {"type": "Feature", "geometry": {"type": "Point", "coordinates": [-79.772973, 36.072072]}, "properties": {"crashes": 2, "injury": 2, "fatal": 0, "pedestrian": 0, "bicycle": 0, "density": 0.5, "year_range": "2014-2018"}}, {"type": "Feature", "geometry": {"type": "Point", "coordinates": [-79.715315, 36.111712]}, "properties": {"crashes": 1, "injury": 0, "fatal": 0, "pedestrian": 0, "bicycle": 0, "density": 0.2, "year_range": "2014-2018"}}, {"type": "Feature", "geometry": {"type": "Point", "coordinates": [-79.843243, 36.048649]}, "properties": {"crashes": 3, "injury": 0, "fatal": 0, "pedestrian": 0, "bicycle": 0, "density": 0.8, "year_range": "2014-2018"}}, {"type": "Feature", "geometry": {"type": "Point", "coordinates": [-79.751351, 36.063063]}, "properties": {"crashes": 2, "injury": 0, "fatal": 0, "pedestrian": 0, "bicycle": 0, "density": 0.5, "year_range": "2014-2018"}}, {"type": "Feature", "geometry": {"type": "Point", "coordinates": [-79.790991, 36.075676]}, "properties": {"crashes": 4, "injury": 1, "fatal": 0, "pedestrian": 0, "bicycle": 0, "density": 1.0, "year_range": "2014-2018"}}, {"type": "Feature", "geometry": {"type": "Point", "coordinates": [-79.825225, 36.086486]}, "properties": {"crashes": 4, "injury": 0, "fatal": 0, "pedestrian": 0, "bicycle": 0, "density": 1.0, "year_range": "2014-2018"}}, {"type": "Feature", "geometry": {"type": "Point", "coordinates": [-79.801802, 36.072072]}, "properties": {"crashes": 1, "injury": 1, "fatal": 0, "pedestrian": 0, "bicycle": 0, "density": 0.2, "year_range": "2014-2018"}}, {"type": "Feature", "geometry": {"type": "Point", "coordinates": [-79.879279, 36.059459]}, "properties": {"crashes": 6, "injury": 2, "fatal": 0, "pedestrian": 0, "bicycle": 0, "density": 1.5, "year_range": "2014-2018"}}, {"type": "Feature", "geometry": {"type": "Point", "coordinates": [-79.818018, 36.041441]}, "properties": {"crashes": 2, "injury": 2, "fatal": 0, "pedestrian": 0, "bicycle": 0, "density": 0.5, "year_range": "2014-2018"}}, {"type": "Feature", "geometry": {"type": "Point", "coordinates": [-79.866667, 36.030631]}, "properties": {"crashes": 3, "injury": 1, "fatal": 0, "pedestrian": 0, "bicycle": 0, "density": 0.8, "year_range": "2014-2018"}}, {"type": "Feature", "geometry": {"type": "Point", "coordinates": [-79.76036, 36.113514]}, "properties": {"crashes": 3, "injury": 2, "fatal": 0, "pedestrian": 0, "bicycle": 0, "density": 0.8, "year_range": "2014-2018"}}, {"type": "Feature", "geometry": {"type": "Point", "coordinates": [-79.895495, 36.131532]}, "properties": {"crashes": 3, "injury": 0, "fatal": 0, "pedestrian": 0, "bicycle": 0, "density": 0.8, "year_range": "2014-2018"}}, {"type": "Feature", "geometry": {"type": "Point", "coordinates": [-79.745946, 36.118919]}, "properties": {"crashes": 5, "injury": 2, "fatal": 0, "pedestrian": 0, "bicycle": 0, "density": 1.2, "year_range": "2014-2018"}}, {"type": "Feature", "geometry": {"type": "Point", "coordinates": [-79.778378, 36.095495]}, "properties": {"crashes": 2, "injury": 2, "fatal": 0, "pedestrian": 0, "bicycle": 0, "density": 0.5, "year_range": "2014-2018"}}, {"type": "Feature", "geometry": {"type": "Point", "coordinates": [-79.792793, 36.133333]}, "properties": {"crashes": 7, "injury": 1, "fatal": 0, "pedestrian": 0, "bicycle": 0, "density": 1.8, "year_range": "2014-2018"}}, {"type": "Feature", "geometry": {"type": "Point", "coordinates": [-79.798198, 36.073874]}, "properties": {"crashes": 7, "injury": 3, "fatal": 0, "pedestrian": 0, "bicycle": 0, "density": 1.8, "year_range": "2014-2018"}}, {"type": "Feature", "geometry": {"type": "Point", "coordinates": [-79.821622, 36.135135]}, "properties": {"crashes": 2, "injury": 0, "fatal": 0, "pedestrian": 0, "bicycle": 0, "density": 0.5, "year_range": "2014-2018"}}, {"type": "Feature", "geometry": {"type": "Point", "coordinates": [-79.857658, 36.068468]}, "properties": {"crashes": 3, "injury": 0, "fatal": 0, "pedestrian": 0, "bicycle": 0, "density": 0.8, "year_range": "2014-2018"}}, {"type": "Feature", "geometry": {"type": "Point", "coordinates": [-79.830631, 36.095495]}, "properties": {"crashes": 19, "injury": 7, "fatal": 0, "pedestrian": 0, "bicycle": 0, "density": 4.8, "year_range": "2014-2018"}}, {"type": "Feature", "geometry": {"type": "Point", "coordinates": [-79.848649, 36.095495]}, "properties": {"crashes": 1, "injury": 0, "fatal": 0, "pedestrian": 0, "bicycle": 0, "density": 0.2, "year_range": "2014-2018"}}, {"type": "Feature", "geometry": {"type": "Point", "coordinates": [-79.801802, 36.066667]}, "properties": {"crashes": 5, "injury": 0, "fatal": 0, "pedestrian": 0, "bicycle": 0, "density": 1.2, "year_range": "2014-2018"}}, {"type": "Feature", "geometry": {"type": "Point", "coordinates": [-79.832432, 36.111712]}, "properties": {"crashes": 9, "injury": 1, "fatal": 0, "pedestrian": 0, "bicycle": 0, "density": 2.2, "year_range": "2014-2018"}}, {"type": "Feature", "geometry": {"type": "Point", "coordinates": [-79.787387, 36.102703]}, "properties": {"crashes": 13, "injury": 9, "fatal": 0, "pedestrian": 0, "bicycle": 0, "density": 3.2, "year_range": "2014-2018"}}, {"type": "Feature", "geometry": {"type": "Point", "coordinates": [-79.825225, 36.028829]}, "properties": {"crashes": 4, "injury": 1, "fatal": 0, "pedestrian": 0, "bicycle": 0, "density": 1.0, "year_range": "2014-2018"}}, {"type": "Feature", "geometry": {"type": "Point", "coordinates": [-79.846847, 36.041441]}, "properties": {"crashes": 3, "injury": 0, "fatal": 0, "pedestrian": 0, "bicycle": 0, "density": 0.8, "year_range": "2014-2018"}}, {"type": "Feature", "geometry": {"type": "Point", "coordinates": [-79.805405, 36.052252]}, "properties": {"crashes": 3, "injury": 0, "fatal": 0, "pedestrian": 0, "bicycle": 0, "density": 0.8, "year_range": "2014-2018"}}, {"type": "Feature", "geometry": {"type": "Point", "coordinates": [-79.89009, 36.052252]}, "properties": {"crashes": 7, "injury": 2, "fatal": 0, "pedestrian": 0, "bicycle": 0, "density": 1.8, "year_range": "2014-2018"}}, {"type": "Feature", "geometry": {"type": "Point", "coordinates": [-79.888288, 36.072072]}, "properties": {"crashes": 1, "injury": 0, "fatal": 0, "pedestrian": 0, "bicycle": 0, "density": 0.2, "year_range": "2014-2018"}}, {"type": "Feature", "geometry": {"type": "Point", "coordinates": [-79.83964, 36.009009]}, "properties": {"crashes": 1, "injury": 0, "fatal": 0, "pedestrian": 0, "bicycle": 0, "density": 0.2, "year_range": "2014-2018"}}, {"type": "Feature", "geometry": {"type": "Point", "coordinates": [-79.872072, 36.097297]}, "properties": {"crashes": 2, "injury": 0, "fatal": 0, "pedestrian": 0, "bicycle": 0, "density": 0.5, "year_range": "2014-2018"}}, {"type": "Feature", "geometry": {"type": "Point", "coordinates": [-79.832432, 36.082883]}, "properties": {"crashes": 11, "injury": 6, "fatal": 0, "pedestrian": 0, "bicycle": 0, "density": 2.8, "year_range": "2014-2018"}}, {"type": "Feature", "geometry": {"type": "Point", "coordinates": [-79.886486, 36.09009]}, "properties": {"crashes": 4, "injury": 0, "fatal": 0, "pedestrian": 0, "bicycle": 0, "density": 1.0, "year_range": "2014-2018"}}, {"type": "Feature", "geometry": {"type": "Point", "coordinates": [-79.715315, 36.086486]}, "properties": {"crashes": 1, "injury": 0, "fatal": 0, "pedestrian": 0, "bicycle": 0, "density": 0.2, "year_range": "2014-2018"}}, {"type": "Feature", "geometry": {"type": "Point", "coordinates": [-79.789189, 36.124324]}, "properties": {"crashes": 1, "injury": 0, "fatal": 0, "pedestrian": 0, "bicycle": 0, "density": 0.2, "year_range": "2014-2018"}}, {"type": "Feature", "geometry": {"type": "Point", "coordinates": [-79.8, 36.014414]}, "properties": {"crashes": 1, "injury": 0, "fatal": 0, "pedestrian": 0, "bicycle": 0, "density": 0.2, "year_range": "2014-2018"}}, {"type": "Feature", "geometry": {"type": "Point", "coordinates": [-79.857658, 36.061261]}, "properties": {"crashes": 7, "injury": 2, "fatal": 0, "pedestrian": 0, "bicycle": 0, "density": 1.8, "year_range": "2014-2018"}}, {"type": "Feature", "geometry": {"type": "Point", "coordinates": [-79.872072, 36.117117]}, "properties": {"crashes": 11, "injury": 1, "fatal": 0, "pedestrian": 0, "bicycle": 0, "density": 2.8, "year_range": "2014-2018"}}, {"type": "Feature", "geometry": {"type": "Point", "coordinates": [-79.864865, 36.075676]}, "properties": {"crashes": 3, "injury": 1, "fatal": 0, "pedestrian": 0, "bicycle": 0, "density": 0.8, "year_range": "2014-2018"}}, {"type": "Feature", "geometry": {"type": "Point", "coordinates": [-79.974775, 36.115315]}, "properties": {"crashes": 1, "injury": 0, "fatal": 0, "pedestrian": 0, "bicycle": 0, "density": 0.2, "year_range": "2014-2018"}}, {"type": "Feature", "geometry": {"type": "Point", "coordinates": [-79.902703, 36.059459]}, "properties": {"crashes": 4, "injury": 0, "fatal": 0, "pedestrian": 0, "bicycle": 0, "density": 1.0, "year_range": "2014-2018"}}, {"type": "Feature", "geometry": {"type": "Point", "coordinates": [-79.790991, 36.032432]}, "properties": {"crashes": 10, "injury": 3, "fatal": 0, "pedestrian": 0, "bicycle": 0, "density": 2.5, "year_range": "2014-2018"}}, {"type": "Feature", "geometry": {"type": "Point", "coordinates": [-79.789189, 36.079279]}, "properties": {"crashes": 21, "injury": 8, "fatal": 0, "pedestrian": 0, "bicycle": 0, "density": 5.2, "year_range": "2014-2018"}}, {"type": "Feature", "geometry": {"type": "Point", "coordinates": [-79.89009, 36.045045]}, "properties": {"crashes": 4, "injury": 3, "fatal": 0, "pedestrian": 0, "bicycle": 0, "density": 1.0, "year_range": "2014-2018"}}, {"type": "Feature", "geometry": {"type": "Point", "coordinates": [-79.663063, 36.059459]}, "properties": {"crashes": 2, "injury": 0, "fatal": 0, "pedestrian": 0, "bicycle": 0, "density": 0.5, "year_range": "2014-2018"}}, {"type": "Feature", "geometry": {"type": "Point", "coordinates": [-79.891892, 36.075676]}, "properties": {"crashes": 4, "injury": 0, "fatal": 0, "pedestrian": 0, "bicycle": 0, "density": 1.0, "year_range": "2014-2018"}}, {"type": "Feature", "geometry": {"type": "Point", "coordinates": [-79.769369, 36.064865]}, "properties": {"crashes": 5, "injury": 1, "fatal": 0, "pedestrian": 0, "bicycle": 0, "density": 1.2, "year_range": "2014-2018"}}, {"type": "Feature", "geometry": {"type": "Point", "coordinates": [-79.724324, 36.086486]}, "properties": {"crashes": 5, "injury": 2, "fatal": 0, "pedestrian": 0, "bicycle": 0, "density": 1.2, "year_range": "2014-2018"}}, {"type": "Feature", "geometry": {"type": "Point", "coordinates": [-79.790991, 36.046847]}, "properties": {"crashes": 3, "injury": 1, "fatal": 0, "pedestrian": 0, "bicycle": 0, "density": 0.8, "year_range": "2014-2018"}}, {"type": "Feature", "geometry": {"type": "Point", "coordinates": [-79.875676, 36.084685]}, "properties": {"crashes": 3, "injury": 0, "fatal": 0, "pedestrian": 0, "bicycle": 0, "density": 0.8, "year_range": "2014-2018"}}, {"type": "Feature", "geometry": {"type": "Point", "coordinates": [-79.841441, 36.014414]}, "properties": {"crashes": 4, "injury": 1, "fatal": 0, "pedestrian": 0, "bicycle": 0, "density": 1.0, "year_range": "2014-2018"}}, {"type": "Feature", "geometry": {"type": "Point", "coordinates": [-79.944144, 36.075676]}, "properties": {"crashes": 5, "injury": 1, "fatal": 0, "pedestrian": 0, "bicycle": 0, "density": 1.2, "year_range": "2014-2018"}}, {"type": "Feature", "geometry": {"type": "Point", "coordinates": [-79.790991, 36.142342]}, "properties": {"crashes": 7, "injury": 4, "fatal": 0, "pedestrian": 0, "bicycle": 0, "density": 1.8, "year_range": "2014-2018"}}, {"type": "Feature", "geometry": {"type": "Point", "coordinates": [-79.78018, 36.064865]}, "properties": {"crashes": 5, "injury": 1, "fatal": 0, "pedestrian": 0, "bicycle": 0, "density": 1.2, "year_range": "2014-2018"}}, {"type": "Feature", "geometry": {"type": "Point", "coordinates": [-79.962162, 36.122523]}, "properties": {"crashes": 4, "injury": 0, "fatal": 0, "pedestrian": 0, "bicycle": 0, "density": 1.0, "year_range": "2014-2018"}}, {"type": "Feature", "geometry": {"type": "Point", "coordinates": [-79.920721, 36.07027]}, "properties": {"crashes": 1, "injury": 0, "fatal": 0, "pedestrian": 0, "bicycle": 0, "density": 0.2, "year_range": "2014-2018"}}, {"type": "Feature", "geometry": {"type": "Point", "coordinates": [-79.790991, 36.072072]}, "properties": {"crashes": 14, "injury": 4, "fatal": 0, "pedestrian": 0, "bicycle": 0, "density": 3.5, "year_range": "2014-2018"}}, {"type": "Feature", "geometry": {"type": "Point", "coordinates": [-79.89009, 36.043243]}, "properties": {"crashes": 1, "injury": 1, "fatal": 0, "pedestrian": 0, "bicycle": 0, "density": 0.2, "year_range": "2014-2018"}}, {"type": "Feature", "geometry": {"type": "Point", "coordinates": [-79.809009, 36.073874]}, "properties": {"crashes": 15, "injury": 4, "fatal": 0, "pedestrian": 0, "bicycle": 0, "density": 3.8, "year_range": "2014-2018"}}, {"type": "Feature", "geometry": {"type": "Point", "coordinates": [-79.794595, 36.014414]}, "properties": {"crashes": 4, "injury": 3, "fatal": 0, "pedestrian": 0, "bicycle": 0, "density": 1.0, "year_range": "2014-2018"}}, {"type": "Feature", "geometry": {"type": "Point", "coordinates": [-79.832432, 36.136937]}, "properties": {"crashes": 4, "injury": 2, "fatal": 0, "pedestrian": 0, "bicycle": 0, "density": 1.0, "year_range": "2014-2018"}}, {"type": "Feature", "geometry": {"type": "Point", "coordinates": [-79.76036, 36.099099]}, "properties": {"crashes": 1, "injury": 1, "fatal": 0, "pedestrian": 0, "bicycle": 0, "density": 0.2, "year_range": "2014-2018"}}, {"type": "Feature", "geometry": {"type": "Point", "coordinates": [-79.807207, 36.088288]}, "properties": {"crashes": 4, "injury": 2, "fatal": 0, "pedestrian": 0, "bicycle": 0, "density": 1.0, "year_range": "2014-2018"}}, {"type": "Feature", "geometry": {"type": "Point", "coordinates": [-79.882883, 36.07027]}, "properties": {"crashes": 10, "injury": 3, "fatal": 0, "pedestrian": 0, "bicycle": 0, "density": 2.5, "year_range": "2014-2018"}}, {"type": "Feature", "geometry": {"type": "Point", "coordinates": [-79.812613, 36.061261]}, "properties": {"crashes": 2, "injury": 1, "fatal": 0, "pedestrian": 0, "bicycle": 0, "density": 0.5, "year_range": "2014-2018"}}, {"type": "Feature", "geometry": {"type": "Point", "coordinates": [-79.758559, 36.099099]}, "properties": {"crashes": 1, "injury": 1, "fatal": 0, "pedestrian": 0, "bicycle": 0, "density": 0.2, "year_range": "2014-2018"}}, {"type": "Feature", "geometry": {"type": "Point", "coordinates": [-79.818018, 36.10991]}, "properties": {"crashes": 5, "injury": 2, "fatal": 0, "pedestrian": 0, "bicycle": 0, "density": 1.2, "year_range": "2014-2018"}}, {"type": "Feature", "geometry": {"type": "Point", "coordinates": [-79.920721, 36.03964]}, "properties": {"crashes": 1, "injury": 0, "fatal": 0, "pedestrian": 0, "bicycle": 0, "density": 0.2, "year_range": "2014-2018"}}, {"type": "Feature", "geometry": {"type": "Point", "coordinates": [-79.72973, 36.086486]}, "properties": {"crashes": 1, "injury": 1, "fatal": 0, "pedestrian": 0, "bicycle": 0, "density": 0.2, "year_range": "2014-2018"}}, {"type": "Feature", "geometry": {"type": "Point", "coordinates": [-79.720721, 36.086486]}, "properties": {"crashes": 2, "injury": 0, "fatal": 0, "pedestrian": 0, "bicycle": 0, "density": 0.5, "year_range": "2014-2018"}}, {"type": "Feature", "geometry": {"type": "Point", "coordinates": [-79.812613, 36.025225]}, "properties": {"crashes": 1, "injury": 1, "fatal": 0, "pedestrian": 0, "bicycle": 0, "density": 0.2, "year_range": "2014-2018"}}, {"type": "Feature", "geometry": {"type": "Point", "coordinates": [-79.767568, 36.167568]}, "properties": {"crashes": 1, "injury": 0, "fatal": 0, "pedestrian": 0, "bicycle": 0, "density": 0.2, "year_range": "2014-2018"}}, {"type": "Feature", "geometry": {"type": "Point", "coordinates": [-79.745946, 36.12973]}, "properties": {"crashes": 2, "injury": 1, "fatal": 0, "pedestrian": 0, "bicycle": 0, "density": 0.5, "year_range": "2014-2018"}}, {"type": "Feature", "geometry": {"type": "Point", "coordinates": [-79.774775, 36.068468]}, "properties": {"crashes": 2, "injury": 1, "fatal": 0, "pedestrian": 0, "bicycle": 0, "density": 0.5, "year_range": "2014-2018"}}, {"type": "Feature", "geometry": {"type": "Point", "coordinates": [-79.87027, 36.059459]}, "properties": {"crashes": 15, "injury": 6, "fatal": 0, "pedestrian": 0, "bicycle": 0, "density": 3.8, "year_range": "2014-2018"}}, {"type": "Feature", "geometry": {"type": "Point", "coordinates": [-79.762162, 36.099099]}, "properties": {"crashes": 5, "injury": 2, "fatal": 0, "pedestrian": 0, "bicycle": 0, "density": 1.2, "year_range": "2014-2018"}}, {"type": "Feature", "geometry": {"type": "Point", "coordinates": [-79.769369, 36.086486]}, "properties": {"crashes": 2, "injury": 0, "fatal": 0, "pedestrian": 0, "bicycle": 0, "density": 0.5, "year_range": "2014-2018"}}, {"type": "Feature", "geometry": {"type": "Point", "coordinates": [-79.834234, 36.048649]}, "properties": {"crashes": 4, "injury": 1, "fatal": 0, "pedestrian": 0, "bicycle": 0, "density": 1.0, "year_range": "2014-2018"}}, {"type": "Feature", "geometry": {"type": "Point", "coordinates": [-79.798198, 36.12973]}, "properties": {"crashes": 4, "injury": 0, "fatal": 0, "pedestrian": 0, "bicycle": 0, "density": 1.0, "year_range": "2014-2018"}}, {"type": "Feature", "geometry": {"type": "Point", "coordinates": [-79.875676, 36.086486]}, "properties": {"crashes": 3, "injury": 2, "fatal": 0, "pedestrian": 0, "bicycle": 0, "density": 0.8, "year_range": "2014-2018"}}, {"type": "Feature", "geometry": {"type": "Point", "coordinates": [-79.902703, 36.018018]}, "properties": {"crashes": 2, "injury": 1, "fatal": 0, "pedestrian": 0, "bicycle": 0, "density": 0.5, "year_range": "2014-2018"}}, {"type": "Feature", "geometry": {"type": "Point", "coordinates": [-79.861261, 36.072072]}, "properties": {"crashes": 1, "injury": 0, "fatal": 0, "pedestrian": 0, "bicycle": 0, "density": 0.2, "year_range": "2014-2018"}}, {"type": "Feature", "geometry": {"type": "Point", "coordinates": [-79.81982, 36.025225]}, "properties": {"crashes": 4, "injury": 3, "fatal": 0, "pedestrian": 0, "bicycle": 0, "density": 1.0, "year_range": "2014-2018"}}, {"type": "Feature", "geometry": {"type": "Point", "coordinates": [-79.825225, 36.061261]}, "properties": {"crashes": 3, "injury": 0, "fatal": 0, "pedestrian": 0, "bicycle": 0, "density": 0.8, "year_range": "2014-2018"}}, {"type": "Feature", "geometry": {"type": "Point", "coordinates": [-79.846847, 36.135135]}, "properties": {"crashes": 4, "injury": 0, "fatal": 0, "pedestrian": 0, "bicycle": 0, "density": 1.0, "year_range": "2014-2018"}}, {"type": "Feature", "geometry": {"type": "Point", "coordinates": [-79.868468, 36.144144]}, "properties": {"crashes": 2, "injury": 1, "fatal": 0, "pedestrian": 0, "bicycle": 0, "density": 0.5, "year_range": "2014-2018"}}, {"type": "Feature", "geometry": {"type": "Point", "coordinates": [-79.846847, 36.025225]}, "properties": {"crashes": 2, "injury": 0, "fatal": 0, "pedestrian": 0, "bicycle": 0, "density": 0.5, "year_range": "2014-2018"}}, {"type": "Feature", "geometry": {"type": "Point", "coordinates": [-79.893694, 36.075676]}, "properties": {"crashes": 15, "injury": 12, "fatal": 0, "pedestrian": 0, "bicycle": 0, "density": 3.8, "year_range": "2014-2018"}}, {"type": "Feature", "geometry": {"type": "Point", "coordinates": [-79.769369, 36.079279]}, "properties": {"crashes": 3, "injury": 1, "fatal": 0, "pedestrian": 0, "bicycle": 0, "density": 0.8, "year_range": "2014-2018"}}, {"type": "Feature", "geometry": {"type": "Point", "coordinates": [-79.974775, 36.084685]}, "properties": {"crashes": 1, "injury": 1, "fatal": 0, "pedestrian": 0, "bicycle": 0, "density": 0.2, "year_range": "2014-2018"}}, {"type": "Feature", "geometry": {"type": "Point", "coordinates": [-79.790991, 36.077477]}, "properties": {"crashes": 3, "injury": 0, "fatal": 0, "pedestrian": 0, "bicycle": 0, "density": 0.8, "year_range": "2014-2018"}}, {"type": "Feature", "geometry": {"type": "Point", "coordinates": [-79.790991, 36.120721]}, "properties": {"crashes": 1, "injury": 0, "fatal": 0, "pedestrian": 0, "bicycle": 0, "density": 0.2, "year_range": "2014-2018"}}, {"type": "Feature", "geometry": {"type": "Point", "coordinates": [-79.790991, 36.037838]}, "properties": {"crashes": 6, "injury": 1, "fatal": 0, "pedestrian": 0, "bicycle": 0, "density": 1.5, "year_range": "2014-2018"}}, {"type": "Feature", "geometry": {"type": "Point", "coordinates": [-79.801802, 36.048649]}, "properties": {"crashes": 1, "injury": 1, "fatal": 0, "pedestrian": 0, "bicycle": 0, "density": 0.2, "year_range": "2014-2018"}}, {"type": "Feature", "geometry": {"type": "Point", "coordinates": [-79.891892, 36.052252]}, "properties": {"crashes": 4, "injury": 0, "fatal": 0, "pedestrian": 0, "bicycle": 0, "density": 1.0, "year_range": "2014-2018"}}, {"type": "Feature", "geometry": {"type": "Point", "coordinates": [-79.836036, 36.084685]}, "properties": {"crashes": 5, "injury": 1, "fatal": 0, "pedestrian": 0, "bicycle": 0, "density": 1.2, "year_range": "2014-2018"}}, {"type": "Feature", "geometry": {"type": "Point", "coordinates": [-79.792793, 36.046847]}, "properties": {"crashes": 1, "injury": 0, "fatal": 0, "pedestrian": 0, "bicycle": 0, "density": 0.2, "year_range": "2014-2018"}}, {"type": "Feature", "geometry": {"type": "Point", "coordinates": [-79.904505, 36.055856]}, "properties": {"crashes": 8, "injury": 0, "fatal": 0, "pedestrian": 0, "bicycle": 0, "density": 2.0, "year_range": "2014-2018"}}, {"type": "Feature", "geometry": {"type": "Point", "coordinates": [-79.781982, 36.05045]}, "properties": {"crashes": 2, "injury": 1, "fatal": 0, "pedestrian": 0, "bicycle": 0, "density": 0.5, "year_range": "2014-2018"}}, {"type": "Feature", "geometry": {"type": "Point", "coordinates": [-79.877477, 36.034234]}, "properties": {"crashes": 3, "injury": 2, "fatal": 0, "pedestrian": 0, "bicycle": 0, "density": 0.8, "year_range": "2014-2018"}}, {"type": "Feature", "geometry": {"type": "Point", "coordinates": [-79.74955, 36.057658]}, "properties": {"crashes": 3, "injury": 1, "fatal": 0, "pedestrian": 0, "bicycle": 0, "density": 0.8, "year_range": "2014-2018"}}, {"type": "Feature", "geometry": {"type": "Point", "coordinates": [-79.877477, 36.111712]}, "properties": {"crashes": 3, "injury": 1, "fatal": 0, "pedestrian": 0, "bicycle": 0, "density": 0.8, "year_range": "2014-2018"}}, {"type": "Feature", "geometry": {"type": "Point", "coordinates": [-79.796396, 36.014414]}, "properties": {"crashes": 2, "injury": 0, "fatal": 0, "pedestrian": 0, "bicycle": 0, "density": 0.5, "year_range": "2014-2018"}}, {"type": "Feature", "geometry": {"type": "Point", "coordinates": [-79.781982, 36.113514]}, "properties": {"crashes": 2, "injury": 2, "fatal": 0, "pedestrian": 0, "bicycle": 0, "density": 0.5, "year_range": "2014-2018"}}, {"type": "Feature", "geometry": {"type": "Point", "coordinates": [-79.873874, 36.091892]}, "properties": {"crashes": 3, "injury": 0, "fatal": 0, "pedestrian": 0, "bicycle": 0, "density": 0.8, "year_range": "2014-2018"}}, {"type": "Feature", "geometry": {"type": "Point", "coordinates": [-79.85045, 36.023423]}, "properties": {"crashes": 1, "injury": 0, "fatal": 0, "pedestrian": 0, "bicycle": 0, "density": 0.2, "year_range": "2014-2018"}}, {"type": "Feature", "geometry": {"type": "Point", "coordinates": [-79.789189, 36.077477]}, "properties": {"crashes": 2, "injury": 1, "fatal": 0, "pedestrian": 0, "bicycle": 0, "density": 0.5, "year_range": "2014-2018"}}, {"type": "Feature", "geometry": {"type": "Point", "coordinates": [-79.756757, 36.075676]}, "properties": {"crashes": 12, "injury": 4, "fatal": 0, "pedestrian": 0, "bicycle": 0, "density": 3.0, "year_range": "2014-2018"}}, {"type": "Feature", "geometry": {"type": "Point", "coordinates": [-79.821622, 36.10991]}, "properties": {"crashes": 2, "injury": 2, "fatal": 0, "pedestrian": 0, "bicycle": 0, "density": 0.5, "year_range": "2014-2018"}}, {"type": "Feature", "geometry": {"type": "Point", "coordinates": [-79.738739, 36.077477]}, "properties": {"crashes": 5, "injury": 0, "fatal": 0, "pedestrian": 0, "bicycle": 0, "density": 1.2, "year_range": "2014-2018"}}, {"type": "Feature", "geometry": {"type": "Point", "coordinates": [-79.846847, 36.016216]}, "properties": {"crashes": 1, "injury": 0, "fatal": 0, "pedestrian": 0, "bicycle": 0, "density": 0.2, "year_range": "2014-2018"}}, {"type": "Feature", "geometry": {"type": "Point", "coordinates": [-79.812613, 36.097297]}, "properties": {"crashes": 1, "injury": 0, "fatal": 0, "pedestrian": 0, "bicycle": 0, "density": 0.2, "year_range": "2014-2018"}}, {"type": "Feature", "geometry": {"type": "Point", "coordinates": [-79.845045, 36.086486]}, "properties": {"crashes": 5, "injury": 3, "fatal": 0, "pedestrian": 0, "bicycle": 0, "density": 1.2, "year_range": "2014-2018"}}, {"type": "Feature", "geometry": {"type": "Point", "coordinates": [-79.868468, 36.145946]}, "properties": {"crashes": 13, "injury": 3, "fatal": 0, "pedestrian": 0, "bicycle": 0, "density": 3.2, "year_range": "2014-2018"}}, {"type": "Feature", "geometry": {"type": "Point", "coordinates": [-79.891892, 36.120721]}, "properties": {"crashes": 2, "injury": 1, "fatal": 0, "pedestrian": 0, "bicycle": 0, "density": 0.5, "year_range": "2014-2018"}}, {"type": "Feature", "geometry": {"type": "Point", "coordinates": [-79.765766, 36.059459]}, "properties": {"crashes": 1, "injury": 0, "fatal": 0, "pedestrian": 0, "bicycle": 0, "density": 0.2, "year_range": "2014-2018"}}, {"type": "Feature", "geometry": {"type": "Point", "coordinates": [-79.774775, 36.106306]}, "properties": {"crashes": 1, "injury": 1, "fatal": 0, "pedestrian": 0, "bicycle": 0, "density": 0.2, "year_range": "2014-2018"}}, {"type": "Feature", "geometry": {"type": "Point", "coordinates": [-79.814414, 36.023423]}, "properties": {"crashes": 2, "injury": 1, "fatal": 0, "pedestrian": 0, "bicycle": 0, "density": 0.5, "year_range": "2014-2018"}}, {"type": "Feature", "geometry": {"type": "Point", "coordinates": [-79.830631, 36.032432]}, "properties": {"crashes": 1, "injury": 1, "fatal": 0, "pedestrian": 0, "bicycle": 0, "density": 0.2, "year_range": "2014-2018"}}, {"type": "Feature", "geometry": {"type": "Point", "coordinates": [-79.816216, 36.03964]}, "properties": {"crashes": 3, "injury": 1, "fatal": 0, "pedestrian": 0, "bicycle": 0, "density": 0.8, "year_range": "2014-2018"}}, {"type": "Feature", "geometry": {"type": "Point", "coordinates": [-79.827027, 36.09009]}, "properties": {"crashes": 6, "injury": 3, "fatal": 0, "pedestrian": 0, "bicycle": 0, "density": 1.5, "year_range": "2014-2018"}}, {"type": "Feature", "geometry": {"type": "Point", "coordinates": [-79.821622, 36.034234]}, "properties": {"crashes": 1, "injury": 0, "fatal": 0, "pedestrian": 0, "bicycle": 0, "density": 0.2, "year_range": "2014-2018"}}, {"type": "Feature", "geometry": {"type": "Point", "coordinates": [-79.807207, 36.030631]}, "properties": {"crashes": 2, "injury": 2, "fatal": 0, "pedestrian": 0, "bicycle": 0, "density": 0.5, "year_range": "2014-2018"}}, {"type": "Feature", "geometry": {"type": "Point", "coordinates": [-79.872072, 36.055856]}, "properties": {"crashes": 2, "injury": 1, "fatal": 0, "pedestrian": 0, "bicycle": 0, "density": 0.5, "year_range": "2014-2018"}}, {"type": "Feature", "geometry": {"type": "Point", "coordinates": [-79.810811, 36.066667]}, "properties": {"crashes": 1, "injury": 0, "fatal": 0, "pedestrian": 0, "bicycle": 0, "density": 0.2, "year_range": "2014-2018"}}, {"type": "Feature", "geometry": {"type": "Point", "coordinates": [-79.841441, 36.054054]}, "properties": {"crashes": 5, "injury": 0, "fatal": 0, "pedestrian": 0, "bicycle": 0, "density": 1.2, "year_range": "2014-2018"}}, {"type": "Feature", "geometry": {"type": "Point", "coordinates": [-79.904505, 36.068468]}, "properties": {"crashes": 3, "injury": 0, "fatal": 0, "pedestrian": 0, "bicycle": 0, "density": 0.8, "year_range": "2014-2018"}}, {"type": "Feature", "geometry": {"type": "Point", "coordinates": [-79.848649, 36.068468]}, "properties": {"crashes": 3, "injury": 1, "fatal": 0, "pedestrian": 0, "bicycle": 0, "density": 0.8, "year_range": "2014-2018"}}, {"type": "Feature", "geometry": {"type": "Point", "coordinates": [-79.747748, 36.063063]}, "properties": {"crashes": 1, "injury": 1, "fatal": 0, "pedestrian": 0, "bicycle": 0, "density": 0.2, "year_range": "2014-2018"}}, {"type": "Feature", "geometry": {"type": "Point", "coordinates": [-79.769369, 36.115315]}, "properties": {"crashes": 3, "injury": 2, "fatal": 0, "pedestrian": 0, "bicycle": 0, "density": 0.8, "year_range": "2014-2018"}}, {"type": "Feature", "geometry": {"type": "Point", "coordinates": [-79.756757, 36.07027]}, "properties": {"crashes": 2, "injury": 2, "fatal": 0, "pedestrian": 0, "bicycle": 0, "density": 0.5, "year_range": "2014-2018"}}, {"type": "Feature", "geometry": {"type": "Point", "coordinates": [-79.834234, 36.064865]}, "properties": {"crashes": 15, "injury": 6, "fatal": 0, "pedestrian": 0, "bicycle": 0, "density": 3.8, "year_range": "2014-2018"}}, {"type": "Feature", "geometry": {"type": "Point", "coordinates": [-79.769369, 36.07027]}, "properties": {"crashes": 2, "injury": 0, "fatal": 0, "pedestrian": 0, "bicycle": 0, "density": 0.5, "year_range": "2014-2018"}}, {"type": "Feature", "geometry": {"type": "Point", "coordinates": [-79.783784, 36.064865]}, "properties": {"crashes": 8, "injury": 1, "fatal": 0, "pedestrian": 0, "bicycle": 0, "density": 2.0, "year_range": "2014-2018"}}, {"type": "Feature", "geometry": {"type": "Point", "coordinates": [-79.772973, 36.043243]}, "properties": {"crashes": 10, "injury": 2, "fatal": 0, "pedestrian": 0, "bicycle": 0, "density": 2.5, "year_range": "2014-2018"}}, {"type": "Feature", "geometry": {"type": "Point", "coordinates": [-79.756757, 36.061261]}, "properties": {"crashes": 8, "injury": 5, "fatal": 0, "pedestrian": 0, "bicycle": 0, "density": 2.0, "year_range": "2014-2018"}}, {"type": "Feature", "geometry": {"type": "Point", "coordinates": [-79.843243, 36.057658]}, "properties": {"crashes": 10, "injury": 0, "fatal": 0, "pedestrian": 0, "bicycle": 0, "density": 2.5, "year_range": "2014-2018"}}, {"type": "Feature", "geometry": {"type": "Point", "coordinates": [-79.794595, 36.001802]}, "properties": {"crashes": 2, "injury": 1, "fatal": 0, "pedestrian": 0, "bicycle": 0, "density": 0.5, "year_range": "2014-2018"}}, {"type": "Feature", "geometry": {"type": "Point", "coordinates": [-79.796396, 36.075676]}, "properties": {"crashes": 11, "injury": 3, "fatal": 0, "pedestrian": 0, "bicycle": 0, "density": 2.8, "year_range": "2014-2018"}}, {"type": "Feature", "geometry": {"type": "Point", "coordinates": [-79.794595, 36.036036]}, "properties": {"crashes": 8, "injury": 3, "fatal": 0, "pedestrian": 0, "bicycle": 0, "density": 2.0, "year_range": "2014-2018"}}, {"type": "Feature", "geometry": {"type": "Point", "coordinates": [-79.859459, 36.061261]}, "properties": {"crashes": 2, "injury": 0, "fatal": 0, "pedestrian": 0, "bicycle": 0, "density": 0.5, "year_range": "2014-2018"}}, {"type": "Feature", "geometry": {"type": "Point", "coordinates": [-79.836036, 36.036036]}, "properties": {"crashes": 1, "injury": 0, "fatal": 0, "pedestrian": 0, "bicycle": 0, "density": 0.2, "year_range": "2014-2018"}}, {"type": "Feature", "geometry": {"type": "Point", "coordinates": [-79.803604, 36.034234]}, "properties": {"crashes": 5, "injury": 2, "fatal": 0, "pedestrian": 0, "bicycle": 0, "density": 1.2, "year_range": "2014-2018"}}, {"type": "Feature", "geometry": {"type": "Point", "coordinates": [-79.74955, 36.099099]}, "properties": {"crashes": 1, "injury": 0, "fatal": 0, "pedestrian": 0, "bicycle": 0, "density": 0.2, "year_range": "2014-2018"}}, {"type": "Feature", "geometry": {"type": "Point", "coordinates": [-79.90991, 36.07027]}, "properties": {"crashes": 3, "injury": 1, "fatal": 0, "pedestrian": 0, "bicycle": 0, "density": 0.8, "year_range": "2014-2018"}}, {"type": "Feature", "geometry": {"type": "Point", "coordinates": [-79.90991, 36.064865]}, "properties": {"crashes": 1, "injury": 1, "fatal": 0, "pedestrian": 0, "bicycle": 0, "density": 0.2, "year_range": "2014-2018"}}, {"type": "Feature", "geometry": {"type": "Point", "coordinates": [-79.771171, 36.131532]}, "properties": {"crashes": 1, "injury": 0, "fatal": 0, "pedestrian": 0, "bicycle": 0, "density": 0.2, "year_range": "2014-2018"}}, {"type": "Feature", "geometry": {"type": "Point", "coordinates": [-79.792793, 35.998198]}, "properties": {"crashes": 3, "injury": 1, "fatal": 0, "pedestrian": 0, "bicycle": 0, "density": 0.8, "year_range": "2014-2018"}}, {"type": "Feature", "geometry": {"type": "Point", "coordinates": [-79.828829, 36.064865]}, "properties": {"crashes": 3, "injury": 0, "fatal": 0, "pedestrian": 0, "bicycle": 0, "density": 0.8, "year_range": "2014-2018"}}, {"type": "Feature", "geometry": {"type": "Point", "coordinates": [-79.836036, 36.088288]}, "properties": {"crashes": 2, "injury": 1, "fatal": 0, "pedestrian": 0, "bicycle": 0, "density": 0.5, "year_range": "2014-2018"}}, {"type": "Feature", "geometry": {"type": "Point", "coordinates": [-79.783784, 36.066667]}, "properties": {"crashes": 1, "injury": 1, "fatal": 0, "pedestrian": 0, "bicycle": 0, "density": 0.2, "year_range": "2014-2018"}}, {"type": "Feature", "geometry": {"type": "Point", "coordinates": [-79.796396, 36.088288]}, "properties": {"crashes": 5, "injury": 2, "fatal": 0, "pedestrian": 0, "bicycle": 0, "density": 1.2, "year_range": "2014-2018"}}, {"type": "Feature", "geometry": {"type": "Point", "coordinates": [-79.825225, 36.088288]}, "properties": {"crashes": 9, "injury": 1, "fatal": 0, "pedestrian": 0, "bicycle": 0, "density": 2.2, "year_range": "2014-2018"}}, {"type": "Feature", "geometry": {"type": "Point", "coordinates": [-79.772973, 36.120721]}, "properties": {"crashes": 1, "injury": 1, "fatal": 0, "pedestrian": 0, "bicycle": 0, "density": 0.2, "year_range": "2014-2018"}}, {"type": "Feature", "geometry": {"type": "Point", "coordinates": [-79.902703, 36.075676]}, "properties": {"crashes": 1, "injury": 1, "fatal": 0, "pedestrian": 0, "bicycle": 0, "density": 0.2, "year_range": "2014-2018"}}, {"type": "Feature", "geometry": {"type": "Point", "coordinates": [-79.886486, 36.097297]}, "properties": {"crashes": 1, "injury": 0, "fatal": 0, "pedestrian": 0, "bicycle": 0, "density": 0.2, "year_range": "2014-2018"}}, {"type": "Feature", "geometry": {"type": "Point", "coordinates": [-79.765766, 36.037838]}, "properties": {"crashes": 4, "injury": 0, "fatal": 0, "pedestrian": 0, "bicycle": 0, "density": 1.0, "year_range": "2014-2018"}}, {"type": "Feature", "geometry": {"type": "Point", "coordinates": [-79.868468, 36.054054]}, "properties": {"crashes": 1, "injury": 0, "fatal": 0, "pedestrian": 0, "bicycle": 0, "density": 0.2, "year_range": "2014-2018"}}, {"type": "Feature", "geometry": {"type": "Point", "coordinates": [-79.81982, 36.068468]}, "properties": {"crashes": 2, "injury": 0, "fatal": 0, "pedestrian": 0, "bicycle": 0, "density": 0.5, "year_range": "2014-2018"}}, {"type": "Feature", "geometry": {"type": "Point", "coordinates": [-79.836036, 36.046847]}, "properties": {"crashes": 4, "injury": 3, "fatal": 0, "pedestrian": 0, "bicycle": 0, "density": 1.0, "year_range": "2014-2018"}}, {"type": "Feature", "geometry": {"type": "Point", "coordinates": [-79.828829, 36.113514]}, "properties": {"crashes": 3, "injury": 1, "fatal": 0, "pedestrian": 0, "bicycle": 0, "density": 0.8, "year_range": "2014-2018"}}, {"type": "Feature", "geometry": {"type": "Point", "coordinates": [-79.830631, 36.028829]}, "properties": {"crashes": 4, "injury": 2, "fatal": 0, "pedestrian": 0, "bicycle": 0, "density": 1.0, "year_range": "2014-2018"}}, {"type": "Feature", "geometry": {"type": "Point", "coordinates": [-79.830631, 36.059459]}, "properties": {"crashes": 4, "injury": 1, "fatal": 0, "pedestrian": 0, "bicycle": 0, "density": 1.0, "year_range": "2014-2018"}}, {"type": "Feature", "geometry": {"type": "Point", "coordinates": [-79.711712, 36.176577]}, "properties": {"crashes": 7, "injury": 4, "fatal": 0, "pedestrian": 0, "bicycle": 0, "density": 1.8, "year_range": "2014-2018"}}, {"type": "Feature", "geometry": {"type": "Point", "coordinates": [-79.863063, 36.118919]}, "properties": {"crashes": 1, "injury": 1, "fatal": 0, "pedestrian": 0, "bicycle": 0, "density": 0.2, "year_range": "2014-2018"}}, {"type": "Feature", "geometry": {"type": "Point", "coordinates": [-79.891892, 36.124324]}, "properties": {"crashes": 6, "injury": 2, "fatal": 0, "pedestrian": 0, "bicycle": 0, "density": 1.5, "year_range": "2014-2018"}}, {"type": "Feature", "geometry": {"type": "Point", "coordinates": [-79.659459, 36.057658]}, "properties": {"crashes": 11, "injury": 4, "fatal": 0, "pedestrian": 0, "bicycle": 0, "density": 2.8, "year_range": "2014-2018"}}, {"type": "Feature", "geometry": {"type": "Point", "coordinates": [-79.753153, 35.998198]}, "properties": {"crashes": 1, "injury": 1, "fatal": 0, "pedestrian": 0, "bicycle": 0, "density": 0.2, "year_range": "2014-2018"}}, {"type": "Feature", "geometry": {"type": "Point", "coordinates": [-79.821622, 36.100901]}, "properties": {"crashes": 13, "injury": 5, "fatal": 0, "pedestrian": 0, "bicycle": 0, "density": 3.2, "year_range": "2014-2018"}}, {"type": "Feature", "geometry": {"type": "Point", "coordinates": [-79.78018, 36.093694]}, "properties": {"crashes": 2, "injury": 0, "fatal": 0, "pedestrian": 0, "bicycle": 0, "density": 0.5, "year_range": "2014-2018"}}, {"type": "Feature", "geometry": {"type": "Point", "coordinates": [-79.836036, 36.106306]}, "properties": {"crashes": 3, "injury": 1, "fatal": 0, "pedestrian": 0, "bicycle": 0, "density": 0.8, "year_range": "2014-2018"}}, {"type": "Feature", "geometry": {"type": "Point", "coordinates": [-79.776577, 36.082883]}, "properties": {"crashes": 6, "injury": 1, "fatal": 0, "pedestrian": 0, "bicycle": 0, "density": 1.5, "year_range": "2014-2018"}}, {"type": "Feature", "geometry": {"type": "Point", "coordinates": [-79.821622, 36.079279]}, "properties": {"crashes": 4, "injury": 0, "fatal": 0, "pedestrian": 0, "bicycle": 0, "density": 1.0, "year_range": "2014-2018"}}, {"type": "Feature", "geometry": {"type": "Point", "coordinates": [-79.814414, 36.075676]}, "properties": {"crashes": 3, "injury": 0, "fatal": 0, "pedestrian": 0, "bicycle": 0, "density": 0.8, "year_range": "2014-2018"}}, {"type": "Feature", "geometry": {"type": "Point", "coordinates": [-79.834234, 36.05045]}, "properties": {"crashes": 7, "injury": 3, "fatal": 0, "pedestrian": 0, "bicycle": 0, "density": 1.8, "year_range": "2014-2018"}}, {"type": "Feature", "geometry": {"type": "Point", "coordinates": [-79.87027, 36.063063]}, "properties": {"crashes": 3, "injury": 2, "fatal": 0, "pedestrian": 0, "bicycle": 0, "density": 0.8, "year_range": "2014-2018"}}, {"type": "Feature", "geometry": {"type": "Point", "coordinates": [-79.789189, 36.088288]}, "properties": {"crashes": 9, "injury": 2, "fatal": 0, "pedestrian": 0, "bicycle": 0, "density": 2.2, "year_range": "2014-2018"}}, {"type": "Feature", "geometry": {"type": "Point", "coordinates": [-79.796396, 36.142342]}, "properties": {"crashes": 1, "injury": 0, "fatal": 0, "pedestrian": 0, "bicycle": 0, "density": 0.2, "year_range": "2014-2018"}}, {"type": "Feature", "geometry": {"type": "Point", "coordinates": [-79.81982, 36.028829]}, "properties": {"crashes": 1, "injury": 0, "fatal": 0, "pedestrian": 0, "bicycle": 0, "density": 0.2, "year_range": "2014-2018"}}, {"type": "Feature", "geometry": {"type": "Point", "coordinates": [-79.841441, 36.100901]}, "properties": {"crashes": 5, "injury": 3, "fatal": 0, "pedestrian": 0, "bicycle": 0, "density": 1.2, "year_range": "2014-2018"}}, {"type": "Feature", "geometry": {"type": "Point", "coordinates": [-79.807207, 36.007207]}, "properties": {"crashes": 3, "injury": 1, "fatal": 0, "pedestrian": 0, "bicycle": 0, "density": 0.8, "year_range": "2014-2018"}}, {"type": "Feature", "geometry": {"type": "Point", "coordinates": [-79.762162, 36.045045]}, "properties": {"crashes": 1, "injury": 0, "fatal": 0, "pedestrian": 0, "bicycle": 0, "density": 0.2, "year_range": "2014-2018"}}, {"type": "Feature", "geometry": {"type": "Point", "coordinates": [-79.830631, 36.014414]}, "properties": {"crashes": 1, "injury": 0, "fatal": 0, "pedestrian": 0, "bicycle": 0, "density": 0.2, "year_range": "2014-2018"}}, {"type": "Feature", "geometry": {"type": "Point", "coordinates": [-79.854054, 36.032432]}, "properties": {"crashes": 1, "injury": 1, "fatal": 0, "pedestrian": 0, "bicycle": 0, "density": 0.2, "year_range": "2014-2018"}}, {"type": "Feature", "geometry": {"type": "Point", "coordinates": [-79.893694, 36.081081]}, "properties": {"crashes": 1, "injury": 0, "fatal": 0, "pedestrian": 0, "bicycle": 0, "density": 0.2, "year_range": "2014-2018"}}, {"type": "Feature", "geometry": {"type": "Point", "coordinates": [-79.807207, 36.073874]}, "properties": {"crashes": 5, "injury": 0, "fatal": 0, "pedestrian": 0, "bicycle": 0, "density": 1.2, "year_range": "2014-2018"}}, {"type": "Feature", "geometry": {"type": "Point", "coordinates": [-79.801802, 36.010811]}, "properties": {"crashes": 2, "injury": 2, "fatal": 0, "pedestrian": 0, "bicycle": 0, "density": 0.5, "year_range": "2014-2018"}}, {"type": "Feature", "geometry": {"type": "Point", "coordinates": [-79.758559, 36.086486]}, "properties": {"crashes": 6, "injury": 2, "fatal": 0, "pedestrian": 0, "bicycle": 0, "density": 1.5, "year_range": "2014-2018"}}, {"type": "Feature", "geometry": {"type": "Point", "coordinates": [-79.954955, 36.106306]}, "properties": {"crashes": 7, "injury": 1, "fatal": 0, "pedestrian": 0, "bicycle": 0, "density": 1.8, "year_range": "2014-2018"}}, {"type": "Feature", "geometry": {"type": "Point", "coordinates": [-79.767568, 36.113514]}, "properties": {"crashes": 4, "injury": 3, "fatal": 0, "pedestrian": 0, "bicycle": 0, "density": 1.0, "year_range": "2014-2018"}}, {"type": "Feature", "geometry": {"type": "Point", "coordinates": [-79.875676, 36.066667]}, "properties": {"crashes": 6, "injury": 0, "fatal": 0, "pedestrian": 0, "bicycle": 0, "density": 1.5, "year_range": "2014-2018"}}, {"type": "Feature", "geometry": {"type": "Point", "coordinates": [-79.872072, 36.059459]}, "properties": {"crashes": 5, "injury": 2, "fatal": 0, "pedestrian": 0, "bicycle": 0, "density": 1.2, "year_range": "2014-2018"}}, {"type": "Feature", "geometry": {"type": "Point", "coordinates": [-79.83964, 36.03964]}, "properties": {"crashes": 9, "injury": 0, "fatal": 0, "pedestrian": 0, "bicycle": 0, "density": 2.2, "year_range": "2014-2018"}}, {"type": "Feature", "geometry": {"type": "Point", "coordinates": [-79.803604, 36.045045]}, "properties": {"crashes": 1, "injury": 0, "fatal": 0, "pedestrian": 0, "bicycle": 0, "density": 0.2, "year_range": "2014-2018"}}, {"type": "Feature", "geometry": {"type": "Point", "coordinates": [-79.935135, 36.127928]}, "properties": {"crashes": 1, "injury": 0, "fatal": 0, "pedestrian": 0, "bicycle": 0, "density": 0.2, "year_range": "2014-2018"}}, {"type": "Feature", "geometry": {"type": "Point", "coordinates": [-79.796396, 36.059459]}, "properties": {"crashes": 1, "injury": 0, "fatal": 0, "pedestrian": 0, "bicycle": 0, "density": 0.2, "year_range": "2014-2018"}}, {"type": "Feature", "geometry": {"type": "Point", "coordinates": [-79.895495, 36.140541]}, "properties": {"crashes": 1, "injury": 0, "fatal": 0, "pedestrian": 0, "bicycle": 0, "density": 0.2, "year_range": "2014-2018"}}, {"type": "Feature", "geometry": {"type": "Point", "coordinates": [-79.816216, 36.041441]}, "properties": {"crashes": 5, "injury": 0, "fatal": 0, "pedestrian": 0, "bicycle": 0, "density": 1.2, "year_range": "2014-2018"}}, {"type": "Feature", "geometry": {"type": "Point", "coordinates": [-79.837838, 36.032432]}, "properties": {"crashes": 1, "injury": 0, "fatal": 0, "pedestrian": 0, "bicycle": 0, "density": 0.2, "year_range": "2014-2018"}}, {"type": "Feature", "geometry": {"type": "Point", "coordinates": [-79.933333, 36.091892]}, "properties": {"crashes": 3, "injury": 1, "fatal": 0, "pedestrian": 0, "bicycle": 0, "density": 0.8, "year_range": "2014-2018"}}, {"type": "Feature", "geometry": {"type": "Point", "coordinates": [-79.875676, 36.068468]}, "properties": {"crashes": 5, "injury": 1, "fatal": 0, "pedestrian": 0, "bicycle": 0, "density": 1.2, "year_range": "2014-2018"}}, {"type": "Feature", "geometry": {"type": "Point", "coordinates": [-79.861261, 36.045045]}, "properties": {"crashes": 5, "injury": 3, "fatal": 0, "pedestrian": 0, "bicycle": 0, "density": 1.2, "year_range": "2014-2018"}}, {"type": "Feature", "geometry": {"type": "Point", "coordinates": [-79.785586, 36.108108]}, "properties": {"crashes": 2, "injury": 1, "fatal": 0, "pedestrian": 0, "bicycle": 0, "density": 0.5, "year_range": "2014-2018"}}, {"type": "Feature", "geometry": {"type": "Point", "coordinates": [-79.846847, 36.082883]}, "properties": {"crashes": 1, "injury": 1, "fatal": 0, "pedestrian": 0, "bicycle": 0, "density": 0.2, "year_range": "2014-2018"}}, {"type": "Feature", "geometry": {"type": "Point", "coordinates": [-79.798198, 36.133333]}, "properties": {"crashes": 2, "injury": 0, "fatal": 0, "pedestrian": 0, "bicycle": 0, "density": 0.5, "year_range": "2014-2018"}}, {"type": "Feature", "geometry": {"type": "Point", "coordinates": [-79.857658, 36.064865]}, "properties": {"crashes": 4, "injury": 0, "fatal": 0, "pedestrian": 0, "bicycle": 0, "density": 1.0, "year_range": "2014-2018"}}, {"type": "Feature", "geometry": {"type": "Point", "coordinates": [-79.854054, 36.063063]}, "properties": {"crashes": 1, "injury": 0, "fatal": 0, "pedestrian": 0, "bicycle": 0, "density": 0.2, "year_range": "2014-2018"}}, {"type": "Feature", "geometry": {"type": "Point", "coordinates": [-79.740541, 36.075676]}, "properties": {"crashes": 1, "injury": 1, "fatal": 0, "pedestrian": 0, "bicycle": 0, "density": 0.2, "year_range": "2014-2018"}}, {"type": "Feature", "geometry": {"type": "Point", "coordinates": [-79.772973, 36.09009]}, "properties": {"crashes": 11, "injury": 7, "fatal": 0, "pedestrian": 0, "bicycle": 0, "density": 2.8, "year_range": "2014-2018"}}, {"type": "Feature", "geometry": {"type": "Point", "coordinates": [-79.927928, 36.082883]}, "properties": {"crashes": 2, "injury": 0, "fatal": 0, "pedestrian": 0, "bicycle": 0, "density": 0.5, "year_range": "2014-2018"}}, {"type": "Feature", "geometry": {"type": "Point", "coordinates": [-79.74955, 36.120721]}, "properties": {"crashes": 1, "injury": 0, "fatal": 0, "pedestrian": 0, "bicycle": 0, "density": 0.2, "year_range": "2014-2018"}}, {"type": "Feature", "geometry": {"type": "Point", "coordinates": [-79.963964, 36.086486]}, "properties": {"crashes": 2, "injury": 0, "fatal": 0, "pedestrian": 0, "bicycle": 0, "density": 0.5, "year_range": "2014-2018"}}, {"type": "Feature", "geometry": {"type": "Point", "coordinates": [-79.828829, 36.073874]}, "properties": {"crashes": 6, "injury": 3, "fatal": 0, "pedestrian": 0, "bicycle": 0, "density": 1.5, "year_range": "2014-2018"}}, {"type": "Feature", "geometry": {"type": "Point", "coordinates": [-79.65045, 36.059459]}, "properties": {"crashes": 1, "injury": 0, "fatal": 0, "pedestrian": 0, "bicycle": 0, "density": 0.2, "year_range": "2014-2018"}}, {"type": "Feature", "geometry": {"type": "Point", "coordinates": [-79.790991, 36.059459]}, "properties": {"crashes": 4, "injury": 1, "fatal": 0, "pedestrian": 0, "bicycle": 0, "density": 1.0, "year_range": "2014-2018"}}, {"type": "Feature", "geometry": {"type": "Point", "coordinates": [-79.855856, 36.034234]}, "properties": {"crashes": 2, "injury": 0, "fatal": 0, "pedestrian": 0, "bicycle": 0, "density": 0.5, "year_range": "2014-2018"}}, {"type": "Feature", "geometry": {"type": "Point", "coordinates": [-79.827027, 36.018018]}, "properties": {"crashes": 3, "injury": 0, "fatal": 0, "pedestrian": 0, "bicycle": 0, "density": 0.8, "year_range": "2014-2018"}}, {"type": "Feature", "geometry": {"type": "Point", "coordinates": [-79.893694, 36.077477]}, "properties": {"crashes": 4, "injury": 0, "fatal": 0, "pedestrian": 0, "bicycle": 0, "density": 1.0, "year_range": "2014-2018"}}, {"type": "Feature", "geometry": {"type": "Point", "coordinates": [-79.843243, 36.014414]}, "properties": {"crashes": 2, "injury": 1, "fatal": 0, "pedestrian": 0, "bicycle": 0, "density": 0.5, "year_range": "2014-2018"}}, {"type": "Feature", "geometry": {"type": "Point", "coordinates": [-79.789189, 36.140541]}, "properties": {"crashes": 1, "injury": 1, "fatal": 0, "pedestrian": 0, "bicycle": 0, "density": 0.2, "year_range": "2014-2018"}}, {"type": "Feature", "geometry": {"type": "Point", "coordinates": [-79.762162, 36.093694]}, "properties": {"crashes": 3, "injury": 1, "fatal": 0, "pedestrian": 0, "bicycle": 0, "density": 0.8, "year_range": "2014-2018"}}, {"type": "Feature", "geometry": {"type": "Point", "coordinates": [-79.783784, 36.073874]}, "properties": {"crashes": 11, "injury": 4, "fatal": 0, "pedestrian": 0, "bicycle": 0, "density": 2.8, "year_range": "2014-2018"}}, {"type": "Feature", "geometry": {"type": "Point", "coordinates": [-79.881081, 36.108108]}, "properties": {"crashes": 1, "injury": 0, "fatal": 0, "pedestrian": 0, "bicycle": 0, "density": 0.2, "year_range": "2014-2018"}}, {"type": "Feature", "geometry": {"type": "Point", "coordinates": [-79.832432, 36.059459]}, "properties": {"crashes": 2, "injury": 0, "fatal": 0, "pedestrian": 0, "bicycle": 0, "density": 0.5, "year_range": "2014-2018"}}, {"type": "Feature", "geometry": {"type": "Point", "coordinates": [-79.776577, 36.075676]}, "properties": {"crashes": 2, "injury": 1, "fatal": 0, "pedestrian": 0, "bicycle": 0, "density": 0.5, "year_range": "2014-2018"}}, {"type": "Feature", "geometry": {"type": "Point", "coordinates": [-79.711712, 36.088288]}, "properties": {"crashes": 1, "injury": 0, "fatal": 0, "pedestrian": 0, "bicycle": 0, "density": 0.2, "year_range": "2014-2018"}}, {"type": "Feature", "geometry": {"type": "Point", "coordinates": [-79.781982, 36.0]}, "properties": {"crashes": 1, "injury": 0, "fatal": 0, "pedestrian": 0, "bicycle": 0, "density": 0.2, "year_range": "2014-2018"}}, {"type": "Feature", "geometry": {"type": "Point", "coordinates": [-79.90991, 36.057658]}, "properties": {"crashes": 1, "injury": 1, "fatal": 0, "pedestrian": 0, "bicycle": 0, "density": 0.2, "year_range": "2014-2018"}}, {"type": "Feature", "geometry": {"type": "Point", "coordinates": [-79.900901, 36.138739]}, "properties": {"crashes": 1, "injury": 0, "fatal": 0, "pedestrian": 0, "bicycle": 0, "density": 0.2, "year_range": "2014-2018"}}, {"type": "Feature", "geometry": {"type": "Point", "coordinates": [-79.931532, 36.072072]}, "properties": {"crashes": 2, "injury": 0, "fatal": 0, "pedestrian": 0, "bicycle": 0, "density": 0.5, "year_range": "2014-2018"}}, {"type": "Feature", "geometry": {"type": "Point", "coordinates": [-79.816216, 36.059459]}, "properties": {"crashes": 2, "injury": 0, "fatal": 0, "pedestrian": 0, "bicycle": 0, "density": 0.5, "year_range": "2014-2018"}}, {"type": "Feature", "geometry": {"type": "Point", "coordinates": [-79.92973, 36.144144]}, "properties": {"crashes": 1, "injury": 0, "fatal": 0, "pedestrian": 0, "bicycle": 0, "density": 0.2, "year_range": "2014-2018"}}, {"type": "Feature", "geometry": {"type": "Point", "coordinates": [-79.8, 36.054054]}, "properties": {"crashes": 5, "injury": 3, "fatal": 0, "pedestrian": 0, "bicycle": 0, "density": 1.2, "year_range": "2014-2018"}}, {"type": "Feature", "geometry": {"type": "Point", "coordinates": [-79.702703, 36.189189]}, "properties": {"crashes": 1, "injury": 1, "fatal": 0, "pedestrian": 0, "bicycle": 0, "density": 0.2, "year_range": "2014-2018"}}, {"type": "Feature", "geometry": {"type": "Point", "coordinates": [-79.758559, 36.088288]}, "properties": {"crashes": 2, "injury": 0, "fatal": 0, "pedestrian": 0, "bicycle": 0, "density": 0.5, "year_range": "2014-2018"}}, {"type": "Feature", "geometry": {"type": "Point", "coordinates": [-79.877477, 36.059459]}, "properties": {"crashes": 3, "injury": 1, "fatal": 0, "pedestrian": 0, "bicycle": 0, "density": 0.8, "year_range": "2014-2018"}}, {"type": "Feature", "geometry": {"type": "Point", "coordinates": [-79.873874, 36.115315]}, "properties": {"crashes": 2, "injury": 1, "fatal": 0, "pedestrian": 0, "bicycle": 0, "density": 0.5, "year_range": "2014-2018"}}, {"type": "Feature", "geometry": {"type": "Point", "coordinates": [-79.834234, 36.117117]}, "properties": {"crashes": 1, "injury": 0, "fatal": 0, "pedestrian": 0, "bicycle": 0, "density": 0.2, "year_range": "2014-2018"}}, {"type": "Feature", "geometry": {"type": "Point", "coordinates": [-79.776577, 36.091892]}, "properties": {"crashes": 3, "injury": 1, "fatal": 0, "pedestrian": 0, "bicycle": 0, "density": 0.8, "year_range": "2014-2018"}}, {"type": "Feature", "geometry": {"type": "Point", "coordinates": [-79.843243, 36.088288]}, "properties": {"crashes": 1, "injury": 0, "fatal": 0, "pedestrian": 0, "bicycle": 0, "density": 0.2, "year_range": "2014-2018"}}, {"type": "Feature", "geometry": {"type": "Point", "coordinates": [-79.89009, 36.100901]}, "properties": {"crashes": 3, "injury": 0, "fatal": 0, "pedestrian": 0, "bicycle": 0, "density": 0.8, "year_range": "2014-2018"}}, {"type": "Feature", "geometry": {"type": "Point", "coordinates": [-79.751351, 36.147748]}, "properties": {"crashes": 1, "injury": 0, "fatal": 0, "pedestrian": 0, "bicycle": 0, "density": 0.2, "year_range": "2014-2018"}}, {"type": "Feature", "geometry": {"type": "Point", "coordinates": [-79.783784, 36.068468]}, "properties": {"crashes": 1, "injury": 0, "fatal": 0, "pedestrian": 0, "bicycle": 0, "density": 0.2, "year_range": "2014-2018"}}, {"type": "Feature", "geometry": {"type": "Point", "coordinates": [-79.866667, 36.028829]}, "properties": {"crashes": 3, "injury": 1, "fatal": 0, "pedestrian": 0, "bicycle": 0, "density": 0.8, "year_range": "2014-2018"}}, {"type": "Feature", "geometry": {"type": "Point", "coordinates": [-79.756757, 36.088288]}, "properties": {"crashes": 7, "injury": 4, "fatal": 0, "pedestrian": 0, "bicycle": 0, "density": 1.8, "year_range": "2014-2018"}}, {"type": "Feature", "geometry": {"type": "Point", "coordinates": [-79.846847, 36.046847]}, "properties": {"crashes": 6, "injury": 0, "fatal": 0, "pedestrian": 0, "bicycle": 0, "density": 1.5, "year_range": "2014-2018"}}, {"type": "Feature", "geometry": {"type": "Point", "coordinates": [-79.790991, 36.043243]}, "properties": {"crashes": 1, "injury": 0, "fatal": 0, "pedestrian": 0, "bicycle": 0, "density": 0.2, "year_range": "2014-2018"}}, {"type": "Feature", "geometry": {"type": "Point", "coordinates": [-79.774775, 36.084685]}, "properties": {"crashes": 8, "injury": 2, "fatal": 0, "pedestrian": 0, "bicycle": 0, "density": 2.0, "year_range": "2014-2018"}}, {"type": "Feature", "geometry": {"type": "Point", "coordinates": [-79.837838, 36.064865]}, "properties": {"crashes": 5, "injury": 0, "fatal": 0, "pedestrian": 0, "bicycle": 0, "density": 1.2, "year_range": "2014-2018"}}, {"type": "Feature", "geometry": {"type": "Point", "coordinates": [-79.762162, 36.131532]}, "properties": {"crashes": 1, "injury": 0, "fatal": 0, "pedestrian": 0, "bicycle": 0, "density": 0.2, "year_range": "2014-2018"}}, {"type": "Feature", "geometry": {"type": "Point", "coordinates": [-79.836036, 36.052252]}, "properties": {"crashes": 1, "injury": 0, "fatal": 0, "pedestrian": 0, "bicycle": 0, "density": 0.2, "year_range": "2014-2018"}}, {"type": "Feature", "geometry": {"type": "Point", "coordinates": [-79.762162, 36.081081]}, "properties": {"crashes": 3, "injury": 0, "fatal": 0, "pedestrian": 0, "bicycle": 0, "density": 0.8, "year_range": "2014-2018"}}, {"type": "Feature", "geometry": {"type": "Point", "coordinates": [-79.78018, 36.108108]}, "properties": {"crashes": 2, "injury": 1, "fatal": 0, "pedestrian": 0, "bicycle": 0, "density": 0.5, "year_range": "2014-2018"}}, {"type": "Feature", "geometry": {"type": "Point", "coordinates": [-79.81982, 36.021622]}, "properties": {"crashes": 1, "injury": 0, "fatal": 0, "pedestrian": 0, "bicycle": 0, "density": 0.2, "year_range": "2014-2018"}}, {"type": "Feature", "geometry": {"type": "Point", "coordinates": [-79.83964, 36.037838]}, "properties": {"crashes": 6, "injury": 1, "fatal": 0, "pedestrian": 0, "bicycle": 0, "density": 1.5, "year_range": "2014-2018"}}, {"type": "Feature", "geometry": {"type": "Point", "coordinates": [-79.762162, 36.064865]}, "properties": {"crashes": 3, "injury": 0, "fatal": 0, "pedestrian": 0, "bicycle": 0, "density": 0.8, "year_range": "2014-2018"}}, {"type": "Feature", "geometry": {"type": "Point", "coordinates": [-79.864865, 36.07027]}, "properties": {"crashes": 5, "injury": 2, "fatal": 0, "pedestrian": 0, "bicycle": 0, "density": 1.2, "year_range": "2014-2018"}}, {"type": "Feature", "geometry": {"type": "Point", "coordinates": [-79.836036, 36.153153]}, "properties": {"crashes": 4, "injury": 1, "fatal": 0, "pedestrian": 0, "bicycle": 0, "density": 1.0, "year_range": "2014-2018"}}, {"type": "Feature", "geometry": {"type": "Point", "coordinates": [-79.863063, 36.124324]}, "properties": {"crashes": 1, "injury": 0, "fatal": 0, "pedestrian": 0, "bicycle": 0, "density": 0.2, "year_range": "2014-2018"}}, {"type": "Feature", "geometry": {"type": "Point", "coordinates": [-79.962162, 36.084685]}, "properties": {"crashes": 3, "injury": 1, "fatal": 0, "pedestrian": 0, "bicycle": 0, "density": 0.8, "year_range": "2014-2018"}}, {"type": "Feature", "geometry": {"type": "Point", "coordinates": [-79.803604, 36.018018]}, "properties": {"crashes": 6, "injury": 3, "fatal": 0, "pedestrian": 0, "bicycle": 0, "density": 1.5, "year_range": "2014-2018"}}, {"type": "Feature", "geometry": {"type": "Point", "coordinates": [-79.954955, 36.079279]}, "properties": {"crashes": 3, "injury": 2, "fatal": 0, "pedestrian": 0, "bicycle": 0, "density": 0.8, "year_range": "2014-2018"}}, {"type": "Feature", "geometry": {"type": "Point", "coordinates": [-79.861261, 36.048649]}, "properties": {"crashes": 4, "injury": 1, "fatal": 0, "pedestrian": 0, "bicycle": 0, "density": 1.0, "year_range": "2014-2018"}}, {"type": "Feature", "geometry": {"type": "Point", "coordinates": [-79.747748, 36.142342]}, "properties": {"crashes": 1, "injury": 1, "fatal": 0, "pedestrian": 0, "bicycle": 0, "density": 0.2, "year_range": "2014-2018"}}, {"type": "Feature", "geometry": {"type": "Point", "coordinates": [-79.776577, 36.136937]}, "properties": {"crashes": 1, "injury": 0, "fatal": 0, "pedestrian": 0, "bicycle": 0, "density": 0.2, "year_range": "2014-2018"}}, {"type": "Feature", "geometry": {"type": "Point", "coordinates": [-79.74955, 36.097297]}, "properties": {"crashes": 11, "injury": 5, "fatal": 0, "pedestrian": 0, "bicycle": 0, "density": 2.8, "year_range": "2014-2018"}}, {"type": "Feature", "geometry": {"type": "Point", "coordinates": [-79.740541, 36.084685]}, "properties": {"crashes": 3, "injury": 1, "fatal": 0, "pedestrian": 0, "bicycle": 0, "density": 0.8, "year_range": "2014-2018"}}, {"type": "Feature", "geometry": {"type": "Point", "coordinates": [-79.897297, 36.082883]}, "properties": {"crashes": 1, "injury": 0, "fatal": 0, "pedestrian": 0, "bicycle": 0, "density": 0.2, "year_range": "2014-2018"}}, {"type": "Feature", "geometry": {"type": "Point", "coordinates": [-79.823423, 36.009009]}, "properties": {"crashes": 1, "injury": 0, "fatal": 0, "pedestrian": 0, "bicycle": 0, "density": 0.2, "year_range": "2014-2018"}}, {"type": "Feature", "geometry": {"type": "Point", "coordinates": [-79.832432, 36.099099]}, "properties": {"crashes": 3, "injury": 2, "fatal": 0, "pedestrian": 0, "bicycle": 0, "density": 0.8, "year_range": "2014-2018"}}, {"type": "Feature", "geometry": {"type": "Point", "coordinates": [-79.738739, 36.088288]}, "properties": {"crashes": 3, "injury": 2, "fatal": 0, "pedestrian": 0, "bicycle": 0, "density": 0.8, "year_range": "2014-2018"}}, {"type": "Feature", "geometry": {"type": "Point", "coordinates": [-79.821622, 36.084685]}, "properties": {"crashes": 3, "injury": 1, "fatal": 0, "pedestrian": 0, "bicycle": 0, "density": 0.8, "year_range": "2014-2018"}}, {"type": "Feature", "geometry": {"type": "Point", "coordinates": [-79.944144, 36.072072]}, "properties": {"crashes": 3, "injury": 2, "fatal": 0, "pedestrian": 0, "bicycle": 0, "density": 0.8, "year_range": "2014-2018"}}, {"type": "Feature", "geometry": {"type": "Point", "coordinates": [-79.818018, 36.005405]}, "properties": {"crashes": 1, "injury": 1, "fatal": 0, "pedestrian": 0, "bicycle": 0, "density": 0.2, "year_range": "2014-2018"}}, {"type": "Feature", "geometry": {"type": "Point", "coordinates": [-79.8, 36.055856]}, "properties": {"crashes": 5, "injury": 5, "fatal": 0, "pedestrian": 0, "bicycle": 0, "density": 1.2, "year_range": "2014-2018"}}, {"type": "Feature", "geometry": {"type": "Point", "coordinates": [-79.902703, 36.061261]}, "properties": {"crashes": 5, "injury": 1, "fatal": 0, "pedestrian": 0, "bicycle": 0, "density": 1.2, "year_range": "2014-2018"}}, {"type": "Feature", "geometry": {"type": "Point", "coordinates": [-79.810811, 36.036036]}, "properties": {"crashes": 2, "injury": 0, "fatal": 0, "pedestrian": 0, "bicycle": 0, "density": 0.5, "year_range": "2014-2018"}}, {"type": "Feature", "geometry": {"type": "Point", "coordinates": [-79.776577, 36.048649]}, "properties": {"crashes": 2, "injury": 1, "fatal": 0, "pedestrian": 0, "bicycle": 0, "density": 0.5, "year_range": "2014-2018"}}, {"type": "Feature", "geometry": {"type": "Point", "coordinates": [-79.940541, 36.077477]}, "properties": {"crashes": 6, "injury": 1, "fatal": 0, "pedestrian": 0, "bicycle": 0, "density": 1.5, "year_range": "2014-2018"}}, {"type": "Feature", "geometry": {"type": "Point", "coordinates": [-79.855856, 36.135135]}, "properties": {"crashes": 7, "injury": 1, "fatal": 0, "pedestrian": 0, "bicycle": 0, "density": 1.8, "year_range": "2014-2018"}}, {"type": "Feature", "geometry": {"type": "Point", "coordinates": [-79.724324, 36.172973]}, "properties": {"crashes": 2, "injury": 1, "fatal": 0, "pedestrian": 0, "bicycle": 0, "density": 0.5, "year_range": "2014-2018"}}, {"type": "Feature", "geometry": {"type": "Point", "coordinates": [-79.911712, 36.059459]}, "properties": {"crashes": 2, "injury": 0, "fatal": 0, "pedestrian": 0, "bicycle": 0, "density": 0.5, "year_range": "2014-2018"}}, {"type": "Feature", "geometry": {"type": "Point", "coordinates": [-79.798198, 36.014414]}, "properties": {"crashes": 3, "injury": 2, "fatal": 0, "pedestrian": 0, "bicycle": 0, "density": 0.8, "year_range": "2014-2018"}}, {"type": "Feature", "geometry": {"type": "Point", "coordinates": [-79.904505, 36.059459]}, "properties": {"crashes": 1, "injury": 0, "fatal": 0, "pedestrian": 0, "bicycle": 0, "density": 0.2, "year_range": "2014-2018"}}, {"type": "Feature", "geometry": {"type": "Point", "coordinates": [-79.776577, 36.12973]}, "properties": {"crashes": 1, "injury": 0, "fatal": 0, "pedestrian": 0, "bicycle": 0, "density": 0.2, "year_range": "2014-2018"}}, {"type": "Feature", "geometry": {"type": "Point", "coordinates": [-79.682883, 36.066667]}, "properties": {"crashes": 1, "injury": 0, "fatal": 0, "pedestrian": 0, "bicycle": 0, "density": 0.2, "year_range": "2014-2018"}}, {"type": "Feature", "geometry": {"type": "Point", "coordinates": [-79.81982, 36.003604]}, "properties": {"crashes": 3, "injury": 1, "fatal": 0, "pedestrian": 0, "bicycle": 0, "density": 0.8, "year_range": "2014-2018"}}, {"type": "Feature", "geometry": {"type": "Point", "coordinates": [-79.830631, 36.003604]}, "properties": {"crashes": 3, "injury": 2, "fatal": 0, "pedestrian": 0, "bicycle": 0, "density": 0.8, "year_range": "2014-2018"}}, {"type": "Feature", "geometry": {"type": "Point", "coordinates": [-79.742342, 36.131532]}, "properties": {"crashes": 1, "injury": 0, "fatal": 0, "pedestrian": 0, "bicycle": 0, "density": 0.2, "year_range": "2014-2018"}}, {"type": "Feature", "geometry": {"type": "Point", "coordinates": [-79.736937, 36.054054]}, "properties": {"crashes": 1, "injury": 1, "fatal": 0, "pedestrian": 0, "bicycle": 0, "density": 0.2, "year_range": "2014-2018"}}, {"type": "Feature", "geometry": {"type": "Point", "coordinates": [-79.754955, 36.057658]}, "properties": {"crashes": 1, "injury": 0, "fatal": 0, "pedestrian": 0, "bicycle": 0, "density": 0.2, "year_range": "2014-2018"}}, {"type": "Feature", "geometry": {"type": "Point", "coordinates": [-79.771171, 36.025225]}, "properties": {"crashes": 6, "injury": 1, "fatal": 0, "pedestrian": 0, "bicycle": 0, "density": 1.5, "year_range": "2014-2018"}}, {"type": "Feature", "geometry": {"type": "Point", "coordinates": [-79.834234, 36.088288]}, "properties": {"crashes": 5, "injury": 2, "fatal": 0, "pedestrian": 0, "bicycle": 0, "density": 1.2, "year_range": "2014-2018"}}, {"type": "Feature", "geometry": {"type": "Point", "coordinates": [-79.956757, 36.081081]}, "properties": {"crashes": 6, "injury": 1, "fatal": 0, "pedestrian": 0, "bicycle": 0, "density": 1.5, "year_range": "2014-2018"}}, {"type": "Feature", "geometry": {"type": "Point", "coordinates": [-79.87027, 36.068468]}, "properties": {"crashes": 7, "injury": 2, "fatal": 0, "pedestrian": 0, "bicycle": 0, "density": 1.8, "year_range": "2014-2018"}}, {"type": "Feature", "geometry": {"type": "Point", "coordinates": [-79.893694, 36.106306]}, "properties": {"crashes": 1, "injury": 1, "fatal": 0, "pedestrian": 0, "bicycle": 0, "density": 0.2, "year_range": "2014-2018"}}, {"type": "Feature", "geometry": {"type": "Point", "coordinates": [-79.994595, 36.093694]}, "properties": {"crashes": 2, "injury": 0, "fatal": 0, "pedestrian": 0, "bicycle": 0, "density": 0.5, "year_range": "2014-2018"}}, {"type": "Feature", "geometry": {"type": "Point", "coordinates": [-79.758559, 36.100901]}, "properties": {"crashes": 2, "injury": 1, "fatal": 0, "pedestrian": 0, "bicycle": 0, "density": 0.5, "year_range": "2014-2018"}}, {"type": "Feature", "geometry": {"type": "Point", "coordinates": [-79.965766, 36.091892]}, "properties": {"crashes": 1, "injury": 0, "fatal": 0, "pedestrian": 0, "bicycle": 0, "density": 0.2, "year_range": "2014-2018"}}, {"type": "Feature", "geometry": {"type": "Point", "coordinates": [-79.771171, 36.068468]}, "properties": {"crashes": 5, "injury": 1, "fatal": 0, "pedestrian": 0, "bicycle": 0, "density": 1.2, "year_range": "2014-2018"}}, {"type": "Feature", "geometry": {"type": "Point", "coordinates": [-79.744144, 36.082883]}, "properties": {"crashes": 4, "injury": 3, "fatal": 0, "pedestrian": 0, "bicycle": 0, "density": 1.0, "year_range": "2014-2018"}}, {"type": "Feature", "geometry": {"type": "Point", "coordinates": [-79.863063, 36.037838]}, "properties": {"crashes": 3, "injury": 0, "fatal": 0, "pedestrian": 0, "bicycle": 0, "density": 0.8, "year_range": "2014-2018"}}, {"type": "Feature", "geometry": {"type": "Point", "coordinates": [-79.90991, 36.052252]}, "properties": {"crashes": 1, "injury": 0, "fatal": 0, "pedestrian": 0, "bicycle": 0, "density": 0.2, "year_range": "2014-2018"}}, {"type": "Feature", "geometry": {"type": "Point", "coordinates": [-79.718919, 36.165766]}, "properties": {"crashes": 12, "injury": 5, "fatal": 0, "pedestrian": 0, "bicycle": 0, "density": 3.0, "year_range": "2014-2018"}}, {"type": "Feature", "geometry": {"type": "Point", "coordinates": [-79.807207, 36.086486]}, "properties": {"crashes": 4, "injury": 2, "fatal": 0, "pedestrian": 0, "bicycle": 0, "density": 1.0, "year_range": "2014-2018"}}, {"type": "Feature", "geometry": {"type": "Point", "coordinates": [-79.899099, 36.052252]}, "properties": {"crashes": 1, "injury": 0, "fatal": 0, "pedestrian": 0, "bicycle": 0, "density": 0.2, "year_range": "2014-2018"}}, {"type": "Feature", "geometry": {"type": "Point", "coordinates": [-79.796396, 36.064865]}, "properties": {"crashes": 4, "injury": 3, "fatal": 0, "pedestrian": 0, "bicycle": 0, "density": 1.0, "year_range": "2014-2018"}}, {"type": "Feature", "geometry": {"type": "Point", "coordinates": [-79.785586, 36.064865]}, "properties": {"crashes": 8, "injury": 0, "fatal": 0, "pedestrian": 0, "bicycle": 0, "density": 2.0, "year_range": "2014-2018"}}, {"type": "Feature", "geometry": {"type": "Point", "coordinates": [-79.787387, 36.064865]}, "properties": {"crashes": 3, "injury": 3, "fatal": 0, "pedestrian": 0, "bicycle": 0, "density": 0.8, "year_range": "2014-2018"}}, {"type": "Feature", "geometry": {"type": "Point", "coordinates": [-79.902703, 36.054054]}, "properties": {"crashes": 4, "injury": 0, "fatal": 0, "pedestrian": 0, "bicycle": 0, "density": 1.0, "year_range": "2014-2018"}}, {"type": "Feature", "geometry": {"type": "Point", "coordinates": [-79.841441, 36.052252]}, "properties": {"crashes": 2, "injury": 1, "fatal": 0, "pedestrian": 0, "bicycle": 0, "density": 0.5, "year_range": "2014-2018"}}, {"type": "Feature", "geometry": {"type": "Point", "coordinates": [-79.756757, 36.068468]}, "properties": {"crashes": 2, "injury": 0, "fatal": 0, "pedestrian": 0, "bicycle": 0, "density": 0.5, "year_range": "2014-2018"}}, {"type": "Feature", "geometry": {"type": "Point", "coordinates": [-79.87027, 36.032432]}, "properties": {"crashes": 2, "injury": 1, "fatal": 0, "pedestrian": 0, "bicycle": 0, "density": 0.5, "year_range": "2014-2018"}}, {"type": "Feature", "geometry": {"type": "Point", "coordinates": [-79.998198, 36.091892]}, "properties": {"crashes": 3, "injury": 1, "fatal": 0, "pedestrian": 0, "bicycle": 0, "density": 0.8, "year_range": "2014-2018"}}, {"type": "Feature", "geometry": {"type": "Point", "coordinates": [-79.765766, 36.075676]}, "properties": {"crashes": 4, "injury": 0, "fatal": 0, "pedestrian": 0, "bicycle": 0, "density": 1.0, "year_range": "2014-2018"}}, {"type": "Feature", "geometry": {"type": "Point", "coordinates": [-79.803604, 36.108108]}, "properties": {"crashes": 3, "injury": 2, "fatal": 0, "pedestrian": 0, "bicycle": 0, "density": 0.8, "year_range": "2014-2018"}}, {"type": "Feature", "geometry": {"type": "Point", "coordinates": [-79.713514, 36.176577]}, "properties": {"crashes": 2, "injury": 0, "fatal": 0, "pedestrian": 0, "bicycle": 0, "density": 0.5, "year_range": "2014-2018"}}, {"type": "Feature", "geometry": {"type": "Point", "coordinates": [-79.846847, 36.05045]}, "properties": {"crashes": 1, "injury": 0, "fatal": 0, "pedestrian": 0, "bicycle": 0, "density": 0.2, "year_range": "2014-2018"}}, {"type": "Feature", "geometry": {"type": "Point", "coordinates": [-79.695495, 36.09009]}, "properties": {"crashes": 1, "injury": 1, "fatal": 0, "pedestrian": 0, "bicycle": 0, "density": 0.2, "year_range": "2014-2018"}}, {"type": "Feature", "geometry": {"type": "Point", "coordinates": [-79.765766, 36.088288]}, "properties": {"crashes": 24, "injury": 12, "fatal": 0, "pedestrian": 0, "bicycle": 0, "density": 6.0, "year_range": "2014-2018"}}, {"type": "Feature", "geometry": {"type": "Point", "coordinates": [-79.846847, 36.021622]}, "properties": {"crashes": 4, "injury": 1, "fatal": 0, "pedestrian": 0, "bicycle": 0, "density": 1.0, "year_range": "2014-2018"}}, {"type": "Feature", "geometry": {"type": "Point", "coordinates": [-79.796396, 36.068468]}, "properties": {"crashes": 12, "injury": 7, "fatal": 0, "pedestrian": 0, "bicycle": 0, "density": 3.0, "year_range": "2014-2018"}}, {"type": "Feature", "geometry": {"type": "Point", "coordinates": [-79.783784, 36.041441]}, "properties": {"crashes": 1, "injury": 0, "fatal": 0, "pedestrian": 0, "bicycle": 0, "density": 0.2, "year_range": "2014-2018"}}, {"type": "Feature", "geometry": {"type": "Point", "coordinates": [-79.816216, 36.048649]}, "properties": {"crashes": 1, "injury": 0, "fatal": 0, "pedestrian": 0, "bicycle": 0, "density": 0.2, "year_range": "2014-2018"}}, {"type": "Feature", "geometry": {"type": "Point", "coordinates": [-79.754955, 36.106306]}, "properties": {"crashes": 1, "injury": 1, "fatal": 0, "pedestrian": 0, "bicycle": 0, "density": 0.2, "year_range": "2014-2018"}}, {"type": "Feature", "geometry": {"type": "Point", "coordinates": [-79.913514, 36.09009]}, "properties": {"crashes": 2, "injury": 0, "fatal": 0, "pedestrian": 0, "bicycle": 0, "density": 0.5, "year_range": "2014-2018"}}, {"type": "Feature", "geometry": {"type": "Point", "coordinates": [-79.78018, 36.095495]}, "properties": {"crashes": 2, "injury": 0, "fatal": 0, "pedestrian": 0, "bicycle": 0, "density": 0.5, "year_range": "2014-2018"}}, {"type": "Feature", "geometry": {"type": "Point", "coordinates": [-79.855856, 36.133333]}, "properties": {"crashes": 2, "injury": 0, "fatal": 0, "pedestrian": 0, "bicycle": 0, "density": 0.5, "year_range": "2014-2018"}}, {"type": "Feature", "geometry": {"type": "Point", "coordinates": [-79.83964, 36.088288]}, "properties": {"crashes": 3, "injury": 0, "fatal": 0, "pedestrian": 0, "bicycle": 0, "density": 0.8, "year_range": "2014-2018"}}, {"type": "Feature", "geometry": {"type": "Point", "coordinates": [-79.899099, 36.016216]}, "properties": {"crashes": 3, "injury": 2, "fatal": 0, "pedestrian": 0, "bicycle": 0, "density": 0.8, "year_range": "2014-2018"}}, {"type": "Feature", "geometry": {"type": "Point", "coordinates": [-79.927928, 36.097297]}, "properties": {"crashes": 1, "injury": 0, "fatal": 0, "pedestrian": 0, "bicycle": 0, "density": 0.2, "year_range": "2014-2018"}}, {"type": "Feature", "geometry": {"type": "Point", "coordinates": [-79.807207, 36.032432]}, "properties": {"crashes": 14, "injury": 2, "fatal": 0, "pedestrian": 0, "bicycle": 0, "density": 3.5, "year_range": "2014-2018"}}, {"type": "Feature", "geometry": {"type": "Point", "coordinates": [-79.657658, 36.057658]}, "properties": {"crashes": 3, "injury": 1, "fatal": 0, "pedestrian": 0, "bicycle": 0, "density": 0.8, "year_range": "2014-2018"}}, {"type": "Feature", "geometry": {"type": "Point", "coordinates": [-79.834234, 36.086486]}, "properties": {"crashes": 2, "injury": 0, "fatal": 0, "pedestrian": 0, "bicycle": 0, "density": 0.5, "year_range": "2014-2018"}}, {"type": "Feature", "geometry": {"type": "Point", "coordinates": [-79.787387, 36.126126]}, "properties": {"crashes": 2, "injury": 1, "fatal": 0, "pedestrian": 0, "bicycle": 0, "density": 0.5, "year_range": "2014-2018"}}, {"type": "Feature", "geometry": {"type": "Point", "coordinates": [-79.742342, 36.100901]}, "properties": {"crashes": 1, "injury": 1, "fatal": 0, "pedestrian": 0, "bicycle": 0, "density": 0.2, "year_range": "2014-2018"}}, {"type": "Feature", "geometry": {"type": "Point", "coordinates": [-79.96036, 36.084685]}, "properties": {"crashes": 1, "injury": 0, "fatal": 0, "pedestrian": 0, "bicycle": 0, "density": 0.2, "year_range": "2014-2018"}}, {"type": "Feature", "geometry": {"type": "Point", "coordinates": [-79.837838, 36.045045]}, "properties": {"crashes": 2, "injury": 0, "fatal": 0, "pedestrian": 0, "bicycle": 0, "density": 0.5, "year_range": "2014-2018"}}, {"type": "Feature", "geometry": {"type": "Point", "coordinates": [-79.866667, 36.066667]}, "properties": {"crashes": 3, "injury": 1, "fatal": 0, "pedestrian": 0, "bicycle": 0, "density": 0.8, "year_range": "2014-2018"}}, {"type": "Feature", "geometry": {"type": "Point", "coordinates": [-79.679279, 36.059459]}, "properties": {"crashes": 2, "injury": 0, "fatal": 0, "pedestrian": 0, "bicycle": 0, "density": 0.5, "year_range": "2014-2018"}}, {"type": "Feature", "geometry": {"type": "Point", "coordinates": [-79.781982, 36.079279]}, "properties": {"crashes": 1, "injury": 0, "fatal": 0, "pedestrian": 0, "bicycle": 0, "density": 0.2, "year_range": "2014-2018"}}, {"type": "Feature", "geometry": {"type": "Point", "coordinates": [-79.825225, 36.106306]}, "properties": {"crashes": 3, "injury": 0, "fatal": 0, "pedestrian": 0, "bicycle": 0, "density": 0.8, "year_range": "2014-2018"}}, {"type": "Feature", "geometry": {"type": "Point", "coordinates": [-79.684685, 36.052252]}, "properties": {"crashes": 1, "injury": 0, "fatal": 0, "pedestrian": 0, "bicycle": 0, "density": 0.2, "year_range": "2014-2018"}}, {"type": "Feature", "geometry": {"type": "Point", "coordinates": [-79.767568, 36.077477]}, "properties": {"crashes": 4, "injury": 4, "fatal": 0, "pedestrian": 0, "bicycle": 0, "density": 1.0, "year_range": "2014-2018"}}, {"type": "Feature", "geometry": {"type": "Point", "coordinates": [-79.924324, 36.131532]}, "properties": {"crashes": 1, "injury": 0, "fatal": 0, "pedestrian": 0, "bicycle": 0, "density": 0.2, "year_range": "2014-2018"}}, {"type": "Feature", "geometry": {"type": "Point", "coordinates": [-79.785586, 36.077477]}, "properties": {"crashes": 1, "injury": 0, "fatal": 0, "pedestrian": 0, "bicycle": 0, "density": 0.2, "year_range": "2014-2018"}}, {"type": "Feature", "geometry": {"type": "Point", "coordinates": [-79.834234, 36.138739]}, "properties": {"crashes": 2, "injury": 1, "fatal": 0, "pedestrian": 0, "bicycle": 0, "density": 0.5, "year_range": "2014-2018"}}, {"type": "Feature", "geometry": {"type": "Point", "coordinates": [-79.828829, 36.003604]}, "properties": {"crashes": 1, "injury": 0, "fatal": 0, "pedestrian": 0, "bicycle": 0, "density": 0.2, "year_range": "2014-2018"}}, {"type": "Feature", "geometry": {"type": "Point", "coordinates": [-79.814414, 36.09009]}, "properties": {"crashes": 7, "injury": 0, "fatal": 0, "pedestrian": 0, "bicycle": 0, "density": 1.8, "year_range": "2014-2018"}}, {"type": "Feature", "geometry": {"type": "Point", "coordinates": [-79.855856, 36.037838]}, "properties": {"crashes": 12, "injury": 2, "fatal": 0, "pedestrian": 0, "bicycle": 0, "density": 3.0, "year_range": "2014-2018"}}, {"type": "Feature", "geometry": {"type": "Point", "coordinates": [-79.787387, 36.088288]}, "properties": {"crashes": 6, "injury": 1, "fatal": 0, "pedestrian": 0, "bicycle": 0, "density": 1.5, "year_range": "2014-2018"}}, {"type": "Feature", "geometry": {"type": "Point", "coordinates": [-79.78018, 36.14955]}, "properties": {"crashes": 1, "injury": 0, "fatal": 0, "pedestrian": 0, "bicycle": 0, "density": 0.2, "year_range": "2014-2018"}}, {"type": "Feature", "geometry": {"type": "Point", "coordinates": [-79.821622, 36.061261]}, "properties": {"crashes": 3, "injury": 1, "fatal": 0, "pedestrian": 0, "bicycle": 0, "density": 0.8, "year_range": "2014-2018"}}, {"type": "Feature", "geometry": {"type": "Point", "coordinates": [-79.866667, 36.034234]}, "properties": {"crashes": 5, "injury": 0, "fatal": 0, "pedestrian": 0, "bicycle": 0, "density": 1.2, "year_range": "2014-2018"}}, {"type": "Feature", "geometry": {"type": "Point", "coordinates": [-79.852252, 36.05045]}, "properties": {"crashes": 2, "injury": 0, "fatal": 0, "pedestrian": 0, "bicycle": 0, "density": 0.5, "year_range": "2014-2018"}}, {"type": "Feature", "geometry": {"type": "Point", "coordinates": [-79.767568, 36.081081]}, "properties": {"crashes": 4, "injury": 3, "fatal": 0, "pedestrian": 0, "bicycle": 0, "density": 1.0, "year_range": "2014-2018"}}, {"type": "Feature", "geometry": {"type": "Point", "coordinates": [-79.763964, 36.036036]}, "properties": {"crashes": 1, "injury": 0, "fatal": 0, "pedestrian": 0, "bicycle": 0, "density": 0.2, "year_range": "2014-2018"}}, {"type": "Feature", "geometry": {"type": "Point", "coordinates": [-79.836036, 36.057658]}, "properties": {"crashes": 2, "injury": 1, "fatal": 0, "pedestrian": 0, "bicycle": 0, "density": 0.5, "year_range": "2014-2018"}}, {"type": "Feature", "geometry": {"type": "Point", "coordinates": [-79.724324, 36.156757]}, "properties": {"crashes": 2, "injury": 1, "fatal": 0, "pedestrian": 0, "bicycle": 0, "density": 0.5, "year_range": "2014-2018"}}, {"type": "Feature", "geometry": {"type": "Point", "coordinates": [-79.735135, 36.07027]}, "properties": {"crashes": 1, "injury": 0, "fatal": 0, "pedestrian": 0, "bicycle": 0, "density": 0.2, "year_range": "2014-2018"}}, {"type": "Feature", "geometry": {"type": "Point", "coordinates": [-79.789189, 36.021622]}, "properties": {"crashes": 1, "injury": 0, "fatal": 0, "pedestrian": 0, "bicycle": 0, "density": 0.2, "year_range": "2014-2018"}}, {"type": "Feature", "geometry": {"type": "Point", "coordinates": [-79.854054, 36.052252]}, "properties": {"crashes": 1, "injury": 0, "fatal": 0, "pedestrian": 0, "bicycle": 0, "density": 0.2, "year_range": "2014-2018"}}, {"type": "Feature", "geometry": {"type": "Point", "coordinates": [-79.8, 36.043243]}, "properties": {"crashes": 2, "injury": 1, "fatal": 0, "pedestrian": 0, "bicycle": 0, "density": 0.5, "year_range": "2014-2018"}}, {"type": "Feature", "geometry": {"type": "Point", "coordinates": [-79.872072, 36.037838]}, "properties": {"crashes": 1, "injury": 0, "fatal": 0, "pedestrian": 0, "bicycle": 0, "density": 0.2, "year_range": "2014-2018"}}, {"type": "Feature", "geometry": {"type": "Point", "coordinates": [-79.846847, 36.064865]}, "properties": {"crashes": 6, "injury": 1, "fatal": 0, "pedestrian": 0, "bicycle": 0, "density": 1.5, "year_range": "2014-2018"}}, {"type": "Feature", "geometry": {"type": "Point", "coordinates": [-79.736937, 36.012613]}, "properties": {"crashes": 1, "injury": 1, "fatal": 0, "pedestrian": 0, "bicycle": 0, "density": 0.2, "year_range": "2014-2018"}}, {"type": "Feature", "geometry": {"type": "Point", "coordinates": [-79.85045, 36.041441]}, "properties": {"crashes": 3, "injury": 2, "fatal": 0, "pedestrian": 0, "bicycle": 0, "density": 0.8, "year_range": "2014-2018"}}, {"type": "Feature", "geometry": {"type": "Point", "coordinates": [-79.787387, 36.061261]}, "properties": {"crashes": 1, "injury": 1, "fatal": 0, "pedestrian": 0, "bicycle": 0, "density": 0.2, "year_range": "2014-2018"}}, {"type": "Feature", "geometry": {"type": "Point", "coordinates": [-79.818018, 36.064865]}, "properties": {"crashes": 3, "injury": 0, "fatal": 0, "pedestrian": 0, "bicycle": 0, "density": 0.8, "year_range": "2014-2018"}}, {"type": "Feature", "geometry": {"type": "Point", "coordinates": [-79.866667, 36.142342]}, "properties": {"crashes": 3, "injury": 2, "fatal": 0, "pedestrian": 0, "bicycle": 0, "density": 0.8, "year_range": "2014-2018"}}, {"type": "Feature", "geometry": {"type": "Point", "coordinates": [-79.81982, 36.091892]}, "properties": {"crashes": 4, "injury": 0, "fatal": 0, "pedestrian": 0, "bicycle": 0, "density": 1.0, "year_range": "2014-2018"}}, {"type": "Feature", "geometry": {"type": "Point", "coordinates": [-79.832432, 36.086486]}, "properties": {"crashes": 7, "injury": 0, "fatal": 0, "pedestrian": 0, "bicycle": 0, "density": 1.8, "year_range": "2014-2018"}}, {"type": "Feature", "geometry": {"type": "Point", "coordinates": [-79.98018, 36.106306]}, "properties": {"crashes": 1, "injury": 0, "fatal": 0, "pedestrian": 0, "bicycle": 0, "density": 0.2, "year_range": "2014-2018"}}, {"type": "Feature", "geometry": {"type": "Point", "coordinates": [-79.900901, 36.05045]}, "properties": {"crashes": 2, "injury": 0, "fatal": 0, "pedestrian": 0, "bicycle": 0, "density": 0.5, "year_range": "2014-2018"}}, {"type": "Feature", "geometry": {"type": "Point", "coordinates": [-79.771171, 36.063063]}, "properties": {"crashes": 2, "injury": 1, "fatal": 0, "pedestrian": 0, "bicycle": 0, "density": 0.5, "year_range": "2014-2018"}}, {"type": "Feature", "geometry": {"type": "Point", "coordinates": [-79.927928, 36.086486]}, "properties": {"crashes": 1, "injury": 0, "fatal": 0, "pedestrian": 0, "bicycle": 0, "density": 0.2, "year_range": "2014-2018"}}, {"type": "Feature", "geometry": {"type": "Point", "coordinates": [-79.776577, 36.086486]}, "properties": {"crashes": 7, "injury": 2, "fatal": 0, "pedestrian": 0, "bicycle": 0, "density": 1.8, "year_range": "2014-2018"}}, {"type": "Feature", "geometry": {"type": "Point", "coordinates": [-79.823423, 36.122523]}, "properties": {"crashes": 1, "injury": 0, "fatal": 0, "pedestrian": 0, "bicycle": 0, "density": 0.2, "year_range": "2014-2018"}}, {"type": "Feature", "geometry": {"type": "Point", "coordinates": [-79.830631, 36.086486]}, "properties": {"crashes": 12, "injury": 0, "fatal": 0, "pedestrian": 0, "bicycle": 0, "density": 3.0, "year_range": "2014-2018"}}, {"type": "Feature", "geometry": {"type": "Point", "coordinates": [-79.753153, 36.111712]}, "properties": {"crashes": 1, "injury": 1, "fatal": 0, "pedestrian": 0, "bicycle": 0, "density": 0.2, "year_range": "2014-2018"}}, {"type": "Feature", "geometry": {"type": "Point", "coordinates": [-79.762162, 36.086486]}, "properties": {"crashes": 2, "injury": 1, "fatal": 0, "pedestrian": 0, "bicycle": 0, "density": 0.5, "year_range": "2014-2018"}}, {"type": "Feature", "geometry": {"type": "Point", "coordinates": [-79.789189, 36.154955]}, "properties": {"crashes": 3, "injury": 0, "fatal": 0, "pedestrian": 0, "bicycle": 0, "density": 0.8, "year_range": "2014-2018"}}, {"type": "Feature", "geometry": {"type": "Point", "coordinates": [-79.861261, 36.068468]}, "properties": {"crashes": 1, "injury": 1, "fatal": 0, "pedestrian": 0, "bicycle": 0, "density": 0.2, "year_range": "2014-2018"}}, {"type": "Feature", "geometry": {"type": "Point", "coordinates": [-79.900901, 36.07027]}, "properties": {"crashes": 3, "injury": 0, "fatal": 0, "pedestrian": 0, "bicycle": 0, "density": 0.8, "year_range": "2014-2018"}}, {"type": "Feature", "geometry": {"type": "Point", "coordinates": [-79.790991, 36.030631]}, "properties": {"crashes": 3, "injury": 0, "fatal": 0, "pedestrian": 0, "bicycle": 0, "density": 0.8, "year_range": "2014-2018"}}, {"type": "Feature", "geometry": {"type": "Point", "coordinates": [-79.821622, 36.111712]}, "properties": {"crashes": 1, "injury": 0, "fatal": 0, "pedestrian": 0, "bicycle": 0, "density": 0.2, "year_range": "2014-2018"}}, {"type": "Feature", "geometry": {"type": "Point", "coordinates": [-79.772973, 36.059459]}, "properties": {"crashes": 1, "injury": 1, "fatal": 0, "pedestrian": 0, "bicycle": 0, "density": 0.2, "year_range": "2014-2018"}}, {"type": "Feature", "geometry": {"type": "Point", "coordinates": [-79.767568, 36.144144]}, "properties": {"crashes": 4, "injury": 2, "fatal": 0, "pedestrian": 0, "bicycle": 0, "density": 1.0, "year_range": "2014-2018"}}, {"type": "Feature", "geometry": {"type": "Point", "coordinates": [-79.771171, 36.097297]}, "properties": {"crashes": 1, "injury": 0, "fatal": 0, "pedestrian": 0, "bicycle": 0, "density": 0.2, "year_range": "2014-2018"}}, {"type": "Feature", "geometry": {"type": "Point", "coordinates": [-79.778378, 36.091892]}, "properties": {"crashes": 1, "injury": 0, "fatal": 0, "pedestrian": 0, "bicycle": 0, "density": 0.2, "year_range": "2014-2018"}}, {"type": "Feature", "geometry": {"type": "Point", "coordinates": [-79.803604, 36.066667]}, "properties": {"crashes": 6, "injury": 1, "fatal": 0, "pedestrian": 0, "bicycle": 0, "density": 1.5, "year_range": "2014-2018"}}, {"type": "Feature", "geometry": {"type": "Point", "coordinates": [-79.774775, 36.077477]}, "properties": {"crashes": 1, "injury": 0, "fatal": 0, "pedestrian": 0, "bicycle": 0, "density": 0.2, "year_range": "2014-2018"}}, {"type": "Feature", "geometry": {"type": "Point", "coordinates": [-79.859459, 36.066667]}, "properties": {"crashes": 2, "injury": 0, "fatal": 0, "pedestrian": 0, "bicycle": 0, "density": 0.5, "year_range": "2014-2018"}}, {"type": "Feature", "geometry": {"type": "Point", "coordinates": [-79.846847, 36.136937]}, "properties": {"crashes": 5, "injury": 1, "fatal": 0, "pedestrian": 0, "bicycle": 0, "density": 1.2, "year_range": "2014-2018"}}, {"type": "Feature", "geometry": {"type": "Point", "coordinates": [-79.924324, 36.088288]}, "properties": {"crashes": 8, "injury": 4, "fatal": 0, "pedestrian": 0, "bicycle": 0, "density": 2.0, "year_range": "2014-2018"}}, {"type": "Feature", "geometry": {"type": "Point", "coordinates": [-79.78018, 36.075676]}, "properties": {"crashes": 1, "injury": 1, "fatal": 0, "pedestrian": 0, "bicycle": 0, "density": 0.2, "year_range": "2014-2018"}}, {"type": "Feature", "geometry": {"type": "Point", "coordinates": [-79.906306, 36.030631]}, "properties": {"crashes": 1, "injury": 0, "fatal": 0, "pedestrian": 0, "bicycle": 0, "density": 0.2, "year_range": "2014-2018"}}, {"type": "Feature", "geometry": {"type": "Point", "coordinates": [-79.821622, 36.030631]}, "properties": {"crashes": 2, "injury": 1, "fatal": 0, "pedestrian": 0, "bicycle": 0, "density": 0.5, "year_range": "2014-2018"}}, {"type": "Feature", "geometry": {"type": "Point", "coordinates": [-79.881081, 36.059459]}, "properties": {"crashes": 9, "injury": 1, "fatal": 0, "pedestrian": 0, "bicycle": 0, "density": 2.2, "year_range": "2014-2018"}}, {"type": "Feature", "geometry": {"type": "Point", "coordinates": [-79.722523, 36.172973]}, "properties": {"crashes": 1, "injury": 0, "fatal": 0, "pedestrian": 0, "bicycle": 0, "density": 0.2, "year_range": "2014-2018"}}, {"type": "Feature", "geometry": {"type": "Point", "coordinates": [-79.987387, 36.095495]}, "properties": {"crashes": 2, "injury": 0, "fatal": 0, "pedestrian": 0, "bicycle": 0, "density": 0.5, "year_range": "2014-2018"}}, {"type": "Feature", "geometry": {"type": "Point", "coordinates": [-79.751351, 36.142342]}, "properties": {"crashes": 1, "injury": 0, "fatal": 0, "pedestrian": 0, "bicycle": 0, "density": 0.2, "year_range": "2014-2018"}}, {"type": "Feature", "geometry": {"type": "Point", "coordinates": [-79.810811, 36.052252]}, "properties": {"crashes": 6, "injury": 3, "fatal": 0, "pedestrian": 0, "bicycle": 0, "density": 1.5, "year_range": "2014-2018"}}, {"type": "Feature", "geometry": {"type": "Point", "coordinates": [-79.843243, 36.095495]}, "properties": {"crashes": 1, "injury": 1, "fatal": 0, "pedestrian": 0, "bicycle": 0, "density": 0.2, "year_range": "2014-2018"}}, {"type": "Feature", "geometry": {"type": "Point", "coordinates": [-79.821622, 36.064865]}, "properties": {"crashes": 3, "injury": 1, "fatal": 0, "pedestrian": 0, "bicycle": 0, "density": 0.8, "year_range": "2014-2018"}}, {"type": "Feature", "geometry": {"type": "Point", "coordinates": [-79.785586, 36.135135]}, "properties": {"crashes": 3, "injury": 2, "fatal": 0, "pedestrian": 0, "bicycle": 0, "density": 0.8, "year_range": "2014-2018"}}, {"type": "Feature", "geometry": {"type": "Point", "coordinates": [-79.781982, 36.072072]}, "properties": {"crashes": 4, "injury": 0, "fatal": 0, "pedestrian": 0, "bicycle": 0, "density": 1.0, "year_range": "2014-2018"}}, {"type": "Feature", "geometry": {"type": "Point", "coordinates": [-79.963964, 36.081081]}, "properties": {"crashes": 2, "injury": 0, "fatal": 0, "pedestrian": 0, "bicycle": 0, "density": 0.5, "year_range": "2014-2018"}}, {"type": "Feature", "geometry": {"type": "Point", "coordinates": [-79.718919, 36.099099]}, "properties": {"crashes": 1, "injury": 1, "fatal": 0, "pedestrian": 0, "bicycle": 0, "density": 0.2, "year_range": "2014-2018"}}, {"type": "Feature", "geometry": {"type": "Point", "coordinates": [-79.769369, 36.055856]}, "properties": {"crashes": 1, "injury": 1, "fatal": 0, "pedestrian": 0, "bicycle": 0, "density": 0.2, "year_range": "2014-2018"}}, {"type": "Feature", "geometry": {"type": "Point", "coordinates": [-79.863063, 36.043243]}, "properties": {"crashes": 5, "injury": 2, "fatal": 0, "pedestrian": 0, "bicycle": 0, "density": 1.2, "year_range": "2014-2018"}}, {"type": "Feature", "geometry": {"type": "Point", "coordinates": [-79.765766, 36.066667]}, "properties": {"crashes": 2, "injury": 0, "fatal": 0, "pedestrian": 0, "bicycle": 0, "density": 0.5, "year_range": "2014-2018"}}, {"type": "Feature", "geometry": {"type": "Point", "coordinates": [-79.940541, 36.075676]}, "properties": {"crashes": 2, "injury": 1, "fatal": 0, "pedestrian": 0, "bicycle": 0, "density": 0.5, "year_range": "2014-2018"}}, {"type": "Feature", "geometry": {"type": "Point", "coordinates": [-79.83964, 36.054054]}, "properties": {"crashes": 1, "injury": 0, "fatal": 0, "pedestrian": 0, "bicycle": 0, "density": 0.2, "year_range": "2014-2018"}}, {"type": "Feature", "geometry": {"type": "Point", "coordinates": [-79.74955, 36.111712]}, "properties": {"crashes": 3, "injury": 1, "fatal": 0, "pedestrian": 0, "bicycle": 0, "density": 0.8, "year_range": "2014-2018"}}, {"type": "Feature", "geometry": {"type": "Point", "coordinates": [-79.792793, 36.084685]}, "properties": {"crashes": 1, "injury": 0, "fatal": 0, "pedestrian": 0, "bicycle": 0, "density": 0.2, "year_range": "2014-2018"}}, {"type": "Feature", "geometry": {"type": "Point", "coordinates": [-79.85045, 36.057658]}, "properties": {"crashes": 1, "injury": 0, "fatal": 0, "pedestrian": 0, "bicycle": 0, "density": 0.2, "year_range": "2014-2018"}}, {"type": "Feature", "geometry": {"type": "Point", "coordinates": [-79.882883, 36.174775]}, "properties": {"crashes": 3, "injury": 2, "fatal": 0, "pedestrian": 0, "bicycle": 0, "density": 0.8, "year_range": "2014-2018"}}, {"type": "Feature", "geometry": {"type": "Point", "coordinates": [-79.83964, 36.063063]}, "properties": {"crashes": 5, "injury": 1, "fatal": 0, "pedestrian": 0, "bicycle": 0, "density": 1.2, "year_range": "2014-2018"}}, {"type": "Feature", "geometry": {"type": "Point", "coordinates": [-79.85045, 36.003604]}, "properties": {"crashes": 1, "injury": 1, "fatal": 0, "pedestrian": 0, "bicycle": 0, "density": 0.2, "year_range": "2014-2018"}}, {"type": "Feature", "geometry": {"type": "Point", "coordinates": [-79.81982, 36.064865]}, "properties": {"crashes": 6, "injury": 0, "fatal": 0, "pedestrian": 0, "bicycle": 0, "density": 1.5, "year_range": "2014-2018"}}, {"type": "Feature", "geometry": {"type": "Point", "coordinates": [-79.807207, 36.079279]}, "properties": {"crashes": 2, "injury": 1, "fatal": 0, "pedestrian": 0, "bicycle": 0, "density": 0.5, "year_range": "2014-2018"}}, {"type": "Feature", "geometry": {"type": "Point", "coordinates": [-79.787387, 36.133333]}, "properties": {"crashes": 2, "injury": 1, "fatal": 0, "pedestrian": 0, "bicycle": 0, "density": 0.5, "year_range": "2014-2018"}}, {"type": "Feature", "geometry": {"type": "Point", "coordinates": [-79.915315, 36.09009]}, "properties": {"crashes": 4, "injury": 2, "fatal": 0, "pedestrian": 0, "bicycle": 0, "density": 1.0, "year_range": "2014-2018"}}, {"type": "Feature", "geometry": {"type": "Point", "coordinates": [-79.774775, 36.05045]}, "properties": {"crashes": 1, "injury": 0, "fatal": 0, "pedestrian": 0, "bicycle": 0, "density": 0.2, "year_range": "2014-2018"}}, {"type": "Feature", "geometry": {"type": "Point", "coordinates": [-79.726126, 36.169369]}, "properties": {"crashes": 2, "injury": 0, "fatal": 0, "pedestrian": 0, "bicycle": 0, "density": 0.5, "year_range": "2014-2018"}}, {"type": "Feature", "geometry": {"type": "Point", "coordinates": [-79.922523, 36.100901]}, "properties": {"crashes": 1, "injury": 0, "fatal": 0, "pedestrian": 0, "bicycle": 0, "density": 0.2, "year_range": "2014-2018"}}, {"type": "Feature", "geometry": {"type": "Point", "coordinates": [-79.733333, 36.052252]}, "properties": {"crashes": 2, "injury": 2, "fatal": 0, "pedestrian": 0, "bicycle": 0, "density": 0.5, "year_range": "2014-2018"}}, {"type": "Feature", "geometry": {"type": "Point", "coordinates": [-79.754955, 36.115315]}, "properties": {"crashes": 4, "injury": 1, "fatal": 0, "pedestrian": 0, "bicycle": 0, "density": 1.0, "year_range": "2014-2018"}}, {"type": "Feature", "geometry": {"type": "Point", "coordinates": [-79.827027, 36.03964]}, "properties": {"crashes": 1, "injury": 0, "fatal": 0, "pedestrian": 0, "bicycle": 0, "density": 0.2, "year_range": "2014-2018"}}, {"type": "Feature", "geometry": {"type": "Point", "coordinates": [-79.794595, 36.068468]}, "properties": {"crashes": 5, "injury": 2, "fatal": 0, "pedestrian": 0, "bicycle": 0, "density": 1.2, "year_range": "2014-2018"}}, {"type": "Feature", "geometry": {"type": "Point", "coordinates": [-79.69009, 36.09009]}, "properties": {"crashes": 1, "injury": 1, "fatal": 0, "pedestrian": 0, "bicycle": 0, "density": 0.2, "year_range": "2014-2018"}}, {"type": "Feature", "geometry": {"type": "Point", "coordinates": [-79.805405, 36.003604]}, "properties": {"crashes": 7, "injury": 4, "fatal": 0, "pedestrian": 0, "bicycle": 0, "density": 1.8, "year_range": "2014-2018"}}, {"type": "Feature", "geometry": {"type": "Point", "coordinates": [-79.812613, 36.086486]}, "properties": {"crashes": 1, "injury": 1, "fatal": 0, "pedestrian": 0, "bicycle": 0, "density": 0.2, "year_range": "2014-2018"}}, {"type": "Feature", "geometry": {"type": "Point", "coordinates": [-79.96036, 36.075676]}, "properties": {"crashes": 4, "injury": 1, "fatal": 0, "pedestrian": 0, "bicycle": 0, "density": 1.0, "year_range": "2014-2018"}}, {"type": "Feature", "geometry": {"type": "Point", "coordinates": [-79.758559, 36.07027]}, "properties": {"crashes": 5, "injury": 3, "fatal": 0, "pedestrian": 0, "bicycle": 0, "density": 1.2, "year_range": "2014-2018"}}, {"type": "Feature", "geometry": {"type": "Point", "coordinates": [-79.783784, 36.075676]}, "properties": {"crashes": 5, "injury": 2, "fatal": 0, "pedestrian": 0, "bicycle": 0, "density": 1.2, "year_range": "2014-2018"}}, {"type": "Feature", "geometry": {"type": "Point", "coordinates": [-79.776577, 36.027027]}, "properties": {"crashes": 1, "injury": 0, "fatal": 0, "pedestrian": 0, "bicycle": 0, "density": 0.2, "year_range": "2014-2018"}}, {"type": "Feature", "geometry": {"type": "Point", "coordinates": [-79.767568, 36.059459]}, "properties": {"crashes": 8, "injury": 3, "fatal": 0, "pedestrian": 0, "bicycle": 0, "density": 2.0, "year_range": "2014-2018"}}, {"type": "Feature", "geometry": {"type": "Point", "coordinates": [-79.807207, 36.077477]}, "properties": {"crashes": 1, "injury": 0, "fatal": 0, "pedestrian": 0, "bicycle": 0, "density": 0.2, "year_range": "2014-2018"}}, {"type": "Feature", "geometry": {"type": "Point", "coordinates": [-79.857658, 36.054054]}, "properties": {"crashes": 2, "injury": 0, "fatal": 0, "pedestrian": 0, "bicycle": 0, "density": 0.5, "year_range": "2014-2018"}}, {"type": "Feature", "geometry": {"type": "Point", "coordinates": [-79.818018, 36.077477]}, "properties": {"crashes": 2, "injury": 1, "fatal": 0, "pedestrian": 0, "bicycle": 0, "density": 0.5, "year_range": "2014-2018"}}, {"type": "Feature", "geometry": {"type": "Point", "coordinates": [-79.825225, 36.016216]}, "properties": {"crashes": 2, "injury": 1, "fatal": 0, "pedestrian": 0, "bicycle": 0, "density": 0.5, "year_range": "2014-2018"}}, {"type": "Feature", "geometry": {"type": "Point", "coordinates": [-79.774775, 36.10991]}, "properties": {"crashes": 6, "injury": 2, "fatal": 0, "pedestrian": 0, "bicycle": 0, "density": 1.5, "year_range": "2014-2018"}}, {"type": "Feature", "geometry": {"type": "Point", "coordinates": [-79.783784, 36.104505]}, "properties": {"crashes": 4, "injury": 1, "fatal": 0, "pedestrian": 0, "bicycle": 0, "density": 1.0, "year_range": "2014-2018"}}, {"type": "Feature", "geometry": {"type": "Point", "coordinates": [-79.794595, 36.108108]}, "properties": {"crashes": 1, "injury": 0, "fatal": 0, "pedestrian": 0, "bicycle": 0, "density": 0.2, "year_range": "2014-2018"}}, {"type": "Feature", "geometry": {"type": "Point", "coordinates": [-79.915315, 36.088288]}, "properties": {"crashes": 4, "injury": 0, "fatal": 0, "pedestrian": 0, "bicycle": 0, "density": 1.0, "year_range": "2014-2018"}}, {"type": "Feature", "geometry": {"type": "Point", "coordinates": [-79.695495, 36.059459]}, "properties": {"crashes": 2, "injury": 0, "fatal": 0, "pedestrian": 0, "bicycle": 0, "density": 0.5, "year_range": "2014-2018"}}, {"type": "Feature", "geometry": {"type": "Point", "coordinates": [-79.855856, 36.068468]}, "properties": {"crashes": 2, "injury": 1, "fatal": 0, "pedestrian": 0, "bicycle": 0, "density": 0.5, "year_range": "2014-2018"}}, {"type": "Feature", "geometry": {"type": "Point", "coordinates": [-79.70991, 36.151351]}, "properties": {"crashes": 2, "injury": 0, "fatal": 0, "pedestrian": 0, "bicycle": 0, "density": 0.5, "year_range": "2014-2018"}}, {"type": "Feature", "geometry": {"type": "Point", "coordinates": [-79.956757, 36.073874]}, "properties": {"crashes": 1, "injury": 0, "fatal": 0, "pedestrian": 0, "bicycle": 0, "density": 0.2, "year_range": "2014-2018"}}, {"type": "Feature", "geometry": {"type": "Point", "coordinates": [-79.830631, 36.064865]}, "properties": {"crashes": 5, "injury": 3, "fatal": 0, "pedestrian": 0, "bicycle": 0, "density": 1.2, "year_range": "2014-2018"}}, {"type": "Feature", "geometry": {"type": "Point", "coordinates": [-79.845045, 36.036036]}, "properties": {"crashes": 2, "injury": 0, "fatal": 0, "pedestrian": 0, "bicycle": 0, "density": 0.5, "year_range": "2014-2018"}}, {"type": "Feature", "geometry": {"type": "Point", "coordinates": [-79.90991, 36.075676]}, "properties": {"crashes": 5, "injury": 0, "fatal": 0, "pedestrian": 0, "bicycle": 0, "density": 1.2, "year_range": "2014-2018"}}, {"type": "Feature", "geometry": {"type": "Point", "coordinates": [-79.904505, 36.043243]}, "properties": {"crashes": 1, "injury": 0, "fatal": 0, "pedestrian": 0, "bicycle": 0, "density": 0.2, "year_range": "2014-2018"}}, {"type": "Feature", "geometry": {"type": "Point", "coordinates": [-79.857658, 36.048649]}, "properties": {"crashes": 3, "injury": 2, "fatal": 0, "pedestrian": 0, "bicycle": 0, "density": 0.8, "year_range": "2014-2018"}}, {"type": "Feature", "geometry": {"type": "Point", "coordinates": [-79.789189, 36.072072]}, "properties": {"crashes": 6, "injury": 3, "fatal": 0, "pedestrian": 0, "bicycle": 0, "density": 1.5, "year_range": "2014-2018"}}, {"type": "Feature", "geometry": {"type": "Point", "coordinates": [-79.836036, 36.012613]}, "properties": {"crashes": 1, "injury": 0, "fatal": 0, "pedestrian": 0, "bicycle": 0, "density": 0.2, "year_range": "2014-2018"}}, {"type": "Feature", "geometry": {"type": "Point", "coordinates": [-79.836036, 36.073874]}, "properties": {"crashes": 1, "injury": 0, "fatal": 0, "pedestrian": 0, "bicycle": 0, "density": 0.2, "year_range": "2014-2018"}}, {"type": "Feature", "geometry": {"type": "Point", "coordinates": [-79.756757, 36.077477]}, "properties": {"crashes": 3, "injury": 2, "fatal": 0, "pedestrian": 0, "bicycle": 0, "density": 0.8, "year_range": "2014-2018"}}, {"type": "Feature", "geometry": {"type": "Point", "coordinates": [-79.776577, 36.111712]}, "properties": {"crashes": 2, "injury": 1, "fatal": 0, "pedestrian": 0, "bicycle": 0, "density": 0.5, "year_range": "2014-2018"}}, {"type": "Feature", "geometry": {"type": "Point", "coordinates": [-79.790991, 36.136937]}, "properties": {"crashes": 2, "injury": 1, "fatal": 0, "pedestrian": 0, "bicycle": 0, "density": 0.5, "year_range": "2014-2018"}}, {"type": "Feature", "geometry": {"type": "Point", "coordinates": [-79.821622, 36.118919]}, "properties": {"crashes": 3, "injury": 2, "fatal": 0, "pedestrian": 0, "bicycle": 0, "density": 0.8, "year_range": "2014-2018"}}, {"type": "Feature", "geometry": {"type": "Point", "coordinates": [-79.78018, 36.138739]}, "properties": {"crashes": 3, "injury": 2, "fatal": 0, "pedestrian": 0, "bicycle": 0, "density": 0.8, "year_range": "2014-2018"}}, {"type": "Feature", "geometry": {"type": "Point", "coordinates": [-79.783784, 36.086486]}, "properties": {"crashes": 2, "injury": 0, "fatal": 0, "pedestrian": 0, "bicycle": 0, "density": 0.5, "year_range": "2014-2018"}}, {"type": "Feature", "geometry": {"type": "Point", "coordinates": [-80.0, 36.102703]}, "properties": {"crashes": 1, "injury": 1, "fatal": 0, "pedestrian": 0, "bicycle": 0, "density": 0.2, "year_range": "2014-2018"}}, {"type": "Feature", "geometry": {"type": "Point", "coordinates": [-79.772973, 36.118919]}, "properties": {"crashes": 2, "injury": 0, "fatal": 0, "pedestrian": 0, "bicycle": 0, "density": 0.5, "year_range": "2014-2018"}}, {"type": "Feature", "geometry": {"type": "Point", "coordinates": [-79.836036, 36.113514]}, "properties": {"crashes": 2, "injury": 0, "fatal": 0, "pedestrian": 0, "bicycle": 0, "density": 0.5, "year_range": "2014-2018"}}, {"type": "Feature", "geometry": {"type": "Point", "coordinates": [-79.807207, 36.003604]}, "properties": {"crashes": 2, "injury": 0, "fatal": 0, "pedestrian": 0, "bicycle": 0, "density": 0.5, "year_range": "2014-2018"}}, {"type": "Feature", "geometry": {"type": "Point", "coordinates": [-79.801802, 36.064865]}, "properties": {"crashes": 3, "injury": 0, "fatal": 0, "pedestrian": 0, "bicycle": 0, "density": 0.8, "year_range": "2014-2018"}}, {"type": "Feature", "geometry": {"type": "Point", "coordinates": [-79.792793, 36.075676]}, "properties": {"crashes": 1, "injury": 0, "fatal": 0, "pedestrian": 0, "bicycle": 0, "density": 0.2, "year_range": "2014-2018"}}, {"type": "Feature", "geometry": {"type": "Point", "coordinates": [-79.762162, 36.073874]}, "properties": {"crashes": 2, "injury": 0, "fatal": 0, "pedestrian": 0, "bicycle": 0, "density": 0.5, "year_range": "2014-2018"}}, {"type": "Feature", "geometry": {"type": "Point", "coordinates": [-79.996396, 36.099099]}, "properties": {"crashes": 1, "injury": 0, "fatal": 0, "pedestrian": 0, "bicycle": 0, "density": 0.2, "year_range": "2014-2018"}}, {"type": "Feature", "geometry": {"type": "Point", "coordinates": [-79.911712, 36.075676]}, "properties": {"crashes": 3, "injury": 1, "fatal": 0, "pedestrian": 0, "bicycle": 0, "density": 0.8, "year_range": "2014-2018"}}, {"type": "Feature", "geometry": {"type": "Point", "coordinates": [-79.794595, 36.111712]}, "properties": {"crashes": 1, "injury": 1, "fatal": 0, "pedestrian": 0, "bicycle": 0, "density": 0.2, "year_range": "2014-2018"}}, {"type": "Feature", "geometry": {"type": "Point", "coordinates": [-79.857658, 36.127928]}, "properties": {"crashes": 1, "injury": 0, "fatal": 0, "pedestrian": 0, "bicycle": 0, "density": 0.2, "year_range": "2014-2018"}}, {"type": "Feature", "geometry": {"type": "Point", "coordinates": [-79.74955, 36.084685]}, "properties": {"crashes": 2, "injury": 1, "fatal": 0, "pedestrian": 0, "bicycle": 0, "density": 0.5, "year_range": "2014-2018"}}, {"type": "Feature", "geometry": {"type": "Point", "coordinates": [-79.803604, 36.07027]}, "properties": {"crashes": 2, "injury": 0, "fatal": 0, "pedestrian": 0, "bicycle": 0, "density": 0.5, "year_range": "2014-2018"}}, {"type": "Feature", "geometry": {"type": "Point", "coordinates": [-79.859459, 36.09009]}, "properties": {"crashes": 2, "injury": 2, "fatal": 0, "pedestrian": 0, "bicycle": 0, "density": 0.5, "year_range": "2014-2018"}}, {"type": "Feature", "geometry": {"type": "Point", "coordinates": [-79.792793, 36.023423]}, "properties": {"crashes": 1, "injury": 0, "fatal": 0, "pedestrian": 0, "bicycle": 0, "density": 0.2, "year_range": "2014-2018"}}, {"type": "Feature", "geometry": {"type": "Point", "coordinates": [-79.798198, 36.034234]}, "properties": {"crashes": 10, "injury": 5, "fatal": 0, "pedestrian": 0, "bicycle": 0, "density": 2.5, "year_range": "2014-2018"}}, {"type": "Feature", "geometry": {"type": "Point", "coordinates": [-79.852252, 36.01982]}, "properties": {"crashes": 2, "injury": 0, "fatal": 0, "pedestrian": 0, "bicycle": 0, "density": 0.5, "year_range": "2014-2018"}}, {"type": "Feature", "geometry": {"type": "Point", "coordinates": [-79.787387, 36.099099]}, "properties": {"crashes": 2, "injury": 2, "fatal": 0, "pedestrian": 0, "bicycle": 0, "density": 0.5, "year_range": "2014-2018"}}, {"type": "Feature", "geometry": {"type": "Point", "coordinates": [-79.772973, 36.086486]}, "properties": {"crashes": 1, "injury": 0, "fatal": 0, "pedestrian": 0, "bicycle": 0, "density": 0.2, "year_range": "2014-2018"}}, {"type": "Feature", "geometry": {"type": "Point", "coordinates": [-79.762162, 36.106306]}, "properties": {"crashes": 1, "injury": 0, "fatal": 0, "pedestrian": 0, "bicycle": 0, "density": 0.2, "year_range": "2014-2018"}}, {"type": "Feature", "geometry": {"type": "Point", "coordinates": [-79.859459, 36.131532]}, "properties": {"crashes": 1, "injury": 0, "fatal": 0, "pedestrian": 0, "bicycle": 0, "density": 0.2, "year_range": "2014-2018"}}, {"type": "Feature", "geometry": {"type": "Point", "coordinates": [-79.805405, 36.086486]}, "properties": {"crashes": 4, "injury": 1, "fatal": 0, "pedestrian": 0, "bicycle": 0, "density": 1.0, "year_range": "2014-2018"}}, {"type": "Feature", "geometry": {"type": "Point", "coordinates": [-79.843243, 36.118919]}, "properties": {"crashes": 2, "injury": 0, "fatal": 0, "pedestrian": 0, "bicycle": 0, "density": 0.5, "year_range": "2014-2018"}}, {"type": "Feature", "geometry": {"type": "Point", "coordinates": [-79.767568, 36.07027]}, "properties": {"crashes": 2, "injury": 2, "fatal": 0, "pedestrian": 0, "bicycle": 0, "density": 0.5, "year_range": "2014-2018"}}, {"type": "Feature", "geometry": {"type": "Point", "coordinates": [-79.812613, 36.10991]}, "properties": {"crashes": 1, "injury": 0, "fatal": 0, "pedestrian": 0, "bicycle": 0, "density": 0.2, "year_range": "2014-2018"}}, {"type": "Feature", "geometry": {"type": "Point", "coordinates": [-79.825225, 36.023423]}, "properties": {"crashes": 2, "injury": 0, "fatal": 0, "pedestrian": 0, "bicycle": 0, "density": 0.5, "year_range": "2014-2018"}}, {"type": "Feature", "geometry": {"type": "Point", "coordinates": [-79.809009, 36.082883]}, "properties": {"crashes": 1, "injury": 0, "fatal": 0, "pedestrian": 0, "bicycle": 0, "density": 0.2, "year_range": "2014-2018"}}, {"type": "Feature", "geometry": {"type": "Point", "coordinates": [-79.881081, 36.068468]}, "properties": {"crashes": 2, "injury": 0, "fatal": 0, "pedestrian": 0, "bicycle": 0, "density": 0.5, "year_range": "2014-2018"}}, {"type": "Feature", "geometry": {"type": "Point", "coordinates": [-79.848649, 36.115315]}, "properties": {"crashes": 2, "injury": 2, "fatal": 0, "pedestrian": 0, "bicycle": 0, "density": 0.5, "year_range": "2014-2018"}}, {"type": "Feature", "geometry": {"type": "Point", "coordinates": [-79.922523, 36.095495]}, "properties": {"crashes": 2, "injury": 1, "fatal": 0, "pedestrian": 0, "bicycle": 0, "density": 0.5, "year_range": "2014-2018"}}, {"type": "Feature", "geometry": {"type": "Point", "coordinates": [-79.836036, 36.054054]}, "properties": {"crashes": 3, "injury": 1, "fatal": 0, "pedestrian": 0, "bicycle": 0, "density": 0.8, "year_range": "2014-2018"}}, {"type": "Feature", "geometry": {"type": "Point", "coordinates": [-79.904505, 36.126126]}, "properties": {"crashes": 4, "injury": 0, "fatal": 0, "pedestrian": 0, "bicycle": 0, "density": 1.0, "year_range": "2014-2018"}}, {"type": "Feature", "geometry": {"type": "Point", "coordinates": [-79.772973, 36.082883]}, "properties": {"crashes": 2, "injury": 0, "fatal": 0, "pedestrian": 0, "bicycle": 0, "density": 0.5, "year_range": "2014-2018"}}, {"type": "Feature", "geometry": {"type": "Point", "coordinates": [-79.87027, 36.145946]}, "properties": {"crashes": 3, "injury": 0, "fatal": 0, "pedestrian": 0, "bicycle": 0, "density": 0.8, "year_range": "2014-2018"}}, {"type": "Feature", "geometry": {"type": "Point", "coordinates": [-79.913514, 36.075676]}, "properties": {"crashes": 6, "injury": 4, "fatal": 0, "pedestrian": 0, "bicycle": 0, "density": 1.5, "year_range": "2014-2018"}}, {"type": "Feature", "geometry": {"type": "Point", "coordinates": [-79.899099, 36.059459]}, "properties": {"crashes": 3, "injury": 0, "fatal": 0, "pedestrian": 0, "bicycle": 0, "density": 0.8, "year_range": "2014-2018"}}, {"type": "Feature", "geometry": {"type": "Point", "coordinates": [-79.792793, 36.072072]}, "properties": {"crashes": 4, "injury": 0, "fatal": 0, "pedestrian": 0, "bicycle": 0, "density": 1.0, "year_range": "2014-2018"}}, {"type": "Feature", "geometry": {"type": "Point", "coordinates": [-79.81982, 36.108108]}, "properties": {"crashes": 9, "injury": 2, "fatal": 0, "pedestrian": 0, "bicycle": 0, "density": 2.2, "year_range": "2014-2018"}}, {"type": "Feature", "geometry": {"type": "Point", "coordinates": [-79.81982, 36.041441]}, "properties": {"crashes": 2, "injury": 0, "fatal": 0, "pedestrian": 0, "bicycle": 0, "density": 0.5, "year_range": "2014-2018"}}, {"type": "Feature", "geometry": {"type": "Point", "coordinates": [-79.828829, 36.072072]}, "properties": {"crashes": 3, "injury": 0, "fatal": 0, "pedestrian": 0, "bicycle": 0, "density": 0.8, "year_range": "2014-2018"}}, {"type": "Feature", "geometry": {"type": "Point", "coordinates": [-79.812613, 36.016216]}, "properties": {"crashes": 1, "injury": 1, "fatal": 0, "pedestrian": 0, "bicycle": 0, "density": 0.2, "year_range": "2014-2018"}}, {"type": "Feature", "geometry": {"type": "Point", "coordinates": [-79.924324, 36.095495]}, "properties": {"crashes": 1, "injury": 0, "fatal": 0, "pedestrian": 0, "bicycle": 0, "density": 0.2, "year_range": "2014-2018"}}, {"type": "Feature", "geometry": {"type": "Point", "coordinates": [-79.758559, 36.009009]}, "properties": {"crashes": 1, "injury": 1, "fatal": 0, "pedestrian": 0, "bicycle": 0, "density": 0.2, "year_range": "2014-2018"}}, {"type": "Feature", "geometry": {"type": "Point", "coordinates": [-79.845045, 36.068468]}, "properties": {"crashes": 1, "injury": 0, "fatal": 0, "pedestrian": 0, "bicycle": 0, "density": 0.2, "year_range": "2014-2018"}}, {"type": "Feature", "geometry": {"type": "Point", "coordinates": [-79.818018, 36.088288]}, "properties": {"crashes": 2, "injury": 0, "fatal": 0, "pedestrian": 0, "bicycle": 0, "density": 0.5, "year_range": "2014-2018"}}, {"type": "Feature", "geometry": {"type": "Point", "coordinates": [-79.803604, 36.063063]}, "properties": {"crashes": 7, "injury": 2, "fatal": 0, "pedestrian": 0, "bicycle": 0, "density": 1.8, "year_range": "2014-2018"}}, {"type": "Feature", "geometry": {"type": "Point", "coordinates": [-79.891892, 36.095495]}, "properties": {"crashes": 1, "injury": 0, "fatal": 0, "pedestrian": 0, "bicycle": 0, "density": 0.2, "year_range": "2014-2018"}}, {"type": "Feature", "geometry": {"type": "Point", "coordinates": [-79.845045, 36.018018]}, "properties": {"crashes": 4, "injury": 1, "fatal": 0, "pedestrian": 0, "bicycle": 0, "density": 1.0, "year_range": "2014-2018"}}, {"type": "Feature", "geometry": {"type": "Point", "coordinates": [-79.875676, 36.061261]}, "properties": {"crashes": 1, "injury": 0, "fatal": 0, "pedestrian": 0, "bicycle": 0, "density": 0.2, "year_range": "2014-2018"}}, {"type": "Feature", "geometry": {"type": "Point", "coordinates": [-79.781982, 36.117117]}, "properties": {"crashes": 5, "injury": 3, "fatal": 0, "pedestrian": 0, "bicycle": 0, "density": 1.2, "year_range": "2014-2018"}}, {"type": "Feature", "geometry": {"type": "Point", "coordinates": [-79.954955, 36.077477]}, "properties": {"crashes": 1, "injury": 0, "fatal": 0, "pedestrian": 0, "bicycle": 0, "density": 0.2, "year_range": "2014-2018"}}, {"type": "Feature", "geometry": {"type": "Point", "coordinates": [-79.843243, 36.025225]}, "properties": {"crashes": 1, "injury": 0, "fatal": 0, "pedestrian": 0, "bicycle": 0, "density": 0.2, "year_range": "2014-2018"}}, {"type": "Feature", "geometry": {"type": "Point", "coordinates": [-79.744144, 36.097297]}, "properties": {"crashes": 1, "injury": 0, "fatal": 0, "pedestrian": 0, "bicycle": 0, "density": 0.2, "year_range": "2014-2018"}}, {"type": "Feature", "geometry": {"type": "Point", "coordinates": [-79.85045, 36.113514]}, "properties": {"crashes": 6, "injury": 3, "fatal": 0, "pedestrian": 0, "bicycle": 0, "density": 1.5, "year_range": "2014-2018"}}, {"type": "Feature", "geometry": {"type": "Point", "coordinates": [-79.855856, 36.131532]}, "properties": {"crashes": 9, "injury": 0, "fatal": 0, "pedestrian": 0, "bicycle": 0, "density": 2.2, "year_range": "2014-2018"}}, {"type": "Feature", "geometry": {"type": "Point", "coordinates": [-79.781982, 36.115315]}, "properties": {"crashes": 7, "injury": 4, "fatal": 0, "pedestrian": 0, "bicycle": 0, "density": 1.8, "year_range": "2014-2018"}}, {"type": "Feature", "geometry": {"type": "Point", "coordinates": [-79.857658, 36.057658]}, "properties": {"crashes": 2, "injury": 2, "fatal": 0, "pedestrian": 0, "bicycle": 0, "density": 0.5, "year_range": "2014-2018"}}, {"type": "Feature", "geometry": {"type": "Point", "coordinates": [-79.843243, 36.144144]}, "properties": {"crashes": 1, "injury": 0, "fatal": 0, "pedestrian": 0, "bicycle": 0, "density": 0.2, "year_range": "2014-2018"}}, {"type": "Feature", "geometry": {"type": "Point", "coordinates": [-79.933333, 36.151351]}, "properties": {"crashes": 2, "injury": 1, "fatal": 0, "pedestrian": 0, "bicycle": 0, "density": 0.5, "year_range": "2014-2018"}}, {"type": "Feature", "geometry": {"type": "Point", "coordinates": [-79.906306, 36.027027]}, "properties": {"crashes": 1, "injury": 0, "fatal": 0, "pedestrian": 0, "bicycle": 0, "density": 0.2, "year_range": "2014-2018"}}, {"type": "Feature", "geometry": {"type": "Point", "coordinates": [-79.794595, 36.052252]}, "properties": {"crashes": 1, "injury": 1, "fatal": 0, "pedestrian": 0, "bicycle": 0, "density": 0.2, "year_range": "2014-2018"}}, {"type": "Feature", "geometry": {"type": "Point", "coordinates": [-79.787387, 36.091892]}, "properties": {"crashes": 7, "injury": 3, "fatal": 0, "pedestrian": 0, "bicycle": 0, "density": 1.8, "year_range": "2014-2018"}}, {"type": "Feature", "geometry": {"type": "Point", "coordinates": [-79.688288, 36.043243]}, "properties": {"crashes": 2, "injury": 0, "fatal": 0, "pedestrian": 0, "bicycle": 0, "density": 0.5, "year_range": "2014-2018"}}, {"type": "Feature", "geometry": {"type": "Point", "coordinates": [-79.85045, 36.111712]}, "properties": {"crashes": 3, "injury": 0, "fatal": 0, "pedestrian": 0, "bicycle": 0, "density": 0.8, "year_range": "2014-2018"}}, {"type": "Feature", "geometry": {"type": "Point", "coordinates": [-79.875676, 36.126126]}, "properties": {"crashes": 1, "injury": 0, "fatal": 0, "pedestrian": 0, "bicycle": 0, "density": 0.2, "year_range": "2014-2018"}}, {"type": "Feature", "geometry": {"type": "Point", "coordinates": [-79.742342, 36.084685]}, "properties": {"crashes": 8, "injury": 3, "fatal": 0, "pedestrian": 0, "bicycle": 0, "density": 2.0, "year_range": "2014-2018"}}, {"type": "Feature", "geometry": {"type": "Point", "coordinates": [-79.738739, 36.108108]}, "properties": {"crashes": 1, "injury": 1, "fatal": 0, "pedestrian": 0, "bicycle": 0, "density": 0.2, "year_range": "2014-2018"}}, {"type": "Feature", "geometry": {"type": "Point", "coordinates": [-79.794595, 36.054054]}, "properties": {"crashes": 2, "injury": 1, "fatal": 0, "pedestrian": 0, "bicycle": 0, "density": 0.5, "year_range": "2014-2018"}}, {"type": "Feature", "geometry": {"type": "Point", "coordinates": [-79.90991, 36.135135]}, "properties": {"crashes": 1, "injury": 0, "fatal": 0, "pedestrian": 0, "bicycle": 0, "density": 0.2, "year_range": "2014-2018"}}, {"type": "Feature", "geometry": {"type": "Point", "coordinates": [-79.935135, 36.131532]}, "properties": {"crashes": 1, "injury": 0, "fatal": 0, "pedestrian": 0, "bicycle": 0, "density": 0.2, "year_range": "2014-2018"}}, {"type": "Feature", "geometry": {"type": "Point", "coordinates": [-79.89009, 36.09009]}, "properties": {"crashes": 8, "injury": 1, "fatal": 0, "pedestrian": 0, "bicycle": 0, "density": 2.0, "year_range": "2014-2018"}}, {"type": "Feature", "geometry": {"type": "Point", "coordinates": [-79.794595, 36.045045]}, "properties": {"crashes": 1, "injury": 0, "fatal": 0, "pedestrian": 0, "bicycle": 0, "density": 0.2, "year_range": "2014-2018"}}, {"type": "Feature", "geometry": {"type": "Point", "coordinates": [-79.774775, 36.09009]}, "properties": {"crashes": 3, "injury": 1, "fatal": 0, "pedestrian": 0, "bicycle": 0, "density": 0.8, "year_range": "2014-2018"}}, {"type": "Feature", "geometry": {"type": "Point", "coordinates": [-79.781982, 36.100901]}, "properties": {"crashes": 5, "injury": 2, "fatal": 0, "pedestrian": 0, "bicycle": 0, "density": 1.2, "year_range": "2014-2018"}}, {"type": "Feature", "geometry": {"type": "Point", "coordinates": [-79.774775, 36.048649]}, "properties": {"crashes": 1, "injury": 0, "fatal": 0, "pedestrian": 0, "bicycle": 0, "density": 0.2, "year_range": "2014-2018"}}, {"type": "Feature", "geometry": {"type": "Point", "coordinates": [-79.823423, 36.108108]}, "properties": {"crashes": 2, "injury": 1, "fatal": 0, "pedestrian": 0, "bicycle": 0, "density": 0.5, "year_range": "2014-2018"}}, {"type": "Feature", "geometry": {"type": "Point", "coordinates": [-79.814414, 36.016216]}, "properties": {"crashes": 1, "injury": 0, "fatal": 0, "pedestrian": 0, "bicycle": 0, "density": 0.2, "year_range": "2014-2018"}}, {"type": "Feature", "geometry": {"type": "Point", "coordinates": [-79.789189, 36.147748]}, "properties": {"crashes": 1, "injury": 0, "fatal": 0, "pedestrian": 0, "bicycle": 0, "density": 0.2, "year_range": "2014-2018"}}, {"type": "Feature", "geometry": {"type": "Point", "coordinates": [-79.758559, 36.138739]}, "properties": {"crashes": 1, "injury": 1, "fatal": 0, "pedestrian": 0, "bicycle": 0, "density": 0.2, "year_range": "2014-2018"}}, {"type": "Feature", "geometry": {"type": "Point", "coordinates": [-79.830631, 36.052252]}, "properties": {"crashes": 1, "injury": 1, "fatal": 0, "pedestrian": 0, "bicycle": 0, "density": 0.2, "year_range": "2014-2018"}}, {"type": "Feature", "geometry": {"type": "Point", "coordinates": [-79.832432, 36.010811]}, "properties": {"crashes": 1, "injury": 0, "fatal": 0, "pedestrian": 0, "bicycle": 0, "density": 0.2, "year_range": "2014-2018"}}, {"type": "Feature", "geometry": {"type": "Point", "coordinates": [-79.805405, 36.054054]}, "properties": {"crashes": 2, "injury": 0, "fatal": 0, "pedestrian": 0, "bicycle": 0, "density": 0.5, "year_range": "2014-2018"}}, {"type": "Feature", "geometry": {"type": "Point", "coordinates": [-79.783784, 36.063063]}, "properties": {"crashes": 2, "injury": 2, "fatal": 0, "pedestrian": 0, "bicycle": 0, "density": 0.5, "year_range": "2014-2018"}}, {"type": "Feature", "geometry": {"type": "Point", "coordinates": [-79.809009, 36.117117]}, "properties": {"crashes": 2, "injury": 0, "fatal": 0, "pedestrian": 0, "bicycle": 0, "density": 0.5, "year_range": "2014-2018"}}, {"type": "Feature", "geometry": {"type": "Point", "coordinates": [-79.881081, 36.115315]}, "properties": {"crashes": 2, "injury": 0, "fatal": 0, "pedestrian": 0, "bicycle": 0, "density": 0.5, "year_range": "2014-2018"}}, {"type": "Feature", "geometry": {"type": "Point", "coordinates": [-79.846847, 36.063063]}, "properties": {"crashes": 3, "injury": 0, "fatal": 0, "pedestrian": 0, "bicycle": 0, "density": 0.8, "year_range": "2014-2018"}}, {"type": "Feature", "geometry": {"type": "Point", "coordinates": [-79.740541, 36.068468]}, "properties": {"crashes": 1, "injury": 1, "fatal": 0, "pedestrian": 0, "bicycle": 0, "density": 0.2, "year_range": "2014-2018"}}, {"type": "Feature", "geometry": {"type": "Point", "coordinates": [-79.888288, 36.054054]}, "properties": {"crashes": 3, "injury": 0, "fatal": 0, "pedestrian": 0, "bicycle": 0, "density": 0.8, "year_range": "2014-2018"}}, {"type": "Feature", "geometry": {"type": "Point", "coordinates": [-79.872072, 36.07027]}, "properties": {"crashes": 1, "injury": 1, "fatal": 0, "pedestrian": 0, "bicycle": 0, "density": 0.2, "year_range": "2014-2018"}}, {"type": "Feature", "geometry": {"type": "Point", "coordinates": [-79.747748, 36.057658]}, "properties": {"crashes": 1, "injury": 0, "fatal": 0, "pedestrian": 0, "bicycle": 0, "density": 0.2, "year_range": "2014-2018"}}, {"type": "Feature", "geometry": {"type": "Point", "coordinates": [-79.827027, 36.037838]}, "properties": {"crashes": 2, "injury": 0, "fatal": 0, "pedestrian": 0, "bicycle": 0, "density": 0.5, "year_range": "2014-2018"}}, {"type": "Feature", "geometry": {"type": "Point", "coordinates": [-79.863063, 36.138739]}, "properties": {"crashes": 4, "injury": 1, "fatal": 0, "pedestrian": 0, "bicycle": 0, "density": 1.0, "year_range": "2014-2018"}}, {"type": "Feature", "geometry": {"type": "Point", "coordinates": [-79.747748, 36.095495]}, "properties": {"crashes": 1, "injury": 0, "fatal": 0, "pedestrian": 0, "bicycle": 0, "density": 0.2, "year_range": "2014-2018"}}, {"type": "Feature", "geometry": {"type": "Point", "coordinates": [-79.832432, 36.135135]}, "properties": {"crashes": 2, "injury": 0, "fatal": 0, "pedestrian": 0, "bicycle": 0, "density": 0.5, "year_range": "2014-2018"}}, {"type": "Feature", "geometry": {"type": "Point", "coordinates": [-79.836036, 36.048649]}, "properties": {"crashes": 7, "injury": 2, "fatal": 0, "pedestrian": 0, "bicycle": 0, "density": 1.8, "year_range": "2014-2018"}}, {"type": "Feature", "geometry": {"type": "Point", "coordinates": [-79.809009, 36.145946]}, "properties": {"crashes": 2, "injury": 0, "fatal": 0, "pedestrian": 0, "bicycle": 0, "density": 0.5, "year_range": "2014-2018"}}, {"type": "Feature", "geometry": {"type": "Point", "coordinates": [-79.904505, 36.081081]}, "properties": {"crashes": 1, "injury": 1, "fatal": 0, "pedestrian": 0, "bicycle": 0, "density": 0.2, "year_range": "2014-2018"}}, {"type": "Feature", "geometry": {"type": "Point", "coordinates": [-79.812613, 36.120721]}, "properties": {"crashes": 1, "injury": 0, "fatal": 0, "pedestrian": 0, "bicycle": 0, "density": 0.2, "year_range": "2014-2018"}}, {"type": "Feature", "geometry": {"type": "Point", "coordinates": [-79.868468, 36.066667]}, "properties": {"crashes": 4, "injury": 1, "fatal": 0, "pedestrian": 0, "bicycle": 0, "density": 1.0, "year_range": "2014-2018"}}, {"type": "Feature", "geometry": {"type": "Point", "coordinates": [-79.906306, 36.059459]}, "properties": {"crashes": 3, "injury": 1, "fatal": 0, "pedestrian": 0, "bicycle": 0, "density": 0.8, "year_range": "2014-2018"}}, {"type": "Feature", "geometry": {"type": "Point", "coordinates": [-79.863063, 36.068468]}, "properties": {"crashes": 1, "injury": 0, "fatal": 0, "pedestrian": 0, "bicycle": 0, "density": 0.2, "year_range": "2014-2018"}}, {"type": "Feature", "geometry": {"type": "Point", "coordinates": [-79.895495, 36.082883]}, "properties": {"crashes": 1, "injury": 0, "fatal": 0, "pedestrian": 0, "bicycle": 0, "density": 0.2, "year_range": "2014-2018"}}, {"type": "Feature", "geometry": {"type": "Point", "coordinates": [-79.767568, 36.126126]}, "properties": {"crashes": 1, "injury": 0, "fatal": 0, "pedestrian": 0, "bicycle": 0, "density": 0.2, "year_range": "2014-2018"}}, {"type": "Feature", "geometry": {"type": "Point", "coordinates": [-79.78018, 36.059459]}, "properties": {"crashes": 1, "injury": 0, "fatal": 0, "pedestrian": 0, "bicycle": 0, "density": 0.2, "year_range": "2014-2018"}}, {"type": "Feature", "geometry": {"type": "Point", "coordinates": [-79.917117, 36.077477]}, "properties": {"crashes": 1, "injury": 0, "fatal": 0, "pedestrian": 0, "bicycle": 0, "density": 0.2, "year_range": "2014-2018"}}, {"type": "Feature", "geometry": {"type": "Point", "coordinates": [-79.814414, 36.07027]}, "properties": {"crashes": 1, "injury": 0, "fatal": 0, "pedestrian": 0, "bicycle": 0, "density": 0.2, "year_range": "2014-2018"}}, {"type": "Feature", "geometry": {"type": "Point", "coordinates": [-79.845045, 36.032432]}, "properties": {"crashes": 1, "injury": 0, "fatal": 0, "pedestrian": 0, "bicycle": 0, "density": 0.2, "year_range": "2014-2018"}}, {"type": "Feature", "geometry": {"type": "Point", "coordinates": [-79.803604, 36.037838]}, "properties": {"crashes": 2, "injury": 1, "fatal": 0, "pedestrian": 0, "bicycle": 0, "density": 0.5, "year_range": "2014-2018"}}, {"type": "Feature", "geometry": {"type": "Point", "coordinates": [-79.816216, 36.028829]}, "properties": {"crashes": 1, "injury": 0, "fatal": 0, "pedestrian": 0, "bicycle": 0, "density": 0.2, "year_range": "2014-2018"}}, {"type": "Feature", "geometry": {"type": "Point", "coordinates": [-79.908108, 36.01982]}, "properties": {"crashes": 2, "injury": 0, "fatal": 0, "pedestrian": 0, "bicycle": 0, "density": 0.5, "year_range": "2014-2018"}}, {"type": "Feature", "geometry": {"type": "Point", "coordinates": [-79.828829, 36.01982]}, "properties": {"crashes": 1, "injury": 1, "fatal": 0, "pedestrian": 0, "bicycle": 0, "density": 0.2, "year_range": "2014-2018"}}, {"type": "Feature", "geometry": {"type": "Point", "coordinates": [-79.917117, 36.052252]}, "properties": {"crashes": 1, "injury": 0, "fatal": 0, "pedestrian": 0, "bicycle": 0, "density": 0.2, "year_range": "2014-2018"}}, {"type": "Feature", "geometry": {"type": "Point", "coordinates": [-79.866667, 36.032432]}, "properties": {"crashes": 3, "injury": 0, "fatal": 0, "pedestrian": 0, "bicycle": 0, "density": 0.8, "year_range": "2014-2018"}}, {"type": "Feature", "geometry": {"type": "Point", "coordinates": [-79.866667, 36.068468]}, "properties": {"crashes": 4, "injury": 0, "fatal": 0, "pedestrian": 0, "bicycle": 0, "density": 1.0, "year_range": "2014-2018"}}, {"type": "Feature", "geometry": {"type": "Point", "coordinates": [-79.666667, 36.059459]}, "properties": {"crashes": 1, "injury": 0, "fatal": 0, "pedestrian": 0, "bicycle": 0, "density": 0.2, "year_range": "2014-2018"}}, {"type": "Feature", "geometry": {"type": "Point", "coordinates": [-79.830631, 36.144144]}, "properties": {"crashes": 1, "injury": 0, "fatal": 0, "pedestrian": 0, "bicycle": 0, "density": 0.2, "year_range": "2014-2018"}}, {"type": "Feature", "geometry": {"type": "Point", "coordinates": [-79.781982, 36.136937]}, "properties": {"crashes": 1, "injury": 1, "fatal": 0, "pedestrian": 0, "bicycle": 0, "density": 0.2, "year_range": "2014-2018"}}, {"type": "Feature", "geometry": {"type": "Point", "coordinates": [-79.837838, 36.003604]}, "properties": {"crashes": 1, "injury": 0, "fatal": 0, "pedestrian": 0, "bicycle": 0, "density": 0.2, "year_range": "2014-2018"}}, {"type": "Feature", "geometry": {"type": "Point", "coordinates": [-79.803604, 36.072072]}, "properties": {"crashes": 1, "injury": 0, "fatal": 0, "pedestrian": 0, "bicycle": 0, "density": 0.2, "year_range": "2014-2018"}}, {"type": "Feature", "geometry": {"type": "Point", "coordinates": [-79.832432, 36.016216]}, "properties": {"crashes": 1, "injury": 0, "fatal": 0, "pedestrian": 0, "bicycle": 0, "density": 0.2, "year_range": "2014-2018"}}, {"type": "Feature", "geometry": {"type": "Point", "coordinates": [-79.859459, 36.07027]}, "properties": {"crashes": 2, "injury": 0, "fatal": 0, "pedestrian": 0, "bicycle": 0, "density": 0.5, "year_range": "2014-2018"}}, {"type": "Feature", "geometry": {"type": "Point", "coordinates": [-79.879279, 36.061261]}, "properties": {"crashes": 2, "injury": 1, "fatal": 0, "pedestrian": 0, "bicycle": 0, "density": 0.5, "year_range": "2014-2018"}}, {"type": "Feature", "geometry": {"type": "Point", "coordinates": [-79.814414, 36.093694]}, "properties": {"crashes": 5, "injury": 2, "fatal": 0, "pedestrian": 0, "bicycle": 0, "density": 1.2, "year_range": "2014-2018"}}, {"type": "Feature", "geometry": {"type": "Point", "coordinates": [-79.736937, 36.077477]}, "properties": {"crashes": 3, "injury": 1, "fatal": 0, "pedestrian": 0, "bicycle": 0, "density": 0.8, "year_range": "2014-2018"}}, {"type": "Feature", "geometry": {"type": "Point", "coordinates": [-79.832432, 36.142342]}, "properties": {"crashes": 1, "injury": 0, "fatal": 0, "pedestrian": 0, "bicycle": 0, "density": 0.2, "year_range": "2014-2018"}}, {"type": "Feature", "geometry": {"type": "Point", "coordinates": [-79.827027, 36.088288]}, "properties": {"crashes": 2, "injury": 0, "fatal": 0, "pedestrian": 0, "bicycle": 0, "density": 0.5, "year_range": "2014-2018"}}, {"type": "Feature", "geometry": {"type": "Point", "coordinates": [-79.879279, 36.169369]}, "properties": {"crashes": 1, "injury": 1, "fatal": 0, "pedestrian": 0, "bicycle": 0, "density": 0.2, "year_range": "2014-2018"}}, {"type": "Feature", "geometry": {"type": "Point", "coordinates": [-79.837838, 36.03964]}, "properties": {"crashes": 1, "injury": 0, "fatal": 0, "pedestrian": 0, "bicycle": 0, "density": 0.2, "year_range": "2014-2018"}}, {"type": "Feature", "geometry": {"type": "Point", "coordinates": [-79.807207, 36.066667]}, "properties": {"crashes": 1, "injury": 0, "fatal": 0, "pedestrian": 0, "bicycle": 0, "density": 0.2, "year_range": "2014-2018"}}, {"type": "Feature", "geometry": {"type": "Point", "coordinates": [-79.747748, 36.048649]}, "properties": {"crashes": 1, "injury": 1, "fatal": 0, "pedestrian": 0, "bicycle": 0, "density": 0.2, "year_range": "2014-2018"}}, {"type": "Feature", "geometry": {"type": "Point", "coordinates": [-79.814414, 36.05045]}, "properties": {"crashes": 1, "injury": 0, "fatal": 0, "pedestrian": 0, "bicycle": 0, "density": 0.2, "year_range": "2014-2018"}}, {"type": "Feature", "geometry": {"type": "Point", "coordinates": [-79.751351, 36.108108]}, "properties": {"crashes": 1, "injury": 0, "fatal": 0, "pedestrian": 0, "bicycle": 0, "density": 0.2, "year_range": "2014-2018"}}, {"type": "Feature", "geometry": {"type": "Point", "coordinates": [-79.846847, 36.037838]}, "properties": {"crashes": 1, "injury": 0, "fatal": 0, "pedestrian": 0, "bicycle": 0, "density": 0.2, "year_range": "2014-2018"}}, {"type": "Feature", "geometry": {"type": "Point", "coordinates": [-79.742342, 36.171171]}, "properties": {"crashes": 1, "injury": 0, "fatal": 0, "pedestrian": 0, "bicycle": 0, "density": 0.2, "year_range": "2014-2018"}}, {"type": "Feature", "geometry": {"type": "Point", "coordinates": [-79.893694, 36.10991]}, "properties": {"crashes": 1, "injury": 0, "fatal": 0, "pedestrian": 0, "bicycle": 0, "density": 0.2, "year_range": "2014-2018"}}, {"type": "Feature", "geometry": {"type": "Point", "coordinates": [-79.845045, 36.043243]}, "properties": {"crashes": 5, "injury": 0, "fatal": 0, "pedestrian": 0, "bicycle": 0, "density": 1.2, "year_range": "2014-2018"}}, {"type": "Feature", "geometry": {"type": "Point", "coordinates": [-79.863063, 36.066667]}, "properties": {"crashes": 4, "injury": 1, "fatal": 0, "pedestrian": 0, "bicycle": 0, "density": 1.0, "year_range": "2014-2018"}}, {"type": "Feature", "geometry": {"type": "Point", "coordinates": [-79.864865, 36.016216]}, "properties": {"crashes": 4, "injury": 2, "fatal": 0, "pedestrian": 0, "bicycle": 0, "density": 1.0, "year_range": "2014-2018"}}, {"type": "Feature", "geometry": {"type": "Point", "coordinates": [-79.812613, 36.037838]}, "properties": {"crashes": 3, "injury": 1, "fatal": 0, "pedestrian": 0, "bicycle": 0, "density": 0.8, "year_range": "2014-2018"}}, {"type": "Feature", "geometry": {"type": "Point", "coordinates": [-79.832432, 36.064865]}, "properties": {"crashes": 9, "injury": 2, "fatal": 0, "pedestrian": 0, "bicycle": 0, "density": 2.2, "year_range": "2014-2018"}}, {"type": "Feature", "geometry": {"type": "Point", "coordinates": [-79.834234, 36.027027]}, "properties": {"crashes": 1, "injury": 0, "fatal": 0, "pedestrian": 0, "bicycle": 0, "density": 0.2, "year_range": "2014-2018"}}, {"type": "Feature", "geometry": {"type": "Point", "coordinates": [-79.783784, 36.108108]}, "properties": {"crashes": 1, "injury": 0, "fatal": 0, "pedestrian": 0, "bicycle": 0, "density": 0.2, "year_range": "2014-2018"}}, {"type": "Feature", "geometry": {"type": "Point", "coordinates": [-79.852252, 36.079279]}, "properties": {"crashes": 1, "injury": 0, "fatal": 0, "pedestrian": 0, "bicycle": 0, "density": 0.2, "year_range": "2014-2018"}}, {"type": "Feature", "geometry": {"type": "Point", "coordinates": [-79.753153, 36.099099]}, "properties": {"crashes": 2, "injury": 0, "fatal": 0, "pedestrian": 0, "bicycle": 0, "density": 0.5, "year_range": "2014-2018"}}, {"type": "Feature", "geometry": {"type": "Point", "coordinates": [-79.810811, 36.064865]}, "properties": {"crashes": 3, "injury": 1, "fatal": 0, "pedestrian": 0, "bicycle": 0, "density": 0.8, "year_range": "2014-2018"}}, {"type": "Feature", "geometry": {"type": "Point", "coordinates": [-79.967568, 36.093694]}, "properties": {"crashes": 5, "injury": 4, "fatal": 0, "pedestrian": 0, "bicycle": 0, "density": 1.2, "year_range": "2014-2018"}}, {"type": "Feature", "geometry": {"type": "Point", "coordinates": [-79.906306, 36.082883]}, "properties": {"crashes": 1, "injury": 0, "fatal": 0, "pedestrian": 0, "bicycle": 0, "density": 0.2, "year_range": "2014-2018"}}, {"type": "Feature", "geometry": {"type": "Point", "coordinates": [-79.805405, 36.010811]}, "properties": {"crashes": 4, "injury": 1, "fatal": 0, "pedestrian": 0, "bicycle": 0, "density": 1.0, "year_range": "2014-2018"}}, {"type": "Feature", "geometry": {"type": "Point", "coordinates": [-79.828829, 36.052252]}, "properties": {"crashes": 1, "injury": 0, "fatal": 0, "pedestrian": 0, "bicycle": 0, "density": 0.2, "year_range": "2014-2018"}}, {"type": "Feature", "geometry": {"type": "Point", "coordinates": [-79.852252, 36.043243]}, "properties": {"crashes": 1, "injury": 0, "fatal": 0, "pedestrian": 0, "bicycle": 0, "density": 0.2, "year_range": "2014-2018"}}, {"type": "Feature", "geometry": {"type": "Point", "coordinates": [-79.767568, 36.073874]}, "properties": {"crashes": 2, "injury": 1, "fatal": 0, "pedestrian": 0, "bicycle": 0, "density": 0.5, "year_range": "2014-2018"}}, {"type": "Feature", "geometry": {"type": "Point", "coordinates": [-79.931532, 36.09009]}, "properties": {"crashes": 1, "injury": 0, "fatal": 0, "pedestrian": 0, "bicycle": 0, "density": 0.2, "year_range": "2014-2018"}}, {"type": "Feature", "geometry": {"type": "Point", "coordinates": [-79.816216, 36.122523]}, "properties": {"crashes": 3, "injury": 2, "fatal": 0, "pedestrian": 0, "bicycle": 0, "density": 0.8, "year_range": "2014-2018"}}, {"type": "Feature", "geometry": {"type": "Point", "coordinates": [-79.899099, 36.05045]}, "properties": {"crashes": 1, "injury": 1, "fatal": 0, "pedestrian": 0, "bicycle": 0, "density": 0.2, "year_range": "2014-2018"}}, {"type": "Feature", "geometry": {"type": "Point", "coordinates": [-79.913514, 36.079279]}, "properties": {"crashes": 1, "injury": 0, "fatal": 0, "pedestrian": 0, "bicycle": 0, "density": 0.2, "year_range": "2014-2018"}}, {"type": "Feature", "geometry": {"type": "Point", "coordinates": [-79.83964, 36.010811]}, "properties": {"crashes": 5, "injury": 4, "fatal": 0, "pedestrian": 0, "bicycle": 0, "density": 1.2, "year_range": "2014-2018"}}, {"type": "Feature", "geometry": {"type": "Point", "coordinates": [-79.765766, 36.113514]}, "properties": {"crashes": 10, "injury": 7, "fatal": 0, "pedestrian": 0, "bicycle": 0, "density": 2.5, "year_range": "2014-2018"}}, {"type": "Feature", "geometry": {"type": "Point", "coordinates": [-79.754955, 36.117117]}, "properties": {"crashes": 3, "injury": 2, "fatal": 0, "pedestrian": 0, "bicycle": 0, "density": 0.8, "year_range": "2014-2018"}}, {"type": "Feature", "geometry": {"type": "Point", "coordinates": [-79.976577, 36.091892]}, "properties": {"crashes": 1, "injury": 1, "fatal": 0, "pedestrian": 0, "bicycle": 0, "density": 0.2, "year_range": "2014-2018"}}, {"type": "Feature", "geometry": {"type": "Point", "coordinates": [-79.789189, 36.095495]}, "properties": {"crashes": 3, "injury": 1, "fatal": 0, "pedestrian": 0, "bicycle": 0, "density": 0.8, "year_range": "2014-2018"}}, {"type": "Feature", "geometry": {"type": "Point", "coordinates": [-79.794595, 36.057658]}, "properties": {"crashes": 1, "injury": 0, "fatal": 0, "pedestrian": 0, "bicycle": 0, "density": 0.2, "year_range": "2014-2018"}}, {"type": "Feature", "geometry": {"type": "Point", "coordinates": [-79.908108, 36.126126]}, "properties": {"crashes": 3, "injury": 1, "fatal": 0, "pedestrian": 0, "bicycle": 0, "density": 0.8, "year_range": "2014-2018"}}, {"type": "Feature", "geometry": {"type": "Point", "coordinates": [-79.785586, 36.081081]}, "properties": {"crashes": 1, "injury": 0, "fatal": 0, "pedestrian": 0, "bicycle": 0, "density": 0.2, "year_range": "2014-2018"}}, {"type": "Feature", "geometry": {"type": "Point", "coordinates": [-79.762162, 36.075676]}, "properties": {"crashes": 2, "injury": 2, "fatal": 0, "pedestrian": 0, "bicycle": 0, "density": 0.5, "year_range": "2014-2018"}}, {"type": "Feature", "geometry": {"type": "Point", "coordinates": [-79.763964, 36.104505]}, "properties": {"crashes": 1, "injury": 0, "fatal": 0, "pedestrian": 0, "bicycle": 0, "density": 0.2, "year_range": "2014-2018"}}, {"type": "Feature", "geometry": {"type": "Point", "coordinates": [-79.854054, 36.054054]}, "properties": {"crashes": 3, "injury": 0, "fatal": 0, "pedestrian": 0, "bicycle": 0, "density": 0.8, "year_range": "2014-2018"}}, {"type": "Feature", "geometry": {"type": "Point", "coordinates": [-79.895495, 36.018018]}, "properties": {"crashes": 1, "injury": 0, "fatal": 0, "pedestrian": 0, "bicycle": 0, "density": 0.2, "year_range": "2014-2018"}}, {"type": "Feature", "geometry": {"type": "Point", "coordinates": [-79.864865, 36.030631]}, "properties": {"crashes": 1, "injury": 1, "fatal": 0, "pedestrian": 0, "bicycle": 0, "density": 0.2, "year_range": "2014-2018"}}, {"type": "Feature", "geometry": {"type": "Point", "coordinates": [-79.987387, 36.104505]}, "properties": {"crashes": 1, "injury": 0, "fatal": 0, "pedestrian": 0, "bicycle": 0, "density": 0.2, "year_range": "2014-2018"}}, {"type": "Feature", "geometry": {"type": "Point", "coordinates": [-79.917117, 36.09009]}, "properties": {"crashes": 3, "injury": 0, "fatal": 0, "pedestrian": 0, "bicycle": 0, "density": 0.8, "year_range": "2014-2018"}}, {"type": "Feature", "geometry": {"type": "Point", "coordinates": [-79.825225, 36.136937]}, "properties": {"crashes": 1, "injury": 0, "fatal": 0, "pedestrian": 0, "bicycle": 0, "density": 0.2, "year_range": "2014-2018"}}, {"type": "Feature", "geometry": {"type": "Point", "coordinates": [-79.774775, 36.027027]}, "properties": {"crashes": 1, "injury": 0, "fatal": 0, "pedestrian": 0, "bicycle": 0, "density": 0.2, "year_range": "2014-2018"}}, {"type": "Feature", "geometry": {"type": "Point", "coordinates": [-79.965766, 36.075676]}, "properties": {"crashes": 2, "injury": 0, "fatal": 0, "pedestrian": 0, "bicycle": 0, "density": 0.5, "year_range": "2014-2018"}}, {"type": "Feature", "geometry": {"type": "Point", "coordinates": [-79.931532, 36.081081]}, "properties": {"crashes": 5, "injury": 2, "fatal": 0, "pedestrian": 0, "bicycle": 0, "density": 1.2, "year_range": "2014-2018"}}, {"type": "Feature", "geometry": {"type": "Point", "coordinates": [-79.823423, 36.082883]}, "properties": {"crashes": 1, "injury": 1, "fatal": 0, "pedestrian": 0, "bicycle": 0, "density": 0.2, "year_range": "2014-2018"}}, {"type": "Feature", "geometry": {"type": "Point", "coordinates": [-79.691892, 36.072072]}, "properties": {"crashes": 1, "injury": 0, "fatal": 0, "pedestrian": 0, "bicycle": 0, "density": 0.2, "year_range": "2014-2018"}}, {"type": "Feature", "geometry": {"type": "Point", "coordinates": [-79.904505, 36.061261]}, "properties": {"crashes": 1, "injury": 1, "fatal": 0, "pedestrian": 0, "bicycle": 0, "density": 0.2, "year_range": "2014-2018"}}, {"type": "Feature", "geometry": {"type": "Point", "coordinates": [-79.821622, 36.01982]}, "properties": {"crashes": 4, "injury": 3, "fatal": 0, "pedestrian": 0, "bicycle": 0, "density": 1.0, "year_range": "2014-2018"}}, {"type": "Feature", "geometry": {"type": "Point", "coordinates": [-79.89009, 36.093694]}, "properties": {"crashes": 1, "injury": 1, "fatal": 0, "pedestrian": 0, "bicycle": 0, "density": 0.2, "year_range": "2014-2018"}}, {"type": "Feature", "geometry": {"type": "Point", "coordinates": [-79.996396, 36.102703]}, "properties": {"crashes": 4, "injury": 0, "fatal": 0, "pedestrian": 0, "bicycle": 0, "density": 1.0, "year_range": "2014-2018"}}, {"type": "Feature", "geometry": {"type": "Point", "coordinates": [-79.834234, 36.140541]}, "properties": {"crashes": 1, "injury": 0, "fatal": 0, "pedestrian": 0, "bicycle": 0, "density": 0.2, "year_range": "2014-2018"}}, {"type": "Feature", "geometry": {"type": "Point", "coordinates": [-79.830631, 36.073874]}, "properties": {"crashes": 4, "injury": 1, "fatal": 0, "pedestrian": 0, "bicycle": 0, "density": 1.0, "year_range": "2014-2018"}}, {"type": "Feature", "geometry": {"type": "Point", "coordinates": [-79.893694, 36.016216]}, "properties": {"crashes": 1, "injury": 0, "fatal": 0, "pedestrian": 0, "bicycle": 0, "density": 0.2, "year_range": "2014-2018"}}, {"type": "Feature", "geometry": {"type": "Point", "coordinates": [-79.863063, 36.073874]}, "properties": {"crashes": 2, "injury": 0, "fatal": 0, "pedestrian": 0, "bicycle": 0, "density": 0.5, "year_range": "2014-2018"}}, {"type": "Feature", "geometry": {"type": "Point", "coordinates": [-79.938739, 36.131532]}, "properties": {"crashes": 1, "injury": 0, "fatal": 0, "pedestrian": 0, "bicycle": 0, "density": 0.2, "year_range": "2014-2018"}}, {"type": "Feature", "geometry": {"type": "Point", "coordinates": [-79.888288, 36.037838]}, "properties": {"crashes": 1, "injury": 0, "fatal": 0, "pedestrian": 0, "bicycle": 0, "density": 0.2, "year_range": "2014-2018"}}, {"type": "Feature", "geometry": {"type": "Point", "coordinates": [-79.879279, 36.09009]}, "properties": {"crashes": 3, "injury": 3, "fatal": 0, "pedestrian": 0, "bicycle": 0, "density": 0.8, "year_range": "2014-2018"}}, {"type": "Feature", "geometry": {"type": "Point", "coordinates": [-79.724324, 36.027027]}, "properties": {"crashes": 1, "injury": 0, "fatal": 0, "pedestrian": 0, "bicycle": 0, "density": 0.2, "year_range": "2014-2018"}}, {"type": "Feature", "geometry": {"type": "Point", "coordinates": [-79.958559, 36.108108]}, "properties": {"crashes": 1, "injury": 0, "fatal": 0, "pedestrian": 0, "bicycle": 0, "density": 0.2, "year_range": "2014-2018"}}, {"type": "Feature", "geometry": {"type": "Point", "coordinates": [-79.881081, 36.117117]}, "properties": {"crashes": 2, "injury": 0, "fatal": 0, "pedestrian": 0, "bicycle": 0, "density": 0.5, "year_range": "2014-2018"}}, {"type": "Feature", "geometry": {"type": "Point", "coordinates": [-79.753153, 36.064865]}, "properties": {"crashes": 1, "injury": 0, "fatal": 0, "pedestrian": 0, "bicycle": 0, "density": 0.2, "year_range": "2014-2018"}}, {"type": "Feature", "geometry": {"type": "Point", "coordinates": [-79.893694, 36.108108]}, "properties": {"crashes": 1, "injury": 0, "fatal": 0, "pedestrian": 0, "bicycle": 0, "density": 0.2, "year_range": "2014-2018"}}, {"type": "Feature", "geometry": {"type": "Point", "coordinates": [-79.846847, 36.072072]}, "properties": {"crashes": 2, "injury": 1, "fatal": 0, "pedestrian": 0, "bicycle": 0, "density": 0.5, "year_range": "2014-2018"}}, {"type": "Feature", "geometry": {"type": "Point", "coordinates": [-79.818018, 36.018018]}, "properties": {"crashes": 9, "injury": 4, "fatal": 0, "pedestrian": 0, "bicycle": 0, "density": 2.2, "year_range": "2014-2018"}}, {"type": "Feature", "geometry": {"type": "Point", "coordinates": [-79.854054, 36.014414]}, "properties": {"crashes": 1, "injury": 0, "fatal": 0, "pedestrian": 0, "bicycle": 0, "density": 0.2, "year_range": "2014-2018"}}, {"type": "Feature", "geometry": {"type": "Point", "coordinates": [-79.812613, 36.052252]}, "properties": {"crashes": 2, "injury": 2, "fatal": 0, "pedestrian": 0, "bicycle": 0, "density": 0.5, "year_range": "2014-2018"}}, {"type": "Feature", "geometry": {"type": "Point", "coordinates": [-79.841441, 36.036036]}, "properties": {"crashes": 2, "injury": 0, "fatal": 0, "pedestrian": 0, "bicycle": 0, "density": 0.5, "year_range": "2014-2018"}}, {"type": "Feature", "geometry": {"type": "Point", "coordinates": [-79.772973, 36.063063]}, "properties": {"crashes": 3, "injury": 1, "fatal": 0, "pedestrian": 0, "bicycle": 0, "density": 0.8, "year_range": "2014-2018"}}, {"type": "Feature", "geometry": {"type": "Point", "coordinates": [-79.902703, 36.03964]}, "properties": {"crashes": 4, "injury": 3, "fatal": 0, "pedestrian": 0, "bicycle": 0, "density": 1.0, "year_range": "2014-2018"}}, {"type": "Feature", "geometry": {"type": "Point", "coordinates": [-79.796396, 36.003604]}, "properties": {"crashes": 1, "injury": 1, "fatal": 0, "pedestrian": 0, "bicycle": 0, "density": 0.2, "year_range": "2014-2018"}}, {"type": "Feature", "geometry": {"type": "Point", "coordinates": [-79.792793, 36.048649]}, "properties": {"crashes": 3, "injury": 2, "fatal": 0, "pedestrian": 0, "bicycle": 0, "density": 0.8, "year_range": "2014-2018"}}, {"type": "Feature", "geometry": {"type": "Point", "coordinates": [-79.882883, 36.05045]}, "properties": {"crashes": 1, "injury": 0, "fatal": 0, "pedestrian": 0, "bicycle": 0, "density": 0.2, "year_range": "2014-2018"}}, {"type": "Feature", "geometry": {"type": "Point", "coordinates": [-79.861261, 36.03964]}, "properties": {"crashes": 2, "injury": 1, "fatal": 0, "pedestrian": 0, "bicycle": 0, "density": 0.5, "year_range": "2014-2018"}}, {"type": "Feature", "geometry": {"type": "Point", "coordinates": [-79.801802, 36.057658]}, "properties": {"crashes": 6, "injury": 2, "fatal": 0, "pedestrian": 0, "bicycle": 0, "density": 1.5, "year_range": "2014-2018"}}, {"type": "Feature", "geometry": {"type": "Point", "coordinates": [-79.866667, 36.072072]}, "properties": {"crashes": 3, "injury": 2, "fatal": 0, "pedestrian": 0, "bicycle": 0, "density": 0.8, "year_range": "2014-2018"}}, {"type": "Feature", "geometry": {"type": "Point", "coordinates": [-79.740541, 36.072072]}, "properties": {"crashes": 1, "injury": 0, "fatal": 0, "pedestrian": 0, "bicycle": 0, "density": 0.2, "year_range": "2014-2018"}}, {"type": "Feature", "geometry": {"type": "Point", "coordinates": [-80.012613, 36.095495]}, "properties": {"crashes": 3, "injury": 1, "fatal": 0, "pedestrian": 0, "bicycle": 0, "density": 0.8, "year_range": "2014-2018"}}, {"type": "Feature", "geometry": {"type": "Point", "coordinates": [-79.830631, 36.093694]}, "properties": {"crashes": 6, "injury": 1, "fatal": 0, "pedestrian": 0, "bicycle": 0, "density": 1.5, "year_range": "2014-2018"}}, {"type": "Feature", "geometry": {"type": "Point", "coordinates": [-79.767568, 36.086486]}, "properties": {"crashes": 4, "injury": 1, "fatal": 0, "pedestrian": 0, "bicycle": 0, "density": 1.0, "year_range": "2014-2018"}}, {"type": "Feature", "geometry": {"type": "Point", "coordinates": [-79.872072, 36.048649]}, "properties": {"crashes": 7, "injury": 5, "fatal": 0, "pedestrian": 0, "bicycle": 0, "density": 1.8, "year_range": "2014-2018"}}, {"type": "Feature", "geometry": {"type": "Point", "coordinates": [-79.823423, 36.100901]}, "properties": {"crashes": 2, "injury": 1, "fatal": 0, "pedestrian": 0, "bicycle": 0, "density": 0.5, "year_range": "2014-2018"}}, {"type": "Feature", "geometry": {"type": "Point", "coordinates": [-79.904505, 36.028829]}, "properties": {"crashes": 3, "injury": 0, "fatal": 0, "pedestrian": 0, "bicycle": 0, "density": 0.8, "year_range": "2014-2018"}}, {"type": "Feature", "geometry": {"type": "Point", "coordinates": [-79.899099, 36.077477]}, "properties": {"crashes": 1, "injury": 0, "fatal": 0, "pedestrian": 0, "bicycle": 0, "density": 0.2, "year_range": "2014-2018"}}, {"type": "Feature", "geometry": {"type": "Point", "coordinates": [-79.803604, 36.088288]}, "properties": {"crashes": 2, "injury": 0, "fatal": 0, "pedestrian": 0, "bicycle": 0, "density": 0.5, "year_range": "2014-2018"}}, {"type": "Feature", "geometry": {"type": "Point", "coordinates": [-79.814414, 36.03964]}, "properties": {"crashes": 1, "injury": 0, "fatal": 0, "pedestrian": 0, "bicycle": 0, "density": 0.2, "year_range": "2014-2018"}}, {"type": "Feature", "geometry": {"type": "Point", "coordinates": [-79.744144, 36.063063]}, "properties": {"crashes": 1, "injury": 0, "fatal": 0, "pedestrian": 0, "bicycle": 0, "density": 0.2, "year_range": "2014-2018"}}, {"type": "Feature", "geometry": {"type": "Point", "coordinates": [-79.899099, 36.025225]}, "properties": {"crashes": 1, "injury": 0, "fatal": 0, "pedestrian": 0, "bicycle": 0, "density": 0.2, "year_range": "2014-2018"}}, {"type": "Feature", "geometry": {"type": "Point", "coordinates": [-79.963964, 36.10991]}, "properties": {"crashes": 4, "injury": 1, "fatal": 0, "pedestrian": 0, "bicycle": 0, "density": 1.0, "year_range": "2014-2018"}}, {"type": "Feature", "geometry": {"type": "Point", "coordinates": [-79.763964, 36.082883]}, "properties": {"crashes": 1, "injury": 0, "fatal": 0, "pedestrian": 0, "bicycle": 0, "density": 0.2, "year_range": "2014-2018"}}, {"type": "Feature", "geometry": {"type": "Point", "coordinates": [-79.877477, 36.068468]}, "properties": {"crashes": 5, "injury": 2, "fatal": 0, "pedestrian": 0, "bicycle": 0, "density": 1.2, "year_range": "2014-2018"}}, {"type": "Feature", "geometry": {"type": "Point", "coordinates": [-79.727928, 36.167568]}, "properties": {"crashes": 1, "injury": 1, "fatal": 0, "pedestrian": 0, "bicycle": 0, "density": 0.2, "year_range": "2014-2018"}}, {"type": "Feature", "geometry": {"type": "Point", "coordinates": [-79.812613, 36.073874]}, "properties": {"crashes": 4, "injury": 2, "fatal": 0, "pedestrian": 0, "bicycle": 0, "density": 1.0, "year_range": "2014-2018"}}, {"type": "Feature", "geometry": {"type": "Point", "coordinates": [-79.767568, 36.046847]}, "properties": {"crashes": 2, "injury": 1, "fatal": 0, "pedestrian": 0, "bicycle": 0, "density": 0.5, "year_range": "2014-2018"}}, {"type": "Feature", "geometry": {"type": "Point", "coordinates": [-79.879279, 36.086486]}, "properties": {"crashes": 2, "injury": 0, "fatal": 0, "pedestrian": 0, "bicycle": 0, "density": 0.5, "year_range": "2014-2018"}}, {"type": "Feature", "geometry": {"type": "Point", "coordinates": [-79.776577, 36.059459]}, "properties": {"crashes": 1, "injury": 0, "fatal": 0, "pedestrian": 0, "bicycle": 0, "density": 0.2, "year_range": "2014-2018"}}, {"type": "Feature", "geometry": {"type": "Point", "coordinates": [-79.891892, 36.059459]}, "properties": {"crashes": 4, "injury": 1, "fatal": 0, "pedestrian": 0, "bicycle": 0, "density": 1.0, "year_range": "2014-2018"}}, {"type": "Feature", "geometry": {"type": "Point", "coordinates": [-79.904505, 36.072072]}, "properties": {"crashes": 1, "injury": 0, "fatal": 0, "pedestrian": 0, "bicycle": 0, "density": 0.2, "year_range": "2014-2018"}}, {"type": "Feature", "geometry": {"type": "Point", "coordinates": [-79.827027, 36.061261]}, "properties": {"crashes": 2, "injury": 0, "fatal": 0, "pedestrian": 0, "bicycle": 0, "density": 0.5, "year_range": "2014-2018"}}, {"type": "Feature", "geometry": {"type": "Point", "coordinates": [-79.837838, 36.048649]}, "properties": {"crashes": 7, "injury": 1, "fatal": 0, "pedestrian": 0, "bicycle": 0, "density": 1.8, "year_range": "2014-2018"}}, {"type": "Feature", "geometry": {"type": "Point", "coordinates": [-79.758559, 36.084685]}, "properties": {"crashes": 1, "injury": 0, "fatal": 0, "pedestrian": 0, "bicycle": 0, "density": 0.2, "year_range": "2014-2018"}}, {"type": "Feature", "geometry": {"type": "Point", "coordinates": [-80.007207, 36.095495]}, "properties": {"crashes": 10, "injury": 5, "fatal": 0, "pedestrian": 0, "bicycle": 0, "density": 2.5, "year_range": "2014-2018"}}, {"type": "Feature", "geometry": {"type": "Point", "coordinates": [-79.821622, 36.037838]}, "properties": {"crashes": 1, "injury": 1, "fatal": 0, "pedestrian": 0, "bicycle": 0, "density": 0.2, "year_range": "2014-2018"}}, {"type": "Feature", "geometry": {"type": "Point", "coordinates": [-79.76036, 36.126126]}, "properties": {"crashes": 1, "injury": 0, "fatal": 0, "pedestrian": 0, "bicycle": 0, "density": 0.2, "year_range": "2014-2018"}}, {"type": "Feature", "geometry": {"type": "Point", "coordinates": [-79.881081, 36.111712]}, "properties": {"crashes": 1, "injury": 0, "fatal": 0, "pedestrian": 0, "bicycle": 0, "density": 0.2, "year_range": "2014-2018"}}, {"type": "Feature", "geometry": {"type": "Point", "coordinates": [-79.884685, 36.082883]}, "properties": {"crashes": 1, "injury": 0, "fatal": 0, "pedestrian": 0, "bicycle": 0, "density": 0.2, "year_range": "2014-2018"}}, {"type": "Feature", "geometry": {"type": "Point", "coordinates": [-79.706306, 36.032432]}, "properties": {"crashes": 1, "injury": 1, "fatal": 0, "pedestrian": 0, "bicycle": 0, "density": 0.2, "year_range": "2014-2018"}}, {"type": "Feature", "geometry": {"type": "Point", "coordinates": [-79.809009, 36.048649]}, "properties": {"crashes": 2, "injury": 1, "fatal": 0, "pedestrian": 0, "bicycle": 0, "density": 0.5, "year_range": "2014-2018"}}, {"type": "Feature", "geometry": {"type": "Point", "coordinates": [-79.888288, 36.05045]}, "properties": {"crashes": 1, "injury": 0, "fatal": 0, "pedestrian": 0, "bicycle": 0, "density": 0.2, "year_range": "2014-2018"}}, {"type": "Feature", "geometry": {"type": "Point", "coordinates": [-79.83964, 36.046847]}, "properties": {"crashes": 2, "injury": 1, "fatal": 0, "pedestrian": 0, "bicycle": 0, "density": 0.5, "year_range": "2014-2018"}}, {"type": "Feature", "geometry": {"type": "Point", "coordinates": [-79.818018, 36.091892]}, "properties": {"crashes": 6, "injury": 0, "fatal": 0, "pedestrian": 0, "bicycle": 0, "density": 1.5, "year_range": "2014-2018"}}, {"type": "Feature", "geometry": {"type": "Point", "coordinates": [-79.776577, 36.07027]}, "properties": {"crashes": 1, "injury": 1, "fatal": 0, "pedestrian": 0, "bicycle": 0, "density": 0.2, "year_range": "2014-2018"}}, {"type": "Feature", "geometry": {"type": "Point", "coordinates": [-79.763964, 36.032432]}, "properties": {"crashes": 2, "injury": 0, "fatal": 0, "pedestrian": 0, "bicycle": 0, "density": 0.5, "year_range": "2014-2018"}}, {"type": "Feature", "geometry": {"type": "Point", "coordinates": [-79.762162, 36.068468]}, "properties": {"crashes": 2, "injury": 1, "fatal": 0, "pedestrian": 0, "bicycle": 0, "density": 0.5, "year_range": "2014-2018"}}, {"type": "Feature", "geometry": {"type": "Point", "coordinates": [-79.754955, 35.998198]}, "properties": {"crashes": 1, "injury": 1, "fatal": 0, "pedestrian": 0, "bicycle": 0, "density": 0.2, "year_range": "2014-2018"}}, {"type": "Feature", "geometry": {"type": "Point", "coordinates": [-79.765766, 36.09009]}, "properties": {"crashes": 3, "injury": 1, "fatal": 0, "pedestrian": 0, "bicycle": 0, "density": 0.8, "year_range": "2014-2018"}}, {"type": "Feature", "geometry": {"type": "Point", "coordinates": [-79.809009, 36.027027]}, "properties": {"crashes": 2, "injury": 1, "fatal": 0, "pedestrian": 0, "bicycle": 0, "density": 0.5, "year_range": "2014-2018"}}, {"type": "Feature", "geometry": {"type": "Point", "coordinates": [-79.754955, 36.088288]}, "properties": {"crashes": 2, "injury": 0, "fatal": 0, "pedestrian": 0, "bicycle": 0, "density": 0.5, "year_range": "2014-2018"}}, {"type": "Feature", "geometry": {"type": "Point", "coordinates": [-79.854054, 36.068468]}, "properties": {"crashes": 3, "injury": 1, "fatal": 0, "pedestrian": 0, "bicycle": 0, "density": 0.8, "year_range": "2014-2018"}}, {"type": "Feature", "geometry": {"type": "Point", "coordinates": [-79.875676, 36.118919]}, "properties": {"crashes": 1, "injury": 0, "fatal": 0, "pedestrian": 0, "bicycle": 0, "density": 0.2, "year_range": "2014-2018"}}, {"type": "Feature", "geometry": {"type": "Point", "coordinates": [-79.769369, 36.093694]}, "properties": {"crashes": 1, "injury": 1, "fatal": 0, "pedestrian": 0, "bicycle": 0, "density": 0.2, "year_range": "2014-2018"}}, {"type": "Feature", "geometry": {"type": "Point", "coordinates": [-79.990991, 36.097297]}, "properties": {"crashes": 1, "injury": 0, "fatal": 0, "pedestrian": 0, "bicycle": 0, "density": 0.2, "year_range": "2014-2018"}}, {"type": "Feature", "geometry": {"type": "Point", "coordinates": [-79.81982, 36.061261]}, "properties": {"crashes": 6, "injury": 3, "fatal": 0, "pedestrian": 0, "bicycle": 0, "density": 1.5, "year_range": "2014-2018"}}, {"type": "Feature", "geometry": {"type": "Point", "coordinates": [-79.816216, 36.018018]}, "properties": {"crashes": 1, "injury": 1, "fatal": 0, "pedestrian": 0, "bicycle": 0, "density": 0.2, "year_range": "2014-2018"}}, {"type": "Feature", "geometry": {"type": "Point", "coordinates": [-79.940541, 36.079279]}, "properties": {"crashes": 2, "injury": 0, "fatal": 0, "pedestrian": 0, "bicycle": 0, "density": 0.5, "year_range": "2014-2018"}}, {"type": "Feature", "geometry": {"type": "Point", "coordinates": [-79.902703, 36.046847]}, "properties": {"crashes": 1, "injury": 1, "fatal": 0, "pedestrian": 0, "bicycle": 0, "density": 0.2, "year_range": "2014-2018"}}, {"type": "Feature", "geometry": {"type": "Point", "coordinates": [-79.843243, 36.03964]}, "properties": {"crashes": 3, "injury": 1, "fatal": 0, "pedestrian": 0, "bicycle": 0, "density": 0.8, "year_range": "2014-2018"}}, {"type": "Feature", "geometry": {"type": "Point", "coordinates": [-79.700901, 36.171171]}, "properties": {"crashes": 1, "injury": 0, "fatal": 0, "pedestrian": 0, "bicycle": 0, "density": 0.2, "year_range": "2014-2018"}}, {"type": "Feature", "geometry": {"type": "Point", "coordinates": [-79.881081, 36.052252]}, "properties": {"crashes": 6, "injury": 3, "fatal": 0, "pedestrian": 0, "bicycle": 0, "density": 1.5, "year_range": "2014-2018"}}, {"type": "Feature", "geometry": {"type": "Point", "coordinates": [-79.895495, 36.054054]}, "properties": {"crashes": 1, "injury": 0, "fatal": 0, "pedestrian": 0, "bicycle": 0, "density": 0.2, "year_range": "2014-2018"}}, {"type": "Feature", "geometry": {"type": "Point", "coordinates": [-79.713514, 36.174775]}, "properties": {"crashes": 3, "injury": 1, "fatal": 0, "pedestrian": 0, "bicycle": 0, "density": 0.8, "year_range": "2014-2018"}}, {"type": "Feature", "geometry": {"type": "Point", "coordinates": [-79.841441, 36.075676]}, "properties": {"crashes": 3, "injury": 1, "fatal": 0, "pedestrian": 0, "bicycle": 0, "density": 0.8, "year_range": "2014-2018"}}, {"type": "Feature", "geometry": {"type": "Point", "coordinates": [-79.810811, 36.126126]}, "properties": {"crashes": 1, "injury": 1, "fatal": 0, "pedestrian": 0, "bicycle": 0, "density": 0.2, "year_range": "2014-2018"}}, {"type": "Feature", "geometry": {"type": "Point", "coordinates": [-79.809009, 36.126126]}, "properties": {"crashes": 1, "injury": 1, "fatal": 0, "pedestrian": 0, "bicycle": 0, "density": 0.2, "year_range": "2014-2018"}}, {"type": "Feature", "geometry": {"type": "Point", "coordinates": [-79.908108, 36.063063]}, "properties": {"crashes": 16, "injury": 7, "fatal": 0, "pedestrian": 0, "bicycle": 0, "density": 4.0, "year_range": "2014-2018"}}, {"type": "Feature", "geometry": {"type": "Point", "coordinates": [-79.816216, 36.009009]}, "properties": {"crashes": 1, "injury": 1, "fatal": 0, "pedestrian": 0, "bicycle": 0, "density": 0.2, "year_range": "2014-2018"}}, {"type": "Feature", "geometry": {"type": "Point", "coordinates": [-79.843243, 36.063063]}, "properties": {"crashes": 3, "injury": 1, "fatal": 0, "pedestrian": 0, "bicycle": 0, "density": 0.8, "year_range": "2014-2018"}}, {"type": "Feature", "geometry": {"type": "Point", "coordinates": [-79.792793, 36.077477]}, "properties": {"crashes": 5, "injury": 0, "fatal": 0, "pedestrian": 0, "bicycle": 0, "density": 1.2, "year_range": "2014-2018"}}, {"type": "Feature", "geometry": {"type": "Point", "coordinates": [-79.823423, 36.021622]}, "properties": {"crashes": 3, "injury": 0, "fatal": 0, "pedestrian": 0, "bicycle": 0, "density": 0.8, "year_range": "2014-2018"}}, {"type": "Feature", "geometry": {"type": "Point", "coordinates": [-79.908108, 36.023423]}, "properties": {"crashes": 1, "injury": 1, "fatal": 0, "pedestrian": 0, "bicycle": 0, "density": 0.2, "year_range": "2014-2018"}}, {"type": "Feature", "geometry": {"type": "Point", "coordinates": [-79.926126, 36.131532]}, "properties": {"crashes": 1, "injury": 0, "fatal": 0, "pedestrian": 0, "bicycle": 0, "density": 0.2, "year_range": "2014-2018"}}, {"type": "Feature", "geometry": {"type": "Point", "coordinates": [-79.785586, 36.063063]}, "properties": {"crashes": 2, "injury": 1, "fatal": 0, "pedestrian": 0, "bicycle": 0, "density": 0.5, "year_range": "2014-2018"}}, {"type": "Feature", "geometry": {"type": "Point", "coordinates": [-79.762162, 36.057658]}, "properties": {"crashes": 2, "injury": 1, "fatal": 0, "pedestrian": 0, "bicycle": 0, "density": 0.5, "year_range": "2014-2018"}}, {"type": "Feature", "geometry": {"type": "Point", "coordinates": [-79.818018, 36.095495]}, "properties": {"crashes": 2, "injury": 0, "fatal": 0, "pedestrian": 0, "bicycle": 0, "density": 0.5, "year_range": "2014-2018"}}, {"type": "Feature", "geometry": {"type": "Point", "coordinates": [-79.796396, 36.055856]}, "properties": {"crashes": 1, "injury": 0, "fatal": 0, "pedestrian": 0, "bicycle": 0, "density": 0.2, "year_range": "2014-2018"}}, {"type": "Feature", "geometry": {"type": "Point", "coordinates": [-79.854054, 36.043243]}, "properties": {"crashes": 1, "injury": 0, "fatal": 0, "pedestrian": 0, "bicycle": 0, "density": 0.2, "year_range": "2014-2018"}}, {"type": "Feature", "geometry": {"type": "Point", "coordinates": [-79.89009, 36.124324]}, "properties": {"crashes": 2, "injury": 1, "fatal": 0, "pedestrian": 0, "bicycle": 0, "density": 0.5, "year_range": "2014-2018"}}, {"type": "Feature", "geometry": {"type": "Point", "coordinates": [-79.852252, 36.046847]}, "properties": {"crashes": 1, "injury": 0, "fatal": 0, "pedestrian": 0, "bicycle": 0, "density": 0.2, "year_range": "2014-2018"}}, {"type": "Feature", "geometry": {"type": "Point", "coordinates": [-79.859459, 36.057658]}, "properties": {"crashes": 3, "injury": 1, "fatal": 0, "pedestrian": 0, "bicycle": 0, "density": 0.8, "year_range": "2014-2018"}}, {"type": "Feature", "geometry": {"type": "Point", "coordinates": [-79.863063, 36.07027]}, "properties": {"crashes": 2, "injury": 1, "fatal": 0, "pedestrian": 0, "bicycle": 0, "density": 0.5, "year_range": "2014-2018"}}, {"type": "Feature", "geometry": {"type": "Point", "coordinates": [-79.751351, 36.111712]}, "properties": {"crashes": 1, "injury": 1, "fatal": 0, "pedestrian": 0, "bicycle": 0, "density": 0.2, "year_range": "2014-2018"}}, {"type": "Feature", "geometry": {"type": "Point", "coordinates": [-79.792793, 36.102703]}, "properties": {"crashes": 2, "injury": 0, "fatal": 0, "pedestrian": 0, "bicycle": 0, "density": 0.5, "year_range": "2014-2018"}}, {"type": "Feature", "geometry": {"type": "Point", "coordinates": [-79.774775, 36.102703]}, "properties": {"crashes": 3, "injury": 3, "fatal": 0, "pedestrian": 0, "bicycle": 0, "density": 0.8, "year_range": "2014-2018"}}, {"type": "Feature", "geometry": {"type": "Point", "coordinates": [-79.866667, 36.064865]}, "properties": {"crashes": 2, "injury": 1, "fatal": 0, "pedestrian": 0, "bicycle": 0, "density": 0.5, "year_range": "2014-2018"}}, {"type": "Feature", "geometry": {"type": "Point", "coordinates": [-79.778378, 36.061261]}, "properties": {"crashes": 1, "injury": 0, "fatal": 0, "pedestrian": 0, "bicycle": 0, "density": 0.2, "year_range": "2014-2018"}}, {"type": "Feature", "geometry": {"type": "Point", "coordinates": [-79.938739, 36.073874]}, "properties": {"crashes": 2, "injury": 0, "fatal": 0, "pedestrian": 0, "bicycle": 0, "density": 0.5, "year_range": "2014-2018"}}, {"type": "Feature", "geometry": {"type": "Point", "coordinates": [-79.772973, 36.106306]}, "properties": {"crashes": 2, "injury": 1, "fatal": 0, "pedestrian": 0, "bicycle": 0, "density": 0.5, "year_range": "2014-2018"}}, {"type": "Feature", "geometry": {"type": "Point", "coordinates": [-79.790991, 36.091892]}, "properties": {"crashes": 1, "injury": 0, "fatal": 0, "pedestrian": 0, "bicycle": 0, "density": 0.2, "year_range": "2014-2018"}}, {"type": "Feature", "geometry": {"type": "Point", "coordinates": [-79.816216, 36.068468]}, "properties": {"crashes": 4, "injury": 1, "fatal": 0, "pedestrian": 0, "bicycle": 0, "density": 1.0, "year_range": "2014-2018"}}, {"type": "Feature", "geometry": {"type": "Point", "coordinates": [-79.85045, 36.034234]}, "properties": {"crashes": 2, "injury": 0, "fatal": 0, "pedestrian": 0, "bicycle": 0, "density": 0.5, "year_range": "2014-2018"}}, {"type": "Feature", "geometry": {"type": "Point", "coordinates": [-79.816216, 36.156757]}, "properties": {"crashes": 1, "injury": 0, "fatal": 0, "pedestrian": 0, "bicycle": 0, "density": 0.2, "year_range": "2014-2018"}}, {"type": "Feature", "geometry": {"type": "Point", "coordinates": [-79.805405, 36.084685]}, "properties": {"crashes": 2, "injury": 1, "fatal": 0, "pedestrian": 0, "bicycle": 0, "density": 0.5, "year_range": "2014-2018"}}, {"type": "Feature", "geometry": {"type": "Point", "coordinates": [-79.765766, 36.046847]}, "properties": {"crashes": 3, "injury": 1, "fatal": 0, "pedestrian": 0, "bicycle": 0, "density": 0.8, "year_range": "2014-2018"}}, {"type": "Feature", "geometry": {"type": "Point", "coordinates": [-79.751351, 36.133333]}, "properties": {"crashes": 1, "injury": 0, "fatal": 0, "pedestrian": 0, "bicycle": 0, "density": 0.2, "year_range": "2014-2018"}}, {"type": "Feature", "geometry": {"type": "Point", "coordinates": [-79.83964, 36.025225]}, "properties": {"crashes": 1, "injury": 0, "fatal": 0, "pedestrian": 0, "bicycle": 0, "density": 0.2, "year_range": "2014-2018"}}, {"type": "Feature", "geometry": {"type": "Point", "coordinates": [-79.781982, 36.138739]}, "properties": {"crashes": 1, "injury": 0, "fatal": 0, "pedestrian": 0, "bicycle": 0, "density": 0.2, "year_range": "2014-2018"}}, {"type": "Feature", "geometry": {"type": "Point", "coordinates": [-79.852252, 36.108108]}, "properties": {"crashes": 1, "injury": 0, "fatal": 0, "pedestrian": 0, "bicycle": 0, "density": 0.2, "year_range": "2014-2018"}}, {"type": "Feature", "geometry": {"type": "Point", "coordinates": [-79.765766, 36.048649]}, "properties": {"crashes": 1, "injury": 1, "fatal": 0, "pedestrian": 0, "bicycle": 0, "density": 0.2, "year_range": "2014-2018"}}, {"type": "Feature", "geometry": {"type": "Point", "coordinates": [-79.810811, 36.032432]}, "properties": {"crashes": 4, "injury": 1, "fatal": 0, "pedestrian": 0, "bicycle": 0, "density": 1.0, "year_range": "2014-2018"}}, {"type": "Feature", "geometry": {"type": "Point", "coordinates": [-79.823423, 36.025225]}, "properties": {"crashes": 2, "injury": 0, "fatal": 0, "pedestrian": 0, "bicycle": 0, "density": 0.5, "year_range": "2014-2018"}}, {"type": "Feature", "geometry": {"type": "Point", "coordinates": [-79.837838, 36.115315]}, "properties": {"crashes": 2, "injury": 1, "fatal": 0, "pedestrian": 0, "bicycle": 0, "density": 0.5, "year_range": "2014-2018"}}, {"type": "Feature", "geometry": {"type": "Point", "coordinates": [-79.785586, 36.120721]}, "properties": {"crashes": 3, "injury": 0, "fatal": 0, "pedestrian": 0, "bicycle": 0, "density": 0.8, "year_range": "2014-2018"}}, {"type": "Feature", "geometry": {"type": "Point", "coordinates": [-79.772973, 36.054054]}, "properties": {"crashes": 4, "injury": 1, "fatal": 0, "pedestrian": 0, "bicycle": 0, "density": 1.0, "year_range": "2014-2018"}}, {"type": "Feature", "geometry": {"type": "Point", "coordinates": [-79.781982, 36.104505]}, "properties": {"crashes": 2, "injury": 0, "fatal": 0, "pedestrian": 0, "bicycle": 0, "density": 0.5, "year_range": "2014-2018"}}, {"type": "Feature", "geometry": {"type": "Point", "coordinates": [-79.837838, 36.007207]}, "properties": {"crashes": 4, "injury": 0, "fatal": 0, "pedestrian": 0, "bicycle": 0, "density": 1.0, "year_range": "2014-2018"}}, {"type": "Feature", "geometry": {"type": "Point", "coordinates": [-79.796396, 36.016216]}, "properties": {"crashes": 1, "injury": 0, "fatal": 0, "pedestrian": 0, "bicycle": 0, "density": 0.2, "year_range": "2014-2018"}}, {"type": "Feature", "geometry": {"type": "Point", "coordinates": [-79.785586, 36.055856]}, "properties": {"crashes": 3, "injury": 0, "fatal": 0, "pedestrian": 0, "bicycle": 0, "density": 0.8, "year_range": "2014-2018"}}, {"type": "Feature", "geometry": {"type": "Point", "coordinates": [-79.796396, 36.10991]}, "properties": {"crashes": 1, "injury": 1, "fatal": 0, "pedestrian": 0, "bicycle": 0, "density": 0.2, "year_range": "2014-2018"}}, {"type": "Feature", "geometry": {"type": "Point", "coordinates": [-79.809009, 36.091892]}, "properties": {"crashes": 1, "injury": 0, "fatal": 0, "pedestrian": 0, "bicycle": 0, "density": 0.2, "year_range": "2014-2018"}}, {"type": "Feature", "geometry": {"type": "Point", "coordinates": [-79.74955, 36.118919]}, "properties": {"crashes": 1, "injury": 1, "fatal": 0, "pedestrian": 0, "bicycle": 0, "density": 0.2, "year_range": "2014-2018"}}, {"type": "Feature", "geometry": {"type": "Point", "coordinates": [-79.789189, 36.066667]}, "properties": {"crashes": 4, "injury": 0, "fatal": 0, "pedestrian": 0, "bicycle": 0, "density": 1.0, "year_range": "2014-2018"}}, {"type": "Feature", "geometry": {"type": "Point", "coordinates": [-79.848649, 36.01982]}, "properties": {"crashes": 1, "injury": 1, "fatal": 0, "pedestrian": 0, "bicycle": 0, "density": 0.2, "year_range": "2014-2018"}}, {"type": "Feature", "geometry": {"type": "Point", "coordinates": [-79.776577, 36.113514]}, "properties": {"crashes": 5, "injury": 2, "fatal": 0, "pedestrian": 0, "bicycle": 0, "density": 1.2, "year_range": "2014-2018"}}, {"type": "Feature", "geometry": {"type": "Point", "coordinates": [-79.767568, 36.075676]}, "properties": {"crashes": 3, "injury": 0, "fatal": 0, "pedestrian": 0, "bicycle": 0, "density": 0.8, "year_range": "2014-2018"}}, {"type": "Feature", "geometry": {"type": "Point", "coordinates": [-79.841441, 36.021622]}, "properties": {"crashes": 1, "injury": 0, "fatal": 0, "pedestrian": 0, "bicycle": 0, "density": 0.2, "year_range": "2014-2018"}}, {"type": "Feature", "geometry": {"type": "Point", "coordinates": [-79.785586, 36.05045]}, "properties": {"crashes": 1, "injury": 0, "fatal": 0, "pedestrian": 0, "bicycle": 0, "density": 0.2, "year_range": "2014-2018"}}, {"type": "Feature", "geometry": {"type": "Point", "coordinates": [-79.754955, 36.138739]}, "properties": {"crashes": 1, "injury": 0, "fatal": 0, "pedestrian": 0, "bicycle": 0, "density": 0.2, "year_range": "2014-2018"}}, {"type": "Feature", "geometry": {"type": "Point", "coordinates": [-79.823423, 36.057658]}, "properties": {"crashes": 6, "injury": 3, "fatal": 0, "pedestrian": 0, "bicycle": 0, "density": 1.5, "year_range": "2014-2018"}}, {"type": "Feature", "geometry": {"type": "Point", "coordinates": [-79.828829, 36.111712]}, "properties": {"crashes": 2, "injury": 0, "fatal": 0, "pedestrian": 0, "bicycle": 0, "density": 0.5, "year_range": "2014-2018"}}, {"type": "Feature", "geometry": {"type": "Point", "coordinates": [-79.823423, 36.09009]}, "properties": {"crashes": 2, "injury": 1, "fatal": 0, "pedestrian": 0, "bicycle": 0, "density": 0.5, "year_range": "2014-2018"}}, {"type": "Feature", "geometry": {"type": "Point", "coordinates": [-79.922523, 36.032432]}, "properties": {"crashes": 2, "injury": 2, "fatal": 0, "pedestrian": 0, "bicycle": 0, "density": 0.5, "year_range": "2014-2018"}}, {"type": "Feature", "geometry": {"type": "Point", "coordinates": [-79.843243, 36.084685]}, "properties": {"crashes": 1, "injury": 0, "fatal": 0, "pedestrian": 0, "bicycle": 0, "density": 0.2, "year_range": "2014-2018"}}, {"type": "Feature", "geometry": {"type": "Point", "coordinates": [-79.846847, 36.122523]}, "properties": {"crashes": 1, "injury": 0, "fatal": 0, "pedestrian": 0, "bicycle": 0, "density": 0.2, "year_range": "2014-2018"}}, {"type": "Feature", "geometry": {"type": "Point", "coordinates": [-79.828829, 36.093694]}, "properties": {"crashes": 3, "injury": 1, "fatal": 0, "pedestrian": 0, "bicycle": 0, "density": 0.8, "year_range": "2014-2018"}}, {"type": "Feature", "geometry": {"type": "Point", "coordinates": [-79.915315, 36.055856]}, "properties": {"crashes": 1, "injury": 0, "fatal": 0, "pedestrian": 0, "bicycle": 0, "density": 0.2, "year_range": "2014-2018"}}, {"type": "Feature", "geometry": {"type": "Point", "coordinates": [-79.956757, 36.075676]}, "properties": {"crashes": 1, "injury": 0, "fatal": 0, "pedestrian": 0, "bicycle": 0, "density": 0.2, "year_range": "2014-2018"}}, {"type": "Feature", "geometry": {"type": "Point", "coordinates": [-79.787387, 36.0]}, "properties": {"crashes": 1, "injury": 0, "fatal": 0, "pedestrian": 0, "bicycle": 0, "density": 0.2, "year_range": "2014-2018"}}, {"type": "Feature", "geometry": {"type": "Point", "coordinates": [-79.81982, 36.136937]}, "properties": {"crashes": 1, "injury": 1, "fatal": 0, "pedestrian": 0, "bicycle": 0, "density": 0.2, "year_range": "2014-2018"}}, {"type": "Feature", "geometry": {"type": "Point", "coordinates": [-79.814414, 36.079279]}, "properties": {"crashes": 3, "injury": 0, "fatal": 0, "pedestrian": 0, "bicycle": 0, "density": 0.8, "year_range": "2014-2018"}}, {"type": "Feature", "geometry": {"type": "Point", "coordinates": [-79.893694, 36.117117]}, "properties": {"crashes": 1, "injury": 0, "fatal": 0, "pedestrian": 0, "bicycle": 0, "density": 0.2, "year_range": "2014-2018"}}, {"type": "Feature", "geometry": {"type": "Point", "coordinates": [-79.827027, 36.059459]}, "properties": {"crashes": 6, "injury": 0, "fatal": 0, "pedestrian": 0, "bicycle": 0, "density": 1.5, "year_range": "2014-2018"}}, {"type": "Feature", "geometry": {"type": "Point", "coordinates": [-79.843243, 36.136937]}, "properties": {"crashes": 1, "injury": 0, "fatal": 0, "pedestrian": 0, "bicycle": 0, "density": 0.2, "year_range": "2014-2018"}}, {"type": "Feature", "geometry": {"type": "Point", "coordinates": [-79.893694, 36.03964]}, "properties": {"crashes": 1, "injury": 0, "fatal": 0, "pedestrian": 0, "bicycle": 0, "density": 0.2, "year_range": "2014-2018"}}, {"type": "Feature", "geometry": {"type": "Point", "coordinates": [-79.881081, 36.172973]}, "properties": {"crashes": 7, "injury": 3, "fatal": 0, "pedestrian": 0, "bicycle": 0, "density": 1.8, "year_range": "2014-2018"}}, {"type": "Feature", "geometry": {"type": "Point", "coordinates": [-79.812613, 36.009009]}, "properties": {"crashes": 1, "injury": 1, "fatal": 0, "pedestrian": 0, "bicycle": 0, "density": 0.2, "year_range": "2014-2018"}}, {"type": "Feature", "geometry": {"type": "Point", "coordinates": [-79.879279, 36.072072]}, "properties": {"crashes": 1, "injury": 0, "fatal": 0, "pedestrian": 0, "bicycle": 0, "density": 0.2, "year_range": "2014-2018"}}, {"type": "Feature", "geometry": {"type": "Point", "coordinates": [-79.771171, 36.061261]}, "properties": {"crashes": 2, "injury": 1, "fatal": 0, "pedestrian": 0, "bicycle": 0, "density": 0.5, "year_range": "2014-2018"}}, {"type": "Feature", "geometry": {"type": "Point", "coordinates": [-79.789189, 36.037838]}, "properties": {"crashes": 2, "injury": 0, "fatal": 0, "pedestrian": 0, "bicycle": 0, "density": 0.5, "year_range": "2014-2018"}}, {"type": "Feature", "geometry": {"type": "Point", "coordinates": [-79.834234, 36.014414]}, "properties": {"crashes": 3, "injury": 2, "fatal": 0, "pedestrian": 0, "bicycle": 0, "density": 0.8, "year_range": "2014-2018"}}, {"type": "Feature", "geometry": {"type": "Point", "coordinates": [-79.866667, 36.043243]}, "properties": {"crashes": 1, "injury": 1, "fatal": 0, "pedestrian": 0, "bicycle": 0, "density": 0.2, "year_range": "2014-2018"}}, {"type": "Feature", "geometry": {"type": "Point", "coordinates": [-79.72973, 36.052252]}, "properties": {"crashes": 2, "injury": 1, "fatal": 0, "pedestrian": 0, "bicycle": 0, "density": 0.5, "year_range": "2014-2018"}}, {"type": "Feature", "geometry": {"type": "Point", "coordinates": [-79.745946, 36.111712]}, "properties": {"crashes": 1, "injury": 1, "fatal": 0, "pedestrian": 0, "bicycle": 0, "density": 0.2, "year_range": "2014-2018"}}, {"type": "Feature", "geometry": {"type": "Point", "coordinates": [-79.727928, 36.054054]}, "properties": {"crashes": 1, "injury": 1, "fatal": 0, "pedestrian": 0, "bicycle": 0, "density": 0.2, "year_range": "2014-2018"}}, {"type": "Feature", "geometry": {"type": "Point", "coordinates": [-79.978378, 36.086486]}, "properties": {"crashes": 1, "injury": 0, "fatal": 0, "pedestrian": 0, "bicycle": 0, "density": 0.2, "year_range": "2014-2018"}}, {"type": "Feature", "geometry": {"type": "Point", "coordinates": [-79.754955, 36.127928]}, "properties": {"crashes": 1, "injury": 0, "fatal": 0, "pedestrian": 0, "bicycle": 0, "density": 0.2, "year_range": "2014-2018"}}, {"type": "Feature", "geometry": {"type": "Point", "coordinates": [-79.762162, 36.09009]}, "properties": {"crashes": 1, "injury": 1, "fatal": 0, "pedestrian": 0, "bicycle": 0, "density": 0.2, "year_range": "2014-2018"}}, {"type": "Feature", "geometry": {"type": "Point", "coordinates": [-79.771171, 36.113514]}, "properties": {"crashes": 1, "injury": 1, "fatal": 0, "pedestrian": 0, "bicycle": 0, "density": 0.2, "year_range": "2014-2018"}}, {"type": "Feature", "geometry": {"type": "Point", "coordinates": [-79.774775, 36.072072]}, "properties": {"crashes": 3, "injury": 2, "fatal": 0, "pedestrian": 0, "bicycle": 0, "density": 0.8, "year_range": "2014-2018"}}, {"type": "Feature", "geometry": {"type": "Point", "coordinates": [-79.796396, 36.052252]}, "properties": {"crashes": 2, "injury": 0, "fatal": 0, "pedestrian": 0, "bicycle": 0, "density": 0.5, "year_range": "2014-2018"}}, {"type": "Feature", "geometry": {"type": "Point", "coordinates": [-79.740541, 36.073874]}, "properties": {"crashes": 1, "injury": 0, "fatal": 0, "pedestrian": 0, "bicycle": 0, "density": 0.2, "year_range": "2014-2018"}}, {"type": "Feature", "geometry": {"type": "Point", "coordinates": [-79.774775, 36.115315]}, "properties": {"crashes": 1, "injury": 1, "fatal": 0, "pedestrian": 0, "bicycle": 0, "density": 0.2, "year_range": "2014-2018"}}, {"type": "Feature", "geometry": {"type": "Point", "coordinates": [-79.962162, 36.077477]}, "properties": {"crashes": 1, "injury": 0, "fatal": 0, "pedestrian": 0, "bicycle": 0, "density": 0.2, "year_range": "2014-2018"}}, {"type": "Feature", "geometry": {"type": "Point", "coordinates": [-79.809009, 36.061261]}, "properties": {"crashes": 1, "injury": 1, "fatal": 0, "pedestrian": 0, "bicycle": 0, "density": 0.2, "year_range": "2014-2018"}}, {"type": "Feature", "geometry": {"type": "Point", "coordinates": [-79.792793, 36.016216]}, "properties": {"crashes": 2, "injury": 1, "fatal": 0, "pedestrian": 0, "bicycle": 0, "density": 0.5, "year_range": "2014-2018"}}, {"type": "Feature", "geometry": {"type": "Point", "coordinates": [-79.915315, 36.059459]}, "properties": {"crashes": 1, "injury": 0, "fatal": 0, "pedestrian": 0, "bicycle": 0, "density": 0.2, "year_range": "2014-2018"}}, {"type": "Feature", "geometry": {"type": "Point", "coordinates": [-79.931532, 36.086486]}, "properties": {"crashes": 2, "injury": 0, "fatal": 0, "pedestrian": 0, "bicycle": 0, "density": 0.5, "year_range": "2014-2018"}}, {"type": "Feature", "geometry": {"type": "Point", "coordinates": [-79.848649, 36.100901]}, "properties": {"crashes": 1, "injury": 0, "fatal": 0, "pedestrian": 0, "bicycle": 0, "density": 0.2, "year_range": "2014-2018"}}, {"type": "Feature", "geometry": {"type": "Point", "coordinates": [-79.803604, 36.054054]}, "properties": {"crashes": 4, "injury": 4, "fatal": 0, "pedestrian": 0, "bicycle": 0, "density": 1.0, "year_range": "2014-2018"}}, {"type": "Feature", "geometry": {"type": "Point", "coordinates": [-79.846847, 36.034234]}, "properties": {"crashes": 1, "injury": 1, "fatal": 0, "pedestrian": 0, "bicycle": 0, "density": 0.2, "year_range": "2014-2018"}}, {"type": "Feature", "geometry": {"type": "Point", "coordinates": [-79.832432, 36.027027]}, "properties": {"crashes": 2, "injury": 0, "fatal": 0, "pedestrian": 0, "bicycle": 0, "density": 0.5, "year_range": "2014-2018"}}, {"type": "Feature", "geometry": {"type": "Point", "coordinates": [-79.83964, 36.05045]}, "properties": {"crashes": 1, "injury": 0, "fatal": 0, "pedestrian": 0, "bicycle": 0, "density": 0.2, "year_range": "2014-2018"}}, {"type": "Feature", "geometry": {"type": "Point", "coordinates": [-79.774775, 36.021622]}, "properties": {"crashes": 1, "injury": 0, "fatal": 0, "pedestrian": 0, "bicycle": 0, "density": 0.2, "year_range": "2014-2018"}}, {"type": "Feature", "geometry": {"type": "Point", "coordinates": [-79.881081, 36.034234]}, "properties": {"crashes": 3, "injury": 2, "fatal": 0, "pedestrian": 0, "bicycle": 0, "density": 0.8, "year_range": "2014-2018"}}, {"type": "Feature", "geometry": {"type": "Point", "coordinates": [-79.726126, 36.086486]}, "properties": {"crashes": 1, "injury": 1, "fatal": 0, "pedestrian": 0, "bicycle": 0, "density": 0.2, "year_range": "2014-2018"}}, {"type": "Feature", "geometry": {"type": "Point", "coordinates": [-79.830631, 36.023423]}, "properties": {"crashes": 1, "injury": 0, "fatal": 0, "pedestrian": 0, "bicycle": 0, "density": 0.2, "year_range": "2014-2018"}}, {"type": "Feature", "geometry": {"type": "Point", "coordinates": [-79.805405, 36.064865]}, "properties": {"crashes": 2, "injury": 0, "fatal": 0, "pedestrian": 0, "bicycle": 0, "density": 0.5, "year_range": "2014-2018"}}, {"type": "Feature", "geometry": {"type": "Point", "coordinates": [-79.801802, 36.052252]}, "properties": {"crashes": 4, "injury": 1, "fatal": 0, "pedestrian": 0, "bicycle": 0, "density": 1.0, "year_range": "2014-2018"}}, {"type": "Feature", "geometry": {"type": "Point", "coordinates": [-79.891892, 36.046847]}, "properties": {"crashes": 1, "injury": 0, "fatal": 0, "pedestrian": 0, "bicycle": 0, "density": 0.2, "year_range": "2014-2018"}}, {"type": "Feature", "geometry": {"type": "Point", "coordinates": [-79.911712, 36.061261]}, "properties": {"crashes": 1, "injury": 0, "fatal": 0, "pedestrian": 0, "bicycle": 0, "density": 0.2, "year_range": "2014-2018"}}, {"type": "Feature", "geometry": {"type": "Point", "coordinates": [-79.98018, 36.09009]}, "properties": {"crashes": 1, "injury": 0, "fatal": 0, "pedestrian": 0, "bicycle": 0, "density": 0.2, "year_range": "2014-2018"}}, {"type": "Feature", "geometry": {"type": "Point", "coordinates": [-79.733333, 36.086486]}, "properties": {"crashes": 2, "injury": 0, "fatal": 0, "pedestrian": 0, "bicycle": 0, "density": 0.5, "year_range": "2014-2018"}}, {"type": "Feature", "geometry": {"type": "Point", "coordinates": [-79.821622, 36.113514]}, "properties": {"crashes": 1, "injury": 0, "fatal": 0, "pedestrian": 0, "bicycle": 0, "density": 0.2, "year_range": "2014-2018"}}, {"type": "Feature", "geometry": {"type": "Point", "coordinates": [-80.003604, 36.093694]}, "properties": {"crashes": 2, "injury": 0, "fatal": 0, "pedestrian": 0, "bicycle": 0, "density": 0.5, "year_range": "2014-2018"}}, {"type": "Feature", "geometry": {"type": "Point", "coordinates": [-79.85045, 36.043243]}, "properties": {"crashes": 3, "injury": 0, "fatal": 0, "pedestrian": 0, "bicycle": 0, "density": 0.8, "year_range": "2014-2018"}}, {"type": "Feature", "geometry": {"type": "Point", "coordinates": [-79.92973, 36.086486]}, "properties": {"crashes": 1, "injury": 0, "fatal": 0, "pedestrian": 0, "bicycle": 0, "density": 0.2, "year_range": "2014-2018"}}, {"type": "Feature", "geometry": {"type": "Point", "coordinates": [-79.854054, 36.057658]}, "properties": {"crashes": 2, "injury": 1, "fatal": 0, "pedestrian": 0, "bicycle": 0, "density": 0.5, "year_range": "2014-2018"}}, {"type": "Feature", "geometry": {"type": "Point", "coordinates": [-79.884685, 36.052252]}, "properties": {"crashes": 1, "injury": 0, "fatal": 0, "pedestrian": 0, "bicycle": 0, "density": 0.2, "year_range": "2014-2018"}}, {"type": "Feature", "geometry": {"type": "Point", "coordinates": [-79.841441, 36.136937]}, "properties": {"crashes": 1, "injury": 0, "fatal": 0, "pedestrian": 0, "bicycle": 0, "density": 0.2, "year_range": "2014-2018"}}, {"type": "Feature", "geometry": {"type": "Point", "coordinates": [-79.861261, 36.126126]}, "properties": {"crashes": 9, "injury": 2, "fatal": 0, "pedestrian": 0, "bicycle": 0, "density": 2.2, "year_range": "2014-2018"}}, {"type": "Feature", "geometry": {"type": "Point", "coordinates": [-79.765766, 36.034234]}, "properties": {"crashes": 1, "injury": 1, "fatal": 0, "pedestrian": 0, "bicycle": 0, "density": 0.2, "year_range": "2014-2018"}}, {"type": "Feature", "geometry": {"type": "Point", "coordinates": [-79.906306, 36.057658]}, "properties": {"crashes": 2, "injury": 1, "fatal": 0, "pedestrian": 0, "bicycle": 0, "density": 0.5, "year_range": "2014-2018"}}, {"type": "Feature", "geometry": {"type": "Point", "coordinates": [-79.818018, 36.016216]}, "properties": {"crashes": 2, "injury": 2, "fatal": 0, "pedestrian": 0, "bicycle": 0, "density": 0.5, "year_range": "2014-2018"}}, {"type": "Feature", "geometry": {"type": "Point", "coordinates": [-79.821622, 36.046847]}, "properties": {"crashes": 5, "injury": 2, "fatal": 0, "pedestrian": 0, "bicycle": 0, "density": 1.2, "year_range": "2014-2018"}}, {"type": "Feature", "geometry": {"type": "Point", "coordinates": [-79.801802, 36.144144]}, "properties": {"crashes": 1, "injury": 1, "fatal": 0, "pedestrian": 0, "bicycle": 0, "density": 0.2, "year_range": "2014-2018"}}, {"type": "Feature", "geometry": {"type": "Point", "coordinates": [-79.976577, 36.086486]}, "properties": {"crashes": 2, "injury": 1, "fatal": 0, "pedestrian": 0, "bicycle": 0, "density": 0.5, "year_range": "2014-2018"}}, {"type": "Feature", "geometry": {"type": "Point", "coordinates": [-79.868468, 36.108108]}, "properties": {"crashes": 2, "injury": 2, "fatal": 0, "pedestrian": 0, "bicycle": 0, "density": 0.5, "year_range": "2014-2018"}}, {"type": "Feature", "geometry": {"type": "Point", "coordinates": [-79.751351, 35.998198]}, "properties": {"crashes": 3, "injury": 2, "fatal": 0, "pedestrian": 0, "bicycle": 0, "density": 0.8, "year_range": "2014-2018"}}, {"type": "Feature", "geometry": {"type": "Point", "coordinates": [-79.783784, 36.03964]}, "properties": {"crashes": 1, "injury": 0, "fatal": 0, "pedestrian": 0, "bicycle": 0, "density": 0.2, "year_range": "2014-2018"}}, {"type": "Feature", "geometry": {"type": "Point", "coordinates": [-79.87027, 36.048649]}, "properties": {"crashes": 6, "injury": 2, "fatal": 0, "pedestrian": 0, "bicycle": 0, "density": 1.5, "year_range": "2014-2018"}}, {"type": "Feature", "geometry": {"type": "Point", "coordinates": [-79.89009, 36.156757]}, "properties": {"crashes": 2, "injury": 0, "fatal": 0, "pedestrian": 0, "bicycle": 0, "density": 0.5, "year_range": "2014-2018"}}, {"type": "Feature", "geometry": {"type": "Point", "coordinates": [-79.974775, 36.093694]}, "properties": {"crashes": 1, "injury": 0, "fatal": 0, "pedestrian": 0, "bicycle": 0, "density": 0.2, "year_range": "2014-2018"}}, {"type": "Feature", "geometry": {"type": "Point", "coordinates": [-79.810811, 36.041441]}, "properties": {"crashes": 1, "injury": 0, "fatal": 0, "pedestrian": 0, "bicycle": 0, "density": 0.2, "year_range": "2014-2018"}}, {"type": "Feature", "geometry": {"type": "Point", "coordinates": [-79.76036, 36.124324]}, "properties": {"crashes": 1, "injury": 1, "fatal": 0, "pedestrian": 0, "bicycle": 0, "density": 0.2, "year_range": "2014-2018"}}, {"type": "Feature", "geometry": {"type": "Point", "coordinates": [-79.915315, 36.064865]}, "properties": {"crashes": 1, "injury": 0, "fatal": 0, "pedestrian": 0, "bicycle": 0, "density": 0.2, "year_range": "2014-2018"}}, {"type": "Feature", "geometry": {"type": "Point", "coordinates": [-79.747748, 36.100901]}, "properties": {"crashes": 1, "injury": 0, "fatal": 0, "pedestrian": 0, "bicycle": 0, "density": 0.2, "year_range": "2014-2018"}}, {"type": "Feature", "geometry": {"type": "Point", "coordinates": [-79.801802, 36.063063]}, "properties": {"crashes": 3, "injury": 1, "fatal": 0, "pedestrian": 0, "bicycle": 0, "density": 0.8, "year_range": "2014-2018"}}, {"type": "Feature", "geometry": {"type": "Point", "coordinates": [-79.711712, 36.057658]}, "properties": {"crashes": 1, "injury": 1, "fatal": 0, "pedestrian": 0, "bicycle": 0, "density": 0.2, "year_range": "2014-2018"}}, {"type": "Feature", "geometry": {"type": "Point", "coordinates": [-79.778378, 36.147748]}, "properties": {"crashes": 2, "injury": 0, "fatal": 0, "pedestrian": 0, "bicycle": 0, "density": 0.5, "year_range": "2014-2018"}}, {"type": "Feature", "geometry": {"type": "Point", "coordinates": [-79.816216, 36.07027]}, "properties": {"crashes": 1, "injury": 0, "fatal": 0, "pedestrian": 0, "bicycle": 0, "density": 0.2, "year_range": "2014-2018"}}, {"type": "Feature", "geometry": {"type": "Point", "coordinates": [-79.837838, 36.009009]}, "properties": {"crashes": 1, "injury": 0, "fatal": 0, "pedestrian": 0, "bicycle": 0, "density": 0.2, "year_range": "2014-2018"}}, {"type": "Feature", "geometry": {"type": "Point", "coordinates": [-79.763964, 36.108108]}, "properties": {"crashes": 2, "injury": 1, "fatal": 0, "pedestrian": 0, "bicycle": 0, "density": 0.5, "year_range": "2014-2018"}}, {"type": "Feature", "geometry": {"type": "Point", "coordinates": [-79.787387, 36.077477]}, "properties": {"crashes": 8, "injury": 5, "fatal": 0, "pedestrian": 0, "bicycle": 0, "density": 2.0, "year_range": "2014-2018"}}, {"type": "Feature", "geometry": {"type": "Point", "coordinates": [-79.801802, 36.023423]}, "properties": {"crashes": 2, "injury": 1, "fatal": 0, "pedestrian": 0, "bicycle": 0, "density": 0.5, "year_range": "2014-2018"}}, {"type": "Feature", "geometry": {"type": "Point", "coordinates": [-79.803604, 36.010811]}, "properties": {"crashes": 2, "injury": 0, "fatal": 0, "pedestrian": 0, "bicycle": 0, "density": 0.5, "year_range": "2014-2018"}}, {"type": "Feature", "geometry": {"type": "Point", "coordinates": [-79.944144, 36.138739]}, "properties": {"crashes": 4, "injury": 2, "fatal": 0, "pedestrian": 0, "bicycle": 0, "density": 1.0, "year_range": "2014-2018"}}, {"type": "Feature", "geometry": {"type": "Point", "coordinates": [-79.855856, 36.03964]}, "properties": {"crashes": 1, "injury": 0, "fatal": 0, "pedestrian": 0, "bicycle": 0, "density": 0.2, "year_range": "2014-2018"}}, {"type": "Feature", "geometry": {"type": "Point", "coordinates": [-79.807207, 36.014414]}, "properties": {"crashes": 2, "injury": 0, "fatal": 0, "pedestrian": 0, "bicycle": 0, "density": 0.5, "year_range": "2014-2018"}}, {"type": "Feature", "geometry": {"type": "Point", "coordinates": [-79.787387, 36.153153]}, "properties": {"crashes": 1, "injury": 0, "fatal": 0, "pedestrian": 0, "bicycle": 0, "density": 0.2, "year_range": "2014-2018"}}, {"type": "Feature", "geometry": {"type": "Point", "coordinates": [-79.769369, 36.032432]}, "properties": {"crashes": 1, "injury": 0, "fatal": 0, "pedestrian": 0, "bicycle": 0, "density": 0.2, "year_range": "2014-2018"}}, {"type": "Feature", "geometry": {"type": "Point", "coordinates": [-79.751351, 36.07027]}, "properties": {"crashes": 1, "injury": 0, "fatal": 0, "pedestrian": 0, "bicycle": 0, "density": 0.2, "year_range": "2014-2018"}}, {"type": "Feature", "geometry": {"type": "Point", "coordinates": [-79.852252, 36.057658]}, "properties": {"crashes": 3, "injury": 0, "fatal": 0, "pedestrian": 0, "bicycle": 0, "density": 0.8, "year_range": "2014-2018"}}, {"type": "Feature", "geometry": {"type": "Point", "coordinates": [-79.767568, 36.115315]}, "properties": {"crashes": 1, "injury": 0, "fatal": 0, "pedestrian": 0, "bicycle": 0, "density": 0.2, "year_range": "2014-2018"}}, {"type": "Feature", "geometry": {"type": "Point", "coordinates": [-79.81982, 36.097297]}, "properties": {"crashes": 1, "injury": 0, "fatal": 0, "pedestrian": 0, "bicycle": 0, "density": 0.2, "year_range": "2014-2018"}}, {"type": "Feature", "geometry": {"type": "Point", "coordinates": [-79.823423, 36.104505]}, "properties": {"crashes": 1, "injury": 1, "fatal": 0, "pedestrian": 0, "bicycle": 0, "density": 0.2, "year_range": "2014-2018"}}, {"type": "Feature", "geometry": {"type": "Point", "coordinates": [-79.830631, 36.106306]}, "properties": {"crashes": 2, "injury": 1, "fatal": 0, "pedestrian": 0, "bicycle": 0, "density": 0.5, "year_range": "2014-2018"}}, {"type": "Feature", "geometry": {"type": "Point", "coordinates": [-79.864865, 36.122523]}, "properties": {"crashes": 1, "injury": 0, "fatal": 0, "pedestrian": 0, "bicycle": 0, "density": 0.2, "year_range": "2014-2018"}}, {"type": "Feature", "geometry": {"type": "Point", "coordinates": [-79.827027, 36.104505]}, "properties": {"crashes": 2, "injury": 0, "fatal": 0, "pedestrian": 0, "bicycle": 0, "density": 0.5, "year_range": "2014-2018"}}, {"type": "Feature", "geometry": {"type": "Point", "coordinates": [-79.78018, 36.091892]}, "properties": {"crashes": 4, "injury": 1, "fatal": 0, "pedestrian": 0, "bicycle": 0, "density": 1.0, "year_range": "2014-2018"}}, {"type": "Feature", "geometry": {"type": "Point", "coordinates": [-79.863063, 36.061261]}, "properties": {"crashes": 6, "injury": 3, "fatal": 0, "pedestrian": 0, "bicycle": 0, "density": 1.5, "year_range": "2014-2018"}}, {"type": "Feature", "geometry": {"type": "Point", "coordinates": [-79.783784, 36.018018]}, "properties": {"crashes": 1, "injury": 0, "fatal": 0, "pedestrian": 0, "bicycle": 0, "density": 0.2, "year_range": "2014-2018"}}, {"type": "Feature", "geometry": {"type": "Point", "coordinates": [-79.781982, 36.052252]}, "properties": {"crashes": 2, "injury": 1, "fatal": 0, "pedestrian": 0, "bicycle": 0, "density": 0.5, "year_range": "2014-2018"}}, {"type": "Feature", "geometry": {"type": "Point", "coordinates": [-79.852252, 36.045045]}, "properties": {"crashes": 1, "injury": 0, "fatal": 0, "pedestrian": 0, "bicycle": 0, "density": 0.2, "year_range": "2014-2018"}}, {"type": "Feature", "geometry": {"type": "Point", "coordinates": [-79.805405, 36.07027]}, "properties": {"crashes": 1, "injury": 0, "fatal": 0, "pedestrian": 0, "bicycle": 0, "density": 0.2, "year_range": "2014-2018"}}, {"type": "Feature", "geometry": {"type": "Point", "coordinates": [-79.807207, 36.052252]}, "properties": {"crashes": 6, "injury": 3, "fatal": 0, "pedestrian": 0, "bicycle": 0, "density": 1.5, "year_range": "2014-2018"}}, {"type": "Feature", "geometry": {"type": "Point", "coordinates": [-79.845045, 36.077477]}, "properties": {"crashes": 1, "injury": 0, "fatal": 0, "pedestrian": 0, "bicycle": 0, "density": 0.2, "year_range": "2014-2018"}}, {"type": "Feature", "geometry": {"type": "Point", "coordinates": [-79.828829, 36.016216]}, "properties": {"crashes": 1, "injury": 0, "fatal": 0, "pedestrian": 0, "bicycle": 0, "density": 0.2, "year_range": "2014-2018"}}, {"type": "Feature", "geometry": {"type": "Point", "coordinates": [-79.81982, 36.059459]}, "properties": {"crashes": 1, "injury": 0, "fatal": 0, "pedestrian": 0, "bicycle": 0, "density": 0.2, "year_range": "2014-2018"}}, {"type": "Feature", "geometry": {"type": "Point", "coordinates": [-79.787387, 36.010811]}, "properties": {"crashes": 1, "injury": 1, "fatal": 0, "pedestrian": 0, "bicycle": 0, "density": 0.2, "year_range": "2014-2018"}}, {"type": "Feature", "geometry": {"type": "Point", "coordinates": [-79.827027, 36.048649]}, "properties": {"crashes": 1, "injury": 1, "fatal": 0, "pedestrian": 0, "bicycle": 0, "density": 0.2, "year_range": "2014-2018"}}, {"type": "Feature", "geometry": {"type": "Point", "coordinates": [-79.830631, 36.079279]}, "properties": {"crashes": 1, "injury": 0, "fatal": 0, "pedestrian": 0, "bicycle": 0, "density": 0.2, "year_range": "2014-2018"}}, {"type": "Feature", "geometry": {"type": "Point", "coordinates": [-79.981982, 36.106306]}, "properties": {"crashes": 1, "injury": 1, "fatal": 0, "pedestrian": 0, "bicycle": 0, "density": 0.2, "year_range": "2014-2018"}}, {"type": "Feature", "geometry": {"type": "Point", "coordinates": [-79.906306, 36.106306]}, "properties": {"crashes": 1, "injury": 1, "fatal": 0, "pedestrian": 0, "bicycle": 0, "density": 0.2, "year_range": "2014-2018"}}, {"type": "Feature", "geometry": {"type": "Point", "coordinates": [-79.818018, 36.075676]}, "properties": {"crashes": 2, "injury": 1, "fatal": 0, "pedestrian": 0, "bicycle": 0, "density": 0.5, "year_range": "2014-2018"}}, {"type": "Feature", "geometry": {"type": "Point", "coordinates": [-79.661261, 36.061261]}, "properties": {"crashes": 1, "injury": 0, "fatal": 0, "pedestrian": 0, "bicycle": 0, "density": 0.2, "year_range": "2014-2018"}}, {"type": "Feature", "geometry": {"type": "Point", "coordinates": [-79.756757, 36.145946]}, "properties": {"crashes": 2, "injury": 1, "fatal": 0, "pedestrian": 0, "bicycle": 0, "density": 0.5, "year_range": "2014-2018"}}, {"type": "Feature", "geometry": {"type": "Point", "coordinates": [-79.846847, 36.133333]}, "properties": {"crashes": 2, "injury": 1, "fatal": 0, "pedestrian": 0, "bicycle": 0, "density": 0.5, "year_range": "2014-2018"}}, {"type": "Feature", "geometry": {"type": "Point", "coordinates": [-79.818018, 36.014414]}, "properties": {"crashes": 1, "injury": 0, "fatal": 0, "pedestrian": 0, "bicycle": 0, "density": 0.2, "year_range": "2014-2018"}}, {"type": "Feature", "geometry": {"type": "Point", "coordinates": [-79.805405, 36.037838]}, "properties": {"crashes": 1, "injury": 0, "fatal": 0, "pedestrian": 0, "bicycle": 0, "density": 0.2, "year_range": "2014-2018"}}, {"type": "Feature", "geometry": {"type": "Point", "coordinates": [-79.776577, 36.126126]}, "properties": {"crashes": 1, "injury": 1, "fatal": 0, "pedestrian": 0, "bicycle": 0, "density": 0.2, "year_range": "2014-2018"}}, {"type": "Feature", "geometry": {"type": "Point", "coordinates": [-79.794595, 36.046847]}, "properties": {"crashes": 2, "injury": 1, "fatal": 0, "pedestrian": 0, "bicycle": 0, "density": 0.5, "year_range": "2014-2018"}}, {"type": "Feature", "geometry": {"type": "Point", "coordinates": [-79.837838, 36.057658]}, "properties": {"crashes": 1, "injury": 0, "fatal": 0, "pedestrian": 0, "bicycle": 0, "density": 0.2, "year_range": "2014-2018"}}, {"type": "Feature", "geometry": {"type": "Point", "coordinates": [-79.89009, 36.073874]}, "properties": {"crashes": 1, "injury": 0, "fatal": 0, "pedestrian": 0, "bicycle": 0, "density": 0.2, "year_range": "2014-2018"}}, {"type": "Feature", "geometry": {"type": "Point", "coordinates": [-79.875676, 36.077477]}, "properties": {"crashes": 1, "injury": 0, "fatal": 0, "pedestrian": 0, "bicycle": 0, "density": 0.2, "year_range": "2014-2018"}}, {"type": "Feature", "geometry": {"type": "Point", "coordinates": [-79.801802, 36.097297]}, "properties": {"crashes": 2, "injury": 0, "fatal": 0, "pedestrian": 0, "bicycle": 0, "density": 0.5, "year_range": "2014-2018"}}, {"type": "Feature", "geometry": {"type": "Point", "coordinates": [-79.778378, 36.086486]}, "properties": {"crashes": 1, "injury": 1, "fatal": 0, "pedestrian": 0, "bicycle": 0, "density": 0.2, "year_range": "2014-2018"}}, {"type": "Feature", "geometry": {"type": "Point", "coordinates": [-79.861261, 36.118919]}, "properties": {"crashes": 1, "injury": 0, "fatal": 0, "pedestrian": 0, "bicycle": 0, "density": 0.2, "year_range": "2014-2018"}}, {"type": "Feature", "geometry": {"type": "Point", "coordinates": [-79.726126, 36.178378]}, "properties": {"crashes": 1, "injury": 0, "fatal": 0, "pedestrian": 0, "bicycle": 0, "density": 0.2, "year_range": "2014-2018"}}, {"type": "Feature", "geometry": {"type": "Point", "coordinates": [-79.834234, 36.018018]}, "properties": {"crashes": 1, "injury": 0, "fatal": 0, "pedestrian": 0, "bicycle": 0, "density": 0.2, "year_range": "2014-2018"}}, {"type": "Feature", "geometry": {"type": "Point", "coordinates": [-79.848649, 36.07027]}, "properties": {"crashes": 1, "injury": 1, "fatal": 0, "pedestrian": 0, "bicycle": 0, "density": 0.2, "year_range": "2014-2018"}}, {"type": "Feature", "geometry": {"type": "Point", "coordinates": [-79.902703, 36.068468]}, "properties": {"crashes": 3, "injury": 1, "fatal": 0, "pedestrian": 0, "bicycle": 0, "density": 0.8, "year_range": "2014-2018"}}, {"type": "Feature", "geometry": {"type": "Point", "coordinates": [-79.845045, 36.055856]}, "properties": {"crashes": 2, "injury": 0, "fatal": 0, "pedestrian": 0, "bicycle": 0, "density": 0.5, "year_range": "2014-2018"}}, {"type": "Feature", "geometry": {"type": "Point", "coordinates": [-79.917117, 36.064865]}, "properties": {"crashes": 3, "injury": 0, "fatal": 0, "pedestrian": 0, "bicycle": 0, "density": 0.8, "year_range": "2014-2018"}}, {"type": "Feature", "geometry": {"type": "Point", "coordinates": [-79.812613, 36.064865]}, "properties": {"crashes": 2, "injury": 1, "fatal": 0, "pedestrian": 0, "bicycle": 0, "density": 0.5, "year_range": "2014-2018"}}, {"type": "Feature", "geometry": {"type": "Point", "coordinates": [-79.888288, 36.052252]}, "properties": {"crashes": 1, "injury": 1, "fatal": 0, "pedestrian": 0, "bicycle": 0, "density": 0.2, "year_range": "2014-2018"}}, {"type": "Feature", "geometry": {"type": "Point", "coordinates": [-79.790991, 36.102703]}, "properties": {"crashes": 1, "injury": 0, "fatal": 0, "pedestrian": 0, "bicycle": 0, "density": 0.2, "year_range": "2014-2018"}}, {"type": "Feature", "geometry": {"type": "Point", "coordinates": [-79.920721, 36.059459]}, "properties": {"crashes": 1, "injury": 1, "fatal": 0, "pedestrian": 0, "bicycle": 0, "density": 0.2, "year_range": "2014-2018"}}, {"type": "Feature", "geometry": {"type": "Point", "coordinates": [-79.787387, 36.066667]}, "properties": {"crashes": 4, "injury": 1, "fatal": 0, "pedestrian": 0, "bicycle": 0, "density": 1.0, "year_range": "2014-2018"}}, {"type": "Feature", "geometry": {"type": "Point", "coordinates": [-79.868468, 36.117117]}, "properties": {"crashes": 2, "injury": 0, "fatal": 0, "pedestrian": 0, "bicycle": 0, "density": 0.5, "year_range": "2014-2018"}}, {"type": "Feature", "geometry": {"type": "Point", "coordinates": [-79.863063, 36.126126]}, "properties": {"crashes": 5, "injury": 1, "fatal": 0, "pedestrian": 0, "bicycle": 0, "density": 1.2, "year_range": "2014-2018"}}, {"type": "Feature", "geometry": {"type": "Point", "coordinates": [-79.796396, 36.122523]}, "properties": {"crashes": 4, "injury": 2, "fatal": 0, "pedestrian": 0, "bicycle": 0, "density": 1.0, "year_range": "2014-2018"}}, {"type": "Feature", "geometry": {"type": "Point", "coordinates": [-79.781982, 36.077477]}, "properties": {"crashes": 1, "injury": 1, "fatal": 0, "pedestrian": 0, "bicycle": 0, "density": 0.2, "year_range": "2014-2018"}}, {"type": "Feature", "geometry": {"type": "Point", "coordinates": [-79.893694, 36.124324]}, "properties": {"crashes": 3, "injury": 2, "fatal": 0, "pedestrian": 0, "bicycle": 0, "density": 0.8, "year_range": "2014-2018"}}, {"type": "Feature", "geometry": {"type": "Point", "coordinates": [-79.832432, 36.037838]}, "properties": {"crashes": 1, "injury": 1, "fatal": 0, "pedestrian": 0, "bicycle": 0, "density": 0.2, "year_range": "2014-2018"}}, {"type": "Feature", "geometry": {"type": "Point", "coordinates": [-79.902703, 36.030631]}, "properties": {"crashes": 1, "injury": 0, "fatal": 0, "pedestrian": 0, "bicycle": 0, "density": 0.2, "year_range": "2014-2018"}}, {"type": "Feature", "geometry": {"type": "Point", "coordinates": [-79.74955, 36.122523]}, "properties": {"crashes": 4, "injury": 0, "fatal": 0, "pedestrian": 0, "bicycle": 0, "density": 1.0, "year_range": "2014-2018"}}, {"type": "Feature", "geometry": {"type": "Point", "coordinates": [-79.783784, 36.057658]}, "properties": {"crashes": 2, "injury": 1, "fatal": 0, "pedestrian": 0, "bicycle": 0, "density": 0.5, "year_range": "2014-2018"}}, {"type": "Feature", "geometry": {"type": "Point", "coordinates": [-79.832432, 36.138739]}, "properties": {"crashes": 6, "injury": 3, "fatal": 0, "pedestrian": 0, "bicycle": 0, "density": 1.5, "year_range": "2014-2018"}}, {"type": "Feature", "geometry": {"type": "Point", "coordinates": [-79.758559, 36.140541]}, "properties": {"crashes": 2, "injury": 0, "fatal": 0, "pedestrian": 0, "bicycle": 0, "density": 0.5, "year_range": "2014-2018"}}, {"type": "Feature", "geometry": {"type": "Point", "coordinates": [-79.953153, 36.066667]}, "properties": {"crashes": 3, "injury": 1, "fatal": 0, "pedestrian": 0, "bicycle": 0, "density": 0.8, "year_range": "2014-2018"}}, {"type": "Feature", "geometry": {"type": "Point", "coordinates": [-79.818018, 36.03964]}, "properties": {"crashes": 2, "injury": 0, "fatal": 0, "pedestrian": 0, "bicycle": 0, "density": 0.5, "year_range": "2014-2018"}}, {"type": "Feature", "geometry": {"type": "Point", "coordinates": [-79.778378, 36.156757]}, "properties": {"crashes": 1, "injury": 0, "fatal": 0, "pedestrian": 0, "bicycle": 0, "density": 0.2, "year_range": "2014-2018"}}, {"type": "Feature", "geometry": {"type": "Point", "coordinates": [-79.774775, 36.140541]}, "properties": {"crashes": 1, "injury": 1, "fatal": 0, "pedestrian": 0, "bicycle": 0, "density": 0.2, "year_range": "2014-2018"}}, {"type": "Feature", "geometry": {"type": "Point", "coordinates": [-79.756757, 36.054054]}, "properties": {"crashes": 2, "injury": 2, "fatal": 0, "pedestrian": 0, "bicycle": 0, "density": 0.5, "year_range": "2014-2018"}}, {"type": "Feature", "geometry": {"type": "Point", "coordinates": [-79.756757, 36.064865]}, "properties": {"crashes": 1, "injury": 0, "fatal": 0, "pedestrian": 0, "bicycle": 0, "density": 0.2, "year_range": "2014-2018"}}, {"type": "Feature", "geometry": {"type": "Point", "coordinates": [-79.81982, 36.100901]}, "properties": {"crashes": 3, "injury": 1, "fatal": 0, "pedestrian": 0, "bicycle": 0, "density": 0.8, "year_range": "2014-2018"}}, {"type": "Feature", "geometry": {"type": "Point", "coordinates": [-79.841441, 36.120721]}, "properties": {"crashes": 5, "injury": 2, "fatal": 0, "pedestrian": 0, "bicycle": 0, "density": 1.2, "year_range": "2014-2018"}}, {"type": "Feature", "geometry": {"type": "Point", "coordinates": [-79.823423, 36.052252]}, "properties": {"crashes": 5, "injury": 1, "fatal": 0, "pedestrian": 0, "bicycle": 0, "density": 1.2, "year_range": "2014-2018"}}, {"type": "Feature", "geometry": {"type": "Point", "coordinates": [-79.836036, 36.100901]}, "properties": {"crashes": 1, "injury": 0, "fatal": 0, "pedestrian": 0, "bicycle": 0, "density": 0.2, "year_range": "2014-2018"}}, {"type": "Feature", "geometry": {"type": "Point", "coordinates": [-79.963964, 36.088288]}, "properties": {"crashes": 2, "injury": 0, "fatal": 0, "pedestrian": 0, "bicycle": 0, "density": 0.5, "year_range": "2014-2018"}}, {"type": "Feature", "geometry": {"type": "Point", "coordinates": [-79.872072, 36.095495]}, "properties": {"crashes": 2, "injury": 1, "fatal": 0, "pedestrian": 0, "bicycle": 0, "density": 0.5, "year_range": "2014-2018"}}, {"type": "Feature", "geometry": {"type": "Point", "coordinates": [-79.78018, 36.052252]}, "properties": {"crashes": 2, "injury": 1, "fatal": 0, "pedestrian": 0, "bicycle": 0, "density": 0.5, "year_range": "2014-2018"}}, {"type": "Feature", "geometry": {"type": "Point", "coordinates": [-79.790991, 36.066667]}, "properties": {"crashes": 5, "injury": 1, "fatal": 0, "pedestrian": 0, "bicycle": 0, "density": 1.2, "year_range": "2014-2018"}}, {"type": "Feature", "geometry": {"type": "Point", "coordinates": [-79.863063, 36.144144]}, "properties": {"crashes": 1, "injury": 0, "fatal": 0, "pedestrian": 0, "bicycle": 0, "density": 0.2, "year_range": "2014-2018"}}, {"type": "Feature", "geometry": {"type": "Point", "coordinates": [-79.810811, 36.057658]}, "properties": {"crashes": 1, "injury": 0, "fatal": 0, "pedestrian": 0, "bicycle": 0, "density": 0.2, "year_range": "2014-2018"}}, {"type": "Feature", "geometry": {"type": "Point", "coordinates": [-79.861261, 36.063063]}, "properties": {"crashes": 4, "injury": 0, "fatal": 0, "pedestrian": 0, "bicycle": 0, "density": 1.0, "year_range": "2014-2018"}}, {"type": "Feature", "geometry": {"type": "Point", "coordinates": [-79.787387, 36.068468]}, "properties": {"crashes": 2, "injury": 0, "fatal": 0, "pedestrian": 0, "bicycle": 0, "density": 0.5, "year_range": "2014-2018"}}, {"type": "Feature", "geometry": {"type": "Point", "coordinates": [-79.933333, 36.127928]}, "properties": {"crashes": 3, "injury": 0, "fatal": 0, "pedestrian": 0, "bicycle": 0, "density": 0.8, "year_range": "2014-2018"}}, {"type": "Feature", "geometry": {"type": "Point", "coordinates": [-79.776577, 36.135135]}, "properties": {"crashes": 3, "injury": 1, "fatal": 0, "pedestrian": 0, "bicycle": 0, "density": 0.8, "year_range": "2014-2018"}}, {"type": "Feature", "geometry": {"type": "Point", "coordinates": [-79.796396, 36.09009]}, "properties": {"crashes": 1, "injury": 0, "fatal": 0, "pedestrian": 0, "bicycle": 0, "density": 0.2, "year_range": "2014-2018"}}, {"type": "Feature", "geometry": {"type": "Point", "coordinates": [-79.740541, 36.099099]}, "properties": {"crashes": 1, "injury": 0, "fatal": 0, "pedestrian": 0, "bicycle": 0, "density": 0.2, "year_range": "2014-2018"}}, {"type": "Feature", "geometry": {"type": "Point", "coordinates": [-79.787387, 36.075676]}, "properties": {"crashes": 1, "injury": 0, "fatal": 0, "pedestrian": 0, "bicycle": 0, "density": 0.2, "year_range": "2014-2018"}}, {"type": "Feature", "geometry": {"type": "Point", "coordinates": [-79.781982, 36.037838]}, "properties": {"crashes": 2, "injury": 1, "fatal": 0, "pedestrian": 0, "bicycle": 0, "density": 0.5, "year_range": "2014-2018"}}, {"type": "Feature", "geometry": {"type": "Point", "coordinates": [-79.801802, 36.086486]}, "properties": {"crashes": 2, "injury": 1, "fatal": 0, "pedestrian": 0, "bicycle": 0, "density": 0.5, "year_range": "2014-2018"}}, {"type": "Feature", "geometry": {"type": "Point", "coordinates": [-79.756757, 36.136937]}, "properties": {"crashes": 1, "injury": 0, "fatal": 0, "pedestrian": 0, "bicycle": 0, "density": 0.2, "year_range": "2014-2018"}}, {"type": "Feature", "geometry": {"type": "Point", "coordinates": [-79.958559, 36.126126]}, "properties": {"crashes": 2, "injury": 0, "fatal": 0, "pedestrian": 0, "bicycle": 0, "density": 0.5, "year_range": "2014-2018"}}, {"type": "Feature", "geometry": {"type": "Point", "coordinates": [-79.845045, 36.088288]}, "properties": {"crashes": 9, "injury": 2, "fatal": 0, "pedestrian": 0, "bicycle": 0, "density": 2.2, "year_range": "2014-2018"}}, {"type": "Feature", "geometry": {"type": "Point", "coordinates": [-79.98018, 36.086486]}, "properties": {"crashes": 2, "injury": 0, "fatal": 0, "pedestrian": 0, "bicycle": 0, "density": 0.5, "year_range": "2014-2018"}}, {"type": "Feature", "geometry": {"type": "Point", "coordinates": [-79.812613, 36.153153]}, "properties": {"crashes": 1, "injury": 1, "fatal": 0, "pedestrian": 0, "bicycle": 0, "density": 0.2, "year_range": "2014-2018"}}, {"type": "Feature", "geometry": {"type": "Point", "coordinates": [-79.830631, 36.117117]}, "properties": {"crashes": 1, "injury": 0, "fatal": 0, "pedestrian": 0, "bicycle": 0, "density": 0.2, "year_range": "2014-2018"}}, {"type": "Feature", "geometry": {"type": "Point", "coordinates": [-79.868468, 36.115315]}, "properties": {"crashes": 1, "injury": 1, "fatal": 0, "pedestrian": 0, "bicycle": 0, "density": 0.2, "year_range": "2014-2018"}}, {"type": "Feature", "geometry": {"type": "Point", "coordinates": [-79.810811, 36.147748]}, "properties": {"crashes": 1, "injury": 0, "fatal": 0, "pedestrian": 0, "bicycle": 0, "density": 0.2, "year_range": "2014-2018"}}, {"type": "Feature", "geometry": {"type": "Point", "coordinates": [-79.895495, 36.05045]}, "properties": {"crashes": 2, "injury": 0, "fatal": 0, "pedestrian": 0, "bicycle": 0, "density": 0.5, "year_range": "2014-2018"}}, {"type": "Feature", "geometry": {"type": "Point", "coordinates": [-79.78018, 36.041441]}, "properties": {"crashes": 2, "injury": 0, "fatal": 0, "pedestrian": 0, "bicycle": 0, "density": 0.5, "year_range": "2014-2018"}}, {"type": "Feature", "geometry": {"type": "Point", "coordinates": [-79.855856, 36.027027]}, "properties": {"crashes": 1, "injury": 0, "fatal": 0, "pedestrian": 0, "bicycle": 0, "density": 0.2, "year_range": "2014-2018"}}, {"type": "Feature", "geometry": {"type": "Point", "coordinates": [-79.827027, 36.021622]}, "properties": {"crashes": 4, "injury": 3, "fatal": 0, "pedestrian": 0, "bicycle": 0, "density": 1.0, "year_range": "2014-2018"}}, {"type": "Feature", "geometry": {"type": "Point", "coordinates": [-80.012613, 36.097297]}, "properties": {"crashes": 8, "injury": 3, "fatal": 0, "pedestrian": 0, "bicycle": 0, "density": 2.0, "year_range": "2014-2018"}}, {"type": "Feature", "geometry": {"type": "Point", "coordinates": [-79.875676, 36.034234]}, "properties": {"crashes": 2, "injury": 0, "fatal": 0, "pedestrian": 0, "bicycle": 0, "density": 0.5, "year_range": "2014-2018"}}, {"type": "Feature", "geometry": {"type": "Point", "coordinates": [-79.825225, 36.138739]}, "properties": {"crashes": 1, "injury": 0, "fatal": 0, "pedestrian": 0, "bicycle": 0, "density": 0.2, "year_range": "2014-2018"}}, {"type": "Feature", "geometry": {"type": "Point", "coordinates": [-79.843243, 36.068468]}, "properties": {"crashes": 2, "injury": 0, "fatal": 0, "pedestrian": 0, "bicycle": 0, "density": 0.5, "year_range": "2014-2018"}}, {"type": "Feature", "geometry": {"type": "Point", "coordinates": [-79.922523, 36.072072]}, "properties": {"crashes": 1, "injury": 1, "fatal": 0, "pedestrian": 0, "bicycle": 0, "density": 0.2, "year_range": "2014-2018"}}, {"type": "Feature", "geometry": {"type": "Point", "coordinates": [-79.753153, 36.093694]}, "properties": {"crashes": 2, "injury": 1, "fatal": 0, "pedestrian": 0, "bicycle": 0, "density": 0.5, "year_range": "2014-2018"}}, {"type": "Feature", "geometry": {"type": "Point", "coordinates": [-79.902703, 36.052252]}, "properties": {"crashes": 1, "injury": 0, "fatal": 0, "pedestrian": 0, "bicycle": 0, "density": 0.2, "year_range": "2014-2018"}}, {"type": "Feature", "geometry": {"type": "Point", "coordinates": [-79.828829, 36.009009]}, "properties": {"crashes": 1, "injury": 1, "fatal": 0, "pedestrian": 0, "bicycle": 0, "density": 0.2, "year_range": "2014-2018"}}, {"type": "Feature", "geometry": {"type": "Point", "coordinates": [-79.70991, 36.162162]}, "properties": {"crashes": 1, "injury": 1, "fatal": 0, "pedestrian": 0, "bicycle": 0, "density": 0.2, "year_range": "2014-2018"}}, {"type": "Feature", "geometry": {"type": "Point", "coordinates": [-79.763964, 36.037838]}, "properties": {"crashes": 1, "injury": 0, "fatal": 0, "pedestrian": 0, "bicycle": 0, "density": 0.2, "year_range": "2014-2018"}}, {"type": "Feature", "geometry": {"type": "Point", "coordinates": [-79.753153, 36.063063]}, "properties": {"crashes": 1, "injury": 0, "fatal": 0, "pedestrian": 0, "bicycle": 0, "density": 0.2, "year_range": "2014-2018"}}, {"type": "Feature", "geometry": {"type": "Point", "coordinates": [-79.78018, 36.066667]}, "properties": {"crashes": 1, "injury": 0, "fatal": 0, "pedestrian": 0, "bicycle": 0, "density": 0.2, "year_range": "2014-2018"}}, {"type": "Feature", "geometry": {"type": "Point", "coordinates": [-79.855856, 36.142342]}, "properties": {"crashes": 2, "injury": 0, "fatal": 0, "pedestrian": 0, "bicycle": 0, "density": 0.5, "year_range": "2014-2018"}}, {"type": "Feature", "geometry": {"type": "Point", "coordinates": [-79.962162, 36.079279]}, "properties": {"crashes": 1, "injury": 1, "fatal": 0, "pedestrian": 0, "bicycle": 0, "density": 0.2, "year_range": "2014-2018"}}, {"type": "Feature", "geometry": {"type": "Point", "coordinates": [-79.832432, 36.068468]}, "properties": {"crashes": 2, "injury": 1, "fatal": 0, "pedestrian": 0, "bicycle": 0, "density": 0.5, "year_range": "2014-2018"}}, {"type": "Feature", "geometry": {"type": "Point", "coordinates": [-79.776577, 36.097297]}, "properties": {"crashes": 2, "injury": 1, "fatal": 0, "pedestrian": 0, "bicycle": 0, "density": 0.5, "year_range": "2014-2018"}}, {"type": "Feature", "geometry": {"type": "Point", "coordinates": [-79.781982, 36.021622]}, "properties": {"crashes": 1, "injury": 0, "fatal": 0, "pedestrian": 0, "bicycle": 0, "density": 0.2, "year_range": "2014-2018"}}, {"type": "Feature", "geometry": {"type": "Point", "coordinates": [-79.854054, 36.136937]}, "properties": {"crashes": 1, "injury": 0, "fatal": 0, "pedestrian": 0, "bicycle": 0, "density": 0.2, "year_range": "2014-2018"}}, {"type": "Feature", "geometry": {"type": "Point", "coordinates": [-79.931532, 36.093694]}, "properties": {"crashes": 3, "injury": 0, "fatal": 0, "pedestrian": 0, "bicycle": 0, "density": 0.8, "year_range": "2014-2018"}}, {"type": "Feature", "geometry": {"type": "Point", "coordinates": [-79.76036, 36.063063]}, "properties": {"crashes": 1, "injury": 1, "fatal": 0, "pedestrian": 0, "bicycle": 0, "density": 0.2, "year_range": "2014-2018"}}, {"type": "Feature", "geometry": {"type": "Point", "coordinates": [-79.836036, 36.023423]}, "properties": {"crashes": 1, "injury": 1, "fatal": 0, "pedestrian": 0, "bicycle": 0, "density": 0.2, "year_range": "2014-2018"}}, {"type": "Feature", "geometry": {"type": "Point", "coordinates": [-79.888288, 36.063063]}, "properties": {"crashes": 1, "injury": 0, "fatal": 0, "pedestrian": 0, "bicycle": 0, "density": 0.2, "year_range": "2014-2018"}}, {"type": "Feature", "geometry": {"type": "Point", "coordinates": [-79.753153, 36.084685]}, "properties": {"crashes": 2, "injury": 0, "fatal": 0, "pedestrian": 0, "bicycle": 0, "density": 0.5, "year_range": "2014-2018"}}, {"type": "Feature", "geometry": {"type": "Point", "coordinates": [-79.745946, 36.145946]}, "properties": {"crashes": 1, "injury": 1, "fatal": 0, "pedestrian": 0, "bicycle": 0, "density": 0.2, "year_range": "2014-2018"}}, {"type": "Feature", "geometry": {"type": "Point", "coordinates": [-79.83964, 36.09009]}, "properties": {"crashes": 2, "injury": 0, "fatal": 0, "pedestrian": 0, "bicycle": 0, "density": 0.5, "year_range": "2014-2018"}}, {"type": "Feature", "geometry": {"type": "Point", "coordinates": [-79.789189, 36.131532]}, "properties": {"crashes": 2, "injury": 1, "fatal": 0, "pedestrian": 0, "bicycle": 0, "density": 0.5, "year_range": "2014-2018"}}, {"type": "Feature", "geometry": {"type": "Point", "coordinates": [-79.772973, 36.057658]}, "properties": {"crashes": 1, "injury": 0, "fatal": 0, "pedestrian": 0, "bicycle": 0, "density": 0.2, "year_range": "2014-2018"}}, {"type": "Feature", "geometry": {"type": "Point", "coordinates": [-79.891892, 36.100901]}, "properties": {"crashes": 3, "injury": 0, "fatal": 0, "pedestrian": 0, "bicycle": 0, "density": 0.8, "year_range": "2014-2018"}}, {"type": "Feature", "geometry": {"type": "Point", "coordinates": [-79.789189, 36.057658]}, "properties": {"crashes": 1, "injury": 0, "fatal": 0, "pedestrian": 0, "bicycle": 0, "density": 0.2, "year_range": "2014-2018"}}, {"type": "Feature", "geometry": {"type": "Point", "coordinates": [-79.753153, 36.131532]}, "properties": {"crashes": 1, "injury": 1, "fatal": 0, "pedestrian": 0, "bicycle": 0, "density": 0.2, "year_range": "2014-2018"}}, {"type": "Feature", "geometry": {"type": "Point", "coordinates": [-79.891892, 36.077477]}, "properties": {"crashes": 1, "injury": 0, "fatal": 0, "pedestrian": 0, "bicycle": 0, "density": 0.2, "year_range": "2014-2018"}}, {"type": "Feature", "geometry": {"type": "Point", "coordinates": [-79.783784, 36.084685]}, "properties": {"crashes": 1, "injury": 0, "fatal": 0, "pedestrian": 0, "bicycle": 0, "density": 0.2, "year_range": "2014-2018"}}, {"type": "Feature", "geometry": {"type": "Point", "coordinates": [-79.843243, 36.045045]}, "properties": {"crashes": 3, "injury": 0, "fatal": 0, "pedestrian": 0, "bicycle": 0, "density": 0.8, "year_range": "2014-2018"}}, {"type": "Feature", "geometry": {"type": "Point", "coordinates": [-79.841441, 36.048649]}, "properties": {"crashes": 5, "injury": 2, "fatal": 0, "pedestrian": 0, "bicycle": 0, "density": 1.2, "year_range": "2014-2018"}}, {"type": "Feature", "geometry": {"type": "Point", "coordinates": [-79.809009, 36.03964]}, "properties": {"crashes": 2, "injury": 0, "fatal": 0, "pedestrian": 0, "bicycle": 0, "density": 0.5, "year_range": "2014-2018"}}, {"type": "Feature", "geometry": {"type": "Point", "coordinates": [-79.92973, 36.095495]}, "properties": {"crashes": 1, "injury": 0, "fatal": 0, "pedestrian": 0, "bicycle": 0, "density": 0.2, "year_range": "2014-2018"}}, {"type": "Feature", "geometry": {"type": "Point", "coordinates": [-79.879279, 36.124324]}, "properties": {"crashes": 1, "injury": 1, "fatal": 0, "pedestrian": 0, "bicycle": 0, "density": 0.2, "year_range": "2014-2018"}}, {"type": "Feature", "geometry": {"type": "Point", "coordinates": [-79.736937, 36.158559]}, "properties": {"crashes": 2, "injury": 0, "fatal": 0, "pedestrian": 0, "bicycle": 0, "density": 0.5, "year_range": "2014-2018"}}, {"type": "Feature", "geometry": {"type": "Point", "coordinates": [-79.821622, 36.03964]}, "properties": {"crashes": 1, "injury": 0, "fatal": 0, "pedestrian": 0, "bicycle": 0, "density": 0.2, "year_range": "2014-2018"}}, {"type": "Feature", "geometry": {"type": "Point", "coordinates": [-79.781982, 36.057658]}, "properties": {"crashes": 3, "injury": 2, "fatal": 0, "pedestrian": 0, "bicycle": 0, "density": 0.8, "year_range": "2014-2018"}}, {"type": "Feature", "geometry": {"type": "Point", "coordinates": [-79.848649, 36.066667]}, "properties": {"crashes": 2, "injury": 1, "fatal": 0, "pedestrian": 0, "bicycle": 0, "density": 0.5, "year_range": "2014-2018"}}, {"type": "Feature", "geometry": {"type": "Point", "coordinates": [-79.745946, 36.086486]}, "properties": {"crashes": 2, "injury": 0, "fatal": 0, "pedestrian": 0, "bicycle": 0, "density": 0.5, "year_range": "2014-2018"}}, {"type": "Feature", "geometry": {"type": "Point", "coordinates": [-79.832432, 36.046847]}, "properties": {"crashes": 1, "injury": 1, "fatal": 0, "pedestrian": 0, "bicycle": 0, "density": 0.2, "year_range": "2014-2018"}}, {"type": "Feature", "geometry": {"type": "Point", "coordinates": [-79.848649, 36.018018]}, "properties": {"crashes": 1, "injury": 0, "fatal": 0, "pedestrian": 0, "bicycle": 0, "density": 0.2, "year_range": "2014-2018"}}, {"type": "Feature", "geometry": {"type": "Point", "coordinates": [-79.828829, 36.088288]}, "properties": {"crashes": 1, "injury": 0, "fatal": 0, "pedestrian": 0, "bicycle": 0, "density": 0.2, "year_range": "2014-2018"}}, {"type": "Feature", "geometry": {"type": "Point", "coordinates": [-79.801802, 36.09009]}, "properties": {"crashes": 1, "injury": 0, "fatal": 0, "pedestrian": 0, "bicycle": 0, "density": 0.2, "year_range": "2014-2018"}}, {"type": "Feature", "geometry": {"type": "Point", "coordinates": [-79.891892, 36.118919]}, "properties": {"crashes": 1, "injury": 0, "fatal": 0, "pedestrian": 0, "bicycle": 0, "density": 0.2, "year_range": "2014-2018"}}, {"type": "Feature", "geometry": {"type": "Point", "coordinates": [-79.790991, 36.068468]}, "properties": {"crashes": 6, "injury": 1, "fatal": 0, "pedestrian": 0, "bicycle": 0, "density": 1.5, "year_range": "2014-2018"}}, {"type": "Feature", "geometry": {"type": "Point", "coordinates": [-79.711712, 36.153153]}, "properties": {"crashes": 1, "injury": 0, "fatal": 0, "pedestrian": 0, "bicycle": 0, "density": 0.2, "year_range": "2014-2018"}}, {"type": "Feature", "geometry": {"type": "Point", "coordinates": [-79.765766, 36.135135]}, "properties": {"crashes": 1, "injury": 0, "fatal": 0, "pedestrian": 0, "bicycle": 0, "density": 0.2, "year_range": "2014-2018"}}, {"type": "Feature", "geometry": {"type": "Point", "coordinates": [-79.843243, 36.126126]}, "properties": {"crashes": 1, "injury": 0, "fatal": 0, "pedestrian": 0, "bicycle": 0, "density": 0.2, "year_range": "2014-2018"}}, {"type": "Feature", "geometry": {"type": "Point", "coordinates": [-79.763964, 36.10991]}, "properties": {"crashes": 1, "injury": 1, "fatal": 0, "pedestrian": 0, "bicycle": 0, "density": 0.2, "year_range": "2014-2018"}}, {"type": "Feature", "geometry": {"type": "Point", "coordinates": [-79.821622, 36.021622]}, "properties": {"crashes": 1, "injury": 0, "fatal": 0, "pedestrian": 0, "bicycle": 0, "density": 0.2, "year_range": "2014-2018"}}, {"type": "Feature", "geometry": {"type": "Point", "coordinates": [-79.884685, 36.054054]}, "properties": {"crashes": 2, "injury": 0, "fatal": 0, "pedestrian": 0, "bicycle": 0, "density": 0.5, "year_range": "2014-2018"}}, {"type": "Feature", "geometry": {"type": "Point", "coordinates": [-79.845045, 36.118919]}, "properties": {"crashes": 5, "injury": 2, "fatal": 0, "pedestrian": 0, "bicycle": 0, "density": 1.2, "year_range": "2014-2018"}}, {"type": "Feature", "geometry": {"type": "Point", "coordinates": [-79.900901, 36.016216]}, "properties": {"crashes": 1, "injury": 0, "fatal": 0, "pedestrian": 0, "bicycle": 0, "density": 0.2, "year_range": "2014-2018"}}, {"type": "Feature", "geometry": {"type": "Point", "coordinates": [-79.801802, 36.054054]}, "properties": {"crashes": 2, "injury": 1, "fatal": 0, "pedestrian": 0, "bicycle": 0, "density": 0.5, "year_range": "2014-2018"}}, {"type": "Feature", "geometry": {"type": "Point", "coordinates": [-79.863063, 36.057658]}, "properties": {"crashes": 1, "injury": 0, "fatal": 0, "pedestrian": 0, "bicycle": 0, "density": 0.2, "year_range": "2014-2018"}}, {"type": "Feature", "geometry": {"type": "Point", "coordinates": [-79.917117, 36.084685]}, "properties": {"crashes": 1, "injury": 0, "fatal": 0, "pedestrian": 0, "bicycle": 0, "density": 0.2, "year_range": "2014-2018"}}, {"type": "Feature", "geometry": {"type": "Point", "coordinates": [-79.85045, 36.036036]}, "properties": {"crashes": 4, "injury": 3, "fatal": 0, "pedestrian": 0, "bicycle": 0, "density": 1.0, "year_range": "2014-2018"}}, {"type": "Feature", "geometry": {"type": "Point", "coordinates": [-79.807207, 36.027027]}, "properties": {"crashes": 1, "injury": 0, "fatal": 0, "pedestrian": 0, "bicycle": 0, "density": 0.2, "year_range": "2014-2018"}}, {"type": "Feature", "geometry": {"type": "Point", "coordinates": [-79.751351, 36.046847]}, "properties": {"crashes": 2, "injury": 0, "fatal": 0, "pedestrian": 0, "bicycle": 0, "density": 0.5, "year_range": "2014-2018"}}, {"type": "Feature", "geometry": {"type": "Point", "coordinates": [-79.812613, 36.09009]}, "properties": {"crashes": 2, "injury": 0, "fatal": 0, "pedestrian": 0, "bicycle": 0, "density": 0.5, "year_range": "2014-2018"}}, {"type": "Feature", "geometry": {"type": "Point", "coordinates": [-79.781982, 36.091892]}, "properties": {"crashes": 2, "injury": 1, "fatal": 0, "pedestrian": 0, "bicycle": 0, "density": 0.5, "year_range": "2014-2018"}}, {"type": "Feature", "geometry": {"type": "Point", "coordinates": [-79.63964, 36.057658]}, "properties": {"crashes": 1, "injury": 1, "fatal": 0, "pedestrian": 0, "bicycle": 0, "density": 0.2, "year_range": "2014-2018"}}, {"type": "Feature", "geometry": {"type": "Point", "coordinates": [-79.76036, 36.068468]}, "properties": {"crashes": 1, "injury": 0, "fatal": 0, "pedestrian": 0, "bicycle": 0, "density": 0.2, "year_range": "2014-2018"}}, {"type": "Feature", "geometry": {"type": "Point", "coordinates": [-79.971171, 36.084685]}, "properties": {"crashes": 1, "injury": 1, "fatal": 0, "pedestrian": 0, "bicycle": 0, "density": 0.2, "year_range": "2014-2018"}}, {"type": "Feature", "geometry": {"type": "Point", "coordinates": [-79.830631, 36.081081]}, "properties": {"crashes": 2, "injury": 0, "fatal": 0, "pedestrian": 0, "bicycle": 0, "density": 0.5, "year_range": "2014-2018"}}, {"type": "Feature", "geometry": {"type": "Point", "coordinates": [-79.89009, 36.117117]}, "properties": {"crashes": 1, "injury": 1, "fatal": 0, "pedestrian": 0, "bicycle": 0, "density": 0.2, "year_range": "2014-2018"}}, {"type": "Feature", "geometry": {"type": "Point", "coordinates": [-79.809009, 36.032432]}, "properties": {"crashes": 3, "injury": 0, "fatal": 0, "pedestrian": 0, "bicycle": 0, "density": 0.8, "year_range": "2014-2018"}}, {"type": "Feature", "geometry": {"type": "Point", "coordinates": [-79.758559, 36.075676]}, "properties": {"crashes": 9, "injury": 6, "fatal": 0, "pedestrian": 0, "bicycle": 0, "density": 2.2, "year_range": "2014-2018"}}, {"type": "Feature", "geometry": {"type": "Point", "coordinates": [-79.823423, 36.054054]}, "properties": {"crashes": 4, "injury": 0, "fatal": 0, "pedestrian": 0, "bicycle": 0, "density": 1.0, "year_range": "2014-2018"}}, {"type": "Feature", "geometry": {"type": "Point", "coordinates": [-79.81982, 36.037838]}, "properties": {"crashes": 3, "injury": 1, "fatal": 0, "pedestrian": 0, "bicycle": 0, "density": 0.8, "year_range": "2014-2018"}}, {"type": "Feature", "geometry": {"type": "Point", "coordinates": [-79.727928, 36.027027]}, "properties": {"crashes": 1, "injury": 0, "fatal": 0, "pedestrian": 0, "bicycle": 0, "density": 0.2, "year_range": "2014-2018"}}, {"type": "Feature", "geometry": {"type": "Point", "coordinates": [-79.857658, 36.052252]}, "properties": {"crashes": 2, "injury": 0, "fatal": 0, "pedestrian": 0, "bicycle": 0, "density": 0.5, "year_range": "2014-2018"}}, {"type": "Feature", "geometry": {"type": "Point", "coordinates": [-79.8, 36.046847]}, "properties": {"crashes": 4, "injury": 0, "fatal": 0, "pedestrian": 0, "bicycle": 0, "density": 1.0, "year_range": "2014-2018"}}, {"type": "Feature", "geometry": {"type": "Point", "coordinates": [-79.763964, 36.115315]}, "properties": {"crashes": 4, "injury": 0, "fatal": 0, "pedestrian": 0, "bicycle": 0, "density": 1.0, "year_range": "2014-2018"}}, {"type": "Feature", "geometry": {"type": "Point", "coordinates": [-79.877477, 36.131532]}, "properties": {"crashes": 1, "injury": 0, "fatal": 0, "pedestrian": 0, "bicycle": 0, "density": 0.2, "year_range": "2014-2018"}}, {"type": "Feature", "geometry": {"type": "Point", "coordinates": [-79.803604, 36.073874]}, "properties": {"crashes": 5, "injury": 1, "fatal": 0, "pedestrian": 0, "bicycle": 0, "density": 1.2, "year_range": "2014-2018"}}, {"type": "Feature", "geometry": {"type": "Point", "coordinates": [-79.846847, 36.027027]}, "properties": {"crashes": 1, "injury": 0, "fatal": 0, "pedestrian": 0, "bicycle": 0, "density": 0.2, "year_range": "2014-2018"}}, {"type": "Feature", "geometry": {"type": "Point", "coordinates": [-79.758559, 36.093694]}, "properties": {"crashes": 1, "injury": 0, "fatal": 0, "pedestrian": 0, "bicycle": 0, "density": 0.2, "year_range": "2014-2018"}}, {"type": "Feature", "geometry": {"type": "Point", "coordinates": [-79.832432, 36.097297]}, "properties": {"crashes": 1, "injury": 0, "fatal": 0, "pedestrian": 0, "bicycle": 0, "density": 0.2, "year_range": "2014-2018"}}, {"type": "Feature", "geometry": {"type": "Point", "coordinates": [-79.72973, 36.088288]}, "properties": {"crashes": 1, "injury": 0, "fatal": 0, "pedestrian": 0, "bicycle": 0, "density": 0.2, "year_range": "2014-2018"}}, {"type": "Feature", "geometry": {"type": "Point", "coordinates": [-79.846847, 36.068468]}, "properties": {"crashes": 1, "injury": 0, "fatal": 0, "pedestrian": 0, "bicycle": 0, "density": 0.2, "year_range": "2014-2018"}}, {"type": "Feature", "geometry": {"type": "Point", "coordinates": [-79.745946, 36.091892]}, "properties": {"crashes": 2, "injury": 2, "fatal": 0, "pedestrian": 0, "bicycle": 0, "density": 0.5, "year_range": "2014-2018"}}, {"type": "Feature", "geometry": {"type": "Point", "coordinates": [-79.872072, 36.079279]}, "properties": {"crashes": 1, "injury": 0, "fatal": 0, "pedestrian": 0, "bicycle": 0, "density": 0.2, "year_range": "2014-2018"}}, {"type": "Feature", "geometry": {"type": "Point", "coordinates": [-79.661261, 36.057658]}, "properties": {"crashes": 1, "injury": 0, "fatal": 0, "pedestrian": 0, "bicycle": 0, "density": 0.2, "year_range": "2014-2018"}}, {"type": "Feature", "geometry": {"type": "Point", "coordinates": [-79.863063, 36.059459]}, "properties": {"crashes": 1, "injury": 1, "fatal": 0, "pedestrian": 0, "bicycle": 0, "density": 0.2, "year_range": "2014-2018"}}, {"type": "Feature", "geometry": {"type": "Point", "coordinates": [-79.805405, 36.100901]}, "properties": {"crashes": 1, "injury": 0, "fatal": 0, "pedestrian": 0, "bicycle": 0, "density": 0.2, "year_range": "2014-2018"}}, {"type": "Feature", "geometry": {"type": "Point", "coordinates": [-79.886486, 36.086486]}, "properties": {"crashes": 2, "injury": 0, "fatal": 0, "pedestrian": 0, "bicycle": 0, "density": 0.5, "year_range": "2014-2018"}}, {"type": "Feature", "geometry": {"type": "Point", "coordinates": [-79.85045, 36.068468]}, "properties": {"crashes": 1, "injury": 0, "fatal": 0, "pedestrian": 0, "bicycle": 0, "density": 0.2, "year_range": "2014-2018"}}, {"type": "Feature", "geometry": {"type": "Point", "coordinates": [-79.886486, 36.084685]}, "properties": {"crashes": 1, "injury": 1, "fatal": 0, "pedestrian": 0, "bicycle": 0, "density": 0.2, "year_range": "2014-2018"}}, {"type": "Feature", "geometry": {"type": "Point", "coordinates": [-79.792793, 36.028829]}, "properties": {"crashes": 1, "injury": 0, "fatal": 0, "pedestrian": 0, "bicycle": 0, "density": 0.2, "year_range": "2014-2018"}}, {"type": "Feature", "geometry": {"type": "Point", "coordinates": [-79.787387, 36.135135]}, "properties": {"crashes": 1, "injury": 0, "fatal": 0, "pedestrian": 0, "bicycle": 0, "density": 0.2, "year_range": "2014-2018"}}, {"type": "Feature", "geometry": {"type": "Point", "coordinates": [-79.906306, 36.01982]}, "properties": {"crashes": 1, "injury": 0, "fatal": 0, "pedestrian": 0, "bicycle": 0, "density": 0.2, "year_range": "2014-2018"}}, {"type": "Feature", "geometry": {"type": "Point", "coordinates": [-79.87027, 36.037838]}, "properties": {"crashes": 3, "injury": 1, "fatal": 0, "pedestrian": 0, "bicycle": 0, "density": 0.8, "year_range": "2014-2018"}}, {"type": "Feature", "geometry": {"type": "Point", "coordinates": [-79.792793, 36.032432]}, "properties": {"crashes": 1, "injury": 1, "fatal": 0, "pedestrian": 0, "bicycle": 0, "density": 0.2, "year_range": "2014-2018"}}, {"type": "Feature", "geometry": {"type": "Point", "coordinates": [-79.863063, 36.082883]}, "properties": {"crashes": 1, "injury": 0, "fatal": 0, "pedestrian": 0, "bicycle": 0, "density": 0.2, "year_range": "2014-2018"}}, {"type": "Feature", "geometry": {"type": "Point", "coordinates": [-79.810811, 36.045045]}, "properties": {"crashes": 1, "injury": 0, "fatal": 0, "pedestrian": 0, "bicycle": 0, "density": 0.2, "year_range": "2014-2018"}}, {"type": "Feature", "geometry": {"type": "Point", "coordinates": [-79.810811, 36.037838]}, "properties": {"crashes": 1, "injury": 0, "fatal": 0, "pedestrian": 0, "bicycle": 0, "density": 0.2, "year_range": "2014-2018"}}, {"type": "Feature", "geometry": {"type": "Point", "coordinates": [-79.790991, 36.138739]}, "properties": {"crashes": 3, "injury": 1, "fatal": 0, "pedestrian": 0, "bicycle": 0, "density": 0.8, "year_range": "2014-2018"}}, {"type": "Feature", "geometry": {"type": "Point", "coordinates": [-79.781982, 36.059459]}, "properties": {"crashes": 1, "injury": 1, "fatal": 0, "pedestrian": 0, "bicycle": 0, "density": 0.2, "year_range": "2014-2018"}}, {"type": "Feature", "geometry": {"type": "Point", "coordinates": [-79.724324, 36.088288]}, "properties": {"crashes": 5, "injury": 4, "fatal": 0, "pedestrian": 0, "bicycle": 0, "density": 1.2, "year_range": "2014-2018"}}, {"type": "Feature", "geometry": {"type": "Point", "coordinates": [-79.758559, 36.126126]}, "properties": {"crashes": 4, "injury": 1, "fatal": 0, "pedestrian": 0, "bicycle": 0, "density": 1.0, "year_range": "2014-2018"}}, {"type": "Feature", "geometry": {"type": "Point", "coordinates": [-79.915315, 36.084685]}, "properties": {"crashes": 2, "injury": 1, "fatal": 0, "pedestrian": 0, "bicycle": 0, "density": 0.5, "year_range": "2014-2018"}}, {"type": "Feature", "geometry": {"type": "Point", "coordinates": [-79.868468, 36.034234]}, "properties": {"crashes": 2, "injury": 2, "fatal": 0, "pedestrian": 0, "bicycle": 0, "density": 0.5, "year_range": "2014-2018"}}, {"type": "Feature", "geometry": {"type": "Point", "coordinates": [-79.90991, 36.072072]}, "properties": {"crashes": 2, "injury": 1, "fatal": 0, "pedestrian": 0, "bicycle": 0, "density": 0.5, "year_range": "2014-2018"}}, {"type": "Feature", "geometry": {"type": "Point", "coordinates": [-79.848649, 36.072072]}, "properties": {"crashes": 2, "injury": 0, "fatal": 0, "pedestrian": 0, "bicycle": 0, "density": 0.5, "year_range": "2014-2018"}}, {"type": "Feature", "geometry": {"type": "Point", "coordinates": [-79.832432, 36.102703]}, "properties": {"crashes": 1, "injury": 0, "fatal": 0, "pedestrian": 0, "bicycle": 0, "density": 0.2, "year_range": "2014-2018"}}, {"type": "Feature", "geometry": {"type": "Point", "coordinates": [-80.0, 36.093694]}, "properties": {"crashes": 3, "injury": 0, "fatal": 0, "pedestrian": 0, "bicycle": 0, "density": 0.8, "year_range": "2014-2018"}}, {"type": "Feature", "geometry": {"type": "Point", "coordinates": [-79.763964, 36.117117]}, "properties": {"crashes": 3, "injury": 0, "fatal": 0, "pedestrian": 0, "bicycle": 0, "density": 0.8, "year_range": "2014-2018"}}, {"type": "Feature", "geometry": {"type": "Point", "coordinates": [-79.783784, 36.136937]}, "properties": {"crashes": 2, "injury": 1, "fatal": 0, "pedestrian": 0, "bicycle": 0, "density": 0.5, "year_range": "2014-2018"}}, {"type": "Feature", "geometry": {"type": "Point", "coordinates": [-79.830631, 36.054054]}, "properties": {"crashes": 1, "injury": 0, "fatal": 0, "pedestrian": 0, "bicycle": 0, "density": 0.2, "year_range": "2014-2018"}}, {"type": "Feature", "geometry": {"type": "Point", "coordinates": [-79.881081, 36.086486]}, "properties": {"crashes": 2, "injury": 1, "fatal": 0, "pedestrian": 0, "bicycle": 0, "density": 0.5, "year_range": "2014-2018"}}, {"type": "Feature", "geometry": {"type": "Point", "coordinates": [-79.875676, 36.025225]}, "properties": {"crashes": 1, "injury": 1, "fatal": 0, "pedestrian": 0, "bicycle": 0, "density": 0.2, "year_range": "2014-2018"}}, {"type": "Feature", "geometry": {"type": "Point", "coordinates": [-79.702703, 36.09009]}, "properties": {"crashes": 1, "injury": 0, "fatal": 0, "pedestrian": 0, "bicycle": 0, "density": 0.2, "year_range": "2014-2018"}}, {"type": "Feature", "geometry": {"type": "Point", "coordinates": [-79.848649, 36.077477]}, "properties": {"crashes": 1, "injury": 1, "fatal": 0, "pedestrian": 0, "bicycle": 0, "density": 0.2, "year_range": "2014-2018"}}, {"type": "Feature", "geometry": {"type": "Point", "coordinates": [-79.83964, 36.106306]}, "properties": {"crashes": 3, "injury": 1, "fatal": 0, "pedestrian": 0, "bicycle": 0, "density": 0.8, "year_range": "2014-2018"}}, {"type": "Feature", "geometry": {"type": "Point", "coordinates": [-79.98018, 36.108108]}, "properties": {"crashes": 1, "injury": 0, "fatal": 0, "pedestrian": 0, "bicycle": 0, "density": 0.2, "year_range": "2014-2018"}}, {"type": "Feature", "geometry": {"type": "Point", "coordinates": [-79.747748, 36.082883]}, "properties": {"crashes": 1, "injury": 1, "fatal": 0, "pedestrian": 0, "bicycle": 0, "density": 0.2, "year_range": "2014-2018"}}, {"type": "Feature", "geometry": {"type": "Point", "coordinates": [-79.933333, 36.072072]}, "properties": {"crashes": 3, "injury": 0, "fatal": 0, "pedestrian": 0, "bicycle": 0, "density": 0.8, "year_range": "2014-2018"}}, {"type": "Feature", "geometry": {"type": "Point", "coordinates": [-79.974775, 36.097297]}, "properties": {"crashes": 1, "injury": 0, "fatal": 0, "pedestrian": 0, "bicycle": 0, "density": 0.2, "year_range": "2014-2018"}}, {"type": "Feature", "geometry": {"type": "Point", "coordinates": [-79.792793, 35.994595]}, "properties": {"crashes": 2, "injury": 1, "fatal": 0, "pedestrian": 0, "bicycle": 0, "density": 0.5, "year_range": "2014-2018"}}, {"type": "Feature", "geometry": {"type": "Point", "coordinates": [-79.783784, 36.059459]}, "properties": {"crashes": 3, "injury": 0, "fatal": 0, "pedestrian": 0, "bicycle": 0, "density": 0.8, "year_range": "2014-2018"}}, {"type": "Feature", "geometry": {"type": "Point", "coordinates": [-79.745946, 36.099099]}, "properties": {"crashes": 1, "injury": 1, "fatal": 0, "pedestrian": 0, "bicycle": 0, "density": 0.2, "year_range": "2014-2018"}}, {"type": "Feature", "geometry": {"type": "Point", "coordinates": [-79.798198, 36.048649]}, "properties": {"crashes": 2, "injury": 1, "fatal": 0, "pedestrian": 0, "bicycle": 0, "density": 0.5, "year_range": "2014-2018"}}, {"type": "Feature", "geometry": {"type": "Point", "coordinates": [-79.794595, 36.009009]}, "properties": {"crashes": 2, "injury": 1, "fatal": 0, "pedestrian": 0, "bicycle": 0, "density": 0.5, "year_range": "2014-2018"}}, {"type": "Feature", "geometry": {"type": "Point", "coordinates": [-79.877477, 36.117117]}, "properties": {"crashes": 1, "injury": 0, "fatal": 0, "pedestrian": 0, "bicycle": 0, "density": 0.2, "year_range": "2014-2018"}}, {"type": "Feature", "geometry": {"type": "Point", "coordinates": [-79.771171, 36.084685]}, "properties": {"crashes": 6, "injury": 3, "fatal": 0, "pedestrian": 0, "bicycle": 0, "density": 1.5, "year_range": "2014-2018"}}, {"type": "Feature", "geometry": {"type": "Point", "coordinates": [-79.816216, 36.073874]}, "properties": {"crashes": 1, "injury": 1, "fatal": 0, "pedestrian": 0, "bicycle": 0, "density": 0.2, "year_range": "2014-2018"}}, {"type": "Feature", "geometry": {"type": "Point", "coordinates": [-79.83964, 36.023423]}, "properties": {"crashes": 1, "injury": 0, "fatal": 0, "pedestrian": 0, "bicycle": 0, "density": 0.2, "year_range": "2014-2018"}}, {"type": "Feature", "geometry": {"type": "Point", "coordinates": [-79.830631, 36.126126]}, "properties": {"crashes": 1, "injury": 0, "fatal": 0, "pedestrian": 0, "bicycle": 0, "density": 0.2, "year_range": "2014-2018"}}, {"type": "Feature", "geometry": {"type": "Point", "coordinates": [-79.969369, 36.095495]}, "properties": {"crashes": 1, "injury": 1, "fatal": 0, "pedestrian": 0, "bicycle": 0, "density": 0.2, "year_range": "2014-2018"}}, {"type": "Feature", "geometry": {"type": "Point", "coordinates": [-79.810811, 36.073874]}, "properties": {"crashes": 5, "injury": 1, "fatal": 0, "pedestrian": 0, "bicycle": 0, "density": 1.2, "year_range": "2014-2018"}}, {"type": "Feature", "geometry": {"type": "Point", "coordinates": [-79.783784, 36.028829]}, "properties": {"crashes": 2, "injury": 1, "fatal": 0, "pedestrian": 0, "bicycle": 0, "density": 0.5, "year_range": "2014-2018"}}, {"type": "Feature", "geometry": {"type": "Point", "coordinates": [-79.783784, 36.077477]}, "properties": {"crashes": 4, "injury": 0, "fatal": 0, "pedestrian": 0, "bicycle": 0, "density": 1.0, "year_range": "2014-2018"}}, {"type": "Feature", "geometry": {"type": "Point", "coordinates": [-79.864865, 36.055856]}, "properties": {"crashes": 1, "injury": 0, "fatal": 0, "pedestrian": 0, "bicycle": 0, "density": 0.2, "year_range": "2014-2018"}}, {"type": "Feature", "geometry": {"type": "Point", "coordinates": [-79.834234, 36.115315]}, "properties": {"crashes": 2, "injury": 1, "fatal": 0, "pedestrian": 0, "bicycle": 0, "density": 0.5, "year_range": "2014-2018"}}, {"type": "Feature", "geometry": {"type": "Point", "coordinates": [-79.922523, 36.07027]}, "properties": {"crashes": 2, "injury": 0, "fatal": 0, "pedestrian": 0, "bicycle": 0, "density": 0.5, "year_range": "2014-2018"}}, {"type": "Feature", "geometry": {"type": "Point", "coordinates": [-79.762162, 36.077477]}, "properties": {"crashes": 1, "injury": 0, "fatal": 0, "pedestrian": 0, "bicycle": 0, "density": 0.2, "year_range": "2014-2018"}}, {"type": "Feature", "geometry": {"type": "Point", "coordinates": [-79.745946, 36.068468]}, "properties": {"crashes": 2, "injury": 0, "fatal": 0, "pedestrian": 0, "bicycle": 0, "density": 0.5, "year_range": "2014-2018"}}, {"type": "Feature", "geometry": {"type": "Point", "coordinates": [-79.836036, 36.104505]}, "properties": {"crashes": 2, "injury": 0, "fatal": 0, "pedestrian": 0, "bicycle": 0, "density": 0.5, "year_range": "2014-2018"}}, {"type": "Feature", "geometry": {"type": "Point", "coordinates": [-79.924324, 36.12973]}, "properties": {"crashes": 1, "injury": 0, "fatal": 0, "pedestrian": 0, "bicycle": 0, "density": 0.2, "year_range": "2014-2018"}}, {"type": "Feature", "geometry": {"type": "Point", "coordinates": [-79.798198, 36.063063]}, "properties": {"crashes": 2, "injury": 1, "fatal": 0, "pedestrian": 0, "bicycle": 0, "density": 0.5, "year_range": "2014-2018"}}, {"type": "Feature", "geometry": {"type": "Point", "coordinates": [-79.803604, 36.012613]}, "properties": {"crashes": 3, "injury": 1, "fatal": 0, "pedestrian": 0, "bicycle": 0, "density": 0.8, "year_range": "2014-2018"}}, {"type": "Feature", "geometry": {"type": "Point", "coordinates": [-79.859459, 36.127928]}, "properties": {"crashes": 2, "injury": 1, "fatal": 0, "pedestrian": 0, "bicycle": 0, "density": 0.5, "year_range": "2014-2018"}}, {"type": "Feature", "geometry": {"type": "Point", "coordinates": [-79.772973, 36.097297]}, "properties": {"crashes": 1, "injury": 0, "fatal": 0, "pedestrian": 0, "bicycle": 0, "density": 0.2, "year_range": "2014-2018"}}, {"type": "Feature", "geometry": {"type": "Point", "coordinates": [-79.810811, 36.05045]}, "properties": {"crashes": 1, "injury": 0, "fatal": 0, "pedestrian": 0, "bicycle": 0, "density": 0.2, "year_range": "2014-2018"}}, {"type": "Feature", "geometry": {"type": "Point", "coordinates": [-79.807207, 36.108108]}, "properties": {"crashes": 9, "injury": 5, "fatal": 0, "pedestrian": 0, "bicycle": 0, "density": 2.2, "year_range": "2014-2018"}}, {"type": "Feature", "geometry": {"type": "Point", "coordinates": [-79.792793, 36.113514]}, "properties": {"crashes": 3, "injury": 1, "fatal": 0, "pedestrian": 0, "bicycle": 0, "density": 0.8, "year_range": "2014-2018"}}, {"type": "Feature", "geometry": {"type": "Point", "coordinates": [-79.789189, 36.084685]}, "properties": {"crashes": 3, "injury": 1, "fatal": 0, "pedestrian": 0, "bicycle": 0, "density": 0.8, "year_range": "2014-2018"}}, {"type": "Feature", "geometry": {"type": "Point", "coordinates": [-79.763964, 36.066667]}, "properties": {"crashes": 2, "injury": 1, "fatal": 0, "pedestrian": 0, "bicycle": 0, "density": 0.5, "year_range": "2014-2018"}}, {"type": "Feature", "geometry": {"type": "Point", "coordinates": [-79.868468, 36.061261]}, "properties": {"crashes": 1, "injury": 0, "fatal": 0, "pedestrian": 0, "bicycle": 0, "density": 0.2, "year_range": "2014-2018"}}, {"type": "Feature", "geometry": {"type": "Point", "coordinates": [-79.92973, 36.081081]}, "properties": {"crashes": 2, "injury": 1, "fatal": 0, "pedestrian": 0, "bicycle": 0, "density": 0.5, "year_range": "2014-2018"}}, {"type": "Feature", "geometry": {"type": "Point", "coordinates": [-79.996396, 36.095495]}, "properties": {"crashes": 4, "injury": 1, "fatal": 0, "pedestrian": 0, "bicycle": 0, "density": 1.0, "year_range": "2014-2018"}}, {"type": "Feature", "geometry": {"type": "Point", "coordinates": [-79.812613, 36.028829]}, "properties": {"crashes": 1, "injury": 0, "fatal": 0, "pedestrian": 0, "bicycle": 0, "density": 0.2, "year_range": "2014-2018"}}, {"type": "Feature", "geometry": {"type": "Point", "coordinates": [-79.827027, 36.052252]}, "properties": {"crashes": 1, "injury": 0, "fatal": 0, "pedestrian": 0, "bicycle": 0, "density": 0.2, "year_range": "2014-2018"}}, {"type": "Feature", "geometry": {"type": "Point", "coordinates": [-79.900901, 36.052252]}, "properties": {"crashes": 3, "injury": 0, "fatal": 0, "pedestrian": 0, "bicycle": 0, "density": 0.8, "year_range": "2014-2018"}}, {"type": "Feature", "geometry": {"type": "Point", "coordinates": [-79.758559, 36.136937]}, "properties": {"crashes": 1, "injury": 1, "fatal": 0, "pedestrian": 0, "bicycle": 0, "density": 0.2, "year_range": "2014-2018"}}, {"type": "Feature", "geometry": {"type": "Point", "coordinates": [-79.897297, 36.041441]}, "properties": {"crashes": 1, "injury": 0, "fatal": 0, "pedestrian": 0, "bicycle": 0, "density": 0.2, "year_range": "2014-2018"}}, {"type": "Feature", "geometry": {"type": "Point", "coordinates": [-79.814414, 36.154955]}, "properties": {"crashes": 1, "injury": 1, "fatal": 0, "pedestrian": 0, "bicycle": 0, "density": 0.2, "year_range": "2014-2018"}}, {"type": "Feature", "geometry": {"type": "Point", "coordinates": [-79.893694, 36.064865]}, "properties": {"crashes": 1, "injury": 1, "fatal": 0, "pedestrian": 0, "bicycle": 0, "density": 0.2, "year_range": "2014-2018"}}, {"type": "Feature", "geometry": {"type": "Point", "coordinates": [-79.809009, 36.162162]}, "properties": {"crashes": 1, "injury": 1, "fatal": 0, "pedestrian": 0, "bicycle": 0, "density": 0.2, "year_range": "2014-2018"}}, {"type": "Feature", "geometry": {"type": "Point", "coordinates": [-79.781982, 36.081081]}, "properties": {"crashes": 2, "injury": 1, "fatal": 0, "pedestrian": 0, "bicycle": 0, "density": 0.5, "year_range": "2014-2018"}}, {"type": "Feature", "geometry": {"type": "Point", "coordinates": [-79.886486, 36.072072]}, "properties": {"crashes": 3, "injury": 1, "fatal": 0, "pedestrian": 0, "bicycle": 0, "density": 0.8, "year_range": "2014-2018"}}, {"type": "Feature", "geometry": {"type": "Point", "coordinates": [-79.848649, 36.124324]}, "properties": {"crashes": 2, "injury": 1, "fatal": 0, "pedestrian": 0, "bicycle": 0, "density": 0.5, "year_range": "2014-2018"}}, {"type": "Feature", "geometry": {"type": "Point", "coordinates": [-79.859459, 36.05045]}, "properties": {"crashes": 1, "injury": 0, "fatal": 0, "pedestrian": 0, "bicycle": 0, "density": 0.2, "year_range": "2014-2018"}}, {"type": "Feature", "geometry": {"type": "Point", "coordinates": [-79.843243, 36.036036]}, "properties": {"crashes": 1, "injury": 1, "fatal": 0, "pedestrian": 0, "bicycle": 0, "density": 0.2, "year_range": "2014-2018"}}, {"type": "Feature", "geometry": {"type": "Point", "coordinates": [-79.881081, 36.174775]}, "properties": {"crashes": 1, "injury": 0, "fatal": 0, "pedestrian": 0, "bicycle": 0, "density": 0.2, "year_range": "2014-2018"}}, {"type": "Feature", "geometry": {"type": "Point", "coordinates": [-79.828829, 36.027027]}, "properties": {"crashes": 1, "injury": 0, "fatal": 0, "pedestrian": 0, "bicycle": 0, "density": 0.2, "year_range": "2014-2018"}}, {"type": "Feature", "geometry": {"type": "Point", "coordinates": [-79.763964, 35.996396]}, "properties": {"crashes": 2, "injury": 1, "fatal": 0, "pedestrian": 0, "bicycle": 0, "density": 0.5, "year_range": "2014-2018"}}, {"type": "Feature", "geometry": {"type": "Point", "coordinates": [-79.926126, 36.07027]}, "properties": {"crashes": 1, "injury": 0, "fatal": 0, "pedestrian": 0, "bicycle": 0, "density": 0.2, "year_range": "2014-2018"}}, {"type": "Feature", "geometry": {"type": "Point", "coordinates": [-79.908108, 36.077477]}, "properties": {"crashes": 1, "injury": 0, "fatal": 0, "pedestrian": 0, "bicycle": 0, "density": 0.2, "year_range": "2014-2018"}}, {"type": "Feature", "geometry": {"type": "Point", "coordinates": [-79.792793, 36.124324]}, "properties": {"crashes": 1, "injury": 0, "fatal": 0, "pedestrian": 0, "bicycle": 0, "density": 0.2, "year_range": "2014-2018"}}, {"type": "Feature", "geometry": {"type": "Point", "coordinates": [-79.868468, 36.046847]}, "properties": {"crashes": 3, "injury": 1, "fatal": 0, "pedestrian": 0, "bicycle": 0, "density": 0.8, "year_range": "2014-2018"}}, {"type": "Feature", "geometry": {"type": "Point", "coordinates": [-79.76036, 36.135135]}, "properties": {"crashes": 1, "injury": 1, "fatal": 0, "pedestrian": 0, "bicycle": 0, "density": 0.2, "year_range": "2014-2018"}}, {"type": "Feature", "geometry": {"type": "Point", "coordinates": [-79.809009, 36.084685]}, "properties": {"crashes": 1, "injury": 0, "fatal": 0, "pedestrian": 0, "bicycle": 0, "density": 0.2, "year_range": "2014-2018"}}, {"type": "Feature", "geometry": {"type": "Point", "coordinates": [-79.818018, 36.009009]}, "properties": {"crashes": 3, "injury": 1, "fatal": 0, "pedestrian": 0, "bicycle": 0, "density": 0.8, "year_range": "2014-2018"}}, {"type": "Feature", "geometry": {"type": "Point", "coordinates": [-79.814414, 36.057658]}, "properties": {"crashes": 1, "injury": 1, "fatal": 0, "pedestrian": 0, "bicycle": 0, "density": 0.2, "year_range": "2014-2018"}}, {"type": "Feature", "geometry": {"type": "Point", "coordinates": [-79.787387, 36.01982]}, "properties": {"crashes": 1, "injury": 0, "fatal": 0, "pedestrian": 0, "bicycle": 0, "density": 0.2, "year_range": "2014-2018"}}, {"type": "Feature", "geometry": {"type": "Point", "coordinates": [-79.83964, 36.028829]}, "properties": {"crashes": 2, "injury": 2, "fatal": 0, "pedestrian": 0, "bicycle": 0, "density": 0.5, "year_range": "2014-2018"}}, {"type": "Feature", "geometry": {"type": "Point", "coordinates": [-79.918919, 36.079279]}, "properties": {"crashes": 1, "injury": 1, "fatal": 0, "pedestrian": 0, "bicycle": 0, "density": 0.2, "year_range": "2014-2018"}}, {"type": "Feature", "geometry": {"type": "Point", "coordinates": [-79.801802, 36.055856]}, "properties": {"crashes": 2, "injury": 0, "fatal": 0, "pedestrian": 0, "bicycle": 0, "density": 0.5, "year_range": "2014-2018"}}, {"type": "Feature", "geometry": {"type": "Point", "coordinates": [-79.736937, 36.088288]}, "properties": {"crashes": 1, "injury": 1, "fatal": 0, "pedestrian": 0, "bicycle": 0, "density": 0.2, "year_range": "2014-2018"}}, {"type": "Feature", "geometry": {"type": "Point", "coordinates": [-79.787387, 36.104505]}, "properties": {"crashes": 1, "injury": 1, "fatal": 0, "pedestrian": 0, "bicycle": 0, "density": 0.2, "year_range": "2014-2018"}}, {"type": "Feature", "geometry": {"type": "Point", "coordinates": [-79.763964, 36.079279]}, "properties": {"crashes": 1, "injury": 0, "fatal": 0, "pedestrian": 0, "bicycle": 0, "density": 0.2, "year_range": "2014-2018"}}, {"type": "Feature", "geometry": {"type": "Point", "coordinates": [-79.783784, 36.054054]}, "properties": {"crashes": 1, "injury": 1, "fatal": 0, "pedestrian": 0, "bicycle": 0, "density": 0.2, "year_range": "2014-2018"}}, {"type": "Feature", "geometry": {"type": "Point", "coordinates": [-79.740541, 36.100901]}, "properties": {"crashes": 1, "injury": 0, "fatal": 0, "pedestrian": 0, "bicycle": 0, "density": 0.2, "year_range": "2014-2018"}}, {"type": "Feature", "geometry": {"type": "Point", "coordinates": [-79.814414, 36.142342]}, "properties": {"crashes": 1, "injury": 1, "fatal": 0, "pedestrian": 0, "bicycle": 0, "density": 0.2, "year_range": "2014-2018"}}, {"type": "Feature", "geometry": {"type": "Point", "coordinates": [-79.758559, 36.133333]}, "properties": {"crashes": 1, "injury": 0, "fatal": 0, "pedestrian": 0, "bicycle": 0, "density": 0.2, "year_range": "2014-2018"}}, {"type": "Feature", "geometry": {"type": "Point", "coordinates": [-79.74955, 36.059459]}, "properties": {"crashes": 1, "injury": 1, "fatal": 0, "pedestrian": 0, "bicycle": 0, "density": 0.2, "year_range": "2014-2018"}}, {"type": "Feature", "geometry": {"type": "Point", "coordinates": [-79.763964, 36.041441]}, "properties": {"crashes": 1, "injury": 1, "fatal": 0, "pedestrian": 0, "bicycle": 0, "density": 0.2, "year_range": "2014-2018"}}, {"type": "Feature", "geometry": {"type": "Point", "coordinates": [-79.787387, 36.082883]}, "properties": {"crashes": 1, "injury": 0, "fatal": 0, "pedestrian": 0, "bicycle": 0, "density": 0.2, "year_range": "2014-2018"}}, {"type": "Feature", "geometry": {"type": "Point", "coordinates": [-79.798198, 36.027027]}, "properties": {"crashes": 1, "injury": 0, "fatal": 0, "pedestrian": 0, "bicycle": 0, "density": 0.2, "year_range": "2014-2018"}}, {"type": "Feature", "geometry": {"type": "Point", "coordinates": [-79.857658, 36.043243]}, "properties": {"crashes": 1, "injury": 1, "fatal": 0, "pedestrian": 0, "bicycle": 0, "density": 0.2, "year_range": "2014-2018"}}, {"type": "Feature", "geometry": {"type": "Point", "coordinates": [-79.816216, 36.082883]}, "properties": {"crashes": 2, "injury": 0, "fatal": 0, "pedestrian": 0, "bicycle": 0, "density": 0.5, "year_range": "2014-2018"}}, {"type": "Feature", "geometry": {"type": "Point", "coordinates": [-79.879279, 36.147748]}, "properties": {"crashes": 2, "injury": 1, "fatal": 0, "pedestrian": 0, "bicycle": 0, "density": 0.5, "year_range": "2014-2018"}}, {"type": "Feature", "geometry": {"type": "Point", "coordinates": [-79.794595, 36.055856]}, "properties": {"crashes": 2, "injury": 0, "fatal": 0, "pedestrian": 0, "bicycle": 0, "density": 0.5, "year_range": "2014-2018"}}, {"type": "Feature", "geometry": {"type": "Point", "coordinates": [-79.87027, 36.136937]}, "properties": {"crashes": 1, "injury": 0, "fatal": 0, "pedestrian": 0, "bicycle": 0, "density": 0.2, "year_range": "2014-2018"}}, {"type": "Feature", "geometry": {"type": "Point", "coordinates": [-79.834234, 36.12973]}, "properties": {"crashes": 1, "injury": 0, "fatal": 0, "pedestrian": 0, "bicycle": 0, "density": 0.2, "year_range": "2014-2018"}}, {"type": "Feature", "geometry": {"type": "Point", "coordinates": [-79.781982, 36.09009]}, "properties": {"crashes": 2, "injury": 1, "fatal": 0, "pedestrian": 0, "bicycle": 0, "density": 0.5, "year_range": "2014-2018"}}, {"type": "Feature", "geometry": {"type": "Point", "coordinates": [-79.805405, 36.041441]}, "properties": {"crashes": 1, "injury": 0, "fatal": 0, "pedestrian": 0, "bicycle": 0, "density": 0.2, "year_range": "2014-2018"}}, {"type": "Feature", "geometry": {"type": "Point", "coordinates": [-79.745946, 36.072072]}, "properties": {"crashes": 3, "injury": 2, "fatal": 0, "pedestrian": 0, "bicycle": 0, "density": 0.8, "year_range": "2014-2018"}}, {"type": "Feature", "geometry": {"type": "Point", "coordinates": [-79.76036, 36.084685]}, "properties": {"crashes": 2, "injury": 1, "fatal": 0, "pedestrian": 0, "bicycle": 0, "density": 0.5, "year_range": "2014-2018"}}, {"type": "Feature", "geometry": {"type": "Point", "coordinates": [-79.823423, 36.079279]}, "properties": {"crashes": 1, "injury": 0, "fatal": 0, "pedestrian": 0, "bicycle": 0, "density": 0.2, "year_range": "2014-2018"}}, {"type": "Feature", "geometry": {"type": "Point", "coordinates": [-79.859459, 36.126126]}, "properties": {"crashes": 1, "injury": 0, "fatal": 0, "pedestrian": 0, "bicycle": 0, "density": 0.2, "year_range": "2014-2018"}}, {"type": "Feature", "geometry": {"type": "Point", "coordinates": [-79.785586, 36.133333]}, "properties": {"crashes": 1, "injury": 0, "fatal": 0, "pedestrian": 0, "bicycle": 0, "density": 0.2, "year_range": "2014-2018"}}, {"type": "Feature", "geometry": {"type": "Point", "coordinates": [-79.751351, 36.057658]}, "properties": {"crashes": 2, "injury": 1, "fatal": 0, "pedestrian": 0, "bicycle": 0, "density": 0.5, "year_range": "2014-2018"}}, {"type": "Feature", "geometry": {"type": "Point", "coordinates": [-79.873874, 36.066667]}, "properties": {"crashes": 1, "injury": 0, "fatal": 0, "pedestrian": 0, "bicycle": 0, "density": 0.2, "year_range": "2014-2018"}}, {"type": "Feature", "geometry": {"type": "Point", "coordinates": [-79.762162, 36.066667]}, "properties": {"crashes": 1, "injury": 0, "fatal": 0, "pedestrian": 0, "bicycle": 0, "density": 0.2, "year_range": "2014-2018"}}, {"type": "Feature", "geometry": {"type": "Point", "coordinates": [-79.843243, 36.037838]}, "properties": {"crashes": 2, "injury": 1, "fatal": 0, "pedestrian": 0, "bicycle": 0, "density": 0.5, "year_range": "2014-2018"}}, {"type": "Feature", "geometry": {"type": "Point", "coordinates": [-79.8, 36.037838]}, "properties": {"crashes": 3, "injury": 0, "fatal": 0, "pedestrian": 0, "bicycle": 0, "density": 0.8, "year_range": "2014-2018"}}, {"type": "Feature", "geometry": {"type": "Point", "coordinates": [-79.828829, 36.021622]}, "properties": {"crashes": 2, "injury": 1, "fatal": 0, "pedestrian": 0, "bicycle": 0, "density": 0.5, "year_range": "2014-2018"}}, {"type": "Feature", "geometry": {"type": "Point", "coordinates": [-79.841441, 36.093694]}, "properties": {"crashes": 1, "injury": 1, "fatal": 0, "pedestrian": 0, "bicycle": 0, "density": 0.2, "year_range": "2014-2018"}}, {"type": "Feature", "geometry": {"type": "Point", "coordinates": [-79.771171, 36.059459]}, "properties": {"crashes": 3, "injury": 3, "fatal": 0, "pedestrian": 0, "bicycle": 0, "density": 0.8, "year_range": "2014-2018"}}, {"type": "Feature", "geometry": {"type": "Point", "coordinates": [-79.859459, 36.12973]}, "properties": {"crashes": 1, "injury": 0, "fatal": 0, "pedestrian": 0, "bicycle": 0, "density": 0.2, "year_range": "2014-2018"}}, {"type": "Feature", "geometry": {"type": "Point", "coordinates": [-79.884685, 36.034234]}, "properties": {"crashes": 2, "injury": 0, "fatal": 0, "pedestrian": 0, "bicycle": 0, "density": 0.5, "year_range": "2014-2018"}}, {"type": "Feature", "geometry": {"type": "Point", "coordinates": [-79.933333, 36.086486]}, "properties": {"crashes": 1, "injury": 0, "fatal": 0, "pedestrian": 0, "bicycle": 0, "density": 0.2, "year_range": "2014-2018"}}, {"type": "Feature", "geometry": {"type": "Point", "coordinates": [-79.891892, 36.03964]}, "properties": {"crashes": 3, "injury": 1, "fatal": 0, "pedestrian": 0, "bicycle": 0, "density": 0.8, "year_range": "2014-2018"}}, {"type": "Feature", "geometry": {"type": "Point", "coordinates": [-79.812613, 36.099099]}, "properties": {"crashes": 2, "injury": 1, "fatal": 0, "pedestrian": 0, "bicycle": 0, "density": 0.5, "year_range": "2014-2018"}}, {"type": "Feature", "geometry": {"type": "Point", "coordinates": [-79.765766, 36.138739]}, "properties": {"crashes": 1, "injury": 1, "fatal": 0, "pedestrian": 0, "bicycle": 0, "density": 0.2, "year_range": "2014-2018"}}, {"type": "Feature", "geometry": {"type": "Point", "coordinates": [-79.805405, 36.061261]}, "properties": {"crashes": 3, "injury": 2, "fatal": 0, "pedestrian": 0, "bicycle": 0, "density": 0.8, "year_range": "2014-2018"}}, {"type": "Feature", "geometry": {"type": "Point", "coordinates": [-79.735135, 36.016216]}, "properties": {"crashes": 6, "injury": 1, "fatal": 0, "pedestrian": 0, "bicycle": 0, "density": 1.5, "year_range": "2014-2018"}}, {"type": "Feature", "geometry": {"type": "Point", "coordinates": [-79.920721, 36.064865]}, "properties": {"crashes": 1, "injury": 0, "fatal": 0, "pedestrian": 0, "bicycle": 0, "density": 0.2, "year_range": "2014-2018"}}, {"type": "Feature", "geometry": {"type": "Point", "coordinates": [-79.881081, 36.041441]}, "properties": {"crashes": 1, "injury": 0, "fatal": 0, "pedestrian": 0, "bicycle": 0, "density": 0.2, "year_range": "2014-2018"}}, {"type": "Feature", "geometry": {"type": "Point", "coordinates": [-79.879279, 36.165766]}, "properties": {"crashes": 1, "injury": 1, "fatal": 0, "pedestrian": 0, "bicycle": 0, "density": 0.2, "year_range": "2014-2018"}}, {"type": "Feature", "geometry": {"type": "Point", "coordinates": [-79.717117, 36.144144]}, "properties": {"crashes": 1, "injury": 0, "fatal": 0, "pedestrian": 0, "bicycle": 0, "density": 0.2, "year_range": "2014-2018"}}, {"type": "Feature", "geometry": {"type": "Point", "coordinates": [-79.718919, 36.163964]}, "properties": {"crashes": 1, "injury": 1, "fatal": 0, "pedestrian": 0, "bicycle": 0, "density": 0.2, "year_range": "2014-2018"}}, {"type": "Feature", "geometry": {"type": "Point", "coordinates": [-79.805405, 36.136937]}, "properties": {"crashes": 1, "injury": 1, "fatal": 0, "pedestrian": 0, "bicycle": 0, "density": 0.2, "year_range": "2014-2018"}}, {"type": "Feature", "geometry": {"type": "Point", "coordinates": [-79.792793, 36.081081]}, "properties": {"crashes": 1, "injury": 0, "fatal": 0, "pedestrian": 0, "bicycle": 0, "density": 0.2, "year_range": "2014-2018"}}, {"type": "Feature", "geometry": {"type": "Point", "coordinates": [-79.953153, 36.113514]}, "properties": {"crashes": 3, "injury": 1, "fatal": 0, "pedestrian": 0, "bicycle": 0, "density": 0.8, "year_range": "2014-2018"}}, {"type": "Feature", "geometry": {"type": "Point", "coordinates": [-79.814414, 36.138739]}, "properties": {"crashes": 1, "injury": 0, "fatal": 0, "pedestrian": 0, "bicycle": 0, "density": 0.2, "year_range": "2014-2018"}}, {"type": "Feature", "geometry": {"type": "Point", "coordinates": [-79.78018, 36.104505]}, "properties": {"crashes": 2, "injury": 1, "fatal": 0, "pedestrian": 0, "bicycle": 0, "density": 0.5, "year_range": "2014-2018"}}, {"type": "Feature", "geometry": {"type": "Point", "coordinates": [-79.816216, 36.021622]}, "properties": {"crashes": 1, "injury": 0, "fatal": 0, "pedestrian": 0, "bicycle": 0, "density": 0.2, "year_range": "2014-2018"}}, {"type": "Feature", "geometry": {"type": "Point", "coordinates": [-79.936937, 36.082883]}, "properties": {"crashes": 3, "injury": 0, "fatal": 0, "pedestrian": 0, "bicycle": 0, "density": 0.8, "year_range": "2014-2018"}}, {"type": "Feature", "geometry": {"type": "Point", "coordinates": [-79.837838, 36.028829]}, "properties": {"crashes": 1, "injury": 0, "fatal": 0, "pedestrian": 0, "bicycle": 0, "density": 0.2, "year_range": "2014-2018"}}, {"type": "Feature", "geometry": {"type": "Point", "coordinates": [-79.711712, 36.086486]}, "properties": {"crashes": 1, "injury": 1, "fatal": 0, "pedestrian": 0, "bicycle": 0, "density": 0.2, "year_range": "2014-2018"}}, {"type": "Feature", "geometry": {"type": "Point", "coordinates": [-79.881081, 36.043243]}, "properties": {"crashes": 1, "injury": 0, "fatal": 0, "pedestrian": 0, "bicycle": 0, "density": 0.2, "year_range": "2014-2018"}}, {"type": "Feature", "geometry": {"type": "Point", "coordinates": [-79.832432, 36.131532]}, "properties": {"crashes": 1, "injury": 0, "fatal": 0, "pedestrian": 0, "bicycle": 0, "density": 0.2, "year_range": "2014-2018"}}, {"type": "Feature", "geometry": {"type": "Point", "coordinates": [-79.783784, 36.091892]}, "properties": {"crashes": 2, "injury": 0, "fatal": 0, "pedestrian": 0, "bicycle": 0, "density": 0.5, "year_range": "2014-2018"}}, {"type": "Feature", "geometry": {"type": "Point", "coordinates": [-79.827027, 36.158559]}, "properties": {"crashes": 1, "injury": 1, "fatal": 0, "pedestrian": 0, "bicycle": 0, "density": 0.2, "year_range": "2014-2018"}}, {"type": "Feature", "geometry": {"type": "Point", "coordinates": [-79.774775, 36.061261]}, "properties": {"crashes": 2, "injury": 1, "fatal": 0, "pedestrian": 0, "bicycle": 0, "density": 0.5, "year_range": "2014-2018"}}, {"type": "Feature", "geometry": {"type": "Point", "coordinates": [-79.958559, 36.093694]}, "properties": {"crashes": 1, "injury": 1, "fatal": 0, "pedestrian": 0, "bicycle": 0, "density": 0.2, "year_range": "2014-2018"}}, {"type": "Feature", "geometry": {"type": "Point", "coordinates": [-79.886486, 36.03964]}, "properties": {"crashes": 2, "injury": 1, "fatal": 0, "pedestrian": 0, "bicycle": 0, "density": 0.5, "year_range": "2014-2018"}}, {"type": "Feature", "geometry": {"type": "Point", "coordinates": [-79.767568, 36.09009]}, "properties": {"crashes": 1, "injury": 1, "fatal": 0, "pedestrian": 0, "bicycle": 0, "density": 0.2, "year_range": "2014-2018"}}, {"type": "Feature", "geometry": {"type": "Point", "coordinates": [-79.762162, 36.036036]}, "properties": {"crashes": 1, "injury": 0, "fatal": 0, "pedestrian": 0, "bicycle": 0, "density": 0.2, "year_range": "2014-2018"}}, {"type": "Feature", "geometry": {"type": "Point", "coordinates": [-79.789189, 36.14955]}, "properties": {"crashes": 1, "injury": 1, "fatal": 0, "pedestrian": 0, "bicycle": 0, "density": 0.2, "year_range": "2014-2018"}}, {"type": "Feature", "geometry": {"type": "Point", "coordinates": [-79.825225, 36.064865]}, "properties": {"crashes": 1, "injury": 1, "fatal": 0, "pedestrian": 0, "bicycle": 0, "density": 0.2, "year_range": "2014-2018"}}, {"type": "Feature", "geometry": {"type": "Point", "coordinates": [-79.902703, 36.027027]}, "properties": {"crashes": 1, "injury": 0, "fatal": 0, "pedestrian": 0, "bicycle": 0, "density": 0.2, "year_range": "2014-2018"}}, {"type": "Feature", "geometry": {"type": "Point", "coordinates": [-79.879279, 36.126126]}, "properties": {"crashes": 1, "injury": 0, "fatal": 0, "pedestrian": 0, "bicycle": 0, "density": 0.2, "year_range": "2014-2018"}}, {"type": "Feature", "geometry": {"type": "Point", "coordinates": [-79.745946, 36.082883]}, "properties": {"crashes": 1, "injury": 1, "fatal": 0, "pedestrian": 0, "bicycle": 0, "density": 0.2, "year_range": "2014-2018"}}, {"type": "Feature", "geometry": {"type": "Point", "coordinates": [-79.834234, 36.144144]}, "properties": {"crashes": 2, "injury": 2, "fatal": 0, "pedestrian": 0, "bicycle": 0, "density": 0.5, "year_range": "2014-2018"}}, {"type": "Feature", "geometry": {"type": "Point", "coordinates": [-79.769369, 36.068468]}, "properties": {"crashes": 5, "injury": 0, "fatal": 0, "pedestrian": 0, "bicycle": 0, "density": 1.2, "year_range": "2014-2018"}}, {"type": "Feature", "geometry": {"type": "Point", "coordinates": [-79.902703, 36.084685]}, "properties": {"crashes": 1, "injury": 0, "fatal": 0, "pedestrian": 0, "bicycle": 0, "density": 0.2, "year_range": "2014-2018"}}, {"type": "Feature", "geometry": {"type": "Point", "coordinates": [-79.888288, 36.122523]}, "properties": {"crashes": 1, "injury": 0, "fatal": 0, "pedestrian": 0, "bicycle": 0, "density": 0.2, "year_range": "2014-2018"}}, {"type": "Feature", "geometry": {"type": "Point", "coordinates": [-79.837838, 36.063063]}, "properties": {"crashes": 1, "injury": 0, "fatal": 0, "pedestrian": 0, "bicycle": 0, "density": 0.2, "year_range": "2014-2018"}}, {"type": "Feature", "geometry": {"type": "Point", "coordinates": [-79.882883, 36.072072]}, "properties": {"crashes": 1, "injury": 0, "fatal": 0, "pedestrian": 0, "bicycle": 0, "density": 0.2, "year_range": "2014-2018"}}, {"type": "Feature", "geometry": {"type": "Point", "coordinates": [-79.789189, 36.048649]}, "properties": {"crashes": 1, "injury": 0, "fatal": 0, "pedestrian": 0, "bicycle": 0, "density": 0.2, "year_range": "2014-2018"}}, {"type": "Feature", "geometry": {"type": "Point", "coordinates": [-79.906306, 36.034234]}, "properties": {"crashes": 2, "injury": 1, "fatal": 0, "pedestrian": 0, "bicycle": 0, "density": 0.5, "year_range": "2014-2018"}}, {"type": "Feature", "geometry": {"type": "Point", "coordinates": [-79.78018, 36.133333]}, "properties": {"crashes": 1, "injury": 0, "fatal": 0, "pedestrian": 0, "bicycle": 0, "density": 0.2, "year_range": "2014-2018"}}, {"type": "Feature", "geometry": {"type": "Point", "coordinates": [-79.787387, 36.059459]}, "properties": {"crashes": 1, "injury": 0, "fatal": 0, "pedestrian": 0, "bicycle": 0, "density": 0.2, "year_range": "2014-2018"}}, {"type": "Feature", "geometry": {"type": "Point", "coordinates": [-79.787387, 36.028829]}, "properties": {"crashes": 1, "injury": 0, "fatal": 0, "pedestrian": 0, "bicycle": 0, "density": 0.2, "year_range": "2014-2018"}}, {"type": "Feature", "geometry": {"type": "Point", "coordinates": [-79.859459, 36.120721]}, "properties": {"crashes": 1, "injury": 0, "fatal": 0, "pedestrian": 0, "bicycle": 0, "density": 0.2, "year_range": "2014-2018"}}, {"type": "Feature", "geometry": {"type": "Point", "coordinates": [-79.769369, 36.028829]}, "properties": {"crashes": 3, "injury": 2, "fatal": 0, "pedestrian": 0, "bicycle": 0, "density": 0.8, "year_range": "2014-2018"}}, {"type": "Feature", "geometry": {"type": "Point", "coordinates": [-79.783784, 36.093694]}, "properties": {"crashes": 2, "injury": 0, "fatal": 0, "pedestrian": 0, "bicycle": 0, "density": 0.5, "year_range": "2014-2018"}}, {"type": "Feature", "geometry": {"type": "Point", "coordinates": [-79.963964, 36.108108]}, "properties": {"crashes": 1, "injury": 1, "fatal": 0, "pedestrian": 0, "bicycle": 0, "density": 0.2, "year_range": "2014-2018"}}, {"type": "Feature", "geometry": {"type": "Point", "coordinates": [-79.747748, 36.118919]}, "properties": {"crashes": 2, "injury": 0, "fatal": 0, "pedestrian": 0, "bicycle": 0, "density": 0.5, "year_range": "2014-2018"}}, {"type": "Feature", "geometry": {"type": "Point", "coordinates": [-79.672072, 36.059459]}, "properties": {"crashes": 1, "injury": 0, "fatal": 0, "pedestrian": 0, "bicycle": 0, "density": 0.2, "year_range": "2014-2018"}}, {"type": "Feature", "geometry": {"type": "Point", "coordinates": [-79.848649, 36.055856]}, "properties": {"crashes": 1, "injury": 0, "fatal": 0, "pedestrian": 0, "bicycle": 0, "density": 0.2, "year_range": "2014-2018"}}, {"type": "Feature", "geometry": {"type": "Point", "coordinates": [-79.832432, 36.12973]}, "properties": {"crashes": 2, "injury": 0, "fatal": 0, "pedestrian": 0, "bicycle": 0, "density": 0.5, "year_range": "2014-2018"}}, {"type": "Feature", "geometry": {"type": "Point", "coordinates": [-79.834234, 36.156757]}, "properties": {"crashes": 1, "injury": 0, "fatal": 0, "pedestrian": 0, "bicycle": 0, "density": 0.2, "year_range": "2014-2018"}}, {"type": "Feature", "geometry": {"type": "Point", "coordinates": [-79.754955, 36.126126]}, "properties": {"crashes": 1, "injury": 0, "fatal": 0, "pedestrian": 0, "bicycle": 0, "density": 0.2, "year_range": "2014-2018"}}, {"type": "Feature", "geometry": {"type": "Point", "coordinates": [-79.810811, 36.122523]}, "properties": {"crashes": 1, "injury": 1, "fatal": 0, "pedestrian": 0, "bicycle": 0, "density": 0.2, "year_range": "2014-2018"}}, {"type": "Feature", "geometry": {"type": "Point", "coordinates": [-79.832432, 36.091892]}, "properties": {"crashes": 1, "injury": 0, "fatal": 0, "pedestrian": 0, "bicycle": 0, "density": 0.2, "year_range": "2014-2018"}}, {"type": "Feature", "geometry": {"type": "Point", "coordinates": [-79.846847, 36.055856]}, "properties": {"crashes": 1, "injury": 0, "fatal": 0, "pedestrian": 0, "bicycle": 0, "density": 0.2, "year_range": "2014-2018"}}, {"type": "Feature", "geometry": {"type": "Point", "coordinates": [-79.821622, 36.041441]}, "properties": {"crashes": 1, "injury": 0, "fatal": 0, "pedestrian": 0, "bicycle": 0, "density": 0.2, "year_range": "2014-2018"}}, {"type": "Feature", "geometry": {"type": "Point", "coordinates": [-79.956757, 36.077477]}, "properties": {"crashes": 1, "injury": 0, "fatal": 0, "pedestrian": 0, "bicycle": 0, "density": 0.2, "year_range": "2014-2018"}}, {"type": "Feature", "geometry": {"type": "Point", "coordinates": [-79.897297, 36.016216]}, "properties": {"crashes": 1, "injury": 0, "fatal": 0, "pedestrian": 0, "bicycle": 0, "density": 0.2, "year_range": "2014-2018"}}, {"type": "Feature", "geometry": {"type": "Point", "coordinates": [-79.902703, 36.136937]}, "properties": {"crashes": 1, "injury": 0, "fatal": 0, "pedestrian": 0, "bicycle": 0, "density": 0.2, "year_range": "2014-2018"}}, {"type": "Feature", "geometry": {"type": "Point", "coordinates": [-79.679279, 36.07027]}, "properties": {"crashes": 1, "injury": 0, "fatal": 0, "pedestrian": 0, "bicycle": 0, "density": 0.2, "year_range": "2014-2018"}}, {"type": "Feature", "geometry": {"type": "Point", "coordinates": [-79.792793, 35.996396]}, "properties": {"crashes": 6, "injury": 0, "fatal": 0, "pedestrian": 0, "bicycle": 0, "density": 1.5, "year_range": "2014-2018"}}, {"type": "Feature", "geometry": {"type": "Point", "coordinates": [-79.695495, 36.061261]}, "properties": {"crashes": 1, "injury": 0, "fatal": 0, "pedestrian": 0, "bicycle": 0, "density": 0.2, "year_range": "2014-2018"}}, {"type": "Feature", "geometry": {"type": "Point", "coordinates": [-79.956757, 36.106306]}, "properties": {"crashes": 1, "injury": 0, "fatal": 0, "pedestrian": 0, "bicycle": 0, "density": 0.2, "year_range": "2014-2018"}}, {"type": "Feature", "geometry": {"type": "Point", "coordinates": [-79.855856, 36.046847]}, "properties": {"crashes": 1, "injury": 0, "fatal": 0, "pedestrian": 0, "bicycle": 0, "density": 0.2, "year_range": "2014-2018"}}, {"type": "Feature", "geometry": {"type": "Point", "coordinates": [-79.821622, 36.032432]}, "properties": {"crashes": 2, "injury": 0, "fatal": 0, "pedestrian": 0, "bicycle": 0, "density": 0.5, "year_range": "2014-2018"}}, {"type": "Feature", "geometry": {"type": "Point", "coordinates": [-79.792793, 36.010811]}, "properties": {"crashes": 1, "injury": 0, "fatal": 0, "pedestrian": 0, "bicycle": 0, "density": 0.2, "year_range": "2014-2018"}}, {"type": "Feature", "geometry": {"type": "Point", "coordinates": [-79.823423, 36.030631]}, "properties": {"crashes": 1, "injury": 0, "fatal": 0, "pedestrian": 0, "bicycle": 0, "density": 0.2, "year_range": "2014-2018"}}, {"type": "Feature", "geometry": {"type": "Point", "coordinates": [-79.810811, 36.023423]}, "properties": {"crashes": 1, "injury": 0, "fatal": 0, "pedestrian": 0, "bicycle": 0, "density": 0.2, "year_range": "2014-2018"}}, {"type": "Feature", "geometry": {"type": "Point", "coordinates": [-79.816216, 36.066667]}, "properties": {"crashes": 2, "injury": 0, "fatal": 0, "pedestrian": 0, "bicycle": 0, "density": 0.5, "year_range": "2014-2018"}}, {"type": "Feature", "geometry": {"type": "Point", "coordinates": [-79.704505, 36.057658]}, "properties": {"crashes": 1, "injury": 0, "fatal": 0, "pedestrian": 0, "bicycle": 0, "density": 0.2, "year_range": "2014-2018"}}, {"type": "Feature", "geometry": {"type": "Point", "coordinates": [-79.855856, 36.07027]}, "properties": {"crashes": 1, "injury": 0, "fatal": 0, "pedestrian": 0, "bicycle": 0, "density": 0.2, "year_range": "2014-2018"}}, {"type": "Feature", "geometry": {"type": "Point", "coordinates": [-79.832432, 36.10991]}, "properties": {"crashes": 1, "injury": 0, "fatal": 0, "pedestrian": 0, "bicycle": 0, "density": 0.2, "year_range": "2014-2018"}}, {"type": "Feature", "geometry": {"type": "Point", "coordinates": [-79.818018, 36.100901]}, "properties": {"crashes": 2, "injury": 1, "fatal": 0, "pedestrian": 0, "bicycle": 0, "density": 0.5, "year_range": "2014-2018"}}, {"type": "Feature", "geometry": {"type": "Point", "coordinates": [-79.906306, 36.064865]}, "properties": {"crashes": 1, "injury": 0, "fatal": 0, "pedestrian": 0, "bicycle": 0, "density": 0.2, "year_range": "2014-2018"}}, {"type": "Feature", "geometry": {"type": "Point", "coordinates": [-79.854054, 36.106306]}, "properties": {"crashes": 1, "injury": 0, "fatal": 0, "pedestrian": 0, "bicycle": 0, "density": 0.2, "year_range": "2014-2018"}}, {"type": "Feature", "geometry": {"type": "Point", "coordinates": [-79.756757, 36.111712]}, "properties": {"crashes": 4, "injury": 3, "fatal": 0, "pedestrian": 0, "bicycle": 0, "density": 1.0, "year_range": "2014-2018"}}, {"type": "Feature", "geometry": {"type": "Point", "coordinates": [-79.78018, 36.077477]}, "properties": {"crashes": 1, "injury": 0, "fatal": 0, "pedestrian": 0, "bicycle": 0, "density": 0.2, "year_range": "2014-2018"}}, {"type": "Feature", "geometry": {"type": "Point", "coordinates": [-79.781982, 36.063063]}, "properties": {"crashes": 2, "injury": 0, "fatal": 0, "pedestrian": 0, "bicycle": 0, "density": 0.5, "year_range": "2014-2018"}}, {"type": "Feature", "geometry": {"type": "Point", "coordinates": [-79.798198, 36.032432]}, "properties": {"crashes": 2, "injury": 0, "fatal": 0, "pedestrian": 0, "bicycle": 0, "density": 0.5, "year_range": "2014-2018"}}, {"type": "Feature", "geometry": {"type": "Point", "coordinates": [-79.765766, 36.079279]}, "properties": {"crashes": 1, "injury": 0, "fatal": 0, "pedestrian": 0, "bicycle": 0, "density": 0.2, "year_range": "2014-2018"}}, {"type": "Feature", "geometry": {"type": "Point", "coordinates": [-79.758559, 36.030631]}, "properties": {"crashes": 1, "injury": 0, "fatal": 0, "pedestrian": 0, "bicycle": 0, "density": 0.2, "year_range": "2014-2018"}}, {"type": "Feature", "geometry": {"type": "Point", "coordinates": [-79.845045, 36.045045]}, "properties": {"crashes": 2, "injury": 1, "fatal": 0, "pedestrian": 0, "bicycle": 0, "density": 0.5, "year_range": "2014-2018"}}, {"type": "Feature", "geometry": {"type": "Point", "coordinates": [-79.90991, 36.025225]}, "properties": {"crashes": 1, "injury": 0, "fatal": 0, "pedestrian": 0, "bicycle": 0, "density": 0.2, "year_range": "2014-2018"}}, {"type": "Feature", "geometry": {"type": "Point", "coordinates": [-79.785586, 36.048649]}, "properties": {"crashes": 2, "injury": 2, "fatal": 0, "pedestrian": 0, "bicycle": 0, "density": 0.5, "year_range": "2014-2018"}}, {"type": "Feature", "geometry": {"type": "Point", "coordinates": [-79.756757, 36.118919]}, "properties": {"crashes": 1, "injury": 1, "fatal": 0, "pedestrian": 0, "bicycle": 0, "density": 0.2, "year_range": "2014-2018"}}, {"type": "Feature", "geometry": {"type": "Point", "coordinates": [-79.886486, 36.081081]}, "properties": {"crashes": 2, "injury": 0, "fatal": 0, "pedestrian": 0, "bicycle": 0, "density": 0.5, "year_range": "2014-2018"}}, {"type": "Feature", "geometry": {"type": "Point", "coordinates": [-79.778378, 36.075676]}, "properties": {"crashes": 5, "injury": 1, "fatal": 0, "pedestrian": 0, "bicycle": 0, "density": 1.2, "year_range": "2014-2018"}}, {"type": "Feature", "geometry": {"type": "Point", "coordinates": [-79.810811, 36.10991]}, "properties": {"crashes": 4, "injury": 2, "fatal": 0, "pedestrian": 0, "bicycle": 0, "density": 1.0, "year_range": "2014-2018"}}, {"type": "Feature", "geometry": {"type": "Point", "coordinates": [-79.836036, 36.007207]}, "properties": {"crashes": 1, "injury": 1, "fatal": 0, "pedestrian": 0, "bicycle": 0, "density": 0.2, "year_range": "2014-2018"}}, {"type": "Feature", "geometry": {"type": "Point", "coordinates": [-79.834234, 36.072072]}, "properties": {"crashes": 1, "injury": 0, "fatal": 0, "pedestrian": 0, "bicycle": 0, "density": 0.2, "year_range": "2014-2018"}}, {"type": "Feature", "geometry": {"type": "Point", "coordinates": [-79.918919, 36.061261]}, "properties": {"crashes": 1, "injury": 1, "fatal": 0, "pedestrian": 0, "bicycle": 0, "density": 0.2, "year_range": "2014-2018"}}, {"type": "Feature", "geometry": {"type": "Point", "coordinates": [-79.944144, 36.073874]}, "properties": {"crashes": 1, "injury": 1, "fatal": 0, "pedestrian": 0, "bicycle": 0, "density": 0.2, "year_range": "2014-2018"}}, {"type": "Feature", "geometry": {"type": "Point", "coordinates": [-79.776577, 36.081081]}, "properties": {"crashes": 1, "injury": 0, "fatal": 0, "pedestrian": 0, "bicycle": 0, "density": 0.2, "year_range": "2014-2018"}}, {"type": "Feature", "geometry": {"type": "Point", "coordinates": [-79.798198, 36.079279]}, "properties": {"crashes": 1, "injury": 0, "fatal": 0, "pedestrian": 0, "bicycle": 0, "density": 0.2, "year_range": "2014-2018"}}, {"type": "Feature", "geometry": {"type": "Point", "coordinates": [-79.789189, 36.082883]}, "properties": {"crashes": 2, "injury": 1, "fatal": 0, "pedestrian": 0, "bicycle": 0, "density": 0.5, "year_range": "2014-2018"}}, {"type": "Feature", "geometry": {"type": "Point", "coordinates": [-79.776577, 36.117117]}, "properties": {"crashes": 1, "injury": 0, "fatal": 0, "pedestrian": 0, "bicycle": 0, "density": 0.2, "year_range": "2014-2018"}}, {"type": "Feature", "geometry": {"type": "Point", "coordinates": [-79.789189, 36.07027]}, "properties": {"crashes": 4, "injury": 0, "fatal": 0, "pedestrian": 0, "bicycle": 0, "density": 1.0, "year_range": "2014-2018"}}, {"type": "Feature", "geometry": {"type": "Point", "coordinates": [-79.745946, 36.081081]}, "properties": {"crashes": 1, "injury": 1, "fatal": 0, "pedestrian": 0, "bicycle": 0, "density": 0.2, "year_range": "2014-2018"}}, {"type": "Feature", "geometry": {"type": "Point", "coordinates": [-79.868468, 36.028829]}, "properties": {"crashes": 1, "injury": 0, "fatal": 0, "pedestrian": 0, "bicycle": 0, "density": 0.2, "year_range": "2014-2018"}}, {"type": "Feature", "geometry": {"type": "Point", "coordinates": [-79.736937, 36.108108]}, "properties": {"crashes": 1, "injury": 0, "fatal": 0, "pedestrian": 0, "bicycle": 0, "density": 0.2, "year_range": "2014-2018"}}, {"type": "Feature", "geometry": {"type": "Point", "coordinates": [-79.715315, 36.142342]}, "properties": {"crashes": 1, "injury": 1, "fatal": 0, "pedestrian": 0, "bicycle": 0, "density": 0.2, "year_range": "2014-2018"}}, {"type": "Feature", "geometry": {"type": "Point", "coordinates": [-79.762162, 36.084685]}, "properties": {"crashes": 2, "injury": 0, "fatal": 0, "pedestrian": 0, "bicycle": 0, "density": 0.5, "year_range": "2014-2018"}}, {"type": "Feature", "geometry": {"type": "Point", "coordinates": [-79.76036, 36.064865]}, "properties": {"crashes": 1, "injury": 0, "fatal": 0, "pedestrian": 0, "bicycle": 0, "density": 0.2, "year_range": "2014-2018"}}, {"type": "Feature", "geometry": {"type": "Point", "coordinates": [-79.848649, 36.037838]}, "properties": {"crashes": 2, "injury": 0, "fatal": 0, "pedestrian": 0, "bicycle": 0, "density": 0.5, "year_range": "2014-2018"}}, {"type": "Feature", "geometry": {"type": "Point", "coordinates": [-79.769369, 36.045045]}, "properties": {"crashes": 5, "injury": 2, "fatal": 0, "pedestrian": 0, "bicycle": 0, "density": 1.2, "year_range": "2014-2018"}}, {"type": "Feature", "geometry": {"type": "Point", "coordinates": [-79.796396, 36.018018]}, "properties": {"crashes": 1, "injury": 1, "fatal": 0, "pedestrian": 0, "bicycle": 0, "density": 0.2, "year_range": "2014-2018"}}, {"type": "Feature", "geometry": {"type": "Point", "coordinates": [-79.726126, 36.054054]}, "properties": {"crashes": 2, "injury": 1, "fatal": 0, "pedestrian": 0, "bicycle": 0, "density": 0.5, "year_range": "2014-2018"}}, {"type": "Feature", "geometry": {"type": "Point", "coordinates": [-79.884685, 36.117117]}, "properties": {"crashes": 1, "injury": 0, "fatal": 0, "pedestrian": 0, "bicycle": 0, "density": 0.2, "year_range": "2014-2018"}}, {"type": "Feature", "geometry": {"type": "Point", "coordinates": [-79.927928, 36.151351]}, "properties": {"crashes": 1, "injury": 0, "fatal": 0, "pedestrian": 0, "bicycle": 0, "density": 0.2, "year_range": "2014-2018"}}, {"type": "Feature", "geometry": {"type": "Point", "coordinates": [-79.873874, 36.158559]}, "properties": {"crashes": 3, "injury": 0, "fatal": 0, "pedestrian": 0, "bicycle": 0, "density": 0.8, "year_range": "2014-2018"}}, {"type": "Feature", "geometry": {"type": "Point", "coordinates": [-79.935135, 36.12973]}, "properties": {"crashes": 4, "injury": 1, "fatal": 0, "pedestrian": 0, "bicycle": 0, "density": 1.0, "year_range": "2014-2018"}}, {"type": "Feature", "geometry": {"type": "Point", "coordinates": [-79.830631, 36.077477]}, "properties": {"crashes": 1, "injury": 0, "fatal": 0, "pedestrian": 0, "bicycle": 0, "density": 0.2, "year_range": "2014-2018"}}, {"type": "Feature", "geometry": {"type": "Point", "coordinates": [-79.830631, 36.102703]}, "properties": {"crashes": 1, "injury": 1, "fatal": 0, "pedestrian": 0, "bicycle": 0, "density": 0.2, "year_range": "2014-2018"}}, {"type": "Feature", "geometry": {"type": "Point", "coordinates": [-79.940541, 36.135135]}, "properties": {"crashes": 1, "injury": 1, "fatal": 0, "pedestrian": 0, "bicycle": 0, "density": 0.2, "year_range": "2014-2018"}}, {"type": "Feature", "geometry": {"type": "Point", "coordinates": [-79.908108, 36.001802]}, "properties": {"crashes": 2, "injury": 1, "fatal": 0, "pedestrian": 0, "bicycle": 0, "density": 0.5, "year_range": "2014-2018"}}, {"type": "Feature", "geometry": {"type": "Point", "coordinates": [-79.789189, 36.055856]}, "properties": {"crashes": 1, "injury": 0, "fatal": 0, "pedestrian": 0, "bicycle": 0, "density": 0.2, "year_range": "2014-2018"}}, {"type": "Feature", "geometry": {"type": "Point", "coordinates": [-79.809009, 36.030631]}, "properties": {"crashes": 2, "injury": 1, "fatal": 0, "pedestrian": 0, "bicycle": 0, "density": 0.5, "year_range": "2014-2018"}}, {"type": "Feature", "geometry": {"type": "Point", "coordinates": [-79.962162, 36.115315]}, "properties": {"crashes": 1, "injury": 1, "fatal": 0, "pedestrian": 0, "bicycle": 0, "density": 0.2, "year_range": "2014-2018"}}, {"type": "Feature", "geometry": {"type": "Point", "coordinates": [-79.899099, 36.043243]}, "properties": {"crashes": 1, "injury": 1, "fatal": 0, "pedestrian": 0, "bicycle": 0, "density": 0.2, "year_range": "2014-2018"}}, {"type": "Feature", "geometry": {"type": "Point", "coordinates": [-79.76036, 36.059459]}, "properties": {"crashes": 1, "injury": 0, "fatal": 0, "pedestrian": 0, "bicycle": 0, "density": 0.2, "year_range": "2014-2018"}}, {"type": "Feature", "geometry": {"type": "Point", "coordinates": [-79.846847, 36.073874]}, "properties": {"crashes": 1, "injury": 0, "fatal": 0, "pedestrian": 0, "bicycle": 0, "density": 0.2, "year_range": "2014-2018"}}, {"type": "Feature", "geometry": {"type": "Point", "coordinates": [-79.852252, 36.064865]}, "properties": {"crashes": 1, "injury": 0, "fatal": 0, "pedestrian": 0, "bicycle": 0, "density": 0.2, "year_range": "2014-2018"}}, {"type": "Feature", "geometry": {"type": "Point", "coordinates": [-79.810811, 36.099099]}, "properties": {"crashes": 1, "injury": 0, "fatal": 0, "pedestrian": 0, "bicycle": 0, "density": 0.2, "year_range": "2014-2018"}}, {"type": "Feature", "geometry": {"type": "Point", "coordinates": [-79.805405, 36.059459]}, "properties": {"crashes": 1, "injury": 0, "fatal": 0, "pedestrian": 0, "bicycle": 0, "density": 0.2, "year_range": "2014-2018"}}, {"type": "Feature", "geometry": {"type": "Point", "coordinates": [-79.76036, 36.144144]}, "properties": {"crashes": 1, "injury": 1, "fatal": 0, "pedestrian": 0, "bicycle": 0, "density": 0.2, "year_range": "2014-2018"}}, {"type": "Feature", "geometry": {"type": "Point", "coordinates": [-79.915315, 36.077477]}, "properties": {"crashes": 1, "injury": 1, "fatal": 0, "pedestrian": 0, "bicycle": 0, "density": 0.2, "year_range": "2014-2018"}}, {"type": "Feature", "geometry": {"type": "Point", "coordinates": [-79.762162, 36.059459]}, "properties": {"crashes": 1, "injury": 0, "fatal": 0, "pedestrian": 0, "bicycle": 0, "density": 0.2, "year_range": "2014-2018"}}, {"type": "Feature", "geometry": {"type": "Point", "coordinates": [-79.83964, 36.068468]}, "properties": {"crashes": 1, "injury": 0, "fatal": 0, "pedestrian": 0, "bicycle": 0, "density": 0.2, "year_range": "2014-2018"}}, {"type": "Feature", "geometry": {"type": "Point", "coordinates": [-79.915315, 36.082883]}, "properties": {"crashes": 1, "injury": 1, "fatal": 0, "pedestrian": 0, "bicycle": 0, "density": 0.2, "year_range": "2014-2018"}}, {"type": "Feature", "geometry": {"type": "Point", "coordinates": [-79.754955, 36.097297]}, "properties": {"crashes": 3, "injury": 2, "fatal": 0, "pedestrian": 0, "bicycle": 0, "density": 0.8, "year_range": "2014-2018"}}, {"type": "Feature", "geometry": {"type": "Point", "coordinates": [-79.837838, 36.172973]}, "properties": {"crashes": 1, "injury": 1, "fatal": 0, "pedestrian": 0, "bicycle": 0, "density": 0.2, "year_range": "2014-2018"}}, {"type": "Feature", "geometry": {"type": "Point", "coordinates": [-79.848649, 36.061261]}, "properties": {"crashes": 1, "injury": 0, "fatal": 0, "pedestrian": 0, "bicycle": 0, "density": 0.2, "year_range": "2014-2018"}}, {"type": "Feature", "geometry": {"type": "Point", "coordinates": [-79.801802, 36.12973]}, "properties": {"crashes": 1, "injury": 1, "fatal": 0, "pedestrian": 0, "bicycle": 0, "density": 0.2, "year_range": "2014-2018"}}, {"type": "Feature", "geometry": {"type": "Point", "coordinates": [-79.981982, 36.108108]}, "properties": {"crashes": 2, "injury": 1, "fatal": 0, "pedestrian": 0, "bicycle": 0, "density": 0.5, "year_range": "2014-2018"}}, {"type": "Feature", "geometry": {"type": "Point", "coordinates": [-79.96036, 36.064865]}, "properties": {"crashes": 3, "injury": 3, "fatal": 0, "pedestrian": 0, "bicycle": 0, "density": 0.8, "year_range": "2014-2018"}}, {"type": "Feature", "geometry": {"type": "Point", "coordinates": [-79.78018, 36.113514]}, "properties": {"crashes": 1, "injury": 0, "fatal": 0, "pedestrian": 0, "bicycle": 0, "density": 0.2, "year_range": "2014-2018"}}, {"type": "Feature", "geometry": {"type": "Point", "coordinates": [-79.917117, 36.072072]}, "properties": {"crashes": 2, "injury": 1, "fatal": 0, "pedestrian": 0, "bicycle": 0, "density": 0.5, "year_range": "2014-2018"}}, {"type": "Feature", "geometry": {"type": "Point", "coordinates": [-79.954955, 36.082883]}, "properties": {"crashes": 1, "injury": 0, "fatal": 0, "pedestrian": 0, "bicycle": 0, "density": 0.2, "year_range": "2014-2018"}}, {"type": "Feature", "geometry": {"type": "Point", "coordinates": [-79.861261, 36.018018]}, "properties": {"crashes": 1, "injury": 0, "fatal": 0, "pedestrian": 0, "bicycle": 0, "density": 0.2, "year_range": "2014-2018"}}, {"type": "Feature", "geometry": {"type": "Point", "coordinates": [-79.753153, 36.117117]}, "properties": {"crashes": 3, "injury": 2, "fatal": 0, "pedestrian": 0, "bicycle": 0, "density": 0.8, "year_range": "2014-2018"}}, {"type": "Feature", "geometry": {"type": "Point", "coordinates": [-79.781982, 36.066667]}, "properties": {"crashes": 2, "injury": 2, "fatal": 0, "pedestrian": 0, "bicycle": 0, "density": 0.5, "year_range": "2014-2018"}}, {"type": "Feature", "geometry": {"type": "Point", "coordinates": [-79.823423, 36.088288]}, "properties": {"crashes": 1, "injury": 0, "fatal": 0, "pedestrian": 0, "bicycle": 0, "density": 0.2, "year_range": "2014-2018"}}, {"type": "Feature", "geometry": {"type": "Point", "coordinates": [-79.906306, 36.088288]}, "properties": {"crashes": 1, "injury": 0, "fatal": 0, "pedestrian": 0, "bicycle": 0, "density": 0.2, "year_range": "2014-2018"}}, {"type": "Feature", "geometry": {"type": "Point", "coordinates": [-79.886486, 36.140541]}, "properties": {"crashes": 3, "injury": 1, "fatal": 0, "pedestrian": 0, "bicycle": 0, "density": 0.8, "year_range": "2014-2018"}}, {"type": "Feature", "geometry": {"type": "Point", "coordinates": [-79.818018, 36.099099]}, "properties": {"crashes": 3, "injury": 2, "fatal": 0, "pedestrian": 0, "bicycle": 0, "density": 0.8, "year_range": "2014-2018"}}, {"type": "Feature", "geometry": {"type": "Point", "coordinates": [-79.915315, 36.153153]}, "properties": {"crashes": 1, "injury": 0, "fatal": 0, "pedestrian": 0, "bicycle": 0, "density": 0.2, "year_range": "2014-2018"}}, {"type": "Feature", "geometry": {"type": "Point", "coordinates": [-79.807207, 36.127928]}, "properties": {"crashes": 1, "injury": 0, "fatal": 0, "pedestrian": 0, "bicycle": 0, "density": 0.2, "year_range": "2014-2018"}}, {"type": "Feature", "geometry": {"type": "Point", "coordinates": [-79.785586, 36.086486]}, "properties": {"crashes": 5, "injury": 2, "fatal": 0, "pedestrian": 0, "bicycle": 0, "density": 1.2, "year_range": "2014-2018"}}, {"type": "Feature", "geometry": {"type": "Point", "coordinates": [-79.807207, 36.03964]}, "properties": {"crashes": 1, "injury": 0, "fatal": 0, "pedestrian": 0, "bicycle": 0, "density": 0.2, "year_range": "2014-2018"}}, {"type": "Feature", "geometry": {"type": "Point", "coordinates": [-79.873874, 36.032432]}, "properties": {"crashes": 4, "injury": 3, "fatal": 0, "pedestrian": 0, "bicycle": 0, "density": 1.0, "year_range": "2014-2018"}}, {"type": "Feature", "geometry": {"type": "Point", "coordinates": [-79.772973, 36.093694]}, "properties": {"crashes": 1, "injury": 1, "fatal": 0, "pedestrian": 0, "bicycle": 0, "density": 0.2, "year_range": "2014-2018"}}, {"type": "Feature", "geometry": {"type": "Point", "coordinates": [-79.906306, 36.084685]}, "properties": {"crashes": 1, "injury": 0, "fatal": 0, "pedestrian": 0, "bicycle": 0, "density": 0.2, "year_range": "2014-2018"}}, {"type": "Feature", "geometry": {"type": "Point", "coordinates": [-79.827027, 36.073874]}, "properties": {"crashes": 1, "injury": 1, "fatal": 0, "pedestrian": 0, "bicycle": 0, "density": 0.2, "year_range": "2014-2018"}}, {"type": "Feature", "geometry": {"type": "Point", "coordinates": [-79.796396, 36.12973]}, "properties": {"crashes": 2, "injury": 1, "fatal": 0, "pedestrian": 0, "bicycle": 0, "density": 0.5, "year_range": "2014-2018"}}, {"type": "Feature", "geometry": {"type": "Point", "coordinates": [-79.89009, 36.07027]}, "properties": {"crashes": 1, "injury": 0, "fatal": 0, "pedestrian": 0, "bicycle": 0, "density": 0.2, "year_range": "2014-2018"}}, {"type": "Feature", "geometry": {"type": "Point", "coordinates": [-79.899099, 36.018018]}, "properties": {"crashes": 1, "injury": 0, "fatal": 0, "pedestrian": 0, "bicycle": 0, "density": 0.2, "year_range": "2014-2018"}}, {"type": "Feature", "geometry": {"type": "Point", "coordinates": [-79.801802, 36.027027]}, "properties": {"crashes": 3, "injury": 1, "fatal": 0, "pedestrian": 0, "bicycle": 0, "density": 0.8, "year_range": "2014-2018"}}, {"type": "Feature", "geometry": {"type": "Point", "coordinates": [-79.781982, 36.054054]}, "properties": {"crashes": 1, "injury": 1, "fatal": 0, "pedestrian": 0, "bicycle": 0, "density": 0.2, "year_range": "2014-2018"}}, {"type": "Feature", "geometry": {"type": "Point", "coordinates": [-79.740541, 36.09009]}, "properties": {"crashes": 1, "injury": 0, "fatal": 0, "pedestrian": 0, "bicycle": 0, "density": 0.2, "year_range": "2014-2018"}}, {"type": "Feature", "geometry": {"type": "Point", "coordinates": [-79.90991, 36.016216]}, "properties": {"crashes": 1, "injury": 0, "fatal": 0, "pedestrian": 0, "bicycle": 0, "density": 0.2, "year_range": "2014-2018"}}, {"type": "Feature", "geometry": {"type": "Point", "coordinates": [-79.790991, 36.135135]}, "properties": {"crashes": 1, "injury": 0, "fatal": 0, "pedestrian": 0, "bicycle": 0, "density": 0.2, "year_range": "2014-2018"}}, {"type": "Feature", "geometry": {"type": "Point", "coordinates": [-79.747748, 36.055856]}, "properties": {"crashes": 3, "injury": 2, "fatal": 0, "pedestrian": 0, "bicycle": 0, "density": 0.8, "year_range": "2014-2018"}}, {"type": "Feature", "geometry": {"type": "Point", "coordinates": [-79.733333, 36.093694]}, "properties": {"crashes": 1, "injury": 0, "fatal": 0, "pedestrian": 0, "bicycle": 0, "density": 0.2, "year_range": "2014-2018"}}, {"type": "Feature", "geometry": {"type": "Point", "coordinates": [-79.823423, 36.023423]}, "properties": {"crashes": 1, "injury": 0, "fatal": 0, "pedestrian": 0, "bicycle": 0, "density": 0.2, "year_range": "2014-2018"}}, {"type": "Feature", "geometry": {"type": "Point", "coordinates": [-79.679279, 36.057658]}, "properties": {"crashes": 2, "injury": 1, "fatal": 0, "pedestrian": 0, "bicycle": 0, "density": 0.5, "year_range": "2014-2018"}}, {"type": "Feature", "geometry": {"type": "Point", "coordinates": [-79.790991, 36.003604]}, "properties": {"crashes": 3, "injury": 0, "fatal": 0, "pedestrian": 0, "bicycle": 0, "density": 0.8, "year_range": "2014-2018"}}, {"type": "Feature", "geometry": {"type": "Point", "coordinates": [-79.776577, 36.068468]}, "properties": {"crashes": 4, "injury": 3, "fatal": 0, "pedestrian": 0, "bicycle": 0, "density": 1.0, "year_range": "2014-2018"}}, {"type": "Feature", "geometry": {"type": "Point", "coordinates": [-79.854054, 36.111712]}, "properties": {"crashes": 1, "injury": 0, "fatal": 0, "pedestrian": 0, "bicycle": 0, "density": 0.2, "year_range": "2014-2018"}}, {"type": "Feature", "geometry": {"type": "Point", "coordinates": [-79.731532, 36.088288]}, "properties": {"crashes": 1, "injury": 0, "fatal": 0, "pedestrian": 0, "bicycle": 0, "density": 0.2, "year_range": "2014-2018"}}, {"type": "Feature", "geometry": {"type": "Point", "coordinates": [-79.832432, 36.032432]}, "properties": {"crashes": 1, "injury": 0, "fatal": 0, "pedestrian": 0, "bicycle": 0, "density": 0.2, "year_range": "2014-2018"}}, {"type": "Feature", "geometry": {"type": "Point", "coordinates": [-79.978378, 36.108108]}, "properties": {"crashes": 1, "injury": 0, "fatal": 0, "pedestrian": 0, "bicycle": 0, "density": 0.2, "year_range": "2014-2018"}}, {"type": "Feature", "geometry": {"type": "Point", "coordinates": [-79.848649, 36.007207]}, "properties": {"crashes": 1, "injury": 1, "fatal": 0, "pedestrian": 0, "bicycle": 0, "density": 0.2, "year_range": "2014-2018"}}, {"type": "Feature", "geometry": {"type": "Point", "coordinates": [-79.792793, 36.01982]}, "properties": {"crashes": 1, "injury": 1, "fatal": 0, "pedestrian": 0, "bicycle": 0, "density": 0.2, "year_range": "2014-2018"}}, {"type": "Feature", "geometry": {"type": "Point", "coordinates": [-79.89009, 36.095495]}, "properties": {"crashes": 2, "injury": 1, "fatal": 0, "pedestrian": 0, "bicycle": 0, "density": 0.5, "year_range": "2014-2018"}}, {"type": "Feature", "geometry": {"type": "Point", "coordinates": [-79.866667, 36.016216]}, "properties": {"crashes": 1, "injury": 0, "fatal": 0, "pedestrian": 0, "bicycle": 0, "density": 0.2, "year_range": "2014-2018"}}, {"type": "Feature", "geometry": {"type": "Point", "coordinates": [-79.76036, 36.131532]}, "properties": {"crashes": 2, "injury": 0, "fatal": 0, "pedestrian": 0, "bicycle": 0, "density": 0.5, "year_range": "2014-2018"}}, {"type": "Feature", "geometry": {"type": "Point", "coordinates": [-79.821622, 36.066667]}, "properties": {"crashes": 1, "injury": 0, "fatal": 0, "pedestrian": 0, "bicycle": 0, "density": 0.2, "year_range": "2014-2018"}}, {"type": "Feature", "geometry": {"type": "Point", "coordinates": [-79.857658, 36.102703]}, "properties": {"crashes": 2, "injury": 1, "fatal": 0, "pedestrian": 0, "bicycle": 0, "density": 0.5, "year_range": "2014-2018"}}, {"type": "Feature", "geometry": {"type": "Point", "coordinates": [-79.765766, 36.084685]}, "properties": {"crashes": 4, "injury": 0, "fatal": 0, "pedestrian": 0, "bicycle": 0, "density": 1.0, "year_range": "2014-2018"}}, {"type": "Feature", "geometry": {"type": "Point", "coordinates": [-79.74955, 36.079279]}, "properties": {"crashes": 1, "injury": 0, "fatal": 0, "pedestrian": 0, "bicycle": 0, "density": 0.2, "year_range": "2014-2018"}}, {"type": "Feature", "geometry": {"type": "Point", "coordinates": [-79.897297, 36.057658]}, "properties": {"crashes": 4, "injury": 0, "fatal": 0, "pedestrian": 0, "bicycle": 0, "density": 1.0, "year_range": "2014-2018"}}, {"type": "Feature", "geometry": {"type": "Point", "coordinates": [-79.855856, 36.136937]}, "properties": {"crashes": 1, "injury": 0, "fatal": 0, "pedestrian": 0, "bicycle": 0, "density": 0.2, "year_range": "2014-2018"}}, {"type": "Feature", "geometry": {"type": "Point", "coordinates": [-79.767568, 36.108108]}, "properties": {"crashes": 1, "injury": 1, "fatal": 0, "pedestrian": 0, "bicycle": 0, "density": 0.2, "year_range": "2014-2018"}}, {"type": "Feature", "geometry": {"type": "Point", "coordinates": [-79.852252, 36.061261]}, "properties": {"crashes": 2, "injury": 1, "fatal": 0, "pedestrian": 0, "bicycle": 0, "density": 0.5, "year_range": "2014-2018"}}, {"type": "Feature", "geometry": {"type": "Point", "coordinates": [-79.790991, 36.028829]}, "properties": {"crashes": 5, "injury": 1, "fatal": 0, "pedestrian": 0, "bicycle": 0, "density": 1.2, "year_range": "2014-2018"}}, {"type": "Feature", "geometry": {"type": "Point", "coordinates": [-79.913514, 36.064865]}, "properties": {"crashes": 1, "injury": 1, "fatal": 0, "pedestrian": 0, "bicycle": 0, "density": 0.2, "year_range": "2014-2018"}}, {"type": "Feature", "geometry": {"type": "Point", "coordinates": [-79.727928, 36.097297]}, "properties": {"crashes": 2, "injury": 2, "fatal": 0, "pedestrian": 0, "bicycle": 0, "density": 0.5, "year_range": "2014-2018"}}, {"type": "Feature", "geometry": {"type": "Point", "coordinates": [-79.873874, 36.075676]}, "properties": {"crashes": 1, "injury": 0, "fatal": 0, "pedestrian": 0, "bicycle": 0, "density": 0.2, "year_range": "2014-2018"}}, {"type": "Feature", "geometry": {"type": "Point", "coordinates": [-79.866667, 36.126126]}, "properties": {"crashes": 1, "injury": 0, "fatal": 0, "pedestrian": 0, "bicycle": 0, "density": 0.2, "year_range": "2014-2018"}}, {"type": "Feature", "geometry": {"type": "Point", "coordinates": [-79.809009, 36.127928]}, "properties": {"crashes": 1, "injury": 0, "fatal": 0, "pedestrian": 0, "bicycle": 0, "density": 0.2, "year_range": "2014-2018"}}, {"type": "Feature", "geometry": {"type": "Point", "coordinates": [-79.790991, 36.147748]}, "properties": {"crashes": 3, "injury": 2, "fatal": 0, "pedestrian": 0, "bicycle": 0, "density": 0.8, "year_range": "2014-2018"}}, {"type": "Feature", "geometry": {"type": "Point", "coordinates": [-79.818018, 36.073874]}, "properties": {"crashes": 1, "injury": 0, "fatal": 0, "pedestrian": 0, "bicycle": 0, "density": 0.2, "year_range": "2014-2018"}}, {"type": "Feature", "geometry": {"type": "Point", "coordinates": [-79.886486, 36.122523]}, "properties": {"crashes": 1, "injury": 0, "fatal": 0, "pedestrian": 0, "bicycle": 0, "density": 0.2, "year_range": "2014-2018"}}, {"type": "Feature", "geometry": {"type": "Point", "coordinates": [-79.821622, 36.108108]}, "properties": {"crashes": 1, "injury": 1, "fatal": 0, "pedestrian": 0, "bicycle": 0, "density": 0.2, "year_range": "2014-2018"}}, {"type": "Feature", "geometry": {"type": "Point", "coordinates": [-79.881081, 36.072072]}, "properties": {"crashes": 1, "injury": 0, "fatal": 0, "pedestrian": 0, "bicycle": 0, "density": 0.2, "year_range": "2014-2018"}}, {"type": "Feature", "geometry": {"type": "Point", "coordinates": [-79.846847, 36.045045]}, "properties": {"crashes": 4, "injury": 2, "fatal": 0, "pedestrian": 0, "bicycle": 0, "density": 1.0, "year_range": "2014-2018"}}, {"type": "Feature", "geometry": {"type": "Point", "coordinates": [-79.913514, 36.138739]}, "properties": {"crashes": 2, "injury": 0, "fatal": 0, "pedestrian": 0, "bicycle": 0, "density": 0.5, "year_range": "2014-2018"}}, {"type": "Feature", "geometry": {"type": "Point", "coordinates": [-79.688288, 36.059459]}, "properties": {"crashes": 2, "injury": 0, "fatal": 0, "pedestrian": 0, "bicycle": 0, "density": 0.5, "year_range": "2014-2018"}}, {"type": "Feature", "geometry": {"type": "Point", "coordinates": [-79.830631, 36.122523]}, "properties": {"crashes": 1, "injury": 0, "fatal": 0, "pedestrian": 0, "bicycle": 0, "density": 0.2, "year_range": "2014-2018"}}, {"type": "Feature", "geometry": {"type": "Point", "coordinates": [-79.717117, 36.03964]}, "properties": {"crashes": 1, "injury": 0, "fatal": 0, "pedestrian": 0, "bicycle": 0, "density": 0.2, "year_range": "2014-2018"}}, {"type": "Feature", "geometry": {"type": "Point", "coordinates": [-79.772973, 36.055856]}, "properties": {"crashes": 1, "injury": 0, "fatal": 0, "pedestrian": 0, "bicycle": 0, "density": 0.2, "year_range": "2014-2018"}}, {"type": "Feature", "geometry": {"type": "Point", "coordinates": [-79.832432, 36.043243]}, "properties": {"crashes": 2, "injury": 1, "fatal": 0, "pedestrian": 0, "bicycle": 0, "density": 0.5, "year_range": "2014-2018"}}, {"type": "Feature", "geometry": {"type": "Point", "coordinates": [-79.994595, 36.102703]}, "properties": {"crashes": 1, "injury": 1, "fatal": 0, "pedestrian": 0, "bicycle": 0, "density": 0.2, "year_range": "2014-2018"}}, {"type": "Feature", "geometry": {"type": "Point", "coordinates": [-79.884685, 36.145946]}, "properties": {"crashes": 1, "injury": 0, "fatal": 0, "pedestrian": 0, "bicycle": 0, "density": 0.2, "year_range": "2014-2018"}}, {"type": "Feature", "geometry": {"type": "Point", "coordinates": [-79.756757, 36.127928]}, "properties": {"crashes": 1, "injury": 1, "fatal": 0, "pedestrian": 0, "bicycle": 0, "density": 0.2, "year_range": "2014-2018"}}, {"type": "Feature", "geometry": {"type": "Point", "coordinates": [-79.733333, 36.16036]}, "properties": {"crashes": 1, "injury": 0, "fatal": 0, "pedestrian": 0, "bicycle": 0, "density": 0.2, "year_range": "2014-2018"}}, {"type": "Feature", "geometry": {"type": "Point", "coordinates": [-79.744144, 36.095495]}, "properties": {"crashes": 2, "injury": 1, "fatal": 0, "pedestrian": 0, "bicycle": 0, "density": 0.5, "year_range": "2014-2018"}}, {"type": "Feature", "geometry": {"type": "Point", "coordinates": [-79.785586, 36.082883]}, "properties": {"crashes": 1, "injury": 0, "fatal": 0, "pedestrian": 0, "bicycle": 0, "density": 0.2, "year_range": "2014-2018"}}, {"type": "Feature", "geometry": {"type": "Point", "coordinates": [-79.846847, 36.012613]}, "properties": {"crashes": 2, "injury": 1, "fatal": 0, "pedestrian": 0, "bicycle": 0, "density": 0.5, "year_range": "2014-2018"}}, {"type": "Feature", "geometry": {"type": "Point", "coordinates": [-79.736937, 36.079279]}, "properties": {"crashes": 2, "injury": 0, "fatal": 0, "pedestrian": 0, "bicycle": 0, "density": 0.5, "year_range": "2014-2018"}}, {"type": "Feature", "geometry": {"type": "Point", "coordinates": [-79.76036, 36.052252]}, "properties": {"crashes": 1, "injury": 0, "fatal": 0, "pedestrian": 0, "bicycle": 0, "density": 0.2, "year_range": "2014-2018"}}, {"type": "Feature", "geometry": {"type": "Point", "coordinates": [-79.76036, 36.117117]}, "properties": {"crashes": 1, "injury": 0, "fatal": 0, "pedestrian": 0, "bicycle": 0, "density": 0.2, "year_range": "2014-2018"}}, {"type": "Feature", "geometry": {"type": "Point", "coordinates": [-79.89009, 36.048649]}, "properties": {"crashes": 2, "injury": 2, "fatal": 0, "pedestrian": 0, "bicycle": 0, "density": 0.5, "year_range": "2014-2018"}}, {"type": "Feature", "geometry": {"type": "Point", "coordinates": [-79.848649, 36.131532]}, "properties": {"crashes": 1, "injury": 0, "fatal": 0, "pedestrian": 0, "bicycle": 0, "density": 0.2, "year_range": "2014-2018"}}, {"type": "Feature", "geometry": {"type": "Point", "coordinates": [-79.933333, 36.126126]}, "properties": {"crashes": 3, "injury": 1, "fatal": 0, "pedestrian": 0, "bicycle": 0, "density": 0.8, "year_range": "2014-2018"}}, {"type": "Feature", "geometry": {"type": "Point", "coordinates": [-79.785586, 36.075676]}, "properties": {"crashes": 1, "injury": 0, "fatal": 0, "pedestrian": 0, "bicycle": 0, "density": 0.2, "year_range": "2014-2018"}}, {"type": "Feature", "geometry": {"type": "Point", "coordinates": [-79.767568, 36.091892]}, "properties": {"crashes": 2, "injury": 1, "fatal": 0, "pedestrian": 0, "bicycle": 0, "density": 0.5, "year_range": "2014-2018"}}, {"type": "Feature", "geometry": {"type": "Point", "coordinates": [-79.781982, 36.140541]}, "properties": {"crashes": 1, "injury": 1, "fatal": 0, "pedestrian": 0, "bicycle": 0, "density": 0.2, "year_range": "2014-2018"}}, {"type": "Feature", "geometry": {"type": "Point", "coordinates": [-79.742342, 36.165766]}, "properties": {"crashes": 1, "injury": 0, "fatal": 0, "pedestrian": 0, "bicycle": 0, "density": 0.2, "year_range": "2014-2018"}}, {"type": "Feature", "geometry": {"type": "Point", "coordinates": [-79.751351, 36.084685]}, "properties": {"crashes": 1, "injury": 0, "fatal": 0, "pedestrian": 0, "bicycle": 0, "density": 0.2, "year_range": "2014-2018"}}, {"type": "Feature", "geometry": {"type": "Point", "coordinates": [-79.917117, 36.075676]}, "properties": {"crashes": 1, "injury": 0, "fatal": 0, "pedestrian": 0, "bicycle": 0, "density": 0.2, "year_range": "2014-2018"}}, {"type": "Feature", "geometry": {"type": "Point", "coordinates": [-79.762162, 36.10991]}, "properties": {"crashes": 1, "injury": 0, "fatal": 0, "pedestrian": 0, "bicycle": 0, "density": 0.2, "year_range": "2014-2018"}}, {"type": "Feature", "geometry": {"type": "Point", "coordinates": [-79.754955, 36.072072]}, "properties": {"crashes": 1, "injury": 0, "fatal": 0, "pedestrian": 0, "bicycle": 0, "density": 0.2, "year_range": "2014-2018"}}, {"type": "Feature", "geometry": {"type": "Point", "coordinates": [-79.854054, 36.059459]}, "properties": {"crashes": 4, "injury": 0, "fatal": 0, "pedestrian": 0, "bicycle": 0, "density": 1.0, "year_range": "2014-2018"}}, {"type": "Feature", "geometry": {"type": "Point", "coordinates": [-79.900901, 36.088288]}, "properties": {"crashes": 1, "injury": 1, "fatal": 0, "pedestrian": 0, "bicycle": 0, "density": 0.2, "year_range": "2014-2018"}}, {"type": "Feature", "geometry": {"type": "Point", "coordinates": [-79.828829, 36.095495]}, "properties": {"crashes": 1, "injury": 1, "fatal": 0, "pedestrian": 0, "bicycle": 0, "density": 0.2, "year_range": "2014-2018"}}, {"type": "Feature", "geometry": {"type": "Point", "coordinates": [-79.823423, 36.097297]}, "properties": {"crashes": 1, "injury": 0, "fatal": 0, "pedestrian": 0, "bicycle": 0, "density": 0.2, "year_range": "2014-2018"}}, {"type": "Feature", "geometry": {"type": "Point", "coordinates": [-79.801802, 36.115315]}, "properties": {"crashes": 2, "injury": 0, "fatal": 0, "pedestrian": 0, "bicycle": 0, "density": 0.5, "year_range": "2014-2018"}}, {"type": "Feature", "geometry": {"type": "Point", "coordinates": [-79.805405, 36.081081]}, "properties": {"crashes": 1, "injury": 1, "fatal": 0, "pedestrian": 0, "bicycle": 0, "density": 0.2, "year_range": "2014-2018"}}, {"type": "Feature", "geometry": {"type": "Point", "coordinates": [-79.888288, 36.046847]}, "properties": {"crashes": 1, "injury": 0, "fatal": 0, "pedestrian": 0, "bicycle": 0, "density": 0.2, "year_range": "2014-2018"}}, {"type": "Feature", "geometry": {"type": "Point", "coordinates": [-79.792793, 36.068468]}, "properties": {"crashes": 4, "injury": 1, "fatal": 0, "pedestrian": 0, "bicycle": 0, "density": 1.0, "year_range": "2014-2018"}}, {"type": "Feature", "geometry": {"type": "Point", "coordinates": [-79.963964, 36.100901]}, "properties": {"crashes": 1, "injury": 0, "fatal": 0, "pedestrian": 0, "bicycle": 0, "density": 0.2, "year_range": "2014-2018"}}, {"type": "Feature", "geometry": {"type": "Point", "coordinates": [-79.792793, 36.059459]}, "properties": {"crashes": 2, "injury": 2, "fatal": 0, "pedestrian": 0, "bicycle": 0, "density": 0.5, "year_range": "2014-2018"}}, {"type": "Feature", "geometry": {"type": "Point", "coordinates": [-79.733333, 36.095495]}, "properties": {"crashes": 1, "injury": 0, "fatal": 0, "pedestrian": 0, "bicycle": 0, "density": 0.2, "year_range": "2014-2018"}}, {"type": "Feature", "geometry": {"type": "Point", "coordinates": [-79.873874, 35.992793]}, "properties": {"crashes": 1, "injury": 1, "fatal": 0, "pedestrian": 0, "bicycle": 0, "density": 0.2, "year_range": "2014-2018"}}, {"type": "Feature", "geometry": {"type": "Point", "coordinates": [-79.859459, 36.036036]}, "properties": {"crashes": 1, "injury": 0, "fatal": 0, "pedestrian": 0, "bicycle": 0, "density": 0.2, "year_range": "2014-2018"}}, {"type": "Feature", "geometry": {"type": "Point", "coordinates": [-79.944144, 36.136937]}, "properties": {"crashes": 2, "injury": 0, "fatal": 0, "pedestrian": 0, "bicycle": 0, "density": 0.5, "year_range": "2014-2018"}}, {"type": "Feature", "geometry": {"type": "Point", "coordinates": [-79.922523, 36.120721]}, "properties": {"crashes": 2, "injury": 0, "fatal": 0, "pedestrian": 0, "bicycle": 0, "density": 0.5, "year_range": "2014-2018"}}, {"type": "Feature", "geometry": {"type": "Point", "coordinates": [-79.924324, 36.120721]}, "properties": {"crashes": 2, "injury": 0, "fatal": 0, "pedestrian": 0, "bicycle": 0, "density": 0.5, "year_range": "2014-2018"}}, {"type": "Feature", "geometry": {"type": "Point", "coordinates": [-79.888288, 36.034234]}, "properties": {"crashes": 1, "injury": 1, "fatal": 0, "pedestrian": 0, "bicycle": 0, "density": 0.2, "year_range": "2014-2018"}}, {"type": "Feature", "geometry": {"type": "Point", "coordinates": [-79.888288, 36.14955]}, "properties": {"crashes": 1, "injury": 0, "fatal": 0, "pedestrian": 0, "bicycle": 0, "density": 0.2, "year_range": "2014-2018"}}, {"type": "Feature", "geometry": {"type": "Point", "coordinates": [-79.825225, 36.099099]}, "properties": {"crashes": 2, "injury": 1, "fatal": 0, "pedestrian": 0, "bicycle": 0, "density": 0.5, "year_range": "2014-2018"}}, {"type": "Feature", "geometry": {"type": "Point", "coordinates": [-79.915315, 36.018018]}, "properties": {"crashes": 1, "injury": 1, "fatal": 0, "pedestrian": 0, "bicycle": 0, "density": 0.2, "year_range": "2014-2018"}}, {"type": "Feature", "geometry": {"type": "Point", "coordinates": [-79.787387, 36.07027]}, "properties": {"crashes": 2, "injury": 1, "fatal": 0, "pedestrian": 0, "bicycle": 0, "density": 0.5, "year_range": "2014-2018"}}, {"type": "Feature", "geometry": {"type": "Point", "coordinates": [-79.888288, 36.095495]}, "properties": {"crashes": 2, "injury": 1, "fatal": 0, "pedestrian": 0, "bicycle": 0, "density": 0.5, "year_range": "2014-2018"}}, {"type": "Feature", "geometry": {"type": "Point", "coordinates": [-79.899099, 36.012613]}, "properties": {"crashes": 1, "injury": 0, "fatal": 0, "pedestrian": 0, "bicycle": 0, "density": 0.2, "year_range": "2014-2018"}}, {"type": "Feature", "geometry": {"type": "Point", "coordinates": [-79.886486, 36.082883]}, "properties": {"crashes": 1, "injury": 0, "fatal": 0, "pedestrian": 0, "bicycle": 0, "density": 0.2, "year_range": "2014-2018"}}, {"type": "Feature", "geometry": {"type": "Point", "coordinates": [-79.681081, 36.086486]}, "properties": {"crashes": 1, "injury": 1, "fatal": 0, "pedestrian": 0, "bicycle": 0, "density": 0.2, "year_range": "2014-2018"}}, {"type": "Feature", "geometry": {"type": "Point", "coordinates": [-79.908108, 36.108108]}, "properties": {"crashes": 1, "injury": 0, "fatal": 0, "pedestrian": 0, "bicycle": 0, "density": 0.2, "year_range": "2014-2018"}}, {"type": "Feature", "geometry": {"type": "Point", "coordinates": [-79.803604, 36.043243]}, "properties": {"crashes": 3, "injury": 1, "fatal": 0, "pedestrian": 0, "bicycle": 0, "density": 0.8, "year_range": "2014-2018"}}, {"type": "Feature", "geometry": {"type": "Point", "coordinates": [-79.904505, 36.064865]}, "properties": {"crashes": 1, "injury": 0, "fatal": 0, "pedestrian": 0, "bicycle": 0, "density": 0.2, "year_range": "2014-2018"}}, {"type": "Feature", "geometry": {"type": "Point", "coordinates": [-79.877477, 36.082883]}, "properties": {"crashes": 1, "injury": 0, "fatal": 0, "pedestrian": 0, "bicycle": 0, "density": 0.2, "year_range": "2014-2018"}}, {"type": "Feature", "geometry": {"type": "Point", "coordinates": [-79.859459, 36.041441]}, "properties": {"crashes": 1, "injury": 0, "fatal": 0, "pedestrian": 0, "bicycle": 0, "density": 0.2, "year_range": "2014-2018"}}, {"type": "Feature", "geometry": {"type": "Point", "coordinates": [-79.872072, 36.075676]}, "properties": {"crashes": 1, "injury": 1, "fatal": 0, "pedestrian": 0, "bicycle": 0, "density": 0.2, "year_range": "2014-2018"}}, {"type": "Feature", "geometry": {"type": "Point", "coordinates": [-79.745946, 36.077477]}, "properties": {"crashes": 1, "injury": 0, "fatal": 0, "pedestrian": 0, "bicycle": 0, "density": 0.2, "year_range": "2014-2018"}}, {"type": "Feature", "geometry": {"type": "Point", "coordinates": [-79.794595, 36.059459]}, "properties": {"crashes": 2, "injury": 1, "fatal": 0, "pedestrian": 0, "bicycle": 0, "density": 0.5, "year_range": "2014-2018"}}, {"type": "Feature", "geometry": {"type": "Point", "coordinates": [-79.908108, 36.075676]}, "properties": {"crashes": 1, "injury": 0, "fatal": 0, "pedestrian": 0, "bicycle": 0, "density": 0.2, "year_range": "2014-2018"}}, {"type": "Feature", "geometry": {"type": "Point", "coordinates": [-79.841441, 36.041441]}, "properties": {"crashes": 3, "injury": 0, "fatal": 0, "pedestrian": 0, "bicycle": 0, "density": 0.8, "year_range": "2014-2018"}}, {"type": "Feature", "geometry": {"type": "Point", "coordinates": [-79.947748, 36.077477]}, "properties": {"crashes": 2, "injury": 1, "fatal": 0, "pedestrian": 0, "bicycle": 0, "density": 0.5, "year_range": "2014-2018"}}, {"type": "Feature", "geometry": {"type": "Point", "coordinates": [-79.762162, 36.030631]}, "properties": {"crashes": 1, "injury": 0, "fatal": 0, "pedestrian": 0, "bicycle": 0, "density": 0.2, "year_range": "2014-2018"}}, {"type": "Feature", "geometry": {"type": "Point", "coordinates": [-79.769369, 36.142342]}, "properties": {"crashes": 2, "injury": 2, "fatal": 0, "pedestrian": 0, "bicycle": 0, "density": 0.5, "year_range": "2014-2018"}}, {"type": "Feature", "geometry": {"type": "Point", "coordinates": [-79.70991, 36.153153]}, "properties": {"crashes": 2, "injury": 0, "fatal": 0, "pedestrian": 0, "bicycle": 0, "density": 0.5, "year_range": "2014-2018"}}, {"type": "Feature", "geometry": {"type": "Point", "coordinates": [-79.872072, 36.046847]}, "properties": {"crashes": 1, "injury": 0, "fatal": 0, "pedestrian": 0, "bicycle": 0, "density": 0.2, "year_range": "2014-2018"}}, {"type": "Feature", "geometry": {"type": "Point", "coordinates": [-79.922523, 36.133333]}, "properties": {"crashes": 1, "injury": 0, "fatal": 0, "pedestrian": 0, "bicycle": 0, "density": 0.2, "year_range": "2014-2018"}}, {"type": "Feature", "geometry": {"type": "Point", "coordinates": [-79.78018, 36.156757]}, "properties": {"crashes": 1, "injury": 1, "fatal": 0, "pedestrian": 0, "bicycle": 0, "density": 0.2, "year_range": "2014-2018"}}, {"type": "Feature", "geometry": {"type": "Point", "coordinates": [-79.744144, 36.144144]}, "properties": {"crashes": 2, "injury": 0, "fatal": 0, "pedestrian": 0, "bicycle": 0, "density": 0.5, "year_range": "2014-2018"}}, {"type": "Feature", "geometry": {"type": "Point", "coordinates": [-79.90991, 36.079279]}, "properties": {"crashes": 1, "injury": 0, "fatal": 0, "pedestrian": 0, "bicycle": 0, "density": 0.2, "year_range": "2014-2018"}}, {"type": "Feature", "geometry": {"type": "Point", "coordinates": [-79.841441, 36.010811]}, "properties": {"crashes": 1, "injury": 1, "fatal": 0, "pedestrian": 0, "bicycle": 0, "density": 0.2, "year_range": "2014-2018"}}, {"type": "Feature", "geometry": {"type": "Point", "coordinates": [-79.845045, 36.005405]}, "properties": {"crashes": 1, "injury": 1, "fatal": 0, "pedestrian": 0, "bicycle": 0, "density": 0.2, "year_range": "2014-2018"}}, {"type": "Feature", "geometry": {"type": "Point", "coordinates": [-79.76036, 36.108108]}, "properties": {"crashes": 2, "injury": 1, "fatal": 0, "pedestrian": 0, "bicycle": 0, "density": 0.5, "year_range": "2014-2018"}}, {"type": "Feature", "geometry": {"type": "Point", "coordinates": [-79.882883, 36.108108]}, "properties": {"crashes": 1, "injury": 0, "fatal": 0, "pedestrian": 0, "bicycle": 0, "density": 0.2, "year_range": "2014-2018"}}, {"type": "Feature", "geometry": {"type": "Point", "coordinates": [-79.861261, 36.127928]}, "properties": {"crashes": 1, "injury": 0, "fatal": 0, "pedestrian": 0, "bicycle": 0, "density": 0.2, "year_range": "2014-2018"}}, {"type": "Feature", "geometry": {"type": "Point", "coordinates": [-79.864865, 36.077477]}, "properties": {"crashes": 1, "injury": 0, "fatal": 0, "pedestrian": 0, "bicycle": 0, "density": 0.2, "year_range": "2014-2018"}}, {"type": "Feature", "geometry": {"type": "Point", "coordinates": [-79.954955, 36.113514]}, "properties": {"crashes": 1, "injury": 0, "fatal": 0, "pedestrian": 0, "bicycle": 0, "density": 0.2, "year_range": "2014-2018"}}, {"type": "Feature", "geometry": {"type": "Point", "coordinates": [-79.762162, 36.118919]}, "properties": {"crashes": 3, "injury": 1, "fatal": 0, "pedestrian": 0, "bicycle": 0, "density": 0.8, "year_range": "2014-2018"}}, {"type": "Feature", "geometry": {"type": "Point", "coordinates": [-79.881081, 36.064865]}, "properties": {"crashes": 1, "injury": 0, "fatal": 0, "pedestrian": 0, "bicycle": 0, "density": 0.2, "year_range": "2014-2018"}}, {"type": "Feature", "geometry": {"type": "Point", "coordinates": [-79.836036, 36.066667]}, "properties": {"crashes": 1, "injury": 1, "fatal": 0, "pedestrian": 0, "bicycle": 0, "density": 0.2, "year_range": "2014-2018"}}, {"type": "Feature", "geometry": {"type": "Point", "coordinates": [-79.796396, 36.124324]}, "properties": {"crashes": 1, "injury": 0, "fatal": 0, "pedestrian": 0, "bicycle": 0, "density": 0.2, "year_range": "2014-2018"}}, {"type": "Feature", "geometry": {"type": "Point", "coordinates": [-79.861261, 36.030631]}, "properties": {"crashes": 1, "injury": 1, "fatal": 0, "pedestrian": 0, "bicycle": 0, "density": 0.2, "year_range": "2014-2018"}}, {"type": "Feature", "geometry": {"type": "Point", "coordinates": [-79.825225, 36.073874]}, "properties": {"crashes": 1, "injury": 0, "fatal": 0, "pedestrian": 0, "bicycle": 0, "density": 0.2, "year_range": "2014-2018"}}, {"type": "Feature", "geometry": {"type": "Point", "coordinates": [-79.848649, 36.145946]}, "properties": {"crashes": 1, "injury": 0, "fatal": 0, "pedestrian": 0, "bicycle": 0, "density": 0.2, "year_range": "2014-2018"}}, {"type": "Feature", "geometry": {"type": "Point", "coordinates": [-79.754955, 36.059459]}, "properties": {"crashes": 1, "injury": 0, "fatal": 0, "pedestrian": 0, "bicycle": 0, "density": 0.2, "year_range": "2014-2018"}}, {"type": "Feature", "geometry": {"type": "Point", "coordinates": [-79.846847, 36.140541]}, "properties": {"crashes": 1, "injury": 0, "fatal": 0, "pedestrian": 0, "bicycle": 0, "density": 0.2, "year_range": "2014-2018"}}, {"type": "Feature", "geometry": {"type": "Point", "coordinates": [-79.836036, 36.183784]}, "properties": {"crashes": 1, "injury": 0, "fatal": 0, "pedestrian": 0, "bicycle": 0, "density": 0.2, "year_range": "2014-2018"}}, {"type": "Feature", "geometry": {"type": "Point", "coordinates": [-79.781982, 36.07027]}, "properties": {"crashes": 1, "injury": 0, "fatal": 0, "pedestrian": 0, "bicycle": 0, "density": 0.2, "year_range": "2014-2018"}}, {"type": "Feature", "geometry": {"type": "Point", "coordinates": [-79.789189, 36.091892]}, "properties": {"crashes": 1, "injury": 1, "fatal": 0, "pedestrian": 0, "bicycle": 0, "density": 0.2, "year_range": "2014-2018"}}, {"type": "Feature", "geometry": {"type": "Point", "coordinates": [-79.918919, 36.064865]}, "properties": {"crashes": 3, "injury": 1, "fatal": 0, "pedestrian": 0, "bicycle": 0, "density": 0.8, "year_range": "2014-2018"}}, {"type": "Feature", "geometry": {"type": "Point", "coordinates": [-79.902703, 36.09009]}, "properties": {"crashes": 1, "injury": 1, "fatal": 0, "pedestrian": 0, "bicycle": 0, "density": 0.2, "year_range": "2014-2018"}}, {"type": "Feature", "geometry": {"type": "Point", "coordinates": [-79.904505, 36.136937]}, "properties": {"crashes": 1, "injury": 0, "fatal": 0, "pedestrian": 0, "bicycle": 0, "density": 0.2, "year_range": "2014-2018"}}, {"type": "Feature", "geometry": {"type": "Point", "coordinates": [-79.846847, 36.023423]}, "properties": {"crashes": 3, "injury": 0, "fatal": 0, "pedestrian": 0, "bicycle": 0, "density": 0.8, "year_range": "2014-2018"}}, {"type": "Feature", "geometry": {"type": "Point", "coordinates": [-79.845045, 36.142342]}, "properties": {"crashes": 1, "injury": 0, "fatal": 0, "pedestrian": 0, "bicycle": 0, "density": 0.2, "year_range": "2014-2018"}}, {"type": "Feature", "geometry": {"type": "Point", "coordinates": [-79.686486, 36.066667]}, "properties": {"crashes": 1, "injury": 1, "fatal": 0, "pedestrian": 0, "bicycle": 0, "density": 0.2, "year_range": "2014-2018"}}, {"type": "Feature", "geometry": {"type": "Point", "coordinates": [-79.836036, 36.021622]}, "properties": {"crashes": 1, "injury": 0, "fatal": 0, "pedestrian": 0, "bicycle": 0, "density": 0.2, "year_range": "2014-2018"}}, {"type": "Feature", "geometry": {"type": "Point", "coordinates": [-79.821622, 36.073874]}, "properties": {"crashes": 3, "injury": 1, "fatal": 0, "pedestrian": 0, "bicycle": 0, "density": 0.8, "year_range": "2014-2018"}}, {"type": "Feature", "geometry": {"type": "Point", "coordinates": [-79.787387, 36.097297]}, "properties": {"crashes": 1, "injury": 0, "fatal": 0, "pedestrian": 0, "bicycle": 0, "density": 0.2, "year_range": "2014-2018"}}, {"type": "Feature", "geometry": {"type": "Point", "coordinates": [-79.908108, 36.064865]}, "properties": {"crashes": 1, "injury": 0, "fatal": 0, "pedestrian": 0, "bicycle": 0, "density": 0.2, "year_range": "2014-2018"}}, {"type": "Feature", "geometry": {"type": "Point", "coordinates": [-79.825225, 36.079279]}, "properties": {"crashes": 3, "injury": 0, "fatal": 0, "pedestrian": 0, "bicycle": 0, "density": 0.8, "year_range": "2014-2018"}}, {"type": "Feature", "geometry": {"type": "Point", "coordinates": [-79.881081, 36.147748]}, "properties": {"crashes": 1, "injury": 1, "fatal": 0, "pedestrian": 0, "bicycle": 0, "density": 0.2, "year_range": "2014-2018"}}, {"type": "Feature", "geometry": {"type": "Point", "coordinates": [-79.774775, 36.131532]}, "properties": {"crashes": 2, "injury": 1, "fatal": 0, "pedestrian": 0, "bicycle": 0, "density": 0.5, "year_range": "2014-2018"}}, {"type": "Feature", "geometry": {"type": "Point", "coordinates": [-79.854054, 36.05045]}, "properties": {"crashes": 2, "injury": 1, "fatal": 0, "pedestrian": 0, "bicycle": 0, "density": 0.5, "year_range": "2014-2018"}}, {"type": "Feature", "geometry": {"type": "Point", "coordinates": [-79.783784, 36.027027]}, "properties": {"crashes": 1, "injury": 1, "fatal": 0, "pedestrian": 0, "bicycle": 0, "density": 0.2, "year_range": "2014-2018"}}, {"type": "Feature", "geometry": {"type": "Point", "coordinates": [-79.792793, 36.001802]}, "properties": {"crashes": 3, "injury": 0, "fatal": 0, "pedestrian": 0, "bicycle": 0, "density": 0.8, "year_range": "2014-2018"}}, {"type": "Feature", "geometry": {"type": "Point", "coordinates": [-79.763964, 36.068468]}, "properties": {"crashes": 1, "injury": 0, "fatal": 0, "pedestrian": 0, "bicycle": 0, "density": 0.2, "year_range": "2014-2018"}}, {"type": "Feature", "geometry": {"type": "Point", "coordinates": [-79.825225, 36.018018]}, "properties": {"crashes": 3, "injury": 1, "fatal": 0, "pedestrian": 0, "bicycle": 0, "density": 0.8, "year_range": "2014-2018"}}, {"type": "Feature", "geometry": {"type": "Point", "coordinates": [-79.717117, 36.153153]}, "properties": {"crashes": 1, "injury": 0, "fatal": 0, "pedestrian": 0, "bicycle": 0, "density": 0.2, "year_range": "2014-2018"}}, {"type": "Feature", "geometry": {"type": "Point", "coordinates": [-79.902703, 36.043243]}, "properties": {"crashes": 2, "injury": 1, "fatal": 0, "pedestrian": 0, "bicycle": 0, "density": 0.5, "year_range": "2014-2018"}}, {"type": "Feature", "geometry": {"type": "Point", "coordinates": [-79.827027, 36.068468]}, "properties": {"crashes": 1, "injury": 0, "fatal": 0, "pedestrian": 0, "bicycle": 0, "density": 0.2, "year_range": "2014-2018"}}, {"type": "Feature", "geometry": {"type": "Point", "coordinates": [-79.789189, 36.093694]}, "properties": {"crashes": 1, "injury": 1, "fatal": 0, "pedestrian": 0, "bicycle": 0, "density": 0.2, "year_range": "2014-2018"}}, {"type": "Feature", "geometry": {"type": "Point", "coordinates": [-79.863063, 36.045045]}, "properties": {"crashes": 1, "injury": 1, "fatal": 0, "pedestrian": 0, "bicycle": 0, "density": 0.2, "year_range": "2014-2018"}}, {"type": "Feature", "geometry": {"type": "Point", "coordinates": [-79.769369, 36.073874]}, "properties": {"crashes": 1, "injury": 0, "fatal": 0, "pedestrian": 0, "bicycle": 0, "density": 0.2, "year_range": "2014-2018"}}, {"type": "Feature", "geometry": {"type": "Point", "coordinates": [-79.772973, 36.068468]}, "properties": {"crashes": 2, "injury": 0, "fatal": 0, "pedestrian": 0, "bicycle": 0, "density": 0.5, "year_range": "2014-2018"}}, {"type": "Feature", "geometry": {"type": "Point", "coordinates": [-79.83964, 36.018018]}, "properties": {"crashes": 1, "injury": 0, "fatal": 0, "pedestrian": 0, "bicycle": 0, "density": 0.2, "year_range": "2014-2018"}}, {"type": "Feature", "geometry": {"type": "Point", "coordinates": [-79.886486, 36.061261]}, "properties": {"crashes": 1, "injury": 0, "fatal": 0, "pedestrian": 0, "bicycle": 0, "density": 0.2, "year_range": "2014-2018"}}, {"type": "Feature", "geometry": {"type": "Point", "coordinates": [-79.767568, 36.030631]}, "properties": {"crashes": 1, "injury": 0, "fatal": 0, "pedestrian": 0, "bicycle": 0, "density": 0.2, "year_range": "2014-2018"}}, {"type": "Feature", "geometry": {"type": "Point", "coordinates": [-79.814414, 36.144144]}, "properties": {"crashes": 1, "injury": 0, "fatal": 0, "pedestrian": 0, "bicycle": 0, "density": 0.2, "year_range": "2014-2018"}}, {"type": "Feature", "geometry": {"type": "Point", "coordinates": [-79.830631, 36.088288]}, "properties": {"crashes": 1, "injury": 0, "fatal": 0, "pedestrian": 0, "bicycle": 0, "density": 0.2, "year_range": "2014-2018"}}, {"type": "Feature", "geometry": {"type": "Point", "coordinates": [-79.938739, 36.079279]}, "properties": {"crashes": 1, "injury": 1, "fatal": 0, "pedestrian": 0, "bicycle": 0, "density": 0.2, "year_range": "2014-2018"}}, {"type": "Feature", "geometry": {"type": "Point", "coordinates": [-79.891892, 36.041441]}, "properties": {"crashes": 1, "injury": 0, "fatal": 0, "pedestrian": 0, "bicycle": 0, "density": 0.2, "year_range": "2014-2018"}}, {"type": "Feature", "geometry": {"type": "Point", "coordinates": [-79.963964, 36.120721]}, "properties": {"crashes": 1, "injury": 1, "fatal": 0, "pedestrian": 0, "bicycle": 0, "density": 0.2, "year_range": "2014-2018"}}, {"type": "Feature", "geometry": {"type": "Point", "coordinates": [-79.8, 36.079279]}, "properties": {"crashes": 3, "injury": 1, "fatal": 0, "pedestrian": 0, "bicycle": 0, "density": 0.8, "year_range": "2014-2018"}}, {"type": "Feature", "geometry": {"type": "Point", "coordinates": [-79.852252, 36.052252]}, "properties": {"crashes": 1, "injury": 0, "fatal": 0, "pedestrian": 0, "bicycle": 0, "density": 0.2, "year_range": "2014-2018"}}, {"type": "Feature", "geometry": {"type": "Point", "coordinates": [-79.8, 36.059459]}, "properties": {"crashes": 1, "injury": 0, "fatal": 0, "pedestrian": 0, "bicycle": 0, "density": 0.2, "year_range": "2014-2018"}}, {"type": "Feature", "geometry": {"type": "Point", "coordinates": [-79.872072, 36.153153]}, "properties": {"crashes": 3, "injury": 1, "fatal": 0, "pedestrian": 0, "bicycle": 0, "density": 0.8, "year_range": "2014-2018"}}, {"type": "Feature", "geometry": {"type": "Point", "coordinates": [-79.951351, 36.072072]}, "properties": {"crashes": 1, "injury": 0, "fatal": 0, "pedestrian": 0, "bicycle": 0, "density": 0.2, "year_range": "2014-2018"}}, {"type": "Feature", "geometry": {"type": "Point", "coordinates": [-79.83964, 36.030631]}, "properties": {"crashes": 1, "injury": 1, "fatal": 0, "pedestrian": 0, "bicycle": 0, "density": 0.2, "year_range": "2014-2018"}}, {"type": "Feature", "geometry": {"type": "Point", "coordinates": [-79.951351, 36.108108]}, "properties": {"crashes": 1, "injury": 1, "fatal": 0, "pedestrian": 0, "bicycle": 0, "density": 0.2, "year_range": "2014-2018"}}, {"type": "Feature", "geometry": {"type": "Point", "coordinates": [-79.848649, 36.036036]}, "properties": {"crashes": 1, "injury": 0, "fatal": 0, "pedestrian": 0, "bicycle": 0, "density": 0.2, "year_range": "2014-2018"}}, {"type": "Feature", "geometry": {"type": "Point", "coordinates": [-79.864865, 36.126126]}, "properties": {"crashes": 1, "injury": 1, "fatal": 0, "pedestrian": 0, "bicycle": 0, "density": 0.2, "year_range": "2014-2018"}}, {"type": "Feature", "geometry": {"type": "Point", "coordinates": [-79.864865, 36.045045]}, "properties": {"crashes": 1, "injury": 0, "fatal": 0, "pedestrian": 0, "bicycle": 0, "density": 0.2, "year_range": "2014-2018"}}, {"type": "Feature", "geometry": {"type": "Point", "coordinates": [-79.785586, 36.100901]}, "properties": {"crashes": 4, "injury": 0, "fatal": 0, "pedestrian": 0, "bicycle": 0, "density": 1.0, "year_range": "2014-2018"}}, {"type": "Feature", "geometry": {"type": "Point", "coordinates": [-79.825225, 36.07027]}, "properties": {"crashes": 1, "injury": 0, "fatal": 0, "pedestrian": 0, "bicycle": 0, "density": 0.2, "year_range": "2014-2018"}}, {"type": "Feature", "geometry": {"type": "Point", "coordinates": [-79.868468, 36.075676]}, "properties": {"crashes": 1, "injury": 0, "fatal": 0, "pedestrian": 0, "bicycle": 0, "density": 0.2, "year_range": "2014-2018"}}, {"type": "Feature", "geometry": {"type": "Point", "coordinates": [-79.758559, 36.091892]}, "properties": {"crashes": 1, "injury": 0, "fatal": 0, "pedestrian": 0, "bicycle": 0, "density": 0.2, "year_range": "2014-2018"}}, {"type": "Feature", "geometry": {"type": "Point", "coordinates": [-79.845045, 36.135135]}, "properties": {"crashes": 1, "injury": 0, "fatal": 0, "pedestrian": 0, "bicycle": 0, "density": 0.2, "year_range": "2014-2018"}}, {"type": "Feature", "geometry": {"type": "Point", "coordinates": [-79.762162, 36.001802]}, "properties": {"crashes": 1, "injury": 0, "fatal": 0, "pedestrian": 0, "bicycle": 0, "density": 0.2, "year_range": "2014-2018"}}, {"type": "Feature", "geometry": {"type": "Point", "coordinates": [-79.751351, 36.055856]}, "properties": {"crashes": 1, "injury": 1, "fatal": 0, "pedestrian": 0, "bicycle": 0, "density": 0.2, "year_range": "2014-2018"}}, {"type": "Feature", "geometry": {"type": "Point", "coordinates": [-79.794595, 36.133333]}, "properties": {"crashes": 1, "injury": 0, "fatal": 0, "pedestrian": 0, "bicycle": 0, "density": 0.2, "year_range": "2014-2018"}}, {"type": "Feature", "geometry": {"type": "Point", "coordinates": [-79.879279, 36.052252]}, "properties": {"crashes": 4, "injury": 2, "fatal": 0, "pedestrian": 0, "bicycle": 0, "density": 1.0, "year_range": "2014-2018"}}, {"type": "Feature", "geometry": {"type": "Point", "coordinates": [-79.713514, 36.030631]}, "properties": {"crashes": 2, "injury": 1, "fatal": 0, "pedestrian": 0, "bicycle": 0, "density": 0.5, "year_range": "2014-2018"}}, {"type": "Feature", "geometry": {"type": "Point", "coordinates": [-79.976577, 36.095495]}, "properties": {"crashes": 1, "injury": 0, "fatal": 0, "pedestrian": 0, "bicycle": 0, "density": 0.2, "year_range": "2014-2018"}}, {"type": "Feature", "geometry": {"type": "Point", "coordinates": [-79.926126, 36.095495]}, "properties": {"crashes": 1, "injury": 0, "fatal": 0, "pedestrian": 0, "bicycle": 0, "density": 0.2, "year_range": "2014-2018"}}, {"type": "Feature", "geometry": {"type": "Point", "coordinates": [-79.724324, 36.052252]}, "properties": {"crashes": 1, "injury": 0, "fatal": 0, "pedestrian": 0, "bicycle": 0, "density": 0.2, "year_range": "2014-2018"}}, {"type": "Feature", "geometry": {"type": "Point", "coordinates": [-79.953153, 36.10991]}, "properties": {"crashes": 1, "injury": 0, "fatal": 0, "pedestrian": 0, "bicycle": 0, "density": 0.2, "year_range": "2014-2018"}}, {"type": "Feature", "geometry": {"type": "Point", "coordinates": [-79.758559, 36.072072]}, "properties": {"crashes": 1, "injury": 1, "fatal": 0, "pedestrian": 0, "bicycle": 0, "density": 0.2, "year_range": "2014-2018"}}, {"type": "Feature", "geometry": {"type": "Point", "coordinates": [-79.859459, 36.059459]}, "properties": {"crashes": 1, "injury": 0, "fatal": 0, "pedestrian": 0, "bicycle": 0, "density": 0.2, "year_range": "2014-2018"}}, {"type": "Feature", "geometry": {"type": "Point", "coordinates": [-79.855856, 36.014414]}, "properties": {"crashes": 1, "injury": 0, "fatal": 0, "pedestrian": 0, "bicycle": 0, "density": 0.2, "year_range": "2014-2018"}}, {"type": "Feature", "geometry": {"type": "Point", "coordinates": [-79.801802, 36.012613]}, "properties": {"crashes": 1, "injury": 0, "fatal": 0, "pedestrian": 0, "bicycle": 0, "density": 0.2, "year_range": "2014-2018"}}, {"type": "Feature", "geometry": {"type": "Point", "coordinates": [-79.762162, 36.142342]}, "properties": {"crashes": 1, "injury": 0, "fatal": 0, "pedestrian": 0, "bicycle": 0, "density": 0.2, "year_range": "2014-2018"}}, {"type": "Feature", "geometry": {"type": "Point", "coordinates": [-79.713514, 36.055856]}, "properties": {"crashes": 1, "injury": 0, "fatal": 0, "pedestrian": 0, "bicycle": 0, "density": 0.2, "year_range": "2014-2018"}}, {"type": "Feature", "geometry": {"type": "Point", "coordinates": [-79.727928, 36.176577]}, "properties": {"crashes": 1, "injury": 0, "fatal": 0, "pedestrian": 0, "bicycle": 0, "density": 0.2, "year_range": "2014-2018"}}, {"type": "Feature", "geometry": {"type": "Point", "coordinates": [-79.918919, 36.075676]}, "properties": {"crashes": 2, "injury": 1, "fatal": 0, "pedestrian": 0, "bicycle": 0, "density": 0.5, "year_range": "2014-2018"}}, {"type": "Feature", "geometry": {"type": "Point", "coordinates": [-79.762162, 36.088288]}, "properties": {"crashes": 1, "injury": 0, "fatal": 0, "pedestrian": 0, "bicycle": 0, "density": 0.2, "year_range": "2014-2018"}}, {"type": "Feature", "geometry": {"type": "Point", "coordinates": [-79.92973, 35.981982]}, "properties": {"crashes": 1, "injury": 0, "fatal": 0, "pedestrian": 0, "bicycle": 0, "density": 0.2, "year_range": "2014-2018"}}, {"type": "Feature", "geometry": {"type": "Point", "coordinates": [-79.823423, 36.073874]}, "properties": {"crashes": 1, "injury": 0, "fatal": 0, "pedestrian": 0, "bicycle": 0, "density": 0.2, "year_range": "2014-2018"}}, {"type": "Feature", "geometry": {"type": "Point", "coordinates": [-79.866667, 36.075676]}, "properties": {"crashes": 1, "injury": 0, "fatal": 0, "pedestrian": 0, "bicycle": 0, "density": 0.2, "year_range": "2014-2018"}}, {"type": "Feature", "geometry": {"type": "Point", "coordinates": [-79.745946, 36.144144]}, "properties": {"crashes": 2, "injury": 1, "fatal": 0, "pedestrian": 0, "bicycle": 0, "density": 0.5, "year_range": "2014-2018"}}, {"type": "Feature", "geometry": {"type": "Point", "coordinates": [-79.747748, 36.115315]}, "properties": {"crashes": 2, "injury": 1, "fatal": 0, "pedestrian": 0, "bicycle": 0, "density": 0.5, "year_range": "2014-2018"}}, {"type": "Feature", "geometry": {"type": "Point", "coordinates": [-79.911712, 36.082883]}, "properties": {"crashes": 1, "injury": 0, "fatal": 0, "pedestrian": 0, "bicycle": 0, "density": 0.2, "year_range": "2014-2018"}}, {"type": "Feature", "geometry": {"type": "Point", "coordinates": [-79.864865, 36.01982]}, "properties": {"crashes": 1, "injury": 0, "fatal": 0, "pedestrian": 0, "bicycle": 0, "density": 0.2, "year_range": "2014-2018"}}, {"type": "Feature", "geometry": {"type": "Point", "coordinates": [-79.727928, 36.153153]}, "properties": {"crashes": 1, "injury": 1, "fatal": 0, "pedestrian": 0, "bicycle": 0, "density": 0.2, "year_range": "2014-2018"}}, {"type": "Feature", "geometry": {"type": "Point", "coordinates": [-79.771171, 36.09009]}, "properties": {"crashes": 1, "injury": 0, "fatal": 0, "pedestrian": 0, "bicycle": 0, "density": 0.2, "year_range": "2014-2018"}}, {"type": "Feature", "geometry": {"type": "Point", "coordinates": [-79.803604, 36.064865]}, "properties": {"crashes": 1, "injury": 0, "fatal": 0, "pedestrian": 0, "bicycle": 0, "density": 0.2, "year_range": "2014-2018"}}, {"type": "Feature", "geometry": {"type": "Point", "coordinates": [-79.809009, 36.063063]}, "properties": {"crashes": 2, "injury": 0, "fatal": 0, "pedestrian": 0, "bicycle": 0, "density": 0.5, "year_range": "2014-2018"}}, {"type": "Feature", "geometry": {"type": "Point", "coordinates": [-79.911712, 36.07027]}, "properties": {"crashes": 1, "injury": 0, "fatal": 0, "pedestrian": 0, "bicycle": 0, "density": 0.2, "year_range": "2014-2018"}}, {"type": "Feature", "geometry": {"type": "Point", "coordinates": [-79.765766, 36.061261]}, "properties": {"crashes": 2, "injury": 0, "fatal": 0, "pedestrian": 0, "bicycle": 0, "density": 0.5, "year_range": "2014-2018"}}, {"type": "Feature", "geometry": {"type": "Point", "coordinates": [-79.646847, 36.057658]}, "properties": {"crashes": 1, "injury": 1, "fatal": 0, "pedestrian": 0, "bicycle": 0, "density": 0.2, "year_range": "2014-2018"}}, {"type": "Feature", "geometry": {"type": "Point", "coordinates": [-79.794595, 36.102703]}, "properties": {"crashes": 1, "injury": 0, "fatal": 0, "pedestrian": 0, "bicycle": 0, "density": 0.2, "year_range": "2014-2018"}}, {"type": "Feature", "geometry": {"type": "Point", "coordinates": [-79.854054, 36.045045]}, "properties": {"crashes": 1, "injury": 0, "fatal": 0, "pedestrian": 0, "bicycle": 0, "density": 0.2, "year_range": "2014-2018"}}, {"type": "Feature", "geometry": {"type": "Point", "coordinates": [-79.700901, 36.09009]}, "properties": {"crashes": 1, "injury": 1, "fatal": 0, "pedestrian": 0, "bicycle": 0, "density": 0.2, "year_range": "2014-2018"}}, {"type": "Feature", "geometry": {"type": "Point", "coordinates": [-79.908108, 36.059459]}, "properties": {"crashes": 5, "injury": 3, "fatal": 0, "pedestrian": 0, "bicycle": 0, "density": 1.2, "year_range": "2014-2018"}}, {"type": "Feature", "geometry": {"type": "Point", "coordinates": [-79.774775, 36.156757]}, "properties": {"crashes": 1, "injury": 0, "fatal": 0, "pedestrian": 0, "bicycle": 0, "density": 0.2, "year_range": "2014-2018"}}, {"type": "Feature", "geometry": {"type": "Point", "coordinates": [-79.931532, 36.147748]}, "properties": {"crashes": 1, "injury": 0, "fatal": 0, "pedestrian": 0, "bicycle": 0, "density": 0.2, "year_range": "2014-2018"}}, {"type": "Feature", "geometry": {"type": "Point", "coordinates": [-79.852252, 36.055856]}, "properties": {"crashes": 1, "injury": 1, "fatal": 0, "pedestrian": 0, "bicycle": 0, "density": 0.2, "year_range": "2014-2018"}}, {"type": "Feature", "geometry": {"type": "Point", "coordinates": [-79.832432, 36.133333]}, "properties": {"crashes": 2, "injury": 0, "fatal": 0, "pedestrian": 0, "bicycle": 0, "density": 0.5, "year_range": "2014-2018"}}, {"type": "Feature", "geometry": {"type": "Point", "coordinates": [-79.947748, 36.133333]}, "properties": {"crashes": 1, "injury": 0, "fatal": 0, "pedestrian": 0, "bicycle": 0, "density": 0.2, "year_range": "2014-2018"}}, {"type": "Feature", "geometry": {"type": "Point", "coordinates": [-79.778378, 36.10991]}, "properties": {"crashes": 3, "injury": 3, "fatal": 0, "pedestrian": 0, "bicycle": 0, "density": 0.8, "year_range": "2014-2018"}}, {"type": "Feature", "geometry": {"type": "Point", "coordinates": [-79.803604, 36.077477]}, "properties": {"crashes": 1, "injury": 0, "fatal": 0, "pedestrian": 0, "bicycle": 0, "density": 0.2, "year_range": "2014-2018"}}, {"type": "Feature", "geometry": {"type": "Point", "coordinates": [-79.83964, 36.012613]}, "properties": {"crashes": 4, "injury": 2, "fatal": 0, "pedestrian": 0, "bicycle": 0, "density": 1.0, "year_range": "2014-2018"}}, {"type": "Feature", "geometry": {"type": "Point", "coordinates": [-79.76036, 36.122523]}, "properties": {"crashes": 3, "injury": 1, "fatal": 0, "pedestrian": 0, "bicycle": 0, "density": 0.8, "year_range": "2014-2018"}}, {"type": "Feature", "geometry": {"type": "Point", "coordinates": [-79.731532, 36.147748]}, "properties": {"crashes": 2, "injury": 1, "fatal": 0, "pedestrian": 0, "bicycle": 0, "density": 0.5, "year_range": "2014-2018"}}, {"type": "Feature", "geometry": {"type": "Point", "coordinates": [-79.828829, 36.140541]}, "properties": {"crashes": 1, "injury": 0, "fatal": 0, "pedestrian": 0, "bicycle": 0, "density": 0.2, "year_range": "2014-2018"}}, {"type": "Feature", "geometry": {"type": "Point", "coordinates": [-79.772973, 36.124324]}, "properties": {"crashes": 2, "injury": 1, "fatal": 0, "pedestrian": 0, "bicycle": 0, "density": 0.5, "year_range": "2014-2018"}}, {"type": "Feature", "geometry": {"type": "Point", "coordinates": [-79.87027, 36.057658]}, "properties": {"crashes": 1, "injury": 0, "fatal": 0, "pedestrian": 0, "bicycle": 0, "density": 0.2, "year_range": "2014-2018"}}, {"type": "Feature", "geometry": {"type": "Point", "coordinates": [-79.846847, 36.079279]}, "properties": {"crashes": 1, "injury": 0, "fatal": 0, "pedestrian": 0, "bicycle": 0, "density": 0.2, "year_range": "2014-2018"}}, {"type": "Feature", "geometry": {"type": "Point", "coordinates": [-79.848649, 36.126126]}, "properties": {"crashes": 1, "injury": 0, "fatal": 0, "pedestrian": 0, "bicycle": 0, "density": 0.2, "year_range": "2014-2018"}}, {"type": "Feature", "geometry": {"type": "Point", "coordinates": [-79.771171, 36.091892]}, "properties": {"crashes": 2, "injury": 0, "fatal": 0, "pedestrian": 0, "bicycle": 0, "density": 0.5, "year_range": "2014-2018"}}, {"type": "Feature", "geometry": {"type": "Point", "coordinates": [-79.736937, 36.093694]}, "properties": {"crashes": 2, "injury": 2, "fatal": 0, "pedestrian": 0, "bicycle": 0, "density": 0.5, "year_range": "2014-2018"}}, {"type": "Feature", "geometry": {"type": "Point", "coordinates": [-79.918919, 36.059459]}, "properties": {"crashes": 3, "injury": 1, "fatal": 0, "pedestrian": 0, "bicycle": 0, "density": 0.8, "year_range": "2014-2018"}}, {"type": "Feature", "geometry": {"type": "Point", "coordinates": [-79.778378, 36.079279]}, "properties": {"crashes": 2, "injury": 0, "fatal": 0, "pedestrian": 0, "bicycle": 0, "density": 0.5, "year_range": "2014-2018"}}, {"type": "Feature", "geometry": {"type": "Point", "coordinates": [-79.778378, 36.14955]}, "properties": {"crashes": 2, "injury": 1, "fatal": 0, "pedestrian": 0, "bicycle": 0, "density": 0.5, "year_range": "2014-2018"}}, {"type": "Feature", "geometry": {"type": "Point", "coordinates": [-79.859459, 36.025225]}, "properties": {"crashes": 1, "injury": 0, "fatal": 0, "pedestrian": 0, "bicycle": 0, "density": 0.2, "year_range": "2014-2018"}}, {"type": "Feature", "geometry": {"type": "Point", "coordinates": [-79.877477, 36.113514]}, "properties": {"crashes": 5, "injury": 0, "fatal": 0, "pedestrian": 0, "bicycle": 0, "density": 1.2, "year_range": "2014-2018"}}, {"type": "Feature", "geometry": {"type": "Point", "coordinates": [-79.87027, 36.041441]}, "properties": {"crashes": 2, "injury": 0, "fatal": 0, "pedestrian": 0, "bicycle": 0, "density": 0.5, "year_range": "2014-2018"}}, {"type": "Feature", "geometry": {"type": "Point", "coordinates": [-79.918919, 36.086486]}, "properties": {"crashes": 1, "injury": 0, "fatal": 0, "pedestrian": 0, "bicycle": 0, "density": 0.2, "year_range": "2014-2018"}}, {"type": "Feature", "geometry": {"type": "Point", "coordinates": [-79.758559, 36.144144]}, "properties": {"crashes": 2, "injury": 0, "fatal": 0, "pedestrian": 0, "bicycle": 0, "density": 0.5, "year_range": "2014-2018"}}, {"type": "Feature", "geometry": {"type": "Point", "coordinates": [-79.785586, 36.102703]}, "properties": {"crashes": 1, "injury": 1, "fatal": 0, "pedestrian": 0, "bicycle": 0, "density": 0.2, "year_range": "2014-2018"}}, {"type": "Feature", "geometry": {"type": "Point", "coordinates": [-79.872072, 36.036036]}, "properties": {"crashes": 1, "injury": 1, "fatal": 0, "pedestrian": 0, "bicycle": 0, "density": 0.2, "year_range": "2014-2018"}}, {"type": "Feature", "geometry": {"type": "Point", "coordinates": [-79.818018, 36.117117]}, "properties": {"crashes": 1, "injury": 0, "fatal": 0, "pedestrian": 0, "bicycle": 0, "density": 0.2, "year_range": "2014-2018"}}, {"type": "Feature", "geometry": {"type": "Point", "coordinates": [-79.827027, 36.082883]}, "properties": {"crashes": 2, "injury": 0, "fatal": 0, "pedestrian": 0, "bicycle": 0, "density": 0.5, "year_range": "2014-2018"}}, {"type": "Feature", "geometry": {"type": "Point", "coordinates": [-79.868468, 36.167568]}, "properties": {"crashes": 1, "injury": 0, "fatal": 0, "pedestrian": 0, "bicycle": 0, "density": 0.2, "year_range": "2014-2018"}}, {"type": "Feature", "geometry": {"type": "Point", "coordinates": [-79.731532, 36.178378]}, "properties": {"crashes": 1, "injury": 0, "fatal": 0, "pedestrian": 0, "bicycle": 0, "density": 0.2, "year_range": "2014-2018"}}, {"type": "Feature", "geometry": {"type": "Point", "coordinates": [-79.747748, 36.138739]}, "properties": {"crashes": 1, "injury": 0, "fatal": 0, "pedestrian": 0, "bicycle": 0, "density": 0.2, "year_range": "2014-2018"}}, {"type": "Feature", "geometry": {"type": "Point", "coordinates": [-79.906306, 36.108108]}, "properties": {"crashes": 2, "injury": 1, "fatal": 0, "pedestrian": 0, "bicycle": 0, "density": 0.5, "year_range": "2014-2018"}}, {"type": "Feature", "geometry": {"type": "Point", "coordinates": [-79.834234, 36.003604]}, "properties": {"crashes": 1, "injury": 0, "fatal": 0, "pedestrian": 0, "bicycle": 0, "density": 0.2, "year_range": "2014-2018"}}, {"type": "Feature", "geometry": {"type": "Point", "coordinates": [-79.818018, 36.037838]}, "properties": {"crashes": 1, "injury": 0, "fatal": 0, "pedestrian": 0, "bicycle": 0, "density": 0.2, "year_range": "2014-2018"}}, {"type": "Feature", "geometry": {"type": "Point", "coordinates": [-79.814414, 36.027027]}, "properties": {"crashes": 2, "injury": 2, "fatal": 0, "pedestrian": 0, "bicycle": 0, "density": 0.5, "year_range": "2014-2018"}}, {"type": "Feature", "geometry": {"type": "Point", "coordinates": [-79.832432, 36.095495]}, "properties": {"crashes": 1, "injury": 0, "fatal": 0, "pedestrian": 0, "bicycle": 0, "density": 0.2, "year_range": "2014-2018"}}, {"type": "Feature", "geometry": {"type": "Point", "coordinates": [-79.747748, 36.099099]}, "properties": {"crashes": 1, "injury": 0, "fatal": 0, "pedestrian": 0, "bicycle": 0, "density": 0.2, "year_range": "2014-2018"}}, {"type": "Feature", "geometry": {"type": "Point", "coordinates": [-79.90991, 36.073874]}, "properties": {"crashes": 1, "injury": 0, "fatal": 0, "pedestrian": 0, "bicycle": 0, "density": 0.2, "year_range": "2014-2018"}}, {"type": "Feature", "geometry": {"type": "Point", "coordinates": [-79.854054, 36.131532]}, "properties": {"crashes": 1, "injury": 0, "fatal": 0, "pedestrian": 0, "bicycle": 0, "density": 0.2, "year_range": "2014-2018"}}, {"type": "Feature", "geometry": {"type": "Point", "coordinates": [-79.769369, 36.023423]}, "properties": {"crashes": 1, "injury": 0, "fatal": 0, "pedestrian": 0, "bicycle": 0, "density": 0.2, "year_range": "2014-2018"}}, {"type": "Feature", "geometry": {"type": "Point", "coordinates": [-79.790991, 36.178378]}, "properties": {"crashes": 3, "injury": 1, "fatal": 0, "pedestrian": 0, "bicycle": 0, "density": 0.8, "year_range": "2014-2018"}}, {"type": "Feature", "geometry": {"type": "Point", "coordinates": [-79.769369, 36.066667]}, "properties": {"crashes": 1, "injury": 0, "fatal": 0, "pedestrian": 0, "bicycle": 0, "density": 0.2, "year_range": "2014-2018"}}, {"type": "Feature", "geometry": {"type": "Point", "coordinates": [-79.812613, 36.144144]}, "properties": {"crashes": 1, "injury": 0, "fatal": 0, "pedestrian": 0, "bicycle": 0, "density": 0.2, "year_range": "2014-2018"}}, {"type": "Feature", "geometry": {"type": "Point", "coordinates": [-79.765766, 36.077477]}, "properties": {"crashes": 1, "injury": 0, "fatal": 0, "pedestrian": 0, "bicycle": 0, "density": 0.2, "year_range": "2014-2018"}}, {"type": "Feature", "geometry": {"type": "Point", "coordinates": [-79.792793, 36.03964]}, "properties": {"crashes": 3, "injury": 1, "fatal": 0, "pedestrian": 0, "bicycle": 0, "density": 0.8, "year_range": "2014-2018"}}, {"type": "Feature", "geometry": {"type": "Point", "coordinates": [-79.78018, 36.063063]}, "properties": {"crashes": 1, "injury": 1, "fatal": 0, "pedestrian": 0, "bicycle": 0, "density": 0.2, "year_range": "2014-2018"}}, {"type": "Feature", "geometry": {"type": "Point", "coordinates": [-79.781982, 36.075676]}, "properties": {"crashes": 2, "injury": 1, "fatal": 0, "pedestrian": 0, "bicycle": 0, "density": 0.5, "year_range": "2014-2018"}}, {"type": "Feature", "geometry": {"type": "Point", "coordinates": [-79.753153, 36.147748]}, "properties": {"crashes": 2, "injury": 0, "fatal": 0, "pedestrian": 0, "bicycle": 0, "density": 0.5, "year_range": "2014-2018"}}, {"type": "Feature", "geometry": {"type": "Point", "coordinates": [-79.823423, 36.01982]}, "properties": {"crashes": 4, "injury": 2, "fatal": 0, "pedestrian": 0, "bicycle": 0, "density": 1.0, "year_range": "2014-2018"}}, {"type": "Feature", "geometry": {"type": "Point", "coordinates": [-79.78018, 36.142342]}, "properties": {"crashes": 2, "injury": 1, "fatal": 0, "pedestrian": 0, "bicycle": 0, "density": 0.5, "year_range": "2014-2018"}}, {"type": "Feature", "geometry": {"type": "Point", "coordinates": [-79.772973, 36.023423]}, "properties": {"crashes": 1, "injury": 1, "fatal": 0, "pedestrian": 0, "bicycle": 0, "density": 0.2, "year_range": "2014-2018"}}, {"type": "Feature", "geometry": {"type": "Point", "coordinates": [-79.762162, 36.055856]}, "properties": {"crashes": 1, "injury": 1, "fatal": 0, "pedestrian": 0, "bicycle": 0, "density": 0.2, "year_range": "2014-2018"}}, {"type": "Feature", "geometry": {"type": "Point", "coordinates": [-79.825225, 36.117117]}, "properties": {"crashes": 1, "injury": 0, "fatal": 0, "pedestrian": 0, "bicycle": 0, "density": 0.2, "year_range": "2014-2018"}}, {"type": "Feature", "geometry": {"type": "Point", "coordinates": [-79.895495, 36.079279]}, "properties": {"crashes": 3, "injury": 0, "fatal": 0, "pedestrian": 0, "bicycle": 0, "density": 0.8, "year_range": "2014-2018"}}, {"type": "Feature", "geometry": {"type": "Point", "coordinates": [-79.763964, 36.081081]}, "properties": {"crashes": 1, "injury": 0, "fatal": 0, "pedestrian": 0, "bicycle": 0, "density": 0.2, "year_range": "2014-2018"}}, {"type": "Feature", "geometry": {"type": "Point", "coordinates": [-79.78018, 36.079279]}, "properties": {"crashes": 2, "injury": 1, "fatal": 0, "pedestrian": 0, "bicycle": 0, "density": 0.5, "year_range": "2014-2018"}}, {"type": "Feature", "geometry": {"type": "Point", "coordinates": [-79.902703, 36.064865]}, "properties": {"crashes": 1, "injury": 0, "fatal": 0, "pedestrian": 0, "bicycle": 0, "density": 0.2, "year_range": "2014-2018"}}, {"type": "Feature", "geometry": {"type": "Point", "coordinates": [-79.778378, 36.066667]}, "properties": {"crashes": 1, "injury": 1, "fatal": 0, "pedestrian": 0, "bicycle": 0, "density": 0.2, "year_range": "2014-2018"}}, {"type": "Feature", "geometry": {"type": "Point", "coordinates": [-79.771171, 36.093694]}, "properties": {"crashes": 2, "injury": 2, "fatal": 0, "pedestrian": 0, "bicycle": 0, "density": 0.5, "year_range": "2014-2018"}}, {"type": "Feature", "geometry": {"type": "Point", "coordinates": [-79.875676, 36.09009]}, "properties": {"crashes": 1, "injury": 0, "fatal": 0, "pedestrian": 0, "bicycle": 0, "density": 0.2, "year_range": "2014-2018"}}, {"type": "Feature", "geometry": {"type": "Point", "coordinates": [-79.846847, 36.043243]}, "properties": {"crashes": 1, "injury": 0, "fatal": 0, "pedestrian": 0, "bicycle": 0, "density": 0.2, "year_range": "2014-2018"}}, {"type": "Feature", "geometry": {"type": "Point", "coordinates": [-79.796396, 36.05045]}, "properties": {"crashes": 1, "injury": 0, "fatal": 0, "pedestrian": 0, "bicycle": 0, "density": 0.2, "year_range": "2014-2018"}}, {"type": "Feature", "geometry": {"type": "Point", "coordinates": [-79.828829, 36.082883]}, "properties": {"crashes": 2, "injury": 1, "fatal": 0, "pedestrian": 0, "bicycle": 0, "density": 0.5, "year_range": "2014-2018"}}, {"type": "Feature", "geometry": {"type": "Point", "coordinates": [-79.805405, 36.0]}, "properties": {"crashes": 2, "injury": 1, "fatal": 0, "pedestrian": 0, "bicycle": 0, "density": 0.5, "year_range": "2014-2018"}}, {"type": "Feature", "geometry": {"type": "Point", "coordinates": [-79.727928, 36.052252]}, "properties": {"crashes": 1, "injury": 0, "fatal": 0, "pedestrian": 0, "bicycle": 0, "density": 0.2, "year_range": "2014-2018"}}, {"type": "Feature", "geometry": {"type": "Point", "coordinates": [-79.983784, 36.102703]}, "properties": {"crashes": 2, "injury": 0, "fatal": 0, "pedestrian": 0, "bicycle": 0, "density": 0.5, "year_range": "2014-2018"}}, {"type": "Feature", "geometry": {"type": "Point", "coordinates": [-79.679279, 36.086486]}, "properties": {"crashes": 1, "injury": 0, "fatal": 0, "pedestrian": 0, "bicycle": 0, "density": 0.2, "year_range": "2014-2018"}}, {"type": "Feature", "geometry": {"type": "Point", "coordinates": [-79.85045, 36.055856]}, "properties": {"crashes": 1, "injury": 0, "fatal": 0, "pedestrian": 0, "bicycle": 0, "density": 0.2, "year_range": "2014-2018"}}, {"type": "Feature", "geometry": {"type": "Point", "coordinates": [-79.796396, 36.03964]}, "properties": {"crashes": 2, "injury": 0, "fatal": 0, "pedestrian": 0, "bicycle": 0, "density": 0.5, "year_range": "2014-2018"}}, {"type": "Feature", "geometry": {"type": "Point", "coordinates": [-79.809009, 36.09009]}, "properties": {"crashes": 3, "injury": 1, "fatal": 0, "pedestrian": 0, "bicycle": 0, "density": 0.8, "year_range": "2014-2018"}}, {"type": "Feature", "geometry": {"type": "Point", "coordinates": [-79.726126, 36.088288]}, "properties": {"crashes": 1, "injury": 0, "fatal": 0, "pedestrian": 0, "bicycle": 0, "density": 0.2, "year_range": "2014-2018"}}, {"type": "Feature", "geometry": {"type": "Point", "coordinates": [-79.771171, 36.073874]}, "properties": {"crashes": 1, "injury": 0, "fatal": 0, "pedestrian": 0, "bicycle": 0, "density": 0.2, "year_range": "2014-2018"}}, {"type": "Feature", "geometry": {"type": "Point", "coordinates": [-79.774775, 36.135135]}, "properties": {"crashes": 1, "injury": 0, "fatal": 0, "pedestrian": 0, "bicycle": 0, "density": 0.2, "year_range": "2014-2018"}}, {"type": "Feature", "geometry": {"type": "Point", "coordinates": [-79.803604, 36.081081]}, "properties": {"crashes": 4, "injury": 1, "fatal": 0, "pedestrian": 0, "bicycle": 0, "density": 1.0, "year_range": "2014-2018"}}, {"type": "Feature", "geometry": {"type": "Point", "coordinates": [-79.832432, 36.061261]}, "properties": {"crashes": 1, "injury": 0, "fatal": 0, "pedestrian": 0, "bicycle": 0, "density": 0.2, "year_range": "2014-2018"}}, {"type": "Feature", "geometry": {"type": "Point", "coordinates": [-79.888288, 36.117117]}, "properties": {"crashes": 1, "injury": 0, "fatal": 0, "pedestrian": 0, "bicycle": 0, "density": 0.2, "year_range": "2014-2018"}}, {"type": "Feature", "geometry": {"type": "Point", "coordinates": [-79.951351, 36.066667]}, "properties": {"crashes": 1, "injury": 0, "fatal": 0, "pedestrian": 0, "bicycle": 0, "density": 0.2, "year_range": "2014-2018"}}, {"type": "Feature", "geometry": {"type": "Point", "coordinates": [-79.857658, 36.045045]}, "properties": {"crashes": 1, "injury": 0, "fatal": 0, "pedestrian": 0, "bicycle": 0, "density": 0.2, "year_range": "2014-2018"}}, {"type": "Feature", "geometry": {"type": "Point", "coordinates": [-79.8, 36.144144]}, "properties": {"crashes": 3, "injury": 2, "fatal": 0, "pedestrian": 0, "bicycle": 0, "density": 0.8, "year_range": "2014-2018"}}, {"type": "Feature", "geometry": {"type": "Point", "coordinates": [-79.809009, 36.088288]}, "properties": {"crashes": 2, "injury": 1, "fatal": 0, "pedestrian": 0, "bicycle": 0, "density": 0.5, "year_range": "2014-2018"}}, {"type": "Feature", "geometry": {"type": "Point", "coordinates": [-79.845045, 36.131532]}, "properties": {"crashes": 1, "injury": 1, "fatal": 0, "pedestrian": 0, "bicycle": 0, "density": 0.2, "year_range": "2014-2018"}}, {"type": "Feature", "geometry": {"type": "Point", "coordinates": [-79.821622, 36.072072]}, "properties": {"crashes": 2, "injury": 0, "fatal": 0, "pedestrian": 0, "bicycle": 0, "density": 0.5, "year_range": "2014-2018"}}, {"type": "Feature", "geometry": {"type": "Point", "coordinates": [-79.765766, 36.07027]}, "properties": {"crashes": 2, "injury": 0, "fatal": 0, "pedestrian": 0, "bicycle": 0, "density": 0.5, "year_range": "2014-2018"}}, {"type": "Feature", "geometry": {"type": "Point", "coordinates": [-79.67027, 36.064865]}, "properties": {"crashes": 1, "injury": 1, "fatal": 0, "pedestrian": 0, "bicycle": 0, "density": 0.2, "year_range": "2014-2018"}}, {"type": "Feature", "geometry": {"type": "Point", "coordinates": [-79.825225, 36.054054]}, "properties": {"crashes": 1, "injury": 0, "fatal": 0, "pedestrian": 0, "bicycle": 0, "density": 0.2, "year_range": "2014-2018"}}, {"type": "Feature", "geometry": {"type": "Point", "coordinates": [-79.790991, 36.145946]}, "properties": {"crashes": 1, "injury": 1, "fatal": 0, "pedestrian": 0, "bicycle": 0, "density": 0.2, "year_range": "2014-2018"}}, {"type": "Feature", "geometry": {"type": "Point", "coordinates": [-79.877477, 36.052252]}, "properties": {"crashes": 1, "injury": 0, "fatal": 0, "pedestrian": 0, "bicycle": 0, "density": 0.2, "year_range": "2014-2018"}}, {"type": "Feature", "geometry": {"type": "Point", "coordinates": [-79.823423, 36.066667]}, "properties": {"crashes": 2, "injury": 1, "fatal": 0, "pedestrian": 0, "bicycle": 0, "density": 0.5, "year_range": "2014-2018"}}, {"type": "Feature", "geometry": {"type": "Point", "coordinates": [-79.882883, 36.176577]}, "properties": {"crashes": 2, "injury": 1, "fatal": 0, "pedestrian": 0, "bicycle": 0, "density": 0.5, "year_range": "2014-2018"}}, {"type": "Feature", "geometry": {"type": "Point", "coordinates": [-79.785586, 36.072072]}, "properties": {"crashes": 1, "injury": 0, "fatal": 0, "pedestrian": 0, "bicycle": 0, "density": 0.2, "year_range": "2014-2018"}}, {"type": "Feature", "geometry": {"type": "Point", "coordinates": [-79.900901, 36.027027]}, "properties": {"crashes": 1, "injury": 0, "fatal": 0, "pedestrian": 0, "bicycle": 0, "density": 0.2, "year_range": "2014-2018"}}, {"type": "Feature", "geometry": {"type": "Point", "coordinates": [-79.781982, 36.061261]}, "properties": {"crashes": 1, "injury": 1, "fatal": 0, "pedestrian": 0, "bicycle": 0, "density": 0.2, "year_range": "2014-2018"}}, {"type": "Feature", "geometry": {"type": "Point", "coordinates": [-79.758559, 36.054054]}, "properties": {"crashes": 1, "injury": 1, "fatal": 0, "pedestrian": 0, "bicycle": 0, "density": 0.2, "year_range": "2014-2018"}}, {"type": "Feature", "geometry": {"type": "Point", "coordinates": [-79.828829, 36.055856]}, "properties": {"crashes": 1, "injury": 0, "fatal": 0, "pedestrian": 0, "bicycle": 0, "density": 0.2, "year_range": "2014-2018"}}, {"type": "Feature", "geometry": {"type": "Point", "coordinates": [-79.717117, 36.165766]}, "properties": {"crashes": 1, "injury": 0, "fatal": 0, "pedestrian": 0, "bicycle": 0, "density": 0.2, "year_range": "2014-2018"}}, {"type": "Feature", "geometry": {"type": "Point", "coordinates": [-79.821622, 36.102703]}, "properties": {"crashes": 1, "injury": 0, "fatal": 0, "pedestrian": 0, "bicycle": 0, "density": 0.2, "year_range": "2014-2018"}}, {"type": "Feature", "geometry": {"type": "Point", "coordinates": [-79.805405, 36.005405]}, "properties": {"crashes": 1, "injury": 1, "fatal": 0, "pedestrian": 0, "bicycle": 0, "density": 0.2, "year_range": "2014-2018"}}, {"type": "Feature", "geometry": {"type": "Point", "coordinates": [-79.756757, 36.066667]}, "properties": {"crashes": 1, "injury": 0, "fatal": 0, "pedestrian": 0, "bicycle": 0, "density": 0.2, "year_range": "2014-2018"}}, {"type": "Feature", "geometry": {"type": "Point", "coordinates": [-79.762162, 36.054054]}, "properties": {"crashes": 1, "injury": 0, "fatal": 0, "pedestrian": 0, "bicycle": 0, "density": 0.2, "year_range": "2014-2018"}}, {"type": "Feature", "geometry": {"type": "Point", "coordinates": [-79.654054, 36.059459]}, "properties": {"crashes": 1, "injury": 0, "fatal": 0, "pedestrian": 0, "bicycle": 0, "density": 0.2, "year_range": "2014-2018"}}, {"type": "Feature", "geometry": {"type": "Point", "coordinates": [-79.74955, 36.140541]}, "properties": {"crashes": 1, "injury": 0, "fatal": 0, "pedestrian": 0, "bicycle": 0, "density": 0.2, "year_range": "2014-2018"}}, {"type": "Feature", "geometry": {"type": "Point", "coordinates": [-79.809009, 36.0]}, "properties": {"crashes": 1, "injury": 0, "fatal": 0, "pedestrian": 0, "bicycle": 0, "density": 0.2, "year_range": "2014-2018"}}, {"type": "Feature", "geometry": {"type": "Point", "coordinates": [-79.711712, 36.055856]}, "properties": {"crashes": 2, "injury": 0, "fatal": 0, "pedestrian": 0, "bicycle": 0, "density": 0.5, "year_range": "2014-2018"}}, {"type": "Feature", "geometry": {"type": "Point", "coordinates": [-79.8, 36.05045]}, "properties": {"crashes": 1, "injury": 1, "fatal": 0, "pedestrian": 0, "bicycle": 0, "density": 0.2, "year_range": "2014-2018"}}, {"type": "Feature", "geometry": {"type": "Point", "coordinates": [-79.864865, 36.131532]}, "properties": {"crashes": 1, "injury": 0, "fatal": 0, "pedestrian": 0, "bicycle": 0, "density": 0.2, "year_range": "2014-2018"}}, {"type": "Feature", "geometry": {"type": "Point", "coordinates": [-79.863063, 36.072072]}, "properties": {"crashes": 2, "injury": 0, "fatal": 0, "pedestrian": 0, "bicycle": 0, "density": 0.5, "year_range": "2014-2018"}}, {"type": "Feature", "geometry": {"type": "Point", "coordinates": [-79.747748, 36.081081]}, "properties": {"crashes": 2, "injury": 0, "fatal": 0, "pedestrian": 0, "bicycle": 0, "density": 0.5, "year_range": "2014-2018"}}, {"type": "Feature", "geometry": {"type": "Point", "coordinates": [-79.785586, 36.091892]}, "properties": {"crashes": 1, "injury": 1, "fatal": 0, "pedestrian": 0, "bicycle": 0, "density": 0.2, "year_range": "2014-2018"}}, {"type": "Feature", "geometry": {"type": "Point", "coordinates": [-79.78018, 36.023423]}, "properties": {"crashes": 1, "injury": 0, "fatal": 0, "pedestrian": 0, "bicycle": 0, "density": 0.2, "year_range": "2014-2018"}}, {"type": "Feature", "geometry": {"type": "Point", "coordinates": [-79.859459, 36.03964]}, "properties": {"crashes": 1, "injury": 0, "fatal": 0, "pedestrian": 0, "bicycle": 0, "density": 0.2, "year_range": "2014-2018"}}, {"type": "Feature", "geometry": {"type": "Point", "coordinates": [-79.785586, 36.046847]}, "properties": {"crashes": 1, "injury": 0, "fatal": 0, "pedestrian": 0, "bicycle": 0, "density": 0.2, "year_range": "2014-2018"}}, {"type": "Feature", "geometry": {"type": "Point", "coordinates": [-79.832432, 36.124324]}, "properties": {"crashes": 1, "injury": 0, "fatal": 0, "pedestrian": 0, "bicycle": 0, "density": 0.2, "year_range": "2014-2018"}}, {"type": "Feature", "geometry": {"type": "Point", "coordinates": [-79.893694, 36.095495]}, "properties": {"crashes": 2, "injury": 1, "fatal": 0, "pedestrian": 0, "bicycle": 0, "density": 0.5, "year_range": "2014-2018"}}, {"type": "Feature", "geometry": {"type": "Point", "coordinates": [-79.836036, 36.045045]}, "properties": {"crashes": 1, "injury": 0, "fatal": 0, "pedestrian": 0, "bicycle": 0, "density": 0.2, "year_range": "2014-2018"}}, {"type": "Feature", "geometry": {"type": "Point", "coordinates": [-79.722523, 36.16036]}, "properties": {"crashes": 4, "injury": 2, "fatal": 0, "pedestrian": 0, "bicycle": 0, "density": 1.0, "year_range": "2014-2018"}}, {"type": "Feature", "geometry": {"type": "Point", "coordinates": [-79.882883, 36.144144]}, "properties": {"crashes": 2, "injury": 0, "fatal": 0, "pedestrian": 0, "bicycle": 0, "density": 0.5, "year_range": "2014-2018"}}, {"type": "Feature", "geometry": {"type": "Point", "coordinates": [-79.789189, 36.03964]}, "properties": {"crashes": 1, "injury": 0, "fatal": 0, "pedestrian": 0, "bicycle": 0, "density": 0.2, "year_range": "2014-2018"}}, {"type": "Feature", "geometry": {"type": "Point", "coordinates": [-79.76036, 36.048649]}, "properties": {"crashes": 1, "injury": 0, "fatal": 0, "pedestrian": 0, "bicycle": 0, "density": 0.2, "year_range": "2014-2018"}}, {"type": "Feature", "geometry": {"type": "Point", "coordinates": [-79.758559, 36.124324]}, "properties": {"crashes": 1, "injury": 0, "fatal": 0, "pedestrian": 0, "bicycle": 0, "density": 0.2, "year_range": "2014-2018"}}, {"type": "Feature", "geometry": {"type": "Point", "coordinates": [-79.783784, 36.106306]}, "properties": {"crashes": 1, "injury": 0, "fatal": 0, "pedestrian": 0, "bicycle": 0, "density": 0.2, "year_range": "2014-2018"}}, {"type": "Feature", "geometry": {"type": "Point", "coordinates": [-79.857658, 36.041441]}, "properties": {"crashes": 1, "injury": 0, "fatal": 0, "pedestrian": 0, "bicycle": 0, "density": 0.2, "year_range": "2014-2018"}}, {"type": "Feature", "geometry": {"type": "Point", "coordinates": [-79.827027, 36.041441]}, "properties": {"crashes": 1, "injury": 0, "fatal": 0, "pedestrian": 0, "bicycle": 0, "density": 0.2, "year_range": "2014-2018"}}, {"type": "Feature", "geometry": {"type": "Point", "coordinates": [-79.821622, 36.07027]}, "properties": {"crashes": 1, "injury": 0, "fatal": 0, "pedestrian": 0, "bicycle": 0, "density": 0.2, "year_range": "2014-2018"}}, {"type": "Feature", "geometry": {"type": "Point", "coordinates": [-79.771171, 36.135135]}, "properties": {"crashes": 1, "injury": 0, "fatal": 0, "pedestrian": 0, "bicycle": 0, "density": 0.2, "year_range": "2014-2018"}}, {"type": "Feature", "geometry": {"type": "Point", "coordinates": [-79.922523, 36.127928]}, "properties": {"crashes": 1, "injury": 0, "fatal": 0, "pedestrian": 0, "bicycle": 0, "density": 0.2, "year_range": "2014-2018"}}, {"type": "Feature", "geometry": {"type": "Point", "coordinates": [-79.762162, 36.043243]}, "properties": {"crashes": 1, "injury": 0, "fatal": 0, "pedestrian": 0, "bicycle": 0, "density": 0.2, "year_range": "2014-2018"}}, {"type": "Feature", "geometry": {"type": "Point", "coordinates": [-79.956757, 36.111712]}, "properties": {"crashes": 1, "injury": 0, "fatal": 0, "pedestrian": 0, "bicycle": 0, "density": 0.2, "year_range": "2014-2018"}}, {"type": "Feature", "geometry": {"type": "Point", "coordinates": [-79.792793, 36.131532]}, "properties": {"crashes": 1, "injury": 0, "fatal": 0, "pedestrian": 0, "bicycle": 0, "density": 0.2, "year_range": "2014-2018"}}, {"type": "Feature", "geometry": {"type": "Point", "coordinates": [-79.803604, 36.106306]}, "properties": {"crashes": 1, "injury": 0, "fatal": 0, "pedestrian": 0, "bicycle": 0, "density": 0.2, "year_range": "2014-2018"}}, {"type": "Feature", "geometry": {"type": "Point", "coordinates": [-79.913514, 36.081081]}, "properties": {"crashes": 1, "injury": 0, "fatal": 0, "pedestrian": 0, "bicycle": 0, "density": 0.2, "year_range": "2014-2018"}}, {"type": "Feature", "geometry": {"type": "Point", "coordinates": [-79.886486, 36.055856]}, "properties": {"crashes": 1, "injury": 0, "fatal": 0, "pedestrian": 0, "bicycle": 0, "density": 0.2, "year_range": "2014-2018"}}, {"type": "Feature", "geometry": {"type": "Point", "coordinates": [-79.776577, 36.057658]}, "properties": {"crashes": 1, "injury": 0, "fatal": 0, "pedestrian": 0, "bicycle": 0, "density": 0.2, "year_range": "2014-2018"}}, {"type": "Feature", "geometry": {"type": "Point", "coordinates": [-79.845045, 36.073874]}, "properties": {"crashes": 1, "injury": 0, "fatal": 0, "pedestrian": 0, "bicycle": 0, "density": 0.2, "year_range": "2014-2018"}}, {"type": "Feature", "geometry": {"type": "Point", "coordinates": [-79.947748, 36.07027]}, "properties": {"crashes": 2, "injury": 0, "fatal": 0, "pedestrian": 0, "bicycle": 0, "density": 0.5, "year_range": "2014-2018"}}, {"type": "Feature", "geometry": {"type": "Point", "coordinates": [-79.861261, 36.057658]}, "properties": {"crashes": 1, "injury": 0, "fatal": 0, "pedestrian": 0, "bicycle": 0, "density": 0.2, "year_range": "2014-2018"}}, {"type": "Feature", "geometry": {"type": "Point", "coordinates": [-79.682883, 36.057658]}, "properties": {"crashes": 1, "injury": 0, "fatal": 0, "pedestrian": 0, "bicycle": 0, "density": 0.2, "year_range": "2014-2018"}}, {"type": "Feature", "geometry": {"type": "Point", "coordinates": [-79.809009, 36.066667]}, "properties": {"crashes": 1, "injury": 1, "fatal": 0, "pedestrian": 0, "bicycle": 0, "density": 0.2, "year_range": "2014-2018"}}, {"type": "Feature", "geometry": {"type": "Point", "coordinates": [-79.818018, 36.01982]}, "properties": {"crashes": 1, "injury": 1, "fatal": 0, "pedestrian": 0, "bicycle": 0, "density": 0.2, "year_range": "2014-2018"}}, {"type": "Feature", "geometry": {"type": "Point", "coordinates": [-79.686486, 36.061261]}, "properties": {"crashes": 2, "injury": 1, "fatal": 0, "pedestrian": 0, "bicycle": 0, "density": 0.5, "year_range": "2014-2018"}}, {"type": "Feature", "geometry": {"type": "Point", "coordinates": [-79.812613, 36.043243]}, "properties": {"crashes": 1, "injury": 0, "fatal": 0, "pedestrian": 0, "bicycle": 0, "density": 0.2, "year_range": "2014-2018"}}, {"type": "Feature", "geometry": {"type": "Point", "coordinates": [-79.882883, 36.115315]}, "properties": {"crashes": 1, "injury": 0, "fatal": 0, "pedestrian": 0, "bicycle": 0, "density": 0.2, "year_range": "2014-2018"}}, {"type": "Feature", "geometry": {"type": "Point", "coordinates": [-79.765766, 35.996396]}, "properties": {"crashes": 1, "injury": 0, "fatal": 0, "pedestrian": 0, "bicycle": 0, "density": 0.2, "year_range": "2014-2018"}}, {"type": "Feature", "geometry": {"type": "Point", "coordinates": [-79.78018, 36.027027]}, "properties": {"crashes": 1, "injury": 0, "fatal": 0, "pedestrian": 0, "bicycle": 0, "density": 0.2, "year_range": "2014-2018"}}, {"type": "Feature", "geometry": {"type": "Point", "coordinates": [-79.747748, 36.145946]}, "properties": {"crashes": 1, "injury": 1, "fatal": 0, "pedestrian": 0, "bicycle": 0, "density": 0.2, "year_range": "2014-2018"}}, {"type": "Feature", "geometry": {"type": "Point", "coordinates": [-79.738739, 36.086486]}, "properties": {"crashes": 3, "injury": 0, "fatal": 0, "pedestrian": 0, "bicycle": 0, "density": 0.8, "year_range": "2014-2018"}}, {"type": "Feature", "geometry": {"type": "Point", "coordinates": [-79.938739, 36.057658]}, "properties": {"crashes": 1, "injury": 0, "fatal": 0, "pedestrian": 0, "bicycle": 0, "density": 0.2, "year_range": "2014-2018"}}, {"type": "Feature", "geometry": {"type": "Point", "coordinates": [-79.841441, 36.068468]}, "properties": {"crashes": 2, "injury": 0, "fatal": 0, "pedestrian": 0, "bicycle": 0, "density": 0.5, "year_range": "2014-2018"}}, {"type": "Feature", "geometry": {"type": "Point", "coordinates": [-79.794595, 36.063063]}, "properties": {"crashes": 1, "injury": 1, "fatal": 0, "pedestrian": 0, "bicycle": 0, "density": 0.2, "year_range": "2014-2018"}}, {"type": "Feature", "geometry": {"type": "Point", "coordinates": [-79.899099, 36.054054]}, "properties": {"crashes": 1, "injury": 0, "fatal": 0, "pedestrian": 0, "bicycle": 0, "density": 0.2, "year_range": "2014-2018"}}, {"type": "Feature", "geometry": {"type": "Point", "coordinates": [-79.814414, 36.046847]}, "properties": {"crashes": 1, "injury": 1, "fatal": 0, "pedestrian": 0, "bicycle": 0, "density": 0.2, "year_range": "2014-2018"}}, {"type": "Feature", "geometry": {"type": "Point", "coordinates": [-79.771171, 36.055856]}, "properties": {"crashes": 1, "injury": 0, "fatal": 0, "pedestrian": 0, "bicycle": 0, "density": 0.2, "year_range": "2014-2018"}}, {"type": "Feature", "geometry": {"type": "Point", "coordinates": [-79.76036, 36.133333]}, "properties": {"crashes": 1, "injury": 1, "fatal": 0, "pedestrian": 0, "bicycle": 0, "density": 0.2, "year_range": "2014-2018"}}, {"type": "Feature", "geometry": {"type": "Point", "coordinates": [-79.8, 36.068468]}, "properties": {"crashes": 1, "injury": 0, "fatal": 0, "pedestrian": 0, "bicycle": 0, "density": 0.2, "year_range": "2014-2018"}}, {"type": "Feature", "geometry": {"type": "Point", "coordinates": [-79.882883, 36.117117]}, "properties": {"crashes": 1, "injury": 0, "fatal": 0, "pedestrian": 0, "bicycle": 0, "density": 0.2, "year_range": "2014-2018"}}, {"type": "Feature", "geometry": {"type": "Point", "coordinates": [-79.843243, 36.059459]}, "properties": {"crashes": 2, "injury": 1, "fatal": 0, "pedestrian": 0, "bicycle": 0, "density": 0.5, "year_range": "2014-2018"}}, {"type": "Feature", "geometry": {"type": "Point", "coordinates": [-79.798198, 36.122523]}, "properties": {"crashes": 1, "injury": 0, "fatal": 0, "pedestrian": 0, "bicycle": 0, "density": 0.2, "year_range": "2014-2018"}}, {"type": "Feature", "geometry": {"type": "Point", "coordinates": [-79.70991, 36.178378]}, "properties": {"crashes": 1, "injury": 1, "fatal": 0, "pedestrian": 0, "bicycle": 0, "density": 0.2, "year_range": "2014-2018"}}, {"type": "Feature", "geometry": {"type": "Point", "coordinates": [-79.763964, 36.063063]}, "properties": {"crashes": 2, "injury": 1, "fatal": 0, "pedestrian": 0, "bicycle": 0, "density": 0.5, "year_range": "2014-2018"}}, {"type": "Feature", "geometry": {"type": "Point", "coordinates": [-79.792793, 36.126126]}, "properties": {"crashes": 1, "injury": 0, "fatal": 0, "pedestrian": 0, "bicycle": 0, "density": 0.2, "year_range": "2014-2018"}}, {"type": "Feature", "geometry": {"type": "Point", "coordinates": [-79.904505, 36.088288]}, "properties": {"crashes": 1, "injury": 1, "fatal": 0, "pedestrian": 0, "bicycle": 0, "density": 0.2, "year_range": "2014-2018"}}, {"type": "Feature", "geometry": {"type": "Point", "coordinates": [-79.879279, 36.122523]}, "properties": {"crashes": 1, "injury": 0, "fatal": 0, "pedestrian": 0, "bicycle": 0, "density": 0.2, "year_range": "2014-2018"}}, {"type": "Feature", "geometry": {"type": "Point", "coordinates": [-79.693694, 36.079279]}, "properties": {"crashes": 1, "injury": 0, "fatal": 0, "pedestrian": 0, "bicycle": 0, "density": 0.2, "year_range": "2014-2018"}}, {"type": "Feature", "geometry": {"type": "Point", "coordinates": [-79.796396, 36.120721]}, "properties": {"crashes": 1, "injury": 0, "fatal": 0, "pedestrian": 0, "bicycle": 0, "density": 0.2, "year_range": "2014-2018"}}, {"type": "Feature", "geometry": {"type": "Point", "coordinates": [-79.872072, 36.147748]}, "properties": {"crashes": 1, "injury": 1, "fatal": 0, "pedestrian": 0, "bicycle": 0, "density": 0.2, "year_range": "2014-2018"}}, {"type": "Feature", "geometry": {"type": "Point", "coordinates": [-79.736937, 36.167568]}, "properties": {"crashes": 1, "injury": 0, "fatal": 0, "pedestrian": 0, "bicycle": 0, "density": 0.2, "year_range": "2014-2018"}}, {"type": "Feature", "geometry": {"type": "Point", "coordinates": [-79.713514, 36.093694]}, "properties": {"crashes": 1, "injury": 0, "fatal": 0, "pedestrian": 0, "bicycle": 0, "density": 0.2, "year_range": "2014-2018"}}, {"type": "Feature", "geometry": {"type": "Point", "coordinates": [-79.787387, 36.131532]}, "properties": {"crashes": 1, "injury": 0, "fatal": 0, "pedestrian": 0, "bicycle": 0, "density": 0.2, "year_range": "2014-2018"}}, {"type": "Feature", "geometry": {"type": "Point", "coordinates": [-79.834234, 36.165766]}, "properties": {"crashes": 1, "injury": 0, "fatal": 0, "pedestrian": 0, "bicycle": 0, "density": 0.2, "year_range": "2014-2018"}}, {"type": "Feature", "geometry": {"type": "Point", "coordinates": [-79.774775, 36.059459]}, "properties": {"crashes": 1, "injury": 0, "fatal": 0, "pedestrian": 0, "bicycle": 0, "density": 0.2, "year_range": "2014-2018"}}, {"type": "Feature", "geometry": {"type": "Point", "coordinates": [-79.857658, 36.014414]}, "properties": {"crashes": 1, "injury": 0, "fatal": 0, "pedestrian": 0, "bicycle": 0, "density": 0.2, "year_range": "2014-2018"}}, {"type": "Feature", "geometry": {"type": "Point", "coordinates": [-79.931532, 36.138739]}, "properties": {"crashes": 1, "injury": 0, "fatal": 0, "pedestrian": 0, "bicycle": 0, "density": 0.2, "year_range": "2014-2018"}}, {"type": "Feature", "geometry": {"type": "Point", "coordinates": [-79.81982, 36.055856]}, "properties": {"crashes": 1, "injury": 0, "fatal": 0, "pedestrian": 0, "bicycle": 0, "density": 0.2, "year_range": "2014-2018"}}, {"type": "Feature", "geometry": {"type": "Point", "coordinates": [-79.814414, 36.077477]}, "properties": {"crashes": 3, "injury": 1, "fatal": 0, "pedestrian": 0, "bicycle": 0, "density": 0.8, "year_range": "2014-2018"}}, {"type": "Feature", "geometry": {"type": "Point", "coordinates": [-79.897297, 36.086486]}, "properties": {"crashes": 1, "injury": 1, "fatal": 0, "pedestrian": 0, "bicycle": 0, "density": 0.2, "year_range": "2014-2018"}}, {"type": "Feature", "geometry": {"type": "Point", "coordinates": [-79.765766, 36.117117]}, "properties": {"crashes": 1, "injury": 1, "fatal": 0, "pedestrian": 0, "bicycle": 0, "density": 0.2, "year_range": "2014-2018"}}, {"type": "Feature", "geometry": {"type": "Point", "coordinates": [-79.814414, 36.097297]}, "properties": {"crashes": 1, "injury": 1, "fatal": 0, "pedestrian": 0, "bicycle": 0, "density": 0.2, "year_range": "2014-2018"}}, {"type": "Feature", "geometry": {"type": "Point", "coordinates": [-79.778378, 36.104505]}, "properties": {"crashes": 1, "injury": 0, "fatal": 0, "pedestrian": 0, "bicycle": 0, "density": 0.2, "year_range": "2014-2018"}}, {"type": "Feature", "geometry": {"type": "Point", "coordinates": [-79.836036, 36.072072]}, "properties": {"crashes": 2, "injury": 1, "fatal": 0, "pedestrian": 0, "bicycle": 0, "density": 0.5, "year_range": "2014-2018"}}, {"type": "Feature", "geometry": {"type": "Point", "coordinates": [-79.78018, 36.054054]}, "properties": {"crashes": 1, "injury": 1, "fatal": 0, "pedestrian": 0, "bicycle": 0, "density": 0.2, "year_range": "2014-2018"}}, {"type": "Feature", "geometry": {"type": "Point", "coordinates": [-79.695495, 36.084685]}, "properties": {"crashes": 2, "injury": 2, "fatal": 0, "pedestrian": 0, "bicycle": 0, "density": 0.5, "year_range": "2014-2018"}}, {"type": "Feature", "geometry": {"type": "Point", "coordinates": [-79.882883, 36.057658]}, "properties": {"crashes": 2, "injury": 0, "fatal": 0, "pedestrian": 0, "bicycle": 0, "density": 0.5, "year_range": "2014-2018"}}, {"type": "Feature", "geometry": {"type": "Point", "coordinates": [-79.872072, 36.05045]}, "properties": {"crashes": 1, "injury": 0, "fatal": 0, "pedestrian": 0, "bicycle": 0, "density": 0.2, "year_range": "2014-2018"}}, {"type": "Feature", "geometry": {"type": "Point", "coordinates": [-79.74955, 36.126126]}, "properties": {"crashes": 2, "injury": 1, "fatal": 0, "pedestrian": 0, "bicycle": 0, "density": 0.5, "year_range": "2014-2018"}}, {"type": "Feature", "geometry": {"type": "Point", "coordinates": [-79.866667, 36.144144]}, "properties": {"crashes": 1, "injury": 0, "fatal": 0, "pedestrian": 0, "bicycle": 0, "density": 0.2, "year_range": "2014-2018"}}, {"type": "Feature", "geometry": {"type": "Point", "coordinates": [-79.783784, 36.014414]}, "properties": {"crashes": 1, "injury": 0, "fatal": 0, "pedestrian": 0, "bicycle": 0, "density": 0.2, "year_range": "2014-2018"}}, {"type": "Feature", "geometry": {"type": "Point", "coordinates": [-79.801802, 36.037838]}, "properties": {"crashes": 1, "injury": 0, "fatal": 0, "pedestrian": 0, "bicycle": 0, "density": 0.2, "year_range": "2014-2018"}}, {"type": "Feature", "geometry": {"type": "Point", "coordinates": [-79.753153, 36.108108]}, "properties": {"crashes": 1, "injury": 0, "fatal": 0, "pedestrian": 0, "bicycle": 0, "density": 0.2, "year_range": "2014-2018"}}, {"type": "Feature", "geometry": {"type": "Point", "coordinates": [-79.841441, 36.091892]}, "properties": {"crashes": 1, "injury": 0, "fatal": 0, "pedestrian": 0, "bicycle": 0, "density": 0.2, "year_range": "2014-2018"}}, {"type": "Feature", "geometry": {"type": "Point", "coordinates": [-79.814414, 36.104505]}, "properties": {"crashes": 1, "injury": 0, "fatal": 0, "pedestrian": 0, "bicycle": 0, "density": 0.2, "year_range": "2014-2018"}}, {"type": "Feature", "geometry": {"type": "Point", "coordinates": [-79.727928, 36.178378]}, "properties": {"crashes": 1, "injury": 0, "fatal": 0, "pedestrian": 0, "bicycle": 0, "density": 0.2, "year_range": "2014-2018"}}, {"type": "Feature", "geometry": {"type": "Point", "coordinates": [-79.790991, 36.009009]}, "properties": {"crashes": 1, "injury": 0, "fatal": 0, "pedestrian": 0, "bicycle": 0, "density": 0.2, "year_range": "2014-2018"}}, {"type": "Feature", "geometry": {"type": "Point", "coordinates": [-79.812613, 36.093694]}, "properties": {"crashes": 1, "injury": 1, "fatal": 0, "pedestrian": 0, "bicycle": 0, "density": 0.2, "year_range": "2014-2018"}}, {"type": "Feature", "geometry": {"type": "Point", "coordinates": [-79.864865, 36.046847]}, "properties": {"crashes": 1, "injury": 1, "fatal": 0, "pedestrian": 0, "bicycle": 0, "density": 0.2, "year_range": "2014-2018"}}, {"type": "Feature", "geometry": {"type": "Point", "coordinates": [-79.902703, 36.115315]}, "properties": {"crashes": 1, "injury": 0, "fatal": 0, "pedestrian": 0, "bicycle": 0, "density": 0.2, "year_range": "2014-2018"}}, {"type": "Feature", "geometry": {"type": "Point", "coordinates": [-79.861261, 36.136937]}, "properties": {"crashes": 1, "injury": 1, "fatal": 0, "pedestrian": 0, "bicycle": 0, "density": 0.2, "year_range": "2014-2018"}}, {"type": "Feature", "geometry": {"type": "Point", "coordinates": [-79.776577, 36.138739]}, "properties": {"crashes": 1, "injury": 0, "fatal": 0, "pedestrian": 0, "bicycle": 0, "density": 0.2, "year_range": "2014-2018"}}, {"type": "Feature", "geometry": {"type": "Point", "coordinates": [-79.731532, 36.081081]}, "properties": {"crashes": 1, "injury": 0, "fatal": 0, "pedestrian": 0, "bicycle": 0, "density": 0.2, "year_range": "2014-2018"}}, {"type": "Feature", "geometry": {"type": "Point", "coordinates": [-79.781982, 36.093694]}, "properties": {"crashes": 1, "injury": 0, "fatal": 0, "pedestrian": 0, "bicycle": 0, "density": 0.2, "year_range": "2014-2018"}}, {"type": "Feature", "geometry": {"type": "Point", "coordinates": [-79.776577, 36.01982]}, "properties": {"crashes": 1, "injury": 1, "fatal": 0, "pedestrian": 0, "bicycle": 0, "density": 0.2, "year_range": "2014-2018"}}, {"type": "Feature", "geometry": {"type": "Point", "coordinates": [-79.803604, 36.005405]}, "properties": {"crashes": 1, "injury": 0, "fatal": 0, "pedestrian": 0, "bicycle": 0, "density": 0.2, "year_range": "2014-2018"}}, {"type": "Feature", "geometry": {"type": "Point", "coordinates": [-79.888288, 36.091892]}, "properties": {"crashes": 1, "injury": 0, "fatal": 0, "pedestrian": 0, "bicycle": 0, "density": 0.2, "year_range": "2014-2018"}}, {"type": "Feature", "geometry": {"type": "Point", "coordinates": [-79.790991, 36.124324]}, "properties": {"crashes": 1, "injury": 0, "fatal": 0, "pedestrian": 0, "bicycle": 0, "density": 0.2, "year_range": "2014-2018"}}, {"type": "Feature", "geometry": {"type": "Point", "coordinates": [-79.866667, 36.055856]}, "properties": {"crashes": 2, "injury": 0, "fatal": 0, "pedestrian": 0, "bicycle": 0, "density": 0.5, "year_range": "2014-2018"}}, {"type": "Feature", "geometry": {"type": "Point", "coordinates": [-79.792793, 36.171171]}, "properties": {"crashes": 1, "injury": 0, "fatal": 0, "pedestrian": 0, "bicycle": 0, "density": 0.2, "year_range": "2014-2018"}}, {"type": "Feature", "geometry": {"type": "Point", "coordinates": [-79.810811, 36.025225]}, "properties": {"crashes": 1, "injury": 0, "fatal": 0, "pedestrian": 0, "bicycle": 0, "density": 0.2, "year_range": "2014-2018"}}, {"type": "Feature", "geometry": {"type": "Point", "coordinates": [-79.814414, 36.099099]}, "properties": {"crashes": 1, "injury": 0, "fatal": 0, "pedestrian": 0, "bicycle": 0, "density": 0.2, "year_range": "2014-2018"}}, {"type": "Feature", "geometry": {"type": "Point", "coordinates": [-79.776577, 36.14955]}, "properties": {"crashes": 1, "injury": 0, "fatal": 0, "pedestrian": 0, "bicycle": 0, "density": 0.2, "year_range": "2014-2018"}}, {"type": "Feature", "geometry": {"type": "Point", "coordinates": [-79.778378, 36.102703]}, "properties": {"crashes": 1, "injury": 0, "fatal": 0, "pedestrian": 0, "bicycle": 0, "density": 0.2, "year_range": "2014-2018"}}, {"type": "Feature", "geometry": {"type": "Point", "coordinates": [-79.846847, 36.138739]}, "properties": {"crashes": 4, "injury": 3, "fatal": 0, "pedestrian": 0, "bicycle": 0, "density": 1.0, "year_range": "2014-2018"}}, {"type": "Feature", "geometry": {"type": "Point", "coordinates": [-79.927928, 36.127928]}, "properties": {"crashes": 1, "injury": 0, "fatal": 0, "pedestrian": 0, "bicycle": 0, "density": 0.2, "year_range": "2014-2018"}}, {"type": "Feature", "geometry": {"type": "Point", "coordinates": [-79.754955, 36.063063]}, "properties": {"crashes": 1, "injury": 0, "fatal": 0, "pedestrian": 0, "bicycle": 0, "density": 0.2, "year_range": "2014-2018"}}, {"type": "Feature", "geometry": {"type": "Point", "coordinates": [-79.792793, 36.009009]}, "properties": {"crashes": 1, "injury": 0, "fatal": 0, "pedestrian": 0, "bicycle": 0, "density": 0.2, "year_range": "2014-2018"}}, {"type": "Feature", "geometry": {"type": "Point", "coordinates": [-79.818018, 36.082883]}, "properties": {"crashes": 2, "injury": 1, "fatal": 0, "pedestrian": 0, "bicycle": 0, "density": 0.5, "year_range": "2014-2018"}}, {"type": "Feature", "geometry": {"type": "Point", "coordinates": [-79.899099, 36.115315]}, "properties": {"crashes": 3, "injury": 1, "fatal": 0, "pedestrian": 0, "bicycle": 0, "density": 0.8, "year_range": "2014-2018"}}, {"type": "Feature", "geometry": {"type": "Point", "coordinates": [-79.908108, 36.124324]}, "properties": {"crashes": 2, "injury": 1, "fatal": 0, "pedestrian": 0, "bicycle": 0, "density": 0.5, "year_range": "2014-2018"}}, {"type": "Feature", "geometry": {"type": "Point", "coordinates": [-79.691892, 36.059459]}, "properties": {"crashes": 2, "injury": 0, "fatal": 0, "pedestrian": 0, "bicycle": 0, "density": 0.5, "year_range": "2014-2018"}}, {"type": "Feature", "geometry": {"type": "Point", "coordinates": [-79.809009, 36.037838]}, "properties": {"crashes": 1, "injury": 0, "fatal": 0, "pedestrian": 0, "bicycle": 0, "density": 0.2, "year_range": "2014-2018"}}, {"type": "Feature", "geometry": {"type": "Point", "coordinates": [-79.886486, 36.106306]}, "properties": {"crashes": 2, "injury": 0, "fatal": 0, "pedestrian": 0, "bicycle": 0, "density": 0.5, "year_range": "2014-2018"}}, {"type": "Feature", "geometry": {"type": "Point", "coordinates": [-79.754955, 36.054054]}, "properties": {"crashes": 3, "injury": 1, "fatal": 0, "pedestrian": 0, "bicycle": 0, "density": 0.8, "year_range": "2014-2018"}}, {"type": "Feature", "geometry": {"type": "Point", "coordinates": [-79.915315, 36.099099]}, "properties": {"crashes": 1, "injury": 0, "fatal": 0, "pedestrian": 0, "bicycle": 0, "density": 0.2, "year_range": "2014-2018"}}, {"type": "Feature", "geometry": {"type": "Point", "coordinates": [-79.754955, 36.136937]}, "properties": {"crashes": 1, "injury": 1, "fatal": 0, "pedestrian": 0, "bicycle": 0, "density": 0.2, "year_range": "2014-2018"}}, {"type": "Feature", "geometry": {"type": "Point", "coordinates": [-79.953153, 36.106306]}, "properties": {"crashes": 1, "injury": 0, "fatal": 0, "pedestrian": 0, "bicycle": 0, "density": 0.2, "year_range": "2014-2018"}}, {"type": "Feature", "geometry": {"type": "Point", "coordinates": [-79.731532, 36.021622]}, "properties": {"crashes": 2, "injury": 0, "fatal": 0, "pedestrian": 0, "bicycle": 0, "density": 0.5, "year_range": "2014-2018"}}, {"type": "Feature", "geometry": {"type": "Point", "coordinates": [-79.834234, 36.073874]}, "properties": {"crashes": 2, "injury": 1, "fatal": 0, "pedestrian": 0, "bicycle": 0, "density": 0.5, "year_range": "2014-2018"}}, {"type": "Feature", "geometry": {"type": "Point", "coordinates": [-79.809009, 36.046847]}, "properties": {"crashes": 1, "injury": 1, "fatal": 0, "pedestrian": 0, "bicycle": 0, "density": 0.2, "year_range": "2014-2018"}}, {"type": "Feature", "geometry": {"type": "Point", "coordinates": [-79.917117, 36.030631]}, "properties": {"crashes": 1, "injury": 0, "fatal": 0, "pedestrian": 0, "bicycle": 0, "density": 0.2, "year_range": "2014-2018"}}, {"type": "Feature", "geometry": {"type": "Point", "coordinates": [-79.830631, 36.021622]}, "properties": {"crashes": 3, "injury": 2, "fatal": 0, "pedestrian": 0, "bicycle": 0, "density": 0.8, "year_range": "2014-2018"}}, {"type": "Feature", "geometry": {"type": "Point", "coordinates": [-79.864865, 36.034234]}, "properties": {"crashes": 2, "injury": 0, "fatal": 0, "pedestrian": 0, "bicycle": 0, "density": 0.5, "year_range": "2014-2018"}}, {"type": "Feature", "geometry": {"type": "Point", "coordinates": [-79.763964, 36.102703]}, "properties": {"crashes": 1, "injury": 0, "fatal": 0, "pedestrian": 0, "bicycle": 0, "density": 0.2, "year_range": "2014-2018"}}, {"type": "Feature", "geometry": {"type": "Point", "coordinates": [-79.942342, 36.120721]}, "properties": {"crashes": 1, "injury": 0, "fatal": 0, "pedestrian": 0, "bicycle": 0, "density": 0.2, "year_range": "2014-2018"}}, {"type": "Feature", "geometry": {"type": "Point", "coordinates": [-79.920721, 36.088288]}, "properties": {"crashes": 3, "injury": 0, "fatal": 0, "pedestrian": 0, "bicycle": 0, "density": 0.8, "year_range": "2014-2018"}}, {"type": "Feature", "geometry": {"type": "Point", "coordinates": [-79.81982, 36.066667]}, "properties": {"crashes": 1, "injury": 0, "fatal": 0, "pedestrian": 0, "bicycle": 0, "density": 0.2, "year_range": "2014-2018"}}, {"type": "Feature", "geometry": {"type": "Point", "coordinates": [-79.96036, 36.124324]}, "properties": {"crashes": 1, "injury": 0, "fatal": 0, "pedestrian": 0, "bicycle": 0, "density": 0.2, "year_range": "2014-2018"}}, {"type": "Feature", "geometry": {"type": "Point", "coordinates": [-80.005405, 36.104505]}, "properties": {"crashes": 1, "injury": 0, "fatal": 0, "pedestrian": 0, "bicycle": 0, "density": 0.2, "year_range": "2014-2018"}}, {"type": "Feature", "geometry": {"type": "Point", "coordinates": [-79.778378, 36.023423]}, "properties": {"crashes": 1, "injury": 1, "fatal": 0, "pedestrian": 0, "bicycle": 0, "density": 0.2, "year_range": "2014-2018"}}, {"type": "Feature", "geometry": {"type": "Point", "coordinates": [-79.816216, 36.077477]}, "properties": {"crashes": 1, "injury": 0, "fatal": 0, "pedestrian": 0, "bicycle": 0, "density": 0.2, "year_range": "2014-2018"}}, {"type": "Feature", "geometry": {"type": "Point", "coordinates": [-79.852252, 36.106306]}, "properties": {"crashes": 1, "injury": 0, "fatal": 0, "pedestrian": 0, "bicycle": 0, "density": 0.2, "year_range": "2014-2018"}}, {"type": "Feature", "geometry": {"type": "Point", "coordinates": [-79.742342, 36.05045]}, "properties": {"crashes": 1, "injury": 0, "fatal": 0, "pedestrian": 0, "bicycle": 0, "density": 0.2, "year_range": "2014-2018"}}, {"type": "Feature", "geometry": {"type": "Point", "coordinates": [-79.724324, 36.054054]}, "properties": {"crashes": 1, "injury": 0, "fatal": 0, "pedestrian": 0, "bicycle": 0, "density": 0.2, "year_range": "2014-2018"}}, {"type": "Feature", "geometry": {"type": "Point", "coordinates": [-79.81982, 36.030631]}, "properties": {"crashes": 1, "injury": 0, "fatal": 0, "pedestrian": 0, "bicycle": 0, "density": 0.2, "year_range": "2014-2018"}}, {"type": "Feature", "geometry": {"type": "Point", "coordinates": [-79.803604, 36.048649]}, "properties": {"crashes": 1, "injury": 0, "fatal": 0, "pedestrian": 0, "bicycle": 0, "density": 0.2, "year_range": "2014-2018"}}, {"type": "Feature", "geometry": {"type": "Point", "coordinates": [-79.796396, 36.041441]}, "properties": {"crashes": 1, "injury": 0, "fatal": 0, "pedestrian": 0, "bicycle": 0, "density": 0.2, "year_range": "2014-2018"}}, {"type": "Feature", "geometry": {"type": "Point", "coordinates": [-79.873874, 36.156757]}, "properties": {"crashes": 2, "injury": 1, "fatal": 0, "pedestrian": 0, "bicycle": 0, "density": 0.5, "year_range": "2014-2018"}}, {"type": "Feature", "geometry": {"type": "Point", "coordinates": [-79.884685, 36.124324]}, "properties": {"crashes": 1, "injury": 1, "fatal": 0, "pedestrian": 0, "bicycle": 0, "density": 0.2, "year_range": "2014-2018"}}, {"type": "Feature", "geometry": {"type": "Point", "coordinates": [-79.927928, 36.072072]}, "properties": {"crashes": 2, "injury": 0, "fatal": 0, "pedestrian": 0, "bicycle": 0, "density": 0.5, "year_range": "2014-2018"}}, {"type": "Feature", "geometry": {"type": "Point", "coordinates": [-79.776577, 36.10991]}, "properties": {"crashes": 1, "injury": 0, "fatal": 0, "pedestrian": 0, "bicycle": 0, "density": 0.2, "year_range": "2014-2018"}}, {"type": "Feature", "geometry": {"type": "Point", "coordinates": [-79.83964, 36.041441]}, "properties": {"crashes": 2, "injury": 0, "fatal": 0, "pedestrian": 0, "bicycle": 0, "density": 0.5, "year_range": "2014-2018"}}, {"type": "Feature", "geometry": {"type": "Point", "coordinates": [-79.846847, 36.126126]}, "properties": {"crashes": 1, "injury": 0, "fatal": 0, "pedestrian": 0, "bicycle": 0, "density": 0.2, "year_range": "2014-2018"}}, {"type": "Feature", "geometry": {"type": "Point", "coordinates": [-79.89009, 36.036036]}, "properties": {"crashes": 2, "injury": 0, "fatal": 0, "pedestrian": 0, "bicycle": 0, "density": 0.5, "year_range": "2014-2018"}}, {"type": "Feature", "geometry": {"type": "Point", "coordinates": [-79.877477, 36.163964]}, "properties": {"crashes": 2, "injury": 1, "fatal": 0, "pedestrian": 0, "bicycle": 0, "density": 0.5, "year_range": "2014-2018"}}, {"type": "Feature", "geometry": {"type": "Point", "coordinates": [-79.8, 36.126126]}, "properties": {"crashes": 1, "injury": 0, "fatal": 0, "pedestrian": 0, "bicycle": 0, "density": 0.2, "year_range": "2014-2018"}}, {"type": "Feature", "geometry": {"type": "Point", "coordinates": [-79.863063, 36.140541]}, "properties": {"crashes": 2, "injury": 0, "fatal": 0, "pedestrian": 0, "bicycle": 0, "density": 0.5, "year_range": "2014-2018"}}, {"type": "Feature", "geometry": {"type": "Point", "coordinates": [-79.846847, 36.066667]}, "properties": {"crashes": 1, "injury": 0, "fatal": 0, "pedestrian": 0, "bicycle": 0, "density": 0.2, "year_range": "2014-2018"}}, {"type": "Feature", "geometry": {"type": "Point", "coordinates": [-79.855856, 36.054054]}, "properties": {"crashes": 1, "injury": 1, "fatal": 0, "pedestrian": 0, "bicycle": 0, "density": 0.2, "year_range": "2014-2018"}}, {"type": "Feature", "geometry": {"type": "Point", "coordinates": [-79.803604, 36.086486]}, "properties": {"crashes": 1, "injury": 0, "fatal": 0, "pedestrian": 0, "bicycle": 0, "density": 0.2, "year_range": "2014-2018"}}, {"type": "Feature", "geometry": {"type": "Point", "coordinates": [-79.771171, 36.142342]}, "properties": {"crashes": 2, "injury": 0, "fatal": 0, "pedestrian": 0, "bicycle": 0, "density": 0.5, "year_range": "2014-2018"}}, {"type": "Feature", "geometry": {"type": "Point", "coordinates": [-79.915315, 36.07027]}, "properties": {"crashes": 1, "injury": 0, "fatal": 0, "pedestrian": 0, "bicycle": 0, "density": 0.2, "year_range": "2014-2018"}}, {"type": "Feature", "geometry": {"type": "Point", "coordinates": [-79.87027, 36.091892]}, "properties": {"crashes": 1, "injury": 0, "fatal": 0, "pedestrian": 0, "bicycle": 0, "density": 0.2, "year_range": "2014-2018"}}, {"type": "Feature", "geometry": {"type": "Point", "coordinates": [-79.753153, 36.100901]}, "properties": {"crashes": 1, "injury": 0, "fatal": 0, "pedestrian": 0, "bicycle": 0, "density": 0.2, "year_range": "2014-2018"}}, {"type": "Feature", "geometry": {"type": "Point", "coordinates": [-79.740541, 36.009009]}, "properties": {"crashes": 1, "injury": 0, "fatal": 0, "pedestrian": 0, "bicycle": 0, "density": 0.2, "year_range": "2014-2018"}}, {"type": "Feature", "geometry": {"type": "Point", "coordinates": [-79.828829, 36.09009]}, "properties": {"crashes": 1, "injury": 0, "fatal": 0, "pedestrian": 0, "bicycle": 0, "density": 0.2, "year_range": "2014-2018"}}, {"type": "Feature", "geometry": {"type": "Point", "coordinates": [-79.866667, 36.097297]}, "properties": {"crashes": 1, "injury": 1, "fatal": 0, "pedestrian": 0, "bicycle": 0, "density": 0.2, "year_range": "2014-2018"}}, {"type": "Feature", "geometry": {"type": "Point", "coordinates": [-79.727928, 36.025225]}, "properties": {"crashes": 1, "injury": 0, "fatal": 0, "pedestrian": 0, "bicycle": 0, "density": 0.2, "year_range": "2014-2018"}}, {"type": "Feature", "geometry": {"type": "Point", "coordinates": [-79.810811, 36.162162]}, "properties": {"crashes": 1, "injury": 0, "fatal": 0, "pedestrian": 0, "bicycle": 0, "density": 0.2, "year_range": "2014-2018"}}, {"type": "Feature", "geometry": {"type": "Point", "coordinates": [-79.87027, 36.054054]}, "properties": {"crashes": 1, "injury": 0, "fatal": 0, "pedestrian": 0, "bicycle": 0, "density": 0.2, "year_range": "2014-2018"}}, {"type": "Feature", "geometry": {"type": "Point", "coordinates": [-79.823423, 36.153153]}, "properties": {"crashes": 1, "injury": 0, "fatal": 0, "pedestrian": 0, "bicycle": 0, "density": 0.2, "year_range": "2014-2018"}}, {"type": "Feature", "geometry": {"type": "Point", "coordinates": [-79.857658, 36.088288]}, "properties": {"crashes": 1, "injury": 0, "fatal": 0, "pedestrian": 0, "bicycle": 0, "density": 0.2, "year_range": "2014-2018"}}, {"type": "Feature", "geometry": {"type": "Point", "coordinates": [-79.805405, 36.12973]}, "properties": {"crashes": 1, "injury": 0, "fatal": 0, "pedestrian": 0, "bicycle": 0, "density": 0.2, "year_range": "2014-2018"}}, {"type": "Feature", "geometry": {"type": "Point", "coordinates": [-79.796396, 36.01982]}, "properties": {"crashes": 1, "injury": 1, "fatal": 0, "pedestrian": 0, "bicycle": 0, "density": 0.2, "year_range": "2014-2018"}}, {"type": "Feature", "geometry": {"type": "Point", "coordinates": [-79.809009, 36.025225]}, "properties": {"crashes": 1, "injury": 0, "fatal": 0, "pedestrian": 0, "bicycle": 0, "density": 0.2, "year_range": "2014-2018"}}, {"type": "Feature", "geometry": {"type": "Point", "coordinates": [-79.866667, 36.025225]}, "properties": {"crashes": 1, "injury": 1, "fatal": 0, "pedestrian": 0, "bicycle": 0, "density": 0.2, "year_range": "2014-2018"}}, {"type": "Feature", "geometry": {"type": "Point", "coordinates": [-79.915315, 36.086486]}, "properties": {"crashes": 2, "injury": 1, "fatal": 0, "pedestrian": 0, "bicycle": 0, "density": 0.5, "year_range": "2014-2018"}}, {"type": "Feature", "geometry": {"type": "Point", "coordinates": [-79.717117, 36.086486]}, "properties": {"crashes": 2, "injury": 2, "fatal": 0, "pedestrian": 0, "bicycle": 0, "density": 0.5, "year_range": "2014-2018"}}, {"type": "Feature", "geometry": {"type": "Point", "coordinates": [-79.908108, 36.081081]}, "properties": {"crashes": 1, "injury": 0, "fatal": 0, "pedestrian": 0, "bicycle": 0, "density": 0.2, "year_range": "2014-2018"}}, {"type": "Feature", "geometry": {"type": "Point", "coordinates": [-79.821622, 36.007207]}, "properties": {"crashes": 1, "injury": 0, "fatal": 0, "pedestrian": 0, "bicycle": 0, "density": 0.2, "year_range": "2014-2018"}}, {"type": "Feature", "geometry": {"type": "Point", "coordinates": [-79.798198, 36.095495]}, "properties": {"crashes": 1, "injury": 0, "fatal": 0, "pedestrian": 0, "bicycle": 0, "density": 0.2, "year_range": "2014-2018"}}, {"type": "Feature", "geometry": {"type": "Point", "coordinates": [-79.727928, 36.14955]}, "properties": {"crashes": 1, "injury": 1, "fatal": 0, "pedestrian": 0, "bicycle": 0, "density": 0.2, "year_range": "2014-2018"}}, {"type": "Feature", "geometry": {"type": "Point", "coordinates": [-79.915315, 36.079279]}, "properties": {"crashes": 1, "injury": 1, "fatal": 0, "pedestrian": 0, "bicycle": 0, "density": 0.2, "year_range": "2014-2018"}}, {"type": "Feature", "geometry": {"type": "Point", "coordinates": [-79.742342, 36.063063]}, "properties": {"crashes": 2, "injury": 1, "fatal": 0, "pedestrian": 0, "bicycle": 0, "density": 0.5, "year_range": "2014-2018"}}, {"type": "Feature", "geometry": {"type": "Point", "coordinates": [-79.864865, 36.12973]}, "properties": {"crashes": 1, "injury": 0, "fatal": 0, "pedestrian": 0, "bicycle": 0, "density": 0.2, "year_range": "2014-2018"}}, {"type": "Feature", "geometry": {"type": "Point", "coordinates": [-79.697297, 36.03964]}, "properties": {"crashes": 1, "injury": 1, "fatal": 0, "pedestrian": 0, "bicycle": 0, "density": 0.2, "year_range": "2014-2018"}}, {"type": "Feature", "geometry": {"type": "Point", "coordinates": [-79.787387, 36.124324]}, "properties": {"crashes": 1, "injury": 1, "fatal": 0, "pedestrian": 0, "bicycle": 0, "density": 0.2, "year_range": "2014-2018"}}, {"type": "Feature", "geometry": {"type": "Point", "coordinates": [-79.962162, 36.127928]}, "properties": {"crashes": 1, "injury": 0, "fatal": 0, "pedestrian": 0, "bicycle": 0, "density": 0.2, "year_range": "2014-2018"}}, {"type": "Feature", "geometry": {"type": "Point", "coordinates": [-79.765766, 36.10991]}, "properties": {"crashes": 1, "injury": 1, "fatal": 0, "pedestrian": 0, "bicycle": 0, "density": 0.2, "year_range": "2014-2018"}}, {"type": "Feature", "geometry": {"type": "Point", "coordinates": [-79.796396, 36.144144]}, "properties": {"crashes": 1, "injury": 1, "fatal": 0, "pedestrian": 0, "bicycle": 0, "density": 0.2, "year_range": "2014-2018"}}, {"type": "Feature", "geometry": {"type": "Point", "coordinates": [-79.848649, 36.113514]}, "properties": {"crashes": 1, "injury": 0, "fatal": 0, "pedestrian": 0, "bicycle": 0, "density": 0.2, "year_range": "2014-2018"}}, {"type": "Feature", "geometry": {"type": "Point", "coordinates": [-79.963964, 36.075676]}, "properties": {"crashes": 1, "injury": 0, "fatal": 0, "pedestrian": 0, "bicycle": 0, "density": 0.2, "year_range": "2014-2018"}}, {"type": "Feature", "geometry": {"type": "Point", "coordinates": [-79.778378, 36.063063]}, "properties": {"crashes": 1, "injury": 0, "fatal": 0, "pedestrian": 0, "bicycle": 0, "density": 0.2, "year_range": "2014-2018"}}, {"type": "Feature", "geometry": {"type": "Point", "coordinates": [-79.753153, 36.059459]}, "properties": {"crashes": 1, "injury": 0, "fatal": 0, "pedestrian": 0, "bicycle": 0, "density": 0.2, "year_range": "2014-2018"}}, {"type": "Feature", "geometry": {"type": "Point", "coordinates": [-79.866667, 36.117117]}, "properties": {"crashes": 1, "injury": 0, "fatal": 0, "pedestrian": 0, "bicycle": 0, "density": 0.2, "year_range": "2014-2018"}}, {"type": "Feature", "geometry": {"type": "Point", "coordinates": [-79.754955, 36.0]}, "properties": {"crashes": 1, "injury": 0, "fatal": 0, "pedestrian": 0, "bicycle": 0, "density": 0.2, "year_range": "2014-2018"}}, {"type": "Feature", "geometry": {"type": "Point", "coordinates": [-79.771171, 36.07027]}, "properties": {"crashes": 1, "injury": 1, "fatal": 0, "pedestrian": 0, "bicycle": 0, "density": 0.2, "year_range": "2014-2018"}}, {"type": "Feature", "geometry": {"type": "Point", "coordinates": [-79.861261, 36.032432]}, "properties": {"crashes": 1, "injury": 0, "fatal": 0, "pedestrian": 0, "bicycle": 0, "density": 0.2, "year_range": "2014-2018"}}, {"type": "Feature", "geometry": {"type": "Point", "coordinates": [-79.837838, 36.068468]}, "properties": {"crashes": 1, "injury": 0, "fatal": 0, "pedestrian": 0, "bicycle": 0, "density": 0.2, "year_range": "2014-2018"}}, {"type": "Feature", "geometry": {"type": "Point", "coordinates": [-79.823423, 36.028829]}, "properties": {"crashes": 2, "injury": 1, "fatal": 0, "pedestrian": 0, "bicycle": 0, "density": 0.5, "year_range": "2014-2018"}}, {"type": "Feature", "geometry": {"type": "Point", "coordinates": [-79.846847, 36.061261]}, "properties": {"crashes": 1, "injury": 0, "fatal": 0, "pedestrian": 0, "bicycle": 0, "density": 0.2, "year_range": "2014-2018"}}, {"type": "Feature", "geometry": {"type": "Point", "coordinates": [-79.807207, 36.01982]}, "properties": {"crashes": 1, "injury": 0, "fatal": 0, "pedestrian": 0, "bicycle": 0, "density": 0.2, "year_range": "2014-2018"}}, {"type": "Feature", "geometry": {"type": "Point", "coordinates": [-79.845045, 36.117117]}, "properties": {"crashes": 1, "injury": 1, "fatal": 0, "pedestrian": 0, "bicycle": 0, "density": 0.2, "year_range": "2014-2018"}}, {"type": "Feature", "geometry": {"type": "Point", "coordinates": [-79.888288, 36.075676]}, "properties": {"crashes": 1, "injury": 0, "fatal": 0, "pedestrian": 0, "bicycle": 0, "density": 0.2, "year_range": "2014-2018"}}, {"type": "Feature", "geometry": {"type": "Point", "coordinates": [-79.740541, 36.093694]}, "properties": {"crashes": 1, "injury": 1, "fatal": 0, "pedestrian": 0, "bicycle": 0, "density": 0.2, "year_range": "2014-2018"}}, {"type": "Feature", "geometry": {"type": "Point", "coordinates": [-79.758559, 36.077477]}, "properties": {"crashes": 1, "injury": 1, "fatal": 0, "pedestrian": 0, "bicycle": 0, "density": 0.2, "year_range": "2014-2018"}}, {"type": "Feature", "geometry": {"type": "Point", "coordinates": [-79.794595, 36.075676]}, "properties": {"crashes": 1, "injury": 0, "fatal": 0, "pedestrian": 0, "bicycle": 0, "density": 0.2, "year_range": "2014-2018"}}, {"type": "Feature", "geometry": {"type": "Point", "coordinates": [-79.720721, 36.162162]}, "properties": {"crashes": 2, "injury": 0, "fatal": 0, "pedestrian": 0, "bicycle": 0, "density": 0.5, "year_range": "2014-2018"}}, {"type": "Feature", "geometry": {"type": "Point", "coordinates": [-79.987387, 36.093694]}, "properties": {"crashes": 1, "injury": 0, "fatal": 0, "pedestrian": 0, "bicycle": 0, "density": 0.2, "year_range": "2014-2018"}}, {"type": "Feature", "geometry": {"type": "Point", "coordinates": [-79.85045, 36.088288]}, "properties": {"crashes": 1, "injury": 1, "fatal": 0, "pedestrian": 0, "bicycle": 0, "density": 0.2, "year_range": "2014-2018"}}, {"type": "Feature", "geometry": {"type": "Point", "coordinates": [-79.832432, 36.023423]}, "properties": {"crashes": 1, "injury": 0, "fatal": 0, "pedestrian": 0, "bicycle": 0, "density": 0.2, "year_range": "2014-2018"}}, {"type": "Feature", "geometry": {"type": "Point", "coordinates": [-79.809009, 36.028829]}, "properties": {"crashes": 2, "injury": 2, "fatal": 0, "pedestrian": 0, "bicycle": 0, "density": 0.5, "year_range": "2014-2018"}}, {"type": "Feature", "geometry": {"type": "Point", "coordinates": [-79.983784, 36.104505]}, "properties": {"crashes": 3, "injury": 1, "fatal": 0, "pedestrian": 0, "bicycle": 0, "density": 0.8, "year_range": "2014-2018"}}, {"type": "Feature", "geometry": {"type": "Point", "coordinates": [-79.967568, 36.097297]}, "properties": {"crashes": 1, "injury": 0, "fatal": 0, "pedestrian": 0, "bicycle": 0, "density": 0.2, "year_range": "2014-2018"}}, {"type": "Feature", "geometry": {"type": "Point", "coordinates": [-79.863063, 36.099099]}, "properties": {"crashes": 1, "injury": 0, "fatal": 0, "pedestrian": 0, "bicycle": 0, "density": 0.2, "year_range": "2014-2018"}}, {"type": "Feature", "geometry": {"type": "Point", "coordinates": [-79.657658, 36.059459]}, "properties": {"crashes": 1, "injury": 0, "fatal": 0, "pedestrian": 0, "bicycle": 0, "density": 0.2, "year_range": "2014-2018"}}, {"type": "Feature", "geometry": {"type": "Point", "coordinates": [-79.827027, 36.003604]}, "properties": {"crashes": 2, "injury": 1, "fatal": 0, "pedestrian": 0, "bicycle": 0, "density": 0.5, "year_range": "2014-2018"}}, {"type": "Feature", "geometry": {"type": "Point", "coordinates": [-79.765766, 36.124324]}, "properties": {"crashes": 1, "injury": 1, "fatal": 0, "pedestrian": 0, "bicycle": 0, "density": 0.2, "year_range": "2014-2018"}}, {"type": "Feature", "geometry": {"type": "Point", "coordinates": [-79.85045, 36.066667]}, "properties": {"crashes": 1, "injury": 0, "fatal": 0, "pedestrian": 0, "bicycle": 0, "density": 0.2, "year_range": "2014-2018"}}, {"type": "Feature", "geometry": {"type": "Point", "coordinates": [-79.792793, 36.127928]}, "properties": {"crashes": 1, "injury": 1, "fatal": 0, "pedestrian": 0, "bicycle": 0, "density": 0.2, "year_range": "2014-2018"}}, {"type": "Feature", "geometry": {"type": "Point", "coordinates": [-79.798198, 36.136937]}, "properties": {"crashes": 1, "injury": 1, "fatal": 0, "pedestrian": 0, "bicycle": 0, "density": 0.2, "year_range": "2014-2018"}}, {"type": "Feature", "geometry": {"type": "Point", "coordinates": [-79.89009, 36.059459]}, "properties": {"crashes": 1, "injury": 0, "fatal": 0, "pedestrian": 0, "bicycle": 0, "density": 0.2, "year_range": "2014-2018"}}, {"type": "Feature", "geometry": {"type": "Point", "coordinates": [-79.83964, 36.057658]}, "properties": {"crashes": 1, "injury": 0, "fatal": 0, "pedestrian": 0, "bicycle": 0, "density": 0.2, "year_range": "2014-2018"}}, {"type": "Feature", "geometry": {"type": "Point", "coordinates": [-79.908108, 36.079279]}, "properties": {"crashes": 1, "injury": 0, "fatal": 0, "pedestrian": 0, "bicycle": 0, "density": 0.2, "year_range": "2014-2018"}}, {"type": "Feature", "geometry": {"type": "Point", "coordinates": [-79.771171, 36.023423]}, "properties": {"crashes": 1, "injury": 0, "fatal": 0, "pedestrian": 0, "bicycle": 0, "density": 0.2, "year_range": "2014-2018"}}, {"type": "Feature", "geometry": {"type": "Point", "coordinates": [-79.85045, 36.064865]}, "properties": {"crashes": 2, "injury": 1, "fatal": 0, "pedestrian": 0, "bicycle": 0, "density": 0.5, "year_range": "2014-2018"}}, {"type": "Feature", "geometry": {"type": "Point", "coordinates": [-79.893694, 36.018018]}, "properties": {"crashes": 1, "injury": 0, "fatal": 0, "pedestrian": 0, "bicycle": 0, "density": 0.2, "year_range": "2014-2018"}}, {"type": "Feature", "geometry": {"type": "Point", "coordinates": [-79.864865, 36.064865]}, "properties": {"crashes": 1, "injury": 0, "fatal": 0, "pedestrian": 0, "bicycle": 0, "density": 0.2, "year_range": "2014-2018"}}, {"type": "Feature", "geometry": {"type": "Point", "coordinates": [-79.90991, 36.027027]}, "properties": {"crashes": 1, "injury": 0, "fatal": 0, "pedestrian": 0, "bicycle": 0, "density": 0.2, "year_range": "2014-2018"}}, {"type": "Feature", "geometry": {"type": "Point", "coordinates": [-79.828829, 36.028829]}, "properties": {"crashes": 1, "injury": 0, "fatal": 0, "pedestrian": 0, "bicycle": 0, "density": 0.2, "year_range": "2014-2018"}}, {"type": "Feature", "geometry": {"type": "Point", "coordinates": [-79.794595, 36.10991]}, "properties": {"crashes": 1, "injury": 1, "fatal": 0, "pedestrian": 0, "bicycle": 0, "density": 0.2, "year_range": "2014-2018"}}, {"type": "Feature", "geometry": {"type": "Point", "coordinates": [-79.902703, 36.041441]}, "properties": {"crashes": 1, "injury": 1, "fatal": 0, "pedestrian": 0, "bicycle": 0, "density": 0.2, "year_range": "2014-2018"}}, {"type": "Feature", "geometry": {"type": "Point", "coordinates": [-79.897297, 36.063063]}, "properties": {"crashes": 1, "injury": 0, "fatal": 0, "pedestrian": 0, "bicycle": 0, "density": 0.2, "year_range": "2014-2018"}}, {"type": "Feature", "geometry": {"type": "Point", "coordinates": [-79.834234, 36.028829]}, "properties": {"crashes": 1, "injury": 1, "fatal": 0, "pedestrian": 0, "bicycle": 0, "density": 0.2, "year_range": "2014-2018"}}, {"type": "Feature", "geometry": {"type": "Point", "coordinates": [-79.769369, 36.09009]}, "properties": {"crashes": 1, "injury": 0, "fatal": 0, "pedestrian": 0, "bicycle": 0, "density": 0.2, "year_range": "2014-2018"}}, {"type": "Feature", "geometry": {"type": "Point", "coordinates": [-79.861261, 36.043243]}, "properties": {"crashes": 1, "injury": 0, "fatal": 0, "pedestrian": 0, "bicycle": 0, "density": 0.2, "year_range": "2014-2018"}}, {"type": "Feature", "geometry": {"type": "Point", "coordinates": [-79.852252, 36.104505]}, "properties": {"crashes": 1, "injury": 1, "fatal": 0, "pedestrian": 0, "bicycle": 0, "density": 0.2, "year_range": "2014-2018"}}, {"type": "Feature", "geometry": {"type": "Point", "coordinates": [-79.884685, 36.178378]}, "properties": {"crashes": 1, "injury": 0, "fatal": 0, "pedestrian": 0, "bicycle": 0, "density": 0.2, "year_range": "2014-2018"}}, {"type": "Feature", "geometry": {"type": "Point", "coordinates": [-79.828829, 36.018018]}, "properties": {"crashes": 1, "injury": 0, "fatal": 0, "pedestrian": 0, "bicycle": 0, "density": 0.2, "year_range": "2014-2018"}}, {"type": "Feature", "geometry": {"type": "Point", "coordinates": [-79.873874, 36.041441]}, "properties": {"crashes": 1, "injury": 0, "fatal": 0, "pedestrian": 0, "bicycle": 0, "density": 0.2, "year_range": "2014-2018"}}, {"type": "Feature", "geometry": {"type": "Point", "coordinates": [-80.005405, 36.106306]}, "properties": {"crashes": 1, "injury": 1, "fatal": 0, "pedestrian": 0, "bicycle": 0, "density": 0.2, "year_range": "2014-2018"}}, {"type": "Feature", "geometry": {"type": "Point", "coordinates": [-79.868468, 36.118919]}, "properties": {"crashes": 1, "injury": 1, "fatal": 0, "pedestrian": 0, "bicycle": 0, "density": 0.2, "year_range": "2014-2018"}}, {"type": "Feature", "geometry": {"type": "Point", "coordinates": [-79.864865, 36.05045]}, "properties": {"crashes": 1, "injury": 0, "fatal": 0, "pedestrian": 0, "bicycle": 0, "density": 0.2, "year_range": "2014-2018"}}, {"type": "Feature", "geometry": {"type": "Point", "coordinates": [-79.899099, 36.088288]}, "properties": {"crashes": 2, "injury": 0, "fatal": 0, "pedestrian": 0, "bicycle": 0, "density": 0.5, "year_range": "2014-2018"}}, {"type": "Feature", "geometry": {"type": "Point", "coordinates": [-79.985586, 36.104505]}, "properties": {"crashes": 1, "injury": 1, "fatal": 0, "pedestrian": 0, "bicycle": 0, "density": 0.2, "year_range": "2014-2018"}}, {"type": "Feature", "geometry": {"type": "Point", "coordinates": [-79.882883, 36.084685]}, "properties": {"crashes": 1, "injury": 0, "fatal": 0, "pedestrian": 0, "bicycle": 0, "density": 0.2, "year_range": "2014-2018"}}, {"type": "Feature", "geometry": {"type": "Point", "coordinates": [-79.96036, 36.10991]}, "properties": {"crashes": 1, "injury": 0, "fatal": 0, "pedestrian": 0, "bicycle": 0, "density": 0.2, "year_range": "2014-2018"}}, {"type": "Feature", "geometry": {"type": "Point", "coordinates": [-79.848649, 36.054054]}, "properties": {"crashes": 1, "injury": 0, "fatal": 0, "pedestrian": 0, "bicycle": 0, "density": 0.2, "year_range": "2014-2018"}}, {"type": "Feature", "geometry": {"type": "Point", "coordinates": [-79.823423, 36.055856]}, "properties": {"crashes": 2, "injury": 1, "fatal": 0, "pedestrian": 0, "bicycle": 0, "density": 0.5, "year_range": "2014-2018"}}, {"type": "Feature", "geometry": {"type": "Point", "coordinates": [-79.954955, 36.066667]}, "properties": {"crashes": 3, "injury": 2, "fatal": 0, "pedestrian": 0, "bicycle": 0, "density": 0.8, "year_range": "2014-2018"}}, {"type": "Feature", "geometry": {"type": "Point", "coordinates": [-79.915315, 36.081081]}, "properties": {"crashes": 1, "injury": 0, "fatal": 0, "pedestrian": 0, "bicycle": 0, "density": 0.2, "year_range": "2014-2018"}}, {"type": "Feature", "geometry": {"type": "Point", "coordinates": [-79.841441, 36.072072]}, "properties": {"crashes": 1, "injury": 0, "fatal": 0, "pedestrian": 0, "bicycle": 0, "density": 0.2, "year_range": "2014-2018"}}, {"type": "Feature", "geometry": {"type": "Point", "coordinates": [-79.85045, 36.05045]}, "properties": {"crashes": 1, "injury": 0, "fatal": 0, "pedestrian": 0, "bicycle": 0, "density": 0.2, "year_range": "2014-2018"}}, {"type": "Feature", "geometry": {"type": "Point", "coordinates": [-79.787387, 36.063063]}, "properties": {"crashes": 1, "injury": 0, "fatal": 0, "pedestrian": 0, "bicycle": 0, "density": 0.2, "year_range": "2014-2018"}}, {"type": "Feature", "geometry": {"type": "Point", "coordinates": [-79.805405, 36.018018]}, "properties": {"crashes": 1, "injury": 0, "fatal": 0, "pedestrian": 0, "bicycle": 0, "density": 0.2, "year_range": "2014-2018"}}, {"type": "Feature", "geometry": {"type": "Point", "coordinates": [-79.740541, 36.054054]}, "properties": {"crashes": 1, "injury": 0, "fatal": 0, "pedestrian": 0, "bicycle": 0, "density": 0.2, "year_range": "2014-2018"}}, {"type": "Feature", "geometry": {"type": "Point", "coordinates": [-79.762162, 36.05045]}, "properties": {"crashes": 1, "injury": 0, "fatal": 0, "pedestrian": 0, "bicycle": 0, "density": 0.2, "year_range": "2014-2018"}}, {"type": "Feature", "geometry": {"type": "Point", "coordinates": [-79.767568, 36.095495]}, "properties": {"crashes": 1, "injury": 1, "fatal": 0, "pedestrian": 0, "bicycle": 0, "density": 0.2, "year_range": "2014-2018"}}, {"type": "Feature", "geometry": {"type": "Point", "coordinates": [-79.843243, 36.091892]}, "properties": {"crashes": 1, "injury": 1, "fatal": 0, "pedestrian": 0, "bicycle": 0, "density": 0.2, "year_range": "2014-2018"}}, {"type": "Feature", "geometry": {"type": "Point", "coordinates": [-79.763964, 36.052252]}, "properties": {"crashes": 1, "injury": 0, "fatal": 0, "pedestrian": 0, "bicycle": 0, "density": 0.2, "year_range": "2014-2018"}}, {"type": "Feature", "geometry": {"type": "Point", "coordinates": [-79.837838, 36.07027]}, "properties": {"crashes": 1, "injury": 1, "fatal": 0, "pedestrian": 0, "bicycle": 0, "density": 0.2, "year_range": "2014-2018"}}, {"type": "Feature", "geometry": {"type": "Point", "coordinates": [-79.744144, 36.10991]}, "properties": {"crashes": 1, "injury": 0, "fatal": 0, "pedestrian": 0, "bicycle": 0, "density": 0.2, "year_range": "2014-2018"}}, {"type": "Feature", "geometry": {"type": "Point", "coordinates": [-79.888288, 35.996396]}, "properties": {"crashes": 1, "injury": 0, "fatal": 0, "pedestrian": 0, "bicycle": 0, "density": 0.2, "year_range": "2014-2018"}}, {"type": "Feature", "geometry": {"type": "Point", "coordinates": [-79.810811, 36.001802]}, "properties": {"crashes": 1, "injury": 0, "fatal": 0, "pedestrian": 0, "bicycle": 0, "density": 0.2, "year_range": "2014-2018"}}, {"type": "Feature", "geometry": {"type": "Point", "coordinates": [-79.837838, 36.066667]}, "properties": {"crashes": 2, "injury": 0, "fatal": 0, "pedestrian": 0, "bicycle": 0, "density": 0.5, "year_range": "2014-2018"}}, {"type": "Feature", "geometry": {"type": "Point", "coordinates": [-80.01982, 36.097297]}, "properties": {"crashes": 2, "injury": 1, "fatal": 0, "pedestrian": 0, "bicycle": 0, "density": 0.5, "year_range": "2014-2018"}}, {"type": "Feature", "geometry": {"type": "Point", "coordinates": [-79.754955, 36.075676]}, "properties": {"crashes": 1, "injury": 0, "fatal": 0, "pedestrian": 0, "bicycle": 0, "density": 0.2, "year_range": "2014-2018"}}, {"type": "Feature", "geometry": {"type": "Point", "coordinates": [-79.655856, 36.057658]}, "properties": {"crashes": 1, "injury": 1, "fatal": 0, "pedestrian": 0, "bicycle": 0, "density": 0.2, "year_range": "2014-2018"}}, {"type": "Feature", "geometry": {"type": "Point", "coordinates": [-79.854054, 36.115315]}, "properties": {"crashes": 1, "injury": 0, "fatal": 0, "pedestrian": 0, "bicycle": 0, "density": 0.2, "year_range": "2014-2018"}}, {"type": "Feature", "geometry": {"type": "Point", "coordinates": [-79.821622, 36.025225]}, "properties": {"crashes": 1, "injury": 0, "fatal": 0, "pedestrian": 0, "bicycle": 0, "density": 0.2, "year_range": "2014-2018"}}, {"type": "Feature", "geometry": {"type": "Point", "coordinates": [-79.809009, 36.059459]}, "properties": {"crashes": 1, "injury": 0, "fatal": 0, "pedestrian": 0, "bicycle": 0, "density": 0.2, "year_range": "2014-2018"}}, {"type": "Feature", "geometry": {"type": "Point", "coordinates": [-79.74955, 36.073874]}, "properties": {"crashes": 1, "injury": 0, "fatal": 0, "pedestrian": 0, "bicycle": 0, "density": 0.2, "year_range": "2014-2018"}}, {"type": "Feature", "geometry": {"type": "Point", "coordinates": [-79.944144, 36.084685]}, "properties": {"crashes": 1, "injury": 0, "fatal": 0, "pedestrian": 0, "bicycle": 0, "density": 0.2, "year_range": "2014-2018"}}, {"type": "Feature", "geometry": {"type": "Point", "coordinates": [-79.965766, 36.102703]}, "properties": {"crashes": 1, "injury": 1, "fatal": 0, "pedestrian": 0, "bicycle": 0, "density": 0.2, "year_range": "2014-2018"}}, {"type": "Feature", "geometry": {"type": "Point", "coordinates": [-79.834234, 36.057658]}, "properties": {"crashes": 1, "injury": 0, "fatal": 0, "pedestrian": 0, "bicycle": 0, "density": 0.2, "year_range": "2014-2018"}}, {"type": "Feature", "geometry": {"type": "Point", "coordinates": [-79.888288, 36.118919]}, "properties": {"crashes": 1, "injury": 0, "fatal": 0, "pedestrian": 0, "bicycle": 0, "density": 0.2, "year_range": "2014-2018"}}, {"type": "Feature", "geometry": {"type": "Point", "coordinates": [-79.731532, 36.09009]}, "properties": {"crashes": 1, "injury": 0, "fatal": 0, "pedestrian": 0, "bicycle": 0, "density": 0.2, "year_range": "2014-2018"}}, {"type": "Feature", "geometry": {"type": "Point", "coordinates": [-79.798198, 36.127928]}, "properties": {"crashes": 1, "injury": 1, "fatal": 0, "pedestrian": 0, "bicycle": 0, "density": 0.2, "year_range": "2014-2018"}}, {"type": "Feature", "geometry": {"type": "Point", "coordinates": [-79.837838, 36.021622]}, "properties": {"crashes": 1, "injury": 0, "fatal": 0, "pedestrian": 0, "bicycle": 0, "density": 0.2, "year_range": "2014-2018"}}, {"type": "Feature", "geometry": {"type": "Point", "coordinates": [-79.673874, 36.059459]}, "properties": {"crashes": 1, "injury": 0, "fatal": 0, "pedestrian": 0, "bicycle": 0, "density": 0.2, "year_range": "2014-2018"}}, {"type": "Feature", "geometry": {"type": "Point", "coordinates": [-79.807207, 36.018018]}, "properties": {"crashes": 1, "injury": 0, "fatal": 0, "pedestrian": 0, "bicycle": 0, "density": 0.2, "year_range": "2014-2018"}}, {"type": "Feature", "geometry": {"type": "Point", "coordinates": [-79.801802, 36.111712]}, "properties": {"crashes": 1, "injury": 0, "fatal": 0, "pedestrian": 0, "bicycle": 0, "density": 0.2, "year_range": "2014-2018"}}, {"type": "Feature", "geometry": {"type": "Point", "coordinates": [-79.918919, 36.068468]}, "properties": {"crashes": 2, "injury": 1, "fatal": 0, "pedestrian": 0, "bicycle": 0, "density": 0.5, "year_range": "2014-2018"}}, {"type": "Feature", "geometry": {"type": "Point", "coordinates": [-79.89009, 36.091892]}, "properties": {"crashes": 3, "injury": 1, "fatal": 0, "pedestrian": 0, "bicycle": 0, "density": 0.8, "year_range": "2014-2018"}}, {"type": "Feature", "geometry": {"type": "Point", "coordinates": [-79.747748, 36.064865]}, "properties": {"crashes": 1, "injury": 0, "fatal": 0, "pedestrian": 0, "bicycle": 0, "density": 0.2, "year_range": "2014-2018"}}, {"type": "Feature", "geometry": {"type": "Point", "coordinates": [-79.742342, 36.135135]}, "properties": {"crashes": 1, "injury": 1, "fatal": 0, "pedestrian": 0, "bicycle": 0, "density": 0.2, "year_range": "2014-2018"}}, {"type": "Feature", "geometry": {"type": "Point", "coordinates": [-79.841441, 36.012613]}, "properties": {"crashes": 3, "injury": 1, "fatal": 0, "pedestrian": 0, "bicycle": 0, "density": 0.8, "year_range": "2014-2018"}}, {"type": "Feature", "geometry": {"type": "Point", "coordinates": [-79.745946, 36.07027]}, "properties": {"crashes": 1, "injury": 0, "fatal": 0, "pedestrian": 0, "bicycle": 0, "density": 0.2, "year_range": "2014-2018"}}, {"type": "Feature", "geometry": {"type": "Point", "coordinates": [-79.747748, 36.093694]}, "properties": {"crashes": 1, "injury": 0, "fatal": 0, "pedestrian": 0, "bicycle": 0, "density": 0.2, "year_range": "2014-2018"}}, {"type": "Feature", "geometry": {"type": "Point", "coordinates": [-79.655856, 36.059459]}, "properties": {"crashes": 1, "injury": 0, "fatal": 0, "pedestrian": 0, "bicycle": 0, "density": 0.2, "year_range": "2014-2018"}}, {"type": "Feature", "geometry": {"type": "Point", "coordinates": [-79.718919, 36.052252]}, "properties": {"crashes": 1, "injury": 0, "fatal": 0, "pedestrian": 0, "bicycle": 0, "density": 0.2, "year_range": "2014-2018"}}, {"type": "Feature", "geometry": {"type": "Point", "coordinates": [-79.697297, 36.09009]}, "properties": {"crashes": 3, "injury": 2, "fatal": 0, "pedestrian": 0, "bicycle": 0, "density": 0.8, "year_range": "2014-2018"}}, {"type": "Feature", "geometry": {"type": "Point", "coordinates": [-79.736937, 36.097297]}, "properties": {"crashes": 1, "injury": 0, "fatal": 0, "pedestrian": 0, "bicycle": 0, "density": 0.2, "year_range": "2014-2018"}}, {"type": "Feature", "geometry": {"type": "Point", "coordinates": [-79.90991, 36.12973]}, "properties": {"crashes": 1, "injury": 0, "fatal": 0, "pedestrian": 0, "bicycle": 0, "density": 0.2, "year_range": "2014-2018"}}, {"type": "Feature", "geometry": {"type": "Point", "coordinates": [-79.83964, 36.118919]}, "properties": {"crashes": 1, "injury": 0, "fatal": 0, "pedestrian": 0, "bicycle": 0, "density": 0.2, "year_range": "2014-2018"}}, {"type": "Feature", "geometry": {"type": "Point", "coordinates": [-79.769369, 36.063063]}, "properties": {"crashes": 1, "injury": 1, "fatal": 0, "pedestrian": 0, "bicycle": 0, "density": 0.2, "year_range": "2014-2018"}}, {"type": "Feature", "geometry": {"type": "Point", "coordinates": [-79.832432, 36.093694]}, "properties": {"crashes": 1, "injury": 1, "fatal": 0, "pedestrian": 0, "bicycle": 0, "density": 0.2, "year_range": "2014-2018"}}, {"type": "Feature", "geometry": {"type": "Point", "coordinates": [-79.762162, 36.127928]}, "properties": {"crashes": 1, "injury": 1, "fatal": 0, "pedestrian": 0, "bicycle": 0, "density": 0.2, "year_range": "2014-2018"}}, {"type": "Feature", "geometry": {"type": "Point", "coordinates": [-79.735135, 36.093694]}, "properties": {"crashes": 1, "injury": 0, "fatal": 0, "pedestrian": 0, "bicycle": 0, "density": 0.2, "year_range": "2014-2018"}}, {"type": "Feature", "geometry": {"type": "Point", "coordinates": [-79.843243, 36.066667]}, "properties": {"crashes": 1, "injury": 1, "fatal": 0, "pedestrian": 0, "bicycle": 0, "density": 0.2, "year_range": "2014-2018"}}, {"type": "Feature", "geometry": {"type": "Point", "coordinates": [-79.684685, 36.055856]}, "properties": {"crashes": 1, "injury": 1, "fatal": 0, "pedestrian": 0, "bicycle": 0, "density": 0.2, "year_range": "2014-2018"}}, {"type": "Feature", "geometry": {"type": "Point", "coordinates": [-79.877477, 36.120721]}, "properties": {"crashes": 1, "injury": 1, "fatal": 0, "pedestrian": 0, "bicycle": 0, "density": 0.2, "year_range": "2014-2018"}}, {"type": "Feature", "geometry": {"type": "Point", "coordinates": [-79.807207, 36.059459]}, "properties": {"crashes": 1, "injury": 1, "fatal": 0, "pedestrian": 0, "bicycle": 0, "density": 0.2, "year_range": "2014-2018"}}, {"type": "Feature", "geometry": {"type": "Point", "coordinates": [-79.897297, 36.028829]}, "properties": {"crashes": 1, "injury": 0, "fatal": 0, "pedestrian": 0, "bicycle": 0, "density": 0.2, "year_range": "2014-2018"}}, {"type": "Feature", "geometry": {"type": "Point", "coordinates": [-79.906306, 36.032432]}, "properties": {"crashes": 1, "injury": 0, "fatal": 0, "pedestrian": 0, "bicycle": 0, "density": 0.2, "year_range": "2014-2018"}}, {"type": "Feature", "geometry": {"type": "Point", "coordinates": [-79.8, 36.048649]}, "properties": {"crashes": 2, "injury": 0, "fatal": 0, "pedestrian": 0, "bicycle": 0, "density": 0.5, "year_range": "2014-2018"}}, {"type": "Feature", "geometry": {"type": "Point", "coordinates": [-79.810811, 36.124324]}, "properties": {"crashes": 1, "injury": 0, "fatal": 0, "pedestrian": 0, "bicycle": 0, "density": 0.2, "year_range": "2014-2018"}}, {"type": "Feature", "geometry": {"type": "Point", "coordinates": [-79.769369, 36.061261]}, "properties": {"crashes": 2, "injury": 1, "fatal": 0, "pedestrian": 0, "bicycle": 0, "density": 0.5, "year_range": "2014-2018"}}, {"type": "Feature", "geometry": {"type": "Point", "coordinates": [-79.863063, 36.145946]}, "properties": {"crashes": 1, "injury": 0, "fatal": 0, "pedestrian": 0, "bicycle": 0, "density": 0.2, "year_range": "2014-2018"}}, {"type": "Feature", "geometry": {"type": "Point", "coordinates": [-79.798198, 36.057658]}, "properties": {"crashes": 1, "injury": 0, "fatal": 0, "pedestrian": 0, "bicycle": 0, "density": 0.2, "year_range": "2014-2018"}}, {"type": "Feature", "geometry": {"type": "Point", "coordinates": [-79.666667, 36.097297]}, "properties": {"crashes": 1, "injury": 0, "fatal": 0, "pedestrian": 0, "bicycle": 0, "density": 0.2, "year_range": "2014-2018"}}, {"type": "Feature", "geometry": {"type": "Point", "coordinates": [-79.924324, 36.063063]}, "properties": {"crashes": 1, "injury": 0, "fatal": 0, "pedestrian": 0, "bicycle": 0, "density": 0.2, "year_range": "2014-2018"}}, {"type": "Feature", "geometry": {"type": "Point", "coordinates": [-79.888288, 36.077477]}, "properties": {"crashes": 1, "injury": 0, "fatal": 0, "pedestrian": 0, "bicycle": 0, "density": 0.2, "year_range": "2014-2018"}}, {"type": "Feature", "geometry": {"type": "Point", "coordinates": [-79.900901, 36.046847]}, "properties": {"crashes": 1, "injury": 0, "fatal": 0, "pedestrian": 0, "bicycle": 0, "density": 0.2, "year_range": "2014-2018"}}, {"type": "Feature", "geometry": {"type": "Point", "coordinates": [-79.789189, 36.046847]}, "properties": {"crashes": 1, "injury": 0, "fatal": 0, "pedestrian": 0, "bicycle": 0, "density": 0.2, "year_range": "2014-2018"}}, {"type": "Feature", "geometry": {"type": "Point", "coordinates": [-79.951351, 36.075676]}, "properties": {"crashes": 1, "injury": 0, "fatal": 0, "pedestrian": 0, "bicycle": 0, "density": 0.2, "year_range": "2014-2018"}}, {"type": "Feature", "geometry": {"type": "Point", "coordinates": [-79.864865, 36.068468]}, "properties": {"crashes": 1, "injury": 0, "fatal": 0, "pedestrian": 0, "bicycle": 0, "density": 0.2, "year_range": "2014-2018"}}, {"type": "Feature", "geometry": {"type": "Point", "coordinates": [-79.837838, 36.054054]}, "properties": {"crashes": 1, "injury": 0, "fatal": 0, "pedestrian": 0, "bicycle": 0, "density": 0.2, "year_range": "2014-2018"}}, {"type": "Feature", "geometry": {"type": "Point", "coordinates": [-79.87027, 36.147748]}, "properties": {"crashes": 1, "injury": 0, "fatal": 0, "pedestrian": 0, "bicycle": 0, "density": 0.2, "year_range": "2014-2018"}}, {"type": "Feature", "geometry": {"type": "Point", "coordinates": [-79.895495, 36.014414]}, "properties": {"crashes": 1, "injury": 0, "fatal": 0, "pedestrian": 0, "bicycle": 0, "density": 0.2, "year_range": "2014-2018"}}, {"type": "Feature", "geometry": {"type": "Point", "coordinates": [-79.814414, 36.10991]}, "properties": {"crashes": 1, "injury": 1, "fatal": 0, "pedestrian": 0, "bicycle": 0, "density": 0.2, "year_range": "2014-2018"}}, {"type": "Feature", "geometry": {"type": "Point", "coordinates": [-79.87027, 36.036036]}, "properties": {"crashes": 1, "injury": 0, "fatal": 0, "pedestrian": 0, "bicycle": 0, "density": 0.2, "year_range": "2014-2018"}}, {"type": "Feature", "geometry": {"type": "Point", "coordinates": [-79.967568, 36.095495]}, "properties": {"crashes": 2, "injury": 2, "fatal": 0, "pedestrian": 0, "bicycle": 0, "density": 0.5, "year_range": "2014-2018"}}, {"type": "Feature", "geometry": {"type": "Point", "coordinates": [-79.772973, 36.095495]}, "properties": {"crashes": 1, "injury": 0, "fatal": 0, "pedestrian": 0, "bicycle": 0, "density": 0.2, "year_range": "2014-2018"}}, {"type": "Feature", "geometry": {"type": "Point", "coordinates": [-79.738739, 36.072072]}, "properties": {"crashes": 1, "injury": 1, "fatal": 0, "pedestrian": 0, "bicycle": 0, "density": 0.2, "year_range": "2014-2018"}}, {"type": "Feature", "geometry": {"type": "Point", "coordinates": [-79.963964, 36.093694]}, "properties": {"crashes": 1, "injury": 0, "fatal": 0, "pedestrian": 0, "bicycle": 0, "density": 0.2, "year_range": "2014-2018"}}, {"type": "Feature", "geometry": {"type": "Point", "coordinates": [-79.742342, 36.081081]}, "properties": {"crashes": 1, "injury": 0, "fatal": 0, "pedestrian": 0, "bicycle": 0, "density": 0.2, "year_range": "2014-2018"}}, {"type": "Feature", "geometry": {"type": "Point", "coordinates": [-79.974775, 36.086486]}, "properties": {"crashes": 1, "injury": 0, "fatal": 0, "pedestrian": 0, "bicycle": 0, "density": 0.2, "year_range": "2014-2018"}}, {"type": "Feature", "geometry": {"type": "Point", "coordinates": [-79.938739, 36.081081]}, "properties": {"crashes": 2, "injury": 2, "fatal": 0, "pedestrian": 0, "bicycle": 0, "density": 0.5, "year_range": "2014-2018"}}, {"type": "Feature", "geometry": {"type": "Point", "coordinates": [-79.807207, 36.043243]}, "properties": {"crashes": 1, "injury": 0, "fatal": 0, "pedestrian": 0, "bicycle": 0, "density": 0.2, "year_range": "2014-2018"}}, {"type": "Feature", "geometry": {"type": "Point", "coordinates": [-79.803604, 36.046847]}, "properties": {"crashes": 1, "injury": 0, "fatal": 0, "pedestrian": 0, "bicycle": 0, "density": 0.2, "year_range": "2014-2018"}}, {"type": "Feature", "geometry": {"type": "Point", "coordinates": [-79.774775, 36.064865]}, "properties": {"crashes": 1, "injury": 1, "fatal": 0, "pedestrian": 0, "bicycle": 0, "density": 0.2, "year_range": "2014-2018"}}, {"type": "Feature", "geometry": {"type": "Point", "coordinates": [-79.693694, 36.176577]}, "properties": {"crashes": 1, "injury": 1, "fatal": 0, "pedestrian": 0, "bicycle": 0, "density": 0.2, "year_range": "2014-2018"}}, {"type": "Feature", "geometry": {"type": "Point", "coordinates": [-79.681081, 36.057658]}, "properties": {"crashes": 1, "injury": 0, "fatal": 0, "pedestrian": 0, "bicycle": 0, "density": 0.2, "year_range": "2014-2018"}}, {"type": "Feature", "geometry": {"type": "Point", "coordinates": [-79.868468, 36.043243]}, "properties": {"crashes": 1, "injury": 0, "fatal": 0, "pedestrian": 0, "bicycle": 0, "density": 0.2, "year_range": "2014-2018"}}, {"type": "Feature", "geometry": {"type": "Point", "coordinates": [-79.805405, 36.16036]}, "properties": {"crashes": 1, "injury": 1, "fatal": 0, "pedestrian": 0, "bicycle": 0, "density": 0.2, "year_range": "2014-2018"}}, {"type": "Feature", "geometry": {"type": "Point", "coordinates": [-79.699099, 36.055856]}, "properties": {"crashes": 1, "injury": 0, "fatal": 0, "pedestrian": 0, "bicycle": 0, "density": 0.2, "year_range": "2014-2018"}}, {"type": "Feature", "geometry": {"type": "Point", "coordinates": [-79.98018, 36.091892]}, "properties": {"crashes": 1, "injury": 0, "fatal": 0, "pedestrian": 0, "bicycle": 0, "density": 0.2, "year_range": "2014-2018"}}, {"type": "Feature", "geometry": {"type": "Point", "coordinates": [-79.798198, 36.075676]}, "properties": {"crashes": 1, "injury": 0, "fatal": 0, "pedestrian": 0, "bicycle": 0, "density": 0.2, "year_range": "2014-2018"}}, {"type": "Feature", "geometry": {"type": "Point", "coordinates": [-79.8, 36.030631]}, "properties": {"crashes": 1, "injury": 0, "fatal": 0, "pedestrian": 0, "bicycle": 0, "density": 0.2, "year_range": "2014-2018"}}, {"type": "Feature", "geometry": {"type": "Point", "coordinates": [-79.918919, 36.066667]}, "properties": {"crashes": 3, "injury": 0, "fatal": 0, "pedestrian": 0, "bicycle": 0, "density": 0.8, "year_range": "2014-2018"}}, {"type": "Feature", "geometry": {"type": "Point", "coordinates": [-79.776577, 36.021622]}, "properties": {"crashes": 2, "injury": 2, "fatal": 0, "pedestrian": 0, "bicycle": 0, "density": 0.5, "year_range": "2014-2018"}}, {"type": "Feature", "geometry": {"type": "Point", "coordinates": [-79.837838, 36.023423]}, "properties": {"crashes": 1, "injury": 0, "fatal": 0, "pedestrian": 0, "bicycle": 0, "density": 0.2, "year_range": "2014-2018"}}, {"type": "Feature", "geometry": {"type": "Point", "coordinates": [-79.879279, 36.07027]}, "properties": {"crashes": 1, "injury": 0, "fatal": 0, "pedestrian": 0, "bicycle": 0, "density": 0.2, "year_range": "2014-2018"}}, {"type": "Feature", "geometry": {"type": "Point", "coordinates": [-79.812613, 36.082883]}, "properties": {"crashes": 1, "injury": 0, "fatal": 0, "pedestrian": 0, "bicycle": 0, "density": 0.2, "year_range": "2014-2018"}}, {"type": "Feature", "geometry": {"type": "Point", "coordinates": [-79.936937, 36.131532]}, "properties": {"crashes": 1, "injury": 0, "fatal": 0, "pedestrian": 0, "bicycle": 0, "density": 0.2, "year_range": "2014-2018"}}, {"type": "Feature", "geometry": {"type": "Point", "coordinates": [-79.67027, 36.057658]}, "properties": {"crashes": 1, "injury": 1, "fatal": 0, "pedestrian": 0, "bicycle": 0, "density": 0.2, "year_range": "2014-2018"}}, {"type": "Feature", "geometry": {"type": "Point", "coordinates": [-79.875676, 36.113514]}, "properties": {"crashes": 1, "injury": 0, "fatal": 0, "pedestrian": 0, "bicycle": 0, "density": 0.2, "year_range": "2014-2018"}}, {"type": "Feature", "geometry": {"type": "Point", "coordinates": [-79.843243, 36.018018]}, "properties": {"crashes": 1, "injury": 1, "fatal": 0, "pedestrian": 0, "bicycle": 0, "density": 0.2, "year_range": "2014-2018"}}, {"type": "Feature", "geometry": {"type": "Point", "coordinates": [-79.810811, 36.009009]}, "properties": {"crashes": 1, "injury": 0, "fatal": 0, "pedestrian": 0, "bicycle": 0, "density": 0.2, "year_range": "2014-2018"}}, {"type": "Feature", "geometry": {"type": "Point", "coordinates": [-79.727928, 36.151351]}, "properties": {"crashes": 1, "injury": 1, "fatal": 0, "pedestrian": 0, "bicycle": 0, "density": 0.2, "year_range": "2014-2018"}}, {"type": "Feature", "geometry": {"type": "Point", "coordinates": [-79.830631, 36.027027]}, "properties": {"crashes": 1, "injury": 0, "fatal": 0, "pedestrian": 0, "bicycle": 0, "density": 0.2, "year_range": "2014-2018"}}, {"type": "Feature", "geometry": {"type": "Point", "coordinates": [-79.812613, 36.066667]}, "properties": {"crashes": 1, "injury": 0, "fatal": 0, "pedestrian": 0, "bicycle": 0, "density": 0.2, "year_range": "2014-2018"}}, {"type": "Feature", "geometry": {"type": "Point", "coordinates": [-79.751351, 36.091892]}, "properties": {"crashes": 1, "injury": 0, "fatal": 0, "pedestrian": 0, "bicycle": 0, "density": 0.2, "year_range": "2014-2018"}}, {"type": "Feature", "geometry": {"type": "Point", "coordinates": [-79.783784, 36.07027]}, "properties": {"crashes": 1, "injury": 1, "fatal": 0, "pedestrian": 0, "bicycle": 0, "density": 0.2, "year_range": "2014-2018"}}, {"type": "Feature", "geometry": {"type": "Point", "coordinates": [-79.911712, 36.023423]}, "properties": {"crashes": 1, "injury": 0, "fatal": 0, "pedestrian": 0, "bicycle": 0, "density": 0.2, "year_range": "2014-2018"}}, {"type": "Feature", "geometry": {"type": "Point", "coordinates": [-79.821622, 36.014414]}, "properties": {"crashes": 1, "injury": 1, "fatal": 0, "pedestrian": 0, "bicycle": 0, "density": 0.2, "year_range": "2014-2018"}}, {"type": "Feature", "geometry": {"type": "Point", "coordinates": [-79.972973, 36.117117]}, "properties": {"crashes": 1, "injury": 0, "fatal": 0, "pedestrian": 0, "bicycle": 0, "density": 0.2, "year_range": "2014-2018"}}, {"type": "Feature", "geometry": {"type": "Point", "coordinates": [-79.691892, 36.189189]}, "properties": {"crashes": 1, "injury": 1, "fatal": 0, "pedestrian": 0, "bicycle": 0, "density": 0.2, "year_range": "2014-2018"}}, {"type": "Feature", "geometry": {"type": "Point", "coordinates": [-79.902703, 36.088288]}, "properties": {"crashes": 1, "injury": 0, "fatal": 0, "pedestrian": 0, "bicycle": 0, "density": 0.2, "year_range": "2014-2018"}}, {"type": "Feature", "geometry": {"type": "Point", "coordinates": [-79.900901, 36.077477]}, "properties": {"crashes": 1, "injury": 1, "fatal": 0, "pedestrian": 0, "bicycle": 0, "density": 0.2, "year_range": "2014-2018"}}, {"type": "Feature", "geometry": {"type": "Point", "coordinates": [-79.855856, 36.048649]}, "properties": {"crashes": 2, "injury": 1, "fatal": 0, "pedestrian": 0, "bicycle": 0, "density": 0.5, "year_range": "2014-2018"}}, {"type": "Feature", "geometry": {"type": "Point", "coordinates": [-79.985586, 36.095495]}, "properties": {"crashes": 1, "injury": 0, "fatal": 0, "pedestrian": 0, "bicycle": 0, "density": 0.2, "year_range": "2014-2018"}}, {"type": "Feature", "geometry": {"type": "Point", "coordinates": [-79.794595, 35.996396]}, "properties": {"crashes": 1, "injury": 0, "fatal": 0, "pedestrian": 0, "bicycle": 0, "density": 0.2, "year_range": "2014-2018"}}, {"type": "Feature", "geometry": {"type": "Point", "coordinates": [-79.895495, 36.037838]}, "properties": {"crashes": 1, "injury": 0, "fatal": 0, "pedestrian": 0, "bicycle": 0, "density": 0.2, "year_range": "2014-2018"}}, {"type": "Feature", "geometry": {"type": "Point", "coordinates": [-79.787387, 36.086486]}, "properties": {"crashes": 1, "injury": 1, "fatal": 0, "pedestrian": 0, "bicycle": 0, "density": 0.2, "year_range": "2014-2018"}}, {"type": "Feature", "geometry": {"type": "Point", "coordinates": [-79.736937, 36.027027]}, "properties": {"crashes": 1, "injury": 0, "fatal": 0, "pedestrian": 0, "bicycle": 0, "density": 0.2, "year_range": "2014-2018"}}, {"type": "Feature", "geometry": {"type": "Point", "coordinates": [-79.711712, 36.174775]}, "properties": {"crashes": 1, "injury": 0, "fatal": 0, "pedestrian": 0, "bicycle": 0, "density": 0.2, "year_range": "2014-2018"}}, {"type": "Feature", "geometry": {"type": "Point", "coordinates": [-79.751351, 36.099099]}, "properties": {"crashes": 1, "injury": 0, "fatal": 0, "pedestrian": 0, "bicycle": 0, "density": 0.2, "year_range": "2014-2018"}}, {"type": "Feature", "geometry": {"type": "Point", "coordinates": [-79.809009, 36.014414]}, "properties": {"crashes": 1, "injury": 0, "fatal": 0, "pedestrian": 0, "bicycle": 0, "density": 0.2, "year_range": "2014-2018"}}, {"type": "Feature", "geometry": {"type": "Point", "coordinates": [-79.699099, 36.09009]}, "properties": {"crashes": 1, "injury": 0, "fatal": 0, "pedestrian": 0, "bicycle": 0, "density": 0.2, "year_range": "2014-2018"}}, {"type": "Feature", "geometry": {"type": "Point", "coordinates": [-79.790991, 36.063063]}, "properties": {"crashes": 1, "injury": 0, "fatal": 0, "pedestrian": 0, "bicycle": 0, "density": 0.2, "year_range": "2014-2018"}}, {"type": "Feature", "geometry": {"type": "Point", "coordinates": [-79.863063, 36.12973]}, "properties": {"crashes": 1, "injury": 1, "fatal": 0, "pedestrian": 0, "bicycle": 0, "density": 0.2, "year_range": "2014-2018"}}, {"type": "Feature", "geometry": {"type": "Point", "coordinates": [-79.758559, 36.106306]}, "properties": {"crashes": 1, "injury": 0, "fatal": 0, "pedestrian": 0, "bicycle": 0, "density": 0.2, "year_range": "2014-2018"}}, {"type": "Feature", "geometry": {"type": "Point", "coordinates": [-79.918919, 36.124324]}, "properties": {"crashes": 1, "injury": 0, "fatal": 0, "pedestrian": 0, "bicycle": 0, "density": 0.2, "year_range": "2014-2018"}}, {"type": "Feature", "geometry": {"type": "Point", "coordinates": [-79.798198, 36.046847]}, "properties": {"crashes": 1, "injury": 1, "fatal": 0, "pedestrian": 0, "bicycle": 0, "density": 0.2, "year_range": "2014-2018"}}, {"type": "Feature", "geometry": {"type": "Point", "coordinates": [-79.778378, 36.100901]}, "properties": {"crashes": 1, "injury": 0, "fatal": 0, "pedestrian": 0, "bicycle": 0, "density": 0.2, "year_range": "2014-2018"}}, {"type": "Feature", "geometry": {"type": "Point", "coordinates": [-79.89009, 36.084685]}, "properties": {"crashes": 1, "injury": 0, "fatal": 0, "pedestrian": 0, "bicycle": 0, "density": 0.2, "year_range": "2014-2018"}}, {"type": "Feature", "geometry": {"type": "Point", "coordinates": [-79.781982, 36.068468]}, "properties": {"crashes": 1, "injury": 0, "fatal": 0, "pedestrian": 0, "bicycle": 0, "density": 0.2, "year_range": "2014-2018"}}, {"type": "Feature", "geometry": {"type": "Point", "coordinates": [-79.891892, 36.073874]}, "properties": {"crashes": 1, "injury": 0, "fatal": 0, "pedestrian": 0, "bicycle": 0, "density": 0.2, "year_range": "2014-2018"}}, {"type": "Feature", "geometry": {"type": "Point", "coordinates": [-79.758559, 36.081081]}, "properties": {"crashes": 1, "injury": 0, "fatal": 0, "pedestrian": 0, "bicycle": 0, "density": 0.2, "year_range": "2014-2018"}}, {"type": "Feature", "geometry": {"type": "Point", "coordinates": [-79.893694, 36.059459]}, "properties": {"crashes": 1, "injury": 0, "fatal": 0, "pedestrian": 0, "bicycle": 0, "density": 0.2, "year_range": "2014-2018"}}, {"type": "Feature", "geometry": {"type": "Point", "coordinates": [-79.807207, 36.063063]}, "properties": {"crashes": 1, "injury": 0, "fatal": 0, "pedestrian": 0, "bicycle": 0, "density": 0.2, "year_range": "2014-2018"}}, {"type": "Feature", "geometry": {"type": "Point", "coordinates": [-79.78018, 36.154955]}, "properties": {"crashes": 1, "injury": 0, "fatal": 0, "pedestrian": 0, "bicycle": 0, "density": 0.2, "year_range": "2014-2018"}}, {"type": "Feature", "geometry": {"type": "Point", "coordinates": [-79.85045, 36.07027]}, "properties": {"crashes": 2, "injury": 0, "fatal": 0, "pedestrian": 0, "bicycle": 0, "density": 0.5, "year_range": "2014-2018"}}, {"type": "Feature", "geometry": {"type": "Point", "coordinates": [-79.845045, 36.030631]}, "properties": {"crashes": 1, "injury": 0, "fatal": 0, "pedestrian": 0, "bicycle": 0, "density": 0.2, "year_range": "2014-2018"}}, {"type": "Feature", "geometry": {"type": "Point", "coordinates": [-79.767568, 36.066667]}, "properties": {"crashes": 1, "injury": 1, "fatal": 0, "pedestrian": 0, "bicycle": 0, "density": 0.2, "year_range": "2014-2018"}}, {"type": "Feature", "geometry": {"type": "Point", "coordinates": [-79.897297, 36.131532]}, "properties": {"crashes": 1, "injury": 1, "fatal": 0, "pedestrian": 0, "bicycle": 0, "density": 0.2, "year_range": "2014-2018"}}, {"type": "Feature", "geometry": {"type": "Point", "coordinates": [-79.762162, 36.095495]}, "properties": {"crashes": 1, "injury": 1, "fatal": 0, "pedestrian": 0, "bicycle": 0, "density": 0.2, "year_range": "2014-2018"}}, {"type": "Feature", "geometry": {"type": "Point", "coordinates": [-79.756757, 36.100901]}, "properties": {"crashes": 1, "injury": 0, "fatal": 0, "pedestrian": 0, "bicycle": 0, "density": 0.2, "year_range": "2014-2018"}}, {"type": "Feature", "geometry": {"type": "Point", "coordinates": [-79.691892, 36.068468]}, "properties": {"crashes": 1, "injury": 1, "fatal": 0, "pedestrian": 0, "bicycle": 0, "density": 0.2, "year_range": "2014-2018"}}, {"type": "Feature", "geometry": {"type": "Point", "coordinates": [-79.747748, 36.077477]}, "properties": {"crashes": 1, "injury": 0, "fatal": 0, "pedestrian": 0, "bicycle": 0, "density": 0.2, "year_range": "2014-2018"}}, {"type": "Feature", "geometry": {"type": "Point", "coordinates": [-79.854054, 36.095495]}, "properties": {"crashes": 1, "injury": 0, "fatal": 0, "pedestrian": 0, "bicycle": 0, "density": 0.2, "year_range": "2014-2018"}}, {"type": "Feature", "geometry": {"type": "Point", "coordinates": [-79.908108, 36.115315]}, "properties": {"crashes": 1, "injury": 0, "fatal": 0, "pedestrian": 0, "bicycle": 0, "density": 0.2, "year_range": "2014-2018"}}, {"type": "Feature", "geometry": {"type": "Point", "coordinates": [-79.985586, 36.088288]}, "properties": {"crashes": 1, "injury": 0, "fatal": 0, "pedestrian": 0, "bicycle": 0, "density": 0.2, "year_range": "2014-2018"}}, {"type": "Feature", "geometry": {"type": "Point", "coordinates": [-79.920721, 36.120721]}, "properties": {"crashes": 1, "injury": 0, "fatal": 0, "pedestrian": 0, "bicycle": 0, "density": 0.2, "year_range": "2014-2018"}}, {"type": "Feature", "geometry": {"type": "Point", "coordinates": [-79.810811, 36.061261]}, "properties": {"crashes": 1, "injury": 0, "fatal": 0, "pedestrian": 0, "bicycle": 0, "density": 0.2, "year_range": "2014-2018"}}, {"type": "Feature", "geometry": {"type": "Point", "coordinates": [-79.821622, 36.009009]}, "properties": {"crashes": 1, "injury": 0, "fatal": 0, "pedestrian": 0, "bicycle": 0, "density": 0.2, "year_range": "2014-2018"}}, {"type": "Feature", "geometry": {"type": "Point", "coordinates": [-79.891892, 36.122523]}, "properties": {"crashes": 1, "injury": 0, "fatal": 0, "pedestrian": 0, "bicycle": 0, "density": 0.2, "year_range": "2014-2018"}}, {"type": "Feature", "geometry": {"type": "Point", "coordinates": [-79.810811, 36.086486]}, "properties": {"crashes": 1, "injury": 0, "fatal": 0, "pedestrian": 0, "bicycle": 0, "density": 0.2, "year_range": "2014-2018"}}, {"type": "Feature", "geometry": {"type": "Point", "coordinates": [-79.810811, 36.079279]}, "properties": {"crashes": 1, "injury": 1, "fatal": 0, "pedestrian": 0, "bicycle": 0, "density": 0.2, "year_range": "2014-2018"}}, {"type": "Feature", "geometry": {"type": "Point", "coordinates": [-79.881081, 36.018018]}, "properties": {"crashes": 1, "injury": 0, "fatal": 0, "pedestrian": 0, "bicycle": 0, "density": 0.2, "year_range": "2014-2018"}}, {"type": "Feature", "geometry": {"type": "Point", "coordinates": [-79.8, 36.072072]}, "properties": {"crashes": 1, "injury": 1, "fatal": 0, "pedestrian": 0, "bicycle": 0, "density": 0.2, "year_range": "2014-2018"}}, {"type": "Feature", "geometry": {"type": "Point", "coordinates": [-79.794595, 36.005405]}, "properties": {"crashes": 1, "injury": 0, "fatal": 0, "pedestrian": 0, "bicycle": 0, "density": 0.2, "year_range": "2014-2018"}}, {"type": "Feature", "geometry": {"type": "Point", "coordinates": [-79.854054, 36.046847]}, "properties": {"crashes": 1, "injury": 0, "fatal": 0, "pedestrian": 0, "bicycle": 0, "density": 0.2, "year_range": "2014-2018"}}, {"type": "Feature", "geometry": {"type": "Point", "coordinates": [-79.83964, 36.052252]}, "properties": {"crashes": 1, "injury": 1, "fatal": 0, "pedestrian": 0, "bicycle": 0, "density": 0.2, "year_range": "2014-2018"}}, {"type": "Feature", "geometry": {"type": "Point", "coordinates": [-79.918919, 36.03964]}, "properties": {"crashes": 2, "injury": 1, "fatal": 0, "pedestrian": 0, "bicycle": 0, "density": 0.5, "year_range": "2014-2018"}}, {"type": "Feature", "geometry": {"type": "Point", "coordinates": [-79.744144, 35.992793]}, "properties": {"crashes": 1, "injury": 0, "fatal": 0, "pedestrian": 0, "bicycle": 0, "density": 0.2, "year_range": "2014-2018"}}, {"type": "Feature", "geometry": {"type": "Point", "coordinates": [-79.90991, 36.111712]}, "properties": {"crashes": 2, "injury": 0, "fatal": 0, "pedestrian": 0, "bicycle": 0, "density": 0.5, "year_range": "2014-2018"}}, {"type": "Feature", "geometry": {"type": "Point", "coordinates": [-79.821622, 36.001802]}, "properties": {"crashes": 2, "injury": 0, "fatal": 0, "pedestrian": 0, "bicycle": 0, "density": 0.5, "year_range": "2014-2018"}}, {"type": "Feature", "geometry": {"type": "Point", "coordinates": [-79.801802, 36.0]}, "properties": {"crashes": 2, "injury": 1, "fatal": 0, "pedestrian": 0, "bicycle": 0, "density": 0.5, "year_range": "2014-2018"}}, {"type": "Feature", "geometry": {"type": "Point", "coordinates": [-79.684685, 36.059459]}, "properties": {"crashes": 1, "injury": 1, "fatal": 0, "pedestrian": 0, "bicycle": 0, "density": 0.2, "year_range": "2014-2018"}}, {"type": "Feature", "geometry": {"type": "Point", "coordinates": [-79.908108, 36.10991]}, "properties": {"crashes": 1, "injury": 0, "fatal": 0, "pedestrian": 0, "bicycle": 0, "density": 0.2, "year_range": "2014-2018"}}, {"type": "Feature", "geometry": {"type": "Point", "coordinates": [-79.947748, 36.135135]}, "properties": {"crashes": 1, "injury": 0, "fatal": 0, "pedestrian": 0, "bicycle": 0, "density": 0.2, "year_range": "2014-2018"}}, {"type": "Feature", "geometry": {"type": "Point", "coordinates": [-79.661261, 36.059459]}, "properties": {"crashes": 5, "injury": 2, "fatal": 0, "pedestrian": 0, "bicycle": 0, "density": 1.2, "year_range": "2014-2018"}}, {"type": "Feature", "geometry": {"type": "Point", "coordinates": [-79.765766, 36.028829]}, "properties": {"crashes": 1, "injury": 0, "fatal": 0, "pedestrian": 0, "bicycle": 0, "density": 0.2, "year_range": "2014-2018"}}, {"type": "Feature", "geometry": {"type": "Point", "coordinates": [-79.843243, 36.009009]}, "properties": {"crashes": 1, "injury": 1, "fatal": 0, "pedestrian": 0, "bicycle": 0, "density": 0.2, "year_range": "2014-2018"}}, {"type": "Feature", "geometry": {"type": "Point", "coordinates": [-79.688288, 36.045045]}, "properties": {"crashes": 3, "injury": 0, "fatal": 0, "pedestrian": 0, "bicycle": 0, "density": 0.8, "year_range": "2014-2018"}}, {"type": "Feature", "geometry": {"type": "Point", "coordinates": [-79.899099, 36.036036]}, "properties": {"crashes": 1, "injury": 0, "fatal": 0, "pedestrian": 0, "bicycle": 0, "density": 0.2, "year_range": "2014-2018"}}, {"type": "Feature", "geometry": {"type": "Point", "coordinates": [-79.731532, 36.165766]}, "properties": {"crashes": 1, "injury": 0, "fatal": 0, "pedestrian": 0, "bicycle": 0, "density": 0.2, "year_range": "2014-2018"}}, {"type": "Feature", "geometry": {"type": "Point", "coordinates": [-79.938739, 36.14955]}, "properties": {"crashes": 1, "injury": 1, "fatal": 0, "pedestrian": 0, "bicycle": 0, "density": 0.2, "year_range": "2014-2018"}}, {"type": "Feature", "geometry": {"type": "Point", "coordinates": [-79.827027, 36.007207]}, "properties": {"crashes": 1, "injury": 0, "fatal": 0, "pedestrian": 0, "bicycle": 0, "density": 0.2, "year_range": "2014-2018"}}, {"type": "Feature", "geometry": {"type": "Point", "coordinates": [-79.992793, 36.09009]}, "properties": {"crashes": 1, "injury": 1, "fatal": 0, "pedestrian": 0, "bicycle": 0, "density": 0.2, "year_range": "2014-2018"}}, {"type": "Feature", "geometry": {"type": "Point", "coordinates": [-79.854054, 36.018018]}, "properties": {"crashes": 2, "injury": 0, "fatal": 0, "pedestrian": 0, "bicycle": 0, "density": 0.5, "year_range": "2014-2018"}}, {"type": "Feature", "geometry": {"type": "Point", "coordinates": [-79.971171, 36.073874]}, "properties": {"crashes": 1, "injury": 0, "fatal": 0, "pedestrian": 0, "bicycle": 0, "density": 0.2, "year_range": "2014-2018"}}, {"type": "Feature", "geometry": {"type": "Point", "coordinates": [-79.852252, 36.014414]}, "properties": {"crashes": 1, "injury": 1, "fatal": 0, "pedestrian": 0, "bicycle": 0, "density": 0.2, "year_range": "2014-2018"}}, {"type": "Feature", "geometry": {"type": "Point", "coordinates": [-79.917117, 36.054054]}, "properties": {"crashes": 2, "injury": 0, "fatal": 0, "pedestrian": 0, "bicycle": 0, "density": 0.5, "year_range": "2014-2018"}}, {"type": "Feature", "geometry": {"type": "Point", "coordinates": [-79.857658, 36.021622]}, "properties": {"crashes": 1, "injury": 1, "fatal": 0, "pedestrian": 0, "bicycle": 0, "density": 0.2, "year_range": "2014-2018"}}, {"type": "Feature", "geometry": {"type": "Point", "coordinates": [-79.724324, 36.158559]}, "properties": {"crashes": 1, "injury": 0, "fatal": 0, "pedestrian": 0, "bicycle": 0, "density": 0.2, "year_range": "2014-2018"}}, {"type": "Feature", "geometry": {"type": "Point", "coordinates": [-79.855856, 36.01982]}, "properties": {"crashes": 2, "injury": 1, "fatal": 0, "pedestrian": 0, "bicycle": 0, "density": 0.5, "year_range": "2014-2018"}}, {"type": "Feature", "geometry": {"type": "Point", "coordinates": [-79.915315, 36.075676]}, "properties": {"crashes": 2, "injury": 1, "fatal": 0, "pedestrian": 0, "bicycle": 0, "density": 0.5, "year_range": "2014-2018"}}, {"type": "Feature", "geometry": {"type": "Point", "coordinates": [-79.812613, 36.084685]}, "properties": {"crashes": 1, "injury": 1, "fatal": 0, "pedestrian": 0, "bicycle": 0, "density": 0.2, "year_range": "2014-2018"}}, {"type": "Feature", "geometry": {"type": "Point", "coordinates": [-79.836036, 36.014414]}, "properties": {"crashes": 2, "injury": 1, "fatal": 0, "pedestrian": 0, "bicycle": 0, "density": 0.5, "year_range": "2014-2018"}}, {"type": "Feature", "geometry": {"type": "Point", "coordinates": [-79.816216, 36.001802]}, "properties": {"crashes": 1, "injury": 0, "fatal": 0, "pedestrian": 0, "bicycle": 0, "density": 0.2, "year_range": "2014-2018"}}, {"type": "Feature", "geometry": {"type": "Point", "coordinates": [-79.967568, 36.113514]}, "properties": {"crashes": 1, "injury": 0, "fatal": 0, "pedestrian": 0, "bicycle": 0, "density": 0.2, "year_range": "2014-2018"}}, {"type": "Feature", "geometry": {"type": "Point", "coordinates": [-79.900901, 36.124324]}, "properties": {"crashes": 1, "injury": 0, "fatal": 0, "pedestrian": 0, "bicycle": 0, "density": 0.2, "year_range": "2014-2018"}}, {"type": "Feature", "geometry": {"type": "Point", "coordinates": [-79.837838, 36.012613]}, "properties": {"crashes": 1, "injury": 0, "fatal": 0, "pedestrian": 0, "bicycle": 0, "density": 0.2, "year_range": "2014-2018"}}, {"type": "Feature", "geometry": {"type": "Point", "coordinates": [-79.724324, 36.133333]}, "properties": {"crashes": 1, "injury": 0, "fatal": 0, "pedestrian": 0, "bicycle": 0, "density": 0.2, "year_range": "2014-2018"}}, {"type": "Feature", "geometry": {"type": "Point", "coordinates": [-79.992793, 36.091892]}, "properties": {"crashes": 1, "injury": 0, "fatal": 0, "pedestrian": 0, "bicycle": 0, "density": 0.2, "year_range": "2014-2018"}}, {"type": "Feature", "geometry": {"type": "Point", "coordinates": [-79.695495, 36.032432]}, "properties": {"crashes": 1, "injury": 0, "fatal": 0, "pedestrian": 0, "bicycle": 0, "density": 0.2, "year_range": "2014-2018"}}, {"type": "Feature", "geometry": {"type": "Point", "coordinates": [-79.790991, 36.016216]}, "properties": {"crashes": 1, "injury": 1, "fatal": 0, "pedestrian": 0, "bicycle": 0, "density": 0.2, "year_range": "2014-2018"}}, {"type": "Feature", "geometry": {"type": "Point", "coordinates": [-79.809009, 36.075676]}, "properties": {"crashes": 1, "injury": 0, "fatal": 0, "pedestrian": 0, "bicycle": 0, "density": 0.2, "year_range": "2014-2018"}}, {"type": "Feature", "geometry": {"type": "Point", "coordinates": [-79.882883, 36.171171]}, "properties": {"crashes": 1, "injury": 1, "fatal": 0, "pedestrian": 0, "bicycle": 0, "density": 0.2, "year_range": "2014-2018"}}, {"type": "Feature", "geometry": {"type": "Point", "coordinates": [-79.821622, 36.091892]}, "properties": {"crashes": 1, "injury": 0, "fatal": 0, "pedestrian": 0, "bicycle": 0, "density": 0.2, "year_range": "2014-2018"}}, {"type": "Feature", "geometry": {"type": "Point", "coordinates": [-79.726126, 36.082883]}, "properties": {"crashes": 1, "injury": 0, "fatal": 0, "pedestrian": 0, "bicycle": 0, "density": 0.2, "year_range": "2014-2018"}}, {"type": "Feature", "geometry": {"type": "Point", "coordinates": [-79.65045, 36.057658]}, "properties": {"crashes": 2, "injury": 1, "fatal": 0, "pedestrian": 0, "bicycle": 0, "density": 0.5, "year_range": "2014-2018"}}, {"type": "Feature", "geometry": {"type": "Point", "coordinates": [-79.899099, 36.045045]}, "properties": {"crashes": 2, "injury": 1, "fatal": 0, "pedestrian": 0, "bicycle": 0, "density": 0.5, "year_range": "2014-2018"}}, {"type": "Feature", "geometry": {"type": "Point", "coordinates": [-79.908108, 36.046847]}, "properties": {"crashes": 1, "injury": 0, "fatal": 0, "pedestrian": 0, "bicycle": 0, "density": 0.2, "year_range": "2014-2018"}}, {"type": "Feature", "geometry": {"type": "Point", "coordinates": [-79.825225, 36.05045]}, "properties": {"crashes": 1, "injury": 0, "fatal": 0, "pedestrian": 0, "bicycle": 0, "density": 0.2, "year_range": "2014-2018"}}, {"type": "Feature", "geometry": {"type": "Point", "coordinates": [-79.886486, 36.117117]}, "properties": {"crashes": 1, "injury": 1, "fatal": 0, "pedestrian": 0, "bicycle": 0, "density": 0.2, "year_range": "2014-2018"}}, {"type": "Feature", "geometry": {"type": "Point", "coordinates": [-79.92973, 36.122523]}, "properties": {"crashes": 1, "injury": 1, "fatal": 0, "pedestrian": 0, "bicycle": 0, "density": 0.2, "year_range": "2014-2018"}}, {"type": "Feature", "geometry": {"type": "Point", "coordinates": [-79.917117, 36.043243]}, "properties": {"crashes": 1, "injury": 0, "fatal": 0, "pedestrian": 0, "bicycle": 0, "density": 0.2, "year_range": "2014-2018"}}, {"type": "Feature", "geometry": {"type": "Point", "coordinates": [-79.866667, 36.120721]}, "properties": {"crashes": 1, "injury": 0, "fatal": 0, "pedestrian": 0, "bicycle": 0, "density": 0.2, "year_range": "2014-2018"}}, {"type": "Feature", "geometry": {"type": "Point", "coordinates": [-79.807207, 36.046847]}, "properties": {"crashes": 1, "injury": 0, "fatal": 0, "pedestrian": 0, "bicycle": 0, "density": 0.2, "year_range": "2014-2018"}}, {"type": "Feature", "geometry": {"type": "Point", "coordinates": [-79.931532, 36.07027]}, "properties": {"crashes": 1, "injury": 0, "fatal": 0, "pedestrian": 0, "bicycle": 0, "density": 0.2, "year_range": "2014-2018"}}, {"type": "Feature", "geometry": {"type": "Point", "coordinates": [-79.774775, 35.998198]}, "properties": {"crashes": 1, "injury": 1, "fatal": 0, "pedestrian": 0, "bicycle": 0, "density": 0.2, "year_range": "2014-2018"}}, {"type": "Feature", "geometry": {"type": "Point", "coordinates": [-79.895495, 36.133333]}, "properties": {"crashes": 1, "injury": 0, "fatal": 0, "pedestrian": 0, "bicycle": 0, "density": 0.2, "year_range": "2014-2018"}}, {"type": "Feature", "geometry": {"type": "Point", "coordinates": [-80.023423, 36.095495]}, "properties": {"crashes": 1, "injury": 0, "fatal": 0, "pedestrian": 0, "bicycle": 0, "density": 0.2, "year_range": "2014-2018"}}, {"type": "Feature", "geometry": {"type": "Point", "coordinates": [-79.893694, 36.043243]}, "properties": {"crashes": 3, "injury": 2, "fatal": 0, "pedestrian": 0, "bicycle": 0, "density": 0.8, "year_range": "2014-2018"}}, {"type": "Feature", "geometry": {"type": "Point", "coordinates": [-79.821622, 36.048649]}, "properties": {"crashes": 1, "injury": 1, "fatal": 0, "pedestrian": 0, "bicycle": 0, "density": 0.2, "year_range": "2014-2018"}}, {"type": "Feature", "geometry": {"type": "Point", "coordinates": [-79.76036, 35.996396]}, "properties": {"crashes": 1, "injury": 0, "fatal": 0, "pedestrian": 0, "bicycle": 0, "density": 0.2, "year_range": "2014-2018"}}, {"type": "Feature", "geometry": {"type": "Point", "coordinates": [-79.713514, 36.111712]}, "properties": {"crashes": 1, "injury": 0, "fatal": 0, "pedestrian": 0, "bicycle": 0, "density": 0.2, "year_range": "2014-2018"}}, {"type": "Feature", "geometry": {"type": "Point", "coordinates": [-79.846847, 36.07027]}, "properties": {"crashes": 1, "injury": 0, "fatal": 0, "pedestrian": 0, "bicycle": 0, "density": 0.2, "year_range": "2014-2018"}}, {"type": "Feature", "geometry": {"type": "Point", "coordinates": [-79.744144, 36.131532]}, "properties": {"crashes": 1, "injury": 1, "fatal": 0, "pedestrian": 0, "bicycle": 0, "density": 0.2, "year_range": "2014-2018"}}, {"type": "Feature", "geometry": {"type": "Point", "coordinates": [-79.906306, 36.138739]}, "properties": {"crashes": 1, "injury": 1, "fatal": 0, "pedestrian": 0, "bicycle": 0, "density": 0.2, "year_range": "2014-2018"}}, {"type": "Feature", "geometry": {"type": "Point", "coordinates": [-80.041441, 36.09009]}, "properties": {"crashes": 1, "injury": 1, "fatal": 0, "pedestrian": 0, "bicycle": 0, "density": 0.2, "year_range": "2014-2018"}}, {"type": "Feature", "geometry": {"type": "Point", "coordinates": [-79.767568, 36.097297]}, "properties": {"crashes": 1, "injury": 1, "fatal": 0, "pedestrian": 0, "bicycle": 0, "density": 0.2, "year_range": "2014-2018"}}, {"type": "Feature", "geometry": {"type": "Point", "coordinates": [-79.809009, 36.043243]}, "properties": {"crashes": 1, "injury": 0, "fatal": 0, "pedestrian": 0, "bicycle": 0, "density": 0.2, "year_range": "2014-2018"}}, {"type": "Feature", "geometry": {"type": "Point", "coordinates": [-79.688288, 36.09009]}, "properties": {"crashes": 1, "injury": 0, "fatal": 0, "pedestrian": 0, "bicycle": 0, "density": 0.2, "year_range": "2014-2018"}}, {"type": "Feature", "geometry": {"type": "Point", "coordinates": [-79.812613, 36.010811]}, "properties": {"crashes": 1, "injury": 0, "fatal": 0, "pedestrian": 0, "bicycle": 0, "density": 0.2, "year_range": "2014-2018"}}, {"type": "Feature", "geometry": {"type": "Point", "coordinates": [-79.758559, 36.09009]}, "properties": {"crashes": 1, "injury": 0, "fatal": 0, "pedestrian": 0, "bicycle": 0, "density": 0.2, "year_range": "2014-2018"}}, {"type": "Feature", "geometry": {"type": "Point", "coordinates": [-79.900901, 36.064865]}, "properties": {"crashes": 1, "injury": 0, "fatal": 0, "pedestrian": 0, "bicycle": 0, "density": 0.2, "year_range": "2014-2018"}}, {"type": "Feature", "geometry": {"type": "Point", "coordinates": [-79.911712, 36.117117]}, "properties": {"crashes": 1, "injury": 0, "fatal": 0, "pedestrian": 0, "bicycle": 0, "density": 0.2, "year_range": "2014-2018"}}, {"type": "Feature", "geometry": {"type": "Point", "coordinates": [-79.823423, 36.16036]}, "properties": {"crashes": 1, "injury": 0, "fatal": 0, "pedestrian": 0, "bicycle": 0, "density": 0.2, "year_range": "2014-2018"}}, {"type": "Feature", "geometry": {"type": "Point", "coordinates": [-79.747748, 36.088288]}, "properties": {"crashes": 1, "injury": 0, "fatal": 0, "pedestrian": 0, "bicycle": 0, "density": 0.2, "year_range": "2014-2018"}}, {"type": "Feature", "geometry": {"type": "Point", "coordinates": [-79.792793, 36.063063]}, "properties": {"crashes": 1, "injury": 0, "fatal": 0, "pedestrian": 0, "bicycle": 0, "density": 0.2, "year_range": "2014-2018"}}, {"type": "Feature", "geometry": {"type": "Point", "coordinates": [-79.830631, 36.016216]}, "properties": {"crashes": 2, "injury": 0, "fatal": 0, "pedestrian": 0, "bicycle": 0, "density": 0.5, "year_range": "2014-2018"}}, {"type": "Feature", "geometry": {"type": "Point", "coordinates": [-79.783784, 36.095495]}, "properties": {"crashes": 1, "injury": 1, "fatal": 0, "pedestrian": 0, "bicycle": 0, "density": 0.2, "year_range": "2014-2018"}}, {"type": "Feature", "geometry": {"type": "Point", "coordinates": [-79.866667, 35.996396]}, "properties": {"crashes": 1, "injury": 1, "fatal": 0, "pedestrian": 0, "bicycle": 0, "density": 0.2, "year_range": "2014-2018"}}, {"type": "Feature", "geometry": {"type": "Point", "coordinates": [-79.607207, 35.974775]}, "properties": {"crashes": 1, "injury": 1, "fatal": 0, "pedestrian": 0, "bicycle": 0, "density": 0.2, "year_range": "2014-2018"}}, {"type": "Feature", "geometry": {"type": "Point", "coordinates": [-79.888288, 36.032432]}, "properties": {"crashes": 1, "injury": 0, "fatal": 0, "pedestrian": 0, "bicycle": 0, "density": 0.2, "year_range": "2014-2018"}}, {"type": "Feature", "geometry": {"type": "Point", "coordinates": [-79.947748, 36.140541]}, "properties": {"crashes": 1, "injury": 1, "fatal": 0, "pedestrian": 0, "bicycle": 0, "density": 0.2, "year_range": "2014-2018"}}, {"type": "Feature", "geometry": {"type": "Point", "coordinates": [-79.807207, 35.990991]}, "properties": {"crashes": 1, "injury": 0, "fatal": 0, "pedestrian": 0, "bicycle": 0, "density": 0.2, "year_range": "2014-2018"}}, {"type": "Feature", "geometry": {"type": "Point", "coordinates": [-79.904505, 36.115315]}, "properties": {"crashes": 1, "injury": 0, "fatal": 0, "pedestrian": 0, "bicycle": 0, "density": 0.2, "year_range": "2014-2018"}}, {"type": "Feature", "geometry": {"type": "Point", "coordinates": [-79.765766, 36.057658]}, "properties": {"crashes": 1, "injury": 1, "fatal": 0, "pedestrian": 0, "bicycle": 0, "density": 0.2, "year_range": "2014-2018"}}, {"type": "Feature", "geometry": {"type": "Point", "coordinates": [-79.789189, 36.075676]}, "properties": {"crashes": 2, "injury": 2, "fatal": 0, "pedestrian": 0, "bicycle": 0, "density": 0.5, "year_range": "2014-2018"}}, {"type": "Feature", "geometry": {"type": "Point", "coordinates": [-79.888288, 36.045045]}, "properties": {"crashes": 1, "injury": 1, "fatal": 0, "pedestrian": 0, "bicycle": 0, "density": 0.2, "year_range": "2014-2018"}}, {"type": "Feature", "geometry": {"type": "Point", "coordinates": [-79.866667, 36.01982]}, "properties": {"crashes": 1, "injury": 0, "fatal": 0, "pedestrian": 0, "bicycle": 0, "density": 0.2, "year_range": "2014-2018"}}, {"type": "Feature", "geometry": {"type": "Point", "coordinates": [-79.868468, 36.01982]}, "properties": {"crashes": 1, "injury": 0, "fatal": 0, "pedestrian": 0, "bicycle": 0, "density": 0.2, "year_range": "2014-2018"}}, {"type": "Feature", "geometry": {"type": "Point", "coordinates": [-79.722523, 36.162162]}, "properties": {"crashes": 1, "injury": 0, "fatal": 0, "pedestrian": 0, "bicycle": 0, "density": 0.2, "year_range": "2014-2018"}}, {"type": "Feature", "geometry": {"type": "Point", "coordinates": [-79.794595, 35.998198]}, "properties": {"crashes": 1, "injury": 1, "fatal": 0, "pedestrian": 0, "bicycle": 0, "density": 0.2, "year_range": "2014-2018"}}, {"type": "Feature", "geometry": {"type": "Point", "coordinates": [-79.828829, 36.037838]}, "properties": {"crashes": 1, "injury": 0, "fatal": 0, "pedestrian": 0, "bicycle": 0, "density": 0.2, "year_range": "2014-2018"}}, {"type": "Feature", "geometry": {"type": "Point", "coordinates": [-79.90991, 36.10991]}, "properties": {"crashes": 1, "injury": 1, "fatal": 0, "pedestrian": 0, "bicycle": 0, "density": 0.2, "year_range": "2014-2018"}}, {"type": "Feature", "geometry": {"type": "Point", "coordinates": [-79.756757, 36.081081]}, "properties": {"crashes": 1, "injury": 0, "fatal": 0, "pedestrian": 0, "bicycle": 0, "density": 0.2, "year_range": "2014-2018"}}, {"type": "Feature", "geometry": {"type": "Point", "coordinates": [-79.747748, 36.0]}, "properties": {"crashes": 1, "injury": 0, "fatal": 0, "pedestrian": 0, "bicycle": 0, "density": 0.2, "year_range": "2014-2018"}}, {"type": "Feature", "geometry": {"type": "Point", "coordinates": [-79.908108, 36.117117]}, "properties": {"crashes": 1, "injury": 1, "fatal": 0, "pedestrian": 0, "bicycle": 0, "density": 0.2, "year_range": "2014-2018"}}, {"type": "Feature", "geometry": {"type": "Point", "coordinates": [-79.906306, 36.10991]}, "properties": {"crashes": 1, "injury": 0, "fatal": 0, "pedestrian": 0, "bicycle": 0, "density": 0.2, "year_range": "2014-2018"}}, {"type": "Feature", "geometry": {"type": "Point", "coordinates": [-79.81982, 36.163964]}, "properties": {"crashes": 1, "injury": 0, "fatal": 0, "pedestrian": 0, "bicycle": 0, "density": 0.2, "year_range": "2014-2018"}}, {"type": "Feature", "geometry": {"type": "Point", "coordinates": [-79.790991, 36.165766]}, "properties": {"crashes": 1, "injury": 1, "fatal": 0, "pedestrian": 0, "bicycle": 0, "density": 0.2, "year_range": "2014-2018"}}, {"type": "Feature", "geometry": {"type": "Point", "coordinates": [-79.708108, 36.086486]}, "properties": {"crashes": 1, "injury": 0, "fatal": 0, "pedestrian": 0, "bicycle": 0, "density": 0.2, "year_range": "2014-2018"}}, {"type": "Feature", "geometry": {"type": "Point", "coordinates": [-79.940541, 36.144144]}, "properties": {"crashes": 1, "injury": 1, "fatal": 0, "pedestrian": 0, "bicycle": 0, "density": 0.2, "year_range": "2014-2018"}}, {"type": "Feature", "geometry": {"type": "Point", "coordinates": [-79.738739, 36.063063]}, "properties": {"crashes": 1, "injury": 0, "fatal": 0, "pedestrian": 0, "bicycle": 0, "density": 0.2, "year_range": "2014-2018"}}, {"type": "Feature", "geometry": {"type": "Point", "coordinates": [-79.682883, 36.088288]}, "properties": {"crashes": 1, "injury": 1, "fatal": 0, "pedestrian": 0, "bicycle": 0, "density": 0.2, "year_range": "2014-2018"}}, {"type": "Feature", "geometry": {"type": "Point", "coordinates": [-79.85045, 36.046847]}, "properties": {"crashes": 1, "injury": 1, "fatal": 0, "pedestrian": 0, "bicycle": 0, "density": 0.2, "year_range": "2014-2018"}}, {"type": "Feature", "geometry": {"type": "Point", "coordinates": [-80.016216, 36.099099]}, "properties": {"crashes": 1, "injury": 1, "fatal": 0, "pedestrian": 0, "bicycle": 0, "density": 0.2, "year_range": "2014-2018"}}, {"type": "Feature", "geometry": {"type": "Point", "coordinates": [-79.753153, 36.14955]}, "properties": {"crashes": 1, "injury": 0, "fatal": 0, "pedestrian": 0, "bicycle": 0, "density": 0.2, "year_range": "2014-2018"}}, {"type": "Feature", "geometry": {"type": "Point", "coordinates": [-79.756757, 35.998198]}, "properties": {"crashes": 1, "injury": 1, "fatal": 0, "pedestrian": 0, "bicycle": 0, "density": 0.2, "year_range": "2014-2018"}}, {"type": "Feature", "geometry": {"type": "Point", "coordinates": [-79.796396, 36.046847]}, "properties": {"crashes": 1, "injury": 0, "fatal": 0, "pedestrian": 0, "bicycle": 0, "density": 0.2, "year_range": "2014-2018"}}, {"type": "Feature", "geometry": {"type": "Point", "coordinates": [-79.827027, 36.079279]}, "properties": {"crashes": 1, "injury": 0, "fatal": 0, "pedestrian": 0, "bicycle": 0, "density": 0.2, "year_range": "2014-2018"}}, {"type": "Feature", "geometry": {"type": "Point", "coordinates": [-79.828829, 36.138739]}, "properties": {"crashes": 1, "injury": 0, "fatal": 0, "pedestrian": 0, "bicycle": 0, "density": 0.2, "year_range": "2014-2018"}}, {"type": "Feature", "geometry": {"type": "Point", "coordinates": [-79.864865, 36.142342]}, "properties": {"crashes": 1, "injury": 1, "fatal": 0, "pedestrian": 0, "bicycle": 0, "density": 0.2, "year_range": "2014-2018"}}, {"type": "Feature", "geometry": {"type": "Point", "coordinates": [-79.841441, 36.003604]}, "properties": {"crashes": 1, "injury": 0, "fatal": 0, "pedestrian": 0, "bicycle": 0, "density": 0.2, "year_range": "2014-2018"}}, {"type": "Feature", "geometry": {"type": "Point", "coordinates": [-79.76036, 36.104505]}, "properties": {"crashes": 1, "injury": 0, "fatal": 0, "pedestrian": 0, "bicycle": 0, "density": 0.2, "year_range": "2014-2018"}}, {"type": "Feature", "geometry": {"type": "Point", "coordinates": [-79.854054, 36.003604]}, "properties": {"crashes": 1, "injury": 1, "fatal": 0, "pedestrian": 0, "bicycle": 0, "density": 0.2, "year_range": "2014-2018"}}, {"type": "Feature", "geometry": {"type": "Point", "coordinates": [-80.021622, 36.097297]}, "properties": {"crashes": 1, "injury": 0, "fatal": 0, "pedestrian": 0, "bicycle": 0, "density": 0.2, "year_range": "2014-2018"}}, {"type": "Feature", "geometry": {"type": "Point", "coordinates": [-79.771171, 36.037838]}, "properties": {"crashes": 1, "injury": 0, "fatal": 0, "pedestrian": 0, "bicycle": 0, "density": 0.2, "year_range": "2014-2018"}}, {"type": "Feature", "geometry": {"type": "Point", "coordinates": [-79.762162, 36.12973]}, "properties": {"crashes": 1, "injury": 0, "fatal": 0, "pedestrian": 0, "bicycle": 0, "density": 0.2, "year_range": "2014-2018"}}, {"type": "Feature", "geometry": {"type": "Point", "coordinates": [-79.873874, 36.118919]}, "properties": {"crashes": 1, "injury": 0, "fatal": 0, "pedestrian": 0, "bicycle": 0, "density": 0.2, "year_range": "2014-2018"}}, {"type": "Feature", "geometry": {"type": "Point", "coordinates": [-79.90991, 36.088288]}, "properties": {"crashes": 1, "injury": 0, "fatal": 0, "pedestrian": 0, "bicycle": 0, "density": 0.2, "year_range": "2014-2018"}}, {"type": "Feature", "geometry": {"type": "Point", "coordinates": [-79.67027, 36.059459]}, "properties": {"crashes": 1, "injury": 0, "fatal": 0, "pedestrian": 0, "bicycle": 0, "density": 0.2, "year_range": "2014-2018"}}, {"type": "Feature", "geometry": {"type": "Point", "coordinates": [-79.771171, 36.036036]}, "properties": {"crashes": 1, "injury": 1, "fatal": 0, "pedestrian": 0, "bicycle": 0, "density": 0.2, "year_range": "2014-2018"}}, {"type": "Feature", "geometry": {"type": "Point", "coordinates": [-80.016216, 36.097297]}, "properties": {"crashes": 1, "injury": 0, "fatal": 0, "pedestrian": 0, "bicycle": 0, "density": 0.2, "year_range": "2014-2018"}}, {"type": "Feature", "geometry": {"type": "Point", "coordinates": [-79.69009, 36.037838]}, "properties": {"crashes": 1, "injury": 0, "fatal": 0, "pedestrian": 0, "bicycle": 0, "density": 0.2, "year_range": "2014-2018"}}, {"type": "Feature", "geometry": {"type": "Point", "coordinates": [-79.918919, 36.120721]}, "properties": {"crashes": 1, "injury": 0, "fatal": 0, "pedestrian": 0, "bicycle": 0, "density": 0.2, "year_range": "2014-2018"}}, {"type": "Feature", "geometry": {"type": "Point", "coordinates": [-79.70991, 36.030631]}, "properties": {"crashes": 1, "injury": 1, "fatal": 0, "pedestrian": 0, "bicycle": 0, "density": 0.2, "year_range": "2014-2018"}}, {"type": "Feature", "geometry": {"type": "Point", "coordinates": [-79.609009, 36.059459]}, "properties": {"crashes": 1, "injury": 1, "fatal": 0, "pedestrian": 0, "bicycle": 0, "density": 0.2, "year_range": "2014-2018"}}, {"type": "Feature", "geometry": {"type": "Point", "coordinates": [-79.904505, 36.099099]}, "properties": {"crashes": 1, "injury": 1, "fatal": 0, "pedestrian": 0, "bicycle": 0, "density": 0.2, "year_range": "2014-2018"}}, {"type": "Feature", "geometry": {"type": "Point", "coordinates": [-79.677477, 36.059459]}, "properties": {"crashes": 1, "injury": 1, "fatal": 0, "pedestrian": 0, "bicycle": 0, "density": 0.2, "year_range": "2014-2018"}}, {"type": "Feature", "geometry": {"type": "Point", "coordinates": [-79.915315, 36.091892]}, "properties": {"crashes": 1, "injury": 0, "fatal": 0, "pedestrian": 0, "bicycle": 0, "density": 0.2, "year_range": "2014-2018"}}, {"type": "Feature", "geometry": {"type": "Point", "coordinates": [-79.841441, 36.030631]}, "properties": {"crashes": 1, "injury": 0, "fatal": 0, "pedestrian": 0, "bicycle": 0, "density": 0.2, "year_range": "2014-2018"}}, {"type": "Feature", "geometry": {"type": "Point", "coordinates": [-79.744144, 36.048649]}, "properties": {"crashes": 1, "injury": 1, "fatal": 0, "pedestrian": 0, "bicycle": 0, "density": 0.2, "year_range": "2014-2018"}}, {"type": "Feature", "geometry": {"type": "Point", "coordinates": [-79.859459, 36.133333]}, "properties": {"crashes": 1, "injury": 0, "fatal": 0, "pedestrian": 0, "bicycle": 0, "density": 0.2, "year_range": "2014-2018"}}, {"type": "Feature", "geometry": {"type": "Point", "coordinates": [-79.884685, 36.081081]}, "properties": {"crashes": 1, "injury": 1, "fatal": 0, "pedestrian": 0, "bicycle": 0, "density": 0.2, "year_range": "2014-2018"}}, {"type": "Feature", "geometry": {"type": "Point", "coordinates": [-79.8, 36.016216]}, "properties": {"crashes": 1, "injury": 0, "fatal": 0, "pedestrian": 0, "bicycle": 0, "density": 0.2, "year_range": "2014-2018"}}, {"type": "Feature", "geometry": {"type": "Point", "coordinates": [-79.922523, 36.064865]}, "properties": {"crashes": 1, "injury": 0, "fatal": 0, "pedestrian": 0, "bicycle": 0, "density": 0.2, "year_range": "2014-2018"}}]}