{"type": "FeatureCollection", "features": [{"type": "Feature", "geometry": {"type": "Point", "coordinates": [-91.111712, 30.452252]}, "properties": {"crashes": 110, "injury": 79, "fatal": 0, "pedestrian": 1, "bicycle": 0, "density": 27.5, "year_range": "unknown"}}, {"type": "Feature", "geometry": {"type": "Point", "coordinates": [-91.113514, 30.452252]}, "properties": {"crashes": 53, "injury": 43, "fatal": 0, "pedestrian": 1, "bicycle": 0, "density": 13.2, "year_range": "unknown"}}, {"type": "Feature", "geometry": {"type": "Point", "coordinates": [-91.111712, 30.454054]}, "properties": {"crashes": 13, "injury": 12, "fatal": 0, "pedestrian": 0, "bicycle": 0, "density": 3.2, "year_range": "unknown"}}, {"type": "Feature", "geometry": {"type": "Point", "coordinates": [-91.111712, 30.455856]}, "properties": {"crashes": 4, "injury": 4, "fatal": 0, "pedestrian": 0, "bicycle": 0, "density": 1.0, "year_range": "unknown"}}, {"type": "Feature", "geometry": {"type": "Point", "coordinates": [-91.111712, 30.457658]}, "properties": {"crashes": 16, "injury": 13, "fatal": 0, "pedestrian": 0, "bicycle": 0, "density": 4.0, "year_range": "unknown"}}, {"type": "Feature", "geometry": {"type": "Point", "coordinates": [-91.115315, 30.461261]}, "properties": {"crashes": 20, "injury": 11, "fatal": 0, "pedestrian": 1, "bicycle": 0, "density": 5.0, "year_range": "unknown"}}, {"type": "Feature", "geometry": {"type": "Point", "coordinates": [-91.115315, 30.457658]}, "properties": {"crashes": 4, "injury": 3, "fatal": 0, "pedestrian": 0, "bicycle": 0, "density": 1.0, "year_range": "unknown"}}, {"type": "Feature", "geometry": {"type": "Point", "coordinates": [-91.113514, 30.457658]}, "properties": {"crashes": 9, "injury": 8, "fatal": 0, "pedestrian": 0, "bicycle": 0, "density": 2.2, "year_range": "unknown"}}, {"type": "Feature", "geometry": {"type": "Point", "coordinates": [-91.113514, 30.459459]}, "properties": {"crashes": 5, "injury": 4, "fatal": 0, "pedestrian": 0, "bicycle": 0, "density": 1.2, "year_range": "unknown"}}, {"type": "Feature", "geometry": {"type": "Point", "coordinates": [-91.115315, 30.459459]}, "properties": {"crashes": 1, "injury": 1, "fatal": 0, "pedestrian": 0, "bicycle": 0, "density": 0.2, "year_range": "unknown"}}, {"type": "Feature", "geometry": {"type": "Point", "coordinates": [-91.117117, 30.463063]}, "properties": {"crashes": 18, "injury": 16, "fatal": 0, "pedestrian": 0, "bicycle": 0, "density": 4.5, "year_range": "unknown"}}, {"type": "Feature", "geometry": {"type": "Point", "coordinates": [-91.117117, 30.464865]}, "properties": {"crashes": 3, "injury": 3, "fatal": 0, "pedestrian": 1, "bicycle": 0, "density": 0.8, "year_range": "unknown"}}, {"type": "Feature", "geometry": {"type": "Point", "coordinates": [-91.118919, 30.464865]}, "properties": {"crashes": 8, "injury": 7, "fatal": 0, "pedestrian": 0, "bicycle": 0, "density": 2.0, "year_range": "unknown"}}, {"type": "Feature", "geometry": {"type": "Point", "coordinates": [-91.118919, 30.452252]}, "properties": {"crashes": 55, "injury": 38, "fatal": 0, "pedestrian": 4, "bicycle": 0, "density": 13.8, "year_range": "unknown"}}, {"type": "Feature", "geometry": {"type": "Point", "coordinates": [-91.117117, 30.452252]}, "properties": {"crashes": 14, "injury": 11, "fatal": 0, "pedestrian": 0, "bicycle": 0, "density": 3.5, "year_range": "unknown"}}, {"type": "Feature", "geometry": {"type": "Point", "coordinates": [-91.118919, 30.454054]}, "properties": {"crashes": 2, "injury": 2, "fatal": 0, "pedestrian": 0, "bicycle": 0, "density": 0.5, "year_range": "unknown"}}, {"type": "Feature", "geometry": {"type": "Point", "coordinates": [-91.117117, 30.457658]}, "properties": {"crashes": 5, "injury": 5, "fatal": 0, "pedestrian": 0, "bicycle": 0, "density": 1.2, "year_range": "unknown"}}, {"type": "Feature", "geometry": {"type": "Point", "coordinates": [-91.122523, 30.47027]}, "properties": {"crashes": 59, "injury": 49, "fatal": 0, "pedestrian": 1, "bicycle": 0, "density": 14.8, "year_range": "unknown"}}, {"type": "Feature", "geometry": {"type": "Point", "coordinates": [-91.120721, 30.468468]}, "properties": {"crashes": 24, "injury": 17, "fatal": 0, "pedestrian": 2, "bicycle": 0, "density": 6.0, "year_range": "unknown"}}, {"type": "Feature", "geometry": {"type": "Point", "coordinates": [-91.118919, 30.466667]}, "properties": {"crashes": 16, "injury": 14, "fatal": 0, "pedestrian": 0, "bicycle": 0, "density": 4.0, "year_range": "unknown"}}, {"type": "Feature", "geometry": {"type": "Point", "coordinates": [-91.118919, 30.457658]}, "properties": {"crashes": 6, "injury": 5, "fatal": 0, "pedestrian": 0, "bicycle": 0, "density": 1.5, "year_range": "unknown"}}, {"type": "Feature", "geometry": {"type": "Point", "coordinates": [-91.120721, 30.457658]}, "properties": {"crashes": 1, "injury": 1, "fatal": 0, "pedestrian": 0, "bicycle": 0, "density": 0.2, "year_range": "unknown"}}, {"type": "Feature", "geometry": {"type": "Point", "coordinates": [-91.117117, 30.459459]}, "properties": {"crashes": 6, "injury": 6, "fatal": 0, "pedestrian": 0, "bicycle": 0, "density": 1.5, "year_range": "unknown"}}, {"type": "Feature", "geometry": {"type": "Point", "coordinates": [-91.120721, 30.459459]}, "properties": {"crashes": 4, "injury": 4, "fatal": 0, "pedestrian": 0, "bicycle": 0, "density": 1.0, "year_range": "unknown"}}, {"type": "Feature", "geometry": {"type": "Point", "coordinates": [-91.118919, 30.459459]}, "properties": {"crashes": 3, "injury": 1, "fatal": 0, "pedestrian": 1, "bicycle": 0, "density": 0.8, "year_range": "unknown"}}, {"type": "Feature", "geometry": {"type": "Point", "coordinates": [-91.122523, 30.459459]}, "properties": {"crashes": 1, "injury": 1, "fatal": 0, "pedestrian": 0, "bicycle": 0, "density": 0.2, "year_range": "unknown"}}, {"type": "Feature", "geometry": {"type": "Point", "coordinates": [-91.118919, 30.461261]}, "properties": {"crashes": 6, "injury": 3, "fatal": 0, "pedestrian": 0, "bicycle": 0, "density": 1.5, "year_range": "unknown"}}, {"type": "Feature", "geometry": {"type": "Point", "coordinates": [-91.122523, 30.461261]}, "properties": {"crashes": 4, "injury": 4, "fatal": 0, "pedestrian": 0, "bicycle": 0, "density": 1.0, "year_range": "unknown"}}, {"type": "Feature", "geometry": {"type": "Point", "coordinates": [-91.118919, 30.455856]}, "properties": {"crashes": 9, "injury": 9, "fatal": 0, "pedestrian": 0, "bicycle": 0, "density": 2.2, "year_range": "unknown"}}, {"type": "Feature", "geometry": {"type": "Point", "coordinates": [-91.122523, 30.455856]}, "properties": {"crashes": 7, "injury": 7, "fatal": 0, "pedestrian": 0, "bicycle": 0, "density": 1.8, "year_range": "unknown"}}, {"type": "Feature", "geometry": {"type": "Point", "coordinates": [-91.120721, 30.455856]}, "properties": {"crashes": 5, "injury": 5, "fatal": 0, "pedestrian": 0, "bicycle": 0, "density": 1.2, "year_range": "unknown"}}, {"type": "Feature", "geometry": {"type": "Point", "coordinates": [-91.122523, 30.457658]}, "properties": {"crashes": 11, "injury": 7, "fatal": 0, "pedestrian": 1, "bicycle": 0, "density": 2.8, "year_range": "unknown"}}, {"type": "Feature", "geometry": {"type": "Point", "coordinates": [-91.124324, 30.47027]}, "properties": {"crashes": 115, "injury": 102, "fatal": 0, "pedestrian": 0, "bicycle": 0, "density": 28.8, "year_range": "unknown"}}, {"type": "Feature", "geometry": {"type": "Point", "coordinates": [-91.124324, 30.468468]}, "properties": {"crashes": 2, "injury": 2, "fatal": 0, "pedestrian": 0, "bicycle": 0, "density": 0.5, "year_range": "unknown"}}, {"type": "Feature", "geometry": {"type": "Point", "coordinates": [-91.126126, 30.455856]}, "properties": {"crashes": 6, "injury": 5, "fatal": 0, "pedestrian": 1, "bicycle": 0, "density": 1.5, "year_range": "unknown"}}, {"type": "Feature", "geometry": {"type": "Point", "coordinates": [-91.124324, 30.455856]}, "properties": {"crashes": 6, "injury": 5, "fatal": 0, "pedestrian": 0, "bicycle": 0, "density": 1.5, "year_range": "unknown"}}, {"type": "Feature", "geometry": {"type": "Point", "coordinates": [-91.124324, 30.457658]}, "properties": {"crashes": 10, "injury": 7, "fatal": 0, "pedestrian": 1, "bicycle": 0, "density": 2.5, "year_range": "unknown"}}, {"type": "Feature", "geometry": {"type": "Point", "coordinates": [-91.126126, 30.457658]}, "properties": {"crashes": 3, "injury": 2, "fatal": 0, "pedestrian": 1, "bicycle": 0, "density": 0.8, "year_range": "unknown"}}, {"type": "Feature", "geometry": {"type": "Point", "coordinates": [-91.124324, 30.452252]}, "properties": {"crashes": 8, "injury": 6, "fatal": 0, "pedestrian": 0, "bicycle": 0, "density": 2.0, "year_range": "unknown"}}, {"type": "Feature", "geometry": {"type": "Point", "coordinates": [-91.127928, 30.452252]}, "properties": {"crashes": 31, "injury": 23, "fatal": 0, "pedestrian": 1, "bicycle": 0, "density": 7.8, "year_range": "unknown"}}, {"type": "Feature", "geometry": {"type": "Point", "coordinates": [-91.126126, 30.452252]}, "properties": {"crashes": 1, "injury": 1, "fatal": 0, "pedestrian": 0, "bicycle": 0, "density": 0.2, "year_range": "unknown"}}, {"type": "Feature", "geometry": {"type": "Point", "coordinates": [-91.122523, 30.452252]}, "properties": {"crashes": 13, "injury": 9, "fatal": 0, "pedestrian": 1, "bicycle": 0, "density": 3.2, "year_range": "unknown"}}, {"type": "Feature", "geometry": {"type": "Point", "coordinates": [-91.127928, 30.457658]}, "properties": {"crashes": 41, "injury": 26, "fatal": 0, "pedestrian": 0, "bicycle": 0, "density": 10.2, "year_range": "unknown"}}, {"type": "Feature", "geometry": {"type": "Point", "coordinates": [-91.127928, 30.459459]}, "properties": {"crashes": 11, "injury": 8, "fatal": 0, "pedestrian": 0, "bicycle": 0, "density": 2.8, "year_range": "unknown"}}, {"type": "Feature", "geometry": {"type": "Point", "coordinates": [-91.127928, 30.461261]}, "properties": {"crashes": 54, "injury": 30, "fatal": 1, "pedestrian": 1, "bicycle": 0, "density": 13.5, "year_range": "unknown"}}, {"type": "Feature", "geometry": {"type": "Point", "coordinates": [-91.124324, 30.461261]}, "properties": {"crashes": 1, "injury": 1, "fatal": 0, "pedestrian": 0, "bicycle": 0, "density": 0.2, "year_range": "unknown"}}, {"type": "Feature", "geometry": {"type": "Point", "coordinates": [-91.127928, 30.463063]}, "properties": {"crashes": 2, "injury": 1, "fatal": 0, "pedestrian": 0, "bicycle": 0, "density": 0.5, "year_range": "unknown"}}, {"type": "Feature", "geometry": {"type": "Point", "coordinates": [-91.127928, 30.464865]}, "properties": {"crashes": 9, "injury": 6, "fatal": 1, "pedestrian": 1, "bicycle": 0, "density": 2.2, "year_range": "unknown"}}, {"type": "Feature", "geometry": {"type": "Point", "coordinates": [-91.126126, 30.466667]}, "properties": {"crashes": 1, "injury": 0, "fatal": 0, "pedestrian": 0, "bicycle": 0, "density": 0.2, "year_range": "unknown"}}, {"type": "Feature", "geometry": {"type": "Point", "coordinates": [-91.12973, 30.468468]}, "properties": {"crashes": 24, "injury": 19, "fatal": 0, "pedestrian": 1, "bicycle": 0, "density": 6.0, "year_range": "unknown"}}, {"type": "Feature", "geometry": {"type": "Point", "coordinates": [-91.127928, 30.468468]}, "properties": {"crashes": 12, "injury": 9, "fatal": 0, "pedestrian": 0, "bicycle": 0, "density": 3.0, "year_range": "unknown"}}, {"type": "Feature", "geometry": {"type": "Point", "coordinates": [-91.12973, 30.466667]}, "properties": {"crashes": 41, "injury": 28, "fatal": 0, "pedestrian": 1, "bicycle": 0, "density": 10.2, "year_range": "unknown"}}, {"type": "Feature", "geometry": {"type": "Point", "coordinates": [-91.127928, 30.454054]}, "properties": {"crashes": 8, "injury": 5, "fatal": 0, "pedestrian": 1, "bicycle": 0, "density": 2.0, "year_range": "unknown"}}, {"type": "Feature", "geometry": {"type": "Point", "coordinates": [-91.127928, 30.455856]}, "properties": {"crashes": 15, "injury": 11, "fatal": 0, "pedestrian": 1, "bicycle": 0, "density": 3.8, "year_range": "unknown"}}, {"type": "Feature", "geometry": {"type": "Point", "coordinates": [-91.122523, 30.472072]}, "properties": {"crashes": 45, "injury": 35, "fatal": 1, "pedestrian": 0, "bicycle": 0, "density": 11.2, "year_range": "unknown"}}, {"type": "Feature", "geometry": {"type": "Point", "coordinates": [-91.124324, 30.472072]}, "properties": {"crashes": 15, "injury": 10, "fatal": 0, "pedestrian": 0, "bicycle": 0, "density": 3.8, "year_range": "unknown"}}, {"type": "Feature", "geometry": {"type": "Point", "coordinates": [-91.126126, 30.468468]}, "properties": {"crashes": 2, "injury": 0, "fatal": 0, "pedestrian": 0, "bicycle": 0, "density": 0.5, "year_range": "unknown"}}, {"type": "Feature", "geometry": {"type": "Point", "coordinates": [-91.126126, 30.47027]}, "properties": {"crashes": 8, "injury": 7, "fatal": 0, "pedestrian": 0, "bicycle": 0, "density": 2.0, "year_range": "unknown"}}, {"type": "Feature", "geometry": {"type": "Point", "coordinates": [-91.115315, 30.452252]}, "properties": {"crashes": 20, "injury": 19, "fatal": 0, "pedestrian": 0, "bicycle": 0, "density": 5.0, "year_range": "unknown"}}, {"type": "Feature", "geometry": {"type": "Point", "coordinates": [-91.117117, 30.454054]}, "properties": {"crashes": 1, "injury": 1, "fatal": 0, "pedestrian": 0, "bicycle": 0, "density": 0.2, "year_range": "unknown"}}, {"type": "Feature", "geometry": {"type": "Point", "coordinates": [-91.115315, 30.455856]}, "properties": {"crashes": 2, "injury": 2, "fatal": 0, "pedestrian": 0, "bicycle": 0, "density": 0.5, "year_range": "unknown"}}, {"type": "Feature", "geometry": {"type": "Point", "coordinates": [-91.120721, 30.452252]}, "properties": {"crashes": 20, "injury": 16, "fatal": 1, "pedestrian": 1, "bicycle": 0, "density": 5.0, "year_range": "unknown"}}, {"type": "Feature", "geometry": {"type": "Point", "coordinates": [-91.122523, 30.454054]}, "properties": {"crashes": 1, "injury": 1, "fatal": 0, "pedestrian": 0, "bicycle": 0, "density": 0.2, "year_range": "unknown"}}, {"type": "Feature", "geometry": {"type": "Point", "coordinates": [-91.127928, 30.45045]}, "properties": {"crashes": 91, "injury": 61, "fatal": 1, "pedestrian": 1, "bicycle": 0, "density": 22.8, "year_range": "unknown"}}, {"type": "Feature", "geometry": {"type": "Point", "coordinates": [-91.126126, 30.45045]}, "properties": {"crashes": 11, "injury": 9, "fatal": 0, "pedestrian": 0, "bicycle": 0, "density": 2.8, "year_range": "unknown"}}, {"type": "Feature", "geometry": {"type": "Point", "coordinates": [-91.124324, 30.45045]}, "properties": {"crashes": 14, "injury": 11, "fatal": 0, "pedestrian": 0, "bicycle": 0, "density": 3.5, "year_range": "unknown"}}, {"type": "Feature", "geometry": {"type": "Point", "coordinates": [-91.12973, 30.47027]}, "properties": {"crashes": 48, "injury": 33, "fatal": 0, "pedestrian": 0, "bicycle": 0, "density": 12.0, "year_range": "unknown"}}, {"type": "Feature", "geometry": {"type": "Point", "coordinates": [-91.12973, 30.479279]}, "properties": {"crashes": 16, "injury": 10, "fatal": 0, "pedestrian": 0, "bicycle": 0, "density": 4.0, "year_range": "unknown"}}, {"type": "Feature", "geometry": {"type": "Point", "coordinates": [-91.131532, 30.479279]}, "properties": {"crashes": 5, "injury": 4, "fatal": 0, "pedestrian": 0, "bicycle": 0, "density": 1.2, "year_range": "unknown"}}, {"type": "Feature", "geometry": {"type": "Point", "coordinates": [-91.135135, 30.479279]}, "properties": {"crashes": 16, "injury": 8, "fatal": 0, "pedestrian": 0, "bicycle": 0, "density": 4.0, "year_range": "unknown"}}, {"type": "Feature", "geometry": {"type": "Point", "coordinates": [-91.138739, 30.47027]}, "properties": {"crashes": 5, "injury": 3, "fatal": 0, "pedestrian": 0, "bicycle": 0, "density": 1.2, "year_range": "unknown"}}, {"type": "Feature", "geometry": {"type": "Point", "coordinates": [-91.136937, 30.47027]}, "properties": {"crashes": 7, "injury": 4, "fatal": 0, "pedestrian": 0, "bicycle": 0, "density": 1.8, "year_range": "unknown"}}, {"type": "Feature", "geometry": {"type": "Point", "coordinates": [-91.135135, 30.47027]}, "properties": {"crashes": 22, "injury": 11, "fatal": 0, "pedestrian": 0, "bicycle": 0, "density": 5.5, "year_range": "unknown"}}, {"type": "Feature", "geometry": {"type": "Point", "coordinates": [-91.133333, 30.47027]}, "properties": {"crashes": 4, "injury": 2, "fatal": 0, "pedestrian": 0, "bicycle": 0, "density": 1.0, "year_range": "unknown"}}, {"type": "Feature", "geometry": {"type": "Point", "coordinates": [-91.140541, 30.47027]}, "properties": {"crashes": 90, "injury": 65, "fatal": 0, "pedestrian": 3, "bicycle": 0, "density": 22.5, "year_range": "unknown"}}, {"type": "Feature", "geometry": {"type": "Point", "coordinates": [-91.138739, 30.472072]}, "properties": {"crashes": 2, "injury": 2, "fatal": 0, "pedestrian": 0, "bicycle": 0, "density": 0.5, "year_range": "unknown"}}, {"type": "Feature", "geometry": {"type": "Point", "coordinates": [-91.131532, 30.47027]}, "properties": {"crashes": 4, "injury": 2, "fatal": 0, "pedestrian": 0, "bicycle": 0, "density": 1.0, "year_range": "unknown"}}, {"type": "Feature", "geometry": {"type": "Point", "coordinates": [-91.12973, 30.472072]}, "properties": {"crashes": 4, "injury": 3, "fatal": 0, "pedestrian": 1, "bicycle": 0, "density": 1.0, "year_range": "unknown"}}, {"type": "Feature", "geometry": {"type": "Point", "coordinates": [-91.12973, 30.473874]}, "properties": {"crashes": 2, "injury": 2, "fatal": 0, "pedestrian": 0, "bicycle": 0, "density": 0.5, "year_range": "unknown"}}, {"type": "Feature", "geometry": {"type": "Point", "coordinates": [-91.135135, 30.477477]}, "properties": {"crashes": 1, "injury": 0, "fatal": 0, "pedestrian": 0, "bicycle": 0, "density": 0.2, "year_range": "unknown"}}, {"type": "Feature", "geometry": {"type": "Point", "coordinates": [-91.133333, 30.477477]}, "properties": {"crashes": 3, "injury": 2, "fatal": 0, "pedestrian": 0, "bicycle": 0, "density": 0.8, "year_range": "unknown"}}, {"type": "Feature", "geometry": {"type": "Point", "coordinates": [-91.131532, 30.477477]}, "properties": {"crashes": 7, "injury": 4, "fatal": 0, "pedestrian": 0, "bicycle": 0, "density": 1.8, "year_range": "unknown"}}, {"type": "Feature", "geometry": {"type": "Point", "coordinates": [-91.12973, 30.477477]}, "properties": {"crashes": 3, "injury": 2, "fatal": 0, "pedestrian": 0, "bicycle": 0, "density": 0.8, "year_range": "unknown"}}, {"type": "Feature", "geometry": {"type": "Point", "coordinates": [-91.140541, 30.479279]}, "properties": {"crashes": 132, "injury": 85, "fatal": 0, "pedestrian": 2, "bicycle": 0, "density": 33.0, "year_range": "unknown"}}, {"type": "Feature", "geometry": {"type": "Point", "coordinates": [-91.140541, 30.477477]}, "properties": {"crashes": 11, "injury": 4, "fatal": 0, "pedestrian": 0, "bicycle": 0, "density": 2.8, "year_range": "unknown"}}, {"type": "Feature", "geometry": {"type": "Point", "coordinates": [-91.138739, 30.477477]}, "properties": {"crashes": 1, "injury": 1, "fatal": 0, "pedestrian": 0, "bicycle": 0, "density": 0.2, "year_range": "unknown"}}, {"type": "Feature", "geometry": {"type": "Point", "coordinates": [-91.138739, 30.479279]}, "properties": {"crashes": 7, "injury": 4, "fatal": 0, "pedestrian": 0, "bicycle": 0, "density": 1.8, "year_range": "unknown"}}, {"type": "Feature", "geometry": {"type": "Point", "coordinates": [-91.136937, 30.479279]}, "properties": {"crashes": 13, "injury": 10, "fatal": 0, "pedestrian": 0, "bicycle": 0, "density": 3.2, "year_range": "unknown"}}, {"type": "Feature", "geometry": {"type": "Point", "coordinates": [-91.136937, 30.477477]}, "properties": {"crashes": 1, "injury": 1, "fatal": 0, "pedestrian": 0, "bicycle": 0, "density": 0.2, "year_range": "unknown"}}, {"type": "Feature", "geometry": {"type": "Point", "coordinates": [-91.138739, 30.475676]}, "properties": {"crashes": 3, "injury": 0, "fatal": 0, "pedestrian": 1, "bicycle": 0, "density": 0.8, "year_range": "unknown"}}, {"type": "Feature", "geometry": {"type": "Point", "coordinates": [-91.138739, 30.473874]}, "properties": {"crashes": 1, "injury": 1, "fatal": 0, "pedestrian": 0, "bicycle": 0, "density": 0.2, "year_range": "unknown"}}, {"type": "Feature", "geometry": {"type": "Point", "coordinates": [-91.136937, 30.475676]}, "properties": {"crashes": 3, "injury": 3, "fatal": 0, "pedestrian": 0, "bicycle": 0, "density": 0.8, "year_range": "unknown"}}, {"type": "Feature", "geometry": {"type": "Point", "coordinates": [-91.135135, 30.475676]}, "properties": {"crashes": 9, "injury": 9, "fatal": 0, "pedestrian": 0, "bicycle": 0, "density": 2.2, "year_range": "unknown"}}, {"type": "Feature", "geometry": {"type": "Point", "coordinates": [-91.135135, 30.473874]}, "properties": {"crashes": 4, "injury": 4, "fatal": 0, "pedestrian": 0, "bicycle": 0, "density": 1.0, "year_range": "unknown"}}, {"type": "Feature", "geometry": {"type": "Point", "coordinates": [-91.135135, 30.472072]}, "properties": {"crashes": 2, "injury": 2, "fatal": 0, "pedestrian": 0, "bicycle": 0, "density": 0.5, "year_range": "unknown"}}, {"type": "Feature", "geometry": {"type": "Point", "coordinates": [-91.133333, 30.475676]}, "properties": {"crashes": 2, "injury": 2, "fatal": 0, "pedestrian": 0, "bicycle": 0, "density": 0.5, "year_range": "unknown"}}, {"type": "Feature", "geometry": {"type": "Point", "coordinates": [-91.140541, 30.472072]}, "properties": {"crashes": 11, "injury": 7, "fatal": 0, "pedestrian": 0, "bicycle": 0, "density": 2.8, "year_range": "unknown"}}, {"type": "Feature", "geometry": {"type": "Point", "coordinates": [-91.140541, 30.475676]}, "properties": {"crashes": 20, "injury": 9, "fatal": 0, "pedestrian": 0, "bicycle": 0, "density": 5.0, "year_range": "unknown"}}, {"type": "Feature", "geometry": {"type": "Point", "coordinates": [-91.140541, 30.473874]}, "properties": {"crashes": 12, "injury": 10, "fatal": 0, "pedestrian": 0, "bicycle": 0, "density": 3.0, "year_range": "unknown"}}, {"type": "Feature", "geometry": {"type": "Point", "coordinates": [-91.142342, 30.473874]}, "properties": {"crashes": 3, "injury": 3, "fatal": 0, "pedestrian": 0, "bicycle": 0, "density": 0.8, "year_range": "unknown"}}, {"type": "Feature", "geometry": {"type": "Point", "coordinates": [-91.144144, 30.47027]}, "properties": {"crashes": 17, "injury": 12, "fatal": 1, "pedestrian": 1, "bicycle": 0, "density": 4.2, "year_range": "unknown"}}, {"type": "Feature", "geometry": {"type": "Point", "coordinates": [-91.145946, 30.47027]}, "properties": {"crashes": 14, "injury": 10, "fatal": 0, "pedestrian": 0, "bicycle": 0, "density": 3.5, "year_range": "unknown"}}, {"type": "Feature", "geometry": {"type": "Point", "coordinates": [-91.142342, 30.47027]}, "properties": {"crashes": 5, "injury": 4, "fatal": 0, "pedestrian": 0, "bicycle": 0, "density": 1.2, "year_range": "unknown"}}, {"type": "Feature", "geometry": {"type": "Point", "coordinates": [-91.144144, 30.472072]}, "properties": {"crashes": 1, "injury": 0, "fatal": 0, "pedestrian": 0, "bicycle": 0, "density": 0.2, "year_range": "unknown"}}, {"type": "Feature", "geometry": {"type": "Point", "coordinates": [-91.144144, 30.473874]}, "properties": {"crashes": 2, "injury": 2, "fatal": 0, "pedestrian": 0, "bicycle": 0, "density": 0.5, "year_range": "unknown"}}, {"type": "Feature", "geometry": {"type": "Point", "coordinates": [-91.145946, 30.473874]}, "properties": {"crashes": 1, "injury": 0, "fatal": 0, "pedestrian": 0, "bicycle": 0, "density": 0.2, "year_range": "unknown"}}, {"type": "Feature", "geometry": {"type": "Point", "coordinates": [-91.144144, 30.475676]}, "properties": {"crashes": 3, "injury": 3, "fatal": 0, "pedestrian": 0, "bicycle": 0, "density": 0.8, "year_range": "unknown"}}, {"type": "Feature", "geometry": {"type": "Point", "coordinates": [-91.142342, 30.475676]}, "properties": {"crashes": 1, "injury": 1, "fatal": 0, "pedestrian": 0, "bicycle": 0, "density": 0.2, "year_range": "unknown"}}, {"type": "Feature", "geometry": {"type": "Point", "coordinates": [-91.145946, 30.477477]}, "properties": {"crashes": 2, "injury": 1, "fatal": 0, "pedestrian": 0, "bicycle": 0, "density": 0.5, "year_range": "unknown"}}, {"type": "Feature", "geometry": {"type": "Point", "coordinates": [-91.142342, 30.477477]}, "properties": {"crashes": 2, "injury": 2, "fatal": 0, "pedestrian": 0, "bicycle": 0, "density": 0.5, "year_range": "unknown"}}, {"type": "Feature", "geometry": {"type": "Point", "coordinates": [-91.144144, 30.477477]}, "properties": {"crashes": 1, "injury": 1, "fatal": 0, "pedestrian": 0, "bicycle": 0, "density": 0.2, "year_range": "unknown"}}, {"type": "Feature", "geometry": {"type": "Point", "coordinates": [-91.145946, 30.479279]}, "properties": {"crashes": 28, "injury": 17, "fatal": 0, "pedestrian": 0, "bicycle": 0, "density": 7.0, "year_range": "unknown"}}, {"type": "Feature", "geometry": {"type": "Point", "coordinates": [-91.144144, 30.479279]}, "properties": {"crashes": 22, "injury": 15, "fatal": 0, "pedestrian": 1, "bicycle": 0, "density": 5.5, "year_range": "unknown"}}, {"type": "Feature", "geometry": {"type": "Point", "coordinates": [-91.142342, 30.479279]}, "properties": {"crashes": 8, "injury": 3, "fatal": 0, "pedestrian": 0, "bicycle": 0, "density": 2.0, "year_range": "unknown"}}, {"type": "Feature", "geometry": {"type": "Point", "coordinates": [-91.156757, 30.477477]}, "properties": {"crashes": 40, "injury": 22, "fatal": 1, "pedestrian": 2, "bicycle": 0, "density": 10.0, "year_range": "unknown"}}, {"type": "Feature", "geometry": {"type": "Point", "coordinates": [-91.153153, 30.479279]}, "properties": {"crashes": 36, "injury": 22, "fatal": 0, "pedestrian": 1, "bicycle": 0, "density": 9.0, "year_range": "unknown"}}, {"type": "Feature", "geometry": {"type": "Point", "coordinates": [-91.153153, 30.477477]}, "properties": {"crashes": 7, "injury": 6, "fatal": 0, "pedestrian": 0, "bicycle": 0, "density": 1.8, "year_range": "unknown"}}, {"type": "Feature", "geometry": {"type": "Point", "coordinates": [-91.151351, 30.479279]}, "properties": {"crashes": 6, "injury": 4, "fatal": 0, "pedestrian": 0, "bicycle": 0, "density": 1.5, "year_range": "unknown"}}, {"type": "Feature", "geometry": {"type": "Point", "coordinates": [-91.151351, 30.477477]}, "properties": {"crashes": 1, "injury": 0, "fatal": 0, "pedestrian": 0, "bicycle": 0, "density": 0.2, "year_range": "unknown"}}, {"type": "Feature", "geometry": {"type": "Point", "coordinates": [-91.14955, 30.479279]}, "properties": {"crashes": 4, "injury": 1, "fatal": 0, "pedestrian": 0, "bicycle": 0, "density": 1.0, "year_range": "unknown"}}, {"type": "Feature", "geometry": {"type": "Point", "coordinates": [-91.147748, 30.477477]}, "properties": {"crashes": 1, "injury": 1, "fatal": 0, "pedestrian": 0, "bicycle": 0, "density": 0.2, "year_range": "unknown"}}, {"type": "Feature", "geometry": {"type": "Point", "coordinates": [-91.147748, 30.479279]}, "properties": {"crashes": 6, "injury": 6, "fatal": 0, "pedestrian": 0, "bicycle": 0, "density": 1.5, "year_range": "unknown"}}, {"type": "Feature", "geometry": {"type": "Point", "coordinates": [-91.154955, 30.475676]}, "properties": {"crashes": 21, "injury": 19, "fatal": 0, "pedestrian": 0, "bicycle": 0, "density": 5.2, "year_range": "unknown"}}, {"type": "Feature", "geometry": {"type": "Point", "coordinates": [-91.154955, 30.477477]}, "properties": {"crashes": 1, "injury": 1, "fatal": 0, "pedestrian": 0, "bicycle": 0, "density": 0.2, "year_range": "unknown"}}, {"type": "Feature", "geometry": {"type": "Point", "coordinates": [-91.156757, 30.473874]}, "properties": {"crashes": 41, "injury": 24, "fatal": 1, "pedestrian": 0, "bicycle": 0, "density": 10.2, "year_range": "unknown"}}, {"type": "Feature", "geometry": {"type": "Point", "coordinates": [-91.156757, 30.475676]}, "properties": {"crashes": 26, "injury": 17, "fatal": 0, "pedestrian": 2, "bicycle": 0, "density": 6.5, "year_range": "unknown"}}, {"type": "Feature", "geometry": {"type": "Point", "coordinates": [-91.154955, 30.473874]}, "properties": {"crashes": 2, "injury": 2, "fatal": 0, "pedestrian": 0, "bicycle": 0, "density": 0.5, "year_range": "unknown"}}, {"type": "Feature", "geometry": {"type": "Point", "coordinates": [-91.154955, 30.472072]}, "properties": {"crashes": 14, "injury": 11, "fatal": 0, "pedestrian": 0, "bicycle": 0, "density": 3.5, "year_range": "unknown"}}, {"type": "Feature", "geometry": {"type": "Point", "coordinates": [-91.153153, 30.472072]}, "properties": {"crashes": 3, "injury": 2, "fatal": 0, "pedestrian": 0, "bicycle": 0, "density": 0.8, "year_range": "unknown"}}, {"type": "Feature", "geometry": {"type": "Point", "coordinates": [-91.153153, 30.47027]}, "properties": {"crashes": 51, "injury": 35, "fatal": 0, "pedestrian": 0, "bicycle": 0, "density": 12.8, "year_range": "unknown"}}, {"type": "Feature", "geometry": {"type": "Point", "coordinates": [-91.153153, 30.475676]}, "properties": {"crashes": 5, "injury": 2, "fatal": 0, "pedestrian": 1, "bicycle": 0, "density": 1.2, "year_range": "unknown"}}, {"type": "Feature", "geometry": {"type": "Point", "coordinates": [-91.153153, 30.473874]}, "properties": {"crashes": 6, "injury": 3, "fatal": 0, "pedestrian": 0, "bicycle": 0, "density": 1.5, "year_range": "unknown"}}, {"type": "Feature", "geometry": {"type": "Point", "coordinates": [-91.151351, 30.47027]}, "properties": {"crashes": 13, "injury": 9, "fatal": 0, "pedestrian": 0, "bicycle": 0, "density": 3.2, "year_range": "unknown"}}, {"type": "Feature", "geometry": {"type": "Point", "coordinates": [-91.151351, 30.472072]}, "properties": {"crashes": 1, "injury": 1, "fatal": 0, "pedestrian": 0, "bicycle": 0, "density": 0.2, "year_range": "unknown"}}, {"type": "Feature", "geometry": {"type": "Point", "coordinates": [-91.151351, 30.473874]}, "properties": {"crashes": 1, "injury": 1, "fatal": 0, "pedestrian": 0, "bicycle": 0, "density": 0.2, "year_range": "unknown"}}, {"type": "Feature", "geometry": {"type": "Point", "coordinates": [-91.14955, 30.47027]}, "properties": {"crashes": 5, "injury": 4, "fatal": 0, "pedestrian": 0, "bicycle": 0, "density": 1.2, "year_range": "unknown"}}, {"type": "Feature", "geometry": {"type": "Point", "coordinates": [-91.14955, 30.475676]}, "properties": {"crashes": 2, "injury": 2, "fatal": 0, "pedestrian": 0, "bicycle": 0, "density": 0.5, "year_range": "unknown"}}, {"type": "Feature", "geometry": {"type": "Point", "coordinates": [-91.147748, 30.475676]}, "properties": {"crashes": 1, "injury": 0, "fatal": 0, "pedestrian": 0, "bicycle": 0, "density": 0.2, "year_range": "unknown"}}, {"type": "Feature", "geometry": {"type": "Point", "coordinates": [-91.147748, 30.47027]}, "properties": {"crashes": 11, "injury": 10, "fatal": 0, "pedestrian": 0, "bicycle": 0, "density": 2.8, "year_range": "unknown"}}, {"type": "Feature", "geometry": {"type": "Point", "coordinates": [-91.154955, 30.47027]}, "properties": {"crashes": 61, "injury": 37, "fatal": 0, "pedestrian": 0, "bicycle": 0, "density": 15.2, "year_range": "unknown"}}, {"type": "Feature", "geometry": {"type": "Point", "coordinates": [-91.102703, 30.407207]}, "properties": {"crashes": 194, "injury": 151, "fatal": 0, "pedestrian": 1, "bicycle": 0, "density": 48.5, "year_range": "unknown"}}, {"type": "Feature", "geometry": {"type": "Point", "coordinates": [-91.102703, 30.405405]}, "properties": {"crashes": 110, "injury": 100, "fatal": 0, "pedestrian": 1, "bicycle": 0, "density": 27.5, "year_range": "unknown"}}, {"type": "Feature", "geometry": {"type": "Point", "coordinates": [-91.104505, 30.403604]}, "properties": {"crashes": 86, "injury": 78, "fatal": 0, "pedestrian": 0, "bicycle": 0, "density": 21.5, "year_range": "unknown"}}, {"type": "Feature", "geometry": {"type": "Point", "coordinates": [-91.102703, 30.403604]}, "properties": {"crashes": 5, "injury": 5, "fatal": 0, "pedestrian": 0, "bicycle": 0, "density": 1.2, "year_range": "unknown"}}, {"type": "Feature", "geometry": {"type": "Point", "coordinates": [-91.104505, 30.405405]}, "properties": {"crashes": 9, "injury": 8, "fatal": 0, "pedestrian": 0, "bicycle": 0, "density": 2.2, "year_range": "unknown"}}, {"type": "Feature", "geometry": {"type": "Point", "coordinates": [-91.106306, 30.4]}, "properties": {"crashes": 81, "injury": 67, "fatal": 0, "pedestrian": 1, "bicycle": 0, "density": 20.2, "year_range": "unknown"}}, {"type": "Feature", "geometry": {"type": "Point", "coordinates": [-91.106306, 30.401802]}, "properties": {"crashes": 172, "injury": 148, "fatal": 0, "pedestrian": 5, "bicycle": 0, "density": 43.0, "year_range": "unknown"}}, {"type": "Feature", "geometry": {"type": "Point", "coordinates": [-91.104505, 30.401802]}, "properties": {"crashes": 48, "injury": 43, "fatal": 0, "pedestrian": 0, "bicycle": 0, "density": 12.0, "year_range": "unknown"}}, {"type": "Feature", "geometry": {"type": "Point", "coordinates": [-91.117117, 30.4]}, "properties": {"crashes": 46, "injury": 38, "fatal": 0, "pedestrian": 0, "bicycle": 0, "density": 11.5, "year_range": "unknown"}}, {"type": "Feature", "geometry": {"type": "Point", "coordinates": [-91.118919, 30.396396]}, "properties": {"crashes": 2, "injury": 2, "fatal": 0, "pedestrian": 0, "bicycle": 0, "density": 0.5, "year_range": "unknown"}}, {"type": "Feature", "geometry": {"type": "Point", "coordinates": [-91.118919, 30.398198]}, "properties": {"crashes": 1, "injury": 1, "fatal": 0, "pedestrian": 0, "bicycle": 0, "density": 0.2, "year_range": "unknown"}}, {"type": "Feature", "geometry": {"type": "Point", "coordinates": [-91.108108, 30.398198]}, "properties": {"crashes": 132, "injury": 108, "fatal": 0, "pedestrian": 2, "bicycle": 0, "density": 33.0, "year_range": "unknown"}}, {"type": "Feature", "geometry": {"type": "Point", "coordinates": [-91.122523, 30.394595]}, "properties": {"crashes": 1, "injury": 1, "fatal": 0, "pedestrian": 0, "bicycle": 0, "density": 0.2, "year_range": "unknown"}}, {"type": "Feature", "geometry": {"type": "Point", "coordinates": [-91.120721, 30.392793]}, "properties": {"crashes": 1, "injury": 1, "fatal": 0, "pedestrian": 0, "bicycle": 0, "density": 0.2, "year_range": "unknown"}}, {"type": "Feature", "geometry": {"type": "Point", "coordinates": [-91.111712, 30.390991]}, "properties": {"crashes": 31, "injury": 18, "fatal": 0, "pedestrian": 4, "bicycle": 0, "density": 7.8, "year_range": "unknown"}}, {"type": "Feature", "geometry": {"type": "Point", "coordinates": [-91.111712, 30.387387]}, "properties": {"crashes": 12, "injury": 11, "fatal": 0, "pedestrian": 0, "bicycle": 0, "density": 3.0, "year_range": "unknown"}}, {"type": "Feature", "geometry": {"type": "Point", "coordinates": [-91.127928, 30.387387]}, "properties": {"crashes": 2, "injury": 2, "fatal": 0, "pedestrian": 0, "bicycle": 0, "density": 0.5, "year_range": "unknown"}}, {"type": "Feature", "geometry": {"type": "Point", "coordinates": [-91.126126, 30.387387]}, "properties": {"crashes": 4, "injury": 4, "fatal": 0, "pedestrian": 0, "bicycle": 0, "density": 1.0, "year_range": "unknown"}}, {"type": "Feature", "geometry": {"type": "Point", "coordinates": [-91.126126, 30.389189]}, "properties": {"crashes": 1, "injury": 0, "fatal": 0, "pedestrian": 1, "bicycle": 0, "density": 0.2, "year_range": "unknown"}}, {"type": "Feature", "geometry": {"type": "Point", "coordinates": [-91.120721, 30.385586]}, "properties": {"crashes": 2, "injury": 2, "fatal": 0, "pedestrian": 0, "bicycle": 0, "density": 0.5, "year_range": "unknown"}}, {"type": "Feature", "geometry": {"type": "Point", "coordinates": [-91.117117, 30.383784]}, "properties": {"crashes": 3, "injury": 0, "fatal": 0, "pedestrian": 3, "bicycle": 0, "density": 0.8, "year_range": "unknown"}}, {"type": "Feature", "geometry": {"type": "Point", "coordinates": [-91.113514, 30.389189]}, "properties": {"crashes": 3, "injury": 3, "fatal": 0, "pedestrian": 0, "bicycle": 0, "density": 0.8, "year_range": "unknown"}}, {"type": "Feature", "geometry": {"type": "Point", "coordinates": [-91.113514, 30.390991]}, "properties": {"crashes": 5, "injury": 5, "fatal": 0, "pedestrian": 0, "bicycle": 0, "density": 1.2, "year_range": "unknown"}}, {"type": "Feature", "geometry": {"type": "Point", "coordinates": [-91.111712, 30.389189]}, "properties": {"crashes": 6, "injury": 4, "fatal": 0, "pedestrian": 0, "bicycle": 0, "density": 1.5, "year_range": "unknown"}}, {"type": "Feature", "geometry": {"type": "Point", "coordinates": [-91.124324, 30.392793]}, "properties": {"crashes": 1, "injury": 1, "fatal": 0, "pedestrian": 0, "bicycle": 0, "density": 0.2, "year_range": "unknown"}}, {"type": "Feature", "geometry": {"type": "Point", "coordinates": [-91.115315, 30.390991]}, "properties": {"crashes": 1, "injury": 1, "fatal": 0, "pedestrian": 0, "bicycle": 0, "density": 0.2, "year_range": "unknown"}}, {"type": "Feature", "geometry": {"type": "Point", "coordinates": [-91.115315, 30.392793]}, "properties": {"crashes": 5, "injury": 5, "fatal": 0, "pedestrian": 0, "bicycle": 0, "density": 1.2, "year_range": "unknown"}}, {"type": "Feature", "geometry": {"type": "Point", "coordinates": [-91.113514, 30.392793]}, "properties": {"crashes": 4, "injury": 4, "fatal": 0, "pedestrian": 0, "bicycle": 0, "density": 1.0, "year_range": "unknown"}}, {"type": "Feature", "geometry": {"type": "Point", "coordinates": [-91.111712, 30.392793]}, "properties": {"crashes": 25, "injury": 23, "fatal": 0, "pedestrian": 0, "bicycle": 0, "density": 6.2, "year_range": "unknown"}}, {"type": "Feature", "geometry": {"type": "Point", "coordinates": [-91.136937, 30.38018]}, "properties": {"crashes": 2, "injury": 2, "fatal": 0, "pedestrian": 0, "bicycle": 0, "density": 0.5, "year_range": "unknown"}}, {"type": "Feature", "geometry": {"type": "Point", "coordinates": [-91.135135, 30.38018]}, "properties": {"crashes": 1, "injury": 1, "fatal": 0, "pedestrian": 0, "bicycle": 0, "density": 0.2, "year_range": "unknown"}}, {"type": "Feature", "geometry": {"type": "Point", "coordinates": [-91.135135, 30.383784]}, "properties": {"crashes": 8, "injury": 6, "fatal": 0, "pedestrian": 0, "bicycle": 0, "density": 2.0, "year_range": "unknown"}}, {"type": "Feature", "geometry": {"type": "Point", "coordinates": [-91.133333, 30.381982]}, "properties": {"crashes": 4, "injury": 4, "fatal": 0, "pedestrian": 0, "bicycle": 0, "density": 1.0, "year_range": "unknown"}}, {"type": "Feature", "geometry": {"type": "Point", "coordinates": [-91.133333, 30.383784]}, "properties": {"crashes": 1, "injury": 1, "fatal": 0, "pedestrian": 0, "bicycle": 0, "density": 0.2, "year_range": "unknown"}}, {"type": "Feature", "geometry": {"type": "Point", "coordinates": [-91.127928, 30.383784]}, "properties": {"crashes": 1, "injury": 0, "fatal": 0, "pedestrian": 0, "bicycle": 0, "density": 0.2, "year_range": "unknown"}}, {"type": "Feature", "geometry": {"type": "Point", "coordinates": [-91.115315, 30.4]}, "properties": {"crashes": 4, "injury": 3, "fatal": 0, "pedestrian": 0, "bicycle": 0, "density": 1.0, "year_range": "unknown"}}, {"type": "Feature", "geometry": {"type": "Point", "coordinates": [-91.113514, 30.4]}, "properties": {"crashes": 1, "injury": 1, "fatal": 0, "pedestrian": 0, "bicycle": 0, "density": 0.2, "year_range": "unknown"}}, {"type": "Feature", "geometry": {"type": "Point", "coordinates": [-91.106306, 30.398198]}, "properties": {"crashes": 17, "injury": 13, "fatal": 0, "pedestrian": 0, "bicycle": 0, "density": 4.2, "year_range": "unknown"}}, {"type": "Feature", "geometry": {"type": "Point", "coordinates": [-91.115315, 30.398198]}, "properties": {"crashes": 48, "injury": 36, "fatal": 0, "pedestrian": 1, "bicycle": 0, "density": 12.0, "year_range": "unknown"}}, {"type": "Feature", "geometry": {"type": "Point", "coordinates": [-91.113514, 30.398198]}, "properties": {"crashes": 70, "injury": 58, "fatal": 0, "pedestrian": 1, "bicycle": 0, "density": 17.5, "year_range": "unknown"}}, {"type": "Feature", "geometry": {"type": "Point", "coordinates": [-91.111712, 30.4]}, "properties": {"crashes": 2, "injury": 2, "fatal": 0, "pedestrian": 0, "bicycle": 0, "density": 0.5, "year_range": "unknown"}}, {"type": "Feature", "geometry": {"type": "Point", "coordinates": [-91.111712, 30.398198]}, "properties": {"crashes": 5, "injury": 3, "fatal": 0, "pedestrian": 1, "bicycle": 0, "density": 1.2, "year_range": "unknown"}}, {"type": "Feature", "geometry": {"type": "Point", "coordinates": [-91.122523, 30.383784]}, "properties": {"crashes": 1, "injury": 1, "fatal": 0, "pedestrian": 0, "bicycle": 0, "density": 0.2, "year_range": "unknown"}}, {"type": "Feature", "geometry": {"type": "Point", "coordinates": [-91.120721, 30.394595]}, "properties": {"crashes": 2, "injury": 1, "fatal": 0, "pedestrian": 0, "bicycle": 0, "density": 0.5, "year_range": "unknown"}}, {"type": "Feature", "geometry": {"type": "Point", "coordinates": [-91.122523, 30.378378]}, "properties": {"crashes": 5, "injury": 3, "fatal": 0, "pedestrian": 1, "bicycle": 0, "density": 1.2, "year_range": "unknown"}}, {"type": "Feature", "geometry": {"type": "Point", "coordinates": [-91.127928, 30.38018]}, "properties": {"crashes": 2, "injury": 2, "fatal": 0, "pedestrian": 0, "bicycle": 0, "density": 0.5, "year_range": "unknown"}}, {"type": "Feature", "geometry": {"type": "Point", "coordinates": [-91.122523, 30.381982]}, "properties": {"crashes": 1, "injury": 1, "fatal": 0, "pedestrian": 0, "bicycle": 0, "density": 0.2, "year_range": "unknown"}}, {"type": "Feature", "geometry": {"type": "Point", "coordinates": [-91.122523, 30.385586]}, "properties": {"crashes": 1, "injury": 1, "fatal": 0, "pedestrian": 0, "bicycle": 0, "density": 0.2, "year_range": "unknown"}}, {"type": "Feature", "geometry": {"type": "Point", "coordinates": [-91.113514, 30.396396]}, "properties": {"crashes": 7, "injury": 6, "fatal": 0, "pedestrian": 0, "bicycle": 0, "density": 1.8, "year_range": "unknown"}}, {"type": "Feature", "geometry": {"type": "Point", "coordinates": [-91.111712, 30.396396]}, "properties": {"crashes": 51, "injury": 41, "fatal": 0, "pedestrian": 0, "bicycle": 0, "density": 12.8, "year_range": "unknown"}}, {"type": "Feature", "geometry": {"type": "Point", "coordinates": [-91.10991, 30.396396]}, "properties": {"crashes": 82, "injury": 71, "fatal": 0, "pedestrian": 2, "bicycle": 0, "density": 20.5, "year_range": "unknown"}}, {"type": "Feature", "geometry": {"type": "Point", "coordinates": [-91.115315, 30.396396]}, "properties": {"crashes": 1, "injury": 1, "fatal": 0, "pedestrian": 0, "bicycle": 0, "density": 0.2, "year_range": "unknown"}}, {"type": "Feature", "geometry": {"type": "Point", "coordinates": [-91.10991, 30.394595]}, "properties": {"crashes": 262, "injury": 227, "fatal": 1, "pedestrian": 4, "bicycle": 0, "density": 65.5, "year_range": "unknown"}}, {"type": "Feature", "geometry": {"type": "Point", "coordinates": [-91.10991, 30.398198]}, "properties": {"crashes": 6, "injury": 5, "fatal": 0, "pedestrian": 0, "bicycle": 0, "density": 1.5, "year_range": "unknown"}}, {"type": "Feature", "geometry": {"type": "Point", "coordinates": [-91.111712, 30.394595]}, "properties": {"crashes": 2, "injury": 2, "fatal": 0, "pedestrian": 0, "bicycle": 0, "density": 0.5, "year_range": "unknown"}}, {"type": "Feature", "geometry": {"type": "Point", "coordinates": [-91.118919, 30.376577]}, "properties": {"crashes": 15, "injury": 10, "fatal": 0, "pedestrian": 0, "bicycle": 0, "density": 3.8, "year_range": "unknown"}}, {"type": "Feature", "geometry": {"type": "Point", "coordinates": [-91.135135, 30.374775]}, "properties": {"crashes": 1, "injury": 1, "fatal": 0, "pedestrian": 0, "bicycle": 0, "density": 0.2, "year_range": "unknown"}}, {"type": "Feature", "geometry": {"type": "Point", "coordinates": [-91.126126, 30.374775]}, "properties": {"crashes": 1, "injury": 1, "fatal": 0, "pedestrian": 0, "bicycle": 0, "density": 0.2, "year_range": "unknown"}}, {"type": "Feature", "geometry": {"type": "Point", "coordinates": [-91.136937, 30.376577]}, "properties": {"crashes": 4, "injury": 4, "fatal": 0, "pedestrian": 0, "bicycle": 0, "density": 1.0, "year_range": "unknown"}}, {"type": "Feature", "geometry": {"type": "Point", "coordinates": [-91.136937, 30.378378]}, "properties": {"crashes": 3, "injury": 1, "fatal": 0, "pedestrian": 0, "bicycle": 0, "density": 0.8, "year_range": "unknown"}}, {"type": "Feature", "geometry": {"type": "Point", "coordinates": [-91.12973, 30.378378]}, "properties": {"crashes": 2, "injury": 2, "fatal": 0, "pedestrian": 0, "bicycle": 0, "density": 0.5, "year_range": "unknown"}}, {"type": "Feature", "geometry": {"type": "Point", "coordinates": [-91.113514, 30.394595]}, "properties": {"crashes": 5, "injury": 4, "fatal": 0, "pedestrian": 0, "bicycle": 0, "density": 1.2, "year_range": "unknown"}}, {"type": "Feature", "geometry": {"type": "Point", "coordinates": [-91.117117, 30.398198]}, "properties": {"crashes": 1, "injury": 1, "fatal": 0, "pedestrian": 0, "bicycle": 0, "density": 0.2, "year_range": "unknown"}}, {"type": "Feature", "geometry": {"type": "Point", "coordinates": [-91.127928, 30.371171]}, "properties": {"crashes": 1, "injury": 1, "fatal": 0, "pedestrian": 0, "bicycle": 0, "density": 0.2, "year_range": "unknown"}}, {"type": "Feature", "geometry": {"type": "Point", "coordinates": [-91.127928, 30.372973]}, "properties": {"crashes": 2, "injury": 1, "fatal": 0, "pedestrian": 0, "bicycle": 0, "density": 0.5, "year_range": "unknown"}}, {"type": "Feature", "geometry": {"type": "Point", "coordinates": [-91.12973, 30.372973]}, "properties": {"crashes": 4, "injury": 2, "fatal": 0, "pedestrian": 0, "bicycle": 0, "density": 1.0, "year_range": "unknown"}}, {"type": "Feature", "geometry": {"type": "Point", "coordinates": [-91.131532, 30.372973]}, "properties": {"crashes": 3, "injury": 2, "fatal": 0, "pedestrian": 0, "bicycle": 0, "density": 0.8, "year_range": "unknown"}}, {"type": "Feature", "geometry": {"type": "Point", "coordinates": [-91.122523, 30.372973]}, "properties": {"crashes": 1, "injury": 1, "fatal": 0, "pedestrian": 0, "bicycle": 0, "density": 0.2, "year_range": "unknown"}}, {"type": "Feature", "geometry": {"type": "Point", "coordinates": [-91.133333, 30.372973]}, "properties": {"crashes": 3, "injury": 2, "fatal": 0, "pedestrian": 0, "bicycle": 0, "density": 0.8, "year_range": "unknown"}}, {"type": "Feature", "geometry": {"type": "Point", "coordinates": [-91.133333, 30.374775]}, "properties": {"crashes": 6, "injury": 4, "fatal": 0, "pedestrian": 0, "bicycle": 0, "density": 1.5, "year_range": "unknown"}}, {"type": "Feature", "geometry": {"type": "Point", "coordinates": [-91.124324, 30.374775]}, "properties": {"crashes": 1, "injury": 1, "fatal": 0, "pedestrian": 0, "bicycle": 0, "density": 0.2, "year_range": "unknown"}}, {"type": "Feature", "geometry": {"type": "Point", "coordinates": [-91.122523, 30.369369]}, "properties": {"crashes": 140, "injury": 111, "fatal": 0, "pedestrian": 1, "bicycle": 0, "density": 35.0, "year_range": "unknown"}}, {"type": "Feature", "geometry": {"type": "Point", "coordinates": [-91.126126, 30.371171]}, "properties": {"crashes": 4, "injury": 3, "fatal": 0, "pedestrian": 0, "bicycle": 0, "density": 1.0, "year_range": "unknown"}}, {"type": "Feature", "geometry": {"type": "Point", "coordinates": [-91.124324, 30.371171]}, "properties": {"crashes": 2, "injury": 1, "fatal": 0, "pedestrian": 0, "bicycle": 0, "density": 0.5, "year_range": "unknown"}}, {"type": "Feature", "geometry": {"type": "Point", "coordinates": [-91.124324, 30.369369]}, "properties": {"crashes": 9, "injury": 8, "fatal": 0, "pedestrian": 0, "bicycle": 0, "density": 2.2, "year_range": "unknown"}}, {"type": "Feature", "geometry": {"type": "Point", "coordinates": [-91.122523, 30.371171]}, "properties": {"crashes": 5, "injury": 3, "fatal": 0, "pedestrian": 0, "bicycle": 0, "density": 1.2, "year_range": "unknown"}}, {"type": "Feature", "geometry": {"type": "Point", "coordinates": [-91.120721, 30.372973]}, "properties": {"crashes": 10, "injury": 7, "fatal": 0, "pedestrian": 0, "bicycle": 0, "density": 2.5, "year_range": "unknown"}}, {"type": "Feature", "geometry": {"type": "Point", "coordinates": [-91.120721, 30.396396]}, "properties": {"crashes": 1, "injury": 1, "fatal": 0, "pedestrian": 0, "bicycle": 0, "density": 0.2, "year_range": "unknown"}}, {"type": "Feature", "geometry": {"type": "Point", "coordinates": [-91.138739, 30.378378]}, "properties": {"crashes": 54, "injury": 44, "fatal": 0, "pedestrian": 2, "bicycle": 0, "density": 13.5, "year_range": "unknown"}}, {"type": "Feature", "geometry": {"type": "Point", "coordinates": [-91.108108, 30.403604]}, "properties": {"crashes": 27, "injury": 19, "fatal": 0, "pedestrian": 1, "bicycle": 0, "density": 6.8, "year_range": "unknown"}}, {"type": "Feature", "geometry": {"type": "Point", "coordinates": [-91.106306, 30.403604]}, "properties": {"crashes": 5, "injury": 5, "fatal": 0, "pedestrian": 0, "bicycle": 0, "density": 1.2, "year_range": "unknown"}}, {"type": "Feature", "geometry": {"type": "Point", "coordinates": [-91.108108, 30.401802]}, "properties": {"crashes": 25, "injury": 25, "fatal": 0, "pedestrian": 0, "bicycle": 0, "density": 6.2, "year_range": "unknown"}}, {"type": "Feature", "geometry": {"type": "Point", "coordinates": [-91.113514, 30.401802]}, "properties": {"crashes": 7, "injury": 3, "fatal": 0, "pedestrian": 0, "bicycle": 0, "density": 1.8, "year_range": "unknown"}}, {"type": "Feature", "geometry": {"type": "Point", "coordinates": [-91.113514, 30.403604]}, "properties": {"crashes": 2, "injury": 2, "fatal": 0, "pedestrian": 0, "bicycle": 0, "density": 0.5, "year_range": "unknown"}}, {"type": "Feature", "geometry": {"type": "Point", "coordinates": [-91.111712, 30.403604]}, "properties": {"crashes": 7, "injury": 5, "fatal": 0, "pedestrian": 0, "bicycle": 0, "density": 1.8, "year_range": "unknown"}}, {"type": "Feature", "geometry": {"type": "Point", "coordinates": [-91.111712, 30.401802]}, "properties": {"crashes": 5, "injury": 5, "fatal": 0, "pedestrian": 0, "bicycle": 0, "density": 1.2, "year_range": "unknown"}}, {"type": "Feature", "geometry": {"type": "Point", "coordinates": [-91.111712, 30.405405]}, "properties": {"crashes": 5, "injury": 5, "fatal": 0, "pedestrian": 0, "bicycle": 0, "density": 1.2, "year_range": "unknown"}}, {"type": "Feature", "geometry": {"type": "Point", "coordinates": [-91.10991, 30.403604]}, "properties": {"crashes": 21, "injury": 19, "fatal": 0, "pedestrian": 1, "bicycle": 0, "density": 5.2, "year_range": "unknown"}}, {"type": "Feature", "geometry": {"type": "Point", "coordinates": [-91.10991, 30.4]}, "properties": {"crashes": 6, "injury": 5, "fatal": 0, "pedestrian": 0, "bicycle": 0, "density": 1.5, "year_range": "unknown"}}, {"type": "Feature", "geometry": {"type": "Point", "coordinates": [-91.10991, 30.401802]}, "properties": {"crashes": 2, "injury": 2, "fatal": 0, "pedestrian": 0, "bicycle": 0, "density": 0.5, "year_range": "unknown"}}, {"type": "Feature", "geometry": {"type": "Point", "coordinates": [-91.10991, 30.405405]}, "properties": {"crashes": 2, "injury": 2, "fatal": 0, "pedestrian": 0, "bicycle": 0, "density": 0.5, "year_range": "unknown"}}, {"type": "Feature", "geometry": {"type": "Point", "coordinates": [-91.108108, 30.405405]}, "properties": {"crashes": 3, "injury": 3, "fatal": 0, "pedestrian": 0, "bicycle": 0, "density": 0.8, "year_range": "unknown"}}, {"type": "Feature", "geometry": {"type": "Point", "coordinates": [-91.108108, 30.4]}, "properties": {"crashes": 8, "injury": 7, "fatal": 0, "pedestrian": 1, "bicycle": 0, "density": 2.0, "year_range": "unknown"}}, {"type": "Feature", "geometry": {"type": "Point", "coordinates": [-91.145946, 30.522523]}, "properties": {"crashes": 143, "injury": 109, "fatal": 0, "pedestrian": 1, "bicycle": 0, "density": 35.8, "year_range": "unknown"}}, {"type": "Feature", "geometry": {"type": "Point", "coordinates": [-91.145946, 30.520721]}, "properties": {"crashes": 74, "injury": 61, "fatal": 0, "pedestrian": 0, "bicycle": 0, "density": 18.5, "year_range": "unknown"}}, {"type": "Feature", "geometry": {"type": "Point", "coordinates": [-91.156757, 30.520721]}, "properties": {"crashes": 40, "injury": 33, "fatal": 0, "pedestrian": 0, "bicycle": 0, "density": 10.0, "year_range": "unknown"}}, {"type": "Feature", "geometry": {"type": "Point", "coordinates": [-91.154955, 30.520721]}, "properties": {"crashes": 19, "injury": 16, "fatal": 0, "pedestrian": 0, "bicycle": 0, "density": 4.8, "year_range": "unknown"}}, {"type": "Feature", "geometry": {"type": "Point", "coordinates": [-91.151351, 30.520721]}, "properties": {"crashes": 14, "injury": 12, "fatal": 0, "pedestrian": 0, "bicycle": 0, "density": 3.5, "year_range": "unknown"}}, {"type": "Feature", "geometry": {"type": "Point", "coordinates": [-91.153153, 30.520721]}, "properties": {"crashes": 43, "injury": 31, "fatal": 0, "pedestrian": 1, "bicycle": 0, "density": 10.8, "year_range": "unknown"}}, {"type": "Feature", "geometry": {"type": "Point", "coordinates": [-91.14955, 30.520721]}, "properties": {"crashes": 8, "injury": 6, "fatal": 0, "pedestrian": 1, "bicycle": 0, "density": 2.0, "year_range": "unknown"}}, {"type": "Feature", "geometry": {"type": "Point", "coordinates": [-91.147748, 30.520721]}, "properties": {"crashes": 9, "injury": 7, "fatal": 0, "pedestrian": 0, "bicycle": 0, "density": 2.2, "year_range": "unknown"}}, {"type": "Feature", "geometry": {"type": "Point", "coordinates": [-91.16036, 30.520721]}, "properties": {"crashes": 141, "injury": 105, "fatal": 0, "pedestrian": 0, "bicycle": 0, "density": 35.2, "year_range": "unknown"}}, {"type": "Feature", "geometry": {"type": "Point", "coordinates": [-91.158559, 30.520721]}, "properties": {"crashes": 33, "injury": 24, "fatal": 0, "pedestrian": 0, "bicycle": 0, "density": 8.2, "year_range": "unknown"}}, {"type": "Feature", "geometry": {"type": "Point", "coordinates": [-91.153153, 30.518919]}, "properties": {"crashes": 1, "injury": 1, "fatal": 0, "pedestrian": 0, "bicycle": 0, "density": 0.2, "year_range": "unknown"}}, {"type": "Feature", "geometry": {"type": "Point", "coordinates": [-91.158559, 30.518919]}, "properties": {"crashes": 10, "injury": 8, "fatal": 0, "pedestrian": 0, "bicycle": 0, "density": 2.5, "year_range": "unknown"}}, {"type": "Feature", "geometry": {"type": "Point", "coordinates": [-91.16036, 30.518919]}, "properties": {"crashes": 37, "injury": 22, "fatal": 0, "pedestrian": 1, "bicycle": 0, "density": 9.2, "year_range": "unknown"}}, {"type": "Feature", "geometry": {"type": "Point", "coordinates": [-91.145946, 30.518919]}, "properties": {"crashes": 32, "injury": 23, "fatal": 1, "pedestrian": 1, "bicycle": 0, "density": 8.0, "year_range": "unknown"}}, {"type": "Feature", "geometry": {"type": "Point", "coordinates": [-91.158559, 30.517117]}, "properties": {"crashes": 7, "injury": 6, "fatal": 0, "pedestrian": 0, "bicycle": 0, "density": 1.8, "year_range": "unknown"}}, {"type": "Feature", "geometry": {"type": "Point", "coordinates": [-91.154955, 30.518919]}, "properties": {"crashes": 7, "injury": 5, "fatal": 0, "pedestrian": 0, "bicycle": 0, "density": 1.8, "year_range": "unknown"}}, {"type": "Feature", "geometry": {"type": "Point", "coordinates": [-91.156757, 30.518919]}, "properties": {"crashes": 4, "injury": 1, "fatal": 0, "pedestrian": 0, "bicycle": 0, "density": 1.0, "year_range": "unknown"}}, {"type": "Feature", "geometry": {"type": "Point", "coordinates": [-91.147748, 30.515315]}, "properties": {"crashes": 80, "injury": 42, "fatal": 0, "pedestrian": 0, "bicycle": 0, "density": 20.0, "year_range": "unknown"}}, {"type": "Feature", "geometry": {"type": "Point", "coordinates": [-91.147748, 30.517117]}, "properties": {"crashes": 12, "injury": 10, "fatal": 0, "pedestrian": 0, "bicycle": 0, "density": 3.0, "year_range": "unknown"}}, {"type": "Feature", "geometry": {"type": "Point", "coordinates": [-91.145946, 30.517117]}, "properties": {"crashes": 11, "injury": 10, "fatal": 0, "pedestrian": 0, "bicycle": 0, "density": 2.8, "year_range": "unknown"}}, {"type": "Feature", "geometry": {"type": "Point", "coordinates": [-91.14955, 30.515315]}, "properties": {"crashes": 6, "injury": 6, "fatal": 0, "pedestrian": 0, "bicycle": 0, "density": 1.5, "year_range": "unknown"}}, {"type": "Feature", "geometry": {"type": "Point", "coordinates": [-91.147748, 30.513514]}, "properties": {"crashes": 46, "injury": 32, "fatal": 1, "pedestrian": 1, "bicycle": 0, "density": 11.5, "year_range": "unknown"}}, {"type": "Feature", "geometry": {"type": "Point", "coordinates": [-91.158559, 30.513514]}, "properties": {"crashes": 29, "injury": 19, "fatal": 0, "pedestrian": 0, "bicycle": 0, "density": 7.2, "year_range": "unknown"}}, {"type": "Feature", "geometry": {"type": "Point", "coordinates": [-91.158559, 30.515315]}, "properties": {"crashes": 10, "injury": 3, "fatal": 0, "pedestrian": 0, "bicycle": 0, "density": 2.5, "year_range": "unknown"}}, {"type": "Feature", "geometry": {"type": "Point", "coordinates": [-91.156757, 30.515315]}, "properties": {"crashes": 1, "injury": 0, "fatal": 0, "pedestrian": 0, "bicycle": 0, "density": 0.2, "year_range": "unknown"}}, {"type": "Feature", "geometry": {"type": "Point", "coordinates": [-91.154955, 30.515315]}, "properties": {"crashes": 4, "injury": 3, "fatal": 0, "pedestrian": 0, "bicycle": 0, "density": 1.0, "year_range": "unknown"}}, {"type": "Feature", "geometry": {"type": "Point", "coordinates": [-91.153153, 30.515315]}, "properties": {"crashes": 3, "injury": 2, "fatal": 0, "pedestrian": 0, "bicycle": 0, "density": 0.8, "year_range": "unknown"}}, {"type": "Feature", "geometry": {"type": "Point", "coordinates": [-91.158559, 30.511712]}, "properties": {"crashes": 27, "injury": 20, "fatal": 0, "pedestrian": 0, "bicycle": 0, "density": 6.8, "year_range": "unknown"}}, {"type": "Feature", "geometry": {"type": "Point", "coordinates": [-91.14955, 30.511712]}, "properties": {"crashes": 15, "injury": 11, "fatal": 0, "pedestrian": 1, "bicycle": 0, "density": 3.8, "year_range": "unknown"}}, {"type": "Feature", "geometry": {"type": "Point", "coordinates": [-91.147748, 30.511712]}, "properties": {"crashes": 4, "injury": 4, "fatal": 0, "pedestrian": 0, "bicycle": 0, "density": 1.0, "year_range": "unknown"}}, {"type": "Feature", "geometry": {"type": "Point", "coordinates": [-91.14955, 30.50991]}, "properties": {"crashes": 21, "injury": 16, "fatal": 1, "pedestrian": 1, "bicycle": 0, "density": 5.2, "year_range": "unknown"}}, {"type": "Feature", "geometry": {"type": "Point", "coordinates": [-91.147748, 30.50991]}, "properties": {"crashes": 18, "injury": 16, "fatal": 0, "pedestrian": 1, "bicycle": 0, "density": 4.5, "year_range": "unknown"}}, {"type": "Feature", "geometry": {"type": "Point", "coordinates": [-91.158559, 30.50991]}, "properties": {"crashes": 11, "injury": 3, "fatal": 0, "pedestrian": 0, "bicycle": 0, "density": 2.8, "year_range": "unknown"}}, {"type": "Feature", "geometry": {"type": "Point", "coordinates": [-91.154955, 30.50991]}, "properties": {"crashes": 4, "injury": 0, "fatal": 0, "pedestrian": 0, "bicycle": 0, "density": 1.0, "year_range": "unknown"}}, {"type": "Feature", "geometry": {"type": "Point", "coordinates": [-91.154955, 30.511712]}, "properties": {"crashes": 1, "injury": 1, "fatal": 0, "pedestrian": 0, "bicycle": 0, "density": 0.2, "year_range": "unknown"}}, {"type": "Feature", "geometry": {"type": "Point", "coordinates": [-91.153153, 30.50991]}, "properties": {"crashes": 11, "injury": 8, "fatal": 0, "pedestrian": 0, "bicycle": 0, "density": 2.8, "year_range": "unknown"}}, {"type": "Feature", "geometry": {"type": "Point", "coordinates": [-91.151351, 30.515315]}, "properties": {"crashes": 2, "injury": 2, "fatal": 0, "pedestrian": 0, "bicycle": 0, "density": 0.5, "year_range": "unknown"}}, {"type": "Feature", "geometry": {"type": "Point", "coordinates": [-91.158559, 30.508108]}, "properties": {"crashes": 24, "injury": 16, "fatal": 0, "pedestrian": 2, "bicycle": 0, "density": 6.0, "year_range": "unknown"}}, {"type": "Feature", "geometry": {"type": "Point", "coordinates": [-91.151351, 30.50991]}, "properties": {"crashes": 25, "injury": 15, "fatal": 0, "pedestrian": 1, "bicycle": 0, "density": 6.2, "year_range": "unknown"}}, {"type": "Feature", "geometry": {"type": "Point", "coordinates": [-91.156757, 30.50991]}, "properties": {"crashes": 5, "injury": 3, "fatal": 0, "pedestrian": 1, "bicycle": 0, "density": 1.2, "year_range": "unknown"}}, {"type": "Feature", "geometry": {"type": "Point", "coordinates": [-91.162162, 30.520721]}, "properties": {"crashes": 56, "injury": 46, "fatal": 0, "pedestrian": 0, "bicycle": 0, "density": 14.0, "year_range": "unknown"}}, {"type": "Feature", "geometry": {"type": "Point", "coordinates": [-91.131532, 30.511712]}, "properties": {"crashes": 4, "injury": 2, "fatal": 0, "pedestrian": 0, "bicycle": 0, "density": 1.0, "year_range": "unknown"}}, {"type": "Feature", "geometry": {"type": "Point", "coordinates": [-91.136937, 30.511712]}, "properties": {"crashes": 2, "injury": 2, "fatal": 0, "pedestrian": 0, "bicycle": 0, "density": 0.5, "year_range": "unknown"}}, {"type": "Feature", "geometry": {"type": "Point", "coordinates": [-91.135135, 30.513514]}, "properties": {"crashes": 1, "injury": 1, "fatal": 0, "pedestrian": 0, "bicycle": 0, "density": 0.2, "year_range": "unknown"}}, {"type": "Feature", "geometry": {"type": "Point", "coordinates": [-91.131532, 30.513514]}, "properties": {"crashes": 1, "injury": 0, "fatal": 0, "pedestrian": 0, "bicycle": 0, "density": 0.2, "year_range": "unknown"}}, {"type": "Feature", "geometry": {"type": "Point", "coordinates": [-91.12973, 30.513514]}, "properties": {"crashes": 1, "injury": 0, "fatal": 0, "pedestrian": 0, "bicycle": 0, "density": 0.2, "year_range": "unknown"}}, {"type": "Feature", "geometry": {"type": "Point", "coordinates": [-91.133333, 30.515315]}, "properties": {"crashes": 1, "injury": 1, "fatal": 0, "pedestrian": 0, "bicycle": 0, "density": 0.2, "year_range": "unknown"}}, {"type": "Feature", "geometry": {"type": "Point", "coordinates": [-91.135135, 30.515315]}, "properties": {"crashes": 1, "injury": 1, "fatal": 0, "pedestrian": 0, "bicycle": 0, "density": 0.2, "year_range": "unknown"}}, {"type": "Feature", "geometry": {"type": "Point", "coordinates": [-91.12973, 30.517117]}, "properties": {"crashes": 3, "injury": 3, "fatal": 0, "pedestrian": 0, "bicycle": 0, "density": 0.8, "year_range": "unknown"}}, {"type": "Feature", "geometry": {"type": "Point", "coordinates": [-91.138739, 30.517117]}, "properties": {"crashes": 4, "injury": 3, "fatal": 0, "pedestrian": 0, "bicycle": 0, "density": 1.0, "year_range": "unknown"}}, {"type": "Feature", "geometry": {"type": "Point", "coordinates": [-91.135135, 30.517117]}, "properties": {"crashes": 1, "injury": 1, "fatal": 0, "pedestrian": 0, "bicycle": 0, "density": 0.2, "year_range": "unknown"}}, {"type": "Feature", "geometry": {"type": "Point", "coordinates": [-91.133333, 30.517117]}, "properties": {"crashes": 3, "injury": 1, "fatal": 0, "pedestrian": 0, "bicycle": 0, "density": 0.8, "year_range": "unknown"}}, {"type": "Feature", "geometry": {"type": "Point", "coordinates": [-91.131532, 30.517117]}, "properties": {"crashes": 3, "injury": 2, "fatal": 0, "pedestrian": 0, "bicycle": 0, "density": 0.8, "year_range": "unknown"}}, {"type": "Feature", "geometry": {"type": "Point", "coordinates": [-91.131532, 30.518919]}, "properties": {"crashes": 2, "injury": 1, "fatal": 0, "pedestrian": 0, "bicycle": 0, "density": 0.5, "year_range": "unknown"}}, {"type": "Feature", "geometry": {"type": "Point", "coordinates": [-91.138739, 30.518919]}, "properties": {"crashes": 2, "injury": 0, "fatal": 0, "pedestrian": 0, "bicycle": 0, "density": 0.5, "year_range": "unknown"}}, {"type": "Feature", "geometry": {"type": "Point", "coordinates": [-91.138739, 30.511712]}, "properties": {"crashes": 10, "injury": 10, "fatal": 0, "pedestrian": 0, "bicycle": 0, "density": 2.5, "year_range": "unknown"}}, {"type": "Feature", "geometry": {"type": "Point", "coordinates": [-91.12973, 30.511712]}, "properties": {"crashes": 3, "injury": 1, "fatal": 0, "pedestrian": 0, "bicycle": 0, "density": 0.8, "year_range": "unknown"}}, {"type": "Feature", "geometry": {"type": "Point", "coordinates": [-91.135135, 30.511712]}, "properties": {"crashes": 11, "injury": 10, "fatal": 0, "pedestrian": 0, "bicycle": 0, "density": 2.8, "year_range": "unknown"}}, {"type": "Feature", "geometry": {"type": "Point", "coordinates": [-91.133333, 30.511712]}, "properties": {"crashes": 2, "injury": 2, "fatal": 0, "pedestrian": 0, "bicycle": 0, "density": 0.5, "year_range": "unknown"}}, {"type": "Feature", "geometry": {"type": "Point", "coordinates": [-91.144144, 30.522523]}, "properties": {"crashes": 42, "injury": 35, "fatal": 0, "pedestrian": 0, "bicycle": 0, "density": 10.5, "year_range": "unknown"}}, {"type": "Feature", "geometry": {"type": "Point", "coordinates": [-91.144144, 30.520721]}, "properties": {"crashes": 5, "injury": 5, "fatal": 0, "pedestrian": 0, "bicycle": 0, "density": 1.2, "year_range": "unknown"}}, {"type": "Feature", "geometry": {"type": "Point", "coordinates": [-91.142342, 30.517117]}, "properties": {"crashes": 10, "injury": 7, "fatal": 0, "pedestrian": 0, "bicycle": 0, "density": 2.5, "year_range": "unknown"}}, {"type": "Feature", "geometry": {"type": "Point", "coordinates": [-91.142342, 30.515315]}, "properties": {"crashes": 1, "injury": 0, "fatal": 0, "pedestrian": 0, "bicycle": 0, "density": 0.2, "year_range": "unknown"}}, {"type": "Feature", "geometry": {"type": "Point", "coordinates": [-91.140541, 30.513514]}, "properties": {"crashes": 4, "injury": 4, "fatal": 0, "pedestrian": 0, "bicycle": 0, "density": 1.0, "year_range": "unknown"}}, {"type": "Feature", "geometry": {"type": "Point", "coordinates": [-91.140541, 30.518919]}, "properties": {"crashes": 6, "injury": 6, "fatal": 0, "pedestrian": 0, "bicycle": 0, "density": 1.5, "year_range": "unknown"}}, {"type": "Feature", "geometry": {"type": "Point", "coordinates": [-91.140541, 30.511712]}, "properties": {"crashes": 19, "injury": 15, "fatal": 0, "pedestrian": 0, "bicycle": 0, "density": 4.8, "year_range": "unknown"}}, {"type": "Feature", "geometry": {"type": "Point", "coordinates": [-91.140541, 30.517117]}, "properties": {"crashes": 5, "injury": 3, "fatal": 0, "pedestrian": 0, "bicycle": 0, "density": 1.2, "year_range": "unknown"}}, {"type": "Feature", "geometry": {"type": "Point", "coordinates": [-91.138739, 30.513514]}, "properties": {"crashes": 4, "injury": 3, "fatal": 0, "pedestrian": 0, "bicycle": 0, "density": 1.0, "year_range": "unknown"}}, {"type": "Feature", "geometry": {"type": "Point", "coordinates": [-91.138739, 30.515315]}, "properties": {"crashes": 1, "injury": 1, "fatal": 0, "pedestrian": 0, "bicycle": 0, "density": 0.2, "year_range": "unknown"}}, {"type": "Feature", "geometry": {"type": "Point", "coordinates": [-91.142342, 30.518919]}, "properties": {"crashes": 13, "injury": 12, "fatal": 0, "pedestrian": 0, "bicycle": 0, "density": 3.2, "year_range": "unknown"}}, {"type": "Feature", "geometry": {"type": "Point", "coordinates": [-91.145946, 30.515315]}, "properties": {"crashes": 2, "injury": 0, "fatal": 0, "pedestrian": 0, "bicycle": 0, "density": 0.5, "year_range": "unknown"}}, {"type": "Feature", "geometry": {"type": "Point", "coordinates": [-91.144144, 30.511712]}, "properties": {"crashes": 8, "injury": 6, "fatal": 0, "pedestrian": 0, "bicycle": 0, "density": 2.0, "year_range": "unknown"}}, {"type": "Feature", "geometry": {"type": "Point", "coordinates": [-91.144144, 30.513514]}, "properties": {"crashes": 4, "injury": 3, "fatal": 0, "pedestrian": 0, "bicycle": 0, "density": 1.0, "year_range": "unknown"}}, {"type": "Feature", "geometry": {"type": "Point", "coordinates": [-91.144144, 30.518919]}, "properties": {"crashes": 3, "injury": 0, "fatal": 0, "pedestrian": 0, "bicycle": 0, "density": 0.8, "year_range": "unknown"}}, {"type": "Feature", "geometry": {"type": "Point", "coordinates": [-91.136937, 30.518919]}, "properties": {"crashes": 6, "injury": 6, "fatal": 0, "pedestrian": 0, "bicycle": 0, "density": 1.5, "year_range": "unknown"}}, {"type": "Feature", "geometry": {"type": "Point", "coordinates": [-91.135135, 30.518919]}, "properties": {"crashes": 1, "injury": 1, "fatal": 0, "pedestrian": 0, "bicycle": 0, "density": 0.2, "year_range": "unknown"}}, {"type": "Feature", "geometry": {"type": "Point", "coordinates": [-91.12973, 30.518919]}, "properties": {"crashes": 2, "injury": 2, "fatal": 0, "pedestrian": 0, "bicycle": 0, "density": 0.5, "year_range": "unknown"}}, {"type": "Feature", "geometry": {"type": "Point", "coordinates": [-91.126126, 30.520721]}, "properties": {"crashes": 3, "injury": 2, "fatal": 0, "pedestrian": 0, "bicycle": 0, "density": 0.8, "year_range": "unknown"}}, {"type": "Feature", "geometry": {"type": "Point", "coordinates": [-91.133333, 30.520721]}, "properties": {"crashes": 1, "injury": 1, "fatal": 0, "pedestrian": 0, "bicycle": 0, "density": 0.2, "year_range": "unknown"}}, {"type": "Feature", "geometry": {"type": "Point", "coordinates": [-91.124324, 30.520721]}, "properties": {"crashes": 1, "injury": 1, "fatal": 0, "pedestrian": 0, "bicycle": 0, "density": 0.2, "year_range": "unknown"}}, {"type": "Feature", "geometry": {"type": "Point", "coordinates": [-91.140541, 30.520721]}, "properties": {"crashes": 2, "injury": 2, "fatal": 0, "pedestrian": 0, "bicycle": 0, "density": 0.5, "year_range": "unknown"}}, {"type": "Feature", "geometry": {"type": "Point", "coordinates": [-91.140541, 30.522523]}, "properties": {"crashes": 6, "injury": 4, "fatal": 0, "pedestrian": 0, "bicycle": 0, "density": 1.5, "year_range": "unknown"}}, {"type": "Feature", "geometry": {"type": "Point", "coordinates": [-91.136937, 30.522523]}, "properties": {"crashes": 1, "injury": 1, "fatal": 0, "pedestrian": 0, "bicycle": 0, "density": 0.2, "year_range": "unknown"}}, {"type": "Feature", "geometry": {"type": "Point", "coordinates": [-91.138739, 30.524324]}, "properties": {"crashes": 8, "injury": 6, "fatal": 0, "pedestrian": 0, "bicycle": 0, "density": 2.0, "year_range": "unknown"}}, {"type": "Feature", "geometry": {"type": "Point", "coordinates": [-91.136937, 30.517117]}, "properties": {"crashes": 7, "injury": 6, "fatal": 0, "pedestrian": 0, "bicycle": 0, "density": 1.8, "year_range": "unknown"}}, {"type": "Feature", "geometry": {"type": "Point", "coordinates": [-91.133333, 30.518919]}, "properties": {"crashes": 1, "injury": 1, "fatal": 0, "pedestrian": 0, "bicycle": 0, "density": 0.2, "year_range": "unknown"}}, {"type": "Feature", "geometry": {"type": "Point", "coordinates": [-91.127928, 30.518919]}, "properties": {"crashes": 1, "injury": 1, "fatal": 0, "pedestrian": 0, "bicycle": 0, "density": 0.2, "year_range": "unknown"}}, {"type": "Feature", "geometry": {"type": "Point", "coordinates": [-91.142342, 30.522523]}, "properties": {"crashes": 23, "injury": 19, "fatal": 0, "pedestrian": 0, "bicycle": 0, "density": 5.8, "year_range": "unknown"}}, {"type": "Feature", "geometry": {"type": "Point", "coordinates": [-91.142342, 30.520721]}, "properties": {"crashes": 5, "injury": 5, "fatal": 0, "pedestrian": 0, "bicycle": 0, "density": 1.2, "year_range": "unknown"}}, {"type": "Feature", "geometry": {"type": "Point", "coordinates": [-91.142342, 30.513514]}, "properties": {"crashes": 3, "injury": 1, "fatal": 0, "pedestrian": 0, "bicycle": 0, "density": 0.8, "year_range": "unknown"}}, {"type": "Feature", "geometry": {"type": "Point", "coordinates": [-91.144144, 30.517117]}, "properties": {"crashes": 2, "injury": 1, "fatal": 0, "pedestrian": 0, "bicycle": 0, "density": 0.5, "year_range": "unknown"}}, {"type": "Feature", "geometry": {"type": "Point", "coordinates": [-91.144144, 30.524324]}, "properties": {"crashes": 6, "injury": 6, "fatal": 0, "pedestrian": 0, "bicycle": 0, "density": 1.5, "year_range": "unknown"}}, {"type": "Feature", "geometry": {"type": "Point", "coordinates": [-91.16036, 30.499099]}, "properties": {"crashes": 18, "injury": 8, "fatal": 0, "pedestrian": 0, "bicycle": 0, "density": 4.5, "year_range": "unknown"}}, {"type": "Feature", "geometry": {"type": "Point", "coordinates": [-91.16036, 30.508108]}, "properties": {"crashes": 7, "injury": 5, "fatal": 0, "pedestrian": 0, "bicycle": 0, "density": 1.8, "year_range": "unknown"}}, {"type": "Feature", "geometry": {"type": "Point", "coordinates": [-91.158559, 30.499099]}, "properties": {"crashes": 22, "injury": 17, "fatal": 0, "pedestrian": 0, "bicycle": 0, "density": 5.5, "year_range": "unknown"}}, {"type": "Feature", "geometry": {"type": "Point", "coordinates": [-91.16036, 30.497297]}, "properties": {"crashes": 18, "injury": 12, "fatal": 0, "pedestrian": 1, "bicycle": 0, "density": 4.5, "year_range": "unknown"}}, {"type": "Feature", "geometry": {"type": "Point", "coordinates": [-91.158559, 30.500901]}, "properties": {"crashes": 14, "injury": 7, "fatal": 0, "pedestrian": 0, "bicycle": 0, "density": 3.5, "year_range": "unknown"}}, {"type": "Feature", "geometry": {"type": "Point", "coordinates": [-91.16036, 30.500901]}, "properties": {"crashes": 6, "injury": 5, "fatal": 0, "pedestrian": 0, "bicycle": 0, "density": 1.5, "year_range": "unknown"}}, {"type": "Feature", "geometry": {"type": "Point", "coordinates": [-91.158559, 30.502703]}, "properties": {"crashes": 18, "injury": 14, "fatal": 0, "pedestrian": 0, "bicycle": 0, "density": 4.5, "year_range": "unknown"}}, {"type": "Feature", "geometry": {"type": "Point", "coordinates": [-91.16036, 30.502703]}, "properties": {"crashes": 1, "injury": 0, "fatal": 0, "pedestrian": 0, "bicycle": 0, "density": 0.2, "year_range": "unknown"}}, {"type": "Feature", "geometry": {"type": "Point", "coordinates": [-91.158559, 30.504505]}, "properties": {"crashes": 7, "injury": 2, "fatal": 0, "pedestrian": 0, "bicycle": 0, "density": 1.8, "year_range": "unknown"}}, {"type": "Feature", "geometry": {"type": "Point", "coordinates": [-91.158559, 30.506306]}, "properties": {"crashes": 10, "injury": 7, "fatal": 0, "pedestrian": 0, "bicycle": 0, "density": 2.5, "year_range": "unknown"}}, {"type": "Feature", "geometry": {"type": "Point", "coordinates": [-91.16036, 30.506306]}, "properties": {"crashes": 2, "injury": 2, "fatal": 0, "pedestrian": 0, "bicycle": 0, "density": 0.5, "year_range": "unknown"}}, {"type": "Feature", "geometry": {"type": "Point", "coordinates": [-91.162162, 30.495495]}, "properties": {"crashes": 25, "injury": 20, "fatal": 1, "pedestrian": 1, "bicycle": 0, "density": 6.2, "year_range": "unknown"}}, {"type": "Feature", "geometry": {"type": "Point", "coordinates": [-91.16036, 30.495495]}, "properties": {"crashes": 28, "injury": 21, "fatal": 0, "pedestrian": 0, "bicycle": 0, "density": 7.0, "year_range": "unknown"}}, {"type": "Feature", "geometry": {"type": "Point", "coordinates": [-91.174775, 30.506306]}, "properties": {"crashes": 2, "injury": 2, "fatal": 0, "pedestrian": 0, "bicycle": 0, "density": 0.5, "year_range": "unknown"}}, {"type": "Feature", "geometry": {"type": "Point", "coordinates": [-91.171171, 30.506306]}, "properties": {"crashes": 28, "injury": 18, "fatal": 0, "pedestrian": 1, "bicycle": 0, "density": 7.0, "year_range": "unknown"}}, {"type": "Feature", "geometry": {"type": "Point", "coordinates": [-91.169369, 30.506306]}, "properties": {"crashes": 1, "injury": 1, "fatal": 0, "pedestrian": 0, "bicycle": 0, "density": 0.2, "year_range": "unknown"}}, {"type": "Feature", "geometry": {"type": "Point", "coordinates": [-91.178378, 30.508108]}, "properties": {"crashes": 2, "injury": 2, "fatal": 0, "pedestrian": 0, "bicycle": 0, "density": 0.5, "year_range": "unknown"}}, {"type": "Feature", "geometry": {"type": "Point", "coordinates": [-91.169369, 30.499099]}, "properties": {"crashes": 16, "injury": 12, "fatal": 0, "pedestrian": 0, "bicycle": 0, "density": 4.0, "year_range": "unknown"}}, {"type": "Feature", "geometry": {"type": "Point", "coordinates": [-91.169369, 30.500901]}, "properties": {"crashes": 2, "injury": 2, "fatal": 0, "pedestrian": 0, "bicycle": 0, "density": 0.5, "year_range": "unknown"}}, {"type": "Feature", "geometry": {"type": "Point", "coordinates": [-91.171171, 30.504505]}, "properties": {"crashes": 5, "injury": 3, "fatal": 0, "pedestrian": 0, "bicycle": 0, "density": 1.2, "year_range": "unknown"}}, {"type": "Feature", "geometry": {"type": "Point", "coordinates": [-91.163964, 30.495495]}, "properties": {"crashes": 1, "injury": 1, "fatal": 0, "pedestrian": 0, "bicycle": 0, "density": 0.2, "year_range": "unknown"}}, {"type": "Feature", "geometry": {"type": "Point", "coordinates": [-91.163964, 30.497297]}, "properties": {"crashes": 1, "injury": 1, "fatal": 0, "pedestrian": 0, "bicycle": 0, "density": 0.2, "year_range": "unknown"}}, {"type": "Feature", "geometry": {"type": "Point", "coordinates": [-91.163964, 30.499099]}, "properties": {"crashes": 7, "injury": 4, "fatal": 0, "pedestrian": 0, "bicycle": 0, "density": 1.8, "year_range": "unknown"}}, {"type": "Feature", "geometry": {"type": "Point", "coordinates": [-91.162162, 30.493694]}, "properties": {"crashes": 16, "injury": 13, "fatal": 0, "pedestrian": 0, "bicycle": 0, "density": 4.0, "year_range": "unknown"}}, {"type": "Feature", "geometry": {"type": "Point", "coordinates": [-91.169369, 30.491892]}, "properties": {"crashes": 19, "injury": 11, "fatal": 1, "pedestrian": 0, "bicycle": 0, "density": 4.8, "year_range": "unknown"}}, {"type": "Feature", "geometry": {"type": "Point", "coordinates": [-91.169369, 30.493694]}, "properties": {"crashes": 4, "injury": 4, "fatal": 0, "pedestrian": 0, "bicycle": 0, "density": 1.0, "year_range": "unknown"}}, {"type": "Feature", "geometry": {"type": "Point", "coordinates": [-91.169369, 30.495495]}, "properties": {"crashes": 3, "injury": 3, "fatal": 0, "pedestrian": 0, "bicycle": 0, "density": 0.8, "year_range": "unknown"}}, {"type": "Feature", "geometry": {"type": "Point", "coordinates": [-91.169369, 30.497297]}, "properties": {"crashes": 7, "injury": 3, "fatal": 0, "pedestrian": 0, "bicycle": 0, "density": 1.8, "year_range": "unknown"}}, {"type": "Feature", "geometry": {"type": "Point", "coordinates": [-91.163964, 30.491892]}, "properties": {"crashes": 43, "injury": 33, "fatal": 1, "pedestrian": 0, "bicycle": 0, "density": 10.8, "year_range": "unknown"}}, {"type": "Feature", "geometry": {"type": "Point", "coordinates": [-91.163964, 30.493694]}, "properties": {"crashes": 6, "injury": 4, "fatal": 0, "pedestrian": 0, "bicycle": 0, "density": 1.5, "year_range": "unknown"}}, {"type": "Feature", "geometry": {"type": "Point", "coordinates": [-91.165766, 30.491892]}, "properties": {"crashes": 6, "injury": 5, "fatal": 0, "pedestrian": 0, "bicycle": 0, "density": 1.5, "year_range": "unknown"}}, {"type": "Feature", "geometry": {"type": "Point", "coordinates": [-91.165766, 30.495495]}, "properties": {"crashes": 2, "injury": 2, "fatal": 0, "pedestrian": 0, "bicycle": 0, "density": 0.5, "year_range": "unknown"}}, {"type": "Feature", "geometry": {"type": "Point", "coordinates": [-91.165766, 30.497297]}, "properties": {"crashes": 1, "injury": 1, "fatal": 0, "pedestrian": 0, "bicycle": 0, "density": 0.2, "year_range": "unknown"}}, {"type": "Feature", "geometry": {"type": "Point", "coordinates": [-91.165766, 30.499099]}, "properties": {"crashes": 1, "injury": 1, "fatal": 0, "pedestrian": 0, "bicycle": 0, "density": 0.2, "year_range": "unknown"}}, {"type": "Feature", "geometry": {"type": "Point", "coordinates": [-91.165766, 30.500901]}, "properties": {"crashes": 2, "injury": 2, "fatal": 0, "pedestrian": 0, "bicycle": 0, "density": 0.5, "year_range": "unknown"}}, {"type": "Feature", "geometry": {"type": "Point", "coordinates": [-91.163964, 30.502703]}, "properties": {"crashes": 1, "injury": 1, "fatal": 0, "pedestrian": 0, "bicycle": 0, "density": 0.2, "year_range": "unknown"}}, {"type": "Feature", "geometry": {"type": "Point", "coordinates": [-91.165766, 30.502703]}, "properties": {"crashes": 1, "injury": 1, "fatal": 0, "pedestrian": 0, "bicycle": 0, "density": 0.2, "year_range": "unknown"}}, {"type": "Feature", "geometry": {"type": "Point", "coordinates": [-91.165766, 30.506306]}, "properties": {"crashes": 1, "injury": 1, "fatal": 0, "pedestrian": 0, "bicycle": 0, "density": 0.2, "year_range": "unknown"}}, {"type": "Feature", "geometry": {"type": "Point", "coordinates": [-91.167568, 30.508108]}, "properties": {"crashes": 10, "injury": 7, "fatal": 0, "pedestrian": 0, "bicycle": 0, "density": 2.5, "year_range": "unknown"}}, {"type": "Feature", "geometry": {"type": "Point", "coordinates": [-91.165766, 30.508108]}, "properties": {"crashes": 5, "injury": 4, "fatal": 0, "pedestrian": 0, "bicycle": 0, "density": 1.2, "year_range": "unknown"}}, {"type": "Feature", "geometry": {"type": "Point", "coordinates": [-91.163964, 30.508108]}, "properties": {"crashes": 9, "injury": 7, "fatal": 0, "pedestrian": 0, "bicycle": 0, "density": 2.2, "year_range": "unknown"}}, {"type": "Feature", "geometry": {"type": "Point", "coordinates": [-91.163964, 30.500901]}, "properties": {"crashes": 3, "injury": 2, "fatal": 0, "pedestrian": 0, "bicycle": 0, "density": 0.8, "year_range": "unknown"}}, {"type": "Feature", "geometry": {"type": "Point", "coordinates": [-91.162162, 30.502703]}, "properties": {"crashes": 2, "injury": 2, "fatal": 0, "pedestrian": 0, "bicycle": 0, "density": 0.5, "year_range": "unknown"}}, {"type": "Feature", "geometry": {"type": "Point", "coordinates": [-91.162162, 30.504505]}, "properties": {"crashes": 1, "injury": 1, "fatal": 0, "pedestrian": 0, "bicycle": 0, "density": 0.2, "year_range": "unknown"}}, {"type": "Feature", "geometry": {"type": "Point", "coordinates": [-91.163964, 30.504505]}, "properties": {"crashes": 1, "injury": 1, "fatal": 0, "pedestrian": 0, "bicycle": 0, "density": 0.2, "year_range": "unknown"}}, {"type": "Feature", "geometry": {"type": "Point", "coordinates": [-91.162162, 30.506306]}, "properties": {"crashes": 3, "injury": 3, "fatal": 0, "pedestrian": 0, "bicycle": 0, "density": 0.8, "year_range": "unknown"}}, {"type": "Feature", "geometry": {"type": "Point", "coordinates": [-91.162162, 30.508108]}, "properties": {"crashes": 3, "injury": 2, "fatal": 0, "pedestrian": 1, "bicycle": 0, "density": 0.8, "year_range": "unknown"}}, {"type": "Feature", "geometry": {"type": "Point", "coordinates": [-91.171171, 30.508108]}, "properties": {"crashes": 50, "injury": 34, "fatal": 0, "pedestrian": 0, "bicycle": 0, "density": 12.5, "year_range": "unknown"}}, {"type": "Feature", "geometry": {"type": "Point", "coordinates": [-91.169369, 30.508108]}, "properties": {"crashes": 19, "injury": 16, "fatal": 0, "pedestrian": 0, "bicycle": 0, "density": 4.8, "year_range": "unknown"}}, {"type": "Feature", "geometry": {"type": "Point", "coordinates": [-91.167568, 30.506306]}, "properties": {"crashes": 1, "injury": 1, "fatal": 0, "pedestrian": 0, "bicycle": 0, "density": 0.2, "year_range": "unknown"}}, {"type": "Feature", "geometry": {"type": "Point", "coordinates": [-91.172973, 30.508108]}, "properties": {"crashes": 32, "injury": 23, "fatal": 0, "pedestrian": 0, "bicycle": 0, "density": 8.0, "year_range": "unknown"}}, {"type": "Feature", "geometry": {"type": "Point", "coordinates": [-91.174775, 30.508108]}, "properties": {"crashes": 18, "injury": 11, "fatal": 0, "pedestrian": 0, "bicycle": 0, "density": 4.5, "year_range": "unknown"}}, {"type": "Feature", "geometry": {"type": "Point", "coordinates": [-91.176577, 30.508108]}, "properties": {"crashes": 4, "injury": 4, "fatal": 0, "pedestrian": 0, "bicycle": 0, "density": 1.0, "year_range": "unknown"}}, {"type": "Feature", "geometry": {"type": "Point", "coordinates": [-91.16036, 30.515315]}, "properties": {"crashes": 3, "injury": 2, "fatal": 0, "pedestrian": 0, "bicycle": 0, "density": 0.8, "year_range": "unknown"}}, {"type": "Feature", "geometry": {"type": "Point", "coordinates": [-91.16036, 30.517117]}, "properties": {"crashes": 12, "injury": 9, "fatal": 0, "pedestrian": 0, "bicycle": 0, "density": 3.0, "year_range": "unknown"}}, {"type": "Feature", "geometry": {"type": "Point", "coordinates": [-91.16036, 30.513514]}, "properties": {"crashes": 1, "injury": 1, "fatal": 0, "pedestrian": 0, "bicycle": 0, "density": 0.2, "year_range": "unknown"}}, {"type": "Feature", "geometry": {"type": "Point", "coordinates": [-91.16036, 30.50991]}, "properties": {"crashes": 4, "injury": 2, "fatal": 0, "pedestrian": 0, "bicycle": 0, "density": 1.0, "year_range": "unknown"}}, {"type": "Feature", "geometry": {"type": "Point", "coordinates": [-91.163964, 30.520721]}, "properties": {"crashes": 19, "injury": 12, "fatal": 0, "pedestrian": 1, "bicycle": 0, "density": 4.8, "year_range": "unknown"}}, {"type": "Feature", "geometry": {"type": "Point", "coordinates": [-91.176577, 30.520721]}, "properties": {"crashes": 24, "injury": 19, "fatal": 0, "pedestrian": 0, "bicycle": 0, "density": 6.0, "year_range": "unknown"}}, {"type": "Feature", "geometry": {"type": "Point", "coordinates": [-91.176577, 30.518919]}, "properties": {"crashes": 9, "injury": 9, "fatal": 0, "pedestrian": 1, "bicycle": 0, "density": 2.2, "year_range": "unknown"}}, {"type": "Feature", "geometry": {"type": "Point", "coordinates": [-91.178378, 30.520721]}, "properties": {"crashes": 101, "injury": 72, "fatal": 0, "pedestrian": 2, "bicycle": 0, "density": 25.2, "year_range": "unknown"}}, {"type": "Feature", "geometry": {"type": "Point", "coordinates": [-91.174775, 30.520721]}, "properties": {"crashes": 8, "injury": 4, "fatal": 1, "pedestrian": 0, "bicycle": 0, "density": 2.0, "year_range": "unknown"}}, {"type": "Feature", "geometry": {"type": "Point", "coordinates": [-91.174775, 30.518919]}, "properties": {"crashes": 3, "injury": 1, "fatal": 0, "pedestrian": 0, "bicycle": 0, "density": 0.8, "year_range": "unknown"}}, {"type": "Feature", "geometry": {"type": "Point", "coordinates": [-91.172973, 30.518919]}, "properties": {"crashes": 8, "injury": 5, "fatal": 0, "pedestrian": 0, "bicycle": 0, "density": 2.0, "year_range": "unknown"}}, {"type": "Feature", "geometry": {"type": "Point", "coordinates": [-91.172973, 30.520721]}, "properties": {"crashes": 6, "injury": 5, "fatal": 0, "pedestrian": 1, "bicycle": 0, "density": 1.5, "year_range": "unknown"}}, {"type": "Feature", "geometry": {"type": "Point", "coordinates": [-91.165766, 30.518919]}, "properties": {"crashes": 2, "injury": 2, "fatal": 0, "pedestrian": 0, "bicycle": 0, "density": 0.5, "year_range": "unknown"}}, {"type": "Feature", "geometry": {"type": "Point", "coordinates": [-91.163964, 30.518919]}, "properties": {"crashes": 1, "injury": 1, "fatal": 0, "pedestrian": 0, "bicycle": 0, "density": 0.2, "year_range": "unknown"}}, {"type": "Feature", "geometry": {"type": "Point", "coordinates": [-91.167568, 30.518919]}, "properties": {"crashes": 1, "injury": 1, "fatal": 0, "pedestrian": 0, "bicycle": 0, "density": 0.2, "year_range": "unknown"}}, {"type": "Feature", "geometry": {"type": "Point", "coordinates": [-91.167568, 30.520721]}, "properties": {"crashes": 13, "injury": 11, "fatal": 0, "pedestrian": 0, "bicycle": 0, "density": 3.2, "year_range": "unknown"}}, {"type": "Feature", "geometry": {"type": "Point", "coordinates": [-91.165766, 30.520721]}, "properties": {"crashes": 2, "injury": 2, "fatal": 1, "pedestrian": 1, "bicycle": 0, "density": 0.5, "year_range": "unknown"}}, {"type": "Feature", "geometry": {"type": "Point", "coordinates": [-91.169369, 30.520721]}, "properties": {"crashes": 16, "injury": 14, "fatal": 0, "pedestrian": 2, "bicycle": 0, "density": 4.0, "year_range": "unknown"}}, {"type": "Feature", "geometry": {"type": "Point", "coordinates": [-91.169369, 30.518919]}, "properties": {"crashes": 6, "injury": 4, "fatal": 0, "pedestrian": 0, "bicycle": 0, "density": 1.5, "year_range": "unknown"}}, {"type": "Feature", "geometry": {"type": "Point", "coordinates": [-91.178378, 30.518919]}, "properties": {"crashes": 52, "injury": 34, "fatal": 0, "pedestrian": 1, "bicycle": 0, "density": 13.0, "year_range": "unknown"}}, {"type": "Feature", "geometry": {"type": "Point", "coordinates": [-91.176577, 30.515315]}, "properties": {"crashes": 9, "injury": 8, "fatal": 0, "pedestrian": 0, "bicycle": 0, "density": 2.2, "year_range": "unknown"}}, {"type": "Feature", "geometry": {"type": "Point", "coordinates": [-91.176577, 30.517117]}, "properties": {"crashes": 15, "injury": 10, "fatal": 0, "pedestrian": 0, "bicycle": 0, "density": 3.8, "year_range": "unknown"}}, {"type": "Feature", "geometry": {"type": "Point", "coordinates": [-91.174775, 30.513514]}, "properties": {"crashes": 35, "injury": 17, "fatal": 0, "pedestrian": 0, "bicycle": 0, "density": 8.8, "year_range": "unknown"}}, {"type": "Feature", "geometry": {"type": "Point", "coordinates": [-91.163964, 30.513514]}, "properties": {"crashes": 3, "injury": 3, "fatal": 0, "pedestrian": 0, "bicycle": 0, "density": 0.8, "year_range": "unknown"}}, {"type": "Feature", "geometry": {"type": "Point", "coordinates": [-91.163964, 30.515315]}, "properties": {"crashes": 2, "injury": 2, "fatal": 0, "pedestrian": 0, "bicycle": 0, "density": 0.5, "year_range": "unknown"}}, {"type": "Feature", "geometry": {"type": "Point", "coordinates": [-91.162162, 30.515315]}, "properties": {"crashes": 4, "injury": 3, "fatal": 0, "pedestrian": 0, "bicycle": 0, "density": 1.0, "year_range": "unknown"}}, {"type": "Feature", "geometry": {"type": "Point", "coordinates": [-91.163964, 30.517117]}, "properties": {"crashes": 1, "injury": 1, "fatal": 0, "pedestrian": 0, "bicycle": 0, "density": 0.2, "year_range": "unknown"}}, {"type": "Feature", "geometry": {"type": "Point", "coordinates": [-91.169369, 30.513514]}, "properties": {"crashes": 5, "injury": 5, "fatal": 0, "pedestrian": 0, "bicycle": 0, "density": 1.2, "year_range": "unknown"}}, {"type": "Feature", "geometry": {"type": "Point", "coordinates": [-91.165766, 30.513514]}, "properties": {"crashes": 3, "injury": 2, "fatal": 0, "pedestrian": 1, "bicycle": 0, "density": 0.8, "year_range": "unknown"}}, {"type": "Feature", "geometry": {"type": "Point", "coordinates": [-91.169369, 30.515315]}, "properties": {"crashes": 8, "injury": 6, "fatal": 0, "pedestrian": 0, "bicycle": 0, "density": 2.0, "year_range": "unknown"}}, {"type": "Feature", "geometry": {"type": "Point", "coordinates": [-91.167568, 30.515315]}, "properties": {"crashes": 3, "injury": 3, "fatal": 0, "pedestrian": 0, "bicycle": 0, "density": 0.8, "year_range": "unknown"}}, {"type": "Feature", "geometry": {"type": "Point", "coordinates": [-91.165766, 30.515315]}, "properties": {"crashes": 5, "injury": 4, "fatal": 0, "pedestrian": 0, "bicycle": 0, "density": 1.2, "year_range": "unknown"}}, {"type": "Feature", "geometry": {"type": "Point", "coordinates": [-91.169369, 30.517117]}, "properties": {"crashes": 5, "injury": 3, "fatal": 0, "pedestrian": 0, "bicycle": 0, "density": 1.2, "year_range": "unknown"}}, {"type": "Feature", "geometry": {"type": "Point", "coordinates": [-91.167568, 30.517117]}, "properties": {"crashes": 2, "injury": 2, "fatal": 0, "pedestrian": 0, "bicycle": 0, "density": 0.5, "year_range": "unknown"}}, {"type": "Feature", "geometry": {"type": "Point", "coordinates": [-91.171171, 30.513514]}, "properties": {"crashes": 3, "injury": 2, "fatal": 0, "pedestrian": 0, "bicycle": 0, "density": 0.8, "year_range": "unknown"}}, {"type": "Feature", "geometry": {"type": "Point", "coordinates": [-91.172973, 30.513514]}, "properties": {"crashes": 6, "injury": 3, "fatal": 0, "pedestrian": 0, "bicycle": 0, "density": 1.5, "year_range": "unknown"}}, {"type": "Feature", "geometry": {"type": "Point", "coordinates": [-91.172973, 30.515315]}, "properties": {"crashes": 1, "injury": 1, "fatal": 0, "pedestrian": 0, "bicycle": 0, "density": 0.2, "year_range": "unknown"}}, {"type": "Feature", "geometry": {"type": "Point", "coordinates": [-91.171171, 30.515315]}, "properties": {"crashes": 1, "injury": 1, "fatal": 0, "pedestrian": 0, "bicycle": 0, "density": 0.2, "year_range": "unknown"}}, {"type": "Feature", "geometry": {"type": "Point", "coordinates": [-91.174775, 30.517117]}, "properties": {"crashes": 2, "injury": 2, "fatal": 0, "pedestrian": 0, "bicycle": 0, "density": 0.5, "year_range": "unknown"}}, {"type": "Feature", "geometry": {"type": "Point", "coordinates": [-91.172973, 30.517117]}, "properties": {"crashes": 3, "injury": 3, "fatal": 0, "pedestrian": 0, "bicycle": 0, "density": 0.8, "year_range": "unknown"}}, {"type": "Feature", "geometry": {"type": "Point", "coordinates": [-91.165766, 30.50991]}, "properties": {"crashes": 1, "injury": 1, "fatal": 0, "pedestrian": 0, "bicycle": 0, "density": 0.2, "year_range": "unknown"}}, {"type": "Feature", "geometry": {"type": "Point", "coordinates": [-91.167568, 30.50991]}, "properties": {"crashes": 6, "injury": 6, "fatal": 0, "pedestrian": 0, "bicycle": 0, "density": 1.5, "year_range": "unknown"}}, {"type": "Feature", "geometry": {"type": "Point", "coordinates": [-91.163964, 30.511712]}, "properties": {"crashes": 7, "injury": 5, "fatal": 0, "pedestrian": 0, "bicycle": 0, "density": 1.8, "year_range": "unknown"}}, {"type": "Feature", "geometry": {"type": "Point", "coordinates": [-91.165766, 30.511712]}, "properties": {"crashes": 1, "injury": 0, "fatal": 0, "pedestrian": 0, "bicycle": 0, "density": 0.2, "year_range": "unknown"}}, {"type": "Feature", "geometry": {"type": "Point", "coordinates": [-91.163964, 30.50991]}, "properties": {"crashes": 4, "injury": 3, "fatal": 0, "pedestrian": 0, "bicycle": 0, "density": 1.0, "year_range": "unknown"}}, {"type": "Feature", "geometry": {"type": "Point", "coordinates": [-91.162162, 30.50991]}, "properties": {"crashes": 3, "injury": 2, "fatal": 0, "pedestrian": 0, "bicycle": 0, "density": 0.8, "year_range": "unknown"}}, {"type": "Feature", "geometry": {"type": "Point", "coordinates": [-91.16036, 30.511712]}, "properties": {"crashes": 1, "injury": 0, "fatal": 0, "pedestrian": 0, "bicycle": 0, "density": 0.2, "year_range": "unknown"}}, {"type": "Feature", "geometry": {"type": "Point", "coordinates": [-91.162162, 30.511712]}, "properties": {"crashes": 1, "injury": 0, "fatal": 0, "pedestrian": 0, "bicycle": 0, "density": 0.2, "year_range": "unknown"}}, {"type": "Feature", "geometry": {"type": "Point", "coordinates": [-91.171171, 30.50991]}, "properties": {"crashes": 4, "injury": 3, "fatal": 0, "pedestrian": 0, "bicycle": 0, "density": 1.0, "year_range": "unknown"}}, {"type": "Feature", "geometry": {"type": "Point", "coordinates": [-91.169369, 30.50991]}, "properties": {"crashes": 6, "injury": 6, "fatal": 0, "pedestrian": 0, "bicycle": 0, "density": 1.5, "year_range": "unknown"}}, {"type": "Feature", "geometry": {"type": "Point", "coordinates": [-91.171171, 30.511712]}, "properties": {"crashes": 5, "injury": 3, "fatal": 0, "pedestrian": 0, "bicycle": 0, "density": 1.2, "year_range": "unknown"}}, {"type": "Feature", "geometry": {"type": "Point", "coordinates": [-91.169369, 30.511712]}, "properties": {"crashes": 4, "injury": 4, "fatal": 0, "pedestrian": 0, "bicycle": 0, "density": 1.0, "year_range": "unknown"}}, {"type": "Feature", "geometry": {"type": "Point", "coordinates": [-91.167568, 30.511712]}, "properties": {"crashes": 5, "injury": 3, "fatal": 0, "pedestrian": 0, "bicycle": 0, "density": 1.2, "year_range": "unknown"}}, {"type": "Feature", "geometry": {"type": "Point", "coordinates": [-91.172973, 30.50991]}, "properties": {"crashes": 41, "injury": 26, "fatal": 0, "pedestrian": 0, "bicycle": 0, "density": 10.2, "year_range": "unknown"}}, {"type": "Feature", "geometry": {"type": "Point", "coordinates": [-91.172973, 30.511712]}, "properties": {"crashes": 19, "injury": 15, "fatal": 0, "pedestrian": 0, "bicycle": 0, "density": 4.8, "year_range": "unknown"}}, {"type": "Feature", "geometry": {"type": "Point", "coordinates": [-91.174775, 30.50991]}, "properties": {"crashes": 2, "injury": 2, "fatal": 0, "pedestrian": 0, "bicycle": 0, "density": 0.5, "year_range": "unknown"}}, {"type": "Feature", "geometry": {"type": "Point", "coordinates": [-91.174775, 30.511712]}, "properties": {"crashes": 3, "injury": 1, "fatal": 0, "pedestrian": 0, "bicycle": 0, "density": 0.8, "year_range": "unknown"}}, {"type": "Feature", "geometry": {"type": "Point", "coordinates": [-91.18018, 30.520721]}, "properties": {"crashes": 39, "injury": 26, "fatal": 0, "pedestrian": 0, "bicycle": 0, "density": 9.8, "year_range": "unknown"}}, {"type": "Feature", "geometry": {"type": "Point", "coordinates": [-91.12973, 30.504505]}, "properties": {"crashes": 1, "injury": 1, "fatal": 0, "pedestrian": 0, "bicycle": 0, "density": 0.2, "year_range": "unknown"}}, {"type": "Feature", "geometry": {"type": "Point", "coordinates": [-91.12973, 30.502703]}, "properties": {"crashes": 43, "injury": 34, "fatal": 0, "pedestrian": 0, "bicycle": 0, "density": 10.8, "year_range": "unknown"}}, {"type": "Feature", "geometry": {"type": "Point", "coordinates": [-91.127928, 30.502703]}, "properties": {"crashes": 7, "injury": 6, "fatal": 0, "pedestrian": 0, "bicycle": 0, "density": 1.8, "year_range": "unknown"}}, {"type": "Feature", "geometry": {"type": "Point", "coordinates": [-91.127928, 30.504505]}, "properties": {"crashes": 1, "injury": 1, "fatal": 0, "pedestrian": 0, "bicycle": 0, "density": 0.2, "year_range": "unknown"}}, {"type": "Feature", "geometry": {"type": "Point", "coordinates": [-91.131532, 30.502703]}, "properties": {"crashes": 144, "injury": 99, "fatal": 1, "pedestrian": 6, "bicycle": 0, "density": 36.0, "year_range": "unknown"}}, {"type": "Feature", "geometry": {"type": "Point", "coordinates": [-91.131532, 30.504505]}, "properties": {"crashes": 16, "injury": 9, "fatal": 0, "pedestrian": 0, "bicycle": 0, "density": 4.0, "year_range": "unknown"}}, {"type": "Feature", "geometry": {"type": "Point", "coordinates": [-91.142342, 30.508108]}, "properties": {"crashes": 32, "injury": 22, "fatal": 0, "pedestrian": 3, "bicycle": 0, "density": 8.0, "year_range": "unknown"}}, {"type": "Feature", "geometry": {"type": "Point", "coordinates": [-91.142342, 30.50991]}, "properties": {"crashes": 11, "injury": 5, "fatal": 0, "pedestrian": 1, "bicycle": 0, "density": 2.8, "year_range": "unknown"}}, {"type": "Feature", "geometry": {"type": "Point", "coordinates": [-91.144144, 30.50991]}, "properties": {"crashes": 120, "injury": 80, "fatal": 0, "pedestrian": 3, "bicycle": 0, "density": 30.0, "year_range": "unknown"}}, {"type": "Feature", "geometry": {"type": "Point", "coordinates": [-91.140541, 30.508108]}, "properties": {"crashes": 86, "injury": 52, "fatal": 1, "pedestrian": 3, "bicycle": 0, "density": 21.5, "year_range": "unknown"}}, {"type": "Feature", "geometry": {"type": "Point", "coordinates": [-91.140541, 30.50991]}, "properties": {"crashes": 1, "injury": 1, "fatal": 0, "pedestrian": 0, "bicycle": 0, "density": 0.2, "year_range": "unknown"}}, {"type": "Feature", "geometry": {"type": "Point", "coordinates": [-91.12973, 30.50991]}, "properties": {"crashes": 1, "injury": 1, "fatal": 0, "pedestrian": 0, "bicycle": 0, "density": 0.2, "year_range": "unknown"}}, {"type": "Feature", "geometry": {"type": "Point", "coordinates": [-91.127928, 30.511712]}, "properties": {"crashes": 2, "injury": 2, "fatal": 0, "pedestrian": 0, "bicycle": 0, "density": 0.5, "year_range": "unknown"}}, {"type": "Feature", "geometry": {"type": "Point", "coordinates": [-91.127928, 30.508108]}, "properties": {"crashes": 1, "injury": 1, "fatal": 0, "pedestrian": 0, "bicycle": 0, "density": 0.2, "year_range": "unknown"}}, {"type": "Feature", "geometry": {"type": "Point", "coordinates": [-91.138739, 30.508108]}, "properties": {"crashes": 17, "injury": 10, "fatal": 0, "pedestrian": 1, "bicycle": 0, "density": 4.2, "year_range": "unknown"}}, {"type": "Feature", "geometry": {"type": "Point", "coordinates": [-91.136937, 30.508108]}, "properties": {"crashes": 6, "injury": 3, "fatal": 0, "pedestrian": 1, "bicycle": 0, "density": 1.5, "year_range": "unknown"}}, {"type": "Feature", "geometry": {"type": "Point", "coordinates": [-91.136937, 30.506306]}, "properties": {"crashes": 7, "injury": 5, "fatal": 0, "pedestrian": 0, "bicycle": 0, "density": 1.8, "year_range": "unknown"}}, {"type": "Feature", "geometry": {"type": "Point", "coordinates": [-91.135135, 30.506306]}, "properties": {"crashes": 105, "injury": 71, "fatal": 2, "pedestrian": 5, "bicycle": 0, "density": 26.2, "year_range": "unknown"}}, {"type": "Feature", "geometry": {"type": "Point", "coordinates": [-91.135135, 30.508108]}, "properties": {"crashes": 1, "injury": 0, "fatal": 0, "pedestrian": 0, "bicycle": 0, "density": 0.2, "year_range": "unknown"}}, {"type": "Feature", "geometry": {"type": "Point", "coordinates": [-91.131532, 30.506306]}, "properties": {"crashes": 1, "injury": 1, "fatal": 0, "pedestrian": 0, "bicycle": 0, "density": 0.2, "year_range": "unknown"}}, {"type": "Feature", "geometry": {"type": "Point", "coordinates": [-91.133333, 30.504505]}, "properties": {"crashes": 23, "injury": 20, "fatal": 1, "pedestrian": 2, "bicycle": 0, "density": 5.8, "year_range": "unknown"}}, {"type": "Feature", "geometry": {"type": "Point", "coordinates": [-91.145946, 30.50991]}, "properties": {"crashes": 37, "injury": 29, "fatal": 0, "pedestrian": 0, "bicycle": 0, "density": 9.2, "year_range": "unknown"}}, {"type": "Feature", "geometry": {"type": "Point", "coordinates": [-91.007207, 30.446847]}, "properties": {"crashes": 23, "injury": 21, "fatal": 0, "pedestrian": 0, "bicycle": 0, "density": 5.8, "year_range": "unknown"}}, {"type": "Feature", "geometry": {"type": "Point", "coordinates": [-91.007207, 30.445045]}, "properties": {"crashes": 69, "injury": 60, "fatal": 0, "pedestrian": 0, "bicycle": 0, "density": 17.2, "year_range": "unknown"}}, {"type": "Feature", "geometry": {"type": "Point", "coordinates": [-91.001802, 30.443243]}, "properties": {"crashes": 24, "injury": 17, "fatal": 0, "pedestrian": 0, "bicycle": 0, "density": 6.0, "year_range": "unknown"}}, {"type": "Feature", "geometry": {"type": "Point", "coordinates": [-91.0, 30.445045]}, "properties": {"crashes": 3, "injury": 3, "fatal": 0, "pedestrian": 0, "bicycle": 0, "density": 0.8, "year_range": "unknown"}}, {"type": "Feature", "geometry": {"type": "Point", "coordinates": [-91.0, 30.443243]}, "properties": {"crashes": 3, "injury": 2, "fatal": 0, "pedestrian": 0, "bicycle": 0, "density": 0.8, "year_range": "unknown"}}, {"type": "Feature", "geometry": {"type": "Point", "coordinates": [-91.007207, 30.443243]}, "properties": {"crashes": 193, "injury": 154, "fatal": 2, "pedestrian": 2, "bicycle": 0, "density": 48.2, "year_range": "unknown"}}, {"type": "Feature", "geometry": {"type": "Point", "coordinates": [-91.003604, 30.443243]}, "properties": {"crashes": 34, "injury": 31, "fatal": 0, "pedestrian": 0, "bicycle": 0, "density": 8.5, "year_range": "unknown"}}, {"type": "Feature", "geometry": {"type": "Point", "coordinates": [-91.012613, 30.441441]}, "properties": {"crashes": 71, "injury": 41, "fatal": 0, "pedestrian": 2, "bicycle": 0, "density": 17.8, "year_range": "unknown"}}, {"type": "Feature", "geometry": {"type": "Point", "coordinates": [-91.014414, 30.43964]}, "properties": {"crashes": 9, "injury": 7, "fatal": 0, "pedestrian": 0, "bicycle": 0, "density": 2.2, "year_range": "unknown"}}, {"type": "Feature", "geometry": {"type": "Point", "coordinates": [-91.014414, 30.441441]}, "properties": {"crashes": 27, "injury": 18, "fatal": 0, "pedestrian": 1, "bicycle": 0, "density": 6.8, "year_range": "unknown"}}, {"type": "Feature", "geometry": {"type": "Point", "coordinates": [-91.016216, 30.43964]}, "properties": {"crashes": 30, "injury": 24, "fatal": 0, "pedestrian": 0, "bicycle": 0, "density": 7.5, "year_range": "unknown"}}, {"type": "Feature", "geometry": {"type": "Point", "coordinates": [-91.025225, 30.437838]}, "properties": {"crashes": 228, "injury": 191, "fatal": 0, "pedestrian": 1, "bicycle": 0, "density": 57.0, "year_range": "unknown"}}, {"type": "Feature", "geometry": {"type": "Point", "coordinates": [-91.027027, 30.437838]}, "properties": {"crashes": 43, "injury": 37, "fatal": 0, "pedestrian": 0, "bicycle": 0, "density": 10.8, "year_range": "unknown"}}, {"type": "Feature", "geometry": {"type": "Point", "coordinates": [-91.005405, 30.443243]}, "properties": {"crashes": 18, "injury": 14, "fatal": 0, "pedestrian": 0, "bicycle": 0, "density": 4.5, "year_range": "unknown"}}, {"type": "Feature", "geometry": {"type": "Point", "coordinates": [-91.007207, 30.441441]}, "properties": {"crashes": 213, "injury": 173, "fatal": 0, "pedestrian": 3, "bicycle": 0, "density": 53.2, "year_range": "unknown"}}, {"type": "Feature", "geometry": {"type": "Point", "coordinates": [-91.005405, 30.441441]}, "properties": {"crashes": 2, "injury": 1, "fatal": 0, "pedestrian": 0, "bicycle": 0, "density": 0.5, "year_range": "unknown"}}, {"type": "Feature", "geometry": {"type": "Point", "coordinates": [-91.007207, 30.437838]}, "properties": {"crashes": 76, "injury": 61, "fatal": 0, "pedestrian": 1, "bicycle": 0, "density": 19.0, "year_range": "unknown"}}, {"type": "Feature", "geometry": {"type": "Point", "coordinates": [-91.007207, 30.43964]}, "properties": {"crashes": 109, "injury": 96, "fatal": 0, "pedestrian": 2, "bicycle": 0, "density": 27.2, "year_range": "unknown"}}, {"type": "Feature", "geometry": {"type": "Point", "coordinates": [-91.007207, 30.436036]}, "properties": {"crashes": 58, "injury": 50, "fatal": 0, "pedestrian": 0, "bicycle": 0, "density": 14.5, "year_range": "unknown"}}, {"type": "Feature", "geometry": {"type": "Point", "coordinates": [-91.009009, 30.441441]}, "properties": {"crashes": 14, "injury": 11, "fatal": 0, "pedestrian": 0, "bicycle": 0, "density": 3.5, "year_range": "unknown"}}, {"type": "Feature", "geometry": {"type": "Point", "coordinates": [-91.009009, 30.43964]}, "properties": {"crashes": 6, "injury": 6, "fatal": 0, "pedestrian": 0, "bicycle": 0, "density": 1.5, "year_range": "unknown"}}, {"type": "Feature", "geometry": {"type": "Point", "coordinates": [-91.010811, 30.441441]}, "properties": {"crashes": 34, "injury": 29, "fatal": 0, "pedestrian": 0, "bicycle": 0, "density": 8.5, "year_range": "unknown"}}, {"type": "Feature", "geometry": {"type": "Point", "coordinates": [-91.009009, 30.443243]}, "properties": {"crashes": 7, "injury": 2, "fatal": 0, "pedestrian": 0, "bicycle": 0, "density": 1.8, "year_range": "unknown"}}, {"type": "Feature", "geometry": {"type": "Point", "coordinates": [-91.016216, 30.441441]}, "properties": {"crashes": 1, "injury": 1, "fatal": 0, "pedestrian": 0, "bicycle": 0, "density": 0.2, "year_range": "unknown"}}, {"type": "Feature", "geometry": {"type": "Point", "coordinates": [-91.018018, 30.43964]}, "properties": {"crashes": 52, "injury": 39, "fatal": 0, "pedestrian": 0, "bicycle": 0, "density": 13.0, "year_range": "unknown"}}, {"type": "Feature", "geometry": {"type": "Point", "coordinates": [-91.023423, 30.437838]}, "properties": {"crashes": 68, "injury": 45, "fatal": 0, "pedestrian": 0, "bicycle": 0, "density": 17.0, "year_range": "unknown"}}, {"type": "Feature", "geometry": {"type": "Point", "coordinates": [-91.021622, 30.43964]}, "properties": {"crashes": 8, "injury": 5, "fatal": 0, "pedestrian": 0, "bicycle": 0, "density": 2.0, "year_range": "unknown"}}, {"type": "Feature", "geometry": {"type": "Point", "coordinates": [-91.021622, 30.437838]}, "properties": {"crashes": 8, "injury": 6, "fatal": 0, "pedestrian": 0, "bicycle": 0, "density": 2.0, "year_range": "unknown"}}, {"type": "Feature", "geometry": {"type": "Point", "coordinates": [-91.01982, 30.43964]}, "properties": {"crashes": 14, "injury": 11, "fatal": 0, "pedestrian": 0, "bicycle": 0, "density": 3.5, "year_range": "unknown"}}, {"type": "Feature", "geometry": {"type": "Point", "coordinates": [-91.028829, 30.437838]}, "properties": {"crashes": 22, "injury": 15, "fatal": 0, "pedestrian": 0, "bicycle": 0, "density": 5.5, "year_range": "unknown"}}, {"type": "Feature", "geometry": {"type": "Point", "coordinates": [-91.030631, 30.436036]}, "properties": {"crashes": 36, "injury": 28, "fatal": 0, "pedestrian": 0, "bicycle": 0, "density": 9.0, "year_range": "unknown"}}, {"type": "Feature", "geometry": {"type": "Point", "coordinates": [-91.028829, 30.436036]}, "properties": {"crashes": 8, "injury": 7, "fatal": 0, "pedestrian": 0, "bicycle": 0, "density": 2.0, "year_range": "unknown"}}, {"type": "Feature", "geometry": {"type": "Point", "coordinates": [-91.032432, 30.436036]}, "properties": {"crashes": 41, "injury": 34, "fatal": 0, "pedestrian": 0, "bicycle": 0, "density": 10.2, "year_range": "unknown"}}, {"type": "Feature", "geometry": {"type": "Point", "coordinates": [-91.036036, 30.436036]}, "properties": {"crashes": 12, "injury": 7, "fatal": 0, "pedestrian": 0, "bicycle": 0, "density": 3.0, "year_range": "unknown"}}, {"type": "Feature", "geometry": {"type": "Point", "coordinates": [-91.034234, 30.436036]}, "properties": {"crashes": 35, "injury": 29, "fatal": 0, "pedestrian": 0, "bicycle": 0, "density": 8.8, "year_range": "unknown"}}, {"type": "Feature", "geometry": {"type": "Point", "coordinates": [-91.03964, 30.434234]}, "properties": {"crashes": 12, "injury": 9, "fatal": 0, "pedestrian": 0, "bicycle": 0, "density": 3.0, "year_range": "unknown"}}, {"type": "Feature", "geometry": {"type": "Point", "coordinates": [-91.037838, 30.434234]}, "properties": {"crashes": 21, "injury": 13, "fatal": 0, "pedestrian": 0, "bicycle": 0, "density": 5.2, "year_range": "unknown"}}, {"type": "Feature", "geometry": {"type": "Point", "coordinates": [-91.027027, 30.436036]}, "properties": {"crashes": 2, "injury": 2, "fatal": 0, "pedestrian": 0, "bicycle": 0, "density": 0.5, "year_range": "unknown"}}, {"type": "Feature", "geometry": {"type": "Point", "coordinates": [-91.027027, 30.434234]}, "properties": {"crashes": 1, "injury": 1, "fatal": 0, "pedestrian": 0, "bicycle": 0, "density": 0.2, "year_range": "unknown"}}, {"type": "Feature", "geometry": {"type": "Point", "coordinates": [-91.025225, 30.434234]}, "properties": {"crashes": 15, "injury": 10, "fatal": 0, "pedestrian": 0, "bicycle": 0, "density": 3.8, "year_range": "unknown"}}, {"type": "Feature", "geometry": {"type": "Point", "coordinates": [-91.025225, 30.436036]}, "properties": {"crashes": 42, "injury": 36, "fatal": 0, "pedestrian": 1, "bicycle": 0, "density": 10.5, "year_range": "unknown"}}, {"type": "Feature", "geometry": {"type": "Point", "coordinates": [-91.043243, 30.434234]}, "properties": {"crashes": 8, "injury": 5, "fatal": 0, "pedestrian": 0, "bicycle": 0, "density": 2.0, "year_range": "unknown"}}, {"type": "Feature", "geometry": {"type": "Point", "coordinates": [-91.041441, 30.434234]}, "properties": {"crashes": 21, "injury": 17, "fatal": 0, "pedestrian": 0, "bicycle": 0, "density": 5.2, "year_range": "unknown"}}, {"type": "Feature", "geometry": {"type": "Point", "coordinates": [-91.025225, 30.432432]}, "properties": {"crashes": 19, "injury": 17, "fatal": 0, "pedestrian": 0, "bicycle": 0, "density": 4.8, "year_range": "unknown"}}, {"type": "Feature", "geometry": {"type": "Point", "coordinates": [-91.030631, 30.430631]}, "properties": {"crashes": 1, "injury": 1, "fatal": 0, "pedestrian": 0, "bicycle": 0, "density": 0.2, "year_range": "unknown"}}, {"type": "Feature", "geometry": {"type": "Point", "coordinates": [-91.032432, 30.430631]}, "properties": {"crashes": 3, "injury": 3, "fatal": 0, "pedestrian": 0, "bicycle": 0, "density": 0.8, "year_range": "unknown"}}, {"type": "Feature", "geometry": {"type": "Point", "coordinates": [-91.034234, 30.432432]}, "properties": {"crashes": 3, "injury": 3, "fatal": 0, "pedestrian": 0, "bicycle": 0, "density": 0.8, "year_range": "unknown"}}, {"type": "Feature", "geometry": {"type": "Point", "coordinates": [-91.025225, 30.430631]}, "properties": {"crashes": 67, "injury": 56, "fatal": 0, "pedestrian": 0, "bicycle": 0, "density": 16.8, "year_range": "unknown"}}, {"type": "Feature", "geometry": {"type": "Point", "coordinates": [-91.027027, 30.430631]}, "properties": {"crashes": 2, "injury": 2, "fatal": 0, "pedestrian": 1, "bicycle": 0, "density": 0.5, "year_range": "unknown"}}, {"type": "Feature", "geometry": {"type": "Point", "coordinates": [-91.028829, 30.430631]}, "properties": {"crashes": 3, "injury": 3, "fatal": 0, "pedestrian": 0, "bicycle": 0, "density": 0.8, "year_range": "unknown"}}, {"type": "Feature", "geometry": {"type": "Point", "coordinates": [-91.027027, 30.432432]}, "properties": {"crashes": 2, "injury": 2, "fatal": 0, "pedestrian": 0, "bicycle": 0, "density": 0.5, "year_range": "unknown"}}, {"type": "Feature", "geometry": {"type": "Point", "coordinates": [-91.028829, 30.432432]}, "properties": {"crashes": 1, "injury": 1, "fatal": 0, "pedestrian": 0, "bicycle": 0, "density": 0.2, "year_range": "unknown"}}, {"type": "Feature", "geometry": {"type": "Point", "coordinates": [-91.045045, 30.432432]}, "properties": {"crashes": 50, "injury": 17, "fatal": 0, "pedestrian": 1, "bicycle": 0, "density": 12.5, "year_range": "unknown"}}, {"type": "Feature", "geometry": {"type": "Point", "coordinates": [-91.043243, 30.432432]}, "properties": {"crashes": 8, "injury": 5, "fatal": 0, "pedestrian": 0, "bicycle": 0, "density": 2.0, "year_range": "unknown"}}, {"type": "Feature", "geometry": {"type": "Point", "coordinates": [-91.041441, 30.432432]}, "properties": {"crashes": 11, "injury": 8, "fatal": 0, "pedestrian": 0, "bicycle": 0, "density": 2.8, "year_range": "unknown"}}, {"type": "Feature", "geometry": {"type": "Point", "coordinates": [-91.046847, 30.432432]}, "properties": {"crashes": 45, "injury": 40, "fatal": 0, "pedestrian": 0, "bicycle": 0, "density": 11.2, "year_range": "unknown"}}, {"type": "Feature", "geometry": {"type": "Point", "coordinates": [-91.023423, 30.436036]}, "properties": {"crashes": 22, "injury": 19, "fatal": 0, "pedestrian": 1, "bicycle": 0, "density": 5.5, "year_range": "unknown"}}, {"type": "Feature", "geometry": {"type": "Point", "coordinates": [-91.016216, 30.436036]}, "properties": {"crashes": 1, "injury": 1, "fatal": 0, "pedestrian": 0, "bicycle": 0, "density": 0.2, "year_range": "unknown"}}, {"type": "Feature", "geometry": {"type": "Point", "coordinates": [-91.01982, 30.437838]}, "properties": {"crashes": 1, "injury": 1, "fatal": 0, "pedestrian": 0, "bicycle": 0, "density": 0.2, "year_range": "unknown"}}, {"type": "Feature", "geometry": {"type": "Point", "coordinates": [-91.01982, 30.434234]}, "properties": {"crashes": 1, "injury": 0, "fatal": 0, "pedestrian": 0, "bicycle": 0, "density": 0.2, "year_range": "unknown"}}, {"type": "Feature", "geometry": {"type": "Point", "coordinates": [-91.018018, 30.437838]}, "properties": {"crashes": 1, "injury": 1, "fatal": 0, "pedestrian": 0, "bicycle": 0, "density": 0.2, "year_range": "unknown"}}, {"type": "Feature", "geometry": {"type": "Point", "coordinates": [-91.014414, 30.434234]}, "properties": {"crashes": 2, "injury": 2, "fatal": 0, "pedestrian": 0, "bicycle": 0, "density": 0.5, "year_range": "unknown"}}, {"type": "Feature", "geometry": {"type": "Point", "coordinates": [-91.012613, 30.437838]}, "properties": {"crashes": 2, "injury": 2, "fatal": 0, "pedestrian": 0, "bicycle": 0, "density": 0.5, "year_range": "unknown"}}, {"type": "Feature", "geometry": {"type": "Point", "coordinates": [-91.012613, 30.434234]}, "properties": {"crashes": 1, "injury": 1, "fatal": 0, "pedestrian": 0, "bicycle": 0, "density": 0.2, "year_range": "unknown"}}, {"type": "Feature", "geometry": {"type": "Point", "coordinates": [-91.010811, 30.437838]}, "properties": {"crashes": 3, "injury": 2, "fatal": 0, "pedestrian": 0, "bicycle": 0, "density": 0.8, "year_range": "unknown"}}, {"type": "Feature", "geometry": {"type": "Point", "coordinates": [-91.009009, 30.437838]}, "properties": {"crashes": 3, "injury": 3, "fatal": 0, "pedestrian": 0, "bicycle": 0, "density": 0.8, "year_range": "unknown"}}, {"type": "Feature", "geometry": {"type": "Point", "coordinates": [-91.009009, 30.436036]}, "properties": {"crashes": 5, "injury": 3, "fatal": 0, "pedestrian": 0, "bicycle": 0, "density": 1.2, "year_range": "unknown"}}, {"type": "Feature", "geometry": {"type": "Point", "coordinates": [-91.007207, 30.434234]}, "properties": {"crashes": 40, "injury": 35, "fatal": 0, "pedestrian": 1, "bicycle": 0, "density": 10.0, "year_range": "unknown"}}, {"type": "Feature", "geometry": {"type": "Point", "coordinates": [-91.009009, 30.434234]}, "properties": {"crashes": 3, "injury": 3, "fatal": 0, "pedestrian": 0, "bicycle": 0, "density": 0.8, "year_range": "unknown"}}, {"type": "Feature", "geometry": {"type": "Point", "coordinates": [-91.023423, 30.428829]}, "properties": {"crashes": 27, "injury": 24, "fatal": 0, "pedestrian": 1, "bicycle": 0, "density": 6.8, "year_range": "unknown"}}, {"type": "Feature", "geometry": {"type": "Point", "coordinates": [-91.023423, 30.430631]}, "properties": {"crashes": 11, "injury": 7, "fatal": 0, "pedestrian": 0, "bicycle": 0, "density": 2.8, "year_range": "unknown"}}, {"type": "Feature", "geometry": {"type": "Point", "coordinates": [-91.023423, 30.432432]}, "properties": {"crashes": 1, "injury": 1, "fatal": 0, "pedestrian": 0, "bicycle": 0, "density": 0.2, "year_range": "unknown"}}, {"type": "Feature", "geometry": {"type": "Point", "coordinates": [-91.007207, 30.428829]}, "properties": {"crashes": 7, "injury": 6, "fatal": 1, "pedestrian": 2, "bicycle": 0, "density": 1.8, "year_range": "unknown"}}, {"type": "Feature", "geometry": {"type": "Point", "coordinates": [-91.007207, 30.430631]}, "properties": {"crashes": 6, "injury": 4, "fatal": 0, "pedestrian": 0, "bicycle": 0, "density": 1.5, "year_range": "unknown"}}, {"type": "Feature", "geometry": {"type": "Point", "coordinates": [-91.012613, 30.430631]}, "properties": {"crashes": 1, "injury": 1, "fatal": 0, "pedestrian": 0, "bicycle": 0, "density": 0.2, "year_range": "unknown"}}, {"type": "Feature", "geometry": {"type": "Point", "coordinates": [-91.007207, 30.432432]}, "properties": {"crashes": 17, "injury": 14, "fatal": 0, "pedestrian": 0, "bicycle": 0, "density": 4.2, "year_range": "unknown"}}, {"type": "Feature", "geometry": {"type": "Point", "coordinates": [-91.012613, 30.432432]}, "properties": {"crashes": 1, "injury": 1, "fatal": 0, "pedestrian": 0, "bicycle": 0, "density": 0.2, "year_range": "unknown"}}, {"type": "Feature", "geometry": {"type": "Point", "coordinates": [-91.021622, 30.428829]}, "properties": {"crashes": 11, "injury": 9, "fatal": 0, "pedestrian": 0, "bicycle": 0, "density": 2.8, "year_range": "unknown"}}, {"type": "Feature", "geometry": {"type": "Point", "coordinates": [-91.01982, 30.428829]}, "properties": {"crashes": 15, "injury": 12, "fatal": 0, "pedestrian": 0, "bicycle": 0, "density": 3.8, "year_range": "unknown"}}, {"type": "Feature", "geometry": {"type": "Point", "coordinates": [-91.018018, 30.428829]}, "properties": {"crashes": 6, "injury": 5, "fatal": 0, "pedestrian": 0, "bicycle": 0, "density": 1.5, "year_range": "unknown"}}, {"type": "Feature", "geometry": {"type": "Point", "coordinates": [-91.018018, 30.432432]}, "properties": {"crashes": 1, "injury": 1, "fatal": 0, "pedestrian": 0, "bicycle": 0, "density": 0.2, "year_range": "unknown"}}, {"type": "Feature", "geometry": {"type": "Point", "coordinates": [-91.018018, 30.430631]}, "properties": {"crashes": 2, "injury": 2, "fatal": 0, "pedestrian": 0, "bicycle": 0, "density": 0.5, "year_range": "unknown"}}, {"type": "Feature", "geometry": {"type": "Point", "coordinates": [-91.018018, 30.427027]}, "properties": {"crashes": 4, "injury": 2, "fatal": 0, "pedestrian": 0, "bicycle": 0, "density": 1.0, "year_range": "unknown"}}, {"type": "Feature", "geometry": {"type": "Point", "coordinates": [-91.016216, 30.427027]}, "properties": {"crashes": 4, "injury": 1, "fatal": 0, "pedestrian": 0, "bicycle": 0, "density": 1.0, "year_range": "unknown"}}, {"type": "Feature", "geometry": {"type": "Point", "coordinates": [-91.016216, 30.428829]}, "properties": {"crashes": 1, "injury": 0, "fatal": 0, "pedestrian": 0, "bicycle": 0, "density": 0.2, "year_range": "unknown"}}, {"type": "Feature", "geometry": {"type": "Point", "coordinates": [-91.014414, 30.427027]}, "properties": {"crashes": 63, "injury": 59, "fatal": 0, "pedestrian": 1, "bicycle": 0, "density": 15.8, "year_range": "unknown"}}, {"type": "Feature", "geometry": {"type": "Point", "coordinates": [-91.014414, 30.428829]}, "properties": {"crashes": 1, "injury": 1, "fatal": 0, "pedestrian": 0, "bicycle": 0, "density": 0.2, "year_range": "unknown"}}, {"type": "Feature", "geometry": {"type": "Point", "coordinates": [-91.009009, 30.428829]}, "properties": {"crashes": 1, "injury": 1, "fatal": 0, "pedestrian": 0, "bicycle": 0, "density": 0.2, "year_range": "unknown"}}, {"type": "Feature", "geometry": {"type": "Point", "coordinates": [-91.007207, 30.427027]}, "properties": {"crashes": 6, "injury": 6, "fatal": 0, "pedestrian": 0, "bicycle": 0, "density": 1.5, "year_range": "unknown"}}, {"type": "Feature", "geometry": {"type": "Point", "coordinates": [-91.007207, 30.425225]}, "properties": {"crashes": 74, "injury": 57, "fatal": 0, "pedestrian": 0, "bicycle": 0, "density": 18.5, "year_range": "unknown"}}, {"type": "Feature", "geometry": {"type": "Point", "coordinates": [-91.012613, 30.427027]}, "properties": {"crashes": 1, "injury": 0, "fatal": 0, "pedestrian": 0, "bicycle": 0, "density": 0.2, "year_range": "unknown"}}, {"type": "Feature", "geometry": {"type": "Point", "coordinates": [-91.010811, 30.427027]}, "properties": {"crashes": 1, "injury": 1, "fatal": 0, "pedestrian": 0, "bicycle": 0, "density": 0.2, "year_range": "unknown"}}, {"type": "Feature", "geometry": {"type": "Point", "coordinates": [-91.010811, 30.425225]}, "properties": {"crashes": 2, "injury": 0, "fatal": 0, "pedestrian": 0, "bicycle": 0, "density": 0.5, "year_range": "unknown"}}, {"type": "Feature", "geometry": {"type": "Point", "coordinates": [-91.009009, 30.425225]}, "properties": {"crashes": 8, "injury": 5, "fatal": 0, "pedestrian": 1, "bicycle": 0, "density": 2.0, "year_range": "unknown"}}, {"type": "Feature", "geometry": {"type": "Point", "coordinates": [-91.055856, 30.428829]}, "properties": {"crashes": 363, "injury": 306, "fatal": 0, "pedestrian": 2, "bicycle": 0, "density": 90.8, "year_range": "unknown"}}, {"type": "Feature", "geometry": {"type": "Point", "coordinates": [-91.059459, 30.428829]}, "properties": {"crashes": 20, "injury": 16, "fatal": 0, "pedestrian": 0, "bicycle": 0, "density": 5.0, "year_range": "unknown"}}, {"type": "Feature", "geometry": {"type": "Point", "coordinates": [-91.057658, 30.428829]}, "properties": {"crashes": 31, "injury": 27, "fatal": 0, "pedestrian": 1, "bicycle": 0, "density": 7.8, "year_range": "unknown"}}, {"type": "Feature", "geometry": {"type": "Point", "coordinates": [-91.052252, 30.418018]}, "properties": {"crashes": 69, "injury": 51, "fatal": 0, "pedestrian": 0, "bicycle": 0, "density": 17.2, "year_range": "unknown"}}, {"type": "Feature", "geometry": {"type": "Point", "coordinates": [-91.052252, 30.421622]}, "properties": {"crashes": 94, "injury": 73, "fatal": 0, "pedestrian": 0, "bicycle": 0, "density": 23.5, "year_range": "unknown"}}, {"type": "Feature", "geometry": {"type": "Point", "coordinates": [-91.052252, 30.423423]}, "properties": {"crashes": 53, "injury": 41, "fatal": 0, "pedestrian": 0, "bicycle": 0, "density": 13.2, "year_range": "unknown"}}, {"type": "Feature", "geometry": {"type": "Point", "coordinates": [-91.052252, 30.410811]}, "properties": {"crashes": 201, "injury": 168, "fatal": 0, "pedestrian": 3, "bicycle": 0, "density": 50.2, "year_range": "unknown"}}, {"type": "Feature", "geometry": {"type": "Point", "coordinates": [-91.054054, 30.430631]}, "properties": {"crashes": 19, "injury": 12, "fatal": 0, "pedestrian": 0, "bicycle": 0, "density": 4.8, "year_range": "unknown"}}, {"type": "Feature", "geometry": {"type": "Point", "coordinates": [-91.052252, 30.430631]}, "properties": {"crashes": 33, "injury": 22, "fatal": 1, "pedestrian": 0, "bicycle": 0, "density": 8.2, "year_range": "unknown"}}, {"type": "Feature", "geometry": {"type": "Point", "coordinates": [-91.055856, 30.430631]}, "properties": {"crashes": 92, "injury": 79, "fatal": 0, "pedestrian": 1, "bicycle": 0, "density": 23.0, "year_range": "unknown"}}, {"type": "Feature", "geometry": {"type": "Point", "coordinates": [-91.054054, 30.428829]}, "properties": {"crashes": 2, "injury": 1, "fatal": 0, "pedestrian": 1, "bicycle": 0, "density": 0.5, "year_range": "unknown"}}, {"type": "Feature", "geometry": {"type": "Point", "coordinates": [-91.055856, 30.427027]}, "properties": {"crashes": 35, "injury": 30, "fatal": 0, "pedestrian": 0, "bicycle": 0, "density": 8.8, "year_range": "unknown"}}, {"type": "Feature", "geometry": {"type": "Point", "coordinates": [-91.052252, 30.427027]}, "properties": {"crashes": 21, "injury": 18, "fatal": 0, "pedestrian": 0, "bicycle": 0, "density": 5.2, "year_range": "unknown"}}, {"type": "Feature", "geometry": {"type": "Point", "coordinates": [-91.054054, 30.427027]}, "properties": {"crashes": 58, "injury": 44, "fatal": 0, "pedestrian": 1, "bicycle": 0, "density": 14.5, "year_range": "unknown"}}, {"type": "Feature", "geometry": {"type": "Point", "coordinates": [-91.052252, 30.428829]}, "properties": {"crashes": 1, "injury": 1, "fatal": 0, "pedestrian": 0, "bicycle": 0, "density": 0.2, "year_range": "unknown"}}, {"type": "Feature", "geometry": {"type": "Point", "coordinates": [-91.052252, 30.425225]}, "properties": {"crashes": 75, "injury": 52, "fatal": 1, "pedestrian": 1, "bicycle": 0, "density": 18.8, "year_range": "unknown"}}, {"type": "Feature", "geometry": {"type": "Point", "coordinates": [-91.054054, 30.425225]}, "properties": {"crashes": 2, "injury": 2, "fatal": 0, "pedestrian": 0, "bicycle": 0, "density": 0.5, "year_range": "unknown"}}, {"type": "Feature", "geometry": {"type": "Point", "coordinates": [-91.034234, 30.423423]}, "properties": {"crashes": 1, "injury": 1, "fatal": 0, "pedestrian": 0, "bicycle": 0, "density": 0.2, "year_range": "unknown"}}, {"type": "Feature", "geometry": {"type": "Point", "coordinates": [-91.032432, 30.423423]}, "properties": {"crashes": 2, "injury": 2, "fatal": 0, "pedestrian": 0, "bicycle": 0, "density": 0.5, "year_range": "unknown"}}, {"type": "Feature", "geometry": {"type": "Point", "coordinates": [-91.028829, 30.423423]}, "properties": {"crashes": 1, "injury": 1, "fatal": 0, "pedestrian": 0, "bicycle": 0, "density": 0.2, "year_range": "unknown"}}, {"type": "Feature", "geometry": {"type": "Point", "coordinates": [-91.027027, 30.427027]}, "properties": {"crashes": 1, "injury": 1, "fatal": 0, "pedestrian": 0, "bicycle": 0, "density": 0.2, "year_range": "unknown"}}, {"type": "Feature", "geometry": {"type": "Point", "coordinates": [-91.028829, 30.428829]}, "properties": {"crashes": 2, "injury": 2, "fatal": 0, "pedestrian": 0, "bicycle": 0, "density": 0.5, "year_range": "unknown"}}, {"type": "Feature", "geometry": {"type": "Point", "coordinates": [-91.037838, 30.423423]}, "properties": {"crashes": 1, "injury": 1, "fatal": 0, "pedestrian": 0, "bicycle": 0, "density": 0.2, "year_range": "unknown"}}, {"type": "Feature", "geometry": {"type": "Point", "coordinates": [-91.036036, 30.423423]}, "properties": {"crashes": 1, "injury": 1, "fatal": 0, "pedestrian": 0, "bicycle": 0, "density": 0.2, "year_range": "unknown"}}, {"type": "Feature", "geometry": {"type": "Point", "coordinates": [-91.041441, 30.423423]}, "properties": {"crashes": 3, "injury": 3, "fatal": 0, "pedestrian": 0, "bicycle": 0, "density": 0.8, "year_range": "unknown"}}, {"type": "Feature", "geometry": {"type": "Point", "coordinates": [-91.037838, 30.425225]}, "properties": {"crashes": 1, "injury": 1, "fatal": 0, "pedestrian": 0, "bicycle": 0, "density": 0.2, "year_range": "unknown"}}, {"type": "Feature", "geometry": {"type": "Point", "coordinates": [-91.03964, 30.430631]}, "properties": {"crashes": 2, "injury": 2, "fatal": 0, "pedestrian": 0, "bicycle": 0, "density": 0.5, "year_range": "unknown"}}, {"type": "Feature", "geometry": {"type": "Point", "coordinates": [-91.03964, 30.432432]}, "properties": {"crashes": 1, "injury": 1, "fatal": 0, "pedestrian": 0, "bicycle": 0, "density": 0.2, "year_range": "unknown"}}, {"type": "Feature", "geometry": {"type": "Point", "coordinates": [-91.048649, 30.432432]}, "properties": {"crashes": 44, "injury": 34, "fatal": 1, "pedestrian": 1, "bicycle": 0, "density": 11.0, "year_range": "unknown"}}, {"type": "Feature", "geometry": {"type": "Point", "coordinates": [-91.05045, 30.432432]}, "properties": {"crashes": 35, "injury": 27, "fatal": 0, "pedestrian": 0, "bicycle": 0, "density": 8.8, "year_range": "unknown"}}, {"type": "Feature", "geometry": {"type": "Point", "coordinates": [-91.05045, 30.430631]}, "properties": {"crashes": 13, "injury": 10, "fatal": 0, "pedestrian": 0, "bicycle": 0, "density": 3.2, "year_range": "unknown"}}, {"type": "Feature", "geometry": {"type": "Point", "coordinates": [-91.043243, 30.423423]}, "properties": {"crashes": 2, "injury": 2, "fatal": 0, "pedestrian": 0, "bicycle": 0, "density": 0.5, "year_range": "unknown"}}, {"type": "Feature", "geometry": {"type": "Point", "coordinates": [-91.041441, 30.425225]}, "properties": {"crashes": 2, "injury": 1, "fatal": 0, "pedestrian": 0, "bicycle": 0, "density": 0.5, "year_range": "unknown"}}, {"type": "Feature", "geometry": {"type": "Point", "coordinates": [-91.045045, 30.427027]}, "properties": {"crashes": 1, "injury": 1, "fatal": 0, "pedestrian": 0, "bicycle": 0, "density": 0.2, "year_range": "unknown"}}, {"type": "Feature", "geometry": {"type": "Point", "coordinates": [-91.045045, 30.430631]}, "properties": {"crashes": 1, "injury": 1, "fatal": 0, "pedestrian": 0, "bicycle": 0, "density": 0.2, "year_range": "unknown"}}, {"type": "Feature", "geometry": {"type": "Point", "coordinates": [-91.043243, 30.430631]}, "properties": {"crashes": 1, "injury": 1, "fatal": 0, "pedestrian": 0, "bicycle": 0, "density": 0.2, "year_range": "unknown"}}, {"type": "Feature", "geometry": {"type": "Point", "coordinates": [-91.048649, 30.423423]}, "properties": {"crashes": 3, "injury": 3, "fatal": 0, "pedestrian": 0, "bicycle": 0, "density": 0.8, "year_range": "unknown"}}, {"type": "Feature", "geometry": {"type": "Point", "coordinates": [-91.05045, 30.423423]}, "properties": {"crashes": 3, "injury": 2, "fatal": 0, "pedestrian": 0, "bicycle": 0, "density": 0.8, "year_range": "unknown"}}, {"type": "Feature", "geometry": {"type": "Point", "coordinates": [-91.048649, 30.427027]}, "properties": {"crashes": 3, "injury": 3, "fatal": 0, "pedestrian": 0, "bicycle": 0, "density": 0.8, "year_range": "unknown"}}, {"type": "Feature", "geometry": {"type": "Point", "coordinates": [-91.046847, 30.427027]}, "properties": {"crashes": 1, "injury": 0, "fatal": 0, "pedestrian": 0, "bicycle": 0, "density": 0.2, "year_range": "unknown"}}, {"type": "Feature", "geometry": {"type": "Point", "coordinates": [-91.05045, 30.428829]}, "properties": {"crashes": 1, "injury": 1, "fatal": 0, "pedestrian": 0, "bicycle": 0, "density": 0.2, "year_range": "unknown"}}, {"type": "Feature", "geometry": {"type": "Point", "coordinates": [-91.048649, 30.430631]}, "properties": {"crashes": 6, "injury": 6, "fatal": 0, "pedestrian": 0, "bicycle": 0, "density": 1.5, "year_range": "unknown"}}, {"type": "Feature", "geometry": {"type": "Point", "coordinates": [-91.05045, 30.421622]}, "properties": {"crashes": 12, "injury": 9, "fatal": 0, "pedestrian": 1, "bicycle": 0, "density": 3.0, "year_range": "unknown"}}, {"type": "Feature", "geometry": {"type": "Point", "coordinates": [-91.048649, 30.421622]}, "properties": {"crashes": 7, "injury": 7, "fatal": 0, "pedestrian": 0, "bicycle": 0, "density": 1.8, "year_range": "unknown"}}, {"type": "Feature", "geometry": {"type": "Point", "coordinates": [-91.048649, 30.41982]}, "properties": {"crashes": 3, "injury": 3, "fatal": 0, "pedestrian": 0, "bicycle": 0, "density": 0.8, "year_range": "unknown"}}, {"type": "Feature", "geometry": {"type": "Point", "coordinates": [-91.046847, 30.421622]}, "properties": {"crashes": 5, "injury": 4, "fatal": 0, "pedestrian": 1, "bicycle": 0, "density": 1.2, "year_range": "unknown"}}, {"type": "Feature", "geometry": {"type": "Point", "coordinates": [-91.046847, 30.41982]}, "properties": {"crashes": 6, "injury": 6, "fatal": 0, "pedestrian": 0, "bicycle": 0, "density": 1.5, "year_range": "unknown"}}, {"type": "Feature", "geometry": {"type": "Point", "coordinates": [-91.045045, 30.421622]}, "properties": {"crashes": 5, "injury": 5, "fatal": 0, "pedestrian": 0, "bicycle": 0, "density": 1.2, "year_range": "unknown"}}, {"type": "Feature", "geometry": {"type": "Point", "coordinates": [-91.045045, 30.41982]}, "properties": {"crashes": 2, "injury": 2, "fatal": 0, "pedestrian": 0, "bicycle": 0, "density": 0.5, "year_range": "unknown"}}, {"type": "Feature", "geometry": {"type": "Point", "coordinates": [-91.03964, 30.421622]}, "properties": {"crashes": 1, "injury": 0, "fatal": 0, "pedestrian": 0, "bicycle": 0, "density": 0.2, "year_range": "unknown"}}, {"type": "Feature", "geometry": {"type": "Point", "coordinates": [-91.032432, 30.421622]}, "properties": {"crashes": 1, "injury": 1, "fatal": 0, "pedestrian": 0, "bicycle": 0, "density": 0.2, "year_range": "unknown"}}, {"type": "Feature", "geometry": {"type": "Point", "coordinates": [-91.014414, 30.421622]}, "properties": {"crashes": 2, "injury": 2, "fatal": 0, "pedestrian": 0, "bicycle": 0, "density": 0.5, "year_range": "unknown"}}, {"type": "Feature", "geometry": {"type": "Point", "coordinates": [-91.052252, 30.41982]}, "properties": {"crashes": 69, "injury": 46, "fatal": 1, "pedestrian": 4, "bicycle": 0, "density": 17.2, "year_range": "unknown"}}, {"type": "Feature", "geometry": {"type": "Point", "coordinates": [-91.05045, 30.41982]}, "properties": {"crashes": 5, "injury": 5, "fatal": 0, "pedestrian": 0, "bicycle": 0, "density": 1.2, "year_range": "unknown"}}, {"type": "Feature", "geometry": {"type": "Point", "coordinates": [-91.052252, 30.416216]}, "properties": {"crashes": 10, "injury": 8, "fatal": 0, "pedestrian": 0, "bicycle": 0, "density": 2.5, "year_range": "unknown"}}, {"type": "Feature", "geometry": {"type": "Point", "coordinates": [-91.052252, 30.412613]}, "properties": {"crashes": 64, "injury": 54, "fatal": 0, "pedestrian": 1, "bicycle": 0, "density": 16.0, "year_range": "unknown"}}, {"type": "Feature", "geometry": {"type": "Point", "coordinates": [-91.052252, 30.414414]}, "properties": {"crashes": 32, "injury": 25, "fatal": 0, "pedestrian": 1, "bicycle": 0, "density": 8.0, "year_range": "unknown"}}, {"type": "Feature", "geometry": {"type": "Point", "coordinates": [-91.048649, 30.412613]}, "properties": {"crashes": 1, "injury": 1, "fatal": 0, "pedestrian": 0, "bicycle": 0, "density": 0.2, "year_range": "unknown"}}, {"type": "Feature", "geometry": {"type": "Point", "coordinates": [-91.05045, 30.412613]}, "properties": {"crashes": 4, "injury": 4, "fatal": 0, "pedestrian": 0, "bicycle": 0, "density": 1.0, "year_range": "unknown"}}, {"type": "Feature", "geometry": {"type": "Point", "coordinates": [-91.043243, 30.412613]}, "properties": {"crashes": 1, "injury": 1, "fatal": 0, "pedestrian": 0, "bicycle": 0, "density": 0.2, "year_range": "unknown"}}, {"type": "Feature", "geometry": {"type": "Point", "coordinates": [-91.045045, 30.414414]}, "properties": {"crashes": 1, "injury": 1, "fatal": 0, "pedestrian": 0, "bicycle": 0, "density": 0.2, "year_range": "unknown"}}, {"type": "Feature", "geometry": {"type": "Point", "coordinates": [-91.05045, 30.414414]}, "properties": {"crashes": 2, "injury": 2, "fatal": 0, "pedestrian": 0, "bicycle": 0, "density": 0.5, "year_range": "unknown"}}, {"type": "Feature", "geometry": {"type": "Point", "coordinates": [-91.05045, 30.416216]}, "properties": {"crashes": 1, "injury": 1, "fatal": 0, "pedestrian": 0, "bicycle": 0, "density": 0.2, "year_range": "unknown"}}, {"type": "Feature", "geometry": {"type": "Point", "coordinates": [-91.05045, 30.418018]}, "properties": {"crashes": 8, "injury": 8, "fatal": 0, "pedestrian": 0, "bicycle": 0, "density": 2.0, "year_range": "unknown"}}, {"type": "Feature", "geometry": {"type": "Point", "coordinates": [-91.045045, 30.410811]}, "properties": {"crashes": 17, "injury": 14, "fatal": 0, "pedestrian": 0, "bicycle": 0, "density": 4.2, "year_range": "unknown"}}, {"type": "Feature", "geometry": {"type": "Point", "coordinates": [-91.043243, 30.410811]}, "properties": {"crashes": 22, "injury": 20, "fatal": 0, "pedestrian": 0, "bicycle": 0, "density": 5.5, "year_range": "unknown"}}, {"type": "Feature", "geometry": {"type": "Point", "coordinates": [-91.046847, 30.410811]}, "properties": {"crashes": 24, "injury": 19, "fatal": 0, "pedestrian": 1, "bicycle": 0, "density": 6.0, "year_range": "unknown"}}, {"type": "Feature", "geometry": {"type": "Point", "coordinates": [-91.045045, 30.412613]}, "properties": {"crashes": 3, "injury": 3, "fatal": 0, "pedestrian": 0, "bicycle": 0, "density": 0.8, "year_range": "unknown"}}, {"type": "Feature", "geometry": {"type": "Point", "coordinates": [-91.046847, 30.412613]}, "properties": {"crashes": 2, "injury": 2, "fatal": 0, "pedestrian": 0, "bicycle": 0, "density": 0.5, "year_range": "unknown"}}, {"type": "Feature", "geometry": {"type": "Point", "coordinates": [-91.041441, 30.412613]}, "properties": {"crashes": 2, "injury": 2, "fatal": 0, "pedestrian": 0, "bicycle": 0, "density": 0.5, "year_range": "unknown"}}, {"type": "Feature", "geometry": {"type": "Point", "coordinates": [-91.03964, 30.412613]}, "properties": {"crashes": 1, "injury": 1, "fatal": 0, "pedestrian": 0, "bicycle": 0, "density": 0.2, "year_range": "unknown"}}, {"type": "Feature", "geometry": {"type": "Point", "coordinates": [-91.037838, 30.410811]}, "properties": {"crashes": 35, "injury": 27, "fatal": 0, "pedestrian": 1, "bicycle": 0, "density": 8.8, "year_range": "unknown"}}, {"type": "Feature", "geometry": {"type": "Point", "coordinates": [-91.037838, 30.414414]}, "properties": {"crashes": 1, "injury": 1, "fatal": 0, "pedestrian": 0, "bicycle": 0, "density": 0.2, "year_range": "unknown"}}, {"type": "Feature", "geometry": {"type": "Point", "coordinates": [-91.036036, 30.412613]}, "properties": {"crashes": 2, "injury": 2, "fatal": 0, "pedestrian": 0, "bicycle": 0, "density": 0.5, "year_range": "unknown"}}, {"type": "Feature", "geometry": {"type": "Point", "coordinates": [-91.036036, 30.410811]}, "properties": {"crashes": 88, "injury": 62, "fatal": 0, "pedestrian": 0, "bicycle": 0, "density": 22.0, "year_range": "unknown"}}, {"type": "Feature", "geometry": {"type": "Point", "coordinates": [-91.036036, 30.416216]}, "properties": {"crashes": 3, "injury": 3, "fatal": 0, "pedestrian": 0, "bicycle": 0, "density": 0.8, "year_range": "unknown"}}, {"type": "Feature", "geometry": {"type": "Point", "coordinates": [-91.036036, 30.414414]}, "properties": {"crashes": 1, "injury": 0, "fatal": 0, "pedestrian": 0, "bicycle": 0, "density": 0.2, "year_range": "unknown"}}, {"type": "Feature", "geometry": {"type": "Point", "coordinates": [-91.014414, 30.414414]}, "properties": {"crashes": 1, "injury": 0, "fatal": 0, "pedestrian": 0, "bicycle": 0, "density": 0.2, "year_range": "unknown"}}, {"type": "Feature", "geometry": {"type": "Point", "coordinates": [-91.014414, 30.418018]}, "properties": {"crashes": 4, "injury": 3, "fatal": 0, "pedestrian": 0, "bicycle": 0, "density": 1.0, "year_range": "unknown"}}, {"type": "Feature", "geometry": {"type": "Point", "coordinates": [-91.043243, 30.416216]}, "properties": {"crashes": 1, "injury": 1, "fatal": 0, "pedestrian": 0, "bicycle": 0, "density": 0.2, "year_range": "unknown"}}, {"type": "Feature", "geometry": {"type": "Point", "coordinates": [-91.041441, 30.414414]}, "properties": {"crashes": 2, "injury": 2, "fatal": 0, "pedestrian": 0, "bicycle": 0, "density": 0.5, "year_range": "unknown"}}, {"type": "Feature", "geometry": {"type": "Point", "coordinates": [-91.048649, 30.410811]}, "properties": {"crashes": 20, "injury": 19, "fatal": 0, "pedestrian": 0, "bicycle": 0, "density": 5.0, "year_range": "unknown"}}, {"type": "Feature", "geometry": {"type": "Point", "coordinates": [-91.05045, 30.410811]}, "properties": {"crashes": 43, "injury": 34, "fatal": 0, "pedestrian": 1, "bicycle": 0, "density": 10.8, "year_range": "unknown"}}, {"type": "Feature", "geometry": {"type": "Point", "coordinates": [-91.041441, 30.410811]}, "properties": {"crashes": 27, "injury": 20, "fatal": 0, "pedestrian": 0, "bicycle": 0, "density": 6.8, "year_range": "unknown"}}, {"type": "Feature", "geometry": {"type": "Point", "coordinates": [-91.03964, 30.410811]}, "properties": {"crashes": 18, "injury": 16, "fatal": 0, "pedestrian": 0, "bicycle": 0, "density": 4.5, "year_range": "unknown"}}, {"type": "Feature", "geometry": {"type": "Point", "coordinates": [-91.030631, 30.410811]}, "properties": {"crashes": 1, "injury": 1, "fatal": 0, "pedestrian": 0, "bicycle": 0, "density": 0.2, "year_range": "unknown"}}, {"type": "Feature", "geometry": {"type": "Point", "coordinates": [-91.054054, 30.410811]}, "properties": {"crashes": 26, "injury": 17, "fatal": 0, "pedestrian": 0, "bicycle": 0, "density": 6.5, "year_range": "unknown"}}, {"type": "Feature", "geometry": {"type": "Point", "coordinates": [-91.023423, 30.427027]}, "properties": {"crashes": 2, "injury": 2, "fatal": 0, "pedestrian": 0, "bicycle": 0, "density": 0.5, "year_range": "unknown"}}, {"type": "Feature", "geometry": {"type": "Point", "coordinates": [-91.014414, 30.423423]}, "properties": {"crashes": 9, "injury": 9, "fatal": 0, "pedestrian": 0, "bicycle": 0, "density": 2.2, "year_range": "unknown"}}, {"type": "Feature", "geometry": {"type": "Point", "coordinates": [-91.014414, 30.425225]}, "properties": {"crashes": 11, "injury": 8, "fatal": 0, "pedestrian": 0, "bicycle": 0, "density": 2.8, "year_range": "unknown"}}, {"type": "Feature", "geometry": {"type": "Point", "coordinates": [-91.122523, 30.45045]}, "properties": {"crashes": 13, "injury": 10, "fatal": 0, "pedestrian": 0, "bicycle": 0, "density": 3.2, "year_range": "unknown"}}, {"type": "Feature", "geometry": {"type": "Point", "coordinates": [-91.12973, 30.45045]}, "properties": {"crashes": 13, "injury": 10, "fatal": 1, "pedestrian": 1, "bicycle": 0, "density": 3.2, "year_range": "unknown"}}, {"type": "Feature", "geometry": {"type": "Point", "coordinates": [-91.124324, 30.445045]}, "properties": {"crashes": 9, "injury": 7, "fatal": 0, "pedestrian": 0, "bicycle": 0, "density": 2.2, "year_range": "unknown"}}, {"type": "Feature", "geometry": {"type": "Point", "coordinates": [-91.122523, 30.445045]}, "properties": {"crashes": 3, "injury": 3, "fatal": 0, "pedestrian": 0, "bicycle": 0, "density": 0.8, "year_range": "unknown"}}, {"type": "Feature", "geometry": {"type": "Point", "coordinates": [-91.127928, 30.445045]}, "properties": {"crashes": 24, "injury": 20, "fatal": 0, "pedestrian": 1, "bicycle": 0, "density": 6.0, "year_range": "unknown"}}, {"type": "Feature", "geometry": {"type": "Point", "coordinates": [-91.126126, 30.445045]}, "properties": {"crashes": 8, "injury": 8, "fatal": 0, "pedestrian": 1, "bicycle": 0, "density": 2.0, "year_range": "unknown"}}, {"type": "Feature", "geometry": {"type": "Point", "coordinates": [-91.127928, 30.446847]}, "properties": {"crashes": 2, "injury": 1, "fatal": 0, "pedestrian": 0, "bicycle": 0, "density": 0.5, "year_range": "unknown"}}, {"type": "Feature", "geometry": {"type": "Point", "coordinates": [-91.124324, 30.446847]}, "properties": {"crashes": 5, "injury": 5, "fatal": 0, "pedestrian": 0, "bicycle": 0, "density": 1.2, "year_range": "unknown"}}, {"type": "Feature", "geometry": {"type": "Point", "coordinates": [-91.127928, 30.448649]}, "properties": {"crashes": 2, "injury": 0, "fatal": 0, "pedestrian": 0, "bicycle": 0, "density": 0.5, "year_range": "unknown"}}, {"type": "Feature", "geometry": {"type": "Point", "coordinates": [-91.12973, 30.445045]}, "properties": {"crashes": 28, "injury": 19, "fatal": 0, "pedestrian": 0, "bicycle": 0, "density": 7.0, "year_range": "unknown"}}, {"type": "Feature", "geometry": {"type": "Point", "coordinates": [-91.131532, 30.45045]}, "properties": {"crashes": 47, "injury": 25, "fatal": 0, "pedestrian": 0, "bicycle": 0, "density": 11.8, "year_range": "unknown"}}, {"type": "Feature", "geometry": {"type": "Point", "coordinates": [-91.120721, 30.445045]}, "properties": {"crashes": 4, "injury": 2, "fatal": 0, "pedestrian": 0, "bicycle": 0, "density": 1.0, "year_range": "unknown"}}, {"type": "Feature", "geometry": {"type": "Point", "coordinates": [-91.118919, 30.445045]}, "properties": {"crashes": 2, "injury": 0, "fatal": 0, "pedestrian": 0, "bicycle": 0, "density": 0.5, "year_range": "unknown"}}, {"type": "Feature", "geometry": {"type": "Point", "coordinates": [-91.122523, 30.448649]}, "properties": {"crashes": 1, "injury": 1, "fatal": 0, "pedestrian": 0, "bicycle": 0, "density": 0.2, "year_range": "unknown"}}, {"type": "Feature", "geometry": {"type": "Point", "coordinates": [-91.127928, 30.441441]}, "properties": {"crashes": 2, "injury": 2, "fatal": 0, "pedestrian": 0, "bicycle": 0, "density": 0.5, "year_range": "unknown"}}, {"type": "Feature", "geometry": {"type": "Point", "coordinates": [-91.126126, 30.441441]}, "properties": {"crashes": 2, "injury": 1, "fatal": 0, "pedestrian": 0, "bicycle": 0, "density": 0.5, "year_range": "unknown"}}, {"type": "Feature", "geometry": {"type": "Point", "coordinates": [-91.124324, 30.441441]}, "properties": {"crashes": 1, "injury": 1, "fatal": 0, "pedestrian": 0, "bicycle": 0, "density": 0.2, "year_range": "unknown"}}, {"type": "Feature", "geometry": {"type": "Point", "coordinates": [-91.124324, 30.443243]}, "properties": {"crashes": 3, "injury": 2, "fatal": 0, "pedestrian": 1, "bicycle": 0, "density": 0.8, "year_range": "unknown"}}, {"type": "Feature", "geometry": {"type": "Point", "coordinates": [-91.124324, 30.437838]}, "properties": {"crashes": 1, "injury": 1, "fatal": 0, "pedestrian": 0, "bicycle": 0, "density": 0.2, "year_range": "unknown"}}, {"type": "Feature", "geometry": {"type": "Point", "coordinates": [-91.122523, 30.434234]}, "properties": {"crashes": 14, "injury": 8, "fatal": 0, "pedestrian": 1, "bicycle": 0, "density": 3.5, "year_range": "unknown"}}, {"type": "Feature", "geometry": {"type": "Point", "coordinates": [-91.120721, 30.436036]}, "properties": {"crashes": 2, "injury": 2, "fatal": 0, "pedestrian": 0, "bicycle": 0, "density": 0.5, "year_range": "unknown"}}, {"type": "Feature", "geometry": {"type": "Point", "coordinates": [-91.122523, 30.437838]}, "properties": {"crashes": 4, "injury": 2, "fatal": 0, "pedestrian": 0, "bicycle": 0, "density": 1.0, "year_range": "unknown"}}, {"type": "Feature", "geometry": {"type": "Point", "coordinates": [-91.120721, 30.441441]}, "properties": {"crashes": 2, "injury": 2, "fatal": 0, "pedestrian": 0, "bicycle": 0, "density": 0.5, "year_range": "unknown"}}, {"type": "Feature", "geometry": {"type": "Point", "coordinates": [-91.122523, 30.441441]}, "properties": {"crashes": 1, "injury": 1, "fatal": 0, "pedestrian": 0, "bicycle": 0, "density": 0.2, "year_range": "unknown"}}, {"type": "Feature", "geometry": {"type": "Point", "coordinates": [-91.120721, 30.443243]}, "properties": {"crashes": 1, "injury": 1, "fatal": 0, "pedestrian": 0, "bicycle": 0, "density": 0.2, "year_range": "unknown"}}, {"type": "Feature", "geometry": {"type": "Point", "coordinates": [-91.111712, 30.434234]}, "properties": {"crashes": 41, "injury": 31, "fatal": 0, "pedestrian": 0, "bicycle": 0, "density": 10.2, "year_range": "unknown"}}, {"type": "Feature", "geometry": {"type": "Point", "coordinates": [-91.113514, 30.43964]}, "properties": {"crashes": 1, "injury": 1, "fatal": 0, "pedestrian": 0, "bicycle": 0, "density": 0.2, "year_range": "unknown"}}, {"type": "Feature", "geometry": {"type": "Point", "coordinates": [-91.117117, 30.441441]}, "properties": {"crashes": 1, "injury": 1, "fatal": 0, "pedestrian": 0, "bicycle": 0, "density": 0.2, "year_range": "unknown"}}, {"type": "Feature", "geometry": {"type": "Point", "coordinates": [-91.115315, 30.445045]}, "properties": {"crashes": 5, "injury": 5, "fatal": 0, "pedestrian": 0, "bicycle": 0, "density": 1.2, "year_range": "unknown"}}, {"type": "Feature", "geometry": {"type": "Point", "coordinates": [-91.117117, 30.445045]}, "properties": {"crashes": 2, "injury": 1, "fatal": 0, "pedestrian": 1, "bicycle": 0, "density": 0.5, "year_range": "unknown"}}, {"type": "Feature", "geometry": {"type": "Point", "coordinates": [-91.120721, 30.432432]}, "properties": {"crashes": 1, "injury": 1, "fatal": 0, "pedestrian": 0, "bicycle": 0, "density": 0.2, "year_range": "unknown"}}, {"type": "Feature", "geometry": {"type": "Point", "coordinates": [-91.120721, 30.434234]}, "properties": {"crashes": 13, "injury": 8, "fatal": 0, "pedestrian": 0, "bicycle": 0, "density": 3.2, "year_range": "unknown"}}, {"type": "Feature", "geometry": {"type": "Point", "coordinates": [-91.124324, 30.434234]}, "properties": {"crashes": 1, "injury": 1, "fatal": 0, "pedestrian": 0, "bicycle": 0, "density": 0.2, "year_range": "unknown"}}, {"type": "Feature", "geometry": {"type": "Point", "coordinates": [-91.124324, 30.436036]}, "properties": {"crashes": 1, "injury": 1, "fatal": 0, "pedestrian": 0, "bicycle": 0, "density": 0.2, "year_range": "unknown"}}, {"type": "Feature", "geometry": {"type": "Point", "coordinates": [-91.126126, 30.437838]}, "properties": {"crashes": 16, "injury": 13, "fatal": 0, "pedestrian": 1, "bicycle": 0, "density": 4.0, "year_range": "unknown"}}, {"type": "Feature", "geometry": {"type": "Point", "coordinates": [-91.111712, 30.443243]}, "properties": {"crashes": 8, "injury": 5, "fatal": 0, "pedestrian": 0, "bicycle": 0, "density": 2.0, "year_range": "unknown"}}, {"type": "Feature", "geometry": {"type": "Point", "coordinates": [-91.10991, 30.443243]}, "properties": {"crashes": 27, "injury": 20, "fatal": 0, "pedestrian": 1, "bicycle": 0, "density": 6.8, "year_range": "unknown"}}, {"type": "Feature", "geometry": {"type": "Point", "coordinates": [-91.111712, 30.445045]}, "properties": {"crashes": 40, "injury": 31, "fatal": 0, "pedestrian": 0, "bicycle": 0, "density": 10.0, "year_range": "unknown"}}, {"type": "Feature", "geometry": {"type": "Point", "coordinates": [-91.113514, 30.445045]}, "properties": {"crashes": 3, "injury": 2, "fatal": 0, "pedestrian": 0, "bicycle": 0, "density": 0.8, "year_range": "unknown"}}, {"type": "Feature", "geometry": {"type": "Point", "coordinates": [-91.111712, 30.441441]}, "properties": {"crashes": 6, "injury": 5, "fatal": 0, "pedestrian": 0, "bicycle": 0, "density": 1.5, "year_range": "unknown"}}, {"type": "Feature", "geometry": {"type": "Point", "coordinates": [-91.10991, 30.441441]}, "properties": {"crashes": 54, "injury": 45, "fatal": 0, "pedestrian": 1, "bicycle": 0, "density": 13.5, "year_range": "unknown"}}, {"type": "Feature", "geometry": {"type": "Point", "coordinates": [-91.115315, 30.441441]}, "properties": {"crashes": 2, "injury": 1, "fatal": 0, "pedestrian": 0, "bicycle": 0, "density": 0.5, "year_range": "unknown"}}, {"type": "Feature", "geometry": {"type": "Point", "coordinates": [-91.10991, 30.437838]}, "properties": {"crashes": 7, "injury": 4, "fatal": 0, "pedestrian": 0, "bicycle": 0, "density": 1.8, "year_range": "unknown"}}, {"type": "Feature", "geometry": {"type": "Point", "coordinates": [-91.10991, 30.43964]}, "properties": {"crashes": 12, "injury": 8, "fatal": 0, "pedestrian": 0, "bicycle": 0, "density": 3.0, "year_range": "unknown"}}, {"type": "Feature", "geometry": {"type": "Point", "coordinates": [-91.111712, 30.43964]}, "properties": {"crashes": 1, "injury": 0, "fatal": 0, "pedestrian": 0, "bicycle": 0, "density": 0.2, "year_range": "unknown"}}, {"type": "Feature", "geometry": {"type": "Point", "coordinates": [-91.118919, 30.434234]}, "properties": {"crashes": 4, "injury": 4, "fatal": 0, "pedestrian": 0, "bicycle": 0, "density": 1.0, "year_range": "unknown"}}, {"type": "Feature", "geometry": {"type": "Point", "coordinates": [-91.117117, 30.434234]}, "properties": {"crashes": 10, "injury": 5, "fatal": 0, "pedestrian": 1, "bicycle": 0, "density": 2.5, "year_range": "unknown"}}, {"type": "Feature", "geometry": {"type": "Point", "coordinates": [-91.115315, 30.434234]}, "properties": {"crashes": 12, "injury": 5, "fatal": 0, "pedestrian": 0, "bicycle": 0, "density": 3.0, "year_range": "unknown"}}, {"type": "Feature", "geometry": {"type": "Point", "coordinates": [-91.113514, 30.434234]}, "properties": {"crashes": 20, "injury": 16, "fatal": 0, "pedestrian": 1, "bicycle": 0, "density": 5.0, "year_range": "unknown"}}, {"type": "Feature", "geometry": {"type": "Point", "coordinates": [-91.111712, 30.436036]}, "properties": {"crashes": 1, "injury": 1, "fatal": 0, "pedestrian": 0, "bicycle": 0, "density": 0.2, "year_range": "unknown"}}, {"type": "Feature", "geometry": {"type": "Point", "coordinates": [-91.10991, 30.434234]}, "properties": {"crashes": 17, "injury": 15, "fatal": 0, "pedestrian": 0, "bicycle": 0, "density": 4.2, "year_range": "unknown"}}, {"type": "Feature", "geometry": {"type": "Point", "coordinates": [-91.10991, 30.436036]}, "properties": {"crashes": 7, "injury": 5, "fatal": 0, "pedestrian": 0, "bicycle": 0, "density": 1.8, "year_range": "unknown"}}, {"type": "Feature", "geometry": {"type": "Point", "coordinates": [-91.111712, 30.432432]}, "properties": {"crashes": 7, "injury": 6, "fatal": 0, "pedestrian": 0, "bicycle": 0, "density": 1.8, "year_range": "unknown"}}, {"type": "Feature", "geometry": {"type": "Point", "coordinates": [-91.10991, 30.432432]}, "properties": {"crashes": 78, "injury": 67, "fatal": 0, "pedestrian": 0, "bicycle": 0, "density": 19.5, "year_range": "unknown"}}, {"type": "Feature", "geometry": {"type": "Point", "coordinates": [-91.117117, 30.432432]}, "properties": {"crashes": 2, "injury": 0, "fatal": 0, "pedestrian": 0, "bicycle": 0, "density": 0.5, "year_range": "unknown"}}, {"type": "Feature", "geometry": {"type": "Point", "coordinates": [-91.115315, 30.432432]}, "properties": {"crashes": 2, "injury": 1, "fatal": 0, "pedestrian": 0, "bicycle": 0, "density": 0.5, "year_range": "unknown"}}, {"type": "Feature", "geometry": {"type": "Point", "coordinates": [-91.111712, 30.430631]}, "properties": {"crashes": 31, "injury": 26, "fatal": 0, "pedestrian": 0, "bicycle": 0, "density": 7.8, "year_range": "unknown"}}, {"type": "Feature", "geometry": {"type": "Point", "coordinates": [-91.111712, 30.446847]}, "properties": {"crashes": 7, "injury": 5, "fatal": 0, "pedestrian": 0, "bicycle": 0, "density": 1.8, "year_range": "unknown"}}, {"type": "Feature", "geometry": {"type": "Point", "coordinates": [-91.111712, 30.448649]}, "properties": {"crashes": 11, "injury": 9, "fatal": 0, "pedestrian": 0, "bicycle": 0, "density": 2.8, "year_range": "unknown"}}, {"type": "Feature", "geometry": {"type": "Point", "coordinates": [-91.113514, 30.446847]}, "properties": {"crashes": 1, "injury": 1, "fatal": 0, "pedestrian": 0, "bicycle": 0, "density": 0.2, "year_range": "unknown"}}, {"type": "Feature", "geometry": {"type": "Point", "coordinates": [-91.117117, 30.45045]}, "properties": {"crashes": 2, "injury": 2, "fatal": 0, "pedestrian": 0, "bicycle": 0, "density": 0.5, "year_range": "unknown"}}, {"type": "Feature", "geometry": {"type": "Point", "coordinates": [-91.117117, 30.448649]}, "properties": {"crashes": 3, "injury": 3, "fatal": 0, "pedestrian": 0, "bicycle": 0, "density": 0.8, "year_range": "unknown"}}, {"type": "Feature", "geometry": {"type": "Point", "coordinates": [-91.115315, 30.45045]}, "properties": {"crashes": 5, "injury": 5, "fatal": 0, "pedestrian": 0, "bicycle": 0, "density": 1.2, "year_range": "unknown"}}, {"type": "Feature", "geometry": {"type": "Point", "coordinates": [-91.120721, 30.45045]}, "properties": {"crashes": 1, "injury": 0, "fatal": 0, "pedestrian": 0, "bicycle": 0, "density": 0.2, "year_range": "unknown"}}, {"type": "Feature", "geometry": {"type": "Point", "coordinates": [-91.118919, 30.448649]}, "properties": {"crashes": 1, "injury": 1, "fatal": 0, "pedestrian": 0, "bicycle": 0, "density": 0.2, "year_range": "unknown"}}, {"type": "Feature", "geometry": {"type": "Point", "coordinates": [-91.118919, 30.45045]}, "properties": {"crashes": 1, "injury": 1, "fatal": 0, "pedestrian": 0, "bicycle": 0, "density": 0.2, "year_range": "unknown"}}, {"type": "Feature", "geometry": {"type": "Point", "coordinates": [-91.108108, 30.441441]}, "properties": {"crashes": 1, "injury": 0, "fatal": 0, "pedestrian": 0, "bicycle": 0, "density": 0.2, "year_range": "unknown"}}, {"type": "Feature", "geometry": {"type": "Point", "coordinates": [-91.106306, 30.441441]}, "properties": {"crashes": 1, "injury": 1, "fatal": 0, "pedestrian": 0, "bicycle": 0, "density": 0.2, "year_range": "unknown"}}, {"type": "Feature", "geometry": {"type": "Point", "coordinates": [-91.104505, 30.441441]}, "properties": {"crashes": 1, "injury": 1, "fatal": 0, "pedestrian": 0, "bicycle": 0, "density": 0.2, "year_range": "unknown"}}, {"type": "Feature", "geometry": {"type": "Point", "coordinates": [-91.108108, 30.43964]}, "properties": {"crashes": 1, "injury": 1, "fatal": 0, "pedestrian": 0, "bicycle": 0, "density": 0.2, "year_range": "unknown"}}, {"type": "Feature", "geometry": {"type": "Point", "coordinates": [-91.108108, 30.434234]}, "properties": {"crashes": 2, "injury": 2, "fatal": 0, "pedestrian": 0, "bicycle": 0, "density": 0.5, "year_range": "unknown"}}, {"type": "Feature", "geometry": {"type": "Point", "coordinates": [-91.106306, 30.436036]}, "properties": {"crashes": 4, "injury": 3, "fatal": 0, "pedestrian": 0, "bicycle": 0, "density": 1.0, "year_range": "unknown"}}, {"type": "Feature", "geometry": {"type": "Point", "coordinates": [-91.102703, 30.434234]}, "properties": {"crashes": 6, "injury": 4, "fatal": 0, "pedestrian": 0, "bicycle": 0, "density": 1.5, "year_range": "unknown"}}, {"type": "Feature", "geometry": {"type": "Point", "coordinates": [-91.10991, 30.430631]}, "properties": {"crashes": 126, "injury": 112, "fatal": 0, "pedestrian": 0, "bicycle": 0, "density": 31.5, "year_range": "unknown"}}, {"type": "Feature", "geometry": {"type": "Point", "coordinates": [-91.108108, 30.430631]}, "properties": {"crashes": 53, "injury": 47, "fatal": 0, "pedestrian": 1, "bicycle": 0, "density": 13.2, "year_range": "unknown"}}, {"type": "Feature", "geometry": {"type": "Point", "coordinates": [-91.081081, 30.432432]}, "properties": {"crashes": 330, "injury": 269, "fatal": 0, "pedestrian": 3, "bicycle": 0, "density": 82.5, "year_range": "unknown"}}, {"type": "Feature", "geometry": {"type": "Point", "coordinates": [-91.082883, 30.432432]}, "properties": {"crashes": 17, "injury": 17, "fatal": 0, "pedestrian": 0, "bicycle": 0, "density": 4.2, "year_range": "unknown"}}, {"type": "Feature", "geometry": {"type": "Point", "coordinates": [-91.082883, 30.430631]}, "properties": {"crashes": 31, "injury": 23, "fatal": 0, "pedestrian": 1, "bicycle": 0, "density": 7.8, "year_range": "unknown"}}, {"type": "Feature", "geometry": {"type": "Point", "coordinates": [-91.081081, 30.430631]}, "properties": {"crashes": 101, "injury": 88, "fatal": 0, "pedestrian": 2, "bicycle": 0, "density": 25.2, "year_range": "unknown"}}, {"type": "Feature", "geometry": {"type": "Point", "coordinates": [-91.084685, 30.430631]}, "properties": {"crashes": 57, "injury": 44, "fatal": 0, "pedestrian": 0, "bicycle": 0, "density": 14.2, "year_range": "unknown"}}, {"type": "Feature", "geometry": {"type": "Point", "coordinates": [-91.084685, 30.432432]}, "properties": {"crashes": 23, "injury": 21, "fatal": 0, "pedestrian": 0, "bicycle": 0, "density": 5.8, "year_range": "unknown"}}, {"type": "Feature", "geometry": {"type": "Point", "coordinates": [-91.088288, 30.430631]}, "properties": {"crashes": 10, "injury": 6, "fatal": 0, "pedestrian": 0, "bicycle": 0, "density": 2.5, "year_range": "unknown"}}, {"type": "Feature", "geometry": {"type": "Point", "coordinates": [-91.106306, 30.430631]}, "properties": {"crashes": 8, "injury": 7, "fatal": 0, "pedestrian": 0, "bicycle": 0, "density": 2.0, "year_range": "unknown"}}, {"type": "Feature", "geometry": {"type": "Point", "coordinates": [-91.102703, 30.430631]}, "properties": {"crashes": 8, "injury": 4, "fatal": 0, "pedestrian": 0, "bicycle": 0, "density": 2.0, "year_range": "unknown"}}, {"type": "Feature", "geometry": {"type": "Point", "coordinates": [-91.091892, 30.432432]}, "properties": {"crashes": 8, "injury": 6, "fatal": 0, "pedestrian": 0, "bicycle": 0, "density": 2.0, "year_range": "unknown"}}, {"type": "Feature", "geometry": {"type": "Point", "coordinates": [-91.091892, 30.430631]}, "properties": {"crashes": 29, "injury": 18, "fatal": 0, "pedestrian": 0, "bicycle": 0, "density": 7.2, "year_range": "unknown"}}, {"type": "Feature", "geometry": {"type": "Point", "coordinates": [-91.095495, 30.452252]}, "properties": {"crashes": 51, "injury": 43, "fatal": 0, "pedestrian": 2, "bicycle": 0, "density": 12.8, "year_range": "unknown"}}, {"type": "Feature", "geometry": {"type": "Point", "coordinates": [-91.097297, 30.452252]}, "properties": {"crashes": 13, "injury": 11, "fatal": 0, "pedestrian": 0, "bicycle": 0, "density": 3.2, "year_range": "unknown"}}, {"type": "Feature", "geometry": {"type": "Point", "coordinates": [-91.099099, 30.452252]}, "properties": {"crashes": 31, "injury": 23, "fatal": 0, "pedestrian": 0, "bicycle": 0, "density": 7.8, "year_range": "unknown"}}, {"type": "Feature", "geometry": {"type": "Point", "coordinates": [-91.100901, 30.452252]}, "properties": {"crashes": 32, "injury": 27, "fatal": 0, "pedestrian": 1, "bicycle": 0, "density": 8.0, "year_range": "unknown"}}, {"type": "Feature", "geometry": {"type": "Point", "coordinates": [-91.093694, 30.45045]}, "properties": {"crashes": 37, "injury": 27, "fatal": 0, "pedestrian": 0, "bicycle": 0, "density": 9.2, "year_range": "unknown"}}, {"type": "Feature", "geometry": {"type": "Point", "coordinates": [-91.093694, 30.448649]}, "properties": {"crashes": 23, "injury": 18, "fatal": 0, "pedestrian": 0, "bicycle": 0, "density": 5.8, "year_range": "unknown"}}, {"type": "Feature", "geometry": {"type": "Point", "coordinates": [-91.091892, 30.446847]}, "properties": {"crashes": 82, "injury": 60, "fatal": 1, "pedestrian": 0, "bicycle": 0, "density": 20.5, "year_range": "unknown"}}, {"type": "Feature", "geometry": {"type": "Point", "coordinates": [-91.091892, 30.448649]}, "properties": {"crashes": 27, "injury": 24, "fatal": 0, "pedestrian": 0, "bicycle": 0, "density": 6.8, "year_range": "unknown"}}, {"type": "Feature", "geometry": {"type": "Point", "coordinates": [-91.093694, 30.446847]}, "properties": {"crashes": 3, "injury": 3, "fatal": 0, "pedestrian": 0, "bicycle": 0, "density": 0.8, "year_range": "unknown"}}, {"type": "Feature", "geometry": {"type": "Point", "coordinates": [-91.091892, 30.445045]}, "properties": {"crashes": 6, "injury": 6, "fatal": 0, "pedestrian": 0, "bicycle": 0, "density": 1.5, "year_range": "unknown"}}, {"type": "Feature", "geometry": {"type": "Point", "coordinates": [-91.09009, 30.445045]}, "properties": {"crashes": 35, "injury": 26, "fatal": 0, "pedestrian": 0, "bicycle": 0, "density": 8.8, "year_range": "unknown"}}, {"type": "Feature", "geometry": {"type": "Point", "coordinates": [-91.09009, 30.443243]}, "properties": {"crashes": 68, "injury": 58, "fatal": 0, "pedestrian": 0, "bicycle": 0, "density": 17.0, "year_range": "unknown"}}, {"type": "Feature", "geometry": {"type": "Point", "coordinates": [-91.093694, 30.443243]}, "properties": {"crashes": 11, "injury": 10, "fatal": 0, "pedestrian": 0, "bicycle": 0, "density": 2.8, "year_range": "unknown"}}, {"type": "Feature", "geometry": {"type": "Point", "coordinates": [-91.088288, 30.443243]}, "properties": {"crashes": 191, "injury": 139, "fatal": 0, "pedestrian": 4, "bicycle": 0, "density": 47.8, "year_range": "unknown"}}, {"type": "Feature", "geometry": {"type": "Point", "coordinates": [-91.091892, 30.443243]}, "properties": {"crashes": 7, "injury": 4, "fatal": 0, "pedestrian": 0, "bicycle": 0, "density": 1.8, "year_range": "unknown"}}, {"type": "Feature", "geometry": {"type": "Point", "coordinates": [-91.097297, 30.445045]}, "properties": {"crashes": 13, "injury": 11, "fatal": 0, "pedestrian": 0, "bicycle": 0, "density": 3.2, "year_range": "unknown"}}, {"type": "Feature", "geometry": {"type": "Point", "coordinates": [-91.097297, 30.443243]}, "properties": {"crashes": 10, "injury": 6, "fatal": 0, "pedestrian": 0, "bicycle": 0, "density": 2.5, "year_range": "unknown"}}, {"type": "Feature", "geometry": {"type": "Point", "coordinates": [-91.095495, 30.446847]}, "properties": {"crashes": 6, "injury": 6, "fatal": 0, "pedestrian": 0, "bicycle": 0, "density": 1.5, "year_range": "unknown"}}, {"type": "Feature", "geometry": {"type": "Point", "coordinates": [-91.095495, 30.445045]}, "properties": {"crashes": 2, "injury": 2, "fatal": 0, "pedestrian": 0, "bicycle": 0, "density": 0.5, "year_range": "unknown"}}, {"type": "Feature", "geometry": {"type": "Point", "coordinates": [-91.095495, 30.443243]}, "properties": {"crashes": 46, "injury": 35, "fatal": 0, "pedestrian": 2, "bicycle": 0, "density": 11.5, "year_range": "unknown"}}, {"type": "Feature", "geometry": {"type": "Point", "coordinates": [-91.099099, 30.443243]}, "properties": {"crashes": 19, "injury": 11, "fatal": 0, "pedestrian": 0, "bicycle": 0, "density": 4.8, "year_range": "unknown"}}, {"type": "Feature", "geometry": {"type": "Point", "coordinates": [-91.093694, 30.437838]}, "properties": {"crashes": 2, "injury": 1, "fatal": 0, "pedestrian": 0, "bicycle": 0, "density": 0.5, "year_range": "unknown"}}, {"type": "Feature", "geometry": {"type": "Point", "coordinates": [-91.093694, 30.43964]}, "properties": {"crashes": 1, "injury": 1, "fatal": 0, "pedestrian": 0, "bicycle": 0, "density": 0.2, "year_range": "unknown"}}, {"type": "Feature", "geometry": {"type": "Point", "coordinates": [-91.095495, 30.43964]}, "properties": {"crashes": 4, "injury": 3, "fatal": 0, "pedestrian": 0, "bicycle": 0, "density": 1.0, "year_range": "unknown"}}, {"type": "Feature", "geometry": {"type": "Point", "coordinates": [-91.099099, 30.43964]}, "properties": {"crashes": 2, "injury": 2, "fatal": 0, "pedestrian": 0, "bicycle": 0, "density": 0.5, "year_range": "unknown"}}, {"type": "Feature", "geometry": {"type": "Point", "coordinates": [-91.099099, 30.441441]}, "properties": {"crashes": 2, "injury": 2, "fatal": 0, "pedestrian": 0, "bicycle": 0, "density": 0.5, "year_range": "unknown"}}, {"type": "Feature", "geometry": {"type": "Point", "coordinates": [-91.095495, 30.441441]}, "properties": {"crashes": 3, "injury": 2, "fatal": 0, "pedestrian": 1, "bicycle": 0, "density": 0.8, "year_range": "unknown"}}, {"type": "Feature", "geometry": {"type": "Point", "coordinates": [-91.093694, 30.441441]}, "properties": {"crashes": 1, "injury": 1, "fatal": 0, "pedestrian": 0, "bicycle": 0, "density": 0.2, "year_range": "unknown"}}, {"type": "Feature", "geometry": {"type": "Point", "coordinates": [-91.088288, 30.441441]}, "properties": {"crashes": 28, "injury": 20, "fatal": 0, "pedestrian": 1, "bicycle": 0, "density": 7.0, "year_range": "unknown"}}, {"type": "Feature", "geometry": {"type": "Point", "coordinates": [-91.086486, 30.43964]}, "properties": {"crashes": 57, "injury": 37, "fatal": 0, "pedestrian": 1, "bicycle": 0, "density": 14.2, "year_range": "unknown"}}, {"type": "Feature", "geometry": {"type": "Point", "coordinates": [-91.086486, 30.441441]}, "properties": {"crashes": 10, "injury": 6, "fatal": 0, "pedestrian": 0, "bicycle": 0, "density": 2.5, "year_range": "unknown"}}, {"type": "Feature", "geometry": {"type": "Point", "coordinates": [-91.084685, 30.437838]}, "properties": {"crashes": 47, "injury": 32, "fatal": 0, "pedestrian": 2, "bicycle": 0, "density": 11.8, "year_range": "unknown"}}, {"type": "Feature", "geometry": {"type": "Point", "coordinates": [-91.084685, 30.436036]}, "properties": {"crashes": 19, "injury": 15, "fatal": 2, "pedestrian": 1, "bicycle": 0, "density": 4.8, "year_range": "unknown"}}, {"type": "Feature", "geometry": {"type": "Point", "coordinates": [-91.082883, 30.436036]}, "properties": {"crashes": 17, "injury": 13, "fatal": 0, "pedestrian": 0, "bicycle": 0, "density": 4.2, "year_range": "unknown"}}, {"type": "Feature", "geometry": {"type": "Point", "coordinates": [-91.088288, 30.434234]}, "properties": {"crashes": 1, "injury": 1, "fatal": 0, "pedestrian": 0, "bicycle": 0, "density": 0.2, "year_range": "unknown"}}, {"type": "Feature", "geometry": {"type": "Point", "coordinates": [-91.086486, 30.437838]}, "properties": {"crashes": 12, "injury": 8, "fatal": 0, "pedestrian": 0, "bicycle": 0, "density": 3.0, "year_range": "unknown"}}, {"type": "Feature", "geometry": {"type": "Point", "coordinates": [-91.082883, 30.434234]}, "properties": {"crashes": 151, "injury": 128, "fatal": 1, "pedestrian": 2, "bicycle": 0, "density": 37.8, "year_range": "unknown"}}, {"type": "Feature", "geometry": {"type": "Point", "coordinates": [-91.084685, 30.434234]}, "properties": {"crashes": 6, "injury": 6, "fatal": 0, "pedestrian": 0, "bicycle": 0, "density": 1.5, "year_range": "unknown"}}, {"type": "Feature", "geometry": {"type": "Point", "coordinates": [-91.081081, 30.434234]}, "properties": {"crashes": 13, "injury": 12, "fatal": 0, "pedestrian": 0, "bicycle": 0, "density": 3.2, "year_range": "unknown"}}, {"type": "Feature", "geometry": {"type": "Point", "coordinates": [-91.104505, 30.452252]}, "properties": {"crashes": 166, "injury": 129, "fatal": 0, "pedestrian": 3, "bicycle": 0, "density": 41.5, "year_range": "unknown"}}, {"type": "Feature", "geometry": {"type": "Point", "coordinates": [-91.102703, 30.452252]}, "properties": {"crashes": 58, "injury": 43, "fatal": 1, "pedestrian": 0, "bicycle": 0, "density": 14.5, "year_range": "unknown"}}, {"type": "Feature", "geometry": {"type": "Point", "coordinates": [-91.10991, 30.452252]}, "properties": {"crashes": 10, "injury": 8, "fatal": 0, "pedestrian": 0, "bicycle": 0, "density": 2.5, "year_range": "unknown"}}, {"type": "Feature", "geometry": {"type": "Point", "coordinates": [-91.108108, 30.452252]}, "properties": {"crashes": 17, "injury": 13, "fatal": 0, "pedestrian": 1, "bicycle": 0, "density": 4.2, "year_range": "unknown"}}, {"type": "Feature", "geometry": {"type": "Point", "coordinates": [-91.106306, 30.452252]}, "properties": {"crashes": 22, "injury": 18, "fatal": 0, "pedestrian": 0, "bicycle": 0, "density": 5.5, "year_range": "unknown"}}, {"type": "Feature", "geometry": {"type": "Point", "coordinates": [-91.111712, 30.45045]}, "properties": {"crashes": 3, "injury": 3, "fatal": 0, "pedestrian": 0, "bicycle": 0, "density": 0.8, "year_range": "unknown"}}, {"type": "Feature", "geometry": {"type": "Point", "coordinates": [-91.102703, 30.448649]}, "properties": {"crashes": 5, "injury": 4, "fatal": 0, "pedestrian": 0, "bicycle": 0, "density": 1.2, "year_range": "unknown"}}, {"type": "Feature", "geometry": {"type": "Point", "coordinates": [-91.102703, 30.45045]}, "properties": {"crashes": 15, "injury": 10, "fatal": 0, "pedestrian": 0, "bicycle": 0, "density": 3.8, "year_range": "unknown"}}, {"type": "Feature", "geometry": {"type": "Point", "coordinates": [-91.102703, 30.446847]}, "properties": {"crashes": 2, "injury": 2, "fatal": 0, "pedestrian": 0, "bicycle": 0, "density": 0.5, "year_range": "unknown"}}, {"type": "Feature", "geometry": {"type": "Point", "coordinates": [-91.100901, 30.446847]}, "properties": {"crashes": 1, "injury": 1, "fatal": 0, "pedestrian": 0, "bicycle": 0, "density": 0.2, "year_range": "unknown"}}, {"type": "Feature", "geometry": {"type": "Point", "coordinates": [-91.100901, 30.45045]}, "properties": {"crashes": 1, "injury": 1, "fatal": 0, "pedestrian": 0, "bicycle": 0, "density": 0.2, "year_range": "unknown"}}, {"type": "Feature", "geometry": {"type": "Point", "coordinates": [-91.099099, 30.448649]}, "properties": {"crashes": 1, "injury": 1, "fatal": 0, "pedestrian": 0, "bicycle": 0, "density": 0.2, "year_range": "unknown"}}, {"type": "Feature", "geometry": {"type": "Point", "coordinates": [-91.097297, 30.446847]}, "properties": {"crashes": 2, "injury": 2, "fatal": 0, "pedestrian": 0, "bicycle": 0, "density": 0.5, "year_range": "unknown"}}, {"type": "Feature", "geometry": {"type": "Point", "coordinates": [-91.097297, 30.45045]}, "properties": {"crashes": 1, "injury": 1, "fatal": 0, "pedestrian": 0, "bicycle": 0, "density": 0.2, "year_range": "unknown"}}, {"type": "Feature", "geometry": {"type": "Point", "coordinates": [-91.095495, 30.45045]}, "properties": {"crashes": 4, "injury": 4, "fatal": 0, "pedestrian": 0, "bicycle": 0, "density": 1.0, "year_range": "unknown"}}, {"type": "Feature", "geometry": {"type": "Point", "coordinates": [-91.108108, 30.445045]}, "properties": {"crashes": 8, "injury": 8, "fatal": 0, "pedestrian": 0, "bicycle": 0, "density": 2.0, "year_range": "unknown"}}, {"type": "Feature", "geometry": {"type": "Point", "coordinates": [-91.106306, 30.445045]}, "properties": {"crashes": 4, "injury": 3, "fatal": 0, "pedestrian": 0, "bicycle": 0, "density": 1.0, "year_range": "unknown"}}, {"type": "Feature", "geometry": {"type": "Point", "coordinates": [-91.108108, 30.446847]}, "properties": {"crashes": 1, "injury": 1, "fatal": 0, "pedestrian": 0, "bicycle": 0, "density": 0.2, "year_range": "unknown"}}, {"type": "Feature", "geometry": {"type": "Point", "coordinates": [-91.108108, 30.45045]}, "properties": {"crashes": 1, "injury": 1, "fatal": 0, "pedestrian": 1, "bicycle": 0, "density": 0.2, "year_range": "unknown"}}, {"type": "Feature", "geometry": {"type": "Point", "coordinates": [-91.104505, 30.45045]}, "properties": {"crashes": 5, "injury": 4, "fatal": 0, "pedestrian": 0, "bicycle": 0, "density": 1.2, "year_range": "unknown"}}, {"type": "Feature", "geometry": {"type": "Point", "coordinates": [-91.102703, 30.445045]}, "properties": {"crashes": 8, "injury": 5, "fatal": 0, "pedestrian": 0, "bicycle": 0, "density": 2.0, "year_range": "unknown"}}, {"type": "Feature", "geometry": {"type": "Point", "coordinates": [-91.102703, 30.443243]}, "properties": {"crashes": 30, "injury": 22, "fatal": 0, "pedestrian": 1, "bicycle": 0, "density": 7.5, "year_range": "unknown"}}, {"type": "Feature", "geometry": {"type": "Point", "coordinates": [-91.100901, 30.443243]}, "properties": {"crashes": 8, "injury": 7, "fatal": 0, "pedestrian": 0, "bicycle": 0, "density": 2.0, "year_range": "unknown"}}, {"type": "Feature", "geometry": {"type": "Point", "coordinates": [-91.099099, 30.446847]}, "properties": {"crashes": 1, "injury": 1, "fatal": 0, "pedestrian": 0, "bicycle": 0, "density": 0.2, "year_range": "unknown"}}, {"type": "Feature", "geometry": {"type": "Point", "coordinates": [-91.10991, 30.445045]}, "properties": {"crashes": 10, "injury": 9, "fatal": 0, "pedestrian": 0, "bicycle": 0, "density": 2.5, "year_range": "unknown"}}, {"type": "Feature", "geometry": {"type": "Point", "coordinates": [-91.108108, 30.443243]}, "properties": {"crashes": 5, "injury": 5, "fatal": 0, "pedestrian": 0, "bicycle": 0, "density": 1.2, "year_range": "unknown"}}, {"type": "Feature", "geometry": {"type": "Point", "coordinates": [-91.106306, 30.443243]}, "properties": {"crashes": 12, "injury": 8, "fatal": 0, "pedestrian": 0, "bicycle": 0, "density": 3.0, "year_range": "unknown"}}, {"type": "Feature", "geometry": {"type": "Point", "coordinates": [-91.104505, 30.443243]}, "properties": {"crashes": 2, "injury": 2, "fatal": 0, "pedestrian": 0, "bicycle": 0, "density": 0.5, "year_range": "unknown"}}, {"type": "Feature", "geometry": {"type": "Point", "coordinates": [-91.104505, 30.445045]}, "properties": {"crashes": 2, "injury": 2, "fatal": 0, "pedestrian": 0, "bicycle": 0, "density": 0.5, "year_range": "unknown"}}, {"type": "Feature", "geometry": {"type": "Point", "coordinates": [-91.102703, 30.43964]}, "properties": {"crashes": 1, "injury": 1, "fatal": 0, "pedestrian": 0, "bicycle": 0, "density": 0.2, "year_range": "unknown"}}, {"type": "Feature", "geometry": {"type": "Point", "coordinates": [-91.102703, 30.441441]}, "properties": {"crashes": 1, "injury": 0, "fatal": 0, "pedestrian": 0, "bicycle": 0, "density": 0.2, "year_range": "unknown"}}, {"type": "Feature", "geometry": {"type": "Point", "coordinates": [-91.102703, 30.437838]}, "properties": {"crashes": 2, "injury": 2, "fatal": 0, "pedestrian": 0, "bicycle": 0, "density": 0.5, "year_range": "unknown"}}, {"type": "Feature", "geometry": {"type": "Point", "coordinates": [-91.108108, 30.436036]}, "properties": {"crashes": 1, "injury": 1, "fatal": 0, "pedestrian": 0, "bicycle": 0, "density": 0.2, "year_range": "unknown"}}, {"type": "Feature", "geometry": {"type": "Point", "coordinates": [-91.102703, 30.432432]}, "properties": {"crashes": 1, "injury": 1, "fatal": 0, "pedestrian": 0, "bicycle": 0, "density": 0.2, "year_range": "unknown"}}, {"type": "Feature", "geometry": {"type": "Point", "coordinates": [-91.100901, 30.434234]}, "properties": {"crashes": 1, "injury": 1, "fatal": 0, "pedestrian": 0, "bicycle": 0, "density": 0.2, "year_range": "unknown"}}, {"type": "Feature", "geometry": {"type": "Point", "coordinates": [-91.100901, 30.432432]}, "properties": {"crashes": 2, "injury": 2, "fatal": 0, "pedestrian": 0, "bicycle": 0, "density": 0.5, "year_range": "unknown"}}, {"type": "Feature", "geometry": {"type": "Point", "coordinates": [-91.099099, 30.432432]}, "properties": {"crashes": 1, "injury": 1, "fatal": 0, "pedestrian": 0, "bicycle": 0, "density": 0.2, "year_range": "unknown"}}, {"type": "Feature", "geometry": {"type": "Point", "coordinates": [-91.099099, 30.434234]}, "properties": {"crashes": 1, "injury": 1, "fatal": 0, "pedestrian": 0, "bicycle": 0, "density": 0.2, "year_range": "unknown"}}, {"type": "Feature", "geometry": {"type": "Point", "coordinates": [-91.099099, 30.436036]}, "properties": {"crashes": 3, "injury": 3, "fatal": 0, "pedestrian": 0, "bicycle": 0, "density": 0.8, "year_range": "unknown"}}, {"type": "Feature", "geometry": {"type": "Point", "coordinates": [-91.097297, 30.436036]}, "properties": {"crashes": 1, "injury": 1, "fatal": 0, "pedestrian": 0, "bicycle": 0, "density": 0.2, "year_range": "unknown"}}, {"type": "Feature", "geometry": {"type": "Point", "coordinates": [-91.093694, 30.436036]}, "properties": {"crashes": 1, "injury": 0, "fatal": 0, "pedestrian": 0, "bicycle": 0, "density": 0.2, "year_range": "unknown"}}, {"type": "Feature", "geometry": {"type": "Point", "coordinates": [-91.091892, 30.436036]}, "properties": {"crashes": 1, "injury": 1, "fatal": 0, "pedestrian": 0, "bicycle": 0, "density": 0.2, "year_range": "unknown"}}, {"type": "Feature", "geometry": {"type": "Point", "coordinates": [-91.091892, 30.434234]}, "properties": {"crashes": 2, "injury": 2, "fatal": 0, "pedestrian": 0, "bicycle": 0, "density": 0.5, "year_range": "unknown"}}, {"type": "Feature", "geometry": {"type": "Point", "coordinates": [-91.09009, 30.434234]}, "properties": {"crashes": 3, "injury": 3, "fatal": 0, "pedestrian": 0, "bicycle": 0, "density": 0.8, "year_range": "unknown"}}, {"type": "Feature", "geometry": {"type": "Point", "coordinates": [-91.09009, 30.430631]}, "properties": {"crashes": 1, "injury": 1, "fatal": 0, "pedestrian": 0, "bicycle": 0, "density": 0.2, "year_range": "unknown"}}, {"type": "Feature", "geometry": {"type": "Point", "coordinates": [-91.086486, 30.430631]}, "properties": {"crashes": 2, "injury": 2, "fatal": 0, "pedestrian": 0, "bicycle": 0, "density": 0.5, "year_range": "unknown"}}, {"type": "Feature", "geometry": {"type": "Point", "coordinates": [-91.086486, 30.432432]}, "properties": {"crashes": 1, "injury": 1, "fatal": 0, "pedestrian": 0, "bicycle": 0, "density": 0.2, "year_range": "unknown"}}, {"type": "Feature", "geometry": {"type": "Point", "coordinates": [-91.097297, 30.430631]}, "properties": {"crashes": 7, "injury": 5, "fatal": 0, "pedestrian": 0, "bicycle": 0, "density": 1.8, "year_range": "unknown"}}, {"type": "Feature", "geometry": {"type": "Point", "coordinates": [-91.095495, 30.430631]}, "properties": {"crashes": 7, "injury": 7, "fatal": 0, "pedestrian": 0, "bicycle": 0, "density": 1.8, "year_range": "unknown"}}, {"type": "Feature", "geometry": {"type": "Point", "coordinates": [-91.099099, 30.430631]}, "properties": {"crashes": 21, "injury": 15, "fatal": 0, "pedestrian": 0, "bicycle": 0, "density": 5.2, "year_range": "unknown"}}, {"type": "Feature", "geometry": {"type": "Point", "coordinates": [-91.100901, 30.430631]}, "properties": {"crashes": 8, "injury": 5, "fatal": 0, "pedestrian": 0, "bicycle": 0, "density": 2.0, "year_range": "unknown"}}, {"type": "Feature", "geometry": {"type": "Point", "coordinates": [-91.104505, 30.434234]}, "properties": {"crashes": 1, "injury": 1, "fatal": 0, "pedestrian": 0, "bicycle": 0, "density": 0.2, "year_range": "unknown"}}, {"type": "Feature", "geometry": {"type": "Point", "coordinates": [-91.102703, 30.41982]}, "properties": {"crashes": 2, "injury": 2, "fatal": 0, "pedestrian": 0, "bicycle": 0, "density": 0.5, "year_range": "unknown"}}, {"type": "Feature", "geometry": {"type": "Point", "coordinates": [-91.102703, 30.423423]}, "properties": {"crashes": 25, "injury": 20, "fatal": 0, "pedestrian": 0, "bicycle": 0, "density": 6.2, "year_range": "unknown"}}, {"type": "Feature", "geometry": {"type": "Point", "coordinates": [-91.104505, 30.425225]}, "properties": {"crashes": 21, "injury": 13, "fatal": 0, "pedestrian": 0, "bicycle": 0, "density": 5.2, "year_range": "unknown"}}, {"type": "Feature", "geometry": {"type": "Point", "coordinates": [-91.077477, 30.427027]}, "properties": {"crashes": 172, "injury": 141, "fatal": 2, "pedestrian": 2, "bicycle": 0, "density": 43.0, "year_range": "unknown"}}, {"type": "Feature", "geometry": {"type": "Point", "coordinates": [-91.086486, 30.425225]}, "properties": {"crashes": 1, "injury": 1, "fatal": 0, "pedestrian": 0, "bicycle": 0, "density": 0.2, "year_range": "unknown"}}, {"type": "Feature", "geometry": {"type": "Point", "coordinates": [-91.084685, 30.425225]}, "properties": {"crashes": 4, "injury": 4, "fatal": 0, "pedestrian": 0, "bicycle": 0, "density": 1.0, "year_range": "unknown"}}, {"type": "Feature", "geometry": {"type": "Point", "coordinates": [-91.084685, 30.427027]}, "properties": {"crashes": 5, "injury": 3, "fatal": 0, "pedestrian": 0, "bicycle": 0, "density": 1.2, "year_range": "unknown"}}, {"type": "Feature", "geometry": {"type": "Point", "coordinates": [-91.077477, 30.428829]}, "properties": {"crashes": 34, "injury": 29, "fatal": 0, "pedestrian": 1, "bicycle": 0, "density": 8.5, "year_range": "unknown"}}, {"type": "Feature", "geometry": {"type": "Point", "coordinates": [-91.079279, 30.428829]}, "properties": {"crashes": 43, "injury": 36, "fatal": 1, "pedestrian": 2, "bicycle": 0, "density": 10.8, "year_range": "unknown"}}, {"type": "Feature", "geometry": {"type": "Point", "coordinates": [-91.079279, 30.430631]}, "properties": {"crashes": 81, "injury": 64, "fatal": 0, "pedestrian": 1, "bicycle": 0, "density": 20.2, "year_range": "unknown"}}, {"type": "Feature", "geometry": {"type": "Point", "coordinates": [-91.084685, 30.428829]}, "properties": {"crashes": 22, "injury": 21, "fatal": 0, "pedestrian": 0, "bicycle": 0, "density": 5.5, "year_range": "unknown"}}, {"type": "Feature", "geometry": {"type": "Point", "coordinates": [-91.100901, 30.421622]}, "properties": {"crashes": 33, "injury": 21, "fatal": 0, "pedestrian": 0, "bicycle": 0, "density": 8.2, "year_range": "unknown"}}, {"type": "Feature", "geometry": {"type": "Point", "coordinates": [-91.102703, 30.421622]}, "properties": {"crashes": 13, "injury": 11, "fatal": 0, "pedestrian": 0, "bicycle": 0, "density": 3.2, "year_range": "unknown"}}, {"type": "Feature", "geometry": {"type": "Point", "coordinates": [-91.100901, 30.423423]}, "properties": {"crashes": 18, "injury": 14, "fatal": 0, "pedestrian": 0, "bicycle": 0, "density": 4.5, "year_range": "unknown"}}, {"type": "Feature", "geometry": {"type": "Point", "coordinates": [-91.09009, 30.425225]}, "properties": {"crashes": 1, "injury": 1, "fatal": 0, "pedestrian": 0, "bicycle": 0, "density": 0.2, "year_range": "unknown"}}, {"type": "Feature", "geometry": {"type": "Point", "coordinates": [-91.106306, 30.425225]}, "properties": {"crashes": 12, "injury": 11, "fatal": 0, "pedestrian": 1, "bicycle": 0, "density": 3.0, "year_range": "unknown"}}, {"type": "Feature", "geometry": {"type": "Point", "coordinates": [-91.104505, 30.423423]}, "properties": {"crashes": 8, "injury": 4, "fatal": 0, "pedestrian": 0, "bicycle": 0, "density": 2.0, "year_range": "unknown"}}, {"type": "Feature", "geometry": {"type": "Point", "coordinates": [-91.106306, 30.427027]}, "properties": {"crashes": 47, "injury": 38, "fatal": 0, "pedestrian": 1, "bicycle": 0, "density": 11.8, "year_range": "unknown"}}, {"type": "Feature", "geometry": {"type": "Point", "coordinates": [-91.104505, 30.427027]}, "properties": {"crashes": 2, "injury": 2, "fatal": 0, "pedestrian": 0, "bicycle": 0, "density": 0.5, "year_range": "unknown"}}, {"type": "Feature", "geometry": {"type": "Point", "coordinates": [-91.108108, 30.428829]}, "properties": {"crashes": 68, "injury": 48, "fatal": 0, "pedestrian": 2, "bicycle": 0, "density": 17.0, "year_range": "unknown"}}, {"type": "Feature", "geometry": {"type": "Point", "coordinates": [-91.108108, 30.427027]}, "properties": {"crashes": 3, "injury": 3, "fatal": 0, "pedestrian": 0, "bicycle": 0, "density": 0.8, "year_range": "unknown"}}, {"type": "Feature", "geometry": {"type": "Point", "coordinates": [-91.106306, 30.428829]}, "properties": {"crashes": 1, "injury": 1, "fatal": 0, "pedestrian": 0, "bicycle": 0, "density": 0.2, "year_range": "unknown"}}, {"type": "Feature", "geometry": {"type": "Point", "coordinates": [-91.088288, 30.427027]}, "properties": {"crashes": 1, "injury": 1, "fatal": 0, "pedestrian": 0, "bicycle": 0, "density": 0.2, "year_range": "unknown"}}, {"type": "Feature", "geometry": {"type": "Point", "coordinates": [-91.104505, 30.430631]}, "properties": {"crashes": 4, "injury": 1, "fatal": 0, "pedestrian": 0, "bicycle": 0, "density": 1.0, "year_range": "unknown"}}, {"type": "Feature", "geometry": {"type": "Point", "coordinates": [-91.093694, 30.430631]}, "properties": {"crashes": 1, "injury": 1, "fatal": 0, "pedestrian": 0, "bicycle": 0, "density": 0.2, "year_range": "unknown"}}, {"type": "Feature", "geometry": {"type": "Point", "coordinates": [-91.088288, 30.421622]}, "properties": {"crashes": 5, "injury": 4, "fatal": 0, "pedestrian": 0, "bicycle": 0, "density": 1.2, "year_range": "unknown"}}, {"type": "Feature", "geometry": {"type": "Point", "coordinates": [-91.086486, 30.41982]}, "properties": {"crashes": 22, "injury": 17, "fatal": 0, "pedestrian": 1, "bicycle": 0, "density": 5.5, "year_range": "unknown"}}, {"type": "Feature", "geometry": {"type": "Point", "coordinates": [-91.084685, 30.41982]}, "properties": {"crashes": 76, "injury": 60, "fatal": 0, "pedestrian": 0, "bicycle": 0, "density": 19.0, "year_range": "unknown"}}, {"type": "Feature", "geometry": {"type": "Point", "coordinates": [-91.086486, 30.416216]}, "properties": {"crashes": 20, "injury": 14, "fatal": 0, "pedestrian": 0, "bicycle": 0, "density": 5.0, "year_range": "unknown"}}, {"type": "Feature", "geometry": {"type": "Point", "coordinates": [-91.088288, 30.416216]}, "properties": {"crashes": 52, "injury": 35, "fatal": 0, "pedestrian": 0, "bicycle": 0, "density": 13.0, "year_range": "unknown"}}, {"type": "Feature", "geometry": {"type": "Point", "coordinates": [-91.088288, 30.418018]}, "properties": {"crashes": 50, "injury": 42, "fatal": 0, "pedestrian": 0, "bicycle": 0, "density": 12.5, "year_range": "unknown"}}, {"type": "Feature", "geometry": {"type": "Point", "coordinates": [-91.086486, 30.418018]}, "properties": {"crashes": 9, "injury": 8, "fatal": 0, "pedestrian": 0, "bicycle": 0, "density": 2.2, "year_range": "unknown"}}, {"type": "Feature", "geometry": {"type": "Point", "coordinates": [-91.088288, 30.41982]}, "properties": {"crashes": 59, "injury": 49, "fatal": 0, "pedestrian": 0, "bicycle": 0, "density": 14.8, "year_range": "unknown"}}, {"type": "Feature", "geometry": {"type": "Point", "coordinates": [-91.09009, 30.418018]}, "properties": {"crashes": 244, "injury": 202, "fatal": 0, "pedestrian": 5, "bicycle": 0, "density": 61.0, "year_range": "unknown"}}, {"type": "Feature", "geometry": {"type": "Point", "coordinates": [-91.09009, 30.41982]}, "properties": {"crashes": 14, "injury": 12, "fatal": 0, "pedestrian": 0, "bicycle": 0, "density": 3.5, "year_range": "unknown"}}, {"type": "Feature", "geometry": {"type": "Point", "coordinates": [-91.09009, 30.416216]}, "properties": {"crashes": 20, "injury": 16, "fatal": 0, "pedestrian": 2, "bicycle": 0, "density": 5.0, "year_range": "unknown"}}, {"type": "Feature", "geometry": {"type": "Point", "coordinates": [-91.091892, 30.418018]}, "properties": {"crashes": 46, "injury": 36, "fatal": 0, "pedestrian": 1, "bicycle": 0, "density": 11.5, "year_range": "unknown"}}, {"type": "Feature", "geometry": {"type": "Point", "coordinates": [-91.086486, 30.421622]}, "properties": {"crashes": 4, "injury": 4, "fatal": 0, "pedestrian": 0, "bicycle": 0, "density": 1.0, "year_range": "unknown"}}, {"type": "Feature", "geometry": {"type": "Point", "coordinates": [-91.086486, 30.423423]}, "properties": {"crashes": 9, "injury": 5, "fatal": 0, "pedestrian": 1, "bicycle": 0, "density": 2.2, "year_range": "unknown"}}, {"type": "Feature", "geometry": {"type": "Point", "coordinates": [-91.084685, 30.414414]}, "properties": {"crashes": 35, "injury": 28, "fatal": 0, "pedestrian": 1, "bicycle": 0, "density": 8.8, "year_range": "unknown"}}, {"type": "Feature", "geometry": {"type": "Point", "coordinates": [-91.081081, 30.421622]}, "properties": {"crashes": 69, "injury": 55, "fatal": 0, "pedestrian": 1, "bicycle": 0, "density": 17.2, "year_range": "unknown"}}, {"type": "Feature", "geometry": {"type": "Point", "coordinates": [-91.079279, 30.421622]}, "properties": {"crashes": 74, "injury": 62, "fatal": 1, "pedestrian": 0, "bicycle": 0, "density": 18.5, "year_range": "unknown"}}, {"type": "Feature", "geometry": {"type": "Point", "coordinates": [-91.082883, 30.412613]}, "properties": {"crashes": 15, "injury": 10, "fatal": 0, "pedestrian": 0, "bicycle": 0, "density": 3.8, "year_range": "unknown"}}, {"type": "Feature", "geometry": {"type": "Point", "coordinates": [-91.081081, 30.412613]}, "properties": {"crashes": 13, "injury": 11, "fatal": 0, "pedestrian": 1, "bicycle": 0, "density": 3.2, "year_range": "unknown"}}, {"type": "Feature", "geometry": {"type": "Point", "coordinates": [-91.079279, 30.412613]}, "properties": {"crashes": 4, "injury": 4, "fatal": 0, "pedestrian": 0, "bicycle": 0, "density": 1.0, "year_range": "unknown"}}, {"type": "Feature", "geometry": {"type": "Point", "coordinates": [-91.079279, 30.410811]}, "properties": {"crashes": 7, "injury": 7, "fatal": 0, "pedestrian": 0, "bicycle": 0, "density": 1.8, "year_range": "unknown"}}, {"type": "Feature", "geometry": {"type": "Point", "coordinates": [-91.082883, 30.41982]}, "properties": {"crashes": 60, "injury": 46, "fatal": 0, "pedestrian": 0, "bicycle": 0, "density": 15.0, "year_range": "unknown"}}, {"type": "Feature", "geometry": {"type": "Point", "coordinates": [-91.082883, 30.421622]}, "properties": {"crashes": 18, "injury": 17, "fatal": 0, "pedestrian": 0, "bicycle": 0, "density": 4.5, "year_range": "unknown"}}, {"type": "Feature", "geometry": {"type": "Point", "coordinates": [-91.081081, 30.41982]}, "properties": {"crashes": 3, "injury": 3, "fatal": 0, "pedestrian": 0, "bicycle": 0, "density": 0.8, "year_range": "unknown"}}, {"type": "Feature", "geometry": {"type": "Point", "coordinates": [-91.082883, 30.414414]}, "properties": {"crashes": 5, "injury": 3, "fatal": 0, "pedestrian": 0, "bicycle": 0, "density": 1.2, "year_range": "unknown"}}, {"type": "Feature", "geometry": {"type": "Point", "coordinates": [-91.084685, 30.416216]}, "properties": {"crashes": 2, "injury": 2, "fatal": 0, "pedestrian": 0, "bicycle": 0, "density": 0.5, "year_range": "unknown"}}, {"type": "Feature", "geometry": {"type": "Point", "coordinates": [-91.084685, 30.418018]}, "properties": {"crashes": 1, "injury": 1, "fatal": 0, "pedestrian": 0, "bicycle": 0, "density": 0.2, "year_range": "unknown"}}, {"type": "Feature", "geometry": {"type": "Point", "coordinates": [-91.082883, 30.416216]}, "properties": {"crashes": 1, "injury": 1, "fatal": 0, "pedestrian": 0, "bicycle": 0, "density": 0.2, "year_range": "unknown"}}, {"type": "Feature", "geometry": {"type": "Point", "coordinates": [-91.081081, 30.418018]}, "properties": {"crashes": 1, "injury": 1, "fatal": 0, "pedestrian": 0, "bicycle": 0, "density": 0.2, "year_range": "unknown"}}, {"type": "Feature", "geometry": {"type": "Point", "coordinates": [-91.084685, 30.423423]}, "properties": {"crashes": 1, "injury": 0, "fatal": 0, "pedestrian": 0, "bicycle": 0, "density": 0.2, "year_range": "unknown"}}, {"type": "Feature", "geometry": {"type": "Point", "coordinates": [-91.082883, 30.423423]}, "properties": {"crashes": 1, "injury": 1, "fatal": 0, "pedestrian": 0, "bicycle": 0, "density": 0.2, "year_range": "unknown"}}, {"type": "Feature", "geometry": {"type": "Point", "coordinates": [-91.077477, 30.421622]}, "properties": {"crashes": 3, "injury": 3, "fatal": 0, "pedestrian": 0, "bicycle": 0, "density": 0.8, "year_range": "unknown"}}, {"type": "Feature", "geometry": {"type": "Point", "coordinates": [-91.077477, 30.423423]}, "properties": {"crashes": 21, "injury": 17, "fatal": 0, "pedestrian": 0, "bicycle": 0, "density": 5.2, "year_range": "unknown"}}, {"type": "Feature", "geometry": {"type": "Point", "coordinates": [-91.086486, 30.414414]}, "properties": {"crashes": 5, "injury": 5, "fatal": 0, "pedestrian": 0, "bicycle": 0, "density": 1.2, "year_range": "unknown"}}, {"type": "Feature", "geometry": {"type": "Point", "coordinates": [-91.097297, 30.41982]}, "properties": {"crashes": 83, "injury": 72, "fatal": 1, "pedestrian": 0, "bicycle": 0, "density": 20.8, "year_range": "unknown"}}, {"type": "Feature", "geometry": {"type": "Point", "coordinates": [-91.095495, 30.41982]}, "properties": {"crashes": 21, "injury": 17, "fatal": 0, "pedestrian": 0, "bicycle": 0, "density": 5.2, "year_range": "unknown"}}, {"type": "Feature", "geometry": {"type": "Point", "coordinates": [-91.091892, 30.428829]}, "properties": {"crashes": 1, "injury": 0, "fatal": 0, "pedestrian": 0, "bicycle": 0, "density": 0.2, "year_range": "unknown"}}, {"type": "Feature", "geometry": {"type": "Point", "coordinates": [-91.072072, 30.41982]}, "properties": {"crashes": 205, "injury": 162, "fatal": 0, "pedestrian": 1, "bicycle": 0, "density": 51.2, "year_range": "unknown"}}, {"type": "Feature", "geometry": {"type": "Point", "coordinates": [-91.073874, 30.418018]}, "properties": {"crashes": 19, "injury": 16, "fatal": 0, "pedestrian": 0, "bicycle": 0, "density": 4.8, "year_range": "unknown"}}, {"type": "Feature", "geometry": {"type": "Point", "coordinates": [-91.073874, 30.41982]}, "properties": {"crashes": 32, "injury": 27, "fatal": 0, "pedestrian": 0, "bicycle": 0, "density": 8.0, "year_range": "unknown"}}, {"type": "Feature", "geometry": {"type": "Point", "coordinates": [-91.072072, 30.418018]}, "properties": {"crashes": 18, "injury": 16, "fatal": 0, "pedestrian": 0, "bicycle": 0, "density": 4.5, "year_range": "unknown"}}, {"type": "Feature", "geometry": {"type": "Point", "coordinates": [-91.072072, 30.421622]}, "properties": {"crashes": 6, "injury": 4, "fatal": 0, "pedestrian": 0, "bicycle": 0, "density": 1.5, "year_range": "unknown"}}, {"type": "Feature", "geometry": {"type": "Point", "coordinates": [-91.073874, 30.421622]}, "properties": {"crashes": 48, "injury": 42, "fatal": 0, "pedestrian": 0, "bicycle": 0, "density": 12.0, "year_range": "unknown"}}, {"type": "Feature", "geometry": {"type": "Point", "coordinates": [-91.073874, 30.423423]}, "properties": {"crashes": 47, "injury": 39, "fatal": 0, "pedestrian": 1, "bicycle": 0, "density": 11.8, "year_range": "unknown"}}, {"type": "Feature", "geometry": {"type": "Point", "coordinates": [-91.07027, 30.418018]}, "properties": {"crashes": 54, "injury": 36, "fatal": 0, "pedestrian": 0, "bicycle": 0, "density": 13.5, "year_range": "unknown"}}, {"type": "Feature", "geometry": {"type": "Point", "coordinates": [-91.07027, 30.416216]}, "properties": {"crashes": 318, "injury": 267, "fatal": 0, "pedestrian": 2, "bicycle": 0, "density": 79.5, "year_range": "unknown"}}, {"type": "Feature", "geometry": {"type": "Point", "coordinates": [-91.073874, 30.416216]}, "properties": {"crashes": 4, "injury": 4, "fatal": 0, "pedestrian": 0, "bicycle": 0, "density": 1.0, "year_range": "unknown"}}, {"type": "Feature", "geometry": {"type": "Point", "coordinates": [-91.072072, 30.416216]}, "properties": {"crashes": 11, "injury": 10, "fatal": 0, "pedestrian": 0, "bicycle": 0, "density": 2.8, "year_range": "unknown"}}, {"type": "Feature", "geometry": {"type": "Point", "coordinates": [-91.075676, 30.423423]}, "properties": {"crashes": 112, "injury": 89, "fatal": 0, "pedestrian": 0, "bicycle": 0, "density": 28.0, "year_range": "unknown"}}, {"type": "Feature", "geometry": {"type": "Point", "coordinates": [-91.075676, 30.418018]}, "properties": {"crashes": 4, "injury": 4, "fatal": 0, "pedestrian": 0, "bicycle": 0, "density": 1.0, "year_range": "unknown"}}, {"type": "Feature", "geometry": {"type": "Point", "coordinates": [-91.075676, 30.41982]}, "properties": {"crashes": 3, "injury": 3, "fatal": 0, "pedestrian": 0, "bicycle": 0, "density": 0.8, "year_range": "unknown"}}, {"type": "Feature", "geometry": {"type": "Point", "coordinates": [-91.075676, 30.421622]}, "properties": {"crashes": 8, "injury": 8, "fatal": 0, "pedestrian": 0, "bicycle": 0, "density": 2.0, "year_range": "unknown"}}, {"type": "Feature", "geometry": {"type": "Point", "coordinates": [-91.075676, 30.425225]}, "properties": {"crashes": 13, "injury": 11, "fatal": 0, "pedestrian": 0, "bicycle": 0, "density": 3.2, "year_range": "unknown"}}, {"type": "Feature", "geometry": {"type": "Point", "coordinates": [-91.079279, 30.423423]}, "properties": {"crashes": 2, "injury": 2, "fatal": 0, "pedestrian": 0, "bicycle": 0, "density": 0.5, "year_range": "unknown"}}, {"type": "Feature", "geometry": {"type": "Point", "coordinates": [-91.077477, 30.425225]}, "properties": {"crashes": 3, "injury": 1, "fatal": 0, "pedestrian": 1, "bicycle": 0, "density": 0.8, "year_range": "unknown"}}, {"type": "Feature", "geometry": {"type": "Point", "coordinates": [-91.093694, 30.41982]}, "properties": {"crashes": 16, "injury": 13, "fatal": 0, "pedestrian": 1, "bicycle": 0, "density": 4.0, "year_range": "unknown"}}, {"type": "Feature", "geometry": {"type": "Point", "coordinates": [-91.100901, 30.41982]}, "properties": {"crashes": 1, "injury": 1, "fatal": 0, "pedestrian": 0, "bicycle": 0, "density": 0.2, "year_range": "unknown"}}, {"type": "Feature", "geometry": {"type": "Point", "coordinates": [-91.099099, 30.41982]}, "properties": {"crashes": 43, "injury": 32, "fatal": 0, "pedestrian": 0, "bicycle": 0, "density": 10.8, "year_range": "unknown"}}, {"type": "Feature", "geometry": {"type": "Point", "coordinates": [-91.117117, 30.428829]}, "properties": {"crashes": 9, "injury": 7, "fatal": 0, "pedestrian": 0, "bicycle": 0, "density": 2.2, "year_range": "unknown"}}, {"type": "Feature", "geometry": {"type": "Point", "coordinates": [-91.113514, 30.430631]}, "properties": {"crashes": 39, "injury": 32, "fatal": 0, "pedestrian": 0, "bicycle": 0, "density": 9.8, "year_range": "unknown"}}, {"type": "Feature", "geometry": {"type": "Point", "coordinates": [-91.120721, 30.427027]}, "properties": {"crashes": 3, "injury": 3, "fatal": 0, "pedestrian": 0, "bicycle": 0, "density": 0.8, "year_range": "unknown"}}, {"type": "Feature", "geometry": {"type": "Point", "coordinates": [-91.118919, 30.427027]}, "properties": {"crashes": 3, "injury": 2, "fatal": 0, "pedestrian": 0, "bicycle": 0, "density": 0.8, "year_range": "unknown"}}, {"type": "Feature", "geometry": {"type": "Point", "coordinates": [-91.124324, 30.425225]}, "properties": {"crashes": 4, "injury": 2, "fatal": 0, "pedestrian": 0, "bicycle": 0, "density": 1.0, "year_range": "unknown"}}, {"type": "Feature", "geometry": {"type": "Point", "coordinates": [-91.126126, 30.425225]}, "properties": {"crashes": 1, "injury": 1, "fatal": 0, "pedestrian": 0, "bicycle": 0, "density": 0.2, "year_range": "unknown"}}, {"type": "Feature", "geometry": {"type": "Point", "coordinates": [-91.127928, 30.425225]}, "properties": {"crashes": 5, "injury": 5, "fatal": 0, "pedestrian": 0, "bicycle": 0, "density": 1.2, "year_range": "unknown"}}, {"type": "Feature", "geometry": {"type": "Point", "coordinates": [-91.10991, 30.427027]}, "properties": {"crashes": 1, "injury": 0, "fatal": 0, "pedestrian": 0, "bicycle": 0, "density": 0.2, "year_range": "unknown"}}, {"type": "Feature", "geometry": {"type": "Point", "coordinates": [-91.115315, 30.430631]}, "properties": {"crashes": 16, "injury": 12, "fatal": 0, "pedestrian": 0, "bicycle": 0, "density": 4.0, "year_range": "unknown"}}, {"type": "Feature", "geometry": {"type": "Point", "coordinates": [-91.117117, 30.425225]}, "properties": {"crashes": 1, "injury": 0, "fatal": 0, "pedestrian": 0, "bicycle": 0, "density": 0.2, "year_range": "unknown"}}, {"type": "Feature", "geometry": {"type": "Point", "coordinates": [-91.122523, 30.423423]}, "properties": {"crashes": 3, "injury": 3, "fatal": 0, "pedestrian": 0, "bicycle": 0, "density": 0.8, "year_range": "unknown"}}, {"type": "Feature", "geometry": {"type": "Point", "coordinates": [-91.124324, 30.423423]}, "properties": {"crashes": 3, "injury": 3, "fatal": 0, "pedestrian": 0, "bicycle": 0, "density": 0.8, "year_range": "unknown"}}, {"type": "Feature", "geometry": {"type": "Point", "coordinates": [-91.122523, 30.425225]}, "properties": {"crashes": 10, "injury": 8, "fatal": 0, "pedestrian": 1, "bicycle": 0, "density": 2.5, "year_range": "unknown"}}, {"type": "Feature", "geometry": {"type": "Point", "coordinates": [-91.106306, 30.41982]}, "properties": {"crashes": 5, "injury": 5, "fatal": 0, "pedestrian": 0, "bicycle": 0, "density": 1.2, "year_range": "unknown"}}, {"type": "Feature", "geometry": {"type": "Point", "coordinates": [-91.118919, 30.428829]}, "properties": {"crashes": 2, "injury": 2, "fatal": 0, "pedestrian": 0, "bicycle": 0, "density": 0.5, "year_range": "unknown"}}, {"type": "Feature", "geometry": {"type": "Point", "coordinates": [-91.115315, 30.427027]}, "properties": {"crashes": 2, "injury": 2, "fatal": 0, "pedestrian": 0, "bicycle": 0, "density": 0.5, "year_range": "unknown"}}, {"type": "Feature", "geometry": {"type": "Point", "coordinates": [-91.120721, 30.425225]}, "properties": {"crashes": 1, "injury": 1, "fatal": 0, "pedestrian": 0, "bicycle": 0, "density": 0.2, "year_range": "unknown"}}, {"type": "Feature", "geometry": {"type": "Point", "coordinates": [-91.113514, 30.41982]}, "properties": {"crashes": 11, "injury": 10, "fatal": 0, "pedestrian": 0, "bicycle": 0, "density": 2.8, "year_range": "unknown"}}, {"type": "Feature", "geometry": {"type": "Point", "coordinates": [-91.183784, 30.520721]}, "properties": {"crashes": 2, "injury": 2, "fatal": 0, "pedestrian": 0, "bicycle": 0, "density": 0.5, "year_range": "unknown"}}, {"type": "Feature", "geometry": {"type": "Point", "coordinates": [-91.181982, 30.520721]}, "properties": {"crashes": 3, "injury": 3, "fatal": 0, "pedestrian": 0, "bicycle": 0, "density": 0.8, "year_range": "unknown"}}, {"type": "Feature", "geometry": {"type": "Point", "coordinates": [-91.189189, 30.518919]}, "properties": {"crashes": 1, "injury": 1, "fatal": 0, "pedestrian": 0, "bicycle": 0, "density": 0.2, "year_range": "unknown"}}, {"type": "Feature", "geometry": {"type": "Point", "coordinates": [-91.189189, 30.520721]}, "properties": {"crashes": 3, "injury": 3, "fatal": 0, "pedestrian": 0, "bicycle": 0, "density": 0.8, "year_range": "unknown"}}, {"type": "Feature", "geometry": {"type": "Point", "coordinates": [-91.185586, 30.520721]}, "properties": {"crashes": 4, "injury": 4, "fatal": 0, "pedestrian": 0, "bicycle": 0, "density": 1.0, "year_range": "unknown"}}, {"type": "Feature", "geometry": {"type": "Point", "coordinates": [-91.187387, 30.520721]}, "properties": {"crashes": 4, "injury": 4, "fatal": 0, "pedestrian": 0, "bicycle": 0, "density": 1.0, "year_range": "unknown"}}, {"type": "Feature", "geometry": {"type": "Point", "coordinates": [-91.189189, 30.524324]}, "properties": {"crashes": 1, "injury": 1, "fatal": 0, "pedestrian": 0, "bicycle": 0, "density": 0.2, "year_range": "unknown"}}, {"type": "Feature", "geometry": {"type": "Point", "coordinates": [-91.185586, 30.524324]}, "properties": {"crashes": 1, "injury": 1, "fatal": 0, "pedestrian": 0, "bicycle": 0, "density": 0.2, "year_range": "unknown"}}, {"type": "Feature", "geometry": {"type": "Point", "coordinates": [-91.185586, 30.52973]}, "properties": {"crashes": 3, "injury": 0, "fatal": 0, "pedestrian": 0, "bicycle": 0, "density": 0.8, "year_range": "unknown"}}, {"type": "Feature", "geometry": {"type": "Point", "coordinates": [-91.187387, 30.52973]}, "properties": {"crashes": 1, "injury": 0, "fatal": 0, "pedestrian": 1, "bicycle": 0, "density": 0.2, "year_range": "unknown"}}, {"type": "Feature", "geometry": {"type": "Point", "coordinates": [-91.189189, 30.536937]}, "properties": {"crashes": 21, "injury": 19, "fatal": 0, "pedestrian": 0, "bicycle": 0, "density": 5.2, "year_range": "unknown"}}, {"type": "Feature", "geometry": {"type": "Point", "coordinates": [-91.187387, 30.536937]}, "properties": {"crashes": 7, "injury": 4, "fatal": 0, "pedestrian": 0, "bicycle": 0, "density": 1.8, "year_range": "unknown"}}, {"type": "Feature", "geometry": {"type": "Point", "coordinates": [-91.187387, 30.535135]}, "properties": {"crashes": 6, "injury": 4, "fatal": 0, "pedestrian": 0, "bicycle": 0, "density": 1.5, "year_range": "unknown"}}, {"type": "Feature", "geometry": {"type": "Point", "coordinates": [-91.187387, 30.533333]}, "properties": {"crashes": 4, "injury": 2, "fatal": 0, "pedestrian": 0, "bicycle": 0, "density": 1.0, "year_range": "unknown"}}, {"type": "Feature", "geometry": {"type": "Point", "coordinates": [-91.189189, 30.538739]}, "properties": {"crashes": 21, "injury": 15, "fatal": 0, "pedestrian": 1, "bicycle": 0, "density": 5.2, "year_range": "unknown"}}, {"type": "Feature", "geometry": {"type": "Point", "coordinates": [-91.190991, 30.540541]}, "properties": {"crashes": 116, "injury": 75, "fatal": 0, "pedestrian": 0, "bicycle": 0, "density": 29.0, "year_range": "unknown"}}, {"type": "Feature", "geometry": {"type": "Point", "coordinates": [-91.190991, 30.538739]}, "properties": {"crashes": 12, "injury": 8, "fatal": 0, "pedestrian": 0, "bicycle": 0, "density": 3.0, "year_range": "unknown"}}, {"type": "Feature", "geometry": {"type": "Point", "coordinates": [-91.190991, 30.542342]}, "properties": {"crashes": 8, "injury": 7, "fatal": 0, "pedestrian": 0, "bicycle": 0, "density": 2.0, "year_range": "unknown"}}, {"type": "Feature", "geometry": {"type": "Point", "coordinates": [-91.192793, 30.542342]}, "properties": {"crashes": 17, "injury": 13, "fatal": 0, "pedestrian": 0, "bicycle": 0, "density": 4.2, "year_range": "unknown"}}, {"type": "Feature", "geometry": {"type": "Point", "coordinates": [-91.192793, 30.536937]}, "properties": {"crashes": 1, "injury": 1, "fatal": 0, "pedestrian": 0, "bicycle": 0, "density": 0.2, "year_range": "unknown"}}, {"type": "Feature", "geometry": {"type": "Point", "coordinates": [-91.190991, 30.535135]}, "properties": {"crashes": 3, "injury": 2, "fatal": 0, "pedestrian": 1, "bicycle": 0, "density": 0.8, "year_range": "unknown"}}, {"type": "Feature", "geometry": {"type": "Point", "coordinates": [-91.190991, 30.536937]}, "properties": {"crashes": 3, "injury": 3, "fatal": 0, "pedestrian": 0, "bicycle": 0, "density": 0.8, "year_range": "unknown"}}, {"type": "Feature", "geometry": {"type": "Point", "coordinates": [-91.190991, 30.533333]}, "properties": {"crashes": 5, "injury": 4, "fatal": 0, "pedestrian": 0, "bicycle": 0, "density": 1.2, "year_range": "unknown"}}, {"type": "Feature", "geometry": {"type": "Point", "coordinates": [-91.192793, 30.538739]}, "properties": {"crashes": 4, "injury": 3, "fatal": 0, "pedestrian": 0, "bicycle": 0, "density": 1.0, "year_range": "unknown"}}, {"type": "Feature", "geometry": {"type": "Point", "coordinates": [-91.192793, 30.540541]}, "properties": {"crashes": 2, "injury": 2, "fatal": 0, "pedestrian": 0, "bicycle": 0, "density": 0.5, "year_range": "unknown"}}, {"type": "Feature", "geometry": {"type": "Point", "coordinates": [-91.194595, 30.545946]}, "properties": {"crashes": 9, "injury": 6, "fatal": 0, "pedestrian": 0, "bicycle": 0, "density": 2.2, "year_range": "unknown"}}, {"type": "Feature", "geometry": {"type": "Point", "coordinates": [-91.194595, 30.547748]}, "properties": {"crashes": 2, "injury": 2, "fatal": 0, "pedestrian": 0, "bicycle": 0, "density": 0.5, "year_range": "unknown"}}, {"type": "Feature", "geometry": {"type": "Point", "coordinates": [-91.196396, 30.547748]}, "properties": {"crashes": 8, "injury": 6, "fatal": 0, "pedestrian": 0, "bicycle": 0, "density": 2.0, "year_range": "unknown"}}, {"type": "Feature", "geometry": {"type": "Point", "coordinates": [-91.196396, 30.54955]}, "properties": {"crashes": 3, "injury": 2, "fatal": 0, "pedestrian": 0, "bicycle": 0, "density": 0.8, "year_range": "unknown"}}, {"type": "Feature", "geometry": {"type": "Point", "coordinates": [-91.196396, 30.551351]}, "properties": {"crashes": 1, "injury": 0, "fatal": 0, "pedestrian": 0, "bicycle": 0, "density": 0.2, "year_range": "unknown"}}, {"type": "Feature", "geometry": {"type": "Point", "coordinates": [-91.198198, 30.551351]}, "properties": {"crashes": 14, "injury": 10, "fatal": 0, "pedestrian": 0, "bicycle": 0, "density": 3.5, "year_range": "unknown"}}, {"type": "Feature", "geometry": {"type": "Point", "coordinates": [-91.198198, 30.542342]}, "properties": {"crashes": 2, "injury": 2, "fatal": 0, "pedestrian": 0, "bicycle": 0, "density": 0.5, "year_range": "unknown"}}, {"type": "Feature", "geometry": {"type": "Point", "coordinates": [-91.194595, 30.544144]}, "properties": {"crashes": 4, "injury": 3, "fatal": 0, "pedestrian": 0, "bicycle": 0, "density": 1.0, "year_range": "unknown"}}, {"type": "Feature", "geometry": {"type": "Point", "coordinates": [-91.192793, 30.544144]}, "properties": {"crashes": 14, "injury": 9, "fatal": 0, "pedestrian": 0, "bicycle": 0, "density": 3.5, "year_range": "unknown"}}, {"type": "Feature", "geometry": {"type": "Point", "coordinates": [-91.2, 30.538739]}, "properties": {"crashes": 2, "injury": 2, "fatal": 0, "pedestrian": 1, "bicycle": 0, "density": 0.5, "year_range": "unknown"}}, {"type": "Feature", "geometry": {"type": "Point", "coordinates": [-91.198198, 30.538739]}, "properties": {"crashes": 5, "injury": 3, "fatal": 0, "pedestrian": 0, "bicycle": 0, "density": 1.2, "year_range": "unknown"}}, {"type": "Feature", "geometry": {"type": "Point", "coordinates": [-91.198198, 30.536937]}, "properties": {"crashes": 7, "injury": 6, "fatal": 0, "pedestrian": 0, "bicycle": 0, "density": 1.8, "year_range": "unknown"}}, {"type": "Feature", "geometry": {"type": "Point", "coordinates": [-91.196396, 30.538739]}, "properties": {"crashes": 2, "injury": 0, "fatal": 0, "pedestrian": 0, "bicycle": 0, "density": 0.5, "year_range": "unknown"}}, {"type": "Feature", "geometry": {"type": "Point", "coordinates": [-91.196396, 30.542342]}, "properties": {"crashes": 1, "injury": 1, "fatal": 0, "pedestrian": 0, "bicycle": 0, "density": 0.2, "year_range": "unknown"}}, {"type": "Feature", "geometry": {"type": "Point", "coordinates": [-91.194595, 30.538739]}, "properties": {"crashes": 1, "injury": 1, "fatal": 0, "pedestrian": 0, "bicycle": 0, "density": 0.2, "year_range": "unknown"}}, {"type": "Feature", "geometry": {"type": "Point", "coordinates": [-91.194595, 30.540541]}, "properties": {"crashes": 9, "injury": 7, "fatal": 0, "pedestrian": 2, "bicycle": 0, "density": 2.2, "year_range": "unknown"}}, {"type": "Feature", "geometry": {"type": "Point", "coordinates": [-91.194595, 30.536937]}, "properties": {"crashes": 6, "injury": 5, "fatal": 0, "pedestrian": 0, "bicycle": 0, "density": 1.5, "year_range": "unknown"}}, {"type": "Feature", "geometry": {"type": "Point", "coordinates": [-91.2, 30.544144]}, "properties": {"crashes": 1, "injury": 1, "fatal": 0, "pedestrian": 0, "bicycle": 0, "density": 0.2, "year_range": "unknown"}}, {"type": "Feature", "geometry": {"type": "Point", "coordinates": [-91.198198, 30.544144]}, "properties": {"crashes": 1, "injury": 1, "fatal": 0, "pedestrian": 0, "bicycle": 0, "density": 0.2, "year_range": "unknown"}}, {"type": "Feature", "geometry": {"type": "Point", "coordinates": [-91.196396, 30.544144]}, "properties": {"crashes": 1, "injury": 1, "fatal": 0, "pedestrian": 0, "bicycle": 0, "density": 0.2, "year_range": "unknown"}}, {"type": "Feature", "geometry": {"type": "Point", "coordinates": [-91.201802, 30.536937]}, "properties": {"crashes": 2, "injury": 1, "fatal": 0, "pedestrian": 0, "bicycle": 0, "density": 0.5, "year_range": "unknown"}}, {"type": "Feature", "geometry": {"type": "Point", "coordinates": [-91.2, 30.536937]}, "properties": {"crashes": 2, "injury": 2, "fatal": 0, "pedestrian": 0, "bicycle": 0, "density": 0.5, "year_range": "unknown"}}, {"type": "Feature", "geometry": {"type": "Point", "coordinates": [-91.2, 30.535135]}, "properties": {"crashes": 1, "injury": 1, "fatal": 0, "pedestrian": 0, "bicycle": 0, "density": 0.2, "year_range": "unknown"}}, {"type": "Feature", "geometry": {"type": "Point", "coordinates": [-91.198198, 30.533333]}, "properties": {"crashes": 2, "injury": 2, "fatal": 0, "pedestrian": 0, "bicycle": 0, "density": 0.5, "year_range": "unknown"}}, {"type": "Feature", "geometry": {"type": "Point", "coordinates": [-91.196396, 30.536937]}, "properties": {"crashes": 2, "injury": 1, "fatal": 0, "pedestrian": 0, "bicycle": 0, "density": 0.5, "year_range": "unknown"}}, {"type": "Feature", "geometry": {"type": "Point", "coordinates": [-91.194595, 30.535135]}, "properties": {"crashes": 2, "injury": 2, "fatal": 0, "pedestrian": 0, "bicycle": 0, "density": 0.5, "year_range": "unknown"}}, {"type": "Feature", "geometry": {"type": "Point", "coordinates": [-91.192793, 30.535135]}, "properties": {"crashes": 1, "injury": 1, "fatal": 0, "pedestrian": 0, "bicycle": 0, "density": 0.2, "year_range": "unknown"}}, {"type": "Feature", "geometry": {"type": "Point", "coordinates": [-91.198198, 30.553153]}, "properties": {"crashes": 2, "injury": 1, "fatal": 0, "pedestrian": 0, "bicycle": 0, "density": 0.5, "year_range": "unknown"}}, {"type": "Feature", "geometry": {"type": "Point", "coordinates": [-91.181982, 30.522523]}, "properties": {"crashes": 1, "injury": 1, "fatal": 0, "pedestrian": 0, "bicycle": 0, "density": 0.2, "year_range": "unknown"}}, {"type": "Feature", "geometry": {"type": "Point", "coordinates": [-91.183784, 30.524324]}, "properties": {"crashes": 3, "injury": 3, "fatal": 0, "pedestrian": 0, "bicycle": 0, "density": 0.8, "year_range": "unknown"}}, {"type": "Feature", "geometry": {"type": "Point", "coordinates": [-91.181982, 30.524324]}, "properties": {"crashes": 11, "injury": 5, "fatal": 0, "pedestrian": 1, "bicycle": 0, "density": 2.8, "year_range": "unknown"}}, {"type": "Feature", "geometry": {"type": "Point", "coordinates": [-91.183784, 30.52973]}, "properties": {"crashes": 4, "injury": 2, "fatal": 0, "pedestrian": 2, "bicycle": 0, "density": 1.0, "year_range": "unknown"}}, {"type": "Feature", "geometry": {"type": "Point", "coordinates": [-91.181982, 30.526126]}, "properties": {"crashes": 3, "injury": 1, "fatal": 0, "pedestrian": 0, "bicycle": 0, "density": 0.8, "year_range": "unknown"}}, {"type": "Feature", "geometry": {"type": "Point", "coordinates": [-91.183784, 30.526126]}, "properties": {"crashes": 1, "injury": 1, "fatal": 0, "pedestrian": 0, "bicycle": 0, "density": 0.2, "year_range": "unknown"}}, {"type": "Feature", "geometry": {"type": "Point", "coordinates": [-91.183784, 30.527928]}, "properties": {"crashes": 9, "injury": 7, "fatal": 0, "pedestrian": 0, "bicycle": 0, "density": 2.2, "year_range": "unknown"}}, {"type": "Feature", "geometry": {"type": "Point", "coordinates": [-91.185586, 30.531532]}, "properties": {"crashes": 7, "injury": 3, "fatal": 0, "pedestrian": 0, "bicycle": 0, "density": 1.8, "year_range": "unknown"}}, {"type": "Feature", "geometry": {"type": "Point", "coordinates": [-91.2, 30.533333]}, "properties": {"crashes": 2, "injury": 2, "fatal": 0, "pedestrian": 0, "bicycle": 0, "density": 0.5, "year_range": "unknown"}}, {"type": "Feature", "geometry": {"type": "Point", "coordinates": [-91.189189, 30.533333]}, "properties": {"crashes": 3, "injury": 2, "fatal": 0, "pedestrian": 1, "bicycle": 0, "density": 0.8, "year_range": "unknown"}}, {"type": "Feature", "geometry": {"type": "Point", "coordinates": [-91.185586, 30.533333]}, "properties": {"crashes": 20, "injury": 19, "fatal": 0, "pedestrian": 0, "bicycle": 0, "density": 5.0, "year_range": "unknown"}}, {"type": "Feature", "geometry": {"type": "Point", "coordinates": [-91.178378, 30.542342]}, "properties": {"crashes": 1, "injury": 0, "fatal": 0, "pedestrian": 0, "bicycle": 0, "density": 0.2, "year_range": "unknown"}}, {"type": "Feature", "geometry": {"type": "Point", "coordinates": [-91.178378, 30.544144]}, "properties": {"crashes": 1, "injury": 1, "fatal": 0, "pedestrian": 0, "bicycle": 0, "density": 0.2, "year_range": "unknown"}}, {"type": "Feature", "geometry": {"type": "Point", "coordinates": [-91.185586, 30.536937]}, "properties": {"crashes": 9, "injury": 5, "fatal": 0, "pedestrian": 0, "bicycle": 0, "density": 2.2, "year_range": "unknown"}}, {"type": "Feature", "geometry": {"type": "Point", "coordinates": [-91.185586, 30.535135]}, "properties": {"crashes": 6, "injury": 5, "fatal": 0, "pedestrian": 1, "bicycle": 0, "density": 1.5, "year_range": "unknown"}}, {"type": "Feature", "geometry": {"type": "Point", "coordinates": [-91.183784, 30.536937]}, "properties": {"crashes": 2, "injury": 2, "fatal": 0, "pedestrian": 0, "bicycle": 0, "density": 0.5, "year_range": "unknown"}}, {"type": "Feature", "geometry": {"type": "Point", "coordinates": [-91.183784, 30.535135]}, "properties": {"crashes": 3, "injury": 2, "fatal": 0, "pedestrian": 0, "bicycle": 0, "density": 0.8, "year_range": "unknown"}}, {"type": "Feature", "geometry": {"type": "Point", "coordinates": [-91.181982, 30.536937]}, "properties": {"crashes": 5, "injury": 4, "fatal": 0, "pedestrian": 0, "bicycle": 0, "density": 1.2, "year_range": "unknown"}}, {"type": "Feature", "geometry": {"type": "Point", "coordinates": [-91.181982, 30.535135]}, "properties": {"crashes": 1, "injury": 1, "fatal": 0, "pedestrian": 0, "bicycle": 0, "density": 0.2, "year_range": "unknown"}}, {"type": "Feature", "geometry": {"type": "Point", "coordinates": [-91.18018, 30.536937]}, "properties": {"crashes": 3, "injury": 1, "fatal": 0, "pedestrian": 0, "bicycle": 0, "density": 0.8, "year_range": "unknown"}}, {"type": "Feature", "geometry": {"type": "Point", "coordinates": [-91.18018, 30.535135]}, "properties": {"crashes": 1, "injury": 1, "fatal": 0, "pedestrian": 0, "bicycle": 0, "density": 0.2, "year_range": "unknown"}}, {"type": "Feature", "geometry": {"type": "Point", "coordinates": [-91.178378, 30.536937]}, "properties": {"crashes": 82, "injury": 58, "fatal": 0, "pedestrian": 0, "bicycle": 0, "density": 20.5, "year_range": "unknown"}}, {"type": "Feature", "geometry": {"type": "Point", "coordinates": [-91.189189, 30.540541]}, "properties": {"crashes": 4, "injury": 4, "fatal": 0, "pedestrian": 0, "bicycle": 0, "density": 1.0, "year_range": "unknown"}}, {"type": "Feature", "geometry": {"type": "Point", "coordinates": [-91.185586, 30.542342]}, "properties": {"crashes": 1, "injury": 1, "fatal": 0, "pedestrian": 0, "bicycle": 0, "density": 0.2, "year_range": "unknown"}}, {"type": "Feature", "geometry": {"type": "Point", "coordinates": [-91.185586, 30.540541]}, "properties": {"crashes": 1, "injury": 1, "fatal": 0, "pedestrian": 0, "bicycle": 0, "density": 0.2, "year_range": "unknown"}}, {"type": "Feature", "geometry": {"type": "Point", "coordinates": [-91.18018, 30.538739]}, "properties": {"crashes": 1, "injury": 1, "fatal": 0, "pedestrian": 0, "bicycle": 0, "density": 0.2, "year_range": "unknown"}}, {"type": "Feature", "geometry": {"type": "Point", "coordinates": [-91.178378, 30.538739]}, "properties": {"crashes": 18, "injury": 13, "fatal": 0, "pedestrian": 1, "bicycle": 0, "density": 4.5, "year_range": "unknown"}}, {"type": "Feature", "geometry": {"type": "Point", "coordinates": [-91.178378, 30.540541]}, "properties": {"crashes": 2, "injury": 1, "fatal": 0, "pedestrian": 1, "bicycle": 0, "density": 0.5, "year_range": "unknown"}}, {"type": "Feature", "geometry": {"type": "Point", "coordinates": [-91.181982, 30.531532]}, "properties": {"crashes": 5, "injury": 4, "fatal": 0, "pedestrian": 1, "bicycle": 0, "density": 1.2, "year_range": "unknown"}}, {"type": "Feature", "geometry": {"type": "Point", "coordinates": [-91.183784, 30.531532]}, "properties": {"crashes": 5, "injury": 4, "fatal": 0, "pedestrian": 1, "bicycle": 0, "density": 1.2, "year_range": "unknown"}}, {"type": "Feature", "geometry": {"type": "Point", "coordinates": [-91.18018, 30.531532]}, "properties": {"crashes": 4, "injury": 1, "fatal": 0, "pedestrian": 2, "bicycle": 0, "density": 1.0, "year_range": "unknown"}}, {"type": "Feature", "geometry": {"type": "Point", "coordinates": [-91.181982, 30.533333]}, "properties": {"crashes": 2, "injury": 2, "fatal": 0, "pedestrian": 0, "bicycle": 0, "density": 0.5, "year_range": "unknown"}}, {"type": "Feature", "geometry": {"type": "Point", "coordinates": [-91.18018, 30.526126]}, "properties": {"crashes": 7, "injury": 4, "fatal": 0, "pedestrian": 0, "bicycle": 0, "density": 1.8, "year_range": "unknown"}}, {"type": "Feature", "geometry": {"type": "Point", "coordinates": [-91.181982, 30.527928]}, "properties": {"crashes": 2, "injury": 1, "fatal": 0, "pedestrian": 1, "bicycle": 0, "density": 0.5, "year_range": "unknown"}}, {"type": "Feature", "geometry": {"type": "Point", "coordinates": [-91.181982, 30.52973]}, "properties": {"crashes": 1, "injury": 0, "fatal": 0, "pedestrian": 0, "bicycle": 0, "density": 0.2, "year_range": "unknown"}}, {"type": "Feature", "geometry": {"type": "Point", "coordinates": [-91.172973, 30.535135]}, "properties": {"crashes": 43, "injury": 33, "fatal": 0, "pedestrian": 0, "bicycle": 0, "density": 10.8, "year_range": "unknown"}}, {"type": "Feature", "geometry": {"type": "Point", "coordinates": [-91.172973, 30.533333]}, "properties": {"crashes": 4, "injury": 4, "fatal": 0, "pedestrian": 0, "bicycle": 0, "density": 1.0, "year_range": "unknown"}}, {"type": "Feature", "geometry": {"type": "Point", "coordinates": [-91.171171, 30.535135]}, "properties": {"crashes": 4, "injury": 2, "fatal": 0, "pedestrian": 0, "bicycle": 0, "density": 1.0, "year_range": "unknown"}}, {"type": "Feature", "geometry": {"type": "Point", "coordinates": [-91.171171, 30.533333]}, "properties": {"crashes": 15, "injury": 7, "fatal": 0, "pedestrian": 0, "bicycle": 0, "density": 3.8, "year_range": "unknown"}}, {"type": "Feature", "geometry": {"type": "Point", "coordinates": [-91.169369, 30.531532]}, "properties": {"crashes": 8, "injury": 6, "fatal": 1, "pedestrian": 0, "bicycle": 0, "density": 2.0, "year_range": "unknown"}}, {"type": "Feature", "geometry": {"type": "Point", "coordinates": [-91.167568, 30.52973]}, "properties": {"crashes": 16, "injury": 5, "fatal": 0, "pedestrian": 0, "bicycle": 0, "density": 4.0, "year_range": "unknown"}}, {"type": "Feature", "geometry": {"type": "Point", "coordinates": [-91.169369, 30.533333]}, "properties": {"crashes": 11, "injury": 6, "fatal": 0, "pedestrian": 0, "bicycle": 0, "density": 2.8, "year_range": "unknown"}}, {"type": "Feature", "geometry": {"type": "Point", "coordinates": [-91.169369, 30.52973]}, "properties": {"crashes": 19, "injury": 11, "fatal": 0, "pedestrian": 0, "bicycle": 0, "density": 4.8, "year_range": "unknown"}}, {"type": "Feature", "geometry": {"type": "Point", "coordinates": [-91.176577, 30.526126]}, "properties": {"crashes": 1, "injury": 1, "fatal": 0, "pedestrian": 0, "bicycle": 0, "density": 0.2, "year_range": "unknown"}}, {"type": "Feature", "geometry": {"type": "Point", "coordinates": [-91.176577, 30.527928]}, "properties": {"crashes": 2, "injury": 2, "fatal": 0, "pedestrian": 0, "bicycle": 0, "density": 0.5, "year_range": "unknown"}}, {"type": "Feature", "geometry": {"type": "Point", "coordinates": [-91.178378, 30.535135]}, "properties": {"crashes": 79, "injury": 66, "fatal": 0, "pedestrian": 0, "bicycle": 0, "density": 19.8, "year_range": "unknown"}}, {"type": "Feature", "geometry": {"type": "Point", "coordinates": [-91.174775, 30.535135]}, "properties": {"crashes": 7, "injury": 5, "fatal": 0, "pedestrian": 0, "bicycle": 0, "density": 1.8, "year_range": "unknown"}}, {"type": "Feature", "geometry": {"type": "Point", "coordinates": [-91.176577, 30.535135]}, "properties": {"crashes": 7, "injury": 5, "fatal": 0, "pedestrian": 0, "bicycle": 0, "density": 1.8, "year_range": "unknown"}}, {"type": "Feature", "geometry": {"type": "Point", "coordinates": [-91.169369, 30.527928]}, "properties": {"crashes": 1, "injury": 1, "fatal": 0, "pedestrian": 0, "bicycle": 0, "density": 0.2, "year_range": "unknown"}}, {"type": "Feature", "geometry": {"type": "Point", "coordinates": [-91.169369, 30.526126]}, "properties": {"crashes": 1, "injury": 1, "fatal": 0, "pedestrian": 0, "bicycle": 0, "density": 0.2, "year_range": "unknown"}}, {"type": "Feature", "geometry": {"type": "Point", "coordinates": [-91.165766, 30.52973]}, "properties": {"crashes": 3, "injury": 3, "fatal": 0, "pedestrian": 0, "bicycle": 0, "density": 0.8, "year_range": "unknown"}}, {"type": "Feature", "geometry": {"type": "Point", "coordinates": [-91.165766, 30.527928]}, "properties": {"crashes": 5, "injury": 3, "fatal": 0, "pedestrian": 0, "bicycle": 0, "density": 1.2, "year_range": "unknown"}}, {"type": "Feature", "geometry": {"type": "Point", "coordinates": [-91.165766, 30.526126]}, "properties": {"crashes": 1, "injury": 1, "fatal": 0, "pedestrian": 0, "bicycle": 0, "density": 0.2, "year_range": "unknown"}}, {"type": "Feature", "geometry": {"type": "Point", "coordinates": [-91.163964, 30.526126]}, "properties": {"crashes": 17, "injury": 13, "fatal": 0, "pedestrian": 0, "bicycle": 0, "density": 4.2, "year_range": "unknown"}}, {"type": "Feature", "geometry": {"type": "Point", "coordinates": [-91.163964, 30.522523]}, "properties": {"crashes": 3, "injury": 1, "fatal": 0, "pedestrian": 0, "bicycle": 0, "density": 0.8, "year_range": "unknown"}}, {"type": "Feature", "geometry": {"type": "Point", "coordinates": [-91.163964, 30.524324]}, "properties": {"crashes": 10, "injury": 8, "fatal": 0, "pedestrian": 0, "bicycle": 0, "density": 2.5, "year_range": "unknown"}}, {"type": "Feature", "geometry": {"type": "Point", "coordinates": [-91.162162, 30.522523]}, "properties": {"crashes": 7, "injury": 6, "fatal": 0, "pedestrian": 0, "bicycle": 0, "density": 1.8, "year_range": "unknown"}}, {"type": "Feature", "geometry": {"type": "Point", "coordinates": [-91.174775, 30.524324]}, "properties": {"crashes": 4, "injury": 4, "fatal": 0, "pedestrian": 0, "bicycle": 0, "density": 1.0, "year_range": "unknown"}}, {"type": "Feature", "geometry": {"type": "Point", "coordinates": [-91.172973, 30.524324]}, "properties": {"crashes": 2, "injury": 2, "fatal": 0, "pedestrian": 0, "bicycle": 0, "density": 0.5, "year_range": "unknown"}}, {"type": "Feature", "geometry": {"type": "Point", "coordinates": [-91.171171, 30.524324]}, "properties": {"crashes": 1, "injury": 1, "fatal": 0, "pedestrian": 0, "bicycle": 0, "density": 0.2, "year_range": "unknown"}}, {"type": "Feature", "geometry": {"type": "Point", "coordinates": [-91.169369, 30.522523]}, "properties": {"crashes": 2, "injury": 1, "fatal": 0, "pedestrian": 0, "bicycle": 0, "density": 0.5, "year_range": "unknown"}}, {"type": "Feature", "geometry": {"type": "Point", "coordinates": [-91.167568, 30.522523]}, "properties": {"crashes": 2, "injury": 1, "fatal": 0, "pedestrian": 0, "bicycle": 0, "density": 0.5, "year_range": "unknown"}}, {"type": "Feature", "geometry": {"type": "Point", "coordinates": [-91.167568, 30.524324]}, "properties": {"crashes": 1, "injury": 1, "fatal": 0, "pedestrian": 0, "bicycle": 0, "density": 0.2, "year_range": "unknown"}}, {"type": "Feature", "geometry": {"type": "Point", "coordinates": [-91.165766, 30.524324]}, "properties": {"crashes": 3, "injury": 2, "fatal": 0, "pedestrian": 1, "bicycle": 0, "density": 0.8, "year_range": "unknown"}}, {"type": "Feature", "geometry": {"type": "Point", "coordinates": [-91.165766, 30.522523]}, "properties": {"crashes": 1, "injury": 1, "fatal": 0, "pedestrian": 0, "bicycle": 0, "density": 0.2, "year_range": "unknown"}}, {"type": "Feature", "geometry": {"type": "Point", "coordinates": [-91.174775, 30.522523]}, "properties": {"crashes": 6, "injury": 4, "fatal": 0, "pedestrian": 0, "bicycle": 0, "density": 1.5, "year_range": "unknown"}}, {"type": "Feature", "geometry": {"type": "Point", "coordinates": [-91.171171, 30.522523]}, "properties": {"crashes": 4, "injury": 2, "fatal": 0, "pedestrian": 0, "bicycle": 0, "density": 1.0, "year_range": "unknown"}}, {"type": "Feature", "geometry": {"type": "Point", "coordinates": [-91.171171, 30.520721]}, "properties": {"crashes": 5, "injury": 4, "fatal": 0, "pedestrian": 0, "bicycle": 0, "density": 1.2, "year_range": "unknown"}}, {"type": "Feature", "geometry": {"type": "Point", "coordinates": [-91.176577, 30.522523]}, "properties": {"crashes": 4, "injury": 2, "fatal": 0, "pedestrian": 1, "bicycle": 0, "density": 1.0, "year_range": "unknown"}}, {"type": "Feature", "geometry": {"type": "Point", "coordinates": [-91.178378, 30.526126]}, "properties": {"crashes": 1, "injury": 1, "fatal": 0, "pedestrian": 0, "bicycle": 0, "density": 0.2, "year_range": "unknown"}}, {"type": "Feature", "geometry": {"type": "Point", "coordinates": [-91.178378, 30.533333]}, "properties": {"crashes": 5, "injury": 3, "fatal": 0, "pedestrian": 1, "bicycle": 0, "density": 1.2, "year_range": "unknown"}}, {"type": "Feature", "geometry": {"type": "Point", "coordinates": [-91.178378, 30.522523]}, "properties": {"crashes": 1, "injury": 1, "fatal": 0, "pedestrian": 0, "bicycle": 0, "density": 0.2, "year_range": "unknown"}}, {"type": "Feature", "geometry": {"type": "Point", "coordinates": [-91.18018, 30.522523]}, "properties": {"crashes": 12, "injury": 9, "fatal": 0, "pedestrian": 1, "bicycle": 0, "density": 3.0, "year_range": "unknown"}}, {"type": "Feature", "geometry": {"type": "Point", "coordinates": [-91.18018, 30.524324]}, "properties": {"crashes": 33, "injury": 21, "fatal": 0, "pedestrian": 1, "bicycle": 0, "density": 8.2, "year_range": "unknown"}}, {"type": "Feature", "geometry": {"type": "Point", "coordinates": [-91.178378, 30.524324]}, "properties": {"crashes": 5, "injury": 2, "fatal": 1, "pedestrian": 0, "bicycle": 0, "density": 1.2, "year_range": "unknown"}}, {"type": "Feature", "geometry": {"type": "Point", "coordinates": [-91.178378, 30.531532]}, "properties": {"crashes": 13, "injury": 11, "fatal": 0, "pedestrian": 1, "bicycle": 0, "density": 3.2, "year_range": "unknown"}}, {"type": "Feature", "geometry": {"type": "Point", "coordinates": [-91.18018, 30.527928]}, "properties": {"crashes": 4, "injury": 2, "fatal": 0, "pedestrian": 2, "bicycle": 0, "density": 1.0, "year_range": "unknown"}}, {"type": "Feature", "geometry": {"type": "Point", "coordinates": [-91.18018, 30.52973]}, "properties": {"crashes": 2, "injury": 1, "fatal": 0, "pedestrian": 0, "bicycle": 0, "density": 0.5, "year_range": "unknown"}}, {"type": "Feature", "geometry": {"type": "Point", "coordinates": [-91.140541, 30.533333]}, "properties": {"crashes": 9, "injury": 8, "fatal": 0, "pedestrian": 0, "bicycle": 0, "density": 2.2, "year_range": "unknown"}}, {"type": "Feature", "geometry": {"type": "Point", "coordinates": [-91.140541, 30.535135]}, "properties": {"crashes": 1, "injury": 1, "fatal": 0, "pedestrian": 0, "bicycle": 0, "density": 0.2, "year_range": "unknown"}}, {"type": "Feature", "geometry": {"type": "Point", "coordinates": [-91.153153, 30.522523]}, "properties": {"crashes": 5, "injury": 5, "fatal": 0, "pedestrian": 0, "bicycle": 0, "density": 1.2, "year_range": "unknown"}}, {"type": "Feature", "geometry": {"type": "Point", "coordinates": [-91.151351, 30.522523]}, "properties": {"crashes": 2, "injury": 2, "fatal": 0, "pedestrian": 0, "bicycle": 0, "density": 0.5, "year_range": "unknown"}}, {"type": "Feature", "geometry": {"type": "Point", "coordinates": [-91.14955, 30.522523]}, "properties": {"crashes": 5, "injury": 5, "fatal": 0, "pedestrian": 0, "bicycle": 0, "density": 1.2, "year_range": "unknown"}}, {"type": "Feature", "geometry": {"type": "Point", "coordinates": [-91.147748, 30.522523]}, "properties": {"crashes": 2, "injury": 2, "fatal": 0, "pedestrian": 0, "bicycle": 0, "density": 0.5, "year_range": "unknown"}}, {"type": "Feature", "geometry": {"type": "Point", "coordinates": [-91.144144, 30.526126]}, "properties": {"crashes": 8, "injury": 3, "fatal": 2, "pedestrian": 2, "bicycle": 0, "density": 2.0, "year_range": "unknown"}}, {"type": "Feature", "geometry": {"type": "Point", "coordinates": [-91.142342, 30.527928]}, "properties": {"crashes": 2, "injury": 0, "fatal": 0, "pedestrian": 0, "bicycle": 0, "density": 0.5, "year_range": "unknown"}}, {"type": "Feature", "geometry": {"type": "Point", "coordinates": [-91.142342, 30.52973]}, "properties": {"crashes": 10, "injury": 7, "fatal": 0, "pedestrian": 0, "bicycle": 0, "density": 2.5, "year_range": "unknown"}}, {"type": "Feature", "geometry": {"type": "Point", "coordinates": [-91.142342, 30.531532]}, "properties": {"crashes": 3, "injury": 2, "fatal": 0, "pedestrian": 1, "bicycle": 0, "density": 0.8, "year_range": "unknown"}}, {"type": "Feature", "geometry": {"type": "Point", "coordinates": [-91.16036, 30.531532]}, "properties": {"crashes": 1, "injury": 1, "fatal": 0, "pedestrian": 0, "bicycle": 0, "density": 0.2, "year_range": "unknown"}}, {"type": "Feature", "geometry": {"type": "Point", "coordinates": [-91.16036, 30.522523]}, "properties": {"crashes": 15, "injury": 13, "fatal": 0, "pedestrian": 0, "bicycle": 0, "density": 3.8, "year_range": "unknown"}}, {"type": "Feature", "geometry": {"type": "Point", "coordinates": [-91.16036, 30.524324]}, "properties": {"crashes": 5, "injury": 2, "fatal": 0, "pedestrian": 0, "bicycle": 0, "density": 1.2, "year_range": "unknown"}}, {"type": "Feature", "geometry": {"type": "Point", "coordinates": [-91.145946, 30.524324]}, "properties": {"crashes": 1, "injury": 1, "fatal": 0, "pedestrian": 0, "bicycle": 0, "density": 0.2, "year_range": "unknown"}}, {"type": "Feature", "geometry": {"type": "Point", "coordinates": [-91.16036, 30.526126]}, "properties": {"crashes": 3, "injury": 3, "fatal": 0, "pedestrian": 0, "bicycle": 0, "density": 0.8, "year_range": "unknown"}}, {"type": "Feature", "geometry": {"type": "Point", "coordinates": [-91.162162, 30.533333]}, "properties": {"crashes": 7, "injury": 6, "fatal": 0, "pedestrian": 0, "bicycle": 0, "density": 1.8, "year_range": "unknown"}}, {"type": "Feature", "geometry": {"type": "Point", "coordinates": [-91.162162, 30.531532]}, "properties": {"crashes": 5, "injury": 4, "fatal": 0, "pedestrian": 0, "bicycle": 0, "density": 1.2, "year_range": "unknown"}}, {"type": "Feature", "geometry": {"type": "Point", "coordinates": [-91.162162, 30.52973]}, "properties": {"crashes": 3, "injury": 3, "fatal": 0, "pedestrian": 0, "bicycle": 0, "density": 0.8, "year_range": "unknown"}}, {"type": "Feature", "geometry": {"type": "Point", "coordinates": [-91.16036, 30.533333]}, "properties": {"crashes": 17, "injury": 6, "fatal": 0, "pedestrian": 0, "bicycle": 0, "density": 4.2, "year_range": "unknown"}}, {"type": "Feature", "geometry": {"type": "Point", "coordinates": [-91.16036, 30.52973]}, "properties": {"crashes": 1, "injury": 1, "fatal": 0, "pedestrian": 0, "bicycle": 0, "density": 0.2, "year_range": "unknown"}}, {"type": "Feature", "geometry": {"type": "Point", "coordinates": [-91.169369, 30.538739]}, "properties": {"crashes": 2, "injury": 1, "fatal": 0, "pedestrian": 0, "bicycle": 0, "density": 0.5, "year_range": "unknown"}}, {"type": "Feature", "geometry": {"type": "Point", "coordinates": [-91.167568, 30.538739]}, "properties": {"crashes": 1, "injury": 1, "fatal": 0, "pedestrian": 0, "bicycle": 0, "density": 0.2, "year_range": "unknown"}}, {"type": "Feature", "geometry": {"type": "Point", "coordinates": [-91.165766, 30.540541]}, "properties": {"crashes": 2, "injury": 1, "fatal": 0, "pedestrian": 0, "bicycle": 0, "density": 0.5, "year_range": "unknown"}}, {"type": "Feature", "geometry": {"type": "Point", "coordinates": [-91.169369, 30.544144]}, "properties": {"crashes": 1, "injury": 1, "fatal": 0, "pedestrian": 0, "bicycle": 0, "density": 0.2, "year_range": "unknown"}}, {"type": "Feature", "geometry": {"type": "Point", "coordinates": [-91.165766, 30.544144]}, "properties": {"crashes": 12, "injury": 9, "fatal": 0, "pedestrian": 0, "bicycle": 0, "density": 3.0, "year_range": "unknown"}}, {"type": "Feature", "geometry": {"type": "Point", "coordinates": [-91.167568, 30.544144]}, "properties": {"crashes": 1, "injury": 0, "fatal": 0, "pedestrian": 0, "bicycle": 0, "density": 0.2, "year_range": "unknown"}}, {"type": "Feature", "geometry": {"type": "Point", "coordinates": [-91.16036, 30.535135]}, "properties": {"crashes": 3, "injury": 3, "fatal": 0, "pedestrian": 0, "bicycle": 0, "density": 0.8, "year_range": "unknown"}}, {"type": "Feature", "geometry": {"type": "Point", "coordinates": [-91.163964, 30.535135]}, "properties": {"crashes": 1, "injury": 1, "fatal": 0, "pedestrian": 0, "bicycle": 0, "density": 0.2, "year_range": "unknown"}}, {"type": "Feature", "geometry": {"type": "Point", "coordinates": [-91.162162, 30.535135]}, "properties": {"crashes": 4, "injury": 2, "fatal": 0, "pedestrian": 0, "bicycle": 0, "density": 1.0, "year_range": "unknown"}}, {"type": "Feature", "geometry": {"type": "Point", "coordinates": [-91.162162, 30.536937]}, "properties": {"crashes": 4, "injury": 2, "fatal": 0, "pedestrian": 0, "bicycle": 0, "density": 1.0, "year_range": "unknown"}}, {"type": "Feature", "geometry": {"type": "Point", "coordinates": [-91.163964, 30.538739]}, "properties": {"crashes": 1, "injury": 0, "fatal": 0, "pedestrian": 0, "bicycle": 0, "density": 0.2, "year_range": "unknown"}}, {"type": "Feature", "geometry": {"type": "Point", "coordinates": [-91.176577, 30.536937]}, "properties": {"crashes": 9, "injury": 6, "fatal": 0, "pedestrian": 0, "bicycle": 0, "density": 2.2, "year_range": "unknown"}}, {"type": "Feature", "geometry": {"type": "Point", "coordinates": [-91.171171, 30.540541]}, "properties": {"crashes": 1, "injury": 1, "fatal": 0, "pedestrian": 0, "bicycle": 0, "density": 0.2, "year_range": "unknown"}}, {"type": "Feature", "geometry": {"type": "Point", "coordinates": [-91.167568, 30.531532]}, "properties": {"crashes": 3, "injury": 1, "fatal": 0, "pedestrian": 0, "bicycle": 0, "density": 0.8, "year_range": "unknown"}}, {"type": "Feature", "geometry": {"type": "Point", "coordinates": [-91.165766, 30.531532]}, "properties": {"crashes": 2, "injury": 1, "fatal": 0, "pedestrian": 0, "bicycle": 0, "density": 0.5, "year_range": "unknown"}}, {"type": "Feature", "geometry": {"type": "Point", "coordinates": [-91.162162, 30.524324]}, "properties": {"crashes": 2, "injury": 1, "fatal": 0, "pedestrian": 0, "bicycle": 0, "density": 0.5, "year_range": "unknown"}}, {"type": "Feature", "geometry": {"type": "Point", "coordinates": [-91.162162, 30.526126]}, "properties": {"crashes": 2, "injury": 2, "fatal": 0, "pedestrian": 0, "bicycle": 0, "density": 0.5, "year_range": "unknown"}}, {"type": "Feature", "geometry": {"type": "Point", "coordinates": [-91.172973, 30.540541]}, "properties": {"crashes": 1, "injury": 0, "fatal": 0, "pedestrian": 0, "bicycle": 0, "density": 0.2, "year_range": "unknown"}}, {"type": "Feature", "geometry": {"type": "Point", "coordinates": [-91.165766, 30.542342]}, "properties": {"crashes": 3, "injury": 3, "fatal": 0, "pedestrian": 0, "bicycle": 0, "density": 0.8, "year_range": "unknown"}}, {"type": "Feature", "geometry": {"type": "Point", "coordinates": [-91.172973, 30.544144]}, "properties": {"crashes": 12, "injury": 8, "fatal": 0, "pedestrian": 0, "bicycle": 0, "density": 3.0, "year_range": "unknown"}}, {"type": "Feature", "geometry": {"type": "Point", "coordinates": [-91.162162, 30.544144]}, "properties": {"crashes": 2, "injury": 1, "fatal": 0, "pedestrian": 0, "bicycle": 0, "density": 0.5, "year_range": "unknown"}}, {"type": "Feature", "geometry": {"type": "Point", "coordinates": [-91.174775, 30.544144]}, "properties": {"crashes": 4, "injury": 3, "fatal": 0, "pedestrian": 0, "bicycle": 0, "density": 1.0, "year_range": "unknown"}}, {"type": "Feature", "geometry": {"type": "Point", "coordinates": [-91.176577, 30.544144]}, "properties": {"crashes": 74, "injury": 54, "fatal": 0, "pedestrian": 0, "bicycle": 0, "density": 18.5, "year_range": "unknown"}}, {"type": "Feature", "geometry": {"type": "Point", "coordinates": [-91.174775, 30.536937]}, "properties": {"crashes": 1, "injury": 0, "fatal": 0, "pedestrian": 0, "bicycle": 0, "density": 0.2, "year_range": "unknown"}}, {"type": "Feature", "geometry": {"type": "Point", "coordinates": [-91.172973, 30.538739]}, "properties": {"crashes": 1, "injury": 1, "fatal": 0, "pedestrian": 0, "bicycle": 0, "density": 0.2, "year_range": "unknown"}}, {"type": "Feature", "geometry": {"type": "Point", "coordinates": [-91.176577, 30.542342]}, "properties": {"crashes": 46, "injury": 30, "fatal": 0, "pedestrian": 2, "bicycle": 0, "density": 11.5, "year_range": "unknown"}}, {"type": "Feature", "geometry": {"type": "Point", "coordinates": [-91.176577, 30.540541]}, "properties": {"crashes": 7, "injury": 4, "fatal": 0, "pedestrian": 0, "bicycle": 0, "density": 1.8, "year_range": "unknown"}}, {"type": "Feature", "geometry": {"type": "Point", "coordinates": [-91.102703, 30.463063]}, "properties": {"crashes": 57, "injury": 42, "fatal": 0, "pedestrian": 3, "bicycle": 0, "density": 14.2, "year_range": "unknown"}}, {"type": "Feature", "geometry": {"type": "Point", "coordinates": [-91.102703, 30.461261]}, "properties": {"crashes": 15, "injury": 10, "fatal": 0, "pedestrian": 0, "bicycle": 0, "density": 3.8, "year_range": "unknown"}}, {"type": "Feature", "geometry": {"type": "Point", "coordinates": [-91.100901, 30.461261]}, "properties": {"crashes": 37, "injury": 29, "fatal": 0, "pedestrian": 1, "bicycle": 0, "density": 9.2, "year_range": "unknown"}}, {"type": "Feature", "geometry": {"type": "Point", "coordinates": [-91.104505, 30.463063]}, "properties": {"crashes": 5, "injury": 3, "fatal": 0, "pedestrian": 1, "bicycle": 0, "density": 1.2, "year_range": "unknown"}}, {"type": "Feature", "geometry": {"type": "Point", "coordinates": [-91.104505, 30.464865]}, "properties": {"crashes": 31, "injury": 25, "fatal": 0, "pedestrian": 0, "bicycle": 0, "density": 7.8, "year_range": "unknown"}}, {"type": "Feature", "geometry": {"type": "Point", "coordinates": [-91.104505, 30.466667]}, "properties": {"crashes": 42, "injury": 35, "fatal": 1, "pedestrian": 1, "bicycle": 0, "density": 10.5, "year_range": "unknown"}}, {"type": "Feature", "geometry": {"type": "Point", "coordinates": [-91.106306, 30.466667]}, "properties": {"crashes": 81, "injury": 61, "fatal": 0, "pedestrian": 2, "bicycle": 0, "density": 20.2, "year_range": "unknown"}}, {"type": "Feature", "geometry": {"type": "Point", "coordinates": [-91.102703, 30.466667]}, "properties": {"crashes": 3, "injury": 2, "fatal": 0, "pedestrian": 0, "bicycle": 0, "density": 0.8, "year_range": "unknown"}}, {"type": "Feature", "geometry": {"type": "Point", "coordinates": [-91.102703, 30.468468]}, "properties": {"crashes": 2, "injury": 2, "fatal": 0, "pedestrian": 0, "bicycle": 0, "density": 0.5, "year_range": "unknown"}}, {"type": "Feature", "geometry": {"type": "Point", "coordinates": [-91.100901, 30.468468]}, "properties": {"crashes": 5, "injury": 3, "fatal": 0, "pedestrian": 0, "bicycle": 0, "density": 1.2, "year_range": "unknown"}}, {"type": "Feature", "geometry": {"type": "Point", "coordinates": [-91.102703, 30.47027]}, "properties": {"crashes": 1, "injury": 0, "fatal": 0, "pedestrian": 1, "bicycle": 0, "density": 0.2, "year_range": "unknown"}}, {"type": "Feature", "geometry": {"type": "Point", "coordinates": [-91.108108, 30.468468]}, "properties": {"crashes": 9, "injury": 6, "fatal": 0, "pedestrian": 0, "bicycle": 0, "density": 2.2, "year_range": "unknown"}}, {"type": "Feature", "geometry": {"type": "Point", "coordinates": [-91.106306, 30.468468]}, "properties": {"crashes": 26, "injury": 19, "fatal": 0, "pedestrian": 0, "bicycle": 0, "density": 6.5, "year_range": "unknown"}}, {"type": "Feature", "geometry": {"type": "Point", "coordinates": [-91.108108, 30.47027]}, "properties": {"crashes": 128, "injury": 107, "fatal": 1, "pedestrian": 0, "bicycle": 0, "density": 32.0, "year_range": "unknown"}}, {"type": "Feature", "geometry": {"type": "Point", "coordinates": [-91.104505, 30.47027]}, "properties": {"crashes": 1, "injury": 0, "fatal": 0, "pedestrian": 0, "bicycle": 0, "density": 0.2, "year_range": "unknown"}}, {"type": "Feature", "geometry": {"type": "Point", "coordinates": [-91.104505, 30.472072]}, "properties": {"crashes": 10, "injury": 9, "fatal": 0, "pedestrian": 0, "bicycle": 0, "density": 2.5, "year_range": "unknown"}}, {"type": "Feature", "geometry": {"type": "Point", "coordinates": [-91.108108, 30.472072]}, "properties": {"crashes": 12, "injury": 10, "fatal": 0, "pedestrian": 1, "bicycle": 0, "density": 3.0, "year_range": "unknown"}}, {"type": "Feature", "geometry": {"type": "Point", "coordinates": [-91.10991, 30.472072]}, "properties": {"crashes": 84, "injury": 71, "fatal": 0, "pedestrian": 0, "bicycle": 0, "density": 21.0, "year_range": "unknown"}}, {"type": "Feature", "geometry": {"type": "Point", "coordinates": [-91.084685, 30.472072]}, "properties": {"crashes": 82, "injury": 57, "fatal": 0, "pedestrian": 0, "bicycle": 0, "density": 20.5, "year_range": "unknown"}}, {"type": "Feature", "geometry": {"type": "Point", "coordinates": [-91.088288, 30.472072]}, "properties": {"crashes": 144, "injury": 104, "fatal": 0, "pedestrian": 0, "bicycle": 0, "density": 36.0, "year_range": "unknown"}}, {"type": "Feature", "geometry": {"type": "Point", "coordinates": [-91.086486, 30.472072]}, "properties": {"crashes": 15, "injury": 13, "fatal": 0, "pedestrian": 0, "bicycle": 0, "density": 3.8, "year_range": "unknown"}}, {"type": "Feature", "geometry": {"type": "Point", "coordinates": [-91.084685, 30.468468]}, "properties": {"crashes": 6, "injury": 4, "fatal": 0, "pedestrian": 0, "bicycle": 0, "density": 1.5, "year_range": "unknown"}}, {"type": "Feature", "geometry": {"type": "Point", "coordinates": [-91.088288, 30.47027]}, "properties": {"crashes": 21, "injury": 19, "fatal": 1, "pedestrian": 0, "bicycle": 0, "density": 5.2, "year_range": "unknown"}}, {"type": "Feature", "geometry": {"type": "Point", "coordinates": [-91.084685, 30.47027]}, "properties": {"crashes": 14, "injury": 12, "fatal": 0, "pedestrian": 0, "bicycle": 0, "density": 3.5, "year_range": "unknown"}}, {"type": "Feature", "geometry": {"type": "Point", "coordinates": [-91.086486, 30.47027]}, "properties": {"crashes": 1, "injury": 1, "fatal": 0, "pedestrian": 0, "bicycle": 0, "density": 0.2, "year_range": "unknown"}}, {"type": "Feature", "geometry": {"type": "Point", "coordinates": [-91.084685, 30.464865]}, "properties": {"crashes": 8, "injury": 4, "fatal": 0, "pedestrian": 0, "bicycle": 0, "density": 2.0, "year_range": "unknown"}}, {"type": "Feature", "geometry": {"type": "Point", "coordinates": [-91.088288, 30.466667]}, "properties": {"crashes": 4, "injury": 3, "fatal": 0, "pedestrian": 0, "bicycle": 0, "density": 1.0, "year_range": "unknown"}}, {"type": "Feature", "geometry": {"type": "Point", "coordinates": [-91.086486, 30.466667]}, "properties": {"crashes": 1, "injury": 1, "fatal": 0, "pedestrian": 0, "bicycle": 0, "density": 0.2, "year_range": "unknown"}}, {"type": "Feature", "geometry": {"type": "Point", "coordinates": [-91.09009, 30.463063]}, "properties": {"crashes": 29, "injury": 20, "fatal": 1, "pedestrian": 0, "bicycle": 0, "density": 7.2, "year_range": "unknown"}}, {"type": "Feature", "geometry": {"type": "Point", "coordinates": [-91.09009, 30.464865]}, "properties": {"crashes": 1, "injury": 1, "fatal": 0, "pedestrian": 0, "bicycle": 0, "density": 0.2, "year_range": "unknown"}}, {"type": "Feature", "geometry": {"type": "Point", "coordinates": [-91.088288, 30.468468]}, "properties": {"crashes": 3, "injury": 1, "fatal": 0, "pedestrian": 0, "bicycle": 0, "density": 0.8, "year_range": "unknown"}}, {"type": "Feature", "geometry": {"type": "Point", "coordinates": [-91.091892, 30.472072]}, "properties": {"crashes": 28, "injury": 24, "fatal": 0, "pedestrian": 0, "bicycle": 0, "density": 7.0, "year_range": "unknown"}}, {"type": "Feature", "geometry": {"type": "Point", "coordinates": [-91.09009, 30.472072]}, "properties": {"crashes": 20, "injury": 14, "fatal": 0, "pedestrian": 0, "bicycle": 0, "density": 5.0, "year_range": "unknown"}}, {"type": "Feature", "geometry": {"type": "Point", "coordinates": [-91.097297, 30.472072]}, "properties": {"crashes": 12, "injury": 9, "fatal": 0, "pedestrian": 0, "bicycle": 0, "density": 3.0, "year_range": "unknown"}}, {"type": "Feature", "geometry": {"type": "Point", "coordinates": [-91.095495, 30.472072]}, "properties": {"crashes": 1, "injury": 1, "fatal": 0, "pedestrian": 0, "bicycle": 0, "density": 0.2, "year_range": "unknown"}}, {"type": "Feature", "geometry": {"type": "Point", "coordinates": [-91.093694, 30.472072]}, "properties": {"crashes": 8, "injury": 8, "fatal": 0, "pedestrian": 0, "bicycle": 0, "density": 2.0, "year_range": "unknown"}}, {"type": "Feature", "geometry": {"type": "Point", "coordinates": [-91.099099, 30.472072]}, "properties": {"crashes": 13, "injury": 10, "fatal": 0, "pedestrian": 0, "bicycle": 0, "density": 3.2, "year_range": "unknown"}}, {"type": "Feature", "geometry": {"type": "Point", "coordinates": [-91.099099, 30.47027]}, "properties": {"crashes": 4, "injury": 3, "fatal": 0, "pedestrian": 0, "bicycle": 0, "density": 1.0, "year_range": "unknown"}}, {"type": "Feature", "geometry": {"type": "Point", "coordinates": [-91.100901, 30.463063]}, "properties": {"crashes": 6, "injury": 6, "fatal": 0, "pedestrian": 0, "bicycle": 0, "density": 1.5, "year_range": "unknown"}}, {"type": "Feature", "geometry": {"type": "Point", "coordinates": [-91.099099, 30.468468]}, "properties": {"crashes": 12, "injury": 8, "fatal": 0, "pedestrian": 1, "bicycle": 0, "density": 3.0, "year_range": "unknown"}}, {"type": "Feature", "geometry": {"type": "Point", "coordinates": [-91.099099, 30.466667]}, "properties": {"crashes": 1, "injury": 1, "fatal": 0, "pedestrian": 0, "bicycle": 0, "density": 0.2, "year_range": "unknown"}}, {"type": "Feature", "geometry": {"type": "Point", "coordinates": [-91.099099, 30.463063]}, "properties": {"crashes": 1, "injury": 1, "fatal": 0, "pedestrian": 0, "bicycle": 0, "density": 0.2, "year_range": "unknown"}}, {"type": "Feature", "geometry": {"type": "Point", "coordinates": [-91.095495, 30.466667]}, "properties": {"crashes": 2, "injury": 2, "fatal": 0, "pedestrian": 0, "bicycle": 0, "density": 0.5, "year_range": "unknown"}}, {"type": "Feature", "geometry": {"type": "Point", "coordinates": [-91.093694, 30.464865]}, "properties": {"crashes": 1, "injury": 1, "fatal": 0, "pedestrian": 0, "bicycle": 0, "density": 0.2, "year_range": "unknown"}}, {"type": "Feature", "geometry": {"type": "Point", "coordinates": [-91.093694, 30.47027]}, "properties": {"crashes": 1, "injury": 1, "fatal": 0, "pedestrian": 0, "bicycle": 0, "density": 0.2, "year_range": "unknown"}}, {"type": "Feature", "geometry": {"type": "Point", "coordinates": [-91.091892, 30.463063]}, "properties": {"crashes": 2, "injury": 2, "fatal": 0, "pedestrian": 0, "bicycle": 0, "density": 0.5, "year_range": "unknown"}}, {"type": "Feature", "geometry": {"type": "Point", "coordinates": [-91.100901, 30.459459]}, "properties": {"crashes": 23, "injury": 19, "fatal": 0, "pedestrian": 0, "bicycle": 0, "density": 5.8, "year_range": "unknown"}}, {"type": "Feature", "geometry": {"type": "Point", "coordinates": [-91.097297, 30.463063]}, "properties": {"crashes": 3, "injury": 3, "fatal": 0, "pedestrian": 0, "bicycle": 0, "density": 0.8, "year_range": "unknown"}}, {"type": "Feature", "geometry": {"type": "Point", "coordinates": [-91.097297, 30.461261]}, "properties": {"crashes": 2, "injury": 2, "fatal": 0, "pedestrian": 0, "bicycle": 0, "density": 0.5, "year_range": "unknown"}}, {"type": "Feature", "geometry": {"type": "Point", "coordinates": [-91.095495, 30.461261]}, "properties": {"crashes": 10, "injury": 6, "fatal": 0, "pedestrian": 0, "bicycle": 0, "density": 2.5, "year_range": "unknown"}}, {"type": "Feature", "geometry": {"type": "Point", "coordinates": [-91.100901, 30.472072]}, "properties": {"crashes": 13, "injury": 7, "fatal": 0, "pedestrian": 1, "bicycle": 0, "density": 3.2, "year_range": "unknown"}}, {"type": "Feature", "geometry": {"type": "Point", "coordinates": [-91.084685, 30.454054]}, "properties": {"crashes": 107, "injury": 73, "fatal": 1, "pedestrian": 0, "bicycle": 0, "density": 26.8, "year_range": "unknown"}}, {"type": "Feature", "geometry": {"type": "Point", "coordinates": [-91.084685, 30.455856]}, "properties": {"crashes": 14, "injury": 11, "fatal": 0, "pedestrian": 0, "bicycle": 0, "density": 3.5, "year_range": "unknown"}}, {"type": "Feature", "geometry": {"type": "Point", "coordinates": [-91.086486, 30.454054]}, "properties": {"crashes": 183, "injury": 141, "fatal": 0, "pedestrian": 0, "bicycle": 0, "density": 45.8, "year_range": "unknown"}}, {"type": "Feature", "geometry": {"type": "Point", "coordinates": [-91.088288, 30.454054]}, "properties": {"crashes": 25, "injury": 22, "fatal": 0, "pedestrian": 0, "bicycle": 0, "density": 6.2, "year_range": "unknown"}}, {"type": "Feature", "geometry": {"type": "Point", "coordinates": [-91.086486, 30.455856]}, "properties": {"crashes": 27, "injury": 20, "fatal": 0, "pedestrian": 0, "bicycle": 0, "density": 6.8, "year_range": "unknown"}}, {"type": "Feature", "geometry": {"type": "Point", "coordinates": [-91.088288, 30.455856]}, "properties": {"crashes": 5, "injury": 4, "fatal": 0, "pedestrian": 0, "bicycle": 0, "density": 1.2, "year_range": "unknown"}}, {"type": "Feature", "geometry": {"type": "Point", "coordinates": [-91.088288, 30.461261]}, "properties": {"crashes": 16, "injury": 11, "fatal": 0, "pedestrian": 0, "bicycle": 0, "density": 4.0, "year_range": "unknown"}}, {"type": "Feature", "geometry": {"type": "Point", "coordinates": [-91.088288, 30.459459]}, "properties": {"crashes": 24, "injury": 15, "fatal": 0, "pedestrian": 0, "bicycle": 0, "density": 6.0, "year_range": "unknown"}}, {"type": "Feature", "geometry": {"type": "Point", "coordinates": [-91.084685, 30.461261]}, "properties": {"crashes": 6, "injury": 4, "fatal": 0, "pedestrian": 0, "bicycle": 0, "density": 1.5, "year_range": "unknown"}}, {"type": "Feature", "geometry": {"type": "Point", "coordinates": [-91.09009, 30.461261]}, "properties": {"crashes": 10, "injury": 7, "fatal": 0, "pedestrian": 0, "bicycle": 0, "density": 2.5, "year_range": "unknown"}}, {"type": "Feature", "geometry": {"type": "Point", "coordinates": [-91.088288, 30.457658]}, "properties": {"crashes": 6, "injury": 2, "fatal": 0, "pedestrian": 1, "bicycle": 0, "density": 1.5, "year_range": "unknown"}}, {"type": "Feature", "geometry": {"type": "Point", "coordinates": [-91.084685, 30.457658]}, "properties": {"crashes": 1, "injury": 1, "fatal": 0, "pedestrian": 0, "bicycle": 0, "density": 0.2, "year_range": "unknown"}}, {"type": "Feature", "geometry": {"type": "Point", "coordinates": [-91.084685, 30.459459]}, "properties": {"crashes": 1, "injury": 1, "fatal": 0, "pedestrian": 0, "bicycle": 0, "density": 0.2, "year_range": "unknown"}}, {"type": "Feature", "geometry": {"type": "Point", "coordinates": [-91.09009, 30.459459]}, "properties": {"crashes": 13, "injury": 9, "fatal": 2, "pedestrian": 1, "bicycle": 0, "density": 3.2, "year_range": "unknown"}}, {"type": "Feature", "geometry": {"type": "Point", "coordinates": [-91.086486, 30.459459]}, "properties": {"crashes": 1, "injury": 1, "fatal": 0, "pedestrian": 0, "bicycle": 0, "density": 0.2, "year_range": "unknown"}}, {"type": "Feature", "geometry": {"type": "Point", "coordinates": [-91.091892, 30.454054]}, "properties": {"crashes": 124, "injury": 88, "fatal": 1, "pedestrian": 0, "bicycle": 0, "density": 31.0, "year_range": "unknown"}}, {"type": "Feature", "geometry": {"type": "Point", "coordinates": [-91.09009, 30.454054]}, "properties": {"crashes": 20, "injury": 14, "fatal": 0, "pedestrian": 0, "bicycle": 0, "density": 5.0, "year_range": "unknown"}}, {"type": "Feature", "geometry": {"type": "Point", "coordinates": [-91.093694, 30.461261]}, "properties": {"crashes": 8, "injury": 7, "fatal": 0, "pedestrian": 0, "bicycle": 0, "density": 2.0, "year_range": "unknown"}}, {"type": "Feature", "geometry": {"type": "Point", "coordinates": [-91.091892, 30.461261]}, "properties": {"crashes": 6, "injury": 5, "fatal": 0, "pedestrian": 1, "bicycle": 0, "density": 1.5, "year_range": "unknown"}}, {"type": "Feature", "geometry": {"type": "Point", "coordinates": [-91.095495, 30.455856]}, "properties": {"crashes": 6, "injury": 3, "fatal": 0, "pedestrian": 2, "bicycle": 0, "density": 1.5, "year_range": "unknown"}}, {"type": "Feature", "geometry": {"type": "Point", "coordinates": [-91.095495, 30.459459]}, "properties": {"crashes": 1, "injury": 1, "fatal": 0, "pedestrian": 0, "bicycle": 0, "density": 0.2, "year_range": "unknown"}}, {"type": "Feature", "geometry": {"type": "Point", "coordinates": [-91.093694, 30.455856]}, "properties": {"crashes": 11, "injury": 8, "fatal": 0, "pedestrian": 0, "bicycle": 0, "density": 2.8, "year_range": "unknown"}}, {"type": "Feature", "geometry": {"type": "Point", "coordinates": [-91.093694, 30.457658]}, "properties": {"crashes": 2, "injury": 2, "fatal": 0, "pedestrian": 0, "bicycle": 0, "density": 0.5, "year_range": "unknown"}}, {"type": "Feature", "geometry": {"type": "Point", "coordinates": [-91.091892, 30.457658]}, "properties": {"crashes": 4, "injury": 3, "fatal": 0, "pedestrian": 0, "bicycle": 0, "density": 1.0, "year_range": "unknown"}}, {"type": "Feature", "geometry": {"type": "Point", "coordinates": [-91.091892, 30.455856]}, "properties": {"crashes": 14, "injury": 14, "fatal": 0, "pedestrian": 0, "bicycle": 0, "density": 3.5, "year_range": "unknown"}}, {"type": "Feature", "geometry": {"type": "Point", "coordinates": [-91.09009, 30.455856]}, "properties": {"crashes": 5, "injury": 5, "fatal": 0, "pedestrian": 0, "bicycle": 0, "density": 1.2, "year_range": "unknown"}}, {"type": "Feature", "geometry": {"type": "Point", "coordinates": [-91.093694, 30.454054]}, "properties": {"crashes": 5, "injury": 3, "fatal": 0, "pedestrian": 0, "bicycle": 0, "density": 1.2, "year_range": "unknown"}}, {"type": "Feature", "geometry": {"type": "Point", "coordinates": [-91.095495, 30.454054]}, "properties": {"crashes": 13, "injury": 9, "fatal": 0, "pedestrian": 0, "bicycle": 0, "density": 3.2, "year_range": "unknown"}}, {"type": "Feature", "geometry": {"type": "Point", "coordinates": [-91.097297, 30.454054]}, "properties": {"crashes": 17, "injury": 14, "fatal": 0, "pedestrian": 0, "bicycle": 0, "density": 4.2, "year_range": "unknown"}}, {"type": "Feature", "geometry": {"type": "Point", "coordinates": [-91.097297, 30.455856]}, "properties": {"crashes": 33, "injury": 26, "fatal": 0, "pedestrian": 0, "bicycle": 0, "density": 8.2, "year_range": "unknown"}}, {"type": "Feature", "geometry": {"type": "Point", "coordinates": [-91.097297, 30.457658]}, "properties": {"crashes": 13, "injury": 12, "fatal": 0, "pedestrian": 0, "bicycle": 0, "density": 3.2, "year_range": "unknown"}}, {"type": "Feature", "geometry": {"type": "Point", "coordinates": [-91.097297, 30.459459]}, "properties": {"crashes": 3, "injury": 3, "fatal": 0, "pedestrian": 0, "bicycle": 0, "density": 0.8, "year_range": "unknown"}}, {"type": "Feature", "geometry": {"type": "Point", "coordinates": [-91.099099, 30.455856]}, "properties": {"crashes": 11, "injury": 9, "fatal": 0, "pedestrian": 0, "bicycle": 0, "density": 2.8, "year_range": "unknown"}}, {"type": "Feature", "geometry": {"type": "Point", "coordinates": [-91.099099, 30.457658]}, "properties": {"crashes": 92, "injury": 65, "fatal": 0, "pedestrian": 0, "bicycle": 0, "density": 23.0, "year_range": "unknown"}}, {"type": "Feature", "geometry": {"type": "Point", "coordinates": [-91.099099, 30.459459]}, "properties": {"crashes": 3, "injury": 3, "fatal": 0, "pedestrian": 0, "bicycle": 0, "density": 0.8, "year_range": "unknown"}}, {"type": "Feature", "geometry": {"type": "Point", "coordinates": [-91.106306, 30.464865]}, "properties": {"crashes": 2, "injury": 1, "fatal": 0, "pedestrian": 1, "bicycle": 0, "density": 0.5, "year_range": "unknown"}}, {"type": "Feature", "geometry": {"type": "Point", "coordinates": [-91.10991, 30.47027]}, "properties": {"crashes": 5, "injury": 4, "fatal": 0, "pedestrian": 0, "bicycle": 0, "density": 1.2, "year_range": "unknown"}}, {"type": "Feature", "geometry": {"type": "Point", "coordinates": [-91.10991, 30.473874]}, "properties": {"crashes": 40, "injury": 31, "fatal": 0, "pedestrian": 0, "bicycle": 0, "density": 10.0, "year_range": "unknown"}}, {"type": "Feature", "geometry": {"type": "Point", "coordinates": [-91.111712, 30.473874]}, "properties": {"crashes": 44, "injury": 35, "fatal": 0, "pedestrian": 1, "bicycle": 0, "density": 11.0, "year_range": "unknown"}}, {"type": "Feature", "geometry": {"type": "Point", "coordinates": [-91.111712, 30.468468]}, "properties": {"crashes": 1, "injury": 1, "fatal": 0, "pedestrian": 0, "bicycle": 0, "density": 0.2, "year_range": "unknown"}}, {"type": "Feature", "geometry": {"type": "Point", "coordinates": [-91.111712, 30.47027]}, "properties": {"crashes": 4, "injury": 2, "fatal": 0, "pedestrian": 0, "bicycle": 0, "density": 1.0, "year_range": "unknown"}}, {"type": "Feature", "geometry": {"type": "Point", "coordinates": [-91.10991, 30.468468]}, "properties": {"crashes": 1, "injury": 1, "fatal": 0, "pedestrian": 0, "bicycle": 0, "density": 0.2, "year_range": "unknown"}}, {"type": "Feature", "geometry": {"type": "Point", "coordinates": [-91.111712, 30.463063]}, "properties": {"crashes": 81, "injury": 52, "fatal": 1, "pedestrian": 0, "bicycle": 0, "density": 20.2, "year_range": "unknown"}}, {"type": "Feature", "geometry": {"type": "Point", "coordinates": [-91.111712, 30.466667]}, "properties": {"crashes": 2, "injury": 2, "fatal": 0, "pedestrian": 0, "bicycle": 0, "density": 0.5, "year_range": "unknown"}}, {"type": "Feature", "geometry": {"type": "Point", "coordinates": [-91.10991, 30.463063]}, "properties": {"crashes": 2, "injury": 2, "fatal": 0, "pedestrian": 0, "bicycle": 0, "density": 0.5, "year_range": "unknown"}}, {"type": "Feature", "geometry": {"type": "Point", "coordinates": [-91.10991, 30.464865]}, "properties": {"crashes": 4, "injury": 4, "fatal": 0, "pedestrian": 0, "bicycle": 0, "density": 1.0, "year_range": "unknown"}}, {"type": "Feature", "geometry": {"type": "Point", "coordinates": [-91.108108, 30.464865]}, "properties": {"crashes": 8, "injury": 6, "fatal": 0, "pedestrian": 1, "bicycle": 0, "density": 2.0, "year_range": "unknown"}}, {"type": "Feature", "geometry": {"type": "Point", "coordinates": [-91.108108, 30.466667]}, "properties": {"crashes": 1, "injury": 1, "fatal": 0, "pedestrian": 0, "bicycle": 0, "density": 0.2, "year_range": "unknown"}}, {"type": "Feature", "geometry": {"type": "Point", "coordinates": [-91.111712, 30.472072]}, "properties": {"crashes": 2, "injury": 2, "fatal": 0, "pedestrian": 0, "bicycle": 0, "density": 0.5, "year_range": "unknown"}}, {"type": "Feature", "geometry": {"type": "Point", "coordinates": [-91.113514, 30.472072]}, "properties": {"crashes": 2, "injury": 2, "fatal": 0, "pedestrian": 0, "bicycle": 0, "density": 0.5, "year_range": "unknown"}}, {"type": "Feature", "geometry": {"type": "Point", "coordinates": [-91.113514, 30.475676]}, "properties": {"crashes": 15, "injury": 13, "fatal": 0, "pedestrian": 0, "bicycle": 0, "density": 3.8, "year_range": "unknown"}}, {"type": "Feature", "geometry": {"type": "Point", "coordinates": [-91.111712, 30.475676]}, "properties": {"crashes": 10, "injury": 9, "fatal": 0, "pedestrian": 0, "bicycle": 0, "density": 2.5, "year_range": "unknown"}}, {"type": "Feature", "geometry": {"type": "Point", "coordinates": [-91.115315, 30.475676]}, "properties": {"crashes": 48, "injury": 33, "fatal": 0, "pedestrian": 0, "bicycle": 0, "density": 12.0, "year_range": "unknown"}}, {"type": "Feature", "geometry": {"type": "Point", "coordinates": [-91.117117, 30.475676]}, "properties": {"crashes": 31, "injury": 20, "fatal": 0, "pedestrian": 0, "bicycle": 0, "density": 7.8, "year_range": "unknown"}}, {"type": "Feature", "geometry": {"type": "Point", "coordinates": [-91.117117, 30.473874]}, "properties": {"crashes": 64, "injury": 50, "fatal": 1, "pedestrian": 0, "bicycle": 0, "density": 16.0, "year_range": "unknown"}}, {"type": "Feature", "geometry": {"type": "Point", "coordinates": [-91.115315, 30.472072]}, "properties": {"crashes": 8, "injury": 6, "fatal": 0, "pedestrian": 0, "bicycle": 0, "density": 2.0, "year_range": "unknown"}}, {"type": "Feature", "geometry": {"type": "Point", "coordinates": [-91.115315, 30.473874]}, "properties": {"crashes": 7, "injury": 7, "fatal": 0, "pedestrian": 0, "bicycle": 0, "density": 1.8, "year_range": "unknown"}}, {"type": "Feature", "geometry": {"type": "Point", "coordinates": [-91.115315, 30.463063]}, "properties": {"crashes": 18, "injury": 16, "fatal": 0, "pedestrian": 0, "bicycle": 0, "density": 4.5, "year_range": "unknown"}}, {"type": "Feature", "geometry": {"type": "Point", "coordinates": [-91.113514, 30.463063]}, "properties": {"crashes": 2, "injury": 1, "fatal": 0, "pedestrian": 0, "bicycle": 0, "density": 0.5, "year_range": "unknown"}}, {"type": "Feature", "geometry": {"type": "Point", "coordinates": [-91.113514, 30.464865]}, "properties": {"crashes": 2, "injury": 1, "fatal": 0, "pedestrian": 0, "bicycle": 0, "density": 0.5, "year_range": "unknown"}}, {"type": "Feature", "geometry": {"type": "Point", "coordinates": [-91.111712, 30.464865]}, "properties": {"crashes": 1, "injury": 1, "fatal": 0, "pedestrian": 0, "bicycle": 0, "density": 0.2, "year_range": "unknown"}}, {"type": "Feature", "geometry": {"type": "Point", "coordinates": [-91.117117, 30.466667]}, "properties": {"crashes": 2, "injury": 2, "fatal": 0, "pedestrian": 0, "bicycle": 0, "density": 0.5, "year_range": "unknown"}}, {"type": "Feature", "geometry": {"type": "Point", "coordinates": [-91.115315, 30.468468]}, "properties": {"crashes": 10, "injury": 7, "fatal": 0, "pedestrian": 0, "bicycle": 0, "density": 2.5, "year_range": "unknown"}}, {"type": "Feature", "geometry": {"type": "Point", "coordinates": [-91.115315, 30.47027]}, "properties": {"crashes": 19, "injury": 12, "fatal": 0, "pedestrian": 0, "bicycle": 0, "density": 4.8, "year_range": "unknown"}}, {"type": "Feature", "geometry": {"type": "Point", "coordinates": [-91.115315, 30.466667]}, "properties": {"crashes": 1, "injury": 1, "fatal": 0, "pedestrian": 0, "bicycle": 0, "density": 0.2, "year_range": "unknown"}}, {"type": "Feature", "geometry": {"type": "Point", "coordinates": [-91.113514, 30.466667]}, "properties": {"crashes": 3, "injury": 2, "fatal": 0, "pedestrian": 0, "bicycle": 0, "density": 0.8, "year_range": "unknown"}}, {"type": "Feature", "geometry": {"type": "Point", "coordinates": [-91.118919, 30.468468]}, "properties": {"crashes": 2, "injury": 2, "fatal": 0, "pedestrian": 1, "bicycle": 0, "density": 0.5, "year_range": "unknown"}}, {"type": "Feature", "geometry": {"type": "Point", "coordinates": [-91.120721, 30.47027]}, "properties": {"crashes": 3, "injury": 2, "fatal": 0, "pedestrian": 1, "bicycle": 0, "density": 0.8, "year_range": "unknown"}}, {"type": "Feature", "geometry": {"type": "Point", "coordinates": [-91.118919, 30.47027]}, "properties": {"crashes": 1, "injury": 1, "fatal": 0, "pedestrian": 0, "bicycle": 0, "density": 0.2, "year_range": "unknown"}}, {"type": "Feature", "geometry": {"type": "Point", "coordinates": [-91.117117, 30.47027]}, "properties": {"crashes": 4, "injury": 3, "fatal": 0, "pedestrian": 0, "bicycle": 0, "density": 1.0, "year_range": "unknown"}}, {"type": "Feature", "geometry": {"type": "Point", "coordinates": [-91.113514, 30.47027]}, "properties": {"crashes": 2, "injury": 2, "fatal": 0, "pedestrian": 0, "bicycle": 0, "density": 0.5, "year_range": "unknown"}}, {"type": "Feature", "geometry": {"type": "Point", "coordinates": [-91.118919, 30.473874]}, "properties": {"crashes": 27, "injury": 16, "fatal": 0, "pedestrian": 1, "bicycle": 0, "density": 6.8, "year_range": "unknown"}}, {"type": "Feature", "geometry": {"type": "Point", "coordinates": [-91.120721, 30.472072]}, "properties": {"crashes": 3, "injury": 2, "fatal": 0, "pedestrian": 0, "bicycle": 0, "density": 0.8, "year_range": "unknown"}}, {"type": "Feature", "geometry": {"type": "Point", "coordinates": [-91.106306, 30.455856]}, "properties": {"crashes": 21, "injury": 16, "fatal": 0, "pedestrian": 0, "bicycle": 0, "density": 5.2, "year_range": "unknown"}}, {"type": "Feature", "geometry": {"type": "Point", "coordinates": [-91.102703, 30.457658]}, "properties": {"crashes": 1, "injury": 1, "fatal": 0, "pedestrian": 0, "bicycle": 0, "density": 0.2, "year_range": "unknown"}}, {"type": "Feature", "geometry": {"type": "Point", "coordinates": [-91.104505, 30.457658]}, "properties": {"crashes": 1, "injury": 1, "fatal": 0, "pedestrian": 0, "bicycle": 0, "density": 0.2, "year_range": "unknown"}}, {"type": "Feature", "geometry": {"type": "Point", "coordinates": [-91.106306, 30.457658]}, "properties": {"crashes": 1, "injury": 1, "fatal": 0, "pedestrian": 0, "bicycle": 0, "density": 0.2, "year_range": "unknown"}}, {"type": "Feature", "geometry": {"type": "Point", "coordinates": [-91.100901, 30.457658]}, "properties": {"crashes": 1, "injury": 1, "fatal": 0, "pedestrian": 0, "bicycle": 0, "density": 0.2, "year_range": "unknown"}}, {"type": "Feature", "geometry": {"type": "Point", "coordinates": [-91.106306, 30.459459]}, "properties": {"crashes": 2, "injury": 2, "fatal": 0, "pedestrian": 0, "bicycle": 0, "density": 0.5, "year_range": "unknown"}}, {"type": "Feature", "geometry": {"type": "Point", "coordinates": [-91.104505, 30.454054]}, "properties": {"crashes": 7, "injury": 6, "fatal": 0, "pedestrian": 0, "bicycle": 0, "density": 1.8, "year_range": "unknown"}}, {"type": "Feature", "geometry": {"type": "Point", "coordinates": [-91.106306, 30.454054]}, "properties": {"crashes": 9, "injury": 6, "fatal": 0, "pedestrian": 0, "bicycle": 0, "density": 2.2, "year_range": "unknown"}}, {"type": "Feature", "geometry": {"type": "Point", "coordinates": [-91.102703, 30.454054]}, "properties": {"crashes": 3, "injury": 3, "fatal": 0, "pedestrian": 0, "bicycle": 0, "density": 0.8, "year_range": "unknown"}}, {"type": "Feature", "geometry": {"type": "Point", "coordinates": [-91.104505, 30.455856]}, "properties": {"crashes": 2, "injury": 2, "fatal": 0, "pedestrian": 0, "bicycle": 0, "density": 0.5, "year_range": "unknown"}}, {"type": "Feature", "geometry": {"type": "Point", "coordinates": [-91.100901, 30.455856]}, "properties": {"crashes": 1, "injury": 1, "fatal": 0, "pedestrian": 0, "bicycle": 0, "density": 0.2, "year_range": "unknown"}}, {"type": "Feature", "geometry": {"type": "Point", "coordinates": [-91.108108, 30.457658]}, "properties": {"crashes": 3, "injury": 3, "fatal": 0, "pedestrian": 0, "bicycle": 0, "density": 0.8, "year_range": "unknown"}}, {"type": "Feature", "geometry": {"type": "Point", "coordinates": [-91.108108, 30.455856]}, "properties": {"crashes": 2, "injury": 2, "fatal": 0, "pedestrian": 0, "bicycle": 0, "density": 0.5, "year_range": "unknown"}}, {"type": "Feature", "geometry": {"type": "Point", "coordinates": [-91.10991, 30.457658]}, "properties": {"crashes": 3, "injury": 3, "fatal": 0, "pedestrian": 0, "bicycle": 0, "density": 0.8, "year_range": "unknown"}}, {"type": "Feature", "geometry": {"type": "Point", "coordinates": [-91.10991, 30.459459]}, "properties": {"crashes": 7, "injury": 5, "fatal": 0, "pedestrian": 1, "bicycle": 0, "density": 1.8, "year_range": "unknown"}}, {"type": "Feature", "geometry": {"type": "Point", "coordinates": [-91.10991, 30.455856]}, "properties": {"crashes": 1, "injury": 1, "fatal": 0, "pedestrian": 0, "bicycle": 0, "density": 0.2, "year_range": "unknown"}}, {"type": "Feature", "geometry": {"type": "Point", "coordinates": [-91.10991, 30.461261]}, "properties": {"crashes": 4, "injury": 3, "fatal": 0, "pedestrian": 1, "bicycle": 0, "density": 1.0, "year_range": "unknown"}}, {"type": "Feature", "geometry": {"type": "Point", "coordinates": [-91.108108, 30.461261]}, "properties": {"crashes": 1, "injury": 1, "fatal": 0, "pedestrian": 0, "bicycle": 0, "density": 0.2, "year_range": "unknown"}}, {"type": "Feature", "geometry": {"type": "Point", "coordinates": [-91.106306, 30.461261]}, "properties": {"crashes": 2, "injury": 1, "fatal": 0, "pedestrian": 0, "bicycle": 0, "density": 0.5, "year_range": "unknown"}}, {"type": "Feature", "geometry": {"type": "Point", "coordinates": [-91.18018, 30.448649]}, "properties": {"crashes": 65, "injury": 49, "fatal": 0, "pedestrian": 2, "bicycle": 0, "density": 16.2, "year_range": "unknown"}}, {"type": "Feature", "geometry": {"type": "Point", "coordinates": [-91.183784, 30.448649]}, "properties": {"crashes": 41, "injury": 31, "fatal": 0, "pedestrian": 0, "bicycle": 0, "density": 10.2, "year_range": "unknown"}}, {"type": "Feature", "geometry": {"type": "Point", "coordinates": [-91.181982, 30.448649]}, "properties": {"crashes": 22, "injury": 19, "fatal": 0, "pedestrian": 0, "bicycle": 0, "density": 5.5, "year_range": "unknown"}}, {"type": "Feature", "geometry": {"type": "Point", "coordinates": [-91.185586, 30.448649]}, "properties": {"crashes": 39, "injury": 29, "fatal": 0, "pedestrian": 0, "bicycle": 0, "density": 9.8, "year_range": "unknown"}}, {"type": "Feature", "geometry": {"type": "Point", "coordinates": [-91.190991, 30.448649]}, "properties": {"crashes": 14, "injury": 12, "fatal": 0, "pedestrian": 1, "bicycle": 0, "density": 3.5, "year_range": "unknown"}}, {"type": "Feature", "geometry": {"type": "Point", "coordinates": [-91.189189, 30.448649]}, "properties": {"crashes": 43, "injury": 39, "fatal": 0, "pedestrian": 1, "bicycle": 0, "density": 10.8, "year_range": "unknown"}}, {"type": "Feature", "geometry": {"type": "Point", "coordinates": [-91.18018, 30.445045]}, "properties": {"crashes": 20, "injury": 15, "fatal": 0, "pedestrian": 3, "bicycle": 0, "density": 5.0, "year_range": "unknown"}}, {"type": "Feature", "geometry": {"type": "Point", "coordinates": [-91.18018, 30.446847]}, "properties": {"crashes": 124, "injury": 95, "fatal": 0, "pedestrian": 2, "bicycle": 0, "density": 31.0, "year_range": "unknown"}}, {"type": "Feature", "geometry": {"type": "Point", "coordinates": [-91.183784, 30.446847]}, "properties": {"crashes": 18, "injury": 16, "fatal": 0, "pedestrian": 0, "bicycle": 0, "density": 4.5, "year_range": "unknown"}}, {"type": "Feature", "geometry": {"type": "Point", "coordinates": [-91.181982, 30.446847]}, "properties": {"crashes": 7, "injury": 6, "fatal": 0, "pedestrian": 0, "bicycle": 0, "density": 1.8, "year_range": "unknown"}}, {"type": "Feature", "geometry": {"type": "Point", "coordinates": [-91.185586, 30.443243]}, "properties": {"crashes": 63, "injury": 54, "fatal": 1, "pedestrian": 1, "bicycle": 0, "density": 15.8, "year_range": "unknown"}}, {"type": "Feature", "geometry": {"type": "Point", "coordinates": [-91.183784, 30.443243]}, "properties": {"crashes": 51, "injury": 39, "fatal": 0, "pedestrian": 1, "bicycle": 0, "density": 12.8, "year_range": "unknown"}}, {"type": "Feature", "geometry": {"type": "Point", "coordinates": [-91.181982, 30.443243]}, "properties": {"crashes": 34, "injury": 27, "fatal": 0, "pedestrian": 0, "bicycle": 0, "density": 8.5, "year_range": "unknown"}}, {"type": "Feature", "geometry": {"type": "Point", "coordinates": [-91.18018, 30.443243]}, "properties": {"crashes": 41, "injury": 37, "fatal": 0, "pedestrian": 0, "bicycle": 0, "density": 10.2, "year_range": "unknown"}}, {"type": "Feature", "geometry": {"type": "Point", "coordinates": [-91.185586, 30.445045]}, "properties": {"crashes": 17, "injury": 16, "fatal": 0, "pedestrian": 0, "bicycle": 0, "density": 4.2, "year_range": "unknown"}}, {"type": "Feature", "geometry": {"type": "Point", "coordinates": [-91.185586, 30.446847]}, "properties": {"crashes": 21, "injury": 18, "fatal": 0, "pedestrian": 0, "bicycle": 0, "density": 5.2, "year_range": "unknown"}}, {"type": "Feature", "geometry": {"type": "Point", "coordinates": [-91.183784, 30.445045]}, "properties": {"crashes": 1, "injury": 0, "fatal": 0, "pedestrian": 0, "bicycle": 0, "density": 0.2, "year_range": "unknown"}}, {"type": "Feature", "geometry": {"type": "Point", "coordinates": [-91.181982, 30.445045]}, "properties": {"crashes": 2, "injury": 2, "fatal": 0, "pedestrian": 0, "bicycle": 0, "density": 0.5, "year_range": "unknown"}}, {"type": "Feature", "geometry": {"type": "Point", "coordinates": [-91.187387, 30.445045]}, "properties": {"crashes": 14, "injury": 14, "fatal": 0, "pedestrian": 0, "bicycle": 0, "density": 3.5, "year_range": "unknown"}}, {"type": "Feature", "geometry": {"type": "Point", "coordinates": [-91.187387, 30.446847]}, "properties": {"crashes": 39, "injury": 35, "fatal": 0, "pedestrian": 2, "bicycle": 0, "density": 9.8, "year_range": "unknown"}}, {"type": "Feature", "geometry": {"type": "Point", "coordinates": [-91.187387, 30.448649]}, "properties": {"crashes": 54, "injury": 43, "fatal": 0, "pedestrian": 0, "bicycle": 0, "density": 13.5, "year_range": "unknown"}}, {"type": "Feature", "geometry": {"type": "Point", "coordinates": [-91.189189, 30.445045]}, "properties": {"crashes": 7, "injury": 6, "fatal": 0, "pedestrian": 1, "bicycle": 0, "density": 1.8, "year_range": "unknown"}}, {"type": "Feature", "geometry": {"type": "Point", "coordinates": [-91.190991, 30.445045]}, "properties": {"crashes": 9, "injury": 9, "fatal": 0, "pedestrian": 0, "bicycle": 0, "density": 2.2, "year_range": "unknown"}}, {"type": "Feature", "geometry": {"type": "Point", "coordinates": [-91.189189, 30.446847]}, "properties": {"crashes": 6, "injury": 5, "fatal": 0, "pedestrian": 0, "bicycle": 0, "density": 1.5, "year_range": "unknown"}}, {"type": "Feature", "geometry": {"type": "Point", "coordinates": [-91.190991, 30.446847]}, "properties": {"crashes": 4, "injury": 4, "fatal": 0, "pedestrian": 0, "bicycle": 0, "density": 1.0, "year_range": "unknown"}}, {"type": "Feature", "geometry": {"type": "Point", "coordinates": [-91.178378, 30.443243]}, "properties": {"crashes": 208, "injury": 162, "fatal": 1, "pedestrian": 1, "bicycle": 0, "density": 52.0, "year_range": "unknown"}}, {"type": "Feature", "geometry": {"type": "Point", "coordinates": [-91.185586, 30.43964]}, "properties": {"crashes": 47, "injury": 31, "fatal": 1, "pedestrian": 0, "bicycle": 0, "density": 11.8, "year_range": "unknown"}}, {"type": "Feature", "geometry": {"type": "Point", "coordinates": [-91.185586, 30.441441]}, "properties": {"crashes": 28, "injury": 24, "fatal": 0, "pedestrian": 2, "bicycle": 0, "density": 7.0, "year_range": "unknown"}}, {"type": "Feature", "geometry": {"type": "Point", "coordinates": [-91.183784, 30.441441]}, "properties": {"crashes": 5, "injury": 5, "fatal": 0, "pedestrian": 1, "bicycle": 0, "density": 1.2, "year_range": "unknown"}}, {"type": "Feature", "geometry": {"type": "Point", "coordinates": [-91.187387, 30.443243]}, "properties": {"crashes": 165, "injury": 140, "fatal": 0, "pedestrian": 1, "bicycle": 0, "density": 41.2, "year_range": "unknown"}}, {"type": "Feature", "geometry": {"type": "Point", "coordinates": [-91.187387, 30.43964]}, "properties": {"crashes": 145, "injury": 103, "fatal": 1, "pedestrian": 0, "bicycle": 0, "density": 36.2, "year_range": "unknown"}}, {"type": "Feature", "geometry": {"type": "Point", "coordinates": [-91.189189, 30.43964]}, "properties": {"crashes": 121, "injury": 96, "fatal": 0, "pedestrian": 1, "bicycle": 0, "density": 30.2, "year_range": "unknown"}}, {"type": "Feature", "geometry": {"type": "Point", "coordinates": [-91.187387, 30.441441]}, "properties": {"crashes": 49, "injury": 44, "fatal": 0, "pedestrian": 0, "bicycle": 0, "density": 12.2, "year_range": "unknown"}}, {"type": "Feature", "geometry": {"type": "Point", "coordinates": [-91.189189, 30.441441]}, "properties": {"crashes": 40, "injury": 30, "fatal": 0, "pedestrian": 0, "bicycle": 0, "density": 10.0, "year_range": "unknown"}}, {"type": "Feature", "geometry": {"type": "Point", "coordinates": [-91.189189, 30.443243]}, "properties": {"crashes": 43, "injury": 30, "fatal": 0, "pedestrian": 0, "bicycle": 0, "density": 10.8, "year_range": "unknown"}}, {"type": "Feature", "geometry": {"type": "Point", "coordinates": [-91.190991, 30.443243]}, "properties": {"crashes": 2, "injury": 2, "fatal": 0, "pedestrian": 0, "bicycle": 0, "density": 0.5, "year_range": "unknown"}}, {"type": "Feature", "geometry": {"type": "Point", "coordinates": [-91.190991, 30.43964]}, "properties": {"crashes": 203, "injury": 174, "fatal": 0, "pedestrian": 2, "bicycle": 0, "density": 50.8, "year_range": "unknown"}}, {"type": "Feature", "geometry": {"type": "Point", "coordinates": [-91.194595, 30.441441]}, "properties": {"crashes": 1, "injury": 0, "fatal": 0, "pedestrian": 0, "bicycle": 0, "density": 0.2, "year_range": "unknown"}}, {"type": "Feature", "geometry": {"type": "Point", "coordinates": [-91.190991, 30.441441]}, "properties": {"crashes": 1, "injury": 1, "fatal": 0, "pedestrian": 0, "bicycle": 0, "density": 0.2, "year_range": "unknown"}}, {"type": "Feature", "geometry": {"type": "Point", "coordinates": [-91.178378, 30.441441]}, "properties": {"crashes": 46, "injury": 35, "fatal": 0, "pedestrian": 0, "bicycle": 0, "density": 11.5, "year_range": "unknown"}}, {"type": "Feature", "geometry": {"type": "Point", "coordinates": [-91.18018, 30.441441]}, "properties": {"crashes": 8, "injury": 7, "fatal": 0, "pedestrian": 0, "bicycle": 0, "density": 2.0, "year_range": "unknown"}}, {"type": "Feature", "geometry": {"type": "Point", "coordinates": [-91.18018, 30.43964]}, "properties": {"crashes": 48, "injury": 36, "fatal": 0, "pedestrian": 1, "bicycle": 0, "density": 12.0, "year_range": "unknown"}}, {"type": "Feature", "geometry": {"type": "Point", "coordinates": [-91.181982, 30.43964]}, "properties": {"crashes": 99, "injury": 79, "fatal": 0, "pedestrian": 0, "bicycle": 0, "density": 24.8, "year_range": "unknown"}}, {"type": "Feature", "geometry": {"type": "Point", "coordinates": [-91.181982, 30.441441]}, "properties": {"crashes": 7, "injury": 6, "fatal": 0, "pedestrian": 0, "bicycle": 0, "density": 1.8, "year_range": "unknown"}}, {"type": "Feature", "geometry": {"type": "Point", "coordinates": [-91.183784, 30.43964]}, "properties": {"crashes": 90, "injury": 76, "fatal": 0, "pedestrian": 0, "bicycle": 0, "density": 22.5, "year_range": "unknown"}}, {"type": "Feature", "geometry": {"type": "Point", "coordinates": [-91.192793, 30.43964]}, "properties": {"crashes": 119, "injury": 95, "fatal": 0, "pedestrian": 1, "bicycle": 0, "density": 29.8, "year_range": "unknown"}}, {"type": "Feature", "geometry": {"type": "Point", "coordinates": [-91.144144, 30.544144]}, "properties": {"crashes": 4, "injury": 3, "fatal": 0, "pedestrian": 1, "bicycle": 0, "density": 1.0, "year_range": "unknown"}}, {"type": "Feature", "geometry": {"type": "Point", "coordinates": [-91.145946, 30.544144]}, "properties": {"crashes": 2, "injury": 2, "fatal": 0, "pedestrian": 0, "bicycle": 0, "density": 0.5, "year_range": "unknown"}}, {"type": "Feature", "geometry": {"type": "Point", "coordinates": [-91.14955, 30.544144]}, "properties": {"crashes": 1, "injury": 0, "fatal": 0, "pedestrian": 0, "bicycle": 0, "density": 0.2, "year_range": "unknown"}}, {"type": "Feature", "geometry": {"type": "Point", "coordinates": [-91.151351, 30.544144]}, "properties": {"crashes": 1, "injury": 1, "fatal": 0, "pedestrian": 0, "bicycle": 0, "density": 0.2, "year_range": "unknown"}}, {"type": "Feature", "geometry": {"type": "Point", "coordinates": [-91.154955, 30.544144]}, "properties": {"crashes": 3, "injury": 1, "fatal": 1, "pedestrian": 0, "bicycle": 0, "density": 0.8, "year_range": "unknown"}}, {"type": "Feature", "geometry": {"type": "Point", "coordinates": [-91.165766, 30.54955]}, "properties": {"crashes": 3, "injury": 2, "fatal": 0, "pedestrian": 0, "bicycle": 0, "density": 0.8, "year_range": "unknown"}}, {"type": "Feature", "geometry": {"type": "Point", "coordinates": [-91.153153, 30.544144]}, "properties": {"crashes": 3, "injury": 3, "fatal": 1, "pedestrian": 0, "bicycle": 0, "density": 0.8, "year_range": "unknown"}}, {"type": "Feature", "geometry": {"type": "Point", "coordinates": [-91.156757, 30.544144]}, "properties": {"crashes": 10, "injury": 5, "fatal": 0, "pedestrian": 0, "bicycle": 0, "density": 2.5, "year_range": "unknown"}}, {"type": "Feature", "geometry": {"type": "Point", "coordinates": [-91.147748, 30.544144]}, "properties": {"crashes": 1, "injury": 1, "fatal": 0, "pedestrian": 0, "bicycle": 0, "density": 0.2, "year_range": "unknown"}}, {"type": "Feature", "geometry": {"type": "Point", "coordinates": [-91.153153, 30.545946]}, "properties": {"crashes": 1, "injury": 0, "fatal": 0, "pedestrian": 0, "bicycle": 0, "density": 0.2, "year_range": "unknown"}}, {"type": "Feature", "geometry": {"type": "Point", "coordinates": [-91.153153, 30.547748]}, "properties": {"crashes": 1, "injury": 1, "fatal": 0, "pedestrian": 0, "bicycle": 0, "density": 0.2, "year_range": "unknown"}}, {"type": "Feature", "geometry": {"type": "Point", "coordinates": [-91.158559, 30.54955]}, "properties": {"crashes": 2, "injury": 2, "fatal": 0, "pedestrian": 0, "bicycle": 0, "density": 0.5, "year_range": "unknown"}}, {"type": "Feature", "geometry": {"type": "Point", "coordinates": [-91.156757, 30.54955]}, "properties": {"crashes": 1, "injury": 1, "fatal": 0, "pedestrian": 0, "bicycle": 0, "density": 0.2, "year_range": "unknown"}}, {"type": "Feature", "geometry": {"type": "Point", "coordinates": [-91.156757, 30.551351]}, "properties": {"crashes": 1, "injury": 1, "fatal": 0, "pedestrian": 0, "bicycle": 0, "density": 0.2, "year_range": "unknown"}}, {"type": "Feature", "geometry": {"type": "Point", "coordinates": [-91.156757, 30.553153]}, "properties": {"crashes": 1, "injury": 1, "fatal": 0, "pedestrian": 0, "bicycle": 0, "density": 0.2, "year_range": "unknown"}}, {"type": "Feature", "geometry": {"type": "Point", "coordinates": [-91.154955, 30.554955]}, "properties": {"crashes": 10, "injury": 7, "fatal": 0, "pedestrian": 1, "bicycle": 0, "density": 2.5, "year_range": "unknown"}}, {"type": "Feature", "geometry": {"type": "Point", "coordinates": [-91.154955, 30.556757]}, "properties": {"crashes": 1, "injury": 1, "fatal": 0, "pedestrian": 0, "bicycle": 0, "density": 0.2, "year_range": "unknown"}}, {"type": "Feature", "geometry": {"type": "Point", "coordinates": [-91.156757, 30.556757]}, "properties": {"crashes": 4, "injury": 3, "fatal": 0, "pedestrian": 0, "bicycle": 0, "density": 1.0, "year_range": "unknown"}}, {"type": "Feature", "geometry": {"type": "Point", "coordinates": [-91.156757, 30.558559]}, "properties": {"crashes": 13, "injury": 9, "fatal": 0, "pedestrian": 0, "bicycle": 0, "density": 3.2, "year_range": "unknown"}}, {"type": "Feature", "geometry": {"type": "Point", "coordinates": [-91.16036, 30.558559]}, "properties": {"crashes": 2, "injury": 2, "fatal": 0, "pedestrian": 0, "bicycle": 0, "density": 0.5, "year_range": "unknown"}}, {"type": "Feature", "geometry": {"type": "Point", "coordinates": [-91.158559, 30.558559]}, "properties": {"crashes": 3, "injury": 0, "fatal": 0, "pedestrian": 0, "bicycle": 0, "density": 0.8, "year_range": "unknown"}}, {"type": "Feature", "geometry": {"type": "Point", "coordinates": [-91.163964, 30.553153]}, "properties": {"crashes": 1, "injury": 1, "fatal": 0, "pedestrian": 0, "bicycle": 0, "density": 0.2, "year_range": "unknown"}}, {"type": "Feature", "geometry": {"type": "Point", "coordinates": [-91.172973, 30.554955]}, "properties": {"crashes": 1, "injury": 1, "fatal": 0, "pedestrian": 0, "bicycle": 0, "density": 0.2, "year_range": "unknown"}}, {"type": "Feature", "geometry": {"type": "Point", "coordinates": [-91.165766, 30.554955]}, "properties": {"crashes": 3, "injury": 3, "fatal": 0, "pedestrian": 0, "bicycle": 0, "density": 0.8, "year_range": "unknown"}}, {"type": "Feature", "geometry": {"type": "Point", "coordinates": [-91.165766, 30.556757]}, "properties": {"crashes": 1, "injury": 1, "fatal": 0, "pedestrian": 0, "bicycle": 0, "density": 0.2, "year_range": "unknown"}}, {"type": "Feature", "geometry": {"type": "Point", "coordinates": [-91.169369, 30.556757]}, "properties": {"crashes": 2, "injury": 2, "fatal": 0, "pedestrian": 0, "bicycle": 0, "density": 0.5, "year_range": "unknown"}}, {"type": "Feature", "geometry": {"type": "Point", "coordinates": [-91.171171, 30.556757]}, "properties": {"crashes": 2, "injury": 1, "fatal": 0, "pedestrian": 0, "bicycle": 0, "density": 0.5, "year_range": "unknown"}}, {"type": "Feature", "geometry": {"type": "Point", "coordinates": [-91.167568, 30.556757]}, "properties": {"crashes": 1, "injury": 1, "fatal": 0, "pedestrian": 0, "bicycle": 0, "density": 0.2, "year_range": "unknown"}}, {"type": "Feature", "geometry": {"type": "Point", "coordinates": [-91.171171, 30.558559]}, "properties": {"crashes": 8, "injury": 3, "fatal": 0, "pedestrian": 1, "bicycle": 0, "density": 2.0, "year_range": "unknown"}}, {"type": "Feature", "geometry": {"type": "Point", "coordinates": [-91.169369, 30.558559]}, "properties": {"crashes": 1, "injury": 1, "fatal": 0, "pedestrian": 0, "bicycle": 0, "density": 0.2, "year_range": "unknown"}}, {"type": "Feature", "geometry": {"type": "Point", "coordinates": [-91.167568, 30.558559]}, "properties": {"crashes": 1, "injury": 1, "fatal": 0, "pedestrian": 0, "bicycle": 0, "density": 0.2, "year_range": "unknown"}}, {"type": "Feature", "geometry": {"type": "Point", "coordinates": [-91.165766, 30.558559]}, "properties": {"crashes": 6, "injury": 5, "fatal": 0, "pedestrian": 0, "bicycle": 0, "density": 1.5, "year_range": "unknown"}}, {"type": "Feature", "geometry": {"type": "Point", "coordinates": [-91.172973, 30.558559]}, "properties": {"crashes": 58, "injury": 40, "fatal": 0, "pedestrian": 0, "bicycle": 0, "density": 14.5, "year_range": "unknown"}}, {"type": "Feature", "geometry": {"type": "Point", "coordinates": [-91.162162, 30.558559]}, "properties": {"crashes": 1, "injury": 1, "fatal": 0, "pedestrian": 0, "bicycle": 0, "density": 0.2, "year_range": "unknown"}}, {"type": "Feature", "geometry": {"type": "Point", "coordinates": [-91.162162, 30.54955]}, "properties": {"crashes": 1, "injury": 0, "fatal": 0, "pedestrian": 0, "bicycle": 0, "density": 0.2, "year_range": "unknown"}}, {"type": "Feature", "geometry": {"type": "Point", "coordinates": [-91.163964, 30.551351]}, "properties": {"crashes": 5, "injury": 5, "fatal": 0, "pedestrian": 0, "bicycle": 0, "density": 1.2, "year_range": "unknown"}}, {"type": "Feature", "geometry": {"type": "Point", "coordinates": [-91.172973, 30.551351]}, "properties": {"crashes": 3, "injury": 2, "fatal": 0, "pedestrian": 0, "bicycle": 0, "density": 0.8, "year_range": "unknown"}}, {"type": "Feature", "geometry": {"type": "Point", "coordinates": [-91.167568, 30.551351]}, "properties": {"crashes": 8, "injury": 6, "fatal": 0, "pedestrian": 0, "bicycle": 0, "density": 2.0, "year_range": "unknown"}}, {"type": "Feature", "geometry": {"type": "Point", "coordinates": [-91.165766, 30.551351]}, "properties": {"crashes": 1, "injury": 1, "fatal": 0, "pedestrian": 0, "bicycle": 0, "density": 0.2, "year_range": "unknown"}}, {"type": "Feature", "geometry": {"type": "Point", "coordinates": [-91.169369, 30.551351]}, "properties": {"crashes": 2, "injury": 1, "fatal": 0, "pedestrian": 0, "bicycle": 0, "density": 0.5, "year_range": "unknown"}}, {"type": "Feature", "geometry": {"type": "Point", "coordinates": [-91.171171, 30.551351]}, "properties": {"crashes": 1, "injury": 1, "fatal": 0, "pedestrian": 0, "bicycle": 0, "density": 0.2, "year_range": "unknown"}}, {"type": "Feature", "geometry": {"type": "Point", "coordinates": [-91.174775, 30.558559]}, "properties": {"crashes": 4, "injury": 2, "fatal": 0, "pedestrian": 0, "bicycle": 0, "density": 1.0, "year_range": "unknown"}}, {"type": "Feature", "geometry": {"type": "Point", "coordinates": [-91.174775, 30.556757]}, "properties": {"crashes": 31, "injury": 23, "fatal": 2, "pedestrian": 1, "bicycle": 0, "density": 7.8, "year_range": "unknown"}}, {"type": "Feature", "geometry": {"type": "Point", "coordinates": [-91.172973, 30.556757]}, "properties": {"crashes": 2, "injury": 2, "fatal": 0, "pedestrian": 0, "bicycle": 0, "density": 0.5, "year_range": "unknown"}}, {"type": "Feature", "geometry": {"type": "Point", "coordinates": [-91.174775, 30.553153]}, "properties": {"crashes": 15, "injury": 13, "fatal": 0, "pedestrian": 0, "bicycle": 0, "density": 3.8, "year_range": "unknown"}}, {"type": "Feature", "geometry": {"type": "Point", "coordinates": [-91.174775, 30.554955]}, "properties": {"crashes": 4, "injury": 1, "fatal": 0, "pedestrian": 0, "bicycle": 0, "density": 1.0, "year_range": "unknown"}}, {"type": "Feature", "geometry": {"type": "Point", "coordinates": [-91.176577, 30.545946]}, "properties": {"crashes": 3, "injury": 2, "fatal": 0, "pedestrian": 0, "bicycle": 0, "density": 0.8, "year_range": "unknown"}}, {"type": "Feature", "geometry": {"type": "Point", "coordinates": [-91.176577, 30.547748]}, "properties": {"crashes": 2, "injury": 1, "fatal": 0, "pedestrian": 0, "bicycle": 0, "density": 0.5, "year_range": "unknown"}}, {"type": "Feature", "geometry": {"type": "Point", "coordinates": [-91.174775, 30.551351]}, "properties": {"crashes": 12, "injury": 7, "fatal": 0, "pedestrian": 0, "bicycle": 0, "density": 3.0, "year_range": "unknown"}}, {"type": "Feature", "geometry": {"type": "Point", "coordinates": [-91.07027, 30.540541]}, "properties": {"crashes": 1, "injury": 0, "fatal": 0, "pedestrian": 0, "bicycle": 0, "density": 0.2, "year_range": "unknown"}}, {"type": "Feature", "geometry": {"type": "Point", "coordinates": [-91.0, 30.594595]}, "properties": {"crashes": 1, "injury": 0, "fatal": 0, "pedestrian": 0, "bicycle": 0, "density": 0.2, "year_range": "unknown"}}, {"type": "Feature", "geometry": {"type": "Point", "coordinates": [-91.027027, 30.515315]}, "properties": {"crashes": 3, "injury": 3, "fatal": 0, "pedestrian": 0, "bicycle": 0, "density": 0.8, "year_range": "unknown"}}, {"type": "Feature", "geometry": {"type": "Point", "coordinates": [-91.100901, 30.401802]}, "properties": {"crashes": 2, "injury": 2, "fatal": 0, "pedestrian": 0, "bicycle": 0, "density": 0.5, "year_range": "unknown"}}, {"type": "Feature", "geometry": {"type": "Point", "coordinates": [-91.099099, 30.401802]}, "properties": {"crashes": 8, "injury": 8, "fatal": 0, "pedestrian": 0, "bicycle": 0, "density": 2.0, "year_range": "unknown"}}, {"type": "Feature", "geometry": {"type": "Point", "coordinates": [-91.099099, 30.4]}, "properties": {"crashes": 1, "injury": 1, "fatal": 0, "pedestrian": 0, "bicycle": 0, "density": 0.2, "year_range": "unknown"}}, {"type": "Feature", "geometry": {"type": "Point", "coordinates": [-91.097297, 30.401802]}, "properties": {"crashes": 2, "injury": 2, "fatal": 0, "pedestrian": 0, "bicycle": 0, "density": 0.5, "year_range": "unknown"}}, {"type": "Feature", "geometry": {"type": "Point", "coordinates": [-91.097297, 30.4]}, "properties": {"crashes": 3, "injury": 3, "fatal": 0, "pedestrian": 0, "bicycle": 0, "density": 0.8, "year_range": "unknown"}}, {"type": "Feature", "geometry": {"type": "Point", "coordinates": [-91.153153, 30.500901]}, "properties": {"crashes": 50, "injury": 37, "fatal": 1, "pedestrian": 2, "bicycle": 0, "density": 12.5, "year_range": "unknown"}}, {"type": "Feature", "geometry": {"type": "Point", "coordinates": [-91.153153, 30.502703]}, "properties": {"crashes": 13, "injury": 12, "fatal": 0, "pedestrian": 1, "bicycle": 0, "density": 3.2, "year_range": "unknown"}}, {"type": "Feature", "geometry": {"type": "Point", "coordinates": [-91.151351, 30.502703]}, "properties": {"crashes": 25, "injury": 17, "fatal": 0, "pedestrian": 1, "bicycle": 0, "density": 6.2, "year_range": "unknown"}}, {"type": "Feature", "geometry": {"type": "Point", "coordinates": [-91.151351, 30.504505]}, "properties": {"crashes": 72, "injury": 53, "fatal": 0, "pedestrian": 2, "bicycle": 0, "density": 18.0, "year_range": "unknown"}}, {"type": "Feature", "geometry": {"type": "Point", "coordinates": [-91.153153, 30.504505]}, "properties": {"crashes": 8, "injury": 7, "fatal": 0, "pedestrian": 0, "bicycle": 0, "density": 2.0, "year_range": "unknown"}}, {"type": "Feature", "geometry": {"type": "Point", "coordinates": [-91.153153, 30.499099]}, "properties": {"crashes": 90, "injury": 70, "fatal": 0, "pedestrian": 1, "bicycle": 0, "density": 22.5, "year_range": "unknown"}}, {"type": "Feature", "geometry": {"type": "Point", "coordinates": [-91.154955, 30.497297]}, "properties": {"crashes": 23, "injury": 14, "fatal": 0, "pedestrian": 0, "bicycle": 0, "density": 5.8, "year_range": "unknown"}}, {"type": "Feature", "geometry": {"type": "Point", "coordinates": [-91.154955, 30.495495]}, "properties": {"crashes": 56, "injury": 46, "fatal": 0, "pedestrian": 0, "bicycle": 0, "density": 14.0, "year_range": "unknown"}}, {"type": "Feature", "geometry": {"type": "Point", "coordinates": [-91.153153, 30.497297]}, "properties": {"crashes": 18, "injury": 17, "fatal": 0, "pedestrian": 0, "bicycle": 0, "density": 4.5, "year_range": "unknown"}}, {"type": "Feature", "geometry": {"type": "Point", "coordinates": [-91.154955, 30.493694]}, "properties": {"crashes": 44, "injury": 36, "fatal": 0, "pedestrian": 1, "bicycle": 0, "density": 11.0, "year_range": "unknown"}}, {"type": "Feature", "geometry": {"type": "Point", "coordinates": [-91.154955, 30.499099]}, "properties": {"crashes": 17, "injury": 9, "fatal": 0, "pedestrian": 0, "bicycle": 0, "density": 4.2, "year_range": "unknown"}}, {"type": "Feature", "geometry": {"type": "Point", "coordinates": [-91.154955, 30.504505]}, "properties": {"crashes": 1, "injury": 1, "fatal": 0, "pedestrian": 0, "bicycle": 0, "density": 0.2, "year_range": "unknown"}}, {"type": "Feature", "geometry": {"type": "Point", "coordinates": [-91.154955, 30.500901]}, "properties": {"crashes": 1, "injury": 1, "fatal": 0, "pedestrian": 0, "bicycle": 0, "density": 0.2, "year_range": "unknown"}}, {"type": "Feature", "geometry": {"type": "Point", "coordinates": [-91.156757, 30.499099]}, "properties": {"crashes": 17, "injury": 11, "fatal": 0, "pedestrian": 1, "bicycle": 0, "density": 4.2, "year_range": "unknown"}}, {"type": "Feature", "geometry": {"type": "Point", "coordinates": [-91.153153, 30.508108]}, "properties": {"crashes": 1, "injury": 1, "fatal": 0, "pedestrian": 0, "bicycle": 0, "density": 0.2, "year_range": "unknown"}}, {"type": "Feature", "geometry": {"type": "Point", "coordinates": [-91.151351, 30.508108]}, "properties": {"crashes": 8, "injury": 3, "fatal": 0, "pedestrian": 0, "bicycle": 0, "density": 2.0, "year_range": "unknown"}}, {"type": "Feature", "geometry": {"type": "Point", "coordinates": [-91.156757, 30.508108]}, "properties": {"crashes": 7, "injury": 5, "fatal": 0, "pedestrian": 0, "bicycle": 0, "density": 1.8, "year_range": "unknown"}}, {"type": "Feature", "geometry": {"type": "Point", "coordinates": [-91.14955, 30.506306]}, "properties": {"crashes": 4, "injury": 3, "fatal": 0, "pedestrian": 0, "bicycle": 0, "density": 1.0, "year_range": "unknown"}}, {"type": "Feature", "geometry": {"type": "Point", "coordinates": [-91.14955, 30.508108]}, "properties": {"crashes": 8, "injury": 6, "fatal": 0, "pedestrian": 0, "bicycle": 0, "density": 2.0, "year_range": "unknown"}}, {"type": "Feature", "geometry": {"type": "Point", "coordinates": [-91.151351, 30.506306]}, "properties": {"crashes": 34, "injury": 27, "fatal": 1, "pedestrian": 1, "bicycle": 0, "density": 8.5, "year_range": "unknown"}}, {"type": "Feature", "geometry": {"type": "Point", "coordinates": [-91.153153, 30.506306]}, "properties": {"crashes": 1, "injury": 0, "fatal": 0, "pedestrian": 1, "bicycle": 0, "density": 0.2, "year_range": "unknown"}}, {"type": "Feature", "geometry": {"type": "Point", "coordinates": [-91.156757, 30.495495]}, "properties": {"crashes": 8, "injury": 6, "fatal": 0, "pedestrian": 1, "bicycle": 0, "density": 2.0, "year_range": "unknown"}}, {"type": "Feature", "geometry": {"type": "Point", "coordinates": [-91.158559, 30.497297]}, "properties": {"crashes": 5, "injury": 5, "fatal": 0, "pedestrian": 0, "bicycle": 0, "density": 1.2, "year_range": "unknown"}}, {"type": "Feature", "geometry": {"type": "Point", "coordinates": [-91.156757, 30.497297]}, "properties": {"crashes": 8, "injury": 6, "fatal": 0, "pedestrian": 1, "bicycle": 0, "density": 2.0, "year_range": "unknown"}}, {"type": "Feature", "geometry": {"type": "Point", "coordinates": [-91.158559, 30.493694]}, "properties": {"crashes": 33, "injury": 19, "fatal": 0, "pedestrian": 0, "bicycle": 0, "density": 8.2, "year_range": "unknown"}}, {"type": "Feature", "geometry": {"type": "Point", "coordinates": [-91.158559, 30.495495]}, "properties": {"crashes": 9, "injury": 6, "fatal": 0, "pedestrian": 0, "bicycle": 0, "density": 2.2, "year_range": "unknown"}}, {"type": "Feature", "geometry": {"type": "Point", "coordinates": [-91.156757, 30.493694]}, "properties": {"crashes": 1, "injury": 1, "fatal": 0, "pedestrian": 0, "bicycle": 0, "density": 0.2, "year_range": "unknown"}}, {"type": "Feature", "geometry": {"type": "Point", "coordinates": [-91.156757, 30.500901]}, "properties": {"crashes": 2, "injury": 2, "fatal": 0, "pedestrian": 0, "bicycle": 0, "density": 0.5, "year_range": "unknown"}}, {"type": "Feature", "geometry": {"type": "Point", "coordinates": [-91.16036, 30.491892]}, "properties": {"crashes": 8, "injury": 6, "fatal": 0, "pedestrian": 0, "bicycle": 0, "density": 2.0, "year_range": "unknown"}}, {"type": "Feature", "geometry": {"type": "Point", "coordinates": [-91.16036, 30.493694]}, "properties": {"crashes": 1, "injury": 1, "fatal": 0, "pedestrian": 0, "bicycle": 0, "density": 0.2, "year_range": "unknown"}}, {"type": "Feature", "geometry": {"type": "Point", "coordinates": [-91.158559, 30.491892]}, "properties": {"crashes": 40, "injury": 24, "fatal": 0, "pedestrian": 0, "bicycle": 0, "density": 10.0, "year_range": "unknown"}}, {"type": "Feature", "geometry": {"type": "Point", "coordinates": [-91.162162, 30.491892]}, "properties": {"crashes": 14, "injury": 11, "fatal": 0, "pedestrian": 0, "bicycle": 0, "density": 3.5, "year_range": "unknown"}}, {"type": "Feature", "geometry": {"type": "Point", "coordinates": [-91.140541, 30.499099]}, "properties": {"crashes": 60, "injury": 33, "fatal": 0, "pedestrian": 2, "bicycle": 0, "density": 15.0, "year_range": "unknown"}}, {"type": "Feature", "geometry": {"type": "Point", "coordinates": [-91.142342, 30.499099]}, "properties": {"crashes": 77, "injury": 49, "fatal": 0, "pedestrian": 0, "bicycle": 0, "density": 19.2, "year_range": "unknown"}}, {"type": "Feature", "geometry": {"type": "Point", "coordinates": [-91.140541, 30.502703]}, "properties": {"crashes": 5, "injury": 1, "fatal": 0, "pedestrian": 0, "bicycle": 0, "density": 1.2, "year_range": "unknown"}}, {"type": "Feature", "geometry": {"type": "Point", "coordinates": [-91.144144, 30.508108]}, "properties": {"crashes": 7, "injury": 5, "fatal": 0, "pedestrian": 1, "bicycle": 0, "density": 1.8, "year_range": "unknown"}}, {"type": "Feature", "geometry": {"type": "Point", "coordinates": [-91.140541, 30.506306]}, "properties": {"crashes": 4, "injury": 2, "fatal": 0, "pedestrian": 0, "bicycle": 0, "density": 1.0, "year_range": "unknown"}}, {"type": "Feature", "geometry": {"type": "Point", "coordinates": [-91.140541, 30.504505]}, "properties": {"crashes": 7, "injury": 2, "fatal": 0, "pedestrian": 0, "bicycle": 0, "density": 1.8, "year_range": "unknown"}}, {"type": "Feature", "geometry": {"type": "Point", "coordinates": [-91.144144, 30.499099]}, "properties": {"crashes": 36, "injury": 25, "fatal": 0, "pedestrian": 0, "bicycle": 0, "density": 9.0, "year_range": "unknown"}}, {"type": "Feature", "geometry": {"type": "Point", "coordinates": [-91.145946, 30.499099]}, "properties": {"crashes": 5, "injury": 4, "fatal": 0, "pedestrian": 1, "bicycle": 0, "density": 1.2, "year_range": "unknown"}}, {"type": "Feature", "geometry": {"type": "Point", "coordinates": [-91.145946, 30.497297]}, "properties": {"crashes": 13, "injury": 12, "fatal": 0, "pedestrian": 1, "bicycle": 0, "density": 3.2, "year_range": "unknown"}}, {"type": "Feature", "geometry": {"type": "Point", "coordinates": [-91.151351, 30.499099]}, "properties": {"crashes": 6, "injury": 4, "fatal": 0, "pedestrian": 0, "bicycle": 0, "density": 1.5, "year_range": "unknown"}}, {"type": "Feature", "geometry": {"type": "Point", "coordinates": [-91.147748, 30.502703]}, "properties": {"crashes": 5, "injury": 5, "fatal": 0, "pedestrian": 0, "bicycle": 0, "density": 1.2, "year_range": "unknown"}}, {"type": "Feature", "geometry": {"type": "Point", "coordinates": [-91.147748, 30.499099]}, "properties": {"crashes": 7, "injury": 3, "fatal": 0, "pedestrian": 0, "bicycle": 0, "density": 1.8, "year_range": "unknown"}}, {"type": "Feature", "geometry": {"type": "Point", "coordinates": [-91.145946, 30.502703]}, "properties": {"crashes": 2, "injury": 2, "fatal": 0, "pedestrian": 0, "bicycle": 0, "density": 0.5, "year_range": "unknown"}}, {"type": "Feature", "geometry": {"type": "Point", "coordinates": [-91.144144, 30.504505]}, "properties": {"crashes": 4, "injury": 2, "fatal": 0, "pedestrian": 0, "bicycle": 0, "density": 1.0, "year_range": "unknown"}}, {"type": "Feature", "geometry": {"type": "Point", "coordinates": [-91.144144, 30.502703]}, "properties": {"crashes": 3, "injury": 2, "fatal": 0, "pedestrian": 0, "bicycle": 0, "density": 0.8, "year_range": "unknown"}}, {"type": "Feature", "geometry": {"type": "Point", "coordinates": [-91.144144, 30.500901]}, "properties": {"crashes": 2, "injury": 2, "fatal": 0, "pedestrian": 0, "bicycle": 0, "density": 0.5, "year_range": "unknown"}}, {"type": "Feature", "geometry": {"type": "Point", "coordinates": [-91.142342, 30.502703]}, "properties": {"crashes": 1, "injury": 1, "fatal": 0, "pedestrian": 0, "bicycle": 0, "density": 0.2, "year_range": "unknown"}}, {"type": "Feature", "geometry": {"type": "Point", "coordinates": [-91.151351, 30.497297]}, "properties": {"crashes": 1, "injury": 1, "fatal": 0, "pedestrian": 0, "bicycle": 0, "density": 0.2, "year_range": "unknown"}}, {"type": "Feature", "geometry": {"type": "Point", "coordinates": [-91.14955, 30.499099]}, "properties": {"crashes": 1, "injury": 1, "fatal": 0, "pedestrian": 0, "bicycle": 0, "density": 0.2, "year_range": "unknown"}}, {"type": "Feature", "geometry": {"type": "Point", "coordinates": [-91.147748, 30.497297]}, "properties": {"crashes": 4, "injury": 4, "fatal": 0, "pedestrian": 0, "bicycle": 0, "density": 1.0, "year_range": "unknown"}}, {"type": "Feature", "geometry": {"type": "Point", "coordinates": [-91.153153, 30.495495]}, "properties": {"crashes": 7, "injury": 4, "fatal": 0, "pedestrian": 0, "bicycle": 0, "density": 1.8, "year_range": "unknown"}}, {"type": "Feature", "geometry": {"type": "Point", "coordinates": [-91.153153, 30.493694]}, "properties": {"crashes": 12, "injury": 10, "fatal": 0, "pedestrian": 0, "bicycle": 0, "density": 3.0, "year_range": "unknown"}}, {"type": "Feature", "geometry": {"type": "Point", "coordinates": [-91.140541, 30.493694]}, "properties": {"crashes": 81, "injury": 56, "fatal": 0, "pedestrian": 0, "bicycle": 0, "density": 20.2, "year_range": "unknown"}}, {"type": "Feature", "geometry": {"type": "Point", "coordinates": [-91.140541, 30.495495]}, "properties": {"crashes": 19, "injury": 10, "fatal": 0, "pedestrian": 1, "bicycle": 0, "density": 4.8, "year_range": "unknown"}}, {"type": "Feature", "geometry": {"type": "Point", "coordinates": [-91.140541, 30.497297]}, "properties": {"crashes": 6, "injury": 5, "fatal": 0, "pedestrian": 0, "bicycle": 0, "density": 1.5, "year_range": "unknown"}}, {"type": "Feature", "geometry": {"type": "Point", "coordinates": [-91.142342, 30.493694]}, "properties": {"crashes": 5, "injury": 5, "fatal": 0, "pedestrian": 0, "bicycle": 0, "density": 1.2, "year_range": "unknown"}}, {"type": "Feature", "geometry": {"type": "Point", "coordinates": [-91.14955, 30.495495]}, "properties": {"crashes": 4, "injury": 3, "fatal": 0, "pedestrian": 0, "bicycle": 0, "density": 1.0, "year_range": "unknown"}}, {"type": "Feature", "geometry": {"type": "Point", "coordinates": [-91.147748, 30.495495]}, "properties": {"crashes": 4, "injury": 4, "fatal": 0, "pedestrian": 0, "bicycle": 0, "density": 1.0, "year_range": "unknown"}}, {"type": "Feature", "geometry": {"type": "Point", "coordinates": [-91.145946, 30.495495]}, "properties": {"crashes": 1, "injury": 1, "fatal": 0, "pedestrian": 0, "bicycle": 0, "density": 0.2, "year_range": "unknown"}}, {"type": "Feature", "geometry": {"type": "Point", "coordinates": [-91.144144, 30.497297]}, "properties": {"crashes": 5, "injury": 3, "fatal": 0, "pedestrian": 1, "bicycle": 0, "density": 1.2, "year_range": "unknown"}}, {"type": "Feature", "geometry": {"type": "Point", "coordinates": [-91.144144, 30.495495]}, "properties": {"crashes": 8, "injury": 4, "fatal": 0, "pedestrian": 1, "bicycle": 0, "density": 2.0, "year_range": "unknown"}}, {"type": "Feature", "geometry": {"type": "Point", "coordinates": [-91.144144, 30.493694]}, "properties": {"crashes": 40, "injury": 21, "fatal": 0, "pedestrian": 0, "bicycle": 0, "density": 10.0, "year_range": "unknown"}}, {"type": "Feature", "geometry": {"type": "Point", "coordinates": [-91.142342, 30.495495]}, "properties": {"crashes": 1, "injury": 1, "fatal": 0, "pedestrian": 0, "bicycle": 0, "density": 0.2, "year_range": "unknown"}}, {"type": "Feature", "geometry": {"type": "Point", "coordinates": [-91.147748, 30.493694]}, "properties": {"crashes": 5, "injury": 2, "fatal": 0, "pedestrian": 0, "bicycle": 0, "density": 1.2, "year_range": "unknown"}}, {"type": "Feature", "geometry": {"type": "Point", "coordinates": [-91.145946, 30.493694]}, "properties": {"crashes": 13, "injury": 10, "fatal": 0, "pedestrian": 1, "bicycle": 0, "density": 3.2, "year_range": "unknown"}}, {"type": "Feature", "geometry": {"type": "Point", "coordinates": [-91.145946, 30.504505]}, "properties": {"crashes": 2, "injury": 2, "fatal": 0, "pedestrian": 0, "bicycle": 0, "density": 0.5, "year_range": "unknown"}}, {"type": "Feature", "geometry": {"type": "Point", "coordinates": [-91.145946, 30.508108]}, "properties": {"crashes": 3, "injury": 3, "fatal": 0, "pedestrian": 0, "bicycle": 0, "density": 0.8, "year_range": "unknown"}}, {"type": "Feature", "geometry": {"type": "Point", "coordinates": [-91.145946, 30.506306]}, "properties": {"crashes": 2, "injury": 2, "fatal": 0, "pedestrian": 0, "bicycle": 0, "density": 0.5, "year_range": "unknown"}}, {"type": "Feature", "geometry": {"type": "Point", "coordinates": [-91.14955, 30.504505]}, "properties": {"crashes": 3, "injury": 3, "fatal": 0, "pedestrian": 0, "bicycle": 0, "density": 0.8, "year_range": "unknown"}}, {"type": "Feature", "geometry": {"type": "Point", "coordinates": [-91.147748, 30.504505]}, "properties": {"crashes": 5, "injury": 4, "fatal": 0, "pedestrian": 1, "bicycle": 0, "density": 1.2, "year_range": "unknown"}}, {"type": "Feature", "geometry": {"type": "Point", "coordinates": [-91.142342, 30.504505]}, "properties": {"crashes": 2, "injury": 2, "fatal": 0, "pedestrian": 0, "bicycle": 0, "density": 0.5, "year_range": "unknown"}}, {"type": "Feature", "geometry": {"type": "Point", "coordinates": [-91.127928, 30.497297]}, "properties": {"crashes": 71, "injury": 46, "fatal": 1, "pedestrian": 5, "bicycle": 0, "density": 17.8, "year_range": "unknown"}}, {"type": "Feature", "geometry": {"type": "Point", "coordinates": [-91.126126, 30.495495]}, "properties": {"crashes": 56, "injury": 30, "fatal": 2, "pedestrian": 5, "bicycle": 0, "density": 14.0, "year_range": "unknown"}}, {"type": "Feature", "geometry": {"type": "Point", "coordinates": [-91.126126, 30.497297]}, "properties": {"crashes": 1, "injury": 1, "fatal": 0, "pedestrian": 0, "bicycle": 0, "density": 0.2, "year_range": "unknown"}}, {"type": "Feature", "geometry": {"type": "Point", "coordinates": [-91.131532, 30.495495]}, "properties": {"crashes": 9, "injury": 9, "fatal": 0, "pedestrian": 0, "bicycle": 0, "density": 2.2, "year_range": "unknown"}}, {"type": "Feature", "geometry": {"type": "Point", "coordinates": [-91.127928, 30.495495]}, "properties": {"crashes": 2, "injury": 2, "fatal": 0, "pedestrian": 0, "bicycle": 0, "density": 0.5, "year_range": "unknown"}}, {"type": "Feature", "geometry": {"type": "Point", "coordinates": [-91.124324, 30.493694]}, "properties": {"crashes": 58, "injury": 43, "fatal": 0, "pedestrian": 0, "bicycle": 0, "density": 14.5, "year_range": "unknown"}}, {"type": "Feature", "geometry": {"type": "Point", "coordinates": [-91.126126, 30.493694]}, "properties": {"crashes": 41, "injury": 28, "fatal": 0, "pedestrian": 0, "bicycle": 0, "density": 10.2, "year_range": "unknown"}}, {"type": "Feature", "geometry": {"type": "Point", "coordinates": [-91.12973, 30.493694]}, "properties": {"crashes": 4, "injury": 3, "fatal": 0, "pedestrian": 1, "bicycle": 0, "density": 1.0, "year_range": "unknown"}}, {"type": "Feature", "geometry": {"type": "Point", "coordinates": [-91.12973, 30.495495]}, "properties": {"crashes": 28, "injury": 17, "fatal": 0, "pedestrian": 1, "bicycle": 0, "density": 7.0, "year_range": "unknown"}}, {"type": "Feature", "geometry": {"type": "Point", "coordinates": [-91.127928, 30.493694]}, "properties": {"crashes": 20, "injury": 12, "fatal": 0, "pedestrian": 0, "bicycle": 0, "density": 5.0, "year_range": "unknown"}}, {"type": "Feature", "geometry": {"type": "Point", "coordinates": [-91.135135, 30.493694]}, "properties": {"crashes": 51, "injury": 33, "fatal": 0, "pedestrian": 0, "bicycle": 0, "density": 12.8, "year_range": "unknown"}}, {"type": "Feature", "geometry": {"type": "Point", "coordinates": [-91.133333, 30.493694]}, "properties": {"crashes": 22, "injury": 17, "fatal": 0, "pedestrian": 0, "bicycle": 0, "density": 5.5, "year_range": "unknown"}}, {"type": "Feature", "geometry": {"type": "Point", "coordinates": [-91.133333, 30.495495]}, "properties": {"crashes": 7, "injury": 6, "fatal": 0, "pedestrian": 0, "bicycle": 0, "density": 1.8, "year_range": "unknown"}}, {"type": "Feature", "geometry": {"type": "Point", "coordinates": [-91.131532, 30.493694]}, "properties": {"crashes": 6, "injury": 5, "fatal": 0, "pedestrian": 0, "bicycle": 0, "density": 1.5, "year_range": "unknown"}}, {"type": "Feature", "geometry": {"type": "Point", "coordinates": [-91.127928, 30.499099]}, "properties": {"crashes": 39, "injury": 25, "fatal": 0, "pedestrian": 2, "bicycle": 0, "density": 9.8, "year_range": "unknown"}}, {"type": "Feature", "geometry": {"type": "Point", "coordinates": [-91.12973, 30.500901]}, "properties": {"crashes": 32, "injury": 21, "fatal": 0, "pedestrian": 0, "bicycle": 0, "density": 8.0, "year_range": "unknown"}}, {"type": "Feature", "geometry": {"type": "Point", "coordinates": [-91.12973, 30.499099]}, "properties": {"crashes": 24, "injury": 15, "fatal": 0, "pedestrian": 2, "bicycle": 0, "density": 6.0, "year_range": "unknown"}}, {"type": "Feature", "geometry": {"type": "Point", "coordinates": [-91.12973, 30.497297]}, "properties": {"crashes": 4, "injury": 3, "fatal": 0, "pedestrian": 0, "bicycle": 0, "density": 1.0, "year_range": "unknown"}}, {"type": "Feature", "geometry": {"type": "Point", "coordinates": [-91.131532, 30.500901]}, "properties": {"crashes": 12, "injury": 10, "fatal": 0, "pedestrian": 1, "bicycle": 0, "density": 3.0, "year_range": "unknown"}}, {"type": "Feature", "geometry": {"type": "Point", "coordinates": [-91.133333, 30.502703]}, "properties": {"crashes": 3, "injury": 2, "fatal": 0, "pedestrian": 0, "bicycle": 0, "density": 0.8, "year_range": "unknown"}}, {"type": "Feature", "geometry": {"type": "Point", "coordinates": [-91.133333, 30.499099]}, "properties": {"crashes": 4, "injury": 4, "fatal": 0, "pedestrian": 0, "bicycle": 0, "density": 1.0, "year_range": "unknown"}}, {"type": "Feature", "geometry": {"type": "Point", "coordinates": [-91.131532, 30.497297]}, "properties": {"crashes": 1, "injury": 1, "fatal": 0, "pedestrian": 0, "bicycle": 0, "density": 0.2, "year_range": "unknown"}}, {"type": "Feature", "geometry": {"type": "Point", "coordinates": [-91.135135, 30.499099]}, "properties": {"crashes": 25, "injury": 18, "fatal": 0, "pedestrian": 0, "bicycle": 0, "density": 6.2, "year_range": "unknown"}}, {"type": "Feature", "geometry": {"type": "Point", "coordinates": [-91.135135, 30.497297]}, "properties": {"crashes": 8, "injury": 6, "fatal": 0, "pedestrian": 1, "bicycle": 0, "density": 2.0, "year_range": "unknown"}}, {"type": "Feature", "geometry": {"type": "Point", "coordinates": [-91.135135, 30.495495]}, "properties": {"crashes": 14, "injury": 10, "fatal": 1, "pedestrian": 1, "bicycle": 0, "density": 3.5, "year_range": "unknown"}}, {"type": "Feature", "geometry": {"type": "Point", "coordinates": [-91.135135, 30.500901]}, "properties": {"crashes": 9, "injury": 6, "fatal": 0, "pedestrian": 0, "bicycle": 0, "density": 2.2, "year_range": "unknown"}}, {"type": "Feature", "geometry": {"type": "Point", "coordinates": [-91.133333, 30.500901]}, "properties": {"crashes": 10, "injury": 6, "fatal": 0, "pedestrian": 0, "bicycle": 0, "density": 2.5, "year_range": "unknown"}}, {"type": "Feature", "geometry": {"type": "Point", "coordinates": [-91.135135, 30.502703]}, "properties": {"crashes": 6, "injury": 5, "fatal": 0, "pedestrian": 0, "bicycle": 0, "density": 1.5, "year_range": "unknown"}}, {"type": "Feature", "geometry": {"type": "Point", "coordinates": [-91.138739, 30.502703]}, "properties": {"crashes": 2, "injury": 1, "fatal": 0, "pedestrian": 0, "bicycle": 0, "density": 0.5, "year_range": "unknown"}}, {"type": "Feature", "geometry": {"type": "Point", "coordinates": [-91.138739, 30.499099]}, "properties": {"crashes": 8, "injury": 7, "fatal": 0, "pedestrian": 0, "bicycle": 0, "density": 2.0, "year_range": "unknown"}}, {"type": "Feature", "geometry": {"type": "Point", "coordinates": [-91.136937, 30.502703]}, "properties": {"crashes": 2, "injury": 1, "fatal": 0, "pedestrian": 0, "bicycle": 0, "density": 0.5, "year_range": "unknown"}}, {"type": "Feature", "geometry": {"type": "Point", "coordinates": [-91.135135, 30.504505]}, "properties": {"crashes": 3, "injury": 1, "fatal": 0, "pedestrian": 0, "bicycle": 0, "density": 0.8, "year_range": "unknown"}}, {"type": "Feature", "geometry": {"type": "Point", "coordinates": [-91.136937, 30.499099]}, "properties": {"crashes": 1, "injury": 0, "fatal": 0, "pedestrian": 0, "bicycle": 0, "density": 0.2, "year_range": "unknown"}}, {"type": "Feature", "geometry": {"type": "Point", "coordinates": [-91.140541, 30.500901]}, "properties": {"crashes": 1, "injury": 1, "fatal": 0, "pedestrian": 0, "bicycle": 0, "density": 0.2, "year_range": "unknown"}}, {"type": "Feature", "geometry": {"type": "Point", "coordinates": [-91.138739, 30.495495]}, "properties": {"crashes": 8, "injury": 6, "fatal": 0, "pedestrian": 0, "bicycle": 0, "density": 2.0, "year_range": "unknown"}}, {"type": "Feature", "geometry": {"type": "Point", "coordinates": [-91.136937, 30.493694]}, "properties": {"crashes": 2, "injury": 0, "fatal": 0, "pedestrian": 0, "bicycle": 0, "density": 0.5, "year_range": "unknown"}}, {"type": "Feature", "geometry": {"type": "Point", "coordinates": [-91.140541, 30.491892]}, "properties": {"crashes": 19, "injury": 11, "fatal": 0, "pedestrian": 1, "bicycle": 0, "density": 4.8, "year_range": "unknown"}}, {"type": "Feature", "geometry": {"type": "Point", "coordinates": [-91.140541, 30.49009]}, "properties": {"crashes": 26, "injury": 18, "fatal": 0, "pedestrian": 1, "bicycle": 0, "density": 6.5, "year_range": "unknown"}}, {"type": "Feature", "geometry": {"type": "Point", "coordinates": [-91.140541, 30.488288]}, "properties": {"crashes": 58, "injury": 38, "fatal": 0, "pedestrian": 3, "bicycle": 0, "density": 14.5, "year_range": "unknown"}}, {"type": "Feature", "geometry": {"type": "Point", "coordinates": [-91.140541, 30.481081]}, "properties": {"crashes": 15, "injury": 10, "fatal": 0, "pedestrian": 0, "bicycle": 0, "density": 3.8, "year_range": "unknown"}}, {"type": "Feature", "geometry": {"type": "Point", "coordinates": [-91.140541, 30.482883]}, "properties": {"crashes": 6, "injury": 5, "fatal": 0, "pedestrian": 0, "bicycle": 0, "density": 1.5, "year_range": "unknown"}}, {"type": "Feature", "geometry": {"type": "Point", "coordinates": [-91.140541, 30.484685]}, "properties": {"crashes": 16, "injury": 10, "fatal": 0, "pedestrian": 0, "bicycle": 0, "density": 4.0, "year_range": "unknown"}}, {"type": "Feature", "geometry": {"type": "Point", "coordinates": [-91.142342, 30.481081]}, "properties": {"crashes": 4, "injury": 2, "fatal": 0, "pedestrian": 0, "bicycle": 0, "density": 1.0, "year_range": "unknown"}}, {"type": "Feature", "geometry": {"type": "Point", "coordinates": [-91.145946, 30.481081]}, "properties": {"crashes": 3, "injury": 2, "fatal": 0, "pedestrian": 0, "bicycle": 0, "density": 0.8, "year_range": "unknown"}}, {"type": "Feature", "geometry": {"type": "Point", "coordinates": [-91.142342, 30.482883]}, "properties": {"crashes": 2, "injury": 2, "fatal": 0, "pedestrian": 0, "bicycle": 0, "density": 0.5, "year_range": "unknown"}}, {"type": "Feature", "geometry": {"type": "Point", "coordinates": [-91.145946, 30.482883]}, "properties": {"crashes": 2, "injury": 2, "fatal": 0, "pedestrian": 0, "bicycle": 0, "density": 0.5, "year_range": "unknown"}}, {"type": "Feature", "geometry": {"type": "Point", "coordinates": [-91.145946, 30.484685]}, "properties": {"crashes": 3, "injury": 2, "fatal": 0, "pedestrian": 0, "bicycle": 0, "density": 0.8, "year_range": "unknown"}}, {"type": "Feature", "geometry": {"type": "Point", "coordinates": [-91.142342, 30.484685]}, "properties": {"crashes": 3, "injury": 2, "fatal": 0, "pedestrian": 0, "bicycle": 0, "density": 0.8, "year_range": "unknown"}}, {"type": "Feature", "geometry": {"type": "Point", "coordinates": [-91.144144, 30.486486]}, "properties": {"crashes": 4, "injury": 4, "fatal": 0, "pedestrian": 0, "bicycle": 0, "density": 1.0, "year_range": "unknown"}}, {"type": "Feature", "geometry": {"type": "Point", "coordinates": [-91.154955, 30.491892]}, "properties": {"crashes": 119, "injury": 81, "fatal": 1, "pedestrian": 3, "bicycle": 0, "density": 29.8, "year_range": "unknown"}}, {"type": "Feature", "geometry": {"type": "Point", "coordinates": [-91.153153, 30.491892]}, "properties": {"crashes": 15, "injury": 7, "fatal": 0, "pedestrian": 0, "bicycle": 0, "density": 3.8, "year_range": "unknown"}}, {"type": "Feature", "geometry": {"type": "Point", "coordinates": [-91.151351, 30.484685]}, "properties": {"crashes": 9, "injury": 6, "fatal": 0, "pedestrian": 0, "bicycle": 0, "density": 2.2, "year_range": "unknown"}}, {"type": "Feature", "geometry": {"type": "Point", "coordinates": [-91.151351, 30.481081]}, "properties": {"crashes": 1, "injury": 1, "fatal": 0, "pedestrian": 0, "bicycle": 0, "density": 0.2, "year_range": "unknown"}}, {"type": "Feature", "geometry": {"type": "Point", "coordinates": [-91.14955, 30.481081]}, "properties": {"crashes": 2, "injury": 1, "fatal": 0, "pedestrian": 0, "bicycle": 0, "density": 0.5, "year_range": "unknown"}}, {"type": "Feature", "geometry": {"type": "Point", "coordinates": [-91.14955, 30.482883]}, "properties": {"crashes": 6, "injury": 4, "fatal": 0, "pedestrian": 0, "bicycle": 0, "density": 1.5, "year_range": "unknown"}}, {"type": "Feature", "geometry": {"type": "Point", "coordinates": [-91.14955, 30.484685]}, "properties": {"crashes": 26, "injury": 13, "fatal": 1, "pedestrian": 2, "bicycle": 0, "density": 6.5, "year_range": "unknown"}}, {"type": "Feature", "geometry": {"type": "Point", "coordinates": [-91.147748, 30.481081]}, "properties": {"crashes": 5, "injury": 4, "fatal": 0, "pedestrian": 0, "bicycle": 0, "density": 1.2, "year_range": "unknown"}}, {"type": "Feature", "geometry": {"type": "Point", "coordinates": [-91.147748, 30.484685]}, "properties": {"crashes": 4, "injury": 0, "fatal": 0, "pedestrian": 1, "bicycle": 0, "density": 1.0, "year_range": "unknown"}}, {"type": "Feature", "geometry": {"type": "Point", "coordinates": [-91.147748, 30.482883]}, "properties": {"crashes": 2, "injury": 1, "fatal": 0, "pedestrian": 0, "bicycle": 0, "density": 0.5, "year_range": "unknown"}}, {"type": "Feature", "geometry": {"type": "Point", "coordinates": [-91.153153, 30.482883]}, "properties": {"crashes": 6, "injury": 3, "fatal": 0, "pedestrian": 0, "bicycle": 0, "density": 1.5, "year_range": "unknown"}}, {"type": "Feature", "geometry": {"type": "Point", "coordinates": [-91.153153, 30.481081]}, "properties": {"crashes": 5, "injury": 4, "fatal": 0, "pedestrian": 0, "bicycle": 0, "density": 1.2, "year_range": "unknown"}}, {"type": "Feature", "geometry": {"type": "Point", "coordinates": [-91.151351, 30.482883]}, "properties": {"crashes": 2, "injury": 2, "fatal": 0, "pedestrian": 0, "bicycle": 0, "density": 0.5, "year_range": "unknown"}}, {"type": "Feature", "geometry": {"type": "Point", "coordinates": [-91.156757, 30.479279]}, "properties": {"crashes": 58, "injury": 31, "fatal": 0, "pedestrian": 1, "bicycle": 0, "density": 14.5, "year_range": "unknown"}}, {"type": "Feature", "geometry": {"type": "Point", "coordinates": [-91.154955, 30.481081]}, "properties": {"crashes": 2, "injury": 2, "fatal": 0, "pedestrian": 0, "bicycle": 0, "density": 0.5, "year_range": "unknown"}}, {"type": "Feature", "geometry": {"type": "Point", "coordinates": [-91.154955, 30.479279]}, "properties": {"crashes": 1, "injury": 1, "fatal": 0, "pedestrian": 0, "bicycle": 0, "density": 0.2, "year_range": "unknown"}}, {"type": "Feature", "geometry": {"type": "Point", "coordinates": [-91.16036, 30.477477]}, "properties": {"crashes": 32, "injury": 21, "fatal": 0, "pedestrian": 2, "bicycle": 0, "density": 8.0, "year_range": "unknown"}}, {"type": "Feature", "geometry": {"type": "Point", "coordinates": [-91.158559, 30.477477]}, "properties": {"crashes": 7, "injury": 1, "fatal": 0, "pedestrian": 2, "bicycle": 0, "density": 1.8, "year_range": "unknown"}}, {"type": "Feature", "geometry": {"type": "Point", "coordinates": [-91.158559, 30.479279]}, "properties": {"crashes": 12, "injury": 6, "fatal": 0, "pedestrian": 1, "bicycle": 0, "density": 3.0, "year_range": "unknown"}}, {"type": "Feature", "geometry": {"type": "Point", "coordinates": [-91.140541, 30.486486]}, "properties": {"crashes": 7, "injury": 5, "fatal": 0, "pedestrian": 1, "bicycle": 0, "density": 1.8, "year_range": "unknown"}}, {"type": "Feature", "geometry": {"type": "Point", "coordinates": [-91.142342, 30.486486]}, "properties": {"crashes": 1, "injury": 1, "fatal": 0, "pedestrian": 0, "bicycle": 0, "density": 0.2, "year_range": "unknown"}}, {"type": "Feature", "geometry": {"type": "Point", "coordinates": [-91.145946, 30.488288]}, "properties": {"crashes": 1, "injury": 1, "fatal": 0, "pedestrian": 0, "bicycle": 0, "density": 0.2, "year_range": "unknown"}}, {"type": "Feature", "geometry": {"type": "Point", "coordinates": [-91.144144, 30.488288]}, "properties": {"crashes": 20, "injury": 13, "fatal": 0, "pedestrian": 0, "bicycle": 0, "density": 5.0, "year_range": "unknown"}}, {"type": "Feature", "geometry": {"type": "Point", "coordinates": [-91.142342, 30.488288]}, "properties": {"crashes": 3, "injury": 1, "fatal": 0, "pedestrian": 0, "bicycle": 0, "density": 0.8, "year_range": "unknown"}}, {"type": "Feature", "geometry": {"type": "Point", "coordinates": [-91.144144, 30.49009]}, "properties": {"crashes": 6, "injury": 5, "fatal": 0, "pedestrian": 0, "bicycle": 0, "density": 1.5, "year_range": "unknown"}}, {"type": "Feature", "geometry": {"type": "Point", "coordinates": [-91.145946, 30.49009]}, "properties": {"crashes": 3, "injury": 2, "fatal": 0, "pedestrian": 0, "bicycle": 0, "density": 0.8, "year_range": "unknown"}}, {"type": "Feature", "geometry": {"type": "Point", "coordinates": [-91.142342, 30.49009]}, "properties": {"crashes": 2, "injury": 1, "fatal": 0, "pedestrian": 0, "bicycle": 0, "density": 0.5, "year_range": "unknown"}}, {"type": "Feature", "geometry": {"type": "Point", "coordinates": [-91.144144, 30.491892]}, "properties": {"crashes": 9, "injury": 4, "fatal": 0, "pedestrian": 0, "bicycle": 0, "density": 2.2, "year_range": "unknown"}}, {"type": "Feature", "geometry": {"type": "Point", "coordinates": [-91.142342, 30.491892]}, "properties": {"crashes": 2, "injury": 1, "fatal": 0, "pedestrian": 1, "bicycle": 0, "density": 0.5, "year_range": "unknown"}}, {"type": "Feature", "geometry": {"type": "Point", "coordinates": [-91.145946, 30.491892]}, "properties": {"crashes": 13, "injury": 5, "fatal": 0, "pedestrian": 1, "bicycle": 0, "density": 3.2, "year_range": "unknown"}}, {"type": "Feature", "geometry": {"type": "Point", "coordinates": [-91.14955, 30.486486]}, "properties": {"crashes": 5, "injury": 5, "fatal": 0, "pedestrian": 0, "bicycle": 0, "density": 1.2, "year_range": "unknown"}}, {"type": "Feature", "geometry": {"type": "Point", "coordinates": [-91.147748, 30.486486]}, "properties": {"crashes": 7, "injury": 6, "fatal": 0, "pedestrian": 0, "bicycle": 0, "density": 1.8, "year_range": "unknown"}}, {"type": "Feature", "geometry": {"type": "Point", "coordinates": [-91.147748, 30.488288]}, "properties": {"crashes": 2, "injury": 2, "fatal": 0, "pedestrian": 0, "bicycle": 0, "density": 0.5, "year_range": "unknown"}}, {"type": "Feature", "geometry": {"type": "Point", "coordinates": [-91.14955, 30.49009]}, "properties": {"crashes": 1, "injury": 1, "fatal": 0, "pedestrian": 0, "bicycle": 0, "density": 0.2, "year_range": "unknown"}}, {"type": "Feature", "geometry": {"type": "Point", "coordinates": [-91.14955, 30.491892]}, "properties": {"crashes": 4, "injury": 1, "fatal": 0, "pedestrian": 1, "bicycle": 0, "density": 1.0, "year_range": "unknown"}}, {"type": "Feature", "geometry": {"type": "Point", "coordinates": [-91.151351, 30.493694]}, "properties": {"crashes": 2, "injury": 2, "fatal": 0, "pedestrian": 1, "bicycle": 0, "density": 0.5, "year_range": "unknown"}}, {"type": "Feature", "geometry": {"type": "Point", "coordinates": [-91.14955, 30.493694]}, "properties": {"crashes": 3, "injury": 1, "fatal": 0, "pedestrian": 0, "bicycle": 0, "density": 0.8, "year_range": "unknown"}}, {"type": "Feature", "geometry": {"type": "Point", "coordinates": [-91.153153, 30.49009]}, "properties": {"crashes": 13, "injury": 7, "fatal": 0, "pedestrian": 2, "bicycle": 0, "density": 3.2, "year_range": "unknown"}}, {"type": "Feature", "geometry": {"type": "Point", "coordinates": [-91.151351, 30.49009]}, "properties": {"crashes": 7, "injury": 5, "fatal": 0, "pedestrian": 0, "bicycle": 0, "density": 1.8, "year_range": "unknown"}}, {"type": "Feature", "geometry": {"type": "Point", "coordinates": [-91.156757, 30.488288]}, "properties": {"crashes": 11, "injury": 7, "fatal": 0, "pedestrian": 1, "bicycle": 0, "density": 2.8, "year_range": "unknown"}}, {"type": "Feature", "geometry": {"type": "Point", "coordinates": [-91.156757, 30.486486]}, "properties": {"crashes": 11, "injury": 5, "fatal": 0, "pedestrian": 1, "bicycle": 0, "density": 2.8, "year_range": "unknown"}}, {"type": "Feature", "geometry": {"type": "Point", "coordinates": [-91.156757, 30.49009]}, "properties": {"crashes": 21, "injury": 17, "fatal": 0, "pedestrian": 0, "bicycle": 0, "density": 5.2, "year_range": "unknown"}}, {"type": "Feature", "geometry": {"type": "Point", "coordinates": [-91.154955, 30.484685]}, "properties": {"crashes": 2, "injury": 1, "fatal": 0, "pedestrian": 0, "bicycle": 0, "density": 0.5, "year_range": "unknown"}}, {"type": "Feature", "geometry": {"type": "Point", "coordinates": [-91.154955, 30.486486]}, "properties": {"crashes": 4, "injury": 3, "fatal": 0, "pedestrian": 0, "bicycle": 0, "density": 1.0, "year_range": "unknown"}}, {"type": "Feature", "geometry": {"type": "Point", "coordinates": [-91.154955, 30.488288]}, "properties": {"crashes": 3, "injury": 3, "fatal": 0, "pedestrian": 0, "bicycle": 0, "density": 0.8, "year_range": "unknown"}}, {"type": "Feature", "geometry": {"type": "Point", "coordinates": [-91.153153, 30.486486]}, "properties": {"crashes": 2, "injury": 1, "fatal": 0, "pedestrian": 0, "bicycle": 0, "density": 0.5, "year_range": "unknown"}}, {"type": "Feature", "geometry": {"type": "Point", "coordinates": [-91.153153, 30.488288]}, "properties": {"crashes": 2, "injury": 2, "fatal": 0, "pedestrian": 0, "bicycle": 0, "density": 0.5, "year_range": "unknown"}}, {"type": "Feature", "geometry": {"type": "Point", "coordinates": [-91.151351, 30.486486]}, "properties": {"crashes": 6, "injury": 5, "fatal": 0, "pedestrian": 0, "bicycle": 0, "density": 1.5, "year_range": "unknown"}}, {"type": "Feature", "geometry": {"type": "Point", "coordinates": [-91.151351, 30.488288]}, "properties": {"crashes": 1, "injury": 1, "fatal": 0, "pedestrian": 0, "bicycle": 0, "density": 0.2, "year_range": "unknown"}}, {"type": "Feature", "geometry": {"type": "Point", "coordinates": [-91.14955, 30.488288]}, "properties": {"crashes": 1, "injury": 0, "fatal": 0, "pedestrian": 0, "bicycle": 0, "density": 0.2, "year_range": "unknown"}}, {"type": "Feature", "geometry": {"type": "Point", "coordinates": [-91.156757, 30.484685]}, "properties": {"crashes": 13, "injury": 9, "fatal": 0, "pedestrian": 0, "bicycle": 0, "density": 3.2, "year_range": "unknown"}}, {"type": "Feature", "geometry": {"type": "Point", "coordinates": [-91.156757, 30.482883]}, "properties": {"crashes": 8, "injury": 4, "fatal": 0, "pedestrian": 1, "bicycle": 0, "density": 2.0, "year_range": "unknown"}}, {"type": "Feature", "geometry": {"type": "Point", "coordinates": [-91.153153, 30.484685]}, "properties": {"crashes": 14, "injury": 4, "fatal": 0, "pedestrian": 0, "bicycle": 0, "density": 3.5, "year_range": "unknown"}}, {"type": "Feature", "geometry": {"type": "Point", "coordinates": [-91.156757, 30.481081]}, "properties": {"crashes": 29, "injury": 22, "fatal": 0, "pedestrian": 2, "bicycle": 0, "density": 7.2, "year_range": "unknown"}}, {"type": "Feature", "geometry": {"type": "Point", "coordinates": [-91.154955, 30.482883]}, "properties": {"crashes": 1, "injury": 0, "fatal": 0, "pedestrian": 0, "bicycle": 0, "density": 0.2, "year_range": "unknown"}}, {"type": "Feature", "geometry": {"type": "Point", "coordinates": [-91.158559, 30.484685]}, "properties": {"crashes": 36, "injury": 25, "fatal": 0, "pedestrian": 0, "bicycle": 0, "density": 9.0, "year_range": "unknown"}}, {"type": "Feature", "geometry": {"type": "Point", "coordinates": [-91.158559, 30.486486]}, "properties": {"crashes": 15, "injury": 11, "fatal": 0, "pedestrian": 2, "bicycle": 0, "density": 3.8, "year_range": "unknown"}}, {"type": "Feature", "geometry": {"type": "Point", "coordinates": [-91.156757, 30.491892]}, "properties": {"crashes": 19, "injury": 17, "fatal": 0, "pedestrian": 0, "bicycle": 0, "density": 4.8, "year_range": "unknown"}}, {"type": "Feature", "geometry": {"type": "Point", "coordinates": [-91.16036, 30.481081]}, "properties": {"crashes": 8, "injury": 4, "fatal": 0, "pedestrian": 1, "bicycle": 0, "density": 2.0, "year_range": "unknown"}}, {"type": "Feature", "geometry": {"type": "Point", "coordinates": [-91.158559, 30.481081]}, "properties": {"crashes": 12, "injury": 7, "fatal": 0, "pedestrian": 0, "bicycle": 0, "density": 3.0, "year_range": "unknown"}}, {"type": "Feature", "geometry": {"type": "Point", "coordinates": [-91.158559, 30.482883]}, "properties": {"crashes": 23, "injury": 18, "fatal": 0, "pedestrian": 0, "bicycle": 0, "density": 5.8, "year_range": "unknown"}}, {"type": "Feature", "geometry": {"type": "Point", "coordinates": [-91.16036, 30.479279]}, "properties": {"crashes": 11, "injury": 9, "fatal": 0, "pedestrian": 0, "bicycle": 0, "density": 2.8, "year_range": "unknown"}}, {"type": "Feature", "geometry": {"type": "Point", "coordinates": [-91.158559, 30.488288]}, "properties": {"crashes": 2, "injury": 1, "fatal": 0, "pedestrian": 0, "bicycle": 0, "density": 0.5, "year_range": "unknown"}}, {"type": "Feature", "geometry": {"type": "Point", "coordinates": [-91.16036, 30.49009]}, "properties": {"crashes": 4, "injury": 3, "fatal": 0, "pedestrian": 1, "bicycle": 0, "density": 1.0, "year_range": "unknown"}}, {"type": "Feature", "geometry": {"type": "Point", "coordinates": [-91.16036, 30.482883]}, "properties": {"crashes": 4, "injury": 4, "fatal": 0, "pedestrian": 0, "bicycle": 0, "density": 1.0, "year_range": "unknown"}}, {"type": "Feature", "geometry": {"type": "Point", "coordinates": [-91.16036, 30.484685]}, "properties": {"crashes": 31, "injury": 19, "fatal": 0, "pedestrian": 0, "bicycle": 0, "density": 7.8, "year_range": "unknown"}}, {"type": "Feature", "geometry": {"type": "Point", "coordinates": [-91.165766, 30.49009]}, "properties": {"crashes": 23, "injury": 19, "fatal": 0, "pedestrian": 0, "bicycle": 0, "density": 5.8, "year_range": "unknown"}}, {"type": "Feature", "geometry": {"type": "Point", "coordinates": [-91.163964, 30.49009]}, "properties": {"crashes": 2, "injury": 2, "fatal": 0, "pedestrian": 0, "bicycle": 0, "density": 0.5, "year_range": "unknown"}}, {"type": "Feature", "geometry": {"type": "Point", "coordinates": [-91.167568, 30.491892]}, "properties": {"crashes": 2, "injury": 2, "fatal": 0, "pedestrian": 1, "bicycle": 0, "density": 0.5, "year_range": "unknown"}}, {"type": "Feature", "geometry": {"type": "Point", "coordinates": [-91.165766, 30.488288]}, "properties": {"crashes": 32, "injury": 27, "fatal": 0, "pedestrian": 0, "bicycle": 0, "density": 8.0, "year_range": "unknown"}}, {"type": "Feature", "geometry": {"type": "Point", "coordinates": [-91.165766, 30.486486]}, "properties": {"crashes": 19, "injury": 12, "fatal": 0, "pedestrian": 0, "bicycle": 0, "density": 4.8, "year_range": "unknown"}}, {"type": "Feature", "geometry": {"type": "Point", "coordinates": [-91.167568, 30.486486]}, "properties": {"crashes": 2, "injury": 1, "fatal": 0, "pedestrian": 0, "bicycle": 0, "density": 0.5, "year_range": "unknown"}}, {"type": "Feature", "geometry": {"type": "Point", "coordinates": [-91.163964, 30.488288]}, "properties": {"crashes": 2, "injury": 2, "fatal": 0, "pedestrian": 0, "bicycle": 0, "density": 0.5, "year_range": "unknown"}}, {"type": "Feature", "geometry": {"type": "Point", "coordinates": [-91.16036, 30.486486]}, "properties": {"crashes": 1, "injury": 1, "fatal": 0, "pedestrian": 0, "bicycle": 0, "density": 0.2, "year_range": "unknown"}}, {"type": "Feature", "geometry": {"type": "Point", "coordinates": [-91.162162, 30.486486]}, "properties": {"crashes": 2, "injury": 2, "fatal": 0, "pedestrian": 0, "bicycle": 0, "density": 0.5, "year_range": "unknown"}}, {"type": "Feature", "geometry": {"type": "Point", "coordinates": [-91.162162, 30.488288]}, "properties": {"crashes": 1, "injury": 1, "fatal": 0, "pedestrian": 0, "bicycle": 0, "density": 0.2, "year_range": "unknown"}}, {"type": "Feature", "geometry": {"type": "Point", "coordinates": [-91.16036, 30.488288]}, "properties": {"crashes": 1, "injury": 1, "fatal": 0, "pedestrian": 0, "bicycle": 0, "density": 0.2, "year_range": "unknown"}}, {"type": "Feature", "geometry": {"type": "Point", "coordinates": [-91.162162, 30.49009]}, "properties": {"crashes": 1, "injury": 1, "fatal": 0, "pedestrian": 0, "bicycle": 0, "density": 0.2, "year_range": "unknown"}}, {"type": "Feature", "geometry": {"type": "Point", "coordinates": [-91.165766, 30.484685]}, "properties": {"crashes": 46, "injury": 32, "fatal": 0, "pedestrian": 0, "bicycle": 0, "density": 11.5, "year_range": "unknown"}}, {"type": "Feature", "geometry": {"type": "Point", "coordinates": [-91.167568, 30.484685]}, "properties": {"crashes": 3, "injury": 2, "fatal": 0, "pedestrian": 0, "bicycle": 0, "density": 0.8, "year_range": "unknown"}}, {"type": "Feature", "geometry": {"type": "Point", "coordinates": [-91.169369, 30.484685]}, "properties": {"crashes": 13, "injury": 8, "fatal": 0, "pedestrian": 0, "bicycle": 0, "density": 3.2, "year_range": "unknown"}}, {"type": "Feature", "geometry": {"type": "Point", "coordinates": [-91.169369, 30.488288]}, "properties": {"crashes": 3, "injury": 2, "fatal": 0, "pedestrian": 0, "bicycle": 0, "density": 0.8, "year_range": "unknown"}}, {"type": "Feature", "geometry": {"type": "Point", "coordinates": [-91.169369, 30.49009]}, "properties": {"crashes": 1, "injury": 1, "fatal": 0, "pedestrian": 0, "bicycle": 0, "density": 0.2, "year_range": "unknown"}}, {"type": "Feature", "geometry": {"type": "Point", "coordinates": [-91.162162, 30.482883]}, "properties": {"crashes": 5, "injury": 3, "fatal": 0, "pedestrian": 0, "bicycle": 0, "density": 1.2, "year_range": "unknown"}}, {"type": "Feature", "geometry": {"type": "Point", "coordinates": [-91.163964, 30.484685]}, "properties": {"crashes": 13, "injury": 11, "fatal": 0, "pedestrian": 0, "bicycle": 0, "density": 3.2, "year_range": "unknown"}}, {"type": "Feature", "geometry": {"type": "Point", "coordinates": [-91.162162, 30.484685]}, "properties": {"crashes": 1, "injury": 0, "fatal": 0, "pedestrian": 0, "bicycle": 0, "density": 0.2, "year_range": "unknown"}}, {"type": "Feature", "geometry": {"type": "Point", "coordinates": [-91.163964, 30.486486]}, "properties": {"crashes": 1, "injury": 1, "fatal": 0, "pedestrian": 0, "bicycle": 0, "density": 0.2, "year_range": "unknown"}}, {"type": "Feature", "geometry": {"type": "Point", "coordinates": [-91.165766, 30.482883]}, "properties": {"crashes": 30, "injury": 19, "fatal": 0, "pedestrian": 0, "bicycle": 0, "density": 7.5, "year_range": "unknown"}}, {"type": "Feature", "geometry": {"type": "Point", "coordinates": [-91.165766, 30.481081]}, "properties": {"crashes": 36, "injury": 19, "fatal": 0, "pedestrian": 0, "bicycle": 0, "density": 9.0, "year_range": "unknown"}}, {"type": "Feature", "geometry": {"type": "Point", "coordinates": [-91.165766, 30.479279]}, "properties": {"crashes": 15, "injury": 10, "fatal": 0, "pedestrian": 0, "bicycle": 0, "density": 3.8, "year_range": "unknown"}}, {"type": "Feature", "geometry": {"type": "Point", "coordinates": [-91.167568, 30.479279]}, "properties": {"crashes": 10, "injury": 7, "fatal": 0, "pedestrian": 0, "bicycle": 0, "density": 2.5, "year_range": "unknown"}}, {"type": "Feature", "geometry": {"type": "Point", "coordinates": [-91.167568, 30.481081]}, "properties": {"crashes": 1, "injury": 0, "fatal": 0, "pedestrian": 0, "bicycle": 0, "density": 0.2, "year_range": "unknown"}}, {"type": "Feature", "geometry": {"type": "Point", "coordinates": [-91.162162, 30.479279]}, "properties": {"crashes": 6, "injury": 5, "fatal": 0, "pedestrian": 0, "bicycle": 0, "density": 1.5, "year_range": "unknown"}}, {"type": "Feature", "geometry": {"type": "Point", "coordinates": [-91.163964, 30.479279]}, "properties": {"crashes": 1, "injury": 1, "fatal": 0, "pedestrian": 0, "bicycle": 0, "density": 0.2, "year_range": "unknown"}}, {"type": "Feature", "geometry": {"type": "Point", "coordinates": [-91.163964, 30.481081]}, "properties": {"crashes": 5, "injury": 4, "fatal": 0, "pedestrian": 1, "bicycle": 0, "density": 1.2, "year_range": "unknown"}}, {"type": "Feature", "geometry": {"type": "Point", "coordinates": [-91.162162, 30.481081]}, "properties": {"crashes": 6, "injury": 3, "fatal": 0, "pedestrian": 0, "bicycle": 0, "density": 1.5, "year_range": "unknown"}}, {"type": "Feature", "geometry": {"type": "Point", "coordinates": [-91.163964, 30.482883]}, "properties": {"crashes": 2, "injury": 1, "fatal": 0, "pedestrian": 0, "bicycle": 0, "density": 0.5, "year_range": "unknown"}}, {"type": "Feature", "geometry": {"type": "Point", "coordinates": [-91.163964, 30.477477]}, "properties": {"crashes": 9, "injury": 6, "fatal": 0, "pedestrian": 0, "bicycle": 0, "density": 2.2, "year_range": "unknown"}}, {"type": "Feature", "geometry": {"type": "Point", "coordinates": [-91.162162, 30.477477]}, "properties": {"crashes": 10, "injury": 7, "fatal": 0, "pedestrian": 1, "bicycle": 0, "density": 2.5, "year_range": "unknown"}}, {"type": "Feature", "geometry": {"type": "Point", "coordinates": [-91.167568, 30.477477]}, "properties": {"crashes": 33, "injury": 23, "fatal": 0, "pedestrian": 0, "bicycle": 0, "density": 8.2, "year_range": "unknown"}}, {"type": "Feature", "geometry": {"type": "Point", "coordinates": [-91.165766, 30.477477]}, "properties": {"crashes": 9, "injury": 6, "fatal": 0, "pedestrian": 0, "bicycle": 0, "density": 2.2, "year_range": "unknown"}}, {"type": "Feature", "geometry": {"type": "Point", "coordinates": [-91.169369, 30.477477]}, "properties": {"crashes": 3, "injury": 3, "fatal": 0, "pedestrian": 0, "bicycle": 0, "density": 0.8, "year_range": "unknown"}}, {"type": "Feature", "geometry": {"type": "Point", "coordinates": [-91.169369, 30.479279]}, "properties": {"crashes": 2, "injury": 1, "fatal": 0, "pedestrian": 0, "bicycle": 0, "density": 0.5, "year_range": "unknown"}}, {"type": "Feature", "geometry": {"type": "Point", "coordinates": [-91.169369, 30.481081]}, "properties": {"crashes": 4, "injury": 4, "fatal": 0, "pedestrian": 0, "bicycle": 0, "density": 1.0, "year_range": "unknown"}}, {"type": "Feature", "geometry": {"type": "Point", "coordinates": [-91.169369, 30.482883]}, "properties": {"crashes": 4, "injury": 2, "fatal": 0, "pedestrian": 0, "bicycle": 0, "density": 1.0, "year_range": "unknown"}}, {"type": "Feature", "geometry": {"type": "Point", "coordinates": [-91.127928, 30.47027]}, "properties": {"crashes": 11, "injury": 8, "fatal": 0, "pedestrian": 0, "bicycle": 0, "density": 2.8, "year_range": "unknown"}}, {"type": "Feature", "geometry": {"type": "Point", "coordinates": [-91.127928, 30.472072]}, "properties": {"crashes": 1, "injury": 0, "fatal": 0, "pedestrian": 0, "bicycle": 0, "density": 0.2, "year_range": "unknown"}}, {"type": "Feature", "geometry": {"type": "Point", "coordinates": [-91.127928, 30.479279]}, "properties": {"crashes": 27, "injury": 17, "fatal": 1, "pedestrian": 2, "bicycle": 0, "density": 6.8, "year_range": "unknown"}}, {"type": "Feature", "geometry": {"type": "Point", "coordinates": [-91.126126, 30.479279]}, "properties": {"crashes": 10, "injury": 2, "fatal": 0, "pedestrian": 0, "bicycle": 0, "density": 2.5, "year_range": "unknown"}}, {"type": "Feature", "geometry": {"type": "Point", "coordinates": [-91.122523, 30.475676]}, "properties": {"crashes": 1, "injury": 1, "fatal": 0, "pedestrian": 0, "bicycle": 0, "density": 0.2, "year_range": "unknown"}}, {"type": "Feature", "geometry": {"type": "Point", "coordinates": [-91.122523, 30.479279]}, "properties": {"crashes": 15, "injury": 6, "fatal": 0, "pedestrian": 0, "bicycle": 0, "density": 3.8, "year_range": "unknown"}}, {"type": "Feature", "geometry": {"type": "Point", "coordinates": [-91.122523, 30.477477]}, "properties": {"crashes": 1, "injury": 1, "fatal": 0, "pedestrian": 0, "bicycle": 0, "density": 0.2, "year_range": "unknown"}}, {"type": "Feature", "geometry": {"type": "Point", "coordinates": [-91.12973, 30.475676]}, "properties": {"crashes": 3, "injury": 1, "fatal": 0, "pedestrian": 0, "bicycle": 0, "density": 0.8, "year_range": "unknown"}}, {"type": "Feature", "geometry": {"type": "Point", "coordinates": [-91.127928, 30.473874]}, "properties": {"crashes": 3, "injury": 3, "fatal": 0, "pedestrian": 0, "bicycle": 0, "density": 0.8, "year_range": "unknown"}}, {"type": "Feature", "geometry": {"type": "Point", "coordinates": [-91.126126, 30.473874]}, "properties": {"crashes": 2, "injury": 2, "fatal": 0, "pedestrian": 0, "bicycle": 0, "density": 0.5, "year_range": "unknown"}}, {"type": "Feature", "geometry": {"type": "Point", "coordinates": [-91.126126, 30.472072]}, "properties": {"crashes": 1, "injury": 0, "fatal": 0, "pedestrian": 0, "bicycle": 0, "density": 0.2, "year_range": "unknown"}}, {"type": "Feature", "geometry": {"type": "Point", "coordinates": [-91.124324, 30.475676]}, "properties": {"crashes": 2, "injury": 2, "fatal": 0, "pedestrian": 0, "bicycle": 0, "density": 0.5, "year_range": "unknown"}}, {"type": "Feature", "geometry": {"type": "Point", "coordinates": [-91.127928, 30.477477]}, "properties": {"crashes": 1, "injury": 1, "fatal": 0, "pedestrian": 0, "bicycle": 0, "density": 0.2, "year_range": "unknown"}}, {"type": "Feature", "geometry": {"type": "Point", "coordinates": [-91.124324, 30.477477]}, "properties": {"crashes": 1, "injury": 1, "fatal": 0, "pedestrian": 0, "bicycle": 0, "density": 0.2, "year_range": "unknown"}}, {"type": "Feature", "geometry": {"type": "Point", "coordinates": [-91.124324, 30.479279]}, "properties": {"crashes": 1, "injury": 1, "fatal": 0, "pedestrian": 0, "bicycle": 0, "density": 0.2, "year_range": "unknown"}}, {"type": "Feature", "geometry": {"type": "Point", "coordinates": [-91.113514, 30.477477]}, "properties": {"crashes": 14, "injury": 13, "fatal": 0, "pedestrian": 1, "bicycle": 0, "density": 3.5, "year_range": "unknown"}}, {"type": "Feature", "geometry": {"type": "Point", "coordinates": [-91.115315, 30.479279]}, "properties": {"crashes": 119, "injury": 86, "fatal": 0, "pedestrian": 3, "bicycle": 0, "density": 29.8, "year_range": "unknown"}}, {"type": "Feature", "geometry": {"type": "Point", "coordinates": [-91.117117, 30.479279]}, "properties": {"crashes": 64, "injury": 52, "fatal": 0, "pedestrian": 0, "bicycle": 0, "density": 16.0, "year_range": "unknown"}}, {"type": "Feature", "geometry": {"type": "Point", "coordinates": [-91.117117, 30.477477]}, "properties": {"crashes": 1, "injury": 0, "fatal": 0, "pedestrian": 0, "bicycle": 0, "density": 0.2, "year_range": "unknown"}}, {"type": "Feature", "geometry": {"type": "Point", "coordinates": [-91.118919, 30.479279]}, "properties": {"crashes": 24, "injury": 16, "fatal": 0, "pedestrian": 1, "bicycle": 0, "density": 6.0, "year_range": "unknown"}}, {"type": "Feature", "geometry": {"type": "Point", "coordinates": [-91.120721, 30.479279]}, "properties": {"crashes": 3, "injury": 2, "fatal": 0, "pedestrian": 1, "bicycle": 0, "density": 0.8, "year_range": "unknown"}}, {"type": "Feature", "geometry": {"type": "Point", "coordinates": [-91.113514, 30.479279]}, "properties": {"crashes": 9, "injury": 7, "fatal": 0, "pedestrian": 0, "bicycle": 0, "density": 2.2, "year_range": "unknown"}}, {"type": "Feature", "geometry": {"type": "Point", "coordinates": [-91.120721, 30.473874]}, "properties": {"crashes": 1, "injury": 1, "fatal": 0, "pedestrian": 0, "bicycle": 0, "density": 0.2, "year_range": "unknown"}}, {"type": "Feature", "geometry": {"type": "Point", "coordinates": [-91.156757, 30.443243]}, "properties": {"crashes": 23, "injury": 20, "fatal": 0, "pedestrian": 0, "bicycle": 0, "density": 5.8, "year_range": "unknown"}}, {"type": "Feature", "geometry": {"type": "Point", "coordinates": [-91.154955, 30.443243]}, "properties": {"crashes": 52, "injury": 40, "fatal": 0, "pedestrian": 0, "bicycle": 0, "density": 13.0, "year_range": "unknown"}}, {"type": "Feature", "geometry": {"type": "Point", "coordinates": [-91.154955, 30.445045]}, "properties": {"crashes": 76, "injury": 57, "fatal": 0, "pedestrian": 0, "bicycle": 0, "density": 19.0, "year_range": "unknown"}}, {"type": "Feature", "geometry": {"type": "Point", "coordinates": [-91.158559, 30.443243]}, "properties": {"crashes": 43, "injury": 39, "fatal": 0, "pedestrian": 0, "bicycle": 0, "density": 10.8, "year_range": "unknown"}}, {"type": "Feature", "geometry": {"type": "Point", "coordinates": [-91.165766, 30.43964]}, "properties": {"crashes": 1, "injury": 1, "fatal": 0, "pedestrian": 0, "bicycle": 0, "density": 0.2, "year_range": "unknown"}}, {"type": "Feature", "geometry": {"type": "Point", "coordinates": [-91.165766, 30.441441]}, "properties": {"crashes": 2, "injury": 2, "fatal": 0, "pedestrian": 0, "bicycle": 0, "density": 0.5, "year_range": "unknown"}}, {"type": "Feature", "geometry": {"type": "Point", "coordinates": [-91.165766, 30.443243]}, "properties": {"crashes": 25, "injury": 19, "fatal": 0, "pedestrian": 0, "bicycle": 0, "density": 6.2, "year_range": "unknown"}}, {"type": "Feature", "geometry": {"type": "Point", "coordinates": [-91.163964, 30.443243]}, "properties": {"crashes": 16, "injury": 14, "fatal": 0, "pedestrian": 2, "bicycle": 0, "density": 4.0, "year_range": "unknown"}}, {"type": "Feature", "geometry": {"type": "Point", "coordinates": [-91.169369, 30.443243]}, "properties": {"crashes": 32, "injury": 23, "fatal": 0, "pedestrian": 2, "bicycle": 0, "density": 8.0, "year_range": "unknown"}}, {"type": "Feature", "geometry": {"type": "Point", "coordinates": [-91.171171, 30.443243]}, "properties": {"crashes": 17, "injury": 13, "fatal": 0, "pedestrian": 0, "bicycle": 0, "density": 4.2, "year_range": "unknown"}}, {"type": "Feature", "geometry": {"type": "Point", "coordinates": [-91.172973, 30.443243]}, "properties": {"crashes": 22, "injury": 21, "fatal": 0, "pedestrian": 2, "bicycle": 0, "density": 5.5, "year_range": "unknown"}}, {"type": "Feature", "geometry": {"type": "Point", "coordinates": [-91.162162, 30.443243]}, "properties": {"crashes": 34, "injury": 30, "fatal": 0, "pedestrian": 2, "bicycle": 0, "density": 8.5, "year_range": "unknown"}}, {"type": "Feature", "geometry": {"type": "Point", "coordinates": [-91.163964, 30.43964]}, "properties": {"crashes": 3, "injury": 2, "fatal": 0, "pedestrian": 0, "bicycle": 0, "density": 0.8, "year_range": "unknown"}}, {"type": "Feature", "geometry": {"type": "Point", "coordinates": [-91.162162, 30.441441]}, "properties": {"crashes": 1, "injury": 1, "fatal": 0, "pedestrian": 0, "bicycle": 0, "density": 0.2, "year_range": "unknown"}}, {"type": "Feature", "geometry": {"type": "Point", "coordinates": [-91.163964, 30.441441]}, "properties": {"crashes": 2, "injury": 2, "fatal": 0, "pedestrian": 0, "bicycle": 0, "density": 0.5, "year_range": "unknown"}}, {"type": "Feature", "geometry": {"type": "Point", "coordinates": [-91.167568, 30.443243]}, "properties": {"crashes": 20, "injury": 12, "fatal": 0, "pedestrian": 1, "bicycle": 0, "density": 5.0, "year_range": "unknown"}}, {"type": "Feature", "geometry": {"type": "Point", "coordinates": [-91.169369, 30.441441]}, "properties": {"crashes": 12, "injury": 8, "fatal": 0, "pedestrian": 1, "bicycle": 0, "density": 3.0, "year_range": "unknown"}}, {"type": "Feature", "geometry": {"type": "Point", "coordinates": [-91.167568, 30.441441]}, "properties": {"crashes": 3, "injury": 3, "fatal": 0, "pedestrian": 0, "bicycle": 0, "density": 0.8, "year_range": "unknown"}}, {"type": "Feature", "geometry": {"type": "Point", "coordinates": [-91.167568, 30.436036]}, "properties": {"crashes": 37, "injury": 29, "fatal": 0, "pedestrian": 1, "bicycle": 0, "density": 9.2, "year_range": "unknown"}}, {"type": "Feature", "geometry": {"type": "Point", "coordinates": [-91.172973, 30.437838]}, "properties": {"crashes": 3, "injury": 2, "fatal": 0, "pedestrian": 0, "bicycle": 0, "density": 0.8, "year_range": "unknown"}}, {"type": "Feature", "geometry": {"type": "Point", "coordinates": [-91.169369, 30.437838]}, "properties": {"crashes": 21, "injury": 17, "fatal": 0, "pedestrian": 2, "bicycle": 0, "density": 5.2, "year_range": "unknown"}}, {"type": "Feature", "geometry": {"type": "Point", "coordinates": [-91.171171, 30.43964]}, "properties": {"crashes": 2, "injury": 2, "fatal": 0, "pedestrian": 0, "bicycle": 0, "density": 0.5, "year_range": "unknown"}}, {"type": "Feature", "geometry": {"type": "Point", "coordinates": [-91.172973, 30.441441]}, "properties": {"crashes": 2, "injury": 2, "fatal": 0, "pedestrian": 0, "bicycle": 0, "density": 0.5, "year_range": "unknown"}}, {"type": "Feature", "geometry": {"type": "Point", "coordinates": [-91.171171, 30.441441]}, "properties": {"crashes": 2, "injury": 2, "fatal": 0, "pedestrian": 0, "bicycle": 0, "density": 0.5, "year_range": "unknown"}}, {"type": "Feature", "geometry": {"type": "Point", "coordinates": [-91.163964, 30.436036]}, "properties": {"crashes": 1, "injury": 0, "fatal": 0, "pedestrian": 0, "bicycle": 0, "density": 0.2, "year_range": "unknown"}}, {"type": "Feature", "geometry": {"type": "Point", "coordinates": [-91.162162, 30.436036]}, "properties": {"crashes": 6, "injury": 4, "fatal": 0, "pedestrian": 1, "bicycle": 0, "density": 1.5, "year_range": "unknown"}}, {"type": "Feature", "geometry": {"type": "Point", "coordinates": [-91.165766, 30.437838]}, "properties": {"crashes": 2, "injury": 2, "fatal": 0, "pedestrian": 0, "bicycle": 0, "density": 0.5, "year_range": "unknown"}}, {"type": "Feature", "geometry": {"type": "Point", "coordinates": [-91.167568, 30.437838]}, "properties": {"crashes": 1, "injury": 1, "fatal": 0, "pedestrian": 0, "bicycle": 0, "density": 0.2, "year_range": "unknown"}}, {"type": "Feature", "geometry": {"type": "Point", "coordinates": [-91.162162, 30.437838]}, "properties": {"crashes": 2, "injury": 2, "fatal": 0, "pedestrian": 0, "bicycle": 0, "density": 0.5, "year_range": "unknown"}}, {"type": "Feature", "geometry": {"type": "Point", "coordinates": [-91.169369, 30.43964]}, "properties": {"crashes": 12, "injury": 10, "fatal": 0, "pedestrian": 0, "bicycle": 0, "density": 3.0, "year_range": "unknown"}}, {"type": "Feature", "geometry": {"type": "Point", "coordinates": [-91.169369, 30.436036]}, "properties": {"crashes": 42, "injury": 39, "fatal": 0, "pedestrian": 0, "bicycle": 0, "density": 10.5, "year_range": "unknown"}}, {"type": "Feature", "geometry": {"type": "Point", "coordinates": [-91.171171, 30.437838]}, "properties": {"crashes": 5, "injury": 5, "fatal": 0, "pedestrian": 0, "bicycle": 0, "density": 1.2, "year_range": "unknown"}}, {"type": "Feature", "geometry": {"type": "Point", "coordinates": [-91.171171, 30.436036]}, "properties": {"crashes": 3, "injury": 2, "fatal": 0, "pedestrian": 1, "bicycle": 0, "density": 0.8, "year_range": "unknown"}}, {"type": "Feature", "geometry": {"type": "Point", "coordinates": [-91.16036, 30.443243]}, "properties": {"crashes": 66, "injury": 49, "fatal": 0, "pedestrian": 1, "bicycle": 0, "density": 16.5, "year_range": "unknown"}}, {"type": "Feature", "geometry": {"type": "Point", "coordinates": [-91.156757, 30.43964]}, "properties": {"crashes": 3, "injury": 3, "fatal": 0, "pedestrian": 0, "bicycle": 0, "density": 0.8, "year_range": "unknown"}}, {"type": "Feature", "geometry": {"type": "Point", "coordinates": [-91.154955, 30.43964]}, "properties": {"crashes": 10, "injury": 9, "fatal": 0, "pedestrian": 0, "bicycle": 0, "density": 2.5, "year_range": "unknown"}}, {"type": "Feature", "geometry": {"type": "Point", "coordinates": [-91.153153, 30.43964]}, "properties": {"crashes": 33, "injury": 23, "fatal": 0, "pedestrian": 0, "bicycle": 0, "density": 8.2, "year_range": "unknown"}}, {"type": "Feature", "geometry": {"type": "Point", "coordinates": [-91.16036, 30.437838]}, "properties": {"crashes": 11, "injury": 7, "fatal": 0, "pedestrian": 0, "bicycle": 0, "density": 2.8, "year_range": "unknown"}}, {"type": "Feature", "geometry": {"type": "Point", "coordinates": [-91.156757, 30.437838]}, "properties": {"crashes": 4, "injury": 4, "fatal": 0, "pedestrian": 0, "bicycle": 0, "density": 1.0, "year_range": "unknown"}}, {"type": "Feature", "geometry": {"type": "Point", "coordinates": [-91.16036, 30.43964]}, "properties": {"crashes": 7, "injury": 6, "fatal": 0, "pedestrian": 0, "bicycle": 0, "density": 1.8, "year_range": "unknown"}}, {"type": "Feature", "geometry": {"type": "Point", "coordinates": [-91.158559, 30.43964]}, "properties": {"crashes": 1, "injury": 1, "fatal": 0, "pedestrian": 0, "bicycle": 0, "density": 0.2, "year_range": "unknown"}}, {"type": "Feature", "geometry": {"type": "Point", "coordinates": [-91.16036, 30.441441]}, "properties": {"crashes": 1, "injury": 1, "fatal": 0, "pedestrian": 0, "bicycle": 0, "density": 0.2, "year_range": "unknown"}}, {"type": "Feature", "geometry": {"type": "Point", "coordinates": [-91.158559, 30.441441]}, "properties": {"crashes": 3, "injury": 2, "fatal": 0, "pedestrian": 0, "bicycle": 0, "density": 0.8, "year_range": "unknown"}}, {"type": "Feature", "geometry": {"type": "Point", "coordinates": [-91.154955, 30.437838]}, "properties": {"crashes": 2, "injury": 1, "fatal": 0, "pedestrian": 1, "bicycle": 0, "density": 0.5, "year_range": "unknown"}}, {"type": "Feature", "geometry": {"type": "Point", "coordinates": [-91.156757, 30.436036]}, "properties": {"crashes": 2, "injury": 2, "fatal": 0, "pedestrian": 0, "bicycle": 0, "density": 0.5, "year_range": "unknown"}}, {"type": "Feature", "geometry": {"type": "Point", "coordinates": [-91.154955, 30.436036]}, "properties": {"crashes": 7, "injury": 4, "fatal": 0, "pedestrian": 0, "bicycle": 0, "density": 1.8, "year_range": "unknown"}}, {"type": "Feature", "geometry": {"type": "Point", "coordinates": [-91.16036, 30.436036]}, "properties": {"crashes": 14, "injury": 13, "fatal": 0, "pedestrian": 0, "bicycle": 0, "density": 3.5, "year_range": "unknown"}}, {"type": "Feature", "geometry": {"type": "Point", "coordinates": [-91.158559, 30.436036]}, "properties": {"crashes": 2, "injury": 1, "fatal": 0, "pedestrian": 1, "bicycle": 0, "density": 0.5, "year_range": "unknown"}}, {"type": "Feature", "geometry": {"type": "Point", "coordinates": [-91.136937, 30.445045]}, "properties": {"crashes": 12, "injury": 11, "fatal": 0, "pedestrian": 1, "bicycle": 0, "density": 3.0, "year_range": "unknown"}}, {"type": "Feature", "geometry": {"type": "Point", "coordinates": [-91.135135, 30.445045]}, "properties": {"crashes": 56, "injury": 43, "fatal": 1, "pedestrian": 5, "bicycle": 0, "density": 14.0, "year_range": "unknown"}}, {"type": "Feature", "geometry": {"type": "Point", "coordinates": [-91.133333, 30.445045]}, "properties": {"crashes": 29, "injury": 21, "fatal": 0, "pedestrian": 2, "bicycle": 0, "density": 7.2, "year_range": "unknown"}}, {"type": "Feature", "geometry": {"type": "Point", "coordinates": [-91.131532, 30.445045]}, "properties": {"crashes": 85, "injury": 71, "fatal": 0, "pedestrian": 0, "bicycle": 0, "density": 21.2, "year_range": "unknown"}}, {"type": "Feature", "geometry": {"type": "Point", "coordinates": [-91.144144, 30.445045]}, "properties": {"crashes": 17, "injury": 15, "fatal": 0, "pedestrian": 1, "bicycle": 0, "density": 4.2, "year_range": "unknown"}}, {"type": "Feature", "geometry": {"type": "Point", "coordinates": [-91.142342, 30.443243]}, "properties": {"crashes": 4, "injury": 4, "fatal": 0, "pedestrian": 0, "bicycle": 0, "density": 1.0, "year_range": "unknown"}}, {"type": "Feature", "geometry": {"type": "Point", "coordinates": [-91.140541, 30.445045]}, "properties": {"crashes": 20, "injury": 20, "fatal": 0, "pedestrian": 0, "bicycle": 0, "density": 5.0, "year_range": "unknown"}}, {"type": "Feature", "geometry": {"type": "Point", "coordinates": [-91.14955, 30.443243]}, "properties": {"crashes": 6, "injury": 5, "fatal": 0, "pedestrian": 0, "bicycle": 0, "density": 1.5, "year_range": "unknown"}}, {"type": "Feature", "geometry": {"type": "Point", "coordinates": [-91.147748, 30.445045]}, "properties": {"crashes": 19, "injury": 17, "fatal": 0, "pedestrian": 1, "bicycle": 0, "density": 4.8, "year_range": "unknown"}}, {"type": "Feature", "geometry": {"type": "Point", "coordinates": [-91.138739, 30.445045]}, "properties": {"crashes": 154, "injury": 124, "fatal": 1, "pedestrian": 2, "bicycle": 0, "density": 38.5, "year_range": "unknown"}}, {"type": "Feature", "geometry": {"type": "Point", "coordinates": [-91.138739, 30.443243]}, "properties": {"crashes": 30, "injury": 21, "fatal": 0, "pedestrian": 0, "bicycle": 0, "density": 7.5, "year_range": "unknown"}}, {"type": "Feature", "geometry": {"type": "Point", "coordinates": [-91.14955, 30.445045]}, "properties": {"crashes": 11, "injury": 10, "fatal": 0, "pedestrian": 1, "bicycle": 0, "density": 2.8, "year_range": "unknown"}}, {"type": "Feature", "geometry": {"type": "Point", "coordinates": [-91.151351, 30.445045]}, "properties": {"crashes": 18, "injury": 13, "fatal": 0, "pedestrian": 1, "bicycle": 0, "density": 4.5, "year_range": "unknown"}}, {"type": "Feature", "geometry": {"type": "Point", "coordinates": [-91.153153, 30.445045]}, "properties": {"crashes": 51, "injury": 44, "fatal": 0, "pedestrian": 2, "bicycle": 0, "density": 12.8, "year_range": "unknown"}}, {"type": "Feature", "geometry": {"type": "Point", "coordinates": [-91.153153, 30.443243]}, "properties": {"crashes": 46, "injury": 41, "fatal": 0, "pedestrian": 0, "bicycle": 0, "density": 11.5, "year_range": "unknown"}}, {"type": "Feature", "geometry": {"type": "Point", "coordinates": [-91.133333, 30.443243]}, "properties": {"crashes": 2, "injury": 2, "fatal": 0, "pedestrian": 0, "bicycle": 0, "density": 0.5, "year_range": "unknown"}}, {"type": "Feature", "geometry": {"type": "Point", "coordinates": [-91.135135, 30.443243]}, "properties": {"crashes": 5, "injury": 5, "fatal": 0, "pedestrian": 0, "bicycle": 0, "density": 1.2, "year_range": "unknown"}}, {"type": "Feature", "geometry": {"type": "Point", "coordinates": [-91.136937, 30.443243]}, "properties": {"crashes": 2, "injury": 1, "fatal": 0, "pedestrian": 1, "bicycle": 0, "density": 0.5, "year_range": "unknown"}}, {"type": "Feature", "geometry": {"type": "Point", "coordinates": [-91.138739, 30.441441]}, "properties": {"crashes": 34, "injury": 21, "fatal": 2, "pedestrian": 1, "bicycle": 0, "density": 8.5, "year_range": "unknown"}}, {"type": "Feature", "geometry": {"type": "Point", "coordinates": [-91.136937, 30.441441]}, "properties": {"crashes": 5, "injury": 4, "fatal": 0, "pedestrian": 0, "bicycle": 0, "density": 1.2, "year_range": "unknown"}}, {"type": "Feature", "geometry": {"type": "Point", "coordinates": [-91.133333, 30.43964]}, "properties": {"crashes": 6, "injury": 4, "fatal": 0, "pedestrian": 0, "bicycle": 0, "density": 1.5, "year_range": "unknown"}}, {"type": "Feature", "geometry": {"type": "Point", "coordinates": [-91.135135, 30.43964]}, "properties": {"crashes": 4, "injury": 1, "fatal": 0, "pedestrian": 0, "bicycle": 0, "density": 1.0, "year_range": "unknown"}}, {"type": "Feature", "geometry": {"type": "Point", "coordinates": [-91.131532, 30.43964]}, "properties": {"crashes": 1, "injury": 1, "fatal": 0, "pedestrian": 0, "bicycle": 0, "density": 0.2, "year_range": "unknown"}}, {"type": "Feature", "geometry": {"type": "Point", "coordinates": [-91.136937, 30.43964]}, "properties": {"crashes": 3, "injury": 1, "fatal": 0, "pedestrian": 0, "bicycle": 0, "density": 0.8, "year_range": "unknown"}}, {"type": "Feature", "geometry": {"type": "Point", "coordinates": [-91.133333, 30.441441]}, "properties": {"crashes": 3, "injury": 3, "fatal": 0, "pedestrian": 0, "bicycle": 0, "density": 0.8, "year_range": "unknown"}}, {"type": "Feature", "geometry": {"type": "Point", "coordinates": [-91.135135, 30.441441]}, "properties": {"crashes": 1, "injury": 1, "fatal": 0, "pedestrian": 0, "bicycle": 0, "density": 0.2, "year_range": "unknown"}}, {"type": "Feature", "geometry": {"type": "Point", "coordinates": [-91.131532, 30.436036]}, "properties": {"crashes": 88, "injury": 72, "fatal": 0, "pedestrian": 0, "bicycle": 0, "density": 22.0, "year_range": "unknown"}}, {"type": "Feature", "geometry": {"type": "Point", "coordinates": [-91.131532, 30.437838]}, "properties": {"crashes": 25, "injury": 21, "fatal": 0, "pedestrian": 0, "bicycle": 0, "density": 6.2, "year_range": "unknown"}}, {"type": "Feature", "geometry": {"type": "Point", "coordinates": [-91.133333, 30.436036]}, "properties": {"crashes": 36, "injury": 25, "fatal": 0, "pedestrian": 0, "bicycle": 0, "density": 9.0, "year_range": "unknown"}}, {"type": "Feature", "geometry": {"type": "Point", "coordinates": [-91.133333, 30.437838]}, "properties": {"crashes": 11, "injury": 7, "fatal": 0, "pedestrian": 0, "bicycle": 0, "density": 2.8, "year_range": "unknown"}}, {"type": "Feature", "geometry": {"type": "Point", "coordinates": [-91.136937, 30.437838]}, "properties": {"crashes": 1, "injury": 1, "fatal": 0, "pedestrian": 0, "bicycle": 0, "density": 0.2, "year_range": "unknown"}}, {"type": "Feature", "geometry": {"type": "Point", "coordinates": [-91.138739, 30.436036]}, "properties": {"crashes": 1, "injury": 0, "fatal": 0, "pedestrian": 0, "bicycle": 0, "density": 0.2, "year_range": "unknown"}}, {"type": "Feature", "geometry": {"type": "Point", "coordinates": [-91.145946, 30.441441]}, "properties": {"crashes": 4, "injury": 4, "fatal": 0, "pedestrian": 0, "bicycle": 0, "density": 1.0, "year_range": "unknown"}}, {"type": "Feature", "geometry": {"type": "Point", "coordinates": [-91.145946, 30.443243]}, "properties": {"crashes": 4, "injury": 3, "fatal": 0, "pedestrian": 0, "bicycle": 0, "density": 1.0, "year_range": "unknown"}}, {"type": "Feature", "geometry": {"type": "Point", "coordinates": [-91.145946, 30.43964]}, "properties": {"crashes": 6, "injury": 3, "fatal": 0, "pedestrian": 0, "bicycle": 0, "density": 1.5, "year_range": "unknown"}}, {"type": "Feature", "geometry": {"type": "Point", "coordinates": [-91.144144, 30.443243]}, "properties": {"crashes": 2, "injury": 0, "fatal": 0, "pedestrian": 1, "bicycle": 0, "density": 0.5, "year_range": "unknown"}}, {"type": "Feature", "geometry": {"type": "Point", "coordinates": [-91.144144, 30.43964]}, "properties": {"crashes": 1, "injury": 1, "fatal": 0, "pedestrian": 0, "bicycle": 0, "density": 0.2, "year_range": "unknown"}}, {"type": "Feature", "geometry": {"type": "Point", "coordinates": [-91.142342, 30.43964]}, "properties": {"crashes": 2, "injury": 1, "fatal": 0, "pedestrian": 0, "bicycle": 0, "density": 0.5, "year_range": "unknown"}}, {"type": "Feature", "geometry": {"type": "Point", "coordinates": [-91.140541, 30.43964]}, "properties": {"crashes": 2, "injury": 2, "fatal": 0, "pedestrian": 0, "bicycle": 0, "density": 0.5, "year_range": "unknown"}}, {"type": "Feature", "geometry": {"type": "Point", "coordinates": [-91.140541, 30.443243]}, "properties": {"crashes": 1, "injury": 1, "fatal": 0, "pedestrian": 0, "bicycle": 0, "density": 0.2, "year_range": "unknown"}}, {"type": "Feature", "geometry": {"type": "Point", "coordinates": [-91.14955, 30.43964]}, "properties": {"crashes": 4, "injury": 4, "fatal": 0, "pedestrian": 0, "bicycle": 0, "density": 1.0, "year_range": "unknown"}}, {"type": "Feature", "geometry": {"type": "Point", "coordinates": [-91.151351, 30.43964]}, "properties": {"crashes": 4, "injury": 3, "fatal": 1, "pedestrian": 0, "bicycle": 0, "density": 1.0, "year_range": "unknown"}}, {"type": "Feature", "geometry": {"type": "Point", "coordinates": [-91.147748, 30.43964]}, "properties": {"crashes": 4, "injury": 3, "fatal": 0, "pedestrian": 0, "bicycle": 0, "density": 1.0, "year_range": "unknown"}}, {"type": "Feature", "geometry": {"type": "Point", "coordinates": [-91.153153, 30.441441]}, "properties": {"crashes": 7, "injury": 5, "fatal": 0, "pedestrian": 0, "bicycle": 0, "density": 1.8, "year_range": "unknown"}}, {"type": "Feature", "geometry": {"type": "Point", "coordinates": [-91.147748, 30.443243]}, "properties": {"crashes": 6, "injury": 5, "fatal": 0, "pedestrian": 0, "bicycle": 0, "density": 1.5, "year_range": "unknown"}}, {"type": "Feature", "geometry": {"type": "Point", "coordinates": [-91.151351, 30.443243]}, "properties": {"crashes": 7, "injury": 5, "fatal": 0, "pedestrian": 2, "bicycle": 0, "density": 1.8, "year_range": "unknown"}}, {"type": "Feature", "geometry": {"type": "Point", "coordinates": [-91.147748, 30.436036]}, "properties": {"crashes": 5, "injury": 2, "fatal": 0, "pedestrian": 0, "bicycle": 0, "density": 1.2, "year_range": "unknown"}}, {"type": "Feature", "geometry": {"type": "Point", "coordinates": [-91.145946, 30.436036]}, "properties": {"crashes": 6, "injury": 6, "fatal": 0, "pedestrian": 0, "bicycle": 0, "density": 1.5, "year_range": "unknown"}}, {"type": "Feature", "geometry": {"type": "Point", "coordinates": [-91.142342, 30.436036]}, "properties": {"crashes": 1, "injury": 1, "fatal": 0, "pedestrian": 0, "bicycle": 0, "density": 0.2, "year_range": "unknown"}}, {"type": "Feature", "geometry": {"type": "Point", "coordinates": [-91.142342, 30.437838]}, "properties": {"crashes": 1, "injury": 0, "fatal": 0, "pedestrian": 0, "bicycle": 0, "density": 0.2, "year_range": "unknown"}}, {"type": "Feature", "geometry": {"type": "Point", "coordinates": [-91.151351, 30.437838]}, "properties": {"crashes": 1, "injury": 1, "fatal": 0, "pedestrian": 0, "bicycle": 0, "density": 0.2, "year_range": "unknown"}}, {"type": "Feature", "geometry": {"type": "Point", "coordinates": [-91.14955, 30.437838]}, "properties": {"crashes": 1, "injury": 1, "fatal": 0, "pedestrian": 0, "bicycle": 0, "density": 0.2, "year_range": "unknown"}}, {"type": "Feature", "geometry": {"type": "Point", "coordinates": [-91.147748, 30.437838]}, "properties": {"crashes": 2, "injury": 1, "fatal": 0, "pedestrian": 0, "bicycle": 0, "density": 0.5, "year_range": "unknown"}}, {"type": "Feature", "geometry": {"type": "Point", "coordinates": [-91.153153, 30.436036]}, "properties": {"crashes": 45, "injury": 30, "fatal": 0, "pedestrian": 0, "bicycle": 0, "density": 11.2, "year_range": "unknown"}}, {"type": "Feature", "geometry": {"type": "Point", "coordinates": [-91.153153, 30.437838]}, "properties": {"crashes": 5, "injury": 4, "fatal": 0, "pedestrian": 0, "bicycle": 0, "density": 1.2, "year_range": "unknown"}}, {"type": "Feature", "geometry": {"type": "Point", "coordinates": [-91.131532, 30.443243]}, "properties": {"crashes": 3, "injury": 3, "fatal": 0, "pedestrian": 0, "bicycle": 0, "density": 0.8, "year_range": "unknown"}}, {"type": "Feature", "geometry": {"type": "Point", "coordinates": [-91.12973, 30.443243]}, "properties": {"crashes": 41, "injury": 34, "fatal": 0, "pedestrian": 0, "bicycle": 0, "density": 10.2, "year_range": "unknown"}}, {"type": "Feature", "geometry": {"type": "Point", "coordinates": [-91.131532, 30.441441]}, "properties": {"crashes": 6, "injury": 4, "fatal": 0, "pedestrian": 0, "bicycle": 0, "density": 1.5, "year_range": "unknown"}}, {"type": "Feature", "geometry": {"type": "Point", "coordinates": [-91.12973, 30.441441]}, "properties": {"crashes": 37, "injury": 31, "fatal": 0, "pedestrian": 1, "bicycle": 0, "density": 9.2, "year_range": "unknown"}}, {"type": "Feature", "geometry": {"type": "Point", "coordinates": [-91.127928, 30.43964]}, "properties": {"crashes": 25, "injury": 21, "fatal": 0, "pedestrian": 0, "bicycle": 0, "density": 6.2, "year_range": "unknown"}}, {"type": "Feature", "geometry": {"type": "Point", "coordinates": [-91.126126, 30.43964]}, "properties": {"crashes": 5, "injury": 4, "fatal": 0, "pedestrian": 0, "bicycle": 0, "density": 1.2, "year_range": "unknown"}}, {"type": "Feature", "geometry": {"type": "Point", "coordinates": [-91.127928, 30.437838]}, "properties": {"crashes": 2, "injury": 2, "fatal": 0, "pedestrian": 0, "bicycle": 0, "density": 0.5, "year_range": "unknown"}}, {"type": "Feature", "geometry": {"type": "Point", "coordinates": [-91.12973, 30.437838]}, "properties": {"crashes": 6, "injury": 5, "fatal": 0, "pedestrian": 1, "bicycle": 0, "density": 1.5, "year_range": "unknown"}}, {"type": "Feature", "geometry": {"type": "Point", "coordinates": [-91.163964, 30.434234]}, "properties": {"crashes": 5, "injury": 5, "fatal": 0, "pedestrian": 0, "bicycle": 0, "density": 1.2, "year_range": "unknown"}}, {"type": "Feature", "geometry": {"type": "Point", "coordinates": [-91.162162, 30.432432]}, "properties": {"crashes": 14, "injury": 11, "fatal": 0, "pedestrian": 0, "bicycle": 0, "density": 3.5, "year_range": "unknown"}}, {"type": "Feature", "geometry": {"type": "Point", "coordinates": [-91.165766, 30.434234]}, "properties": {"crashes": 1, "injury": 1, "fatal": 0, "pedestrian": 0, "bicycle": 0, "density": 0.2, "year_range": "unknown"}}, {"type": "Feature", "geometry": {"type": "Point", "coordinates": [-91.136937, 30.436036]}, "properties": {"crashes": 1, "injury": 1, "fatal": 0, "pedestrian": 0, "bicycle": 0, "density": 0.2, "year_range": "unknown"}}, {"type": "Feature", "geometry": {"type": "Point", "coordinates": [-91.135135, 30.434234]}, "properties": {"crashes": 21, "injury": 16, "fatal": 0, "pedestrian": 0, "bicycle": 0, "density": 5.2, "year_range": "unknown"}}, {"type": "Feature", "geometry": {"type": "Point", "coordinates": [-91.136937, 30.434234]}, "properties": {"crashes": 2, "injury": 2, "fatal": 0, "pedestrian": 0, "bicycle": 0, "density": 0.5, "year_range": "unknown"}}, {"type": "Feature", "geometry": {"type": "Point", "coordinates": [-91.133333, 30.434234]}, "properties": {"crashes": 13, "injury": 7, "fatal": 0, "pedestrian": 0, "bicycle": 0, "density": 3.2, "year_range": "unknown"}}, {"type": "Feature", "geometry": {"type": "Point", "coordinates": [-91.135135, 30.430631]}, "properties": {"crashes": 46, "injury": 32, "fatal": 0, "pedestrian": 1, "bicycle": 0, "density": 11.5, "year_range": "unknown"}}, {"type": "Feature", "geometry": {"type": "Point", "coordinates": [-91.135135, 30.432432]}, "properties": {"crashes": 8, "injury": 4, "fatal": 0, "pedestrian": 0, "bicycle": 0, "density": 2.0, "year_range": "unknown"}}, {"type": "Feature", "geometry": {"type": "Point", "coordinates": [-91.135135, 30.428829]}, "properties": {"crashes": 13, "injury": 11, "fatal": 0, "pedestrian": 0, "bicycle": 0, "density": 3.2, "year_range": "unknown"}}, {"type": "Feature", "geometry": {"type": "Point", "coordinates": [-91.136937, 30.427027]}, "properties": {"crashes": 131, "injury": 93, "fatal": 0, "pedestrian": 5, "bicycle": 0, "density": 32.8, "year_range": "unknown"}}, {"type": "Feature", "geometry": {"type": "Point", "coordinates": [-91.136937, 30.428829]}, "properties": {"crashes": 22, "injury": 19, "fatal": 0, "pedestrian": 1, "bicycle": 0, "density": 5.5, "year_range": "unknown"}}, {"type": "Feature", "geometry": {"type": "Point", "coordinates": [-91.138739, 30.427027]}, "properties": {"crashes": 7, "injury": 7, "fatal": 0, "pedestrian": 0, "bicycle": 0, "density": 1.8, "year_range": "unknown"}}, {"type": "Feature", "geometry": {"type": "Point", "coordinates": [-91.136937, 30.425225]}, "properties": {"crashes": 162, "injury": 135, "fatal": 0, "pedestrian": 1, "bicycle": 0, "density": 40.5, "year_range": "unknown"}}, {"type": "Feature", "geometry": {"type": "Point", "coordinates": [-91.153153, 30.432432]}, "properties": {"crashes": 43, "injury": 33, "fatal": 0, "pedestrian": 0, "bicycle": 0, "density": 10.8, "year_range": "unknown"}}, {"type": "Feature", "geometry": {"type": "Point", "coordinates": [-91.153153, 30.434234]}, "properties": {"crashes": 8, "injury": 6, "fatal": 0, "pedestrian": 0, "bicycle": 0, "density": 2.0, "year_range": "unknown"}}, {"type": "Feature", "geometry": {"type": "Point", "coordinates": [-91.162162, 30.430631]}, "properties": {"crashes": 6, "injury": 6, "fatal": 0, "pedestrian": 0, "bicycle": 0, "density": 1.5, "year_range": "unknown"}}, {"type": "Feature", "geometry": {"type": "Point", "coordinates": [-91.158559, 30.432432]}, "properties": {"crashes": 2, "injury": 2, "fatal": 0, "pedestrian": 0, "bicycle": 0, "density": 0.5, "year_range": "unknown"}}, {"type": "Feature", "geometry": {"type": "Point", "coordinates": [-91.16036, 30.432432]}, "properties": {"crashes": 2, "injury": 1, "fatal": 0, "pedestrian": 0, "bicycle": 0, "density": 0.5, "year_range": "unknown"}}, {"type": "Feature", "geometry": {"type": "Point", "coordinates": [-91.16036, 30.434234]}, "properties": {"crashes": 1, "injury": 1, "fatal": 0, "pedestrian": 0, "bicycle": 0, "density": 0.2, "year_range": "unknown"}}, {"type": "Feature", "geometry": {"type": "Point", "coordinates": [-91.151351, 30.428829]}, "properties": {"crashes": 2, "injury": 2, "fatal": 0, "pedestrian": 0, "bicycle": 0, "density": 0.5, "year_range": "unknown"}}, {"type": "Feature", "geometry": {"type": "Point", "coordinates": [-91.153153, 30.428829]}, "properties": {"crashes": 21, "injury": 14, "fatal": 1, "pedestrian": 0, "bicycle": 0, "density": 5.2, "year_range": "unknown"}}, {"type": "Feature", "geometry": {"type": "Point", "coordinates": [-91.156757, 30.428829]}, "properties": {"crashes": 2, "injury": 2, "fatal": 0, "pedestrian": 0, "bicycle": 0, "density": 0.5, "year_range": "unknown"}}, {"type": "Feature", "geometry": {"type": "Point", "coordinates": [-91.156757, 30.430631]}, "properties": {"crashes": 1, "injury": 1, "fatal": 0, "pedestrian": 0, "bicycle": 0, "density": 0.2, "year_range": "unknown"}}, {"type": "Feature", "geometry": {"type": "Point", "coordinates": [-91.153153, 30.430631]}, "properties": {"crashes": 13, "injury": 11, "fatal": 0, "pedestrian": 0, "bicycle": 0, "density": 3.2, "year_range": "unknown"}}, {"type": "Feature", "geometry": {"type": "Point", "coordinates": [-91.156757, 30.432432]}, "properties": {"crashes": 2, "injury": 2, "fatal": 0, "pedestrian": 0, "bicycle": 0, "density": 0.5, "year_range": "unknown"}}, {"type": "Feature", "geometry": {"type": "Point", "coordinates": [-91.151351, 30.427027]}, "properties": {"crashes": 42, "injury": 35, "fatal": 0, "pedestrian": 0, "bicycle": 0, "density": 10.5, "year_range": "unknown"}}, {"type": "Feature", "geometry": {"type": "Point", "coordinates": [-91.142342, 30.428829]}, "properties": {"crashes": 1, "injury": 1, "fatal": 0, "pedestrian": 0, "bicycle": 0, "density": 0.2, "year_range": "unknown"}}, {"type": "Feature", "geometry": {"type": "Point", "coordinates": [-91.145946, 30.428829]}, "properties": {"crashes": 1, "injury": 1, "fatal": 0, "pedestrian": 0, "bicycle": 0, "density": 0.2, "year_range": "unknown"}}, {"type": "Feature", "geometry": {"type": "Point", "coordinates": [-91.140541, 30.428829]}, "properties": {"crashes": 1, "injury": 1, "fatal": 0, "pedestrian": 0, "bicycle": 0, "density": 0.2, "year_range": "unknown"}}, {"type": "Feature", "geometry": {"type": "Point", "coordinates": [-91.145946, 30.430631]}, "properties": {"crashes": 3, "injury": 3, "fatal": 0, "pedestrian": 0, "bicycle": 0, "density": 0.8, "year_range": "unknown"}}, {"type": "Feature", "geometry": {"type": "Point", "coordinates": [-91.14955, 30.432432]}, "properties": {"crashes": 1, "injury": 1, "fatal": 0, "pedestrian": 0, "bicycle": 0, "density": 0.2, "year_range": "unknown"}}, {"type": "Feature", "geometry": {"type": "Point", "coordinates": [-91.145946, 30.432432]}, "properties": {"crashes": 1, "injury": 1, "fatal": 0, "pedestrian": 0, "bicycle": 0, "density": 0.2, "year_range": "unknown"}}, {"type": "Feature", "geometry": {"type": "Point", "coordinates": [-91.140541, 30.434234]}, "properties": {"crashes": 1, "injury": 1, "fatal": 0, "pedestrian": 0, "bicycle": 0, "density": 0.2, "year_range": "unknown"}}, {"type": "Feature", "geometry": {"type": "Point", "coordinates": [-91.145946, 30.434234]}, "properties": {"crashes": 2, "injury": 2, "fatal": 0, "pedestrian": 0, "bicycle": 0, "density": 0.5, "year_range": "unknown"}}, {"type": "Feature", "geometry": {"type": "Point", "coordinates": [-91.16036, 30.428829]}, "properties": {"crashes": 12, "injury": 10, "fatal": 0, "pedestrian": 0, "bicycle": 0, "density": 3.0, "year_range": "unknown"}}, {"type": "Feature", "geometry": {"type": "Point", "coordinates": [-91.158559, 30.428829]}, "properties": {"crashes": 3, "injury": 2, "fatal": 0, "pedestrian": 1, "bicycle": 0, "density": 0.8, "year_range": "unknown"}}, {"type": "Feature", "geometry": {"type": "Point", "coordinates": [-91.16036, 30.430631]}, "properties": {"crashes": 7, "injury": 7, "fatal": 0, "pedestrian": 0, "bicycle": 0, "density": 1.8, "year_range": "unknown"}}, {"type": "Feature", "geometry": {"type": "Point", "coordinates": [-91.158559, 30.430631]}, "properties": {"crashes": 2, "injury": 2, "fatal": 0, "pedestrian": 0, "bicycle": 0, "density": 0.5, "year_range": "unknown"}}, {"type": "Feature", "geometry": {"type": "Point", "coordinates": [-91.145946, 30.427027]}, "properties": {"crashes": 7, "injury": 5, "fatal": 0, "pedestrian": 2, "bicycle": 0, "density": 1.8, "year_range": "unknown"}}, {"type": "Feature", "geometry": {"type": "Point", "coordinates": [-91.144144, 30.427027]}, "properties": {"crashes": 14, "injury": 11, "fatal": 0, "pedestrian": 0, "bicycle": 0, "density": 3.5, "year_range": "unknown"}}, {"type": "Feature", "geometry": {"type": "Point", "coordinates": [-91.142342, 30.427027]}, "properties": {"crashes": 1, "injury": 1, "fatal": 0, "pedestrian": 0, "bicycle": 0, "density": 0.2, "year_range": "unknown"}}, {"type": "Feature", "geometry": {"type": "Point", "coordinates": [-91.140541, 30.427027]}, "properties": {"crashes": 13, "injury": 8, "fatal": 0, "pedestrian": 1, "bicycle": 0, "density": 3.2, "year_range": "unknown"}}, {"type": "Feature", "geometry": {"type": "Point", "coordinates": [-91.156757, 30.425225]}, "properties": {"crashes": 91, "injury": 47, "fatal": 0, "pedestrian": 0, "bicycle": 0, "density": 22.8, "year_range": "unknown"}}, {"type": "Feature", "geometry": {"type": "Point", "coordinates": [-91.140541, 30.423423]}, "properties": {"crashes": 126, "injury": 102, "fatal": 0, "pedestrian": 2, "bicycle": 0, "density": 31.5, "year_range": "unknown"}}, {"type": "Feature", "geometry": {"type": "Point", "coordinates": [-91.142342, 30.423423]}, "properties": {"crashes": 121, "injury": 92, "fatal": 0, "pedestrian": 0, "bicycle": 0, "density": 30.2, "year_range": "unknown"}}, {"type": "Feature", "geometry": {"type": "Point", "coordinates": [-91.144144, 30.423423]}, "properties": {"crashes": 124, "injury": 102, "fatal": 0, "pedestrian": 0, "bicycle": 0, "density": 31.0, "year_range": "unknown"}}, {"type": "Feature", "geometry": {"type": "Point", "coordinates": [-91.145946, 30.423423]}, "properties": {"crashes": 295, "injury": 230, "fatal": 0, "pedestrian": 2, "bicycle": 0, "density": 73.8, "year_range": "unknown"}}, {"type": "Feature", "geometry": {"type": "Point", "coordinates": [-91.147748, 30.425225]}, "properties": {"crashes": 1, "injury": 1, "fatal": 0, "pedestrian": 0, "bicycle": 0, "density": 0.2, "year_range": "unknown"}}, {"type": "Feature", "geometry": {"type": "Point", "coordinates": [-91.145946, 30.425225]}, "properties": {"crashes": 4, "injury": 3, "fatal": 0, "pedestrian": 1, "bicycle": 0, "density": 1.0, "year_range": "unknown"}}, {"type": "Feature", "geometry": {"type": "Point", "coordinates": [-91.144144, 30.425225]}, "properties": {"crashes": 3, "injury": 3, "fatal": 0, "pedestrian": 0, "bicycle": 0, "density": 0.8, "year_range": "unknown"}}, {"type": "Feature", "geometry": {"type": "Point", "coordinates": [-91.140541, 30.425225]}, "properties": {"crashes": 1, "injury": 1, "fatal": 0, "pedestrian": 0, "bicycle": 0, "density": 0.2, "year_range": "unknown"}}, {"type": "Feature", "geometry": {"type": "Point", "coordinates": [-91.138739, 30.425225]}, "properties": {"crashes": 114, "injury": 99, "fatal": 0, "pedestrian": 0, "bicycle": 0, "density": 28.5, "year_range": "unknown"}}, {"type": "Feature", "geometry": {"type": "Point", "coordinates": [-91.154955, 30.425225]}, "properties": {"crashes": 128, "injury": 75, "fatal": 0, "pedestrian": 0, "bicycle": 0, "density": 32.0, "year_range": "unknown"}}, {"type": "Feature", "geometry": {"type": "Point", "coordinates": [-91.153153, 30.425225]}, "properties": {"crashes": 68, "injury": 51, "fatal": 0, "pedestrian": 1, "bicycle": 0, "density": 17.0, "year_range": "unknown"}}, {"type": "Feature", "geometry": {"type": "Point", "coordinates": [-91.151351, 30.425225]}, "properties": {"crashes": 96, "injury": 83, "fatal": 1, "pedestrian": 1, "bicycle": 0, "density": 24.0, "year_range": "unknown"}}, {"type": "Feature", "geometry": {"type": "Point", "coordinates": [-91.14955, 30.425225]}, "properties": {"crashes": 22, "injury": 20, "fatal": 0, "pedestrian": 0, "bicycle": 0, "density": 5.5, "year_range": "unknown"}}, {"type": "Feature", "geometry": {"type": "Point", "coordinates": [-91.136937, 30.430631]}, "properties": {"crashes": 1, "injury": 1, "fatal": 0, "pedestrian": 0, "bicycle": 0, "density": 0.2, "year_range": "unknown"}}, {"type": "Feature", "geometry": {"type": "Point", "coordinates": [-91.138739, 30.428829]}, "properties": {"crashes": 1, "injury": 1, "fatal": 0, "pedestrian": 0, "bicycle": 0, "density": 0.2, "year_range": "unknown"}}, {"type": "Feature", "geometry": {"type": "Point", "coordinates": [-91.138739, 30.432432]}, "properties": {"crashes": 1, "injury": 1, "fatal": 0, "pedestrian": 0, "bicycle": 0, "density": 0.2, "year_range": "unknown"}}, {"type": "Feature", "geometry": {"type": "Point", "coordinates": [-91.138739, 30.423423]}, "properties": {"crashes": 216, "injury": 180, "fatal": 0, "pedestrian": 1, "bicycle": 0, "density": 54.0, "year_range": "unknown"}}, {"type": "Feature", "geometry": {"type": "Point", "coordinates": [-91.158559, 30.425225]}, "properties": {"crashes": 222, "injury": 181, "fatal": 0, "pedestrian": 4, "bicycle": 0, "density": 55.5, "year_range": "unknown"}}, {"type": "Feature", "geometry": {"type": "Point", "coordinates": [-91.156757, 30.423423]}, "properties": {"crashes": 51, "injury": 45, "fatal": 0, "pedestrian": 0, "bicycle": 0, "density": 12.8, "year_range": "unknown"}}, {"type": "Feature", "geometry": {"type": "Point", "coordinates": [-91.158559, 30.423423]}, "properties": {"crashes": 5, "injury": 5, "fatal": 0, "pedestrian": 0, "bicycle": 0, "density": 1.2, "year_range": "unknown"}}, {"type": "Feature", "geometry": {"type": "Point", "coordinates": [-91.140541, 30.421622]}, "properties": {"crashes": 371, "injury": 311, "fatal": 1, "pedestrian": 5, "bicycle": 0, "density": 92.8, "year_range": "unknown"}}, {"type": "Feature", "geometry": {"type": "Point", "coordinates": [-91.140541, 30.41982]}, "properties": {"crashes": 158, "injury": 128, "fatal": 0, "pedestrian": 0, "bicycle": 0, "density": 39.5, "year_range": "unknown"}}, {"type": "Feature", "geometry": {"type": "Point", "coordinates": [-91.142342, 30.421622]}, "properties": {"crashes": 20, "injury": 14, "fatal": 0, "pedestrian": 1, "bicycle": 0, "density": 5.0, "year_range": "unknown"}}, {"type": "Feature", "geometry": {"type": "Point", "coordinates": [-91.142342, 30.41982]}, "properties": {"crashes": 30, "injury": 29, "fatal": 0, "pedestrian": 0, "bicycle": 0, "density": 7.5, "year_range": "unknown"}}, {"type": "Feature", "geometry": {"type": "Point", "coordinates": [-91.142342, 30.418018]}, "properties": {"crashes": 132, "injury": 110, "fatal": 0, "pedestrian": 3, "bicycle": 0, "density": 33.0, "year_range": "unknown"}}, {"type": "Feature", "geometry": {"type": "Point", "coordinates": [-91.14955, 30.421622]}, "properties": {"crashes": 3, "injury": 3, "fatal": 0, "pedestrian": 0, "bicycle": 0, "density": 0.8, "year_range": "unknown"}}, {"type": "Feature", "geometry": {"type": "Point", "coordinates": [-91.14955, 30.41982]}, "properties": {"crashes": 63, "injury": 47, "fatal": 0, "pedestrian": 1, "bicycle": 0, "density": 15.8, "year_range": "unknown"}}, {"type": "Feature", "geometry": {"type": "Point", "coordinates": [-91.147748, 30.41982]}, "properties": {"crashes": 34, "injury": 27, "fatal": 0, "pedestrian": 1, "bicycle": 0, "density": 8.5, "year_range": "unknown"}}, {"type": "Feature", "geometry": {"type": "Point", "coordinates": [-91.144144, 30.418018]}, "properties": {"crashes": 9, "injury": 9, "fatal": 0, "pedestrian": 0, "bicycle": 0, "density": 2.2, "year_range": "unknown"}}, {"type": "Feature", "geometry": {"type": "Point", "coordinates": [-91.144144, 30.416216]}, "properties": {"crashes": 185, "injury": 152, "fatal": 0, "pedestrian": 3, "bicycle": 0, "density": 46.2, "year_range": "unknown"}}, {"type": "Feature", "geometry": {"type": "Point", "coordinates": [-91.142342, 30.416216]}, "properties": {"crashes": 141, "injury": 118, "fatal": 0, "pedestrian": 1, "bicycle": 0, "density": 35.2, "year_range": "unknown"}}, {"type": "Feature", "geometry": {"type": "Point", "coordinates": [-91.151351, 30.423423]}, "properties": {"crashes": 268, "injury": 229, "fatal": 0, "pedestrian": 0, "bicycle": 0, "density": 67.0, "year_range": "unknown"}}, {"type": "Feature", "geometry": {"type": "Point", "coordinates": [-91.151351, 30.421622]}, "properties": {"crashes": 41, "injury": 38, "fatal": 0, "pedestrian": 0, "bicycle": 0, "density": 10.2, "year_range": "unknown"}}, {"type": "Feature", "geometry": {"type": "Point", "coordinates": [-91.153153, 30.421622]}, "properties": {"crashes": 178, "injury": 154, "fatal": 0, "pedestrian": 4, "bicycle": 0, "density": 44.5, "year_range": "unknown"}}, {"type": "Feature", "geometry": {"type": "Point", "coordinates": [-91.153153, 30.423423]}, "properties": {"crashes": 13, "injury": 13, "fatal": 0, "pedestrian": 0, "bicycle": 0, "density": 3.2, "year_range": "unknown"}}, {"type": "Feature", "geometry": {"type": "Point", "coordinates": [-91.154955, 30.423423]}, "properties": {"crashes": 28, "injury": 25, "fatal": 0, "pedestrian": 0, "bicycle": 0, "density": 7.0, "year_range": "unknown"}}, {"type": "Feature", "geometry": {"type": "Point", "coordinates": [-91.154955, 30.421622]}, "properties": {"crashes": 79, "injury": 60, "fatal": 0, "pedestrian": 1, "bicycle": 0, "density": 19.8, "year_range": "unknown"}}, {"type": "Feature", "geometry": {"type": "Point", "coordinates": [-91.147748, 30.418018]}, "properties": {"crashes": 67, "injury": 53, "fatal": 0, "pedestrian": 0, "bicycle": 0, "density": 16.8, "year_range": "unknown"}}, {"type": "Feature", "geometry": {"type": "Point", "coordinates": [-91.145946, 30.418018]}, "properties": {"crashes": 67, "injury": 57, "fatal": 0, "pedestrian": 0, "bicycle": 0, "density": 16.8, "year_range": "unknown"}}, {"type": "Feature", "geometry": {"type": "Point", "coordinates": [-91.145946, 30.41982]}, "properties": {"crashes": 2, "injury": 2, "fatal": 0, "pedestrian": 0, "bicycle": 0, "density": 0.5, "year_range": "unknown"}}, {"type": "Feature", "geometry": {"type": "Point", "coordinates": [-91.16036, 30.427027]}, "properties": {"crashes": 5, "injury": 5, "fatal": 0, "pedestrian": 0, "bicycle": 0, "density": 1.2, "year_range": "unknown"}}, {"type": "Feature", "geometry": {"type": "Point", "coordinates": [-91.158559, 30.427027]}, "properties": {"crashes": 2, "injury": 2, "fatal": 0, "pedestrian": 0, "bicycle": 0, "density": 0.5, "year_range": "unknown"}}, {"type": "Feature", "geometry": {"type": "Point", "coordinates": [-91.154955, 30.427027]}, "properties": {"crashes": 1, "injury": 1, "fatal": 0, "pedestrian": 0, "bicycle": 0, "density": 0.2, "year_range": "unknown"}}, {"type": "Feature", "geometry": {"type": "Point", "coordinates": [-91.147748, 30.427027]}, "properties": {"crashes": 2, "injury": 2, "fatal": 0, "pedestrian": 0, "bicycle": 0, "density": 0.5, "year_range": "unknown"}}, {"type": "Feature", "geometry": {"type": "Point", "coordinates": [-91.147748, 30.423423]}, "properties": {"crashes": 110, "injury": 94, "fatal": 1, "pedestrian": 1, "bicycle": 0, "density": 27.5, "year_range": "unknown"}}, {"type": "Feature", "geometry": {"type": "Point", "coordinates": [-91.14955, 30.423423]}, "properties": {"crashes": 47, "injury": 41, "fatal": 0, "pedestrian": 0, "bicycle": 0, "density": 11.8, "year_range": "unknown"}}, {"type": "Feature", "geometry": {"type": "Point", "coordinates": [-91.151351, 30.41982]}, "properties": {"crashes": 64, "injury": 48, "fatal": 0, "pedestrian": 0, "bicycle": 0, "density": 16.0, "year_range": "unknown"}}, {"type": "Feature", "geometry": {"type": "Point", "coordinates": [-91.144144, 30.41982]}, "properties": {"crashes": 4, "injury": 4, "fatal": 0, "pedestrian": 0, "bicycle": 0, "density": 1.0, "year_range": "unknown"}}, {"type": "Feature", "geometry": {"type": "Point", "coordinates": [-91.144144, 30.421622]}, "properties": {"crashes": 1, "injury": 0, "fatal": 0, "pedestrian": 0, "bicycle": 0, "density": 0.2, "year_range": "unknown"}}, {"type": "Feature", "geometry": {"type": "Point", "coordinates": [-91.147748, 30.421622]}, "properties": {"crashes": 1, "injury": 1, "fatal": 0, "pedestrian": 0, "bicycle": 0, "density": 0.2, "year_range": "unknown"}}, {"type": "Feature", "geometry": {"type": "Point", "coordinates": [-91.133333, 30.428829]}, "properties": {"crashes": 3, "injury": 3, "fatal": 0, "pedestrian": 0, "bicycle": 0, "density": 0.8, "year_range": "unknown"}}, {"type": "Feature", "geometry": {"type": "Point", "coordinates": [-91.133333, 30.427027]}, "properties": {"crashes": 2, "injury": 2, "fatal": 0, "pedestrian": 0, "bicycle": 0, "density": 0.5, "year_range": "unknown"}}, {"type": "Feature", "geometry": {"type": "Point", "coordinates": [-91.135135, 30.427027]}, "properties": {"crashes": 3, "injury": 3, "fatal": 0, "pedestrian": 0, "bicycle": 0, "density": 0.8, "year_range": "unknown"}}, {"type": "Feature", "geometry": {"type": "Point", "coordinates": [-91.131532, 30.428829]}, "properties": {"crashes": 3, "injury": 3, "fatal": 0, "pedestrian": 0, "bicycle": 0, "density": 0.8, "year_range": "unknown"}}, {"type": "Feature", "geometry": {"type": "Point", "coordinates": [-91.131532, 30.432432]}, "properties": {"crashes": 2, "injury": 1, "fatal": 0, "pedestrian": 1, "bicycle": 0, "density": 0.5, "year_range": "unknown"}}, {"type": "Feature", "geometry": {"type": "Point", "coordinates": [-91.12973, 30.425225]}, "properties": {"crashes": 37, "injury": 33, "fatal": 0, "pedestrian": 0, "bicycle": 0, "density": 9.2, "year_range": "unknown"}}, {"type": "Feature", "geometry": {"type": "Point", "coordinates": [-91.131532, 30.425225]}, "properties": {"crashes": 19, "injury": 14, "fatal": 0, "pedestrian": 1, "bicycle": 0, "density": 4.8, "year_range": "unknown"}}, {"type": "Feature", "geometry": {"type": "Point", "coordinates": [-91.12973, 30.423423]}, "properties": {"crashes": 19, "injury": 19, "fatal": 0, "pedestrian": 0, "bicycle": 0, "density": 4.8, "year_range": "unknown"}}, {"type": "Feature", "geometry": {"type": "Point", "coordinates": [-91.127928, 30.423423]}, "properties": {"crashes": 7, "injury": 7, "fatal": 0, "pedestrian": 0, "bicycle": 0, "density": 1.8, "year_range": "unknown"}}, {"type": "Feature", "geometry": {"type": "Point", "coordinates": [-91.135135, 30.425225]}, "properties": {"crashes": 23, "injury": 17, "fatal": 0, "pedestrian": 0, "bicycle": 0, "density": 5.8, "year_range": "unknown"}}, {"type": "Feature", "geometry": {"type": "Point", "coordinates": [-91.133333, 30.425225]}, "properties": {"crashes": 12, "injury": 12, "fatal": 0, "pedestrian": 0, "bicycle": 0, "density": 3.0, "year_range": "unknown"}}, {"type": "Feature", "geometry": {"type": "Point", "coordinates": [-91.136937, 30.423423]}, "properties": {"crashes": 92, "injury": 74, "fatal": 0, "pedestrian": 0, "bicycle": 0, "density": 23.0, "year_range": "unknown"}}, {"type": "Feature", "geometry": {"type": "Point", "coordinates": [-91.135135, 30.423423]}, "properties": {"crashes": 207, "injury": 168, "fatal": 0, "pedestrian": 0, "bicycle": 0, "density": 51.8, "year_range": "unknown"}}, {"type": "Feature", "geometry": {"type": "Point", "coordinates": [-91.133333, 30.423423]}, "properties": {"crashes": 17, "injury": 15, "fatal": 0, "pedestrian": 0, "bicycle": 0, "density": 4.2, "year_range": "unknown"}}, {"type": "Feature", "geometry": {"type": "Point", "coordinates": [-91.131532, 30.423423]}, "properties": {"crashes": 1, "injury": 1, "fatal": 0, "pedestrian": 0, "bicycle": 0, "density": 0.2, "year_range": "unknown"}}, {"type": "Feature", "geometry": {"type": "Point", "coordinates": [-91.124324, 30.421622]}, "properties": {"crashes": 59, "injury": 47, "fatal": 0, "pedestrian": 0, "bicycle": 0, "density": 14.8, "year_range": "unknown"}}, {"type": "Feature", "geometry": {"type": "Point", "coordinates": [-91.138739, 30.421622]}, "properties": {"crashes": 23, "injury": 21, "fatal": 0, "pedestrian": 0, "bicycle": 0, "density": 5.8, "year_range": "unknown"}}, {"type": "Feature", "geometry": {"type": "Point", "coordinates": [-91.136937, 30.421622]}, "properties": {"crashes": 14, "injury": 13, "fatal": 0, "pedestrian": 1, "bicycle": 0, "density": 3.5, "year_range": "unknown"}}, {"type": "Feature", "geometry": {"type": "Point", "coordinates": [-91.138739, 30.416216]}, "properties": {"crashes": 1, "injury": 1, "fatal": 0, "pedestrian": 0, "bicycle": 0, "density": 0.2, "year_range": "unknown"}}, {"type": "Feature", "geometry": {"type": "Point", "coordinates": [-91.140541, 30.418018]}, "properties": {"crashes": 10, "injury": 9, "fatal": 0, "pedestrian": 0, "bicycle": 0, "density": 2.5, "year_range": "unknown"}}, {"type": "Feature", "geometry": {"type": "Point", "coordinates": [-91.138739, 30.41982]}, "properties": {"crashes": 30, "injury": 27, "fatal": 0, "pedestrian": 1, "bicycle": 0, "density": 7.5, "year_range": "unknown"}}, {"type": "Feature", "geometry": {"type": "Point", "coordinates": [-91.12973, 30.421622]}, "properties": {"crashes": 46, "injury": 39, "fatal": 1, "pedestrian": 1, "bicycle": 0, "density": 11.5, "year_range": "unknown"}}, {"type": "Feature", "geometry": {"type": "Point", "coordinates": [-91.127928, 30.421622]}, "properties": {"crashes": 49, "injury": 37, "fatal": 0, "pedestrian": 0, "bicycle": 0, "density": 12.2, "year_range": "unknown"}}, {"type": "Feature", "geometry": {"type": "Point", "coordinates": [-91.136937, 30.414414]}, "properties": {"crashes": 37, "injury": 29, "fatal": 0, "pedestrian": 1, "bicycle": 0, "density": 9.2, "year_range": "unknown"}}, {"type": "Feature", "geometry": {"type": "Point", "coordinates": [-91.138739, 30.414414]}, "properties": {"crashes": 18, "injury": 16, "fatal": 0, "pedestrian": 0, "bicycle": 0, "density": 4.5, "year_range": "unknown"}}, {"type": "Feature", "geometry": {"type": "Point", "coordinates": [-91.136937, 30.412613]}, "properties": {"crashes": 10, "injury": 9, "fatal": 0, "pedestrian": 0, "bicycle": 0, "density": 2.5, "year_range": "unknown"}}, {"type": "Feature", "geometry": {"type": "Point", "coordinates": [-91.140541, 30.416216]}, "properties": {"crashes": 18, "injury": 14, "fatal": 0, "pedestrian": 0, "bicycle": 0, "density": 4.5, "year_range": "unknown"}}, {"type": "Feature", "geometry": {"type": "Point", "coordinates": [-91.140541, 30.414414]}, "properties": {"crashes": 18, "injury": 17, "fatal": 0, "pedestrian": 1, "bicycle": 0, "density": 4.5, "year_range": "unknown"}}, {"type": "Feature", "geometry": {"type": "Point", "coordinates": [-91.135135, 30.421622]}, "properties": {"crashes": 43, "injury": 35, "fatal": 0, "pedestrian": 0, "bicycle": 0, "density": 10.8, "year_range": "unknown"}}, {"type": "Feature", "geometry": {"type": "Point", "coordinates": [-91.133333, 30.421622]}, "properties": {"crashes": 77, "injury": 68, "fatal": 0, "pedestrian": 0, "bicycle": 0, "density": 19.2, "year_range": "unknown"}}, {"type": "Feature", "geometry": {"type": "Point", "coordinates": [-91.131532, 30.421622]}, "properties": {"crashes": 59, "injury": 50, "fatal": 0, "pedestrian": 1, "bicycle": 0, "density": 14.8, "year_range": "unknown"}}, {"type": "Feature", "geometry": {"type": "Point", "coordinates": [-91.126126, 30.421622]}, "properties": {"crashes": 77, "injury": 66, "fatal": 0, "pedestrian": 1, "bicycle": 0, "density": 19.2, "year_range": "unknown"}}, {"type": "Feature", "geometry": {"type": "Point", "coordinates": [-91.133333, 30.414414]}, "properties": {"crashes": 1, "injury": 1, "fatal": 0, "pedestrian": 0, "bicycle": 0, "density": 0.2, "year_range": "unknown"}}, {"type": "Feature", "geometry": {"type": "Point", "coordinates": [-91.131532, 30.414414]}, "properties": {"crashes": 1, "injury": 1, "fatal": 0, "pedestrian": 0, "bicycle": 0, "density": 0.2, "year_range": "unknown"}}, {"type": "Feature", "geometry": {"type": "Point", "coordinates": [-91.135135, 30.416216]}, "properties": {"crashes": 6, "injury": 6, "fatal": 0, "pedestrian": 0, "bicycle": 0, "density": 1.5, "year_range": "unknown"}}, {"type": "Feature", "geometry": {"type": "Point", "coordinates": [-91.131532, 30.418018]}, "properties": {"crashes": 2, "injury": 2, "fatal": 0, "pedestrian": 0, "bicycle": 0, "density": 0.5, "year_range": "unknown"}}, {"type": "Feature", "geometry": {"type": "Point", "coordinates": [-91.131532, 30.41982]}, "properties": {"crashes": 2, "injury": 2, "fatal": 0, "pedestrian": 0, "bicycle": 0, "density": 0.5, "year_range": "unknown"}}, {"type": "Feature", "geometry": {"type": "Point", "coordinates": [-91.135135, 30.41982]}, "properties": {"crashes": 20, "injury": 19, "fatal": 0, "pedestrian": 0, "bicycle": 0, "density": 5.0, "year_range": "unknown"}}, {"type": "Feature", "geometry": {"type": "Point", "coordinates": [-91.133333, 30.41982]}, "properties": {"crashes": 1, "injury": 1, "fatal": 0, "pedestrian": 0, "bicycle": 0, "density": 0.2, "year_range": "unknown"}}, {"type": "Feature", "geometry": {"type": "Point", "coordinates": [-91.12973, 30.41982]}, "properties": {"crashes": 1, "injury": 1, "fatal": 0, "pedestrian": 0, "bicycle": 0, "density": 0.2, "year_range": "unknown"}}, {"type": "Feature", "geometry": {"type": "Point", "coordinates": [-91.12973, 30.416216]}, "properties": {"crashes": 1, "injury": 1, "fatal": 0, "pedestrian": 0, "bicycle": 0, "density": 0.2, "year_range": "unknown"}}, {"type": "Feature", "geometry": {"type": "Point", "coordinates": [-91.127928, 30.41982]}, "properties": {"crashes": 1, "injury": 1, "fatal": 0, "pedestrian": 0, "bicycle": 0, "density": 0.2, "year_range": "unknown"}}, {"type": "Feature", "geometry": {"type": "Point", "coordinates": [-91.135135, 30.414414]}, "properties": {"crashes": 2, "injury": 2, "fatal": 0, "pedestrian": 0, "bicycle": 0, "density": 0.5, "year_range": "unknown"}}, {"type": "Feature", "geometry": {"type": "Point", "coordinates": [-91.136937, 30.41982]}, "properties": {"crashes": 7, "injury": 5, "fatal": 0, "pedestrian": 0, "bicycle": 0, "density": 1.8, "year_range": "unknown"}}, {"type": "Feature", "geometry": {"type": "Point", "coordinates": [-91.138739, 30.418018]}, "properties": {"crashes": 2, "injury": 2, "fatal": 0, "pedestrian": 0, "bicycle": 0, "density": 0.5, "year_range": "unknown"}}, {"type": "Feature", "geometry": {"type": "Point", "coordinates": [-91.127928, 30.416216]}, "properties": {"crashes": 1, "injury": 0, "fatal": 0, "pedestrian": 0, "bicycle": 0, "density": 0.2, "year_range": "unknown"}}, {"type": "Feature", "geometry": {"type": "Point", "coordinates": [-91.126126, 30.418018]}, "properties": {"crashes": 1, "injury": 1, "fatal": 0, "pedestrian": 0, "bicycle": 0, "density": 0.2, "year_range": "unknown"}}, {"type": "Feature", "geometry": {"type": "Point", "coordinates": [-91.133333, 30.416216]}, "properties": {"crashes": 1, "injury": 1, "fatal": 0, "pedestrian": 0, "bicycle": 0, "density": 0.2, "year_range": "unknown"}}, {"type": "Feature", "geometry": {"type": "Point", "coordinates": [-91.131532, 30.416216]}, "properties": {"crashes": 1, "injury": 1, "fatal": 0, "pedestrian": 0, "bicycle": 0, "density": 0.2, "year_range": "unknown"}}, {"type": "Feature", "geometry": {"type": "Point", "coordinates": [-91.133333, 30.418018]}, "properties": {"crashes": 3, "injury": 3, "fatal": 0, "pedestrian": 0, "bicycle": 0, "density": 0.8, "year_range": "unknown"}}, {"type": "Feature", "geometry": {"type": "Point", "coordinates": [-91.104505, 30.418018]}, "properties": {"crashes": 112, "injury": 81, "fatal": 0, "pedestrian": 1, "bicycle": 0, "density": 28.0, "year_range": "unknown"}}, {"type": "Feature", "geometry": {"type": "Point", "coordinates": [-91.111712, 30.418018]}, "properties": {"crashes": 14, "injury": 9, "fatal": 0, "pedestrian": 0, "bicycle": 0, "density": 3.5, "year_range": "unknown"}}, {"type": "Feature", "geometry": {"type": "Point", "coordinates": [-91.10991, 30.418018]}, "properties": {"crashes": 9, "injury": 5, "fatal": 0, "pedestrian": 0, "bicycle": 0, "density": 2.2, "year_range": "unknown"}}, {"type": "Feature", "geometry": {"type": "Point", "coordinates": [-91.113514, 30.418018]}, "properties": {"crashes": 15, "injury": 8, "fatal": 0, "pedestrian": 0, "bicycle": 0, "density": 3.8, "year_range": "unknown"}}, {"type": "Feature", "geometry": {"type": "Point", "coordinates": [-91.10991, 30.41982]}, "properties": {"crashes": 3, "injury": 3, "fatal": 0, "pedestrian": 0, "bicycle": 0, "density": 0.8, "year_range": "unknown"}}, {"type": "Feature", "geometry": {"type": "Point", "coordinates": [-91.111712, 30.41982]}, "properties": {"crashes": 3, "injury": 2, "fatal": 0, "pedestrian": 0, "bicycle": 0, "density": 0.8, "year_range": "unknown"}}, {"type": "Feature", "geometry": {"type": "Point", "coordinates": [-91.117117, 30.418018]}, "properties": {"crashes": 17, "injury": 12, "fatal": 0, "pedestrian": 1, "bicycle": 0, "density": 4.2, "year_range": "unknown"}}, {"type": "Feature", "geometry": {"type": "Point", "coordinates": [-91.115315, 30.418018]}, "properties": {"crashes": 36, "injury": 31, "fatal": 0, "pedestrian": 0, "bicycle": 0, "density": 9.0, "year_range": "unknown"}}, {"type": "Feature", "geometry": {"type": "Point", "coordinates": [-91.117117, 30.41982]}, "properties": {"crashes": 9, "injury": 7, "fatal": 0, "pedestrian": 0, "bicycle": 0, "density": 2.2, "year_range": "unknown"}}, {"type": "Feature", "geometry": {"type": "Point", "coordinates": [-91.115315, 30.41982]}, "properties": {"crashes": 12, "injury": 9, "fatal": 0, "pedestrian": 0, "bicycle": 0, "density": 3.0, "year_range": "unknown"}}, {"type": "Feature", "geometry": {"type": "Point", "coordinates": [-91.118919, 30.41982]}, "properties": {"crashes": 20, "injury": 14, "fatal": 0, "pedestrian": 0, "bicycle": 0, "density": 5.0, "year_range": "unknown"}}, {"type": "Feature", "geometry": {"type": "Point", "coordinates": [-91.120721, 30.41982]}, "properties": {"crashes": 98, "injury": 76, "fatal": 0, "pedestrian": 1, "bicycle": 0, "density": 24.5, "year_range": "unknown"}}, {"type": "Feature", "geometry": {"type": "Point", "coordinates": [-91.122523, 30.41982]}, "properties": {"crashes": 34, "injury": 29, "fatal": 0, "pedestrian": 0, "bicycle": 0, "density": 8.5, "year_range": "unknown"}}, {"type": "Feature", "geometry": {"type": "Point", "coordinates": [-91.122523, 30.421622]}, "properties": {"crashes": 16, "injury": 14, "fatal": 0, "pedestrian": 0, "bicycle": 0, "density": 4.0, "year_range": "unknown"}}, {"type": "Feature", "geometry": {"type": "Point", "coordinates": [-91.106306, 30.418018]}, "properties": {"crashes": 154, "injury": 120, "fatal": 1, "pedestrian": 1, "bicycle": 0, "density": 38.5, "year_range": "unknown"}}, {"type": "Feature", "geometry": {"type": "Point", "coordinates": [-91.108108, 30.418018]}, "properties": {"crashes": 33, "injury": 28, "fatal": 1, "pedestrian": 0, "bicycle": 0, "density": 8.2, "year_range": "unknown"}}, {"type": "Feature", "geometry": {"type": "Point", "coordinates": [-91.102703, 30.418018]}, "properties": {"crashes": 100, "injury": 70, "fatal": 0, "pedestrian": 0, "bicycle": 0, "density": 25.0, "year_range": "unknown"}}, {"type": "Feature", "geometry": {"type": "Point", "coordinates": [-91.100901, 30.418018]}, "properties": {"crashes": 41, "injury": 26, "fatal": 1, "pedestrian": 0, "bicycle": 0, "density": 10.2, "year_range": "unknown"}}, {"type": "Feature", "geometry": {"type": "Point", "coordinates": [-91.113514, 30.416216]}, "properties": {"crashes": 18, "injury": 15, "fatal": 0, "pedestrian": 0, "bicycle": 0, "density": 4.5, "year_range": "unknown"}}, {"type": "Feature", "geometry": {"type": "Point", "coordinates": [-91.111712, 30.416216]}, "properties": {"crashes": 13, "injury": 11, "fatal": 0, "pedestrian": 0, "bicycle": 0, "density": 3.2, "year_range": "unknown"}}, {"type": "Feature", "geometry": {"type": "Point", "coordinates": [-91.111712, 30.414414]}, "properties": {"crashes": 12, "injury": 9, "fatal": 0, "pedestrian": 0, "bicycle": 0, "density": 3.0, "year_range": "unknown"}}, {"type": "Feature", "geometry": {"type": "Point", "coordinates": [-91.10991, 30.414414]}, "properties": {"crashes": 59, "injury": 47, "fatal": 1, "pedestrian": 1, "bicycle": 0, "density": 14.8, "year_range": "unknown"}}, {"type": "Feature", "geometry": {"type": "Point", "coordinates": [-91.091892, 30.416216]}, "properties": {"crashes": 6, "injury": 5, "fatal": 0, "pedestrian": 0, "bicycle": 0, "density": 1.5, "year_range": "unknown"}}, {"type": "Feature", "geometry": {"type": "Point", "coordinates": [-91.093694, 30.416216]}, "properties": {"crashes": 18, "injury": 14, "fatal": 0, "pedestrian": 0, "bicycle": 0, "density": 4.5, "year_range": "unknown"}}, {"type": "Feature", "geometry": {"type": "Point", "coordinates": [-91.093694, 30.418018]}, "properties": {"crashes": 8, "injury": 4, "fatal": 0, "pedestrian": 0, "bicycle": 0, "density": 2.0, "year_range": "unknown"}}, {"type": "Feature", "geometry": {"type": "Point", "coordinates": [-91.108108, 30.414414]}, "properties": {"crashes": 4, "injury": 3, "fatal": 0, "pedestrian": 0, "bicycle": 0, "density": 1.0, "year_range": "unknown"}}, {"type": "Feature", "geometry": {"type": "Point", "coordinates": [-91.108108, 30.412613]}, "properties": {"crashes": 45, "injury": 32, "fatal": 0, "pedestrian": 0, "bicycle": 0, "density": 11.2, "year_range": "unknown"}}, {"type": "Feature", "geometry": {"type": "Point", "coordinates": [-91.10991, 30.412613]}, "properties": {"crashes": 1, "injury": 1, "fatal": 0, "pedestrian": 0, "bicycle": 0, "density": 0.2, "year_range": "unknown"}}, {"type": "Feature", "geometry": {"type": "Point", "coordinates": [-91.106306, 30.412613]}, "properties": {"crashes": 18, "injury": 12, "fatal": 0, "pedestrian": 0, "bicycle": 0, "density": 4.5, "year_range": "unknown"}}, {"type": "Feature", "geometry": {"type": "Point", "coordinates": [-91.106306, 30.410811]}, "properties": {"crashes": 44, "injury": 31, "fatal": 0, "pedestrian": 0, "bicycle": 0, "density": 11.0, "year_range": "unknown"}}, {"type": "Feature", "geometry": {"type": "Point", "coordinates": [-91.104505, 30.410811]}, "properties": {"crashes": 51, "injury": 36, "fatal": 0, "pedestrian": 0, "bicycle": 0, "density": 12.8, "year_range": "unknown"}}, {"type": "Feature", "geometry": {"type": "Point", "coordinates": [-91.104505, 30.409009]}, "properties": {"crashes": 29, "injury": 22, "fatal": 0, "pedestrian": 0, "bicycle": 0, "density": 7.2, "year_range": "unknown"}}, {"type": "Feature", "geometry": {"type": "Point", "coordinates": [-91.100901, 30.409009]}, "properties": {"crashes": 167, "injury": 148, "fatal": 0, "pedestrian": 0, "bicycle": 0, "density": 41.8, "year_range": "unknown"}}, {"type": "Feature", "geometry": {"type": "Point", "coordinates": [-91.102703, 30.409009]}, "properties": {"crashes": 49, "injury": 42, "fatal": 0, "pedestrian": 0, "bicycle": 0, "density": 12.2, "year_range": "unknown"}}, {"type": "Feature", "geometry": {"type": "Point", "coordinates": [-91.100901, 30.407207]}, "properties": {"crashes": 60, "injury": 49, "fatal": 1, "pedestrian": 0, "bicycle": 0, "density": 15.0, "year_range": "unknown"}}, {"type": "Feature", "geometry": {"type": "Point", "coordinates": [-91.118919, 30.418018]}, "properties": {"crashes": 12, "injury": 10, "fatal": 0, "pedestrian": 0, "bicycle": 0, "density": 3.0, "year_range": "unknown"}}, {"type": "Feature", "geometry": {"type": "Point", "coordinates": [-91.097297, 30.418018]}, "properties": {"crashes": 65, "injury": 51, "fatal": 0, "pedestrian": 0, "bicycle": 0, "density": 16.2, "year_range": "unknown"}}, {"type": "Feature", "geometry": {"type": "Point", "coordinates": [-91.099099, 30.416216]}, "properties": {"crashes": 49, "injury": 37, "fatal": 0, "pedestrian": 0, "bicycle": 0, "density": 12.2, "year_range": "unknown"}}, {"type": "Feature", "geometry": {"type": "Point", "coordinates": [-91.097297, 30.416216]}, "properties": {"crashes": 23, "injury": 19, "fatal": 0, "pedestrian": 0, "bicycle": 0, "density": 5.8, "year_range": "unknown"}}, {"type": "Feature", "geometry": {"type": "Point", "coordinates": [-91.099099, 30.414414]}, "properties": {"crashes": 89, "injury": 68, "fatal": 0, "pedestrian": 0, "bicycle": 0, "density": 22.2, "year_range": "unknown"}}, {"type": "Feature", "geometry": {"type": "Point", "coordinates": [-91.099099, 30.418018]}, "properties": {"crashes": 26, "injury": 23, "fatal": 0, "pedestrian": 0, "bicycle": 0, "density": 6.5, "year_range": "unknown"}}, {"type": "Feature", "geometry": {"type": "Point", "coordinates": [-91.099099, 30.412613]}, "properties": {"crashes": 56, "injury": 48, "fatal": 0, "pedestrian": 0, "bicycle": 0, "density": 14.0, "year_range": "unknown"}}, {"type": "Feature", "geometry": {"type": "Point", "coordinates": [-91.100901, 30.410811]}, "properties": {"crashes": 60, "injury": 53, "fatal": 0, "pedestrian": 0, "bicycle": 0, "density": 15.0, "year_range": "unknown"}}, {"type": "Feature", "geometry": {"type": "Point", "coordinates": [-91.100901, 30.405405]}, "properties": {"crashes": 1, "injury": 1, "fatal": 0, "pedestrian": 0, "bicycle": 0, "density": 0.2, "year_range": "unknown"}}, {"type": "Feature", "geometry": {"type": "Point", "coordinates": [-91.099099, 30.407207]}, "properties": {"crashes": 6, "injury": 5, "fatal": 0, "pedestrian": 0, "bicycle": 0, "density": 1.5, "year_range": "unknown"}}, {"type": "Feature", "geometry": {"type": "Point", "coordinates": [-91.099099, 30.405405]}, "properties": {"crashes": 20, "injury": 16, "fatal": 0, "pedestrian": 0, "bicycle": 0, "density": 5.0, "year_range": "unknown"}}, {"type": "Feature", "geometry": {"type": "Point", "coordinates": [-91.095495, 30.403604]}, "properties": {"crashes": 17, "injury": 13, "fatal": 0, "pedestrian": 0, "bicycle": 0, "density": 4.2, "year_range": "unknown"}}, {"type": "Feature", "geometry": {"type": "Point", "coordinates": [-91.095495, 30.401802]}, "properties": {"crashes": 11, "injury": 9, "fatal": 0, "pedestrian": 0, "bicycle": 0, "density": 2.8, "year_range": "unknown"}}, {"type": "Feature", "geometry": {"type": "Point", "coordinates": [-91.120721, 30.418018]}, "properties": {"crashes": 4, "injury": 2, "fatal": 0, "pedestrian": 0, "bicycle": 0, "density": 1.0, "year_range": "unknown"}}, {"type": "Feature", "geometry": {"type": "Point", "coordinates": [-91.097297, 30.403604]}, "properties": {"crashes": 41, "injury": 28, "fatal": 0, "pedestrian": 0, "bicycle": 0, "density": 10.2, "year_range": "unknown"}}, {"type": "Feature", "geometry": {"type": "Point", "coordinates": [-91.093694, 30.401802]}, "properties": {"crashes": 13, "injury": 8, "fatal": 0, "pedestrian": 1, "bicycle": 0, "density": 3.2, "year_range": "unknown"}}, {"type": "Feature", "geometry": {"type": "Point", "coordinates": [-91.093694, 30.4]}, "properties": {"crashes": 1, "injury": 0, "fatal": 0, "pedestrian": 0, "bicycle": 0, "density": 0.2, "year_range": "unknown"}}, {"type": "Feature", "geometry": {"type": "Point", "coordinates": [-91.097297, 30.405405]}, "properties": {"crashes": 20, "injury": 17, "fatal": 0, "pedestrian": 0, "bicycle": 0, "density": 5.0, "year_range": "unknown"}}, {"type": "Feature", "geometry": {"type": "Point", "coordinates": [-91.095495, 30.416216]}, "properties": {"crashes": 32, "injury": 28, "fatal": 0, "pedestrian": 0, "bicycle": 0, "density": 8.0, "year_range": "unknown"}}, {"type": "Feature", "geometry": {"type": "Point", "coordinates": [-91.095495, 30.418018]}, "properties": {"crashes": 2, "injury": 0, "fatal": 0, "pedestrian": 1, "bicycle": 0, "density": 0.5, "year_range": "unknown"}}, {"type": "Feature", "geometry": {"type": "Point", "coordinates": [-91.115315, 30.416216]}, "properties": {"crashes": 1, "injury": 1, "fatal": 0, "pedestrian": 0, "bicycle": 0, "density": 0.2, "year_range": "unknown"}}, {"type": "Feature", "geometry": {"type": "Point", "coordinates": [-91.099099, 30.410811]}, "properties": {"crashes": 2, "injury": 2, "fatal": 0, "pedestrian": 0, "bicycle": 0, "density": 0.5, "year_range": "unknown"}}, {"type": "Feature", "geometry": {"type": "Point", "coordinates": [-91.099099, 30.409009]}, "properties": {"crashes": 2, "injury": 2, "fatal": 0, "pedestrian": 0, "bicycle": 0, "density": 0.5, "year_range": "unknown"}}, {"type": "Feature", "geometry": {"type": "Point", "coordinates": [-91.097297, 30.409009]}, "properties": {"crashes": 1, "injury": 1, "fatal": 0, "pedestrian": 0, "bicycle": 0, "density": 0.2, "year_range": "unknown"}}, {"type": "Feature", "geometry": {"type": "Point", "coordinates": [-91.095495, 30.412613]}, "properties": {"crashes": 1, "injury": 1, "fatal": 0, "pedestrian": 0, "bicycle": 0, "density": 0.2, "year_range": "unknown"}}, {"type": "Feature", "geometry": {"type": "Point", "coordinates": [-91.095495, 30.409009]}, "properties": {"crashes": 2, "injury": 2, "fatal": 0, "pedestrian": 0, "bicycle": 0, "density": 0.5, "year_range": "unknown"}}, {"type": "Feature", "geometry": {"type": "Point", "coordinates": [-91.095495, 30.410811]}, "properties": {"crashes": 1, "injury": 1, "fatal": 0, "pedestrian": 0, "bicycle": 0, "density": 0.2, "year_range": "unknown"}}, {"type": "Feature", "geometry": {"type": "Point", "coordinates": [-91.100901, 30.412613]}, "properties": {"crashes": 2, "injury": 2, "fatal": 0, "pedestrian": 0, "bicycle": 0, "density": 0.5, "year_range": "unknown"}}, {"type": "Feature", "geometry": {"type": "Point", "coordinates": [-91.183784, 30.434234]}, "properties": {"crashes": 42, "injury": 34, "fatal": 0, "pedestrian": 1, "bicycle": 0, "density": 10.5, "year_range": "unknown"}}, {"type": "Feature", "geometry": {"type": "Point", "coordinates": [-91.181982, 30.430631]}, "properties": {"crashes": 33, "injury": 24, "fatal": 0, "pedestrian": 0, "bicycle": 0, "density": 8.2, "year_range": "unknown"}}, {"type": "Feature", "geometry": {"type": "Point", "coordinates": [-91.183784, 30.432432]}, "properties": {"crashes": 2, "injury": 0, "fatal": 0, "pedestrian": 0, "bicycle": 0, "density": 0.5, "year_range": "unknown"}}, {"type": "Feature", "geometry": {"type": "Point", "coordinates": [-91.185586, 30.434234]}, "properties": {"crashes": 17, "injury": 15, "fatal": 0, "pedestrian": 0, "bicycle": 0, "density": 4.2, "year_range": "unknown"}}, {"type": "Feature", "geometry": {"type": "Point", "coordinates": [-91.18018, 30.427027]}, "properties": {"crashes": 14, "injury": 10, "fatal": 0, "pedestrian": 4, "bicycle": 0, "density": 3.5, "year_range": "unknown"}}, {"type": "Feature", "geometry": {"type": "Point", "coordinates": [-91.181982, 30.428829]}, "properties": {"crashes": 3, "injury": 2, "fatal": 0, "pedestrian": 1, "bicycle": 0, "density": 0.8, "year_range": "unknown"}}, {"type": "Feature", "geometry": {"type": "Point", "coordinates": [-91.185586, 30.428829]}, "properties": {"crashes": 2, "injury": 2, "fatal": 0, "pedestrian": 0, "bicycle": 0, "density": 0.5, "year_range": "unknown"}}, {"type": "Feature", "geometry": {"type": "Point", "coordinates": [-91.185586, 30.430631]}, "properties": {"crashes": 1, "injury": 1, "fatal": 0, "pedestrian": 0, "bicycle": 0, "density": 0.2, "year_range": "unknown"}}, {"type": "Feature", "geometry": {"type": "Point", "coordinates": [-91.183784, 30.430631]}, "properties": {"crashes": 2, "injury": 2, "fatal": 0, "pedestrian": 0, "bicycle": 0, "density": 0.5, "year_range": "unknown"}}, {"type": "Feature", "geometry": {"type": "Point", "coordinates": [-91.187387, 30.430631]}, "properties": {"crashes": 12, "injury": 9, "fatal": 0, "pedestrian": 1, "bicycle": 0, "density": 3.0, "year_range": "unknown"}}, {"type": "Feature", "geometry": {"type": "Point", "coordinates": [-91.187387, 30.427027]}, "properties": {"crashes": 7, "injury": 5, "fatal": 0, "pedestrian": 0, "bicycle": 0, "density": 1.8, "year_range": "unknown"}}, {"type": "Feature", "geometry": {"type": "Point", "coordinates": [-91.187387, 30.428829]}, "properties": {"crashes": 13, "injury": 11, "fatal": 0, "pedestrian": 0, "bicycle": 0, "density": 3.2, "year_range": "unknown"}}, {"type": "Feature", "geometry": {"type": "Point", "coordinates": [-91.187387, 30.432432]}, "properties": {"crashes": 26, "injury": 21, "fatal": 0, "pedestrian": 1, "bicycle": 0, "density": 6.5, "year_range": "unknown"}}, {"type": "Feature", "geometry": {"type": "Point", "coordinates": [-91.189189, 30.434234]}, "properties": {"crashes": 6, "injury": 6, "fatal": 0, "pedestrian": 0, "bicycle": 0, "density": 1.5, "year_range": "unknown"}}, {"type": "Feature", "geometry": {"type": "Point", "coordinates": [-91.187387, 30.434234]}, "properties": {"crashes": 98, "injury": 79, "fatal": 0, "pedestrian": 0, "bicycle": 0, "density": 24.5, "year_range": "unknown"}}, {"type": "Feature", "geometry": {"type": "Point", "coordinates": [-91.190991, 30.428829]}, "properties": {"crashes": 2, "injury": 1, "fatal": 0, "pedestrian": 0, "bicycle": 0, "density": 0.5, "year_range": "unknown"}}, {"type": "Feature", "geometry": {"type": "Point", "coordinates": [-91.190991, 30.430631]}, "properties": {"crashes": 3, "injury": 1, "fatal": 0, "pedestrian": 0, "bicycle": 0, "density": 0.8, "year_range": "unknown"}}, {"type": "Feature", "geometry": {"type": "Point", "coordinates": [-91.190991, 30.434234]}, "properties": {"crashes": 10, "injury": 9, "fatal": 0, "pedestrian": 0, "bicycle": 0, "density": 2.5, "year_range": "unknown"}}, {"type": "Feature", "geometry": {"type": "Point", "coordinates": [-91.18018, 30.423423]}, "properties": {"crashes": 3, "injury": 2, "fatal": 0, "pedestrian": 0, "bicycle": 0, "density": 0.8, "year_range": "unknown"}}, {"type": "Feature", "geometry": {"type": "Point", "coordinates": [-91.18018, 30.425225]}, "properties": {"crashes": 27, "injury": 21, "fatal": 0, "pedestrian": 1, "bicycle": 0, "density": 6.8, "year_range": "unknown"}}, {"type": "Feature", "geometry": {"type": "Point", "coordinates": [-91.181982, 30.427027]}, "properties": {"crashes": 1, "injury": 0, "fatal": 0, "pedestrian": 0, "bicycle": 0, "density": 0.2, "year_range": "unknown"}}, {"type": "Feature", "geometry": {"type": "Point", "coordinates": [-91.183784, 30.427027]}, "properties": {"crashes": 2, "injury": 2, "fatal": 0, "pedestrian": 0, "bicycle": 0, "density": 0.5, "year_range": "unknown"}}, {"type": "Feature", "geometry": {"type": "Point", "coordinates": [-91.190991, 30.427027]}, "properties": {"crashes": 3, "injury": 2, "fatal": 0, "pedestrian": 0, "bicycle": 0, "density": 0.8, "year_range": "unknown"}}, {"type": "Feature", "geometry": {"type": "Point", "coordinates": [-91.189189, 30.428829]}, "properties": {"crashes": 1, "injury": 1, "fatal": 0, "pedestrian": 0, "bicycle": 0, "density": 0.2, "year_range": "unknown"}}, {"type": "Feature", "geometry": {"type": "Point", "coordinates": [-91.187387, 30.421622]}, "properties": {"crashes": 48, "injury": 36, "fatal": 1, "pedestrian": 2, "bicycle": 0, "density": 12.0, "year_range": "unknown"}}, {"type": "Feature", "geometry": {"type": "Point", "coordinates": [-91.187387, 30.423423]}, "properties": {"crashes": 44, "injury": 29, "fatal": 0, "pedestrian": 0, "bicycle": 0, "density": 11.0, "year_range": "unknown"}}, {"type": "Feature", "geometry": {"type": "Point", "coordinates": [-91.185586, 30.423423]}, "properties": {"crashes": 7, "injury": 6, "fatal": 0, "pedestrian": 0, "bicycle": 0, "density": 1.8, "year_range": "unknown"}}, {"type": "Feature", "geometry": {"type": "Point", "coordinates": [-91.183784, 30.423423]}, "properties": {"crashes": 16, "injury": 13, "fatal": 0, "pedestrian": 0, "bicycle": 0, "density": 4.0, "year_range": "unknown"}}, {"type": "Feature", "geometry": {"type": "Point", "coordinates": [-91.185586, 30.425225]}, "properties": {"crashes": 2, "injury": 2, "fatal": 0, "pedestrian": 0, "bicycle": 0, "density": 0.5, "year_range": "unknown"}}, {"type": "Feature", "geometry": {"type": "Point", "coordinates": [-91.178378, 30.421622]}, "properties": {"crashes": 57, "injury": 49, "fatal": 0, "pedestrian": 2, "bicycle": 0, "density": 14.2, "year_range": "unknown"}}, {"type": "Feature", "geometry": {"type": "Point", "coordinates": [-91.18018, 30.421622]}, "properties": {"crashes": 6, "injury": 5, "fatal": 0, "pedestrian": 1, "bicycle": 0, "density": 1.5, "year_range": "unknown"}}, {"type": "Feature", "geometry": {"type": "Point", "coordinates": [-91.178378, 30.423423]}, "properties": {"crashes": 19, "injury": 15, "fatal": 1, "pedestrian": 1, "bicycle": 0, "density": 4.8, "year_range": "unknown"}}, {"type": "Feature", "geometry": {"type": "Point", "coordinates": [-91.183784, 30.425225]}, "properties": {"crashes": 6, "injury": 6, "fatal": 0, "pedestrian": 0, "bicycle": 0, "density": 1.5, "year_range": "unknown"}}, {"type": "Feature", "geometry": {"type": "Point", "coordinates": [-91.183784, 30.421622]}, "properties": {"crashes": 7, "injury": 6, "fatal": 0, "pedestrian": 0, "bicycle": 0, "density": 1.8, "year_range": "unknown"}}, {"type": "Feature", "geometry": {"type": "Point", "coordinates": [-91.181982, 30.423423]}, "properties": {"crashes": 1, "injury": 0, "fatal": 0, "pedestrian": 1, "bicycle": 0, "density": 0.2, "year_range": "unknown"}}, {"type": "Feature", "geometry": {"type": "Point", "coordinates": [-91.181982, 30.421622]}, "properties": {"crashes": 2, "injury": 0, "fatal": 0, "pedestrian": 1, "bicycle": 0, "density": 0.5, "year_range": "unknown"}}, {"type": "Feature", "geometry": {"type": "Point", "coordinates": [-91.178378, 30.41982]}, "properties": {"crashes": 20, "injury": 18, "fatal": 0, "pedestrian": 3, "bicycle": 0, "density": 5.0, "year_range": "unknown"}}, {"type": "Feature", "geometry": {"type": "Point", "coordinates": [-91.189189, 30.423423]}, "properties": {"crashes": 1, "injury": 1, "fatal": 0, "pedestrian": 0, "bicycle": 0, "density": 0.2, "year_range": "unknown"}}, {"type": "Feature", "geometry": {"type": "Point", "coordinates": [-91.189189, 30.421622]}, "properties": {"crashes": 3, "injury": 2, "fatal": 1, "pedestrian": 1, "bicycle": 0, "density": 0.8, "year_range": "unknown"}}, {"type": "Feature", "geometry": {"type": "Point", "coordinates": [-91.189189, 30.41982]}, "properties": {"crashes": 7, "injury": 6, "fatal": 0, "pedestrian": 0, "bicycle": 0, "density": 1.8, "year_range": "unknown"}}, {"type": "Feature", "geometry": {"type": "Point", "coordinates": [-91.187387, 30.425225]}, "properties": {"crashes": 8, "injury": 8, "fatal": 0, "pedestrian": 0, "bicycle": 0, "density": 2.0, "year_range": "unknown"}}, {"type": "Feature", "geometry": {"type": "Point", "coordinates": [-91.187387, 30.41982]}, "properties": {"crashes": 81, "injury": 64, "fatal": 1, "pedestrian": 2, "bicycle": 0, "density": 20.2, "year_range": "unknown"}}, {"type": "Feature", "geometry": {"type": "Point", "coordinates": [-91.194595, 30.41982]}, "properties": {"crashes": 12, "injury": 8, "fatal": 0, "pedestrian": 0, "bicycle": 0, "density": 3.0, "year_range": "unknown"}}, {"type": "Feature", "geometry": {"type": "Point", "coordinates": [-91.192793, 30.41982]}, "properties": {"crashes": 6, "injury": 4, "fatal": 0, "pedestrian": 1, "bicycle": 0, "density": 1.5, "year_range": "unknown"}}, {"type": "Feature", "geometry": {"type": "Point", "coordinates": [-91.192793, 30.421622]}, "properties": {"crashes": 9, "injury": 5, "fatal": 0, "pedestrian": 0, "bicycle": 0, "density": 2.2, "year_range": "unknown"}}, {"type": "Feature", "geometry": {"type": "Point", "coordinates": [-91.192793, 30.423423]}, "properties": {"crashes": 11, "injury": 10, "fatal": 0, "pedestrian": 0, "bicycle": 0, "density": 2.8, "year_range": "unknown"}}, {"type": "Feature", "geometry": {"type": "Point", "coordinates": [-91.190991, 30.421622]}, "properties": {"crashes": 3, "injury": 2, "fatal": 0, "pedestrian": 0, "bicycle": 0, "density": 0.8, "year_range": "unknown"}}, {"type": "Feature", "geometry": {"type": "Point", "coordinates": [-91.185586, 30.41982]}, "properties": {"crashes": 18, "injury": 16, "fatal": 0, "pedestrian": 0, "bicycle": 0, "density": 4.5, "year_range": "unknown"}}, {"type": "Feature", "geometry": {"type": "Point", "coordinates": [-91.185586, 30.421622]}, "properties": {"crashes": 6, "injury": 5, "fatal": 0, "pedestrian": 0, "bicycle": 0, "density": 1.5, "year_range": "unknown"}}, {"type": "Feature", "geometry": {"type": "Point", "coordinates": [-91.176577, 30.41982]}, "properties": {"crashes": 55, "injury": 45, "fatal": 0, "pedestrian": 1, "bicycle": 0, "density": 13.8, "year_range": "unknown"}}, {"type": "Feature", "geometry": {"type": "Point", "coordinates": [-91.187387, 30.418018]}, "properties": {"crashes": 20, "injury": 13, "fatal": 0, "pedestrian": 0, "bicycle": 0, "density": 5.0, "year_range": "unknown"}}, {"type": "Feature", "geometry": {"type": "Point", "coordinates": [-91.176577, 30.418018]}, "properties": {"crashes": 173, "injury": 155, "fatal": 0, "pedestrian": 6, "bicycle": 0, "density": 43.2, "year_range": "unknown"}}, {"type": "Feature", "geometry": {"type": "Point", "coordinates": [-91.176577, 30.416216]}, "properties": {"crashes": 5, "injury": 5, "fatal": 0, "pedestrian": 0, "bicycle": 0, "density": 1.2, "year_range": "unknown"}}, {"type": "Feature", "geometry": {"type": "Point", "coordinates": [-91.185586, 30.418018]}, "properties": {"crashes": 13, "injury": 13, "fatal": 0, "pedestrian": 0, "bicycle": 0, "density": 3.2, "year_range": "unknown"}}, {"type": "Feature", "geometry": {"type": "Point", "coordinates": [-91.183784, 30.418018]}, "properties": {"crashes": 16, "injury": 16, "fatal": 0, "pedestrian": 0, "bicycle": 0, "density": 4.0, "year_range": "unknown"}}, {"type": "Feature", "geometry": {"type": "Point", "coordinates": [-91.183784, 30.41982]}, "properties": {"crashes": 7, "injury": 7, "fatal": 0, "pedestrian": 0, "bicycle": 0, "density": 1.8, "year_range": "unknown"}}, {"type": "Feature", "geometry": {"type": "Point", "coordinates": [-91.18018, 30.41982]}, "properties": {"crashes": 1, "injury": 1, "fatal": 0, "pedestrian": 0, "bicycle": 0, "density": 0.2, "year_range": "unknown"}}, {"type": "Feature", "geometry": {"type": "Point", "coordinates": [-91.178378, 30.418018]}, "properties": {"crashes": 10, "injury": 8, "fatal": 0, "pedestrian": 2, "bicycle": 0, "density": 2.5, "year_range": "unknown"}}, {"type": "Feature", "geometry": {"type": "Point", "coordinates": [-91.190991, 30.41982]}, "properties": {"crashes": 3, "injury": 3, "fatal": 0, "pedestrian": 0, "bicycle": 0, "density": 0.8, "year_range": "unknown"}}, {"type": "Feature", "geometry": {"type": "Point", "coordinates": [-91.190991, 30.418018]}, "properties": {"crashes": 3, "injury": 3, "fatal": 0, "pedestrian": 0, "bicycle": 0, "density": 0.8, "year_range": "unknown"}}, {"type": "Feature", "geometry": {"type": "Point", "coordinates": [-91.189189, 30.418018]}, "properties": {"crashes": 5, "injury": 5, "fatal": 0, "pedestrian": 0, "bicycle": 0, "density": 1.2, "year_range": "unknown"}}, {"type": "Feature", "geometry": {"type": "Point", "coordinates": [-91.172973, 30.405405]}, "properties": {"crashes": 34, "injury": 25, "fatal": 1, "pedestrian": 2, "bicycle": 0, "density": 8.5, "year_range": "unknown"}}, {"type": "Feature", "geometry": {"type": "Point", "coordinates": [-91.174775, 30.405405]}, "properties": {"crashes": 1, "injury": 1, "fatal": 0, "pedestrian": 0, "bicycle": 0, "density": 0.2, "year_range": "unknown"}}, {"type": "Feature", "geometry": {"type": "Point", "coordinates": [-91.176577, 30.410811]}, "properties": {"crashes": 1, "injury": 1, "fatal": 0, "pedestrian": 0, "bicycle": 0, "density": 0.2, "year_range": "unknown"}}, {"type": "Feature", "geometry": {"type": "Point", "coordinates": [-91.176577, 30.414414]}, "properties": {"crashes": 1, "injury": 0, "fatal": 0, "pedestrian": 0, "bicycle": 0, "density": 0.2, "year_range": "unknown"}}, {"type": "Feature", "geometry": {"type": "Point", "coordinates": [-91.174775, 30.403604]}, "properties": {"crashes": 29, "injury": 26, "fatal": 0, "pedestrian": 0, "bicycle": 0, "density": 7.2, "year_range": "unknown"}}, {"type": "Feature", "geometry": {"type": "Point", "coordinates": [-91.176577, 30.403604]}, "properties": {"crashes": 7, "injury": 7, "fatal": 0, "pedestrian": 0, "bicycle": 0, "density": 1.8, "year_range": "unknown"}}, {"type": "Feature", "geometry": {"type": "Point", "coordinates": [-91.176577, 30.401802]}, "properties": {"crashes": 116, "injury": 96, "fatal": 0, "pedestrian": 2, "bicycle": 0, "density": 29.0, "year_range": "unknown"}}, {"type": "Feature", "geometry": {"type": "Point", "coordinates": [-91.174775, 30.401802]}, "properties": {"crashes": 26, "injury": 23, "fatal": 0, "pedestrian": 0, "bicycle": 0, "density": 6.5, "year_range": "unknown"}}, {"type": "Feature", "geometry": {"type": "Point", "coordinates": [-91.174775, 30.4]}, "properties": {"crashes": 154, "injury": 128, "fatal": 0, "pedestrian": 4, "bicycle": 0, "density": 38.5, "year_range": "unknown"}}, {"type": "Feature", "geometry": {"type": "Point", "coordinates": [-91.176577, 30.4]}, "properties": {"crashes": 9, "injury": 8, "fatal": 0, "pedestrian": 0, "bicycle": 0, "density": 2.2, "year_range": "unknown"}}, {"type": "Feature", "geometry": {"type": "Point", "coordinates": [-91.178378, 30.398198]}, "properties": {"crashes": 66, "injury": 54, "fatal": 0, "pedestrian": 2, "bicycle": 0, "density": 16.5, "year_range": "unknown"}}, {"type": "Feature", "geometry": {"type": "Point", "coordinates": [-91.18018, 30.398198]}, "properties": {"crashes": 13, "injury": 9, "fatal": 0, "pedestrian": 0, "bicycle": 0, "density": 3.2, "year_range": "unknown"}}, {"type": "Feature", "geometry": {"type": "Point", "coordinates": [-91.198198, 30.392793]}, "properties": {"crashes": 1, "injury": 1, "fatal": 0, "pedestrian": 0, "bicycle": 0, "density": 0.2, "year_range": "unknown"}}, {"type": "Feature", "geometry": {"type": "Point", "coordinates": [-91.196396, 30.390991]}, "properties": {"crashes": 1, "injury": 1, "fatal": 0, "pedestrian": 0, "bicycle": 0, "density": 0.2, "year_range": "unknown"}}, {"type": "Feature", "geometry": {"type": "Point", "coordinates": [-91.192793, 30.390991]}, "properties": {"crashes": 7, "injury": 7, "fatal": 0, "pedestrian": 0, "bicycle": 0, "density": 1.8, "year_range": "unknown"}}, {"type": "Feature", "geometry": {"type": "Point", "coordinates": [-91.190991, 30.389189]}, "properties": {"crashes": 2, "injury": 1, "fatal": 0, "pedestrian": 0, "bicycle": 0, "density": 0.5, "year_range": "unknown"}}, {"type": "Feature", "geometry": {"type": "Point", "coordinates": [-91.190991, 30.394595]}, "properties": {"crashes": 1, "injury": 1, "fatal": 0, "pedestrian": 0, "bicycle": 0, "density": 0.2, "year_range": "unknown"}}, {"type": "Feature", "geometry": {"type": "Point", "coordinates": [-91.210811, 30.389189]}, "properties": {"crashes": 2, "injury": 2, "fatal": 0, "pedestrian": 0, "bicycle": 0, "density": 0.5, "year_range": "unknown"}}, {"type": "Feature", "geometry": {"type": "Point", "coordinates": [-91.210811, 30.390991]}, "properties": {"crashes": 1, "injury": 1, "fatal": 0, "pedestrian": 0, "bicycle": 0, "density": 0.2, "year_range": "unknown"}}, {"type": "Feature", "geometry": {"type": "Point", "coordinates": [-91.209009, 30.389189]}, "properties": {"crashes": 2, "injury": 2, "fatal": 0, "pedestrian": 0, "bicycle": 0, "density": 0.5, "year_range": "unknown"}}, {"type": "Feature", "geometry": {"type": "Point", "coordinates": [-91.209009, 30.390991]}, "properties": {"crashes": 1, "injury": 1, "fatal": 0, "pedestrian": 0, "bicycle": 0, "density": 0.2, "year_range": "unknown"}}, {"type": "Feature", "geometry": {"type": "Point", "coordinates": [-91.207207, 30.390991]}, "properties": {"crashes": 4, "injury": 4, "fatal": 0, "pedestrian": 0, "bicycle": 0, "density": 1.0, "year_range": "unknown"}}, {"type": "Feature", "geometry": {"type": "Point", "coordinates": [-91.207207, 30.392793]}, "properties": {"crashes": 6, "injury": 6, "fatal": 0, "pedestrian": 0, "bicycle": 0, "density": 1.5, "year_range": "unknown"}}, {"type": "Feature", "geometry": {"type": "Point", "coordinates": [-91.207207, 30.394595]}, "properties": {"crashes": 3, "injury": 3, "fatal": 0, "pedestrian": 0, "bicycle": 0, "density": 0.8, "year_range": "unknown"}}, {"type": "Feature", "geometry": {"type": "Point", "coordinates": [-91.203604, 30.394595]}, "properties": {"crashes": 3, "injury": 3, "fatal": 0, "pedestrian": 0, "bicycle": 0, "density": 0.8, "year_range": "unknown"}}, {"type": "Feature", "geometry": {"type": "Point", "coordinates": [-91.201802, 30.392793]}, "properties": {"crashes": 3, "injury": 3, "fatal": 0, "pedestrian": 0, "bicycle": 0, "density": 0.8, "year_range": "unknown"}}, {"type": "Feature", "geometry": {"type": "Point", "coordinates": [-91.2, 30.392793]}, "properties": {"crashes": 2, "injury": 2, "fatal": 0, "pedestrian": 0, "bicycle": 0, "density": 0.5, "year_range": "unknown"}}, {"type": "Feature", "geometry": {"type": "Point", "coordinates": [-91.194595, 30.416216]}, "properties": {"crashes": 2, "injury": 1, "fatal": 0, "pedestrian": 0, "bicycle": 0, "density": 0.5, "year_range": "unknown"}}, {"type": "Feature", "geometry": {"type": "Point", "coordinates": [-91.194595, 30.414414]}, "properties": {"crashes": 3, "injury": 3, "fatal": 0, "pedestrian": 0, "bicycle": 0, "density": 0.8, "year_range": "unknown"}}, {"type": "Feature", "geometry": {"type": "Point", "coordinates": [-91.194595, 30.418018]}, "properties": {"crashes": 10, "injury": 9, "fatal": 0, "pedestrian": 2, "bicycle": 0, "density": 2.5, "year_range": "unknown"}}, {"type": "Feature", "geometry": {"type": "Point", "coordinates": [-91.187387, 30.405405]}, "properties": {"crashes": 1, "injury": 1, "fatal": 0, "pedestrian": 0, "bicycle": 0, "density": 0.2, "year_range": "unknown"}}, {"type": "Feature", "geometry": {"type": "Point", "coordinates": [-91.187387, 30.414414]}, "properties": {"crashes": 2, "injury": 1, "fatal": 0, "pedestrian": 0, "bicycle": 0, "density": 0.5, "year_range": "unknown"}}, {"type": "Feature", "geometry": {"type": "Point", "coordinates": [-91.187387, 30.412613]}, "properties": {"crashes": 1, "injury": 1, "fatal": 0, "pedestrian": 0, "bicycle": 0, "density": 0.2, "year_range": "unknown"}}, {"type": "Feature", "geometry": {"type": "Point", "coordinates": [-91.185586, 30.410811]}, "properties": {"crashes": 5, "injury": 4, "fatal": 0, "pedestrian": 0, "bicycle": 0, "density": 1.2, "year_range": "unknown"}}, {"type": "Feature", "geometry": {"type": "Point", "coordinates": [-91.185586, 30.409009]}, "properties": {"crashes": 4, "injury": 4, "fatal": 2, "pedestrian": 0, "bicycle": 0, "density": 1.0, "year_range": "unknown"}}, {"type": "Feature", "geometry": {"type": "Point", "coordinates": [-91.185586, 30.407207]}, "properties": {"crashes": 16, "injury": 16, "fatal": 0, "pedestrian": 0, "bicycle": 0, "density": 4.0, "year_range": "unknown"}}, {"type": "Feature", "geometry": {"type": "Point", "coordinates": [-91.183784, 30.405405]}, "properties": {"crashes": 15, "injury": 9, "fatal": 0, "pedestrian": 0, "bicycle": 0, "density": 3.8, "year_range": "unknown"}}, {"type": "Feature", "geometry": {"type": "Point", "coordinates": [-91.178378, 30.403604]}, "properties": {"crashes": 30, "injury": 20, "fatal": 0, "pedestrian": 0, "bicycle": 0, "density": 7.5, "year_range": "unknown"}}, {"type": "Feature", "geometry": {"type": "Point", "coordinates": [-91.176577, 30.405405]}, "properties": {"crashes": 1, "injury": 1, "fatal": 0, "pedestrian": 0, "bicycle": 0, "density": 0.2, "year_range": "unknown"}}, {"type": "Feature", "geometry": {"type": "Point", "coordinates": [-91.178378, 30.407207]}, "properties": {"crashes": 1, "injury": 1, "fatal": 0, "pedestrian": 0, "bicycle": 0, "density": 0.2, "year_range": "unknown"}}, {"type": "Feature", "geometry": {"type": "Point", "coordinates": [-91.181982, 30.401802]}, "properties": {"crashes": 18, "injury": 18, "fatal": 0, "pedestrian": 1, "bicycle": 0, "density": 4.5, "year_range": "unknown"}}, {"type": "Feature", "geometry": {"type": "Point", "coordinates": [-91.18018, 30.403604]}, "properties": {"crashes": 15, "injury": 13, "fatal": 0, "pedestrian": 1, "bicycle": 0, "density": 3.8, "year_range": "unknown"}}, {"type": "Feature", "geometry": {"type": "Point", "coordinates": [-91.181982, 30.403604]}, "properties": {"crashes": 21, "injury": 18, "fatal": 0, "pedestrian": 1, "bicycle": 0, "density": 5.2, "year_range": "unknown"}}, {"type": "Feature", "geometry": {"type": "Point", "coordinates": [-91.178378, 30.401802]}, "properties": {"crashes": 18, "injury": 16, "fatal": 0, "pedestrian": 0, "bicycle": 0, "density": 4.5, "year_range": "unknown"}}, {"type": "Feature", "geometry": {"type": "Point", "coordinates": [-91.178378, 30.4]}, "properties": {"crashes": 5, "injury": 4, "fatal": 0, "pedestrian": 0, "bicycle": 0, "density": 1.2, "year_range": "unknown"}}, {"type": "Feature", "geometry": {"type": "Point", "coordinates": [-91.18018, 30.4]}, "properties": {"crashes": 25, "injury": 20, "fatal": 0, "pedestrian": 1, "bicycle": 0, "density": 6.2, "year_range": "unknown"}}, {"type": "Feature", "geometry": {"type": "Point", "coordinates": [-91.18018, 30.401802]}, "properties": {"crashes": 2, "injury": 1, "fatal": 0, "pedestrian": 0, "bicycle": 0, "density": 0.5, "year_range": "unknown"}}, {"type": "Feature", "geometry": {"type": "Point", "coordinates": [-91.205405, 30.394595]}, "properties": {"crashes": 58, "injury": 43, "fatal": 1, "pedestrian": 0, "bicycle": 0, "density": 14.5, "year_range": "unknown"}}, {"type": "Feature", "geometry": {"type": "Point", "coordinates": [-91.205405, 30.396396]}, "properties": {"crashes": 1, "injury": 0, "fatal": 0, "pedestrian": 0, "bicycle": 0, "density": 0.2, "year_range": "unknown"}}, {"type": "Feature", "geometry": {"type": "Point", "coordinates": [-91.201802, 30.4]}, "properties": {"crashes": 1, "injury": 1, "fatal": 0, "pedestrian": 0, "bicycle": 0, "density": 0.2, "year_range": "unknown"}}, {"type": "Feature", "geometry": {"type": "Point", "coordinates": [-91.2, 30.405405]}, "properties": {"crashes": 1, "injury": 0, "fatal": 0, "pedestrian": 0, "bicycle": 0, "density": 0.2, "year_range": "unknown"}}, {"type": "Feature", "geometry": {"type": "Point", "coordinates": [-91.198198, 30.407207]}, "properties": {"crashes": 3, "injury": 3, "fatal": 0, "pedestrian": 0, "bicycle": 0, "density": 0.8, "year_range": "unknown"}}, {"type": "Feature", "geometry": {"type": "Point", "coordinates": [-91.198198, 30.409009]}, "properties": {"crashes": 1, "injury": 1, "fatal": 0, "pedestrian": 0, "bicycle": 0, "density": 0.2, "year_range": "unknown"}}, {"type": "Feature", "geometry": {"type": "Point", "coordinates": [-91.196396, 30.412613]}, "properties": {"crashes": 4, "injury": 4, "fatal": 0, "pedestrian": 1, "bicycle": 0, "density": 1.0, "year_range": "unknown"}}, {"type": "Feature", "geometry": {"type": "Point", "coordinates": [-91.183784, 30.403604]}, "properties": {"crashes": 12, "injury": 10, "fatal": 0, "pedestrian": 1, "bicycle": 0, "density": 3.0, "year_range": "unknown"}}, {"type": "Feature", "geometry": {"type": "Point", "coordinates": [-91.203604, 30.389189]}, "properties": {"crashes": 2, "injury": 2, "fatal": 0, "pedestrian": 0, "bicycle": 0, "density": 0.5, "year_range": "unknown"}}, {"type": "Feature", "geometry": {"type": "Point", "coordinates": [-91.205405, 30.390991]}, "properties": {"crashes": 1, "injury": 1, "fatal": 0, "pedestrian": 0, "bicycle": 0, "density": 0.2, "year_range": "unknown"}}, {"type": "Feature", "geometry": {"type": "Point", "coordinates": [-91.203604, 30.390991]}, "properties": {"crashes": 2, "injury": 2, "fatal": 0, "pedestrian": 0, "bicycle": 0, "density": 0.5, "year_range": "unknown"}}, {"type": "Feature", "geometry": {"type": "Point", "coordinates": [-91.203604, 30.392793]}, "properties": {"crashes": 1, "injury": 1, "fatal": 0, "pedestrian": 0, "bicycle": 0, "density": 0.2, "year_range": "unknown"}}, {"type": "Feature", "geometry": {"type": "Point", "coordinates": [-91.172973, 30.403604]}, "properties": {"crashes": 83, "injury": 74, "fatal": 0, "pedestrian": 1, "bicycle": 0, "density": 20.8, "year_range": "unknown"}}, {"type": "Feature", "geometry": {"type": "Point", "coordinates": [-91.171171, 30.403604]}, "properties": {"crashes": 5, "injury": 5, "fatal": 0, "pedestrian": 0, "bicycle": 0, "density": 1.2, "year_range": "unknown"}}, {"type": "Feature", "geometry": {"type": "Point", "coordinates": [-91.171171, 30.401802]}, "properties": {"crashes": 78, "injury": 63, "fatal": 0, "pedestrian": 2, "bicycle": 0, "density": 19.5, "year_range": "unknown"}}, {"type": "Feature", "geometry": {"type": "Point", "coordinates": [-91.165766, 30.398198]}, "properties": {"crashes": 11, "injury": 9, "fatal": 0, "pedestrian": 0, "bicycle": 0, "density": 2.8, "year_range": "unknown"}}, {"type": "Feature", "geometry": {"type": "Point", "coordinates": [-91.158559, 30.392793]}, "properties": {"crashes": 28, "injury": 20, "fatal": 0, "pedestrian": 0, "bicycle": 0, "density": 7.0, "year_range": "unknown"}}, {"type": "Feature", "geometry": {"type": "Point", "coordinates": [-91.16036, 30.394595]}, "properties": {"crashes": 237, "injury": 207, "fatal": 0, "pedestrian": 5, "bicycle": 0, "density": 59.2, "year_range": "unknown"}}, {"type": "Feature", "geometry": {"type": "Point", "coordinates": [-91.162162, 30.394595]}, "properties": {"crashes": 21, "injury": 17, "fatal": 0, "pedestrian": 0, "bicycle": 0, "density": 5.2, "year_range": "unknown"}}, {"type": "Feature", "geometry": {"type": "Point", "coordinates": [-91.162162, 30.390991]}, "properties": {"crashes": 225, "injury": 181, "fatal": 0, "pedestrian": 5, "bicycle": 0, "density": 56.2, "year_range": "unknown"}}, {"type": "Feature", "geometry": {"type": "Point", "coordinates": [-91.162162, 30.392793]}, "properties": {"crashes": 46, "injury": 38, "fatal": 0, "pedestrian": 1, "bicycle": 0, "density": 11.5, "year_range": "unknown"}}, {"type": "Feature", "geometry": {"type": "Point", "coordinates": [-91.16036, 30.392793]}, "properties": {"crashes": 49, "injury": 37, "fatal": 0, "pedestrian": 0, "bicycle": 0, "density": 12.2, "year_range": "unknown"}}, {"type": "Feature", "geometry": {"type": "Point", "coordinates": [-91.162162, 30.396396]}, "properties": {"crashes": 25, "injury": 20, "fatal": 0, "pedestrian": 1, "bicycle": 0, "density": 6.2, "year_range": "unknown"}}, {"type": "Feature", "geometry": {"type": "Point", "coordinates": [-91.163964, 30.396396]}, "properties": {"crashes": 27, "injury": 16, "fatal": 0, "pedestrian": 1, "bicycle": 0, "density": 6.8, "year_range": "unknown"}}, {"type": "Feature", "geometry": {"type": "Point", "coordinates": [-91.163964, 30.398198]}, "properties": {"crashes": 4, "injury": 2, "fatal": 0, "pedestrian": 0, "bicycle": 0, "density": 1.0, "year_range": "unknown"}}, {"type": "Feature", "geometry": {"type": "Point", "coordinates": [-91.165766, 30.390991]}, "properties": {"crashes": 29, "injury": 26, "fatal": 0, "pedestrian": 0, "bicycle": 0, "density": 7.2, "year_range": "unknown"}}, {"type": "Feature", "geometry": {"type": "Point", "coordinates": [-91.163964, 30.390991]}, "properties": {"crashes": 57, "injury": 50, "fatal": 0, "pedestrian": 0, "bicycle": 0, "density": 14.2, "year_range": "unknown"}}, {"type": "Feature", "geometry": {"type": "Point", "coordinates": [-91.163964, 30.392793]}, "properties": {"crashes": 24, "injury": 19, "fatal": 0, "pedestrian": 0, "bicycle": 0, "density": 6.0, "year_range": "unknown"}}, {"type": "Feature", "geometry": {"type": "Point", "coordinates": [-91.169369, 30.4]}, "properties": {"crashes": 4, "injury": 2, "fatal": 0, "pedestrian": 0, "bicycle": 0, "density": 1.0, "year_range": "unknown"}}, {"type": "Feature", "geometry": {"type": "Point", "coordinates": [-91.169369, 30.401802]}, "properties": {"crashes": 19, "injury": 15, "fatal": 0, "pedestrian": 0, "bicycle": 0, "density": 4.8, "year_range": "unknown"}}, {"type": "Feature", "geometry": {"type": "Point", "coordinates": [-91.167568, 30.4]}, "properties": {"crashes": 13, "injury": 10, "fatal": 0, "pedestrian": 0, "bicycle": 0, "density": 3.2, "year_range": "unknown"}}, {"type": "Feature", "geometry": {"type": "Point", "coordinates": [-91.172973, 30.401802]}, "properties": {"crashes": 9, "injury": 9, "fatal": 0, "pedestrian": 0, "bicycle": 0, "density": 2.2, "year_range": "unknown"}}, {"type": "Feature", "geometry": {"type": "Point", "coordinates": [-91.174775, 30.390991]}, "properties": {"crashes": 12, "injury": 10, "fatal": 1, "pedestrian": 1, "bicycle": 0, "density": 3.0, "year_range": "unknown"}}, {"type": "Feature", "geometry": {"type": "Point", "coordinates": [-91.172973, 30.390991]}, "properties": {"crashes": 21, "injury": 21, "fatal": 0, "pedestrian": 0, "bicycle": 0, "density": 5.2, "year_range": "unknown"}}, {"type": "Feature", "geometry": {"type": "Point", "coordinates": [-91.176577, 30.398198]}, "properties": {"crashes": 5, "injury": 5, "fatal": 0, "pedestrian": 0, "bicycle": 0, "density": 1.2, "year_range": "unknown"}}, {"type": "Feature", "geometry": {"type": "Point", "coordinates": [-91.163964, 30.385586]}, "properties": {"crashes": 7, "injury": 7, "fatal": 0, "pedestrian": 0, "bicycle": 0, "density": 1.8, "year_range": "unknown"}}, {"type": "Feature", "geometry": {"type": "Point", "coordinates": [-91.163964, 30.387387]}, "properties": {"crashes": 10, "injury": 8, "fatal": 0, "pedestrian": 0, "bicycle": 0, "density": 2.5, "year_range": "unknown"}}, {"type": "Feature", "geometry": {"type": "Point", "coordinates": [-91.162162, 30.387387]}, "properties": {"crashes": 21, "injury": 20, "fatal": 0, "pedestrian": 0, "bicycle": 0, "density": 5.2, "year_range": "unknown"}}, {"type": "Feature", "geometry": {"type": "Point", "coordinates": [-91.162162, 30.385586]}, "properties": {"crashes": 4, "injury": 4, "fatal": 0, "pedestrian": 0, "bicycle": 0, "density": 1.0, "year_range": "unknown"}}, {"type": "Feature", "geometry": {"type": "Point", "coordinates": [-91.16036, 30.385586]}, "properties": {"crashes": 10, "injury": 9, "fatal": 0, "pedestrian": 0, "bicycle": 0, "density": 2.5, "year_range": "unknown"}}, {"type": "Feature", "geometry": {"type": "Point", "coordinates": [-91.16036, 30.387387]}, "properties": {"crashes": 11, "injury": 11, "fatal": 0, "pedestrian": 0, "bicycle": 0, "density": 2.8, "year_range": "unknown"}}, {"type": "Feature", "geometry": {"type": "Point", "coordinates": [-91.158559, 30.383784]}, "properties": {"crashes": 2, "injury": 2, "fatal": 0, "pedestrian": 0, "bicycle": 0, "density": 0.5, "year_range": "unknown"}}, {"type": "Feature", "geometry": {"type": "Point", "coordinates": [-91.158559, 30.387387]}, "properties": {"crashes": 63, "injury": 58, "fatal": 2, "pedestrian": 2, "bicycle": 0, "density": 15.8, "year_range": "unknown"}}, {"type": "Feature", "geometry": {"type": "Point", "coordinates": [-91.158559, 30.385586]}, "properties": {"crashes": 4, "injury": 4, "fatal": 0, "pedestrian": 0, "bicycle": 0, "density": 1.0, "year_range": "unknown"}}, {"type": "Feature", "geometry": {"type": "Point", "coordinates": [-91.171171, 30.389189]}, "properties": {"crashes": 129, "injury": 93, "fatal": 0, "pedestrian": 0, "bicycle": 0, "density": 32.2, "year_range": "unknown"}}, {"type": "Feature", "geometry": {"type": "Point", "coordinates": [-91.171171, 30.385586]}, "properties": {"crashes": 7, "injury": 6, "fatal": 0, "pedestrian": 0, "bicycle": 0, "density": 1.8, "year_range": "unknown"}}, {"type": "Feature", "geometry": {"type": "Point", "coordinates": [-91.165766, 30.387387]}, "properties": {"crashes": 41, "injury": 36, "fatal": 0, "pedestrian": 0, "bicycle": 0, "density": 10.2, "year_range": "unknown"}}, {"type": "Feature", "geometry": {"type": "Point", "coordinates": [-91.169369, 30.389189]}, "properties": {"crashes": 43, "injury": 34, "fatal": 0, "pedestrian": 0, "bicycle": 0, "density": 10.8, "year_range": "unknown"}}, {"type": "Feature", "geometry": {"type": "Point", "coordinates": [-91.163964, 30.389189]}, "properties": {"crashes": 14, "injury": 11, "fatal": 0, "pedestrian": 0, "bicycle": 0, "density": 3.5, "year_range": "unknown"}}, {"type": "Feature", "geometry": {"type": "Point", "coordinates": [-91.171171, 30.387387]}, "properties": {"crashes": 88, "injury": 67, "fatal": 0, "pedestrian": 2, "bicycle": 0, "density": 22.0, "year_range": "unknown"}}, {"type": "Feature", "geometry": {"type": "Point", "coordinates": [-91.171171, 30.390991]}, "properties": {"crashes": 5, "injury": 5, "fatal": 0, "pedestrian": 0, "bicycle": 0, "density": 1.2, "year_range": "unknown"}}, {"type": "Feature", "geometry": {"type": "Point", "coordinates": [-91.172973, 30.389189]}, "properties": {"crashes": 46, "injury": 37, "fatal": 0, "pedestrian": 1, "bicycle": 0, "density": 11.5, "year_range": "unknown"}}, {"type": "Feature", "geometry": {"type": "Point", "coordinates": [-91.172973, 30.387387]}, "properties": {"crashes": 29, "injury": 23, "fatal": 0, "pedestrian": 0, "bicycle": 0, "density": 7.2, "year_range": "unknown"}}, {"type": "Feature", "geometry": {"type": "Point", "coordinates": [-91.174775, 30.389189]}, "properties": {"crashes": 1, "injury": 1, "fatal": 0, "pedestrian": 0, "bicycle": 0, "density": 0.2, "year_range": "unknown"}}, {"type": "Feature", "geometry": {"type": "Point", "coordinates": [-91.174775, 30.387387]}, "properties": {"crashes": 24, "injury": 18, "fatal": 0, "pedestrian": 0, "bicycle": 0, "density": 6.0, "year_range": "unknown"}}, {"type": "Feature", "geometry": {"type": "Point", "coordinates": [-91.176577, 30.387387]}, "properties": {"crashes": 12, "injury": 7, "fatal": 0, "pedestrian": 1, "bicycle": 0, "density": 3.0, "year_range": "unknown"}}, {"type": "Feature", "geometry": {"type": "Point", "coordinates": [-91.178378, 30.396396]}, "properties": {"crashes": 92, "injury": 70, "fatal": 1, "pedestrian": 3, "bicycle": 0, "density": 23.0, "year_range": "unknown"}}, {"type": "Feature", "geometry": {"type": "Point", "coordinates": [-91.18018, 30.387387]}, "properties": {"crashes": 33, "injury": 26, "fatal": 0, "pedestrian": 2, "bicycle": 0, "density": 8.2, "year_range": "unknown"}}, {"type": "Feature", "geometry": {"type": "Point", "coordinates": [-91.178378, 30.387387]}, "properties": {"crashes": 20, "injury": 17, "fatal": 0, "pedestrian": 0, "bicycle": 0, "density": 5.0, "year_range": "unknown"}}, {"type": "Feature", "geometry": {"type": "Point", "coordinates": [-91.18018, 30.396396]}, "properties": {"crashes": 34, "injury": 29, "fatal": 0, "pedestrian": 0, "bicycle": 0, "density": 8.5, "year_range": "unknown"}}, {"type": "Feature", "geometry": {"type": "Point", "coordinates": [-91.18018, 30.394595]}, "properties": {"crashes": 14, "injury": 12, "fatal": 0, "pedestrian": 1, "bicycle": 0, "density": 3.5, "year_range": "unknown"}}, {"type": "Feature", "geometry": {"type": "Point", "coordinates": [-91.18018, 30.389189]}, "properties": {"crashes": 4, "injury": 4, "fatal": 0, "pedestrian": 0, "bicycle": 0, "density": 1.0, "year_range": "unknown"}}, {"type": "Feature", "geometry": {"type": "Point", "coordinates": [-91.178378, 30.389189]}, "properties": {"crashes": 4, "injury": 4, "fatal": 0, "pedestrian": 0, "bicycle": 0, "density": 1.0, "year_range": "unknown"}}, {"type": "Feature", "geometry": {"type": "Point", "coordinates": [-91.18018, 30.390991]}, "properties": {"crashes": 4, "injury": 1, "fatal": 0, "pedestrian": 1, "bicycle": 0, "density": 1.0, "year_range": "unknown"}}, {"type": "Feature", "geometry": {"type": "Point", "coordinates": [-91.18018, 30.392793]}, "properties": {"crashes": 4, "injury": 4, "fatal": 0, "pedestrian": 0, "bicycle": 0, "density": 1.0, "year_range": "unknown"}}, {"type": "Feature", "geometry": {"type": "Point", "coordinates": [-91.178378, 30.394595]}, "properties": {"crashes": 1, "injury": 1, "fatal": 0, "pedestrian": 0, "bicycle": 0, "density": 0.2, "year_range": "unknown"}}, {"type": "Feature", "geometry": {"type": "Point", "coordinates": [-91.181982, 30.389189]}, "properties": {"crashes": 18, "injury": 14, "fatal": 0, "pedestrian": 0, "bicycle": 0, "density": 4.5, "year_range": "unknown"}}, {"type": "Feature", "geometry": {"type": "Point", "coordinates": [-91.181982, 30.390991]}, "properties": {"crashes": 3, "injury": 3, "fatal": 0, "pedestrian": 0, "bicycle": 0, "density": 0.8, "year_range": "unknown"}}, {"type": "Feature", "geometry": {"type": "Point", "coordinates": [-91.181982, 30.392793]}, "properties": {"crashes": 2, "injury": 2, "fatal": 0, "pedestrian": 0, "bicycle": 0, "density": 0.5, "year_range": "unknown"}}, {"type": "Feature", "geometry": {"type": "Point", "coordinates": [-91.181982, 30.394595]}, "properties": {"crashes": 8, "injury": 8, "fatal": 0, "pedestrian": 0, "bicycle": 0, "density": 2.0, "year_range": "unknown"}}, {"type": "Feature", "geometry": {"type": "Point", "coordinates": [-91.181982, 30.396396]}, "properties": {"crashes": 3, "injury": 1, "fatal": 0, "pedestrian": 1, "bicycle": 0, "density": 0.8, "year_range": "unknown"}}, {"type": "Feature", "geometry": {"type": "Point", "coordinates": [-91.181982, 30.387387]}, "properties": {"crashes": 32, "injury": 29, "fatal": 0, "pedestrian": 0, "bicycle": 0, "density": 8.0, "year_range": "unknown"}}, {"type": "Feature", "geometry": {"type": "Point", "coordinates": [-91.183784, 30.389189]}, "properties": {"crashes": 2, "injury": 2, "fatal": 0, "pedestrian": 0, "bicycle": 0, "density": 0.5, "year_range": "unknown"}}, {"type": "Feature", "geometry": {"type": "Point", "coordinates": [-91.185586, 30.389189]}, "properties": {"crashes": 4, "injury": 3, "fatal": 0, "pedestrian": 0, "bicycle": 0, "density": 1.0, "year_range": "unknown"}}, {"type": "Feature", "geometry": {"type": "Point", "coordinates": [-91.183784, 30.392793]}, "properties": {"crashes": 4, "injury": 3, "fatal": 0, "pedestrian": 0, "bicycle": 0, "density": 1.0, "year_range": "unknown"}}, {"type": "Feature", "geometry": {"type": "Point", "coordinates": [-91.183784, 30.394595]}, "properties": {"crashes": 3, "injury": 3, "fatal": 0, "pedestrian": 0, "bicycle": 0, "density": 0.8, "year_range": "unknown"}}, {"type": "Feature", "geometry": {"type": "Point", "coordinates": [-91.192793, 30.389189]}, "properties": {"crashes": 1, "injury": 1, "fatal": 0, "pedestrian": 0, "bicycle": 0, "density": 0.2, "year_range": "unknown"}}, {"type": "Feature", "geometry": {"type": "Point", "coordinates": [-91.189189, 30.389189]}, "properties": {"crashes": 6, "injury": 6, "fatal": 1, "pedestrian": 0, "bicycle": 0, "density": 1.5, "year_range": "unknown"}}, {"type": "Feature", "geometry": {"type": "Point", "coordinates": [-91.187387, 30.389189]}, "properties": {"crashes": 5, "injury": 5, "fatal": 1, "pedestrian": 0, "bicycle": 0, "density": 1.2, "year_range": "unknown"}}, {"type": "Feature", "geometry": {"type": "Point", "coordinates": [-91.183784, 30.385586]}, "properties": {"crashes": 2, "injury": 2, "fatal": 0, "pedestrian": 0, "bicycle": 0, "density": 0.5, "year_range": "unknown"}}, {"type": "Feature", "geometry": {"type": "Point", "coordinates": [-91.174775, 30.385586]}, "properties": {"crashes": 9, "injury": 9, "fatal": 0, "pedestrian": 0, "bicycle": 0, "density": 2.2, "year_range": "unknown"}}, {"type": "Feature", "geometry": {"type": "Point", "coordinates": [-91.18018, 30.385586]}, "properties": {"crashes": 3, "injury": 3, "fatal": 0, "pedestrian": 0, "bicycle": 0, "density": 0.8, "year_range": "unknown"}}, {"type": "Feature", "geometry": {"type": "Point", "coordinates": [-91.172973, 30.385586]}, "properties": {"crashes": 2, "injury": 2, "fatal": 0, "pedestrian": 0, "bicycle": 0, "density": 0.5, "year_range": "unknown"}}, {"type": "Feature", "geometry": {"type": "Point", "coordinates": [-91.178378, 30.385586]}, "properties": {"crashes": 2, "injury": 2, "fatal": 0, "pedestrian": 0, "bicycle": 0, "density": 0.5, "year_range": "unknown"}}, {"type": "Feature", "geometry": {"type": "Point", "coordinates": [-91.181982, 30.385586]}, "properties": {"crashes": 1, "injury": 1, "fatal": 0, "pedestrian": 0, "bicycle": 0, "density": 0.2, "year_range": "unknown"}}, {"type": "Feature", "geometry": {"type": "Point", "coordinates": [-91.176577, 30.385586]}, "properties": {"crashes": 1, "injury": 1, "fatal": 0, "pedestrian": 0, "bicycle": 0, "density": 0.2, "year_range": "unknown"}}, {"type": "Feature", "geometry": {"type": "Point", "coordinates": [-91.2, 30.374775]}, "properties": {"crashes": 1, "injury": 1, "fatal": 0, "pedestrian": 0, "bicycle": 0, "density": 0.2, "year_range": "unknown"}}, {"type": "Feature", "geometry": {"type": "Point", "coordinates": [-91.198198, 30.376577]}, "properties": {"crashes": 1, "injury": 0, "fatal": 0, "pedestrian": 0, "bicycle": 0, "density": 0.2, "year_range": "unknown"}}, {"type": "Feature", "geometry": {"type": "Point", "coordinates": [-91.198198, 30.381982]}, "properties": {"crashes": 1, "injury": 1, "fatal": 0, "pedestrian": 0, "bicycle": 0, "density": 0.2, "year_range": "unknown"}}, {"type": "Feature", "geometry": {"type": "Point", "coordinates": [-91.2, 30.381982]}, "properties": {"crashes": 1, "injury": 1, "fatal": 0, "pedestrian": 0, "bicycle": 0, "density": 0.2, "year_range": "unknown"}}, {"type": "Feature", "geometry": {"type": "Point", "coordinates": [-91.196396, 30.383784]}, "properties": {"crashes": 1, "injury": 0, "fatal": 0, "pedestrian": 0, "bicycle": 0, "density": 0.2, "year_range": "unknown"}}, {"type": "Feature", "geometry": {"type": "Point", "coordinates": [-91.196396, 30.385586]}, "properties": {"crashes": 2, "injury": 2, "fatal": 0, "pedestrian": 0, "bicycle": 0, "density": 0.5, "year_range": "unknown"}}, {"type": "Feature", "geometry": {"type": "Point", "coordinates": [-91.167568, 30.389189]}, "properties": {"crashes": 10, "injury": 7, "fatal": 0, "pedestrian": 0, "bicycle": 0, "density": 2.5, "year_range": "unknown"}}, {"type": "Feature", "geometry": {"type": "Point", "coordinates": [-91.167568, 30.390991]}, "properties": {"crashes": 2, "injury": 2, "fatal": 0, "pedestrian": 0, "bicycle": 0, "density": 0.5, "year_range": "unknown"}}, {"type": "Feature", "geometry": {"type": "Point", "coordinates": [-91.16036, 30.389189]}, "properties": {"crashes": 27, "injury": 24, "fatal": 0, "pedestrian": 1, "bicycle": 0, "density": 6.8, "year_range": "unknown"}}, {"type": "Feature", "geometry": {"type": "Point", "coordinates": [-91.162162, 30.389189]}, "properties": {"crashes": 13, "injury": 13, "fatal": 0, "pedestrian": 0, "bicycle": 0, "density": 3.2, "year_range": "unknown"}}, {"type": "Feature", "geometry": {"type": "Point", "coordinates": [-91.16036, 30.390991]}, "properties": {"crashes": 17, "injury": 14, "fatal": 0, "pedestrian": 0, "bicycle": 0, "density": 4.2, "year_range": "unknown"}}, {"type": "Feature", "geometry": {"type": "Point", "coordinates": [-91.158559, 30.389189]}, "properties": {"crashes": 30, "injury": 28, "fatal": 0, "pedestrian": 1, "bicycle": 0, "density": 7.5, "year_range": "unknown"}}, {"type": "Feature", "geometry": {"type": "Point", "coordinates": [-91.158559, 30.390991]}, "properties": {"crashes": 1, "injury": 1, "fatal": 0, "pedestrian": 0, "bicycle": 0, "density": 0.2, "year_range": "unknown"}}, {"type": "Feature", "geometry": {"type": "Point", "coordinates": [-91.165766, 30.389189]}, "properties": {"crashes": 8, "injury": 6, "fatal": 0, "pedestrian": 0, "bicycle": 0, "density": 2.0, "year_range": "unknown"}}, {"type": "Feature", "geometry": {"type": "Point", "coordinates": [-91.165766, 30.385586]}, "properties": {"crashes": 54, "injury": 41, "fatal": 0, "pedestrian": 0, "bicycle": 0, "density": 13.5, "year_range": "unknown"}}, {"type": "Feature", "geometry": {"type": "Point", "coordinates": [-91.167568, 30.385586]}, "properties": {"crashes": 8, "injury": 7, "fatal": 0, "pedestrian": 0, "bicycle": 0, "density": 2.0, "year_range": "unknown"}}, {"type": "Feature", "geometry": {"type": "Point", "coordinates": [-91.167568, 30.387387]}, "properties": {"crashes": 5, "injury": 5, "fatal": 0, "pedestrian": 0, "bicycle": 0, "density": 1.2, "year_range": "unknown"}}, {"type": "Feature", "geometry": {"type": "Point", "coordinates": [-91.167568, 30.383784]}, "properties": {"crashes": 1, "injury": 1, "fatal": 0, "pedestrian": 0, "bicycle": 0, "density": 0.2, "year_range": "unknown"}}, {"type": "Feature", "geometry": {"type": "Point", "coordinates": [-91.169369, 30.383784]}, "properties": {"crashes": 1, "injury": 1, "fatal": 0, "pedestrian": 0, "bicycle": 0, "density": 0.2, "year_range": "unknown"}}, {"type": "Feature", "geometry": {"type": "Point", "coordinates": [-91.169369, 30.385586]}, "properties": {"crashes": 3, "injury": 3, "fatal": 0, "pedestrian": 0, "bicycle": 0, "density": 0.8, "year_range": "unknown"}}, {"type": "Feature", "geometry": {"type": "Point", "coordinates": [-91.169369, 30.387387]}, "properties": {"crashes": 2, "injury": 2, "fatal": 0, "pedestrian": 0, "bicycle": 0, "density": 0.5, "year_range": "unknown"}}, {"type": "Feature", "geometry": {"type": "Point", "coordinates": [-91.165766, 30.381982]}, "properties": {"crashes": 1, "injury": 1, "fatal": 0, "pedestrian": 0, "bicycle": 0, "density": 0.2, "year_range": "unknown"}}, {"type": "Feature", "geometry": {"type": "Point", "coordinates": [-91.163964, 30.383784]}, "properties": {"crashes": 1, "injury": 1, "fatal": 0, "pedestrian": 0, "bicycle": 0, "density": 0.2, "year_range": "unknown"}}, {"type": "Feature", "geometry": {"type": "Point", "coordinates": [-91.165766, 30.383784]}, "properties": {"crashes": 2, "injury": 2, "fatal": 0, "pedestrian": 0, "bicycle": 0, "density": 0.5, "year_range": "unknown"}}, {"type": "Feature", "geometry": {"type": "Point", "coordinates": [-91.156757, 30.387387]}, "properties": {"crashes": 90, "injury": 68, "fatal": 0, "pedestrian": 0, "bicycle": 0, "density": 22.5, "year_range": "unknown"}}, {"type": "Feature", "geometry": {"type": "Point", "coordinates": [-91.156757, 30.383784]}, "properties": {"crashes": 1, "injury": 1, "fatal": 0, "pedestrian": 0, "bicycle": 0, "density": 0.2, "year_range": "unknown"}}, {"type": "Feature", "geometry": {"type": "Point", "coordinates": [-91.171171, 30.428829]}, "properties": {"crashes": 121, "injury": 90, "fatal": 1, "pedestrian": 1, "bicycle": 0, "density": 30.2, "year_range": "unknown"}}, {"type": "Feature", "geometry": {"type": "Point", "coordinates": [-91.169369, 30.428829]}, "properties": {"crashes": 48, "injury": 35, "fatal": 0, "pedestrian": 0, "bicycle": 0, "density": 12.0, "year_range": "unknown"}}, {"type": "Feature", "geometry": {"type": "Point", "coordinates": [-91.172973, 30.430631]}, "properties": {"crashes": 95, "injury": 79, "fatal": 1, "pedestrian": 0, "bicycle": 0, "density": 23.8, "year_range": "unknown"}}, {"type": "Feature", "geometry": {"type": "Point", "coordinates": [-91.169369, 30.430631]}, "properties": {"crashes": 12, "injury": 9, "fatal": 0, "pedestrian": 1, "bicycle": 0, "density": 3.0, "year_range": "unknown"}}, {"type": "Feature", "geometry": {"type": "Point", "coordinates": [-91.171171, 30.430631]}, "properties": {"crashes": 2, "injury": 1, "fatal": 0, "pedestrian": 0, "bicycle": 0, "density": 0.5, "year_range": "unknown"}}, {"type": "Feature", "geometry": {"type": "Point", "coordinates": [-91.169369, 30.432432]}, "properties": {"crashes": 5, "injury": 1, "fatal": 0, "pedestrian": 0, "bicycle": 0, "density": 1.2, "year_range": "unknown"}}, {"type": "Feature", "geometry": {"type": "Point", "coordinates": [-91.167568, 30.434234]}, "properties": {"crashes": 7, "injury": 7, "fatal": 0, "pedestrian": 0, "bicycle": 0, "density": 1.8, "year_range": "unknown"}}, {"type": "Feature", "geometry": {"type": "Point", "coordinates": [-91.171171, 30.434234]}, "properties": {"crashes": 2, "injury": 2, "fatal": 0, "pedestrian": 0, "bicycle": 0, "density": 0.5, "year_range": "unknown"}}, {"type": "Feature", "geometry": {"type": "Point", "coordinates": [-91.172973, 30.428829]}, "properties": {"crashes": 73, "injury": 63, "fatal": 0, "pedestrian": 0, "bicycle": 0, "density": 18.2, "year_range": "unknown"}}, {"type": "Feature", "geometry": {"type": "Point", "coordinates": [-91.172973, 30.432432]}, "properties": {"crashes": 1, "injury": 0, "fatal": 0, "pedestrian": 0, "bicycle": 0, "density": 0.2, "year_range": "unknown"}}, {"type": "Feature", "geometry": {"type": "Point", "coordinates": [-91.174775, 30.430631]}, "properties": {"crashes": 107, "injury": 90, "fatal": 2, "pedestrian": 3, "bicycle": 0, "density": 26.8, "year_range": "unknown"}}, {"type": "Feature", "geometry": {"type": "Point", "coordinates": [-91.174775, 30.428829]}, "properties": {"crashes": 3, "injury": 2, "fatal": 0, "pedestrian": 0, "bicycle": 0, "density": 0.8, "year_range": "unknown"}}, {"type": "Feature", "geometry": {"type": "Point", "coordinates": [-91.174775, 30.432432]}, "properties": {"crashes": 51, "injury": 40, "fatal": 0, "pedestrian": 0, "bicycle": 0, "density": 12.8, "year_range": "unknown"}}, {"type": "Feature", "geometry": {"type": "Point", "coordinates": [-91.176577, 30.432432]}, "properties": {"crashes": 57, "injury": 48, "fatal": 0, "pedestrian": 1, "bicycle": 0, "density": 14.2, "year_range": "unknown"}}, {"type": "Feature", "geometry": {"type": "Point", "coordinates": [-91.176577, 30.434234]}, "properties": {"crashes": 318, "injury": 269, "fatal": 0, "pedestrian": 1, "bicycle": 0, "density": 79.5, "year_range": "unknown"}}, {"type": "Feature", "geometry": {"type": "Point", "coordinates": [-91.174775, 30.434234]}, "properties": {"crashes": 5, "injury": 5, "fatal": 0, "pedestrian": 0, "bicycle": 0, "density": 1.2, "year_range": "unknown"}}, {"type": "Feature", "geometry": {"type": "Point", "coordinates": [-91.178378, 30.436036]}, "properties": {"crashes": 100, "injury": 86, "fatal": 2, "pedestrian": 1, "bicycle": 0, "density": 25.0, "year_range": "unknown"}}, {"type": "Feature", "geometry": {"type": "Point", "coordinates": [-91.181982, 30.434234]}, "properties": {"crashes": 5, "injury": 4, "fatal": 0, "pedestrian": 0, "bicycle": 0, "density": 1.2, "year_range": "unknown"}}, {"type": "Feature", "geometry": {"type": "Point", "coordinates": [-91.18018, 30.434234]}, "properties": {"crashes": 2, "injury": 2, "fatal": 0, "pedestrian": 0, "bicycle": 0, "density": 0.5, "year_range": "unknown"}}, {"type": "Feature", "geometry": {"type": "Point", "coordinates": [-91.178378, 30.434234]}, "properties": {"crashes": 18, "injury": 11, "fatal": 0, "pedestrian": 3, "bicycle": 0, "density": 4.5, "year_range": "unknown"}}, {"type": "Feature", "geometry": {"type": "Point", "coordinates": [-91.18018, 30.430631]}, "properties": {"crashes": 2, "injury": 2, "fatal": 0, "pedestrian": 0, "bicycle": 0, "density": 0.5, "year_range": "unknown"}}, {"type": "Feature", "geometry": {"type": "Point", "coordinates": [-91.18018, 30.432432]}, "properties": {"crashes": 2, "injury": 2, "fatal": 0, "pedestrian": 0, "bicycle": 0, "density": 0.5, "year_range": "unknown"}}, {"type": "Feature", "geometry": {"type": "Point", "coordinates": [-91.181982, 30.432432]}, "properties": {"crashes": 2, "injury": 2, "fatal": 0, "pedestrian": 0, "bicycle": 0, "density": 0.5, "year_range": "unknown"}}, {"type": "Feature", "geometry": {"type": "Point", "coordinates": [-91.178378, 30.432432]}, "properties": {"crashes": 2, "injury": 2, "fatal": 0, "pedestrian": 0, "bicycle": 0, "density": 0.5, "year_range": "unknown"}}, {"type": "Feature", "geometry": {"type": "Point", "coordinates": [-91.178378, 30.428829]}, "properties": {"crashes": 3, "injury": 2, "fatal": 0, "pedestrian": 0, "bicycle": 0, "density": 0.8, "year_range": "unknown"}}, {"type": "Feature", "geometry": {"type": "Point", "coordinates": [-91.18018, 30.428829]}, "properties": {"crashes": 4, "injury": 3, "fatal": 0, "pedestrian": 0, "bicycle": 0, "density": 1.0, "year_range": "unknown"}}, {"type": "Feature", "geometry": {"type": "Point", "coordinates": [-91.178378, 30.430631]}, "properties": {"crashes": 1, "injury": 1, "fatal": 0, "pedestrian": 0, "bicycle": 0, "density": 0.2, "year_range": "unknown"}}, {"type": "Feature", "geometry": {"type": "Point", "coordinates": [-91.183784, 30.436036]}, "properties": {"crashes": 6, "injury": 4, "fatal": 0, "pedestrian": 0, "bicycle": 0, "density": 1.5, "year_range": "unknown"}}, {"type": "Feature", "geometry": {"type": "Point", "coordinates": [-91.176577, 30.428829]}, "properties": {"crashes": 15, "injury": 10, "fatal": 0, "pedestrian": 1, "bicycle": 0, "density": 3.8, "year_range": "unknown"}}, {"type": "Feature", "geometry": {"type": "Point", "coordinates": [-91.176577, 30.430631]}, "properties": {"crashes": 14, "injury": 9, "fatal": 0, "pedestrian": 1, "bicycle": 0, "density": 3.5, "year_range": "unknown"}}, {"type": "Feature", "geometry": {"type": "Point", "coordinates": [-91.176577, 30.436036]}, "properties": {"crashes": 43, "injury": 34, "fatal": 0, "pedestrian": 0, "bicycle": 0, "density": 10.8, "year_range": "unknown"}}, {"type": "Feature", "geometry": {"type": "Point", "coordinates": [-91.178378, 30.427027]}, "properties": {"crashes": 1, "injury": 1, "fatal": 0, "pedestrian": 0, "bicycle": 0, "density": 0.2, "year_range": "unknown"}}, {"type": "Feature", "geometry": {"type": "Point", "coordinates": [-91.169369, 30.427027]}, "properties": {"crashes": 226, "injury": 186, "fatal": 1, "pedestrian": 1, "bicycle": 0, "density": 56.5, "year_range": "unknown"}}, {"type": "Feature", "geometry": {"type": "Point", "coordinates": [-91.171171, 30.427027]}, "properties": {"crashes": 2, "injury": 2, "fatal": 0, "pedestrian": 0, "bicycle": 0, "density": 0.5, "year_range": "unknown"}}, {"type": "Feature", "geometry": {"type": "Point", "coordinates": [-91.178378, 30.425225]}, "properties": {"crashes": 2, "injury": 1, "fatal": 0, "pedestrian": 1, "bicycle": 0, "density": 0.5, "year_range": "unknown"}}, {"type": "Feature", "geometry": {"type": "Point", "coordinates": [-91.176577, 30.427027]}, "properties": {"crashes": 11, "injury": 11, "fatal": 0, "pedestrian": 1, "bicycle": 0, "density": 2.8, "year_range": "unknown"}}, {"type": "Feature", "geometry": {"type": "Point", "coordinates": [-91.174775, 30.427027]}, "properties": {"crashes": 5, "injury": 5, "fatal": 0, "pedestrian": 0, "bicycle": 0, "density": 1.2, "year_range": "unknown"}}, {"type": "Feature", "geometry": {"type": "Point", "coordinates": [-91.172973, 30.427027]}, "properties": {"crashes": 3, "injury": 3, "fatal": 0, "pedestrian": 0, "bicycle": 0, "density": 0.8, "year_range": "unknown"}}, {"type": "Feature", "geometry": {"type": "Point", "coordinates": [-91.176577, 30.425225]}, "properties": {"crashes": 21, "injury": 15, "fatal": 0, "pedestrian": 0, "bicycle": 0, "density": 5.2, "year_range": "unknown"}}, {"type": "Feature", "geometry": {"type": "Point", "coordinates": [-91.176577, 30.423423]}, "properties": {"crashes": 10, "injury": 7, "fatal": 0, "pedestrian": 0, "bicycle": 0, "density": 2.5, "year_range": "unknown"}}, {"type": "Feature", "geometry": {"type": "Point", "coordinates": [-91.174775, 30.425225]}, "properties": {"crashes": 2, "injury": 2, "fatal": 0, "pedestrian": 0, "bicycle": 0, "density": 0.5, "year_range": "unknown"}}, {"type": "Feature", "geometry": {"type": "Point", "coordinates": [-91.174775, 30.423423]}, "properties": {"crashes": 2, "injury": 2, "fatal": 0, "pedestrian": 0, "bicycle": 0, "density": 0.5, "year_range": "unknown"}}, {"type": "Feature", "geometry": {"type": "Point", "coordinates": [-91.169369, 30.425225]}, "properties": {"crashes": 12, "injury": 10, "fatal": 0, "pedestrian": 0, "bicycle": 0, "density": 3.0, "year_range": "unknown"}}, {"type": "Feature", "geometry": {"type": "Point", "coordinates": [-91.176577, 30.421622]}, "properties": {"crashes": 2, "injury": 2, "fatal": 0, "pedestrian": 0, "bicycle": 0, "density": 0.5, "year_range": "unknown"}}, {"type": "Feature", "geometry": {"type": "Point", "coordinates": [-91.169369, 30.423423]}, "properties": {"crashes": 43, "injury": 37, "fatal": 0, "pedestrian": 0, "bicycle": 0, "density": 10.8, "year_range": "unknown"}}, {"type": "Feature", "geometry": {"type": "Point", "coordinates": [-91.169369, 30.421622]}, "properties": {"crashes": 11, "injury": 10, "fatal": 0, "pedestrian": 1, "bicycle": 0, "density": 2.8, "year_range": "unknown"}}, {"type": "Feature", "geometry": {"type": "Point", "coordinates": [-91.174775, 30.421622]}, "properties": {"crashes": 1, "injury": 1, "fatal": 0, "pedestrian": 0, "bicycle": 0, "density": 0.2, "year_range": "unknown"}}, {"type": "Feature", "geometry": {"type": "Point", "coordinates": [-91.174775, 30.41982]}, "properties": {"crashes": 3, "injury": 3, "fatal": 0, "pedestrian": 0, "bicycle": 0, "density": 0.8, "year_range": "unknown"}}, {"type": "Feature", "geometry": {"type": "Point", "coordinates": [-91.174775, 30.418018]}, "properties": {"crashes": 11, "injury": 9, "fatal": 0, "pedestrian": 0, "bicycle": 0, "density": 2.8, "year_range": "unknown"}}, {"type": "Feature", "geometry": {"type": "Point", "coordinates": [-91.172973, 30.418018]}, "properties": {"crashes": 2, "injury": 1, "fatal": 0, "pedestrian": 0, "bicycle": 0, "density": 0.5, "year_range": "unknown"}}, {"type": "Feature", "geometry": {"type": "Point", "coordinates": [-91.172973, 30.41982]}, "properties": {"crashes": 7, "injury": 6, "fatal": 0, "pedestrian": 0, "bicycle": 0, "density": 1.8, "year_range": "unknown"}}, {"type": "Feature", "geometry": {"type": "Point", "coordinates": [-91.172973, 30.416216]}, "properties": {"crashes": 1, "injury": 0, "fatal": 0, "pedestrian": 0, "bicycle": 0, "density": 0.2, "year_range": "unknown"}}, {"type": "Feature", "geometry": {"type": "Point", "coordinates": [-91.171171, 30.41982]}, "properties": {"crashes": 14, "injury": 12, "fatal": 0, "pedestrian": 0, "bicycle": 0, "density": 3.5, "year_range": "unknown"}}, {"type": "Feature", "geometry": {"type": "Point", "coordinates": [-91.174775, 30.416216]}, "properties": {"crashes": 1, "injury": 1, "fatal": 0, "pedestrian": 0, "bicycle": 0, "density": 0.2, "year_range": "unknown"}}, {"type": "Feature", "geometry": {"type": "Point", "coordinates": [-91.167568, 30.430631]}, "properties": {"crashes": 1, "injury": 1, "fatal": 0, "pedestrian": 0, "bicycle": 0, "density": 0.2, "year_range": "unknown"}}, {"type": "Feature", "geometry": {"type": "Point", "coordinates": [-91.163964, 30.432432]}, "properties": {"crashes": 1, "injury": 1, "fatal": 0, "pedestrian": 0, "bicycle": 0, "density": 0.2, "year_range": "unknown"}}, {"type": "Feature", "geometry": {"type": "Point", "coordinates": [-91.163964, 30.430631]}, "properties": {"crashes": 1, "injury": 1, "fatal": 0, "pedestrian": 0, "bicycle": 0, "density": 0.2, "year_range": "unknown"}}, {"type": "Feature", "geometry": {"type": "Point", "coordinates": [-91.167568, 30.428829]}, "properties": {"crashes": 2, "injury": 2, "fatal": 0, "pedestrian": 0, "bicycle": 0, "density": 0.5, "year_range": "unknown"}}, {"type": "Feature", "geometry": {"type": "Point", "coordinates": [-91.169369, 30.434234]}, "properties": {"crashes": 3, "injury": 3, "fatal": 0, "pedestrian": 0, "bicycle": 0, "density": 0.8, "year_range": "unknown"}}, {"type": "Feature", "geometry": {"type": "Point", "coordinates": [-91.162162, 30.427027]}, "properties": {"crashes": 14, "injury": 12, "fatal": 0, "pedestrian": 0, "bicycle": 0, "density": 3.5, "year_range": "unknown"}}, {"type": "Feature", "geometry": {"type": "Point", "coordinates": [-91.167568, 30.427027]}, "properties": {"crashes": 149, "injury": 126, "fatal": 0, "pedestrian": 0, "bicycle": 0, "density": 37.2, "year_range": "unknown"}}, {"type": "Feature", "geometry": {"type": "Point", "coordinates": [-91.16036, 30.425225]}, "properties": {"crashes": 223, "injury": 168, "fatal": 0, "pedestrian": 0, "bicycle": 0, "density": 55.8, "year_range": "unknown"}}, {"type": "Feature", "geometry": {"type": "Point", "coordinates": [-91.167568, 30.421622]}, "properties": {"crashes": 1, "injury": 1, "fatal": 0, "pedestrian": 0, "bicycle": 0, "density": 0.2, "year_range": "unknown"}}, {"type": "Feature", "geometry": {"type": "Point", "coordinates": [-91.16036, 30.423423]}, "properties": {"crashes": 6, "injury": 3, "fatal": 0, "pedestrian": 0, "bicycle": 0, "density": 1.5, "year_range": "unknown"}}, {"type": "Feature", "geometry": {"type": "Point", "coordinates": [-91.156757, 30.421622]}, "properties": {"crashes": 2, "injury": 2, "fatal": 0, "pedestrian": 0, "bicycle": 0, "density": 0.5, "year_range": "unknown"}}, {"type": "Feature", "geometry": {"type": "Point", "coordinates": [-91.158559, 30.421622]}, "properties": {"crashes": 1, "injury": 1, "fatal": 0, "pedestrian": 0, "bicycle": 0, "density": 0.2, "year_range": "unknown"}}, {"type": "Feature", "geometry": {"type": "Point", "coordinates": [-91.171171, 30.421622]}, "properties": {"crashes": 1, "injury": 1, "fatal": 0, "pedestrian": 0, "bicycle": 0, "density": 0.2, "year_range": "unknown"}}, {"type": "Feature", "geometry": {"type": "Point", "coordinates": [-91.162162, 30.421622]}, "properties": {"crashes": 11, "injury": 9, "fatal": 1, "pedestrian": 1, "bicycle": 0, "density": 2.8, "year_range": "unknown"}}, {"type": "Feature", "geometry": {"type": "Point", "coordinates": [-91.171171, 30.416216]}, "properties": {"crashes": 2, "injury": 2, "fatal": 0, "pedestrian": 0, "bicycle": 0, "density": 0.5, "year_range": "unknown"}}, {"type": "Feature", "geometry": {"type": "Point", "coordinates": [-91.162162, 30.41982]}, "properties": {"crashes": 3, "injury": 3, "fatal": 0, "pedestrian": 0, "bicycle": 0, "density": 0.8, "year_range": "unknown"}}, {"type": "Feature", "geometry": {"type": "Point", "coordinates": [-91.154955, 30.416216]}, "properties": {"crashes": 33, "injury": 22, "fatal": 0, "pedestrian": 0, "bicycle": 0, "density": 8.2, "year_range": "unknown"}}, {"type": "Feature", "geometry": {"type": "Point", "coordinates": [-91.154955, 30.418018]}, "properties": {"crashes": 28, "injury": 23, "fatal": 0, "pedestrian": 0, "bicycle": 0, "density": 7.0, "year_range": "unknown"}}, {"type": "Feature", "geometry": {"type": "Point", "coordinates": [-91.16036, 30.416216]}, "properties": {"crashes": 2, "injury": 2, "fatal": 0, "pedestrian": 0, "bicycle": 0, "density": 0.5, "year_range": "unknown"}}, {"type": "Feature", "geometry": {"type": "Point", "coordinates": [-91.16036, 30.41982]}, "properties": {"crashes": 1, "injury": 1, "fatal": 0, "pedestrian": 0, "bicycle": 0, "density": 0.2, "year_range": "unknown"}}, {"type": "Feature", "geometry": {"type": "Point", "coordinates": [-91.158559, 30.418018]}, "properties": {"crashes": 3, "injury": 3, "fatal": 0, "pedestrian": 0, "bicycle": 0, "density": 0.8, "year_range": "unknown"}}, {"type": "Feature", "geometry": {"type": "Point", "coordinates": [-91.158559, 30.416216]}, "properties": {"crashes": 2, "injury": 2, "fatal": 0, "pedestrian": 0, "bicycle": 0, "density": 0.5, "year_range": "unknown"}}, {"type": "Feature", "geometry": {"type": "Point", "coordinates": [-91.158559, 30.41982]}, "properties": {"crashes": 2, "injury": 2, "fatal": 0, "pedestrian": 0, "bicycle": 0, "density": 0.5, "year_range": "unknown"}}, {"type": "Feature", "geometry": {"type": "Point", "coordinates": [-91.156757, 30.418018]}, "properties": {"crashes": 5, "injury": 3, "fatal": 0, "pedestrian": 0, "bicycle": 0, "density": 1.2, "year_range": "unknown"}}, {"type": "Feature", "geometry": {"type": "Point", "coordinates": [-91.156757, 30.416216]}, "properties": {"crashes": 8, "injury": 7, "fatal": 0, "pedestrian": 0, "bicycle": 0, "density": 2.0, "year_range": "unknown"}}, {"type": "Feature", "geometry": {"type": "Point", "coordinates": [-91.158559, 30.414414]}, "properties": {"crashes": 64, "injury": 49, "fatal": 0, "pedestrian": 0, "bicycle": 0, "density": 16.0, "year_range": "unknown"}}, {"type": "Feature", "geometry": {"type": "Point", "coordinates": [-91.156757, 30.414414]}, "properties": {"crashes": 24, "injury": 20, "fatal": 0, "pedestrian": 1, "bicycle": 0, "density": 6.0, "year_range": "unknown"}}, {"type": "Feature", "geometry": {"type": "Point", "coordinates": [-91.16036, 30.410811]}, "properties": {"crashes": 3, "injury": 0, "fatal": 0, "pedestrian": 0, "bicycle": 0, "density": 0.8, "year_range": "unknown"}}, {"type": "Feature", "geometry": {"type": "Point", "coordinates": [-91.16036, 30.412613]}, "properties": {"crashes": 6, "injury": 5, "fatal": 0, "pedestrian": 0, "bicycle": 0, "density": 1.5, "year_range": "unknown"}}, {"type": "Feature", "geometry": {"type": "Point", "coordinates": [-91.158559, 30.412613]}, "properties": {"crashes": 9, "injury": 9, "fatal": 0, "pedestrian": 0, "bicycle": 0, "density": 2.2, "year_range": "unknown"}}, {"type": "Feature", "geometry": {"type": "Point", "coordinates": [-91.165766, 30.407207]}, "properties": {"crashes": 26, "injury": 24, "fatal": 0, "pedestrian": 0, "bicycle": 0, "density": 6.5, "year_range": "unknown"}}, {"type": "Feature", "geometry": {"type": "Point", "coordinates": [-91.163964, 30.407207]}, "properties": {"crashes": 15, "injury": 13, "fatal": 0, "pedestrian": 0, "bicycle": 0, "density": 3.8, "year_range": "unknown"}}, {"type": "Feature", "geometry": {"type": "Point", "coordinates": [-91.172973, 30.409009]}, "properties": {"crashes": 1, "injury": 1, "fatal": 0, "pedestrian": 0, "bicycle": 0, "density": 0.2, "year_range": "unknown"}}, {"type": "Feature", "geometry": {"type": "Point", "coordinates": [-91.171171, 30.405405]}, "properties": {"crashes": 1, "injury": 1, "fatal": 0, "pedestrian": 0, "bicycle": 0, "density": 0.2, "year_range": "unknown"}}, {"type": "Feature", "geometry": {"type": "Point", "coordinates": [-91.169369, 30.407207]}, "properties": {"crashes": 2, "injury": 2, "fatal": 0, "pedestrian": 0, "bicycle": 0, "density": 0.5, "year_range": "unknown"}}, {"type": "Feature", "geometry": {"type": "Point", "coordinates": [-91.167568, 30.405405]}, "properties": {"crashes": 8, "injury": 8, "fatal": 0, "pedestrian": 0, "bicycle": 0, "density": 2.0, "year_range": "unknown"}}, {"type": "Feature", "geometry": {"type": "Point", "coordinates": [-91.167568, 30.407207]}, "properties": {"crashes": 4, "injury": 2, "fatal": 0, "pedestrian": 0, "bicycle": 0, "density": 1.0, "year_range": "unknown"}}, {"type": "Feature", "geometry": {"type": "Point", "coordinates": [-91.169369, 30.403604]}, "properties": {"crashes": 9, "injury": 7, "fatal": 0, "pedestrian": 0, "bicycle": 0, "density": 2.2, "year_range": "unknown"}}, {"type": "Feature", "geometry": {"type": "Point", "coordinates": [-91.163964, 30.409009]}, "properties": {"crashes": 14, "injury": 9, "fatal": 0, "pedestrian": 0, "bicycle": 0, "density": 3.5, "year_range": "unknown"}}, {"type": "Feature", "geometry": {"type": "Point", "coordinates": [-91.162162, 30.409009]}, "properties": {"crashes": 9, "injury": 6, "fatal": 0, "pedestrian": 0, "bicycle": 0, "density": 2.2, "year_range": "unknown"}}, {"type": "Feature", "geometry": {"type": "Point", "coordinates": [-91.162162, 30.423423]}, "properties": {"crashes": 1, "injury": 0, "fatal": 0, "pedestrian": 0, "bicycle": 0, "density": 0.2, "year_range": "unknown"}}, {"type": "Feature", "geometry": {"type": "Point", "coordinates": [-91.165766, 30.427027]}, "properties": {"crashes": 45, "injury": 33, "fatal": 0, "pedestrian": 0, "bicycle": 0, "density": 11.2, "year_range": "unknown"}}, {"type": "Feature", "geometry": {"type": "Point", "coordinates": [-91.163964, 30.427027]}, "properties": {"crashes": 2, "injury": 0, "fatal": 0, "pedestrian": 0, "bicycle": 0, "density": 0.5, "year_range": "unknown"}}, {"type": "Feature", "geometry": {"type": "Point", "coordinates": [-91.165766, 30.428829]}, "properties": {"crashes": 1, "injury": 1, "fatal": 0, "pedestrian": 0, "bicycle": 0, "density": 0.2, "year_range": "unknown"}}, {"type": "Feature", "geometry": {"type": "Point", "coordinates": [-91.165766, 30.425225]}, "properties": {"crashes": 29, "injury": 21, "fatal": 0, "pedestrian": 0, "bicycle": 0, "density": 7.2, "year_range": "unknown"}}, {"type": "Feature", "geometry": {"type": "Point", "coordinates": [-91.163964, 30.425225]}, "properties": {"crashes": 57, "injury": 51, "fatal": 0, "pedestrian": 0, "bicycle": 0, "density": 14.2, "year_range": "unknown"}}, {"type": "Feature", "geometry": {"type": "Point", "coordinates": [-91.162162, 30.425225]}, "properties": {"crashes": 78, "injury": 54, "fatal": 0, "pedestrian": 1, "bicycle": 0, "density": 19.5, "year_range": "unknown"}}, {"type": "Feature", "geometry": {"type": "Point", "coordinates": [-91.167568, 30.425225]}, "properties": {"crashes": 1, "injury": 1, "fatal": 0, "pedestrian": 0, "bicycle": 0, "density": 0.2, "year_range": "unknown"}}, {"type": "Feature", "geometry": {"type": "Point", "coordinates": [-91.153153, 30.41982]}, "properties": {"crashes": 20, "injury": 18, "fatal": 0, "pedestrian": 0, "bicycle": 0, "density": 5.0, "year_range": "unknown"}}, {"type": "Feature", "geometry": {"type": "Point", "coordinates": [-91.154955, 30.41982]}, "properties": {"crashes": 3, "injury": 3, "fatal": 0, "pedestrian": 0, "bicycle": 0, "density": 0.8, "year_range": "unknown"}}, {"type": "Feature", "geometry": {"type": "Point", "coordinates": [-91.154955, 30.414414]}, "properties": {"crashes": 4, "injury": 4, "fatal": 0, "pedestrian": 0, "bicycle": 0, "density": 1.0, "year_range": "unknown"}}, {"type": "Feature", "geometry": {"type": "Point", "coordinates": [-91.162162, 30.410811]}, "properties": {"crashes": 2, "injury": 2, "fatal": 0, "pedestrian": 0, "bicycle": 0, "density": 0.5, "year_range": "unknown"}}, {"type": "Feature", "geometry": {"type": "Point", "coordinates": [-91.165766, 30.405405]}, "properties": {"crashes": 7, "injury": 7, "fatal": 0, "pedestrian": 0, "bicycle": 0, "density": 1.8, "year_range": "unknown"}}, {"type": "Feature", "geometry": {"type": "Point", "coordinates": [-91.162162, 30.401802]}, "properties": {"crashes": 1, "injury": 1, "fatal": 0, "pedestrian": 0, "bicycle": 0, "density": 0.2, "year_range": "unknown"}}, {"type": "Feature", "geometry": {"type": "Point", "coordinates": [-91.16036, 30.403604]}, "properties": {"crashes": 1, "injury": 1, "fatal": 0, "pedestrian": 0, "bicycle": 0, "density": 0.2, "year_range": "unknown"}}, {"type": "Feature", "geometry": {"type": "Point", "coordinates": [-91.162162, 30.407207]}, "properties": {"crashes": 1, "injury": 1, "fatal": 0, "pedestrian": 0, "bicycle": 0, "density": 0.2, "year_range": "unknown"}}, {"type": "Feature", "geometry": {"type": "Point", "coordinates": [-91.158559, 30.396396]}, "properties": {"crashes": 45, "injury": 38, "fatal": 0, "pedestrian": 0, "bicycle": 0, "density": 11.2, "year_range": "unknown"}}, {"type": "Feature", "geometry": {"type": "Point", "coordinates": [-91.156757, 30.396396]}, "properties": {"crashes": 31, "injury": 28, "fatal": 0, "pedestrian": 0, "bicycle": 0, "density": 7.8, "year_range": "unknown"}}, {"type": "Feature", "geometry": {"type": "Point", "coordinates": [-91.158559, 30.394595]}, "properties": {"crashes": 61, "injury": 55, "fatal": 0, "pedestrian": 0, "bicycle": 0, "density": 15.2, "year_range": "unknown"}}, {"type": "Feature", "geometry": {"type": "Point", "coordinates": [-91.16036, 30.396396]}, "properties": {"crashes": 4, "injury": 4, "fatal": 0, "pedestrian": 0, "bicycle": 0, "density": 1.0, "year_range": "unknown"}}, {"type": "Feature", "geometry": {"type": "Point", "coordinates": [-91.162162, 30.398198]}, "properties": {"crashes": 1, "injury": 1, "fatal": 0, "pedestrian": 0, "bicycle": 0, "density": 0.2, "year_range": "unknown"}}, {"type": "Feature", "geometry": {"type": "Point", "coordinates": [-91.156757, 30.398198]}, "properties": {"crashes": 17, "injury": 15, "fatal": 0, "pedestrian": 0, "bicycle": 0, "density": 4.2, "year_range": "unknown"}}, {"type": "Feature", "geometry": {"type": "Point", "coordinates": [-91.167568, 30.401802]}, "properties": {"crashes": 1, "injury": 1, "fatal": 0, "pedestrian": 0, "bicycle": 0, "density": 0.2, "year_range": "unknown"}}, {"type": "Feature", "geometry": {"type": "Point", "coordinates": [-91.165766, 30.4]}, "properties": {"crashes": 1, "injury": 1, "fatal": 0, "pedestrian": 0, "bicycle": 0, "density": 0.2, "year_range": "unknown"}}, {"type": "Feature", "geometry": {"type": "Point", "coordinates": [-91.144144, 30.414414]}, "properties": {"crashes": 37, "injury": 28, "fatal": 0, "pedestrian": 0, "bicycle": 0, "density": 9.2, "year_range": "unknown"}}, {"type": "Feature", "geometry": {"type": "Point", "coordinates": [-91.151351, 30.403604]}, "properties": {"crashes": 12, "injury": 11, "fatal": 0, "pedestrian": 0, "bicycle": 0, "density": 3.0, "year_range": "unknown"}}, {"type": "Feature", "geometry": {"type": "Point", "coordinates": [-91.145946, 30.416216]}, "properties": {"crashes": 8, "injury": 6, "fatal": 0, "pedestrian": 0, "bicycle": 0, "density": 2.0, "year_range": "unknown"}}, {"type": "Feature", "geometry": {"type": "Point", "coordinates": [-91.145946, 30.412613]}, "properties": {"crashes": 50, "injury": 41, "fatal": 0, "pedestrian": 0, "bicycle": 0, "density": 12.5, "year_range": "unknown"}}, {"type": "Feature", "geometry": {"type": "Point", "coordinates": [-91.145946, 30.414414]}, "properties": {"crashes": 5, "injury": 4, "fatal": 0, "pedestrian": 0, "bicycle": 0, "density": 1.2, "year_range": "unknown"}}, {"type": "Feature", "geometry": {"type": "Point", "coordinates": [-91.151351, 30.405405]}, "properties": {"crashes": 7, "injury": 7, "fatal": 0, "pedestrian": 0, "bicycle": 0, "density": 1.8, "year_range": "unknown"}}, {"type": "Feature", "geometry": {"type": "Point", "coordinates": [-91.14955, 30.405405]}, "properties": {"crashes": 16, "injury": 12, "fatal": 0, "pedestrian": 0, "bicycle": 0, "density": 4.0, "year_range": "unknown"}}, {"type": "Feature", "geometry": {"type": "Point", "coordinates": [-91.14955, 30.407207]}, "properties": {"crashes": 41, "injury": 37, "fatal": 0, "pedestrian": 0, "bicycle": 0, "density": 10.2, "year_range": "unknown"}}, {"type": "Feature", "geometry": {"type": "Point", "coordinates": [-91.151351, 30.407207]}, "properties": {"crashes": 4, "injury": 4, "fatal": 0, "pedestrian": 0, "bicycle": 0, "density": 1.0, "year_range": "unknown"}}, {"type": "Feature", "geometry": {"type": "Point", "coordinates": [-91.145946, 30.410811]}, "properties": {"crashes": 39, "injury": 29, "fatal": 0, "pedestrian": 0, "bicycle": 0, "density": 9.8, "year_range": "unknown"}}, {"type": "Feature", "geometry": {"type": "Point", "coordinates": [-91.151351, 30.410811]}, "properties": {"crashes": 4, "injury": 4, "fatal": 0, "pedestrian": 0, "bicycle": 0, "density": 1.0, "year_range": "unknown"}}, {"type": "Feature", "geometry": {"type": "Point", "coordinates": [-91.147748, 30.410811]}, "properties": {"crashes": 24, "injury": 21, "fatal": 0, "pedestrian": 0, "bicycle": 0, "density": 6.0, "year_range": "unknown"}}, {"type": "Feature", "geometry": {"type": "Point", "coordinates": [-91.153153, 30.401802]}, "properties": {"crashes": 12, "injury": 11, "fatal": 0, "pedestrian": 0, "bicycle": 0, "density": 3.0, "year_range": "unknown"}}, {"type": "Feature", "geometry": {"type": "Point", "coordinates": [-91.153153, 30.410811]}, "properties": {"crashes": 1, "injury": 1, "fatal": 0, "pedestrian": 0, "bicycle": 0, "density": 0.2, "year_range": "unknown"}}, {"type": "Feature", "geometry": {"type": "Point", "coordinates": [-91.154955, 30.410811]}, "properties": {"crashes": 1, "injury": 1, "fatal": 0, "pedestrian": 0, "bicycle": 0, "density": 0.2, "year_range": "unknown"}}, {"type": "Feature", "geometry": {"type": "Point", "coordinates": [-91.153153, 30.4]}, "properties": {"crashes": 16, "injury": 12, "fatal": 0, "pedestrian": 0, "bicycle": 0, "density": 4.0, "year_range": "unknown"}}, {"type": "Feature", "geometry": {"type": "Point", "coordinates": [-91.154955, 30.4]}, "properties": {"crashes": 20, "injury": 16, "fatal": 0, "pedestrian": 0, "bicycle": 0, "density": 5.0, "year_range": "unknown"}}, {"type": "Feature", "geometry": {"type": "Point", "coordinates": [-91.154955, 30.398198]}, "properties": {"crashes": 35, "injury": 29, "fatal": 0, "pedestrian": 0, "bicycle": 0, "density": 8.8, "year_range": "unknown"}}, {"type": "Feature", "geometry": {"type": "Point", "coordinates": [-91.147748, 30.409009]}, "properties": {"crashes": 68, "injury": 50, "fatal": 0, "pedestrian": 0, "bicycle": 0, "density": 17.0, "year_range": "unknown"}}, {"type": "Feature", "geometry": {"type": "Point", "coordinates": [-91.14955, 30.409009]}, "properties": {"crashes": 5, "injury": 4, "fatal": 0, "pedestrian": 0, "bicycle": 0, "density": 1.2, "year_range": "unknown"}}, {"type": "Feature", "geometry": {"type": "Point", "coordinates": [-91.151351, 30.418018]}, "properties": {"crashes": 2, "injury": 2, "fatal": 0, "pedestrian": 0, "bicycle": 0, "density": 0.5, "year_range": "unknown"}}, {"type": "Feature", "geometry": {"type": "Point", "coordinates": [-91.151351, 30.416216]}, "properties": {"crashes": 1, "injury": 1, "fatal": 0, "pedestrian": 0, "bicycle": 0, "density": 0.2, "year_range": "unknown"}}, {"type": "Feature", "geometry": {"type": "Point", "coordinates": [-91.147748, 30.414414]}, "properties": {"crashes": 3, "injury": 2, "fatal": 0, "pedestrian": 0, "bicycle": 0, "density": 0.8, "year_range": "unknown"}}, {"type": "Feature", "geometry": {"type": "Point", "coordinates": [-91.147748, 30.416216]}, "properties": {"crashes": 4, "injury": 4, "fatal": 0, "pedestrian": 0, "bicycle": 0, "density": 1.0, "year_range": "unknown"}}, {"type": "Feature", "geometry": {"type": "Point", "coordinates": [-91.14955, 30.418018]}, "properties": {"crashes": 1, "injury": 1, "fatal": 0, "pedestrian": 0, "bicycle": 0, "density": 0.2, "year_range": "unknown"}}, {"type": "Feature", "geometry": {"type": "Point", "coordinates": [-91.153153, 30.414414]}, "properties": {"crashes": 1, "injury": 1, "fatal": 0, "pedestrian": 0, "bicycle": 0, "density": 0.2, "year_range": "unknown"}}, {"type": "Feature", "geometry": {"type": "Point", "coordinates": [-91.151351, 30.414414]}, "properties": {"crashes": 1, "injury": 1, "fatal": 0, "pedestrian": 0, "bicycle": 0, "density": 0.2, "year_range": "unknown"}}, {"type": "Feature", "geometry": {"type": "Point", "coordinates": [-91.14955, 30.414414]}, "properties": {"crashes": 7, "injury": 6, "fatal": 0, "pedestrian": 0, "bicycle": 0, "density": 1.8, "year_range": "unknown"}}, {"type": "Feature", "geometry": {"type": "Point", "coordinates": [-91.14955, 30.412613]}, "properties": {"crashes": 1, "injury": 1, "fatal": 0, "pedestrian": 0, "bicycle": 0, "density": 0.2, "year_range": "unknown"}}, {"type": "Feature", "geometry": {"type": "Point", "coordinates": [-91.147748, 30.412613]}, "properties": {"crashes": 4, "injury": 4, "fatal": 0, "pedestrian": 0, "bicycle": 0, "density": 1.0, "year_range": "unknown"}}, {"type": "Feature", "geometry": {"type": "Point", "coordinates": [-91.14955, 30.410811]}, "properties": {"crashes": 5, "injury": 2, "fatal": 0, "pedestrian": 0, "bicycle": 0, "density": 1.2, "year_range": "unknown"}}, {"type": "Feature", "geometry": {"type": "Point", "coordinates": [-91.135135, 30.412613]}, "properties": {"crashes": 11, "injury": 7, "fatal": 0, "pedestrian": 0, "bicycle": 0, "density": 2.8, "year_range": "unknown"}}, {"type": "Feature", "geometry": {"type": "Point", "coordinates": [-91.133333, 30.412613]}, "properties": {"crashes": 4, "injury": 4, "fatal": 0, "pedestrian": 0, "bicycle": 0, "density": 1.0, "year_range": "unknown"}}, {"type": "Feature", "geometry": {"type": "Point", "coordinates": [-91.138739, 30.412613]}, "properties": {"crashes": 1, "injury": 1, "fatal": 0, "pedestrian": 0, "bicycle": 0, "density": 0.2, "year_range": "unknown"}}, {"type": "Feature", "geometry": {"type": "Point", "coordinates": [-91.131532, 30.410811]}, "properties": {"crashes": 28, "injury": 23, "fatal": 0, "pedestrian": 1, "bicycle": 0, "density": 7.0, "year_range": "unknown"}}, {"type": "Feature", "geometry": {"type": "Point", "coordinates": [-91.133333, 30.410811]}, "properties": {"crashes": 10, "injury": 9, "fatal": 0, "pedestrian": 0, "bicycle": 0, "density": 2.5, "year_range": "unknown"}}, {"type": "Feature", "geometry": {"type": "Point", "coordinates": [-91.127928, 30.409009]}, "properties": {"crashes": 5, "injury": 5, "fatal": 0, "pedestrian": 0, "bicycle": 0, "density": 1.2, "year_range": "unknown"}}, {"type": "Feature", "geometry": {"type": "Point", "coordinates": [-91.126126, 30.407207]}, "properties": {"crashes": 11, "injury": 6, "fatal": 0, "pedestrian": 0, "bicycle": 0, "density": 2.8, "year_range": "unknown"}}, {"type": "Feature", "geometry": {"type": "Point", "coordinates": [-91.136937, 30.407207]}, "properties": {"crashes": 1, "injury": 1, "fatal": 0, "pedestrian": 0, "bicycle": 0, "density": 0.2, "year_range": "unknown"}}, {"type": "Feature", "geometry": {"type": "Point", "coordinates": [-91.124324, 30.407207]}, "properties": {"crashes": 4, "injury": 3, "fatal": 0, "pedestrian": 0, "bicycle": 0, "density": 1.0, "year_range": "unknown"}}, {"type": "Feature", "geometry": {"type": "Point", "coordinates": [-91.120721, 30.403604]}, "properties": {"crashes": 6, "injury": 4, "fatal": 0, "pedestrian": 0, "bicycle": 0, "density": 1.5, "year_range": "unknown"}}, {"type": "Feature", "geometry": {"type": "Point", "coordinates": [-91.122523, 30.403604]}, "properties": {"crashes": 5, "injury": 2, "fatal": 0, "pedestrian": 0, "bicycle": 0, "density": 1.2, "year_range": "unknown"}}, {"type": "Feature", "geometry": {"type": "Point", "coordinates": [-91.122523, 30.405405]}, "properties": {"crashes": 18, "injury": 16, "fatal": 0, "pedestrian": 0, "bicycle": 0, "density": 4.5, "year_range": "unknown"}}, {"type": "Feature", "geometry": {"type": "Point", "coordinates": [-91.124324, 30.405405]}, "properties": {"crashes": 20, "injury": 15, "fatal": 0, "pedestrian": 0, "bicycle": 0, "density": 5.0, "year_range": "unknown"}}, {"type": "Feature", "geometry": {"type": "Point", "coordinates": [-91.133333, 30.403604]}, "properties": {"crashes": 1, "injury": 1, "fatal": 0, "pedestrian": 0, "bicycle": 0, "density": 0.2, "year_range": "unknown"}}, {"type": "Feature", "geometry": {"type": "Point", "coordinates": [-91.131532, 30.405405]}, "properties": {"crashes": 1, "injury": 1, "fatal": 0, "pedestrian": 0, "bicycle": 0, "density": 0.2, "year_range": "unknown"}}, {"type": "Feature", "geometry": {"type": "Point", "coordinates": [-91.12973, 30.409009]}, "properties": {"crashes": 7, "injury": 5, "fatal": 0, "pedestrian": 0, "bicycle": 0, "density": 1.8, "year_range": "unknown"}}, {"type": "Feature", "geometry": {"type": "Point", "coordinates": [-91.120721, 30.401802]}, "properties": {"crashes": 4, "injury": 3, "fatal": 0, "pedestrian": 0, "bicycle": 0, "density": 1.0, "year_range": "unknown"}}, {"type": "Feature", "geometry": {"type": "Point", "coordinates": [-91.118919, 30.401802]}, "properties": {"crashes": 9, "injury": 7, "fatal": 0, "pedestrian": 0, "bicycle": 0, "density": 2.2, "year_range": "unknown"}}, {"type": "Feature", "geometry": {"type": "Point", "coordinates": [-91.145946, 30.407207]}, "properties": {"crashes": 1, "injury": 1, "fatal": 0, "pedestrian": 0, "bicycle": 0, "density": 0.2, "year_range": "unknown"}}, {"type": "Feature", "geometry": {"type": "Point", "coordinates": [-91.144144, 30.409009]}, "properties": {"crashes": 6, "injury": 5, "fatal": 0, "pedestrian": 0, "bicycle": 0, "density": 1.5, "year_range": "unknown"}}, {"type": "Feature", "geometry": {"type": "Point", "coordinates": [-91.142342, 30.405405]}, "properties": {"crashes": 1, "injury": 1, "fatal": 0, "pedestrian": 0, "bicycle": 0, "density": 0.2, "year_range": "unknown"}}, {"type": "Feature", "geometry": {"type": "Point", "coordinates": [-91.135135, 30.403604]}, "properties": {"crashes": 1, "injury": 1, "fatal": 0, "pedestrian": 0, "bicycle": 0, "density": 0.2, "year_range": "unknown"}}, {"type": "Feature", "geometry": {"type": "Point", "coordinates": [-91.122523, 30.407207]}, "properties": {"crashes": 1, "injury": 1, "fatal": 0, "pedestrian": 0, "bicycle": 0, "density": 0.2, "year_range": "unknown"}}, {"type": "Feature", "geometry": {"type": "Point", "coordinates": [-91.126126, 30.412613]}, "properties": {"crashes": 1, "injury": 1, "fatal": 0, "pedestrian": 0, "bicycle": 0, "density": 0.2, "year_range": "unknown"}}, {"type": "Feature", "geometry": {"type": "Point", "coordinates": [-91.142342, 30.410811]}, "properties": {"crashes": 3, "injury": 3, "fatal": 0, "pedestrian": 0, "bicycle": 0, "density": 0.8, "year_range": "unknown"}}, {"type": "Feature", "geometry": {"type": "Point", "coordinates": [-91.140541, 30.407207]}, "properties": {"crashes": 1, "injury": 1, "fatal": 0, "pedestrian": 0, "bicycle": 0, "density": 0.2, "year_range": "unknown"}}, {"type": "Feature", "geometry": {"type": "Point", "coordinates": [-91.142342, 30.409009]}, "properties": {"crashes": 1, "injury": 0, "fatal": 0, "pedestrian": 0, "bicycle": 0, "density": 0.2, "year_range": "unknown"}}, {"type": "Feature", "geometry": {"type": "Point", "coordinates": [-91.138739, 30.410811]}, "properties": {"crashes": 1, "injury": 1, "fatal": 0, "pedestrian": 0, "bicycle": 0, "density": 0.2, "year_range": "unknown"}}, {"type": "Feature", "geometry": {"type": "Point", "coordinates": [-91.138739, 30.409009]}, "properties": {"crashes": 1, "injury": 1, "fatal": 0, "pedestrian": 0, "bicycle": 0, "density": 0.2, "year_range": "unknown"}}, {"type": "Feature", "geometry": {"type": "Point", "coordinates": [-91.136937, 30.410811]}, "properties": {"crashes": 2, "injury": 1, "fatal": 0, "pedestrian": 0, "bicycle": 0, "density": 0.5, "year_range": "unknown"}}, {"type": "Feature", "geometry": {"type": "Point", "coordinates": [-91.145946, 30.403604]}, "properties": {"crashes": 1, "injury": 1, "fatal": 0, "pedestrian": 0, "bicycle": 0, "density": 0.2, "year_range": "unknown"}}, {"type": "Feature", "geometry": {"type": "Point", "coordinates": [-91.145946, 30.409009]}, "properties": {"crashes": 1, "injury": 1, "fatal": 0, "pedestrian": 0, "bicycle": 0, "density": 0.2, "year_range": "unknown"}}, {"type": "Feature", "geometry": {"type": "Point", "coordinates": [-91.147748, 30.407207]}, "properties": {"crashes": 1, "injury": 1, "fatal": 0, "pedestrian": 0, "bicycle": 0, "density": 0.2, "year_range": "unknown"}}, {"type": "Feature", "geometry": {"type": "Point", "coordinates": [-91.120721, 30.405405]}, "properties": {"crashes": 1, "injury": 1, "fatal": 0, "pedestrian": 0, "bicycle": 0, "density": 0.2, "year_range": "unknown"}}, {"type": "Feature", "geometry": {"type": "Point", "coordinates": [-91.156757, 30.390991]}, "properties": {"crashes": 3, "injury": 3, "fatal": 0, "pedestrian": 0, "bicycle": 0, "density": 0.8, "year_range": "unknown"}}, {"type": "Feature", "geometry": {"type": "Point", "coordinates": [-91.156757, 30.392793]}, "properties": {"crashes": 4, "injury": 4, "fatal": 0, "pedestrian": 0, "bicycle": 0, "density": 1.0, "year_range": "unknown"}}, {"type": "Feature", "geometry": {"type": "Point", "coordinates": [-91.133333, 30.392793]}, "properties": {"crashes": 1, "injury": 1, "fatal": 0, "pedestrian": 0, "bicycle": 0, "density": 0.2, "year_range": "unknown"}}, {"type": "Feature", "geometry": {"type": "Point", "coordinates": [-91.138739, 30.381982]}, "properties": {"crashes": 1, "injury": 0, "fatal": 0, "pedestrian": 1, "bicycle": 0, "density": 0.2, "year_range": "unknown"}}, {"type": "Feature", "geometry": {"type": "Point", "coordinates": [-91.136937, 30.383784]}, "properties": {"crashes": 14, "injury": 11, "fatal": 0, "pedestrian": 1, "bicycle": 0, "density": 3.5, "year_range": "unknown"}}, {"type": "Feature", "geometry": {"type": "Point", "coordinates": [-91.136937, 30.387387]}, "properties": {"crashes": 1, "injury": 1, "fatal": 0, "pedestrian": 0, "bicycle": 0, "density": 0.2, "year_range": "unknown"}}, {"type": "Feature", "geometry": {"type": "Point", "coordinates": [-91.144144, 30.392793]}, "properties": {"crashes": 1, "injury": 1, "fatal": 0, "pedestrian": 0, "bicycle": 0, "density": 0.2, "year_range": "unknown"}}, {"type": "Feature", "geometry": {"type": "Point", "coordinates": [-91.142342, 30.394595]}, "properties": {"crashes": 1, "injury": 1, "fatal": 0, "pedestrian": 0, "bicycle": 0, "density": 0.2, "year_range": "unknown"}}, {"type": "Feature", "geometry": {"type": "Point", "coordinates": [-91.151351, 30.394595]}, "properties": {"crashes": 15, "injury": 8, "fatal": 0, "pedestrian": 0, "bicycle": 0, "density": 3.8, "year_range": "unknown"}}, {"type": "Feature", "geometry": {"type": "Point", "coordinates": [-91.145946, 30.396396]}, "properties": {"crashes": 1, "injury": 1, "fatal": 0, "pedestrian": 0, "bicycle": 0, "density": 0.2, "year_range": "unknown"}}, {"type": "Feature", "geometry": {"type": "Point", "coordinates": [-91.151351, 30.387387]}, "properties": {"crashes": 7, "injury": 5, "fatal": 0, "pedestrian": 1, "bicycle": 0, "density": 1.8, "year_range": "unknown"}}, {"type": "Feature", "geometry": {"type": "Point", "coordinates": [-91.14955, 30.385586]}, "properties": {"crashes": 2, "injury": 1, "fatal": 0, "pedestrian": 1, "bicycle": 0, "density": 0.5, "year_range": "unknown"}}, {"type": "Feature", "geometry": {"type": "Point", "coordinates": [-91.147748, 30.385586]}, "properties": {"crashes": 7, "injury": 6, "fatal": 0, "pedestrian": 0, "bicycle": 0, "density": 1.8, "year_range": "unknown"}}, {"type": "Feature", "geometry": {"type": "Point", "coordinates": [-91.145946, 30.383784]}, "properties": {"crashes": 4, "injury": 3, "fatal": 0, "pedestrian": 0, "bicycle": 0, "density": 1.0, "year_range": "unknown"}}, {"type": "Feature", "geometry": {"type": "Point", "coordinates": [-91.145946, 30.385586]}, "properties": {"crashes": 1, "injury": 1, "fatal": 0, "pedestrian": 0, "bicycle": 0, "density": 0.2, "year_range": "unknown"}}, {"type": "Feature", "geometry": {"type": "Point", "coordinates": [-91.140541, 30.383784]}, "properties": {"crashes": 1, "injury": 1, "fatal": 0, "pedestrian": 0, "bicycle": 0, "density": 0.2, "year_range": "unknown"}}, {"type": "Feature", "geometry": {"type": "Point", "coordinates": [-91.138739, 30.383784]}, "properties": {"crashes": 1, "injury": 1, "fatal": 0, "pedestrian": 0, "bicycle": 0, "density": 0.2, "year_range": "unknown"}}, {"type": "Feature", "geometry": {"type": "Point", "coordinates": [-91.138739, 30.38018]}, "properties": {"crashes": 2, "injury": 2, "fatal": 0, "pedestrian": 0, "bicycle": 0, "density": 0.5, "year_range": "unknown"}}, {"type": "Feature", "geometry": {"type": "Point", "coordinates": [-91.144144, 30.390991]}, "properties": {"crashes": 1, "injury": 1, "fatal": 0, "pedestrian": 0, "bicycle": 0, "density": 0.2, "year_range": "unknown"}}, {"type": "Feature", "geometry": {"type": "Point", "coordinates": [-91.142342, 30.38018]}, "properties": {"crashes": 4, "injury": 3, "fatal": 0, "pedestrian": 0, "bicycle": 0, "density": 1.0, "year_range": "unknown"}}, {"type": "Feature", "geometry": {"type": "Point", "coordinates": [-91.140541, 30.38018]}, "properties": {"crashes": 5, "injury": 5, "fatal": 0, "pedestrian": 0, "bicycle": 0, "density": 1.2, "year_range": "unknown"}}, {"type": "Feature", "geometry": {"type": "Point", "coordinates": [-91.140541, 30.378378]}, "properties": {"crashes": 2, "injury": 2, "fatal": 0, "pedestrian": 0, "bicycle": 0, "density": 0.5, "year_range": "unknown"}}, {"type": "Feature", "geometry": {"type": "Point", "coordinates": [-91.154955, 30.390991]}, "properties": {"crashes": 4, "injury": 4, "fatal": 0, "pedestrian": 0, "bicycle": 0, "density": 1.0, "year_range": "unknown"}}, {"type": "Feature", "geometry": {"type": "Point", "coordinates": [-91.156757, 30.394595]}, "properties": {"crashes": 1, "injury": 0, "fatal": 0, "pedestrian": 0, "bicycle": 0, "density": 0.2, "year_range": "unknown"}}, {"type": "Feature", "geometry": {"type": "Point", "coordinates": [-91.154955, 30.394595]}, "properties": {"crashes": 3, "injury": 1, "fatal": 0, "pedestrian": 0, "bicycle": 0, "density": 0.8, "year_range": "unknown"}}, {"type": "Feature", "geometry": {"type": "Point", "coordinates": [-91.153153, 30.389189]}, "properties": {"crashes": 3, "injury": 3, "fatal": 0, "pedestrian": 0, "bicycle": 0, "density": 0.8, "year_range": "unknown"}}, {"type": "Feature", "geometry": {"type": "Point", "coordinates": [-91.153153, 30.396396]}, "properties": {"crashes": 1, "injury": 1, "fatal": 0, "pedestrian": 0, "bicycle": 0, "density": 0.2, "year_range": "unknown"}}, {"type": "Feature", "geometry": {"type": "Point", "coordinates": [-91.151351, 30.390991]}, "properties": {"crashes": 1, "injury": 1, "fatal": 0, "pedestrian": 0, "bicycle": 0, "density": 0.2, "year_range": "unknown"}}, {"type": "Feature", "geometry": {"type": "Point", "coordinates": [-91.145946, 30.392793]}, "properties": {"crashes": 1, "injury": 1, "fatal": 0, "pedestrian": 0, "bicycle": 0, "density": 0.2, "year_range": "unknown"}}, {"type": "Feature", "geometry": {"type": "Point", "coordinates": [-91.144144, 30.381982]}, "properties": {"crashes": 6, "injury": 6, "fatal": 0, "pedestrian": 0, "bicycle": 0, "density": 1.5, "year_range": "unknown"}}, {"type": "Feature", "geometry": {"type": "Point", "coordinates": [-91.142342, 30.381982]}, "properties": {"crashes": 1, "injury": 1, "fatal": 0, "pedestrian": 0, "bicycle": 0, "density": 0.2, "year_range": "unknown"}}, {"type": "Feature", "geometry": {"type": "Point", "coordinates": [-91.108108, 30.396396]}, "properties": {"crashes": 81, "injury": 62, "fatal": 1, "pedestrian": 2, "bicycle": 0, "density": 20.2, "year_range": "unknown"}}, {"type": "Feature", "geometry": {"type": "Point", "coordinates": [-91.108108, 30.394595]}, "properties": {"crashes": 70, "injury": 61, "fatal": 1, "pedestrian": 1, "bicycle": 0, "density": 17.5, "year_range": "unknown"}}, {"type": "Feature", "geometry": {"type": "Point", "coordinates": [-91.10991, 30.392793]}, "properties": {"crashes": 21, "injury": 17, "fatal": 0, "pedestrian": 1, "bicycle": 0, "density": 5.2, "year_range": "unknown"}}, {"type": "Feature", "geometry": {"type": "Point", "coordinates": [-91.108108, 30.392793]}, "properties": {"crashes": 24, "injury": 23, "fatal": 0, "pedestrian": 0, "bicycle": 0, "density": 6.0, "year_range": "unknown"}}, {"type": "Feature", "geometry": {"type": "Point", "coordinates": [-91.099099, 30.392793]}, "properties": {"crashes": 2, "injury": 2, "fatal": 0, "pedestrian": 0, "bicycle": 0, "density": 0.5, "year_range": "unknown"}}, {"type": "Feature", "geometry": {"type": "Point", "coordinates": [-91.10991, 30.389189]}, "properties": {"crashes": 1, "injury": 1, "fatal": 0, "pedestrian": 0, "bicycle": 0, "density": 0.2, "year_range": "unknown"}}, {"type": "Feature", "geometry": {"type": "Point", "coordinates": [-91.10991, 30.390991]}, "properties": {"crashes": 1, "injury": 1, "fatal": 0, "pedestrian": 0, "bicycle": 0, "density": 0.2, "year_range": "unknown"}}, {"type": "Feature", "geometry": {"type": "Point", "coordinates": [-91.111712, 30.385586]}, "properties": {"crashes": 40, "injury": 31, "fatal": 0, "pedestrian": 0, "bicycle": 0, "density": 10.0, "year_range": "unknown"}}, {"type": "Feature", "geometry": {"type": "Point", "coordinates": [-91.113514, 30.383784]}, "properties": {"crashes": 14, "injury": 10, "fatal": 0, "pedestrian": 1, "bicycle": 0, "density": 3.5, "year_range": "unknown"}}, {"type": "Feature", "geometry": {"type": "Point", "coordinates": [-91.113514, 30.385586]}, "properties": {"crashes": 4, "injury": 4, "fatal": 0, "pedestrian": 0, "bicycle": 0, "density": 1.0, "year_range": "unknown"}}, {"type": "Feature", "geometry": {"type": "Point", "coordinates": [-91.106306, 30.390991]}, "properties": {"crashes": 12, "injury": 8, "fatal": 0, "pedestrian": 0, "bicycle": 0, "density": 3.0, "year_range": "unknown"}}, {"type": "Feature", "geometry": {"type": "Point", "coordinates": [-91.106306, 30.392793]}, "properties": {"crashes": 6, "injury": 6, "fatal": 0, "pedestrian": 0, "bicycle": 0, "density": 1.5, "year_range": "unknown"}}, {"type": "Feature", "geometry": {"type": "Point", "coordinates": [-91.106306, 30.396396]}, "properties": {"crashes": 2, "injury": 2, "fatal": 0, "pedestrian": 0, "bicycle": 0, "density": 0.5, "year_range": "unknown"}}, {"type": "Feature", "geometry": {"type": "Point", "coordinates": [-91.104505, 30.387387]}, "properties": {"crashes": 10, "injury": 6, "fatal": 0, "pedestrian": 1, "bicycle": 0, "density": 2.5, "year_range": "unknown"}}, {"type": "Feature", "geometry": {"type": "Point", "coordinates": [-91.104505, 30.389189]}, "properties": {"crashes": 11, "injury": 11, "fatal": 0, "pedestrian": 0, "bicycle": 0, "density": 2.8, "year_range": "unknown"}}, {"type": "Feature", "geometry": {"type": "Point", "coordinates": [-91.102703, 30.390991]}, "properties": {"crashes": 1, "injury": 1, "fatal": 0, "pedestrian": 0, "bicycle": 0, "density": 0.2, "year_range": "unknown"}}, {"type": "Feature", "geometry": {"type": "Point", "coordinates": [-91.102703, 30.387387]}, "properties": {"crashes": 1, "injury": 1, "fatal": 0, "pedestrian": 0, "bicycle": 0, "density": 0.2, "year_range": "unknown"}}, {"type": "Feature", "geometry": {"type": "Point", "coordinates": [-91.100901, 30.389189]}, "properties": {"crashes": 1, "injury": 1, "fatal": 0, "pedestrian": 0, "bicycle": 0, "density": 0.2, "year_range": "unknown"}}, {"type": "Feature", "geometry": {"type": "Point", "coordinates": [-91.104505, 30.394595]}, "properties": {"crashes": 2, "injury": 2, "fatal": 0, "pedestrian": 0, "bicycle": 0, "density": 0.5, "year_range": "unknown"}}, {"type": "Feature", "geometry": {"type": "Point", "coordinates": [-91.115315, 30.38018]}, "properties": {"crashes": 5, "injury": 3, "fatal": 0, "pedestrian": 0, "bicycle": 0, "density": 1.2, "year_range": "unknown"}}, {"type": "Feature", "geometry": {"type": "Point", "coordinates": [-91.104505, 30.376577]}, "properties": {"crashes": 2, "injury": 1, "fatal": 0, "pedestrian": 0, "bicycle": 0, "density": 0.5, "year_range": "unknown"}}, {"type": "Feature", "geometry": {"type": "Point", "coordinates": [-91.104505, 30.38018]}, "properties": {"crashes": 3, "injury": 3, "fatal": 0, "pedestrian": 0, "bicycle": 0, "density": 0.8, "year_range": "unknown"}}, {"type": "Feature", "geometry": {"type": "Point", "coordinates": [-91.106306, 30.38018]}, "properties": {"crashes": 1, "injury": 0, "fatal": 0, "pedestrian": 0, "bicycle": 0, "density": 0.2, "year_range": "unknown"}}, {"type": "Feature", "geometry": {"type": "Point", "coordinates": [-91.102703, 30.38018]}, "properties": {"crashes": 3, "injury": 3, "fatal": 0, "pedestrian": 0, "bicycle": 0, "density": 0.8, "year_range": "unknown"}}, {"type": "Feature", "geometry": {"type": "Point", "coordinates": [-91.102703, 30.381982]}, "properties": {"crashes": 6, "injury": 6, "fatal": 0, "pedestrian": 0, "bicycle": 0, "density": 1.5, "year_range": "unknown"}}, {"type": "Feature", "geometry": {"type": "Point", "coordinates": [-91.106306, 30.381982]}, "properties": {"crashes": 3, "injury": 3, "fatal": 0, "pedestrian": 0, "bicycle": 0, "density": 0.8, "year_range": "unknown"}}, {"type": "Feature", "geometry": {"type": "Point", "coordinates": [-91.104505, 30.381982]}, "properties": {"crashes": 3, "injury": 2, "fatal": 0, "pedestrian": 0, "bicycle": 0, "density": 0.8, "year_range": "unknown"}}, {"type": "Feature", "geometry": {"type": "Point", "coordinates": [-91.106306, 30.383784]}, "properties": {"crashes": 8, "injury": 7, "fatal": 0, "pedestrian": 1, "bicycle": 0, "density": 2.0, "year_range": "unknown"}}, {"type": "Feature", "geometry": {"type": "Point", "coordinates": [-91.104505, 30.383784]}, "properties": {"crashes": 1, "injury": 1, "fatal": 0, "pedestrian": 0, "bicycle": 0, "density": 0.2, "year_range": "unknown"}}, {"type": "Feature", "geometry": {"type": "Point", "coordinates": [-91.113514, 30.367568]}, "properties": {"crashes": 2, "injury": 2, "fatal": 0, "pedestrian": 0, "bicycle": 0, "density": 0.5, "year_range": "unknown"}}, {"type": "Feature", "geometry": {"type": "Point", "coordinates": [-91.113514, 30.371171]}, "properties": {"crashes": 1, "injury": 1, "fatal": 0, "pedestrian": 0, "bicycle": 0, "density": 0.2, "year_range": "unknown"}}, {"type": "Feature", "geometry": {"type": "Point", "coordinates": [-91.113514, 30.372973]}, "properties": {"crashes": 1, "injury": 1, "fatal": 0, "pedestrian": 0, "bicycle": 0, "density": 0.2, "year_range": "unknown"}}, {"type": "Feature", "geometry": {"type": "Point", "coordinates": [-91.113514, 30.381982]}, "properties": {"crashes": 7, "injury": 7, "fatal": 0, "pedestrian": 0, "bicycle": 0, "density": 1.8, "year_range": "unknown"}}, {"type": "Feature", "geometry": {"type": "Point", "coordinates": [-91.120721, 30.367568]}, "properties": {"crashes": 5, "injury": 5, "fatal": 0, "pedestrian": 0, "bicycle": 0, "density": 1.2, "year_range": "unknown"}}, {"type": "Feature", "geometry": {"type": "Point", "coordinates": [-91.120721, 30.371171]}, "properties": {"crashes": 12, "injury": 10, "fatal": 0, "pedestrian": 0, "bicycle": 0, "density": 3.0, "year_range": "unknown"}}, {"type": "Feature", "geometry": {"type": "Point", "coordinates": [-91.122523, 30.367568]}, "properties": {"crashes": 7, "injury": 6, "fatal": 0, "pedestrian": 0, "bicycle": 0, "density": 1.8, "year_range": "unknown"}}, {"type": "Feature", "geometry": {"type": "Point", "coordinates": [-91.120721, 30.365766]}, "properties": {"crashes": 2, "injury": 1, "fatal": 0, "pedestrian": 0, "bicycle": 0, "density": 0.5, "year_range": "unknown"}}, {"type": "Feature", "geometry": {"type": "Point", "coordinates": [-91.118919, 30.365766]}, "properties": {"crashes": 18, "injury": 12, "fatal": 1, "pedestrian": 0, "bicycle": 0, "density": 4.5, "year_range": "unknown"}}, {"type": "Feature", "geometry": {"type": "Point", "coordinates": [-91.118919, 30.374775]}, "properties": {"crashes": 3, "injury": 3, "fatal": 0, "pedestrian": 0, "bicycle": 0, "density": 0.8, "year_range": "unknown"}}, {"type": "Feature", "geometry": {"type": "Point", "coordinates": [-91.120721, 30.374775]}, "properties": {"crashes": 1, "injury": 1, "fatal": 0, "pedestrian": 0, "bicycle": 0, "density": 0.2, "year_range": "unknown"}}, {"type": "Feature", "geometry": {"type": "Point", "coordinates": [-91.117117, 30.363964]}, "properties": {"crashes": 1, "injury": 1, "fatal": 0, "pedestrian": 0, "bicycle": 0, "density": 0.2, "year_range": "unknown"}}, {"type": "Feature", "geometry": {"type": "Point", "coordinates": [-91.117117, 30.365766]}, "properties": {"crashes": 7, "injury": 7, "fatal": 0, "pedestrian": 0, "bicycle": 0, "density": 1.8, "year_range": "unknown"}}, {"type": "Feature", "geometry": {"type": "Point", "coordinates": [-91.117117, 30.371171]}, "properties": {"crashes": 1, "injury": 1, "fatal": 0, "pedestrian": 0, "bicycle": 0, "density": 0.2, "year_range": "unknown"}}, {"type": "Feature", "geometry": {"type": "Point", "coordinates": [-91.117117, 30.372973]}, "properties": {"crashes": 1, "injury": 0, "fatal": 0, "pedestrian": 1, "bicycle": 0, "density": 0.2, "year_range": "unknown"}}, {"type": "Feature", "geometry": {"type": "Point", "coordinates": [-91.117117, 30.374775]}, "properties": {"crashes": 1, "injury": 1, "fatal": 0, "pedestrian": 0, "bicycle": 0, "density": 0.2, "year_range": "unknown"}}, {"type": "Feature", "geometry": {"type": "Point", "coordinates": [-91.117117, 30.376577]}, "properties": {"crashes": 5, "injury": 5, "fatal": 0, "pedestrian": 1, "bicycle": 0, "density": 1.2, "year_range": "unknown"}}, {"type": "Feature", "geometry": {"type": "Point", "coordinates": [-91.117117, 30.378378]}, "properties": {"crashes": 7, "injury": 6, "fatal": 0, "pedestrian": 1, "bicycle": 0, "density": 1.8, "year_range": "unknown"}}, {"type": "Feature", "geometry": {"type": "Point", "coordinates": [-91.117117, 30.38018]}, "properties": {"crashes": 2, "injury": 2, "fatal": 0, "pedestrian": 0, "bicycle": 0, "density": 0.5, "year_range": "unknown"}}, {"type": "Feature", "geometry": {"type": "Point", "coordinates": [-91.115315, 30.363964]}, "properties": {"crashes": 1, "injury": 0, "fatal": 0, "pedestrian": 0, "bicycle": 0, "density": 0.2, "year_range": "unknown"}}, {"type": "Feature", "geometry": {"type": "Point", "coordinates": [-91.115315, 30.371171]}, "properties": {"crashes": 1, "injury": 1, "fatal": 0, "pedestrian": 0, "bicycle": 0, "density": 0.2, "year_range": "unknown"}}, {"type": "Feature", "geometry": {"type": "Point", "coordinates": [-91.115315, 30.374775]}, "properties": {"crashes": 2, "injury": 1, "fatal": 0, "pedestrian": 0, "bicycle": 0, "density": 0.5, "year_range": "unknown"}}, {"type": "Feature", "geometry": {"type": "Point", "coordinates": [-91.115315, 30.376577]}, "properties": {"crashes": 3, "injury": 3, "fatal": 0, "pedestrian": 0, "bicycle": 0, "density": 0.8, "year_range": "unknown"}}, {"type": "Feature", "geometry": {"type": "Point", "coordinates": [-91.115315, 30.381982]}, "properties": {"crashes": 5, "injury": 4, "fatal": 0, "pedestrian": 0, "bicycle": 0, "density": 1.2, "year_range": "unknown"}}, {"type": "Feature", "geometry": {"type": "Point", "coordinates": [-91.124324, 30.365766]}, "properties": {"crashes": 3, "injury": 2, "fatal": 0, "pedestrian": 0, "bicycle": 0, "density": 0.8, "year_range": "unknown"}}, {"type": "Feature", "geometry": {"type": "Point", "coordinates": [-91.126126, 30.365766]}, "properties": {"crashes": 2, "injury": 2, "fatal": 0, "pedestrian": 0, "bicycle": 0, "density": 0.5, "year_range": "unknown"}}, {"type": "Feature", "geometry": {"type": "Point", "coordinates": [-91.126126, 30.367568]}, "properties": {"crashes": 1, "injury": 1, "fatal": 0, "pedestrian": 0, "bicycle": 0, "density": 0.2, "year_range": "unknown"}}, {"type": "Feature", "geometry": {"type": "Point", "coordinates": [-91.124324, 30.367568]}, "properties": {"crashes": 1, "injury": 1, "fatal": 0, "pedestrian": 0, "bicycle": 0, "density": 0.2, "year_range": "unknown"}}, {"type": "Feature", "geometry": {"type": "Point", "coordinates": [-91.100901, 30.392793]}, "properties": {"crashes": 1, "injury": 1, "fatal": 0, "pedestrian": 0, "bicycle": 0, "density": 0.2, "year_range": "unknown"}}, {"type": "Feature", "geometry": {"type": "Point", "coordinates": [-91.100901, 30.390991]}, "properties": {"crashes": 1, "injury": 1, "fatal": 0, "pedestrian": 0, "bicycle": 0, "density": 0.2, "year_range": "unknown"}}, {"type": "Feature", "geometry": {"type": "Point", "coordinates": [-91.106306, 30.389189]}, "properties": {"crashes": 5, "injury": 2, "fatal": 0, "pedestrian": 0, "bicycle": 0, "density": 1.2, "year_range": "unknown"}}, {"type": "Feature", "geometry": {"type": "Point", "coordinates": [-91.108108, 30.390991]}, "properties": {"crashes": 1, "injury": 1, "fatal": 0, "pedestrian": 0, "bicycle": 0, "density": 0.2, "year_range": "unknown"}}, {"type": "Feature", "geometry": {"type": "Point", "coordinates": [-91.10991, 30.385586]}, "properties": {"crashes": 7, "injury": 5, "fatal": 0, "pedestrian": 0, "bicycle": 0, "density": 1.8, "year_range": "unknown"}}, {"type": "Feature", "geometry": {"type": "Point", "coordinates": [-91.10991, 30.383784]}, "properties": {"crashes": 5, "injury": 3, "fatal": 0, "pedestrian": 0, "bicycle": 0, "density": 1.2, "year_range": "unknown"}}, {"type": "Feature", "geometry": {"type": "Point", "coordinates": [-91.108108, 30.385586]}, "properties": {"crashes": 3, "injury": 2, "fatal": 0, "pedestrian": 0, "bicycle": 0, "density": 0.8, "year_range": "unknown"}}, {"type": "Feature", "geometry": {"type": "Point", "coordinates": [-91.108108, 30.383784]}, "properties": {"crashes": 2, "injury": 1, "fatal": 0, "pedestrian": 0, "bicycle": 0, "density": 0.5, "year_range": "unknown"}}, {"type": "Feature", "geometry": {"type": "Point", "coordinates": [-91.108108, 30.387387]}, "properties": {"crashes": 1, "injury": 1, "fatal": 0, "pedestrian": 0, "bicycle": 0, "density": 0.2, "year_range": "unknown"}}, {"type": "Feature", "geometry": {"type": "Point", "coordinates": [-91.106306, 30.385586]}, "properties": {"crashes": 2, "injury": 2, "fatal": 0, "pedestrian": 0, "bicycle": 0, "density": 0.5, "year_range": "unknown"}}, {"type": "Feature", "geometry": {"type": "Point", "coordinates": [-91.100901, 30.38018]}, "properties": {"crashes": 2, "injury": 2, "fatal": 0, "pedestrian": 0, "bicycle": 0, "density": 0.5, "year_range": "unknown"}}, {"type": "Feature", "geometry": {"type": "Point", "coordinates": [-91.183784, 30.353153]}, "properties": {"crashes": 1, "injury": 0, "fatal": 0, "pedestrian": 0, "bicycle": 0, "density": 0.2, "year_range": "unknown"}}, {"type": "Feature", "geometry": {"type": "Point", "coordinates": [-91.172973, 30.353153]}, "properties": {"crashes": 1, "injury": 0, "fatal": 0, "pedestrian": 0, "bicycle": 0, "density": 0.2, "year_range": "unknown"}}, {"type": "Feature", "geometry": {"type": "Point", "coordinates": [-91.181982, 30.353153]}, "properties": {"crashes": 1, "injury": 1, "fatal": 0, "pedestrian": 0, "bicycle": 0, "density": 0.2, "year_range": "unknown"}}, {"type": "Feature", "geometry": {"type": "Point", "coordinates": [-91.169369, 30.351351]}, "properties": {"crashes": 1, "injury": 1, "fatal": 0, "pedestrian": 0, "bicycle": 0, "density": 0.2, "year_range": "unknown"}}, {"type": "Feature", "geometry": {"type": "Point", "coordinates": [-91.165766, 30.34955]}, "properties": {"crashes": 1, "injury": 1, "fatal": 0, "pedestrian": 0, "bicycle": 0, "density": 0.2, "year_range": "unknown"}}, {"type": "Feature", "geometry": {"type": "Point", "coordinates": [-91.163964, 30.34955]}, "properties": {"crashes": 1, "injury": 0, "fatal": 0, "pedestrian": 0, "bicycle": 0, "density": 0.2, "year_range": "unknown"}}, {"type": "Feature", "geometry": {"type": "Point", "coordinates": [-91.156757, 30.347748]}, "properties": {"crashes": 3, "injury": 3, "fatal": 0, "pedestrian": 0, "bicycle": 0, "density": 0.8, "year_range": "unknown"}}, {"type": "Feature", "geometry": {"type": "Point", "coordinates": [-91.154955, 30.34955]}, "properties": {"crashes": 1, "injury": 1, "fatal": 0, "pedestrian": 0, "bicycle": 0, "density": 0.2, "year_range": "unknown"}}, {"type": "Feature", "geometry": {"type": "Point", "coordinates": [-91.154955, 30.347748]}, "properties": {"crashes": 2, "injury": 2, "fatal": 0, "pedestrian": 0, "bicycle": 0, "density": 0.5, "year_range": "unknown"}}, {"type": "Feature", "geometry": {"type": "Point", "coordinates": [-91.153153, 30.347748]}, "properties": {"crashes": 1, "injury": 1, "fatal": 0, "pedestrian": 0, "bicycle": 0, "density": 0.2, "year_range": "unknown"}}, {"type": "Feature", "geometry": {"type": "Point", "coordinates": [-91.154955, 30.353153]}, "properties": {"crashes": 1, "injury": 1, "fatal": 0, "pedestrian": 0, "bicycle": 0, "density": 0.2, "year_range": "unknown"}}, {"type": "Feature", "geometry": {"type": "Point", "coordinates": [-91.151351, 30.345946]}, "properties": {"crashes": 2, "injury": 2, "fatal": 0, "pedestrian": 0, "bicycle": 0, "density": 0.5, "year_range": "unknown"}}, {"type": "Feature", "geometry": {"type": "Point", "coordinates": [-91.14955, 30.347748]}, "properties": {"crashes": 1, "injury": 1, "fatal": 0, "pedestrian": 0, "bicycle": 0, "density": 0.2, "year_range": "unknown"}}, {"type": "Feature", "geometry": {"type": "Point", "coordinates": [-91.144144, 30.344144]}, "properties": {"crashes": 1, "injury": 0, "fatal": 0, "pedestrian": 0, "bicycle": 0, "density": 0.2, "year_range": "unknown"}}, {"type": "Feature", "geometry": {"type": "Point", "coordinates": [-91.144144, 30.342342]}, "properties": {"crashes": 4, "injury": 4, "fatal": 0, "pedestrian": 0, "bicycle": 0, "density": 1.0, "year_range": "unknown"}}, {"type": "Feature", "geometry": {"type": "Point", "coordinates": [-91.142342, 30.342342]}, "properties": {"crashes": 1, "injury": 1, "fatal": 0, "pedestrian": 0, "bicycle": 0, "density": 0.2, "year_range": "unknown"}}, {"type": "Feature", "geometry": {"type": "Point", "coordinates": [-91.142342, 30.344144]}, "properties": {"crashes": 1, "injury": 0, "fatal": 0, "pedestrian": 0, "bicycle": 0, "density": 0.2, "year_range": "unknown"}}, {"type": "Feature", "geometry": {"type": "Point", "coordinates": [-91.142342, 30.345946]}, "properties": {"crashes": 1, "injury": 1, "fatal": 0, "pedestrian": 0, "bicycle": 0, "density": 0.2, "year_range": "unknown"}}, {"type": "Feature", "geometry": {"type": "Point", "coordinates": [-91.140541, 30.345946]}, "properties": {"crashes": 1, "injury": 1, "fatal": 0, "pedestrian": 0, "bicycle": 0, "density": 0.2, "year_range": "unknown"}}, {"type": "Feature", "geometry": {"type": "Point", "coordinates": [-91.158559, 30.347748]}, "properties": {"crashes": 2, "injury": 2, "fatal": 0, "pedestrian": 0, "bicycle": 0, "density": 0.5, "year_range": "unknown"}}, {"type": "Feature", "geometry": {"type": "Point", "coordinates": [-91.16036, 30.34955]}, "properties": {"crashes": 1, "injury": 0, "fatal": 0, "pedestrian": 0, "bicycle": 0, "density": 0.2, "year_range": "unknown"}}, {"type": "Feature", "geometry": {"type": "Point", "coordinates": [-91.154955, 30.362162]}, "properties": {"crashes": 1, "injury": 0, "fatal": 0, "pedestrian": 0, "bicycle": 0, "density": 0.2, "year_range": "unknown"}}, {"type": "Feature", "geometry": {"type": "Point", "coordinates": [-91.153153, 30.362162]}, "properties": {"crashes": 1, "injury": 1, "fatal": 0, "pedestrian": 0, "bicycle": 0, "density": 0.2, "year_range": "unknown"}}, {"type": "Feature", "geometry": {"type": "Point", "coordinates": [-91.153153, 30.363964]}, "properties": {"crashes": 1, "injury": 0, "fatal": 0, "pedestrian": 0, "bicycle": 0, "density": 0.2, "year_range": "unknown"}}, {"type": "Feature", "geometry": {"type": "Point", "coordinates": [-91.154955, 30.363964]}, "properties": {"crashes": 1, "injury": 1, "fatal": 0, "pedestrian": 0, "bicycle": 0, "density": 0.2, "year_range": "unknown"}}, {"type": "Feature", "geometry": {"type": "Point", "coordinates": [-91.097297, 30.392793]}, "properties": {"crashes": 5, "injury": 4, "fatal": 0, "pedestrian": 0, "bicycle": 0, "density": 1.2, "year_range": "unknown"}}, {"type": "Feature", "geometry": {"type": "Point", "coordinates": [-91.095495, 30.392793]}, "properties": {"crashes": 9, "injury": 9, "fatal": 0, "pedestrian": 0, "bicycle": 0, "density": 2.2, "year_range": "unknown"}}, {"type": "Feature", "geometry": {"type": "Point", "coordinates": [-91.082883, 30.387387]}, "properties": {"crashes": 38, "injury": 27, "fatal": 0, "pedestrian": 0, "bicycle": 0, "density": 9.5, "year_range": "unknown"}}, {"type": "Feature", "geometry": {"type": "Point", "coordinates": [-91.082883, 30.385586]}, "properties": {"crashes": 6, "injury": 4, "fatal": 0, "pedestrian": 0, "bicycle": 0, "density": 1.5, "year_range": "unknown"}}, {"type": "Feature", "geometry": {"type": "Point", "coordinates": [-91.081081, 30.387387]}, "properties": {"crashes": 8, "injury": 7, "fatal": 0, "pedestrian": 0, "bicycle": 0, "density": 2.0, "year_range": "unknown"}}, {"type": "Feature", "geometry": {"type": "Point", "coordinates": [-91.081081, 30.385586]}, "properties": {"crashes": 1, "injury": 1, "fatal": 0, "pedestrian": 0, "bicycle": 0, "density": 0.2, "year_range": "unknown"}}, {"type": "Feature", "geometry": {"type": "Point", "coordinates": [-91.079279, 30.385586]}, "properties": {"crashes": 1, "injury": 1, "fatal": 0, "pedestrian": 0, "bicycle": 0, "density": 0.2, "year_range": "unknown"}}, {"type": "Feature", "geometry": {"type": "Point", "coordinates": [-91.077477, 30.385586]}, "properties": {"crashes": 1, "injury": 1, "fatal": 0, "pedestrian": 0, "bicycle": 0, "density": 0.2, "year_range": "unknown"}}, {"type": "Feature", "geometry": {"type": "Point", "coordinates": [-91.086486, 30.392793]}, "properties": {"crashes": 3, "injury": 3, "fatal": 0, "pedestrian": 0, "bicycle": 0, "density": 0.8, "year_range": "unknown"}}, {"type": "Feature", "geometry": {"type": "Point", "coordinates": [-91.086486, 30.389189]}, "properties": {"crashes": 26, "injury": 25, "fatal": 0, "pedestrian": 0, "bicycle": 0, "density": 6.5, "year_range": "unknown"}}, {"type": "Feature", "geometry": {"type": "Point", "coordinates": [-91.086486, 30.387387]}, "properties": {"crashes": 9, "injury": 8, "fatal": 0, "pedestrian": 0, "bicycle": 0, "density": 2.2, "year_range": "unknown"}}, {"type": "Feature", "geometry": {"type": "Point", "coordinates": [-91.084685, 30.387387]}, "properties": {"crashes": 15, "injury": 9, "fatal": 0, "pedestrian": 1, "bicycle": 0, "density": 3.8, "year_range": "unknown"}}, {"type": "Feature", "geometry": {"type": "Point", "coordinates": [-91.084685, 30.390991]}, "properties": {"crashes": 3, "injury": 3, "fatal": 0, "pedestrian": 0, "bicycle": 0, "density": 0.8, "year_range": "unknown"}}, {"type": "Feature", "geometry": {"type": "Point", "coordinates": [-91.084685, 30.385586]}, "properties": {"crashes": 1, "injury": 1, "fatal": 0, "pedestrian": 0, "bicycle": 0, "density": 0.2, "year_range": "unknown"}}, {"type": "Feature", "geometry": {"type": "Point", "coordinates": [-91.086486, 30.385586]}, "properties": {"crashes": 2, "injury": 1, "fatal": 0, "pedestrian": 0, "bicycle": 0, "density": 0.5, "year_range": "unknown"}}, {"type": "Feature", "geometry": {"type": "Point", "coordinates": [-91.088288, 30.385586]}, "properties": {"crashes": 3, "injury": 2, "fatal": 0, "pedestrian": 0, "bicycle": 0, "density": 0.8, "year_range": "unknown"}}, {"type": "Feature", "geometry": {"type": "Point", "coordinates": [-91.088288, 30.389189]}, "properties": {"crashes": 4, "injury": 3, "fatal": 0, "pedestrian": 1, "bicycle": 0, "density": 1.0, "year_range": "unknown"}}, {"type": "Feature", "geometry": {"type": "Point", "coordinates": [-91.09009, 30.390991]}, "properties": {"crashes": 57, "injury": 41, "fatal": 0, "pedestrian": 3, "bicycle": 0, "density": 14.2, "year_range": "unknown"}}, {"type": "Feature", "geometry": {"type": "Point", "coordinates": [-91.088288, 30.392793]}, "properties": {"crashes": 15, "injury": 13, "fatal": 0, "pedestrian": 0, "bicycle": 0, "density": 3.8, "year_range": "unknown"}}, {"type": "Feature", "geometry": {"type": "Point", "coordinates": [-91.09009, 30.392793]}, "properties": {"crashes": 32, "injury": 27, "fatal": 0, "pedestrian": 0, "bicycle": 0, "density": 8.0, "year_range": "unknown"}}, {"type": "Feature", "geometry": {"type": "Point", "coordinates": [-91.091892, 30.390991]}, "properties": {"crashes": 66, "injury": 52, "fatal": 0, "pedestrian": 1, "bicycle": 0, "density": 16.5, "year_range": "unknown"}}, {"type": "Feature", "geometry": {"type": "Point", "coordinates": [-91.09009, 30.387387]}, "properties": {"crashes": 3, "injury": 2, "fatal": 0, "pedestrian": 0, "bicycle": 0, "density": 0.8, "year_range": "unknown"}}, {"type": "Feature", "geometry": {"type": "Point", "coordinates": [-91.091892, 30.387387]}, "properties": {"crashes": 7, "injury": 4, "fatal": 0, "pedestrian": 0, "bicycle": 0, "density": 1.8, "year_range": "unknown"}}, {"type": "Feature", "geometry": {"type": "Point", "coordinates": [-91.091892, 30.389189]}, "properties": {"crashes": 64, "injury": 52, "fatal": 0, "pedestrian": 0, "bicycle": 0, "density": 16.0, "year_range": "unknown"}}, {"type": "Feature", "geometry": {"type": "Point", "coordinates": [-91.091892, 30.392793]}, "properties": {"crashes": 79, "injury": 63, "fatal": 0, "pedestrian": 0, "bicycle": 0, "density": 19.8, "year_range": "unknown"}}, {"type": "Feature", "geometry": {"type": "Point", "coordinates": [-91.093694, 30.392793]}, "properties": {"crashes": 34, "injury": 29, "fatal": 0, "pedestrian": 0, "bicycle": 0, "density": 8.5, "year_range": "unknown"}}, {"type": "Feature", "geometry": {"type": "Point", "coordinates": [-91.091892, 30.394595]}, "properties": {"crashes": 3, "injury": 3, "fatal": 0, "pedestrian": 0, "bicycle": 0, "density": 0.8, "year_range": "unknown"}}, {"type": "Feature", "geometry": {"type": "Point", "coordinates": [-91.095495, 30.394595]}, "properties": {"crashes": 1, "injury": 1, "fatal": 0, "pedestrian": 0, "bicycle": 0, "density": 0.2, "year_range": "unknown"}}, {"type": "Feature", "geometry": {"type": "Point", "coordinates": [-91.093694, 30.394595]}, "properties": {"crashes": 5, "injury": 5, "fatal": 0, "pedestrian": 0, "bicycle": 0, "density": 1.2, "year_range": "unknown"}}, {"type": "Feature", "geometry": {"type": "Point", "coordinates": [-91.093694, 30.396396]}, "properties": {"crashes": 2, "injury": 2, "fatal": 0, "pedestrian": 0, "bicycle": 0, "density": 0.5, "year_range": "unknown"}}, {"type": "Feature", "geometry": {"type": "Point", "coordinates": [-91.095495, 30.396396]}, "properties": {"crashes": 1, "injury": 1, "fatal": 0, "pedestrian": 0, "bicycle": 0, "density": 0.2, "year_range": "unknown"}}, {"type": "Feature", "geometry": {"type": "Point", "coordinates": [-91.093694, 30.389189]}, "properties": {"crashes": 1, "injury": 1, "fatal": 0, "pedestrian": 0, "bicycle": 0, "density": 0.2, "year_range": "unknown"}}, {"type": "Feature", "geometry": {"type": "Point", "coordinates": [-91.063063, 30.381982]}, "properties": {"crashes": 4, "injury": 3, "fatal": 0, "pedestrian": 0, "bicycle": 0, "density": 1.0, "year_range": "unknown"}}, {"type": "Feature", "geometry": {"type": "Point", "coordinates": [-91.064865, 30.381982]}, "properties": {"crashes": 32, "injury": 32, "fatal": 0, "pedestrian": 0, "bicycle": 0, "density": 8.0, "year_range": "unknown"}}, {"type": "Feature", "geometry": {"type": "Point", "coordinates": [-91.064865, 30.383784]}, "properties": {"crashes": 26, "injury": 21, "fatal": 0, "pedestrian": 0, "bicycle": 0, "density": 6.5, "year_range": "unknown"}}, {"type": "Feature", "geometry": {"type": "Point", "coordinates": [-91.077477, 30.387387]}, "properties": {"crashes": 1, "injury": 0, "fatal": 0, "pedestrian": 0, "bicycle": 0, "density": 0.2, "year_range": "unknown"}}, {"type": "Feature", "geometry": {"type": "Point", "coordinates": [-91.084685, 30.389189]}, "properties": {"crashes": 5, "injury": 4, "fatal": 0, "pedestrian": 0, "bicycle": 0, "density": 1.2, "year_range": "unknown"}}, {"type": "Feature", "geometry": {"type": "Point", "coordinates": [-91.084685, 30.392793]}, "properties": {"crashes": 1, "injury": 1, "fatal": 0, "pedestrian": 0, "bicycle": 0, "density": 0.2, "year_range": "unknown"}}, {"type": "Feature", "geometry": {"type": "Point", "coordinates": [-91.057658, 30.376577]}, "properties": {"crashes": 13, "injury": 9, "fatal": 0, "pedestrian": 0, "bicycle": 0, "density": 3.2, "year_range": "unknown"}}, {"type": "Feature", "geometry": {"type": "Point", "coordinates": [-91.055856, 30.376577]}, "properties": {"crashes": 7, "injury": 5, "fatal": 0, "pedestrian": 0, "bicycle": 0, "density": 1.8, "year_range": "unknown"}}, {"type": "Feature", "geometry": {"type": "Point", "coordinates": [-91.055856, 30.374775]}, "properties": {"crashes": 2, "injury": 2, "fatal": 0, "pedestrian": 0, "bicycle": 0, "density": 0.5, "year_range": "unknown"}}, {"type": "Feature", "geometry": {"type": "Point", "coordinates": [-91.054054, 30.374775]}, "properties": {"crashes": 9, "injury": 6, "fatal": 0, "pedestrian": 0, "bicycle": 0, "density": 2.2, "year_range": "unknown"}}, {"type": "Feature", "geometry": {"type": "Point", "coordinates": [-91.052252, 30.372973]}, "properties": {"crashes": 5, "injury": 5, "fatal": 0, "pedestrian": 0, "bicycle": 0, "density": 1.2, "year_range": "unknown"}}, {"type": "Feature", "geometry": {"type": "Point", "coordinates": [-91.061261, 30.378378]}, "properties": {"crashes": 11, "injury": 11, "fatal": 0, "pedestrian": 0, "bicycle": 0, "density": 2.8, "year_range": "unknown"}}, {"type": "Feature", "geometry": {"type": "Point", "coordinates": [-91.059459, 30.378378]}, "properties": {"crashes": 18, "injury": 15, "fatal": 0, "pedestrian": 0, "bicycle": 0, "density": 4.5, "year_range": "unknown"}}, {"type": "Feature", "geometry": {"type": "Point", "coordinates": [-91.059459, 30.372973]}, "properties": {"crashes": 1, "injury": 1, "fatal": 0, "pedestrian": 0, "bicycle": 0, "density": 0.2, "year_range": "unknown"}}, {"type": "Feature", "geometry": {"type": "Point", "coordinates": [-91.057658, 30.372973]}, "properties": {"crashes": 1, "injury": 1, "fatal": 0, "pedestrian": 0, "bicycle": 0, "density": 0.2, "year_range": "unknown"}}, {"type": "Feature", "geometry": {"type": "Point", "coordinates": [-91.057658, 30.378378]}, "properties": {"crashes": 2, "injury": 0, "fatal": 0, "pedestrian": 0, "bicycle": 0, "density": 0.5, "year_range": "unknown"}}, {"type": "Feature", "geometry": {"type": "Point", "coordinates": [-91.057658, 30.374775]}, "properties": {"crashes": 7, "injury": 7, "fatal": 0, "pedestrian": 0, "bicycle": 0, "density": 1.8, "year_range": "unknown"}}, {"type": "Feature", "geometry": {"type": "Point", "coordinates": [-91.061261, 30.38018]}, "properties": {"crashes": 14, "injury": 11, "fatal": 1, "pedestrian": 1, "bicycle": 0, "density": 3.5, "year_range": "unknown"}}, {"type": "Feature", "geometry": {"type": "Point", "coordinates": [-91.063063, 30.38018]}, "properties": {"crashes": 17, "injury": 14, "fatal": 1, "pedestrian": 0, "bicycle": 0, "density": 4.2, "year_range": "unknown"}}, {"type": "Feature", "geometry": {"type": "Point", "coordinates": [-91.063063, 30.378378]}, "properties": {"crashes": 17, "injury": 17, "fatal": 0, "pedestrian": 0, "bicycle": 0, "density": 4.2, "year_range": "unknown"}}, {"type": "Feature", "geometry": {"type": "Point", "coordinates": [-91.063063, 30.376577]}, "properties": {"crashes": 30, "injury": 26, "fatal": 0, "pedestrian": 1, "bicycle": 0, "density": 7.5, "year_range": "unknown"}}, {"type": "Feature", "geometry": {"type": "Point", "coordinates": [-91.063063, 30.374775]}, "properties": {"crashes": 9, "injury": 9, "fatal": 0, "pedestrian": 0, "bicycle": 0, "density": 2.2, "year_range": "unknown"}}, {"type": "Feature", "geometry": {"type": "Point", "coordinates": [-91.061261, 30.374775]}, "properties": {"crashes": 3, "injury": 3, "fatal": 0, "pedestrian": 0, "bicycle": 0, "density": 0.8, "year_range": "unknown"}}, {"type": "Feature", "geometry": {"type": "Point", "coordinates": [-91.061261, 30.376577]}, "properties": {"crashes": 8, "injury": 7, "fatal": 0, "pedestrian": 0, "bicycle": 0, "density": 2.0, "year_range": "unknown"}}, {"type": "Feature", "geometry": {"type": "Point", "coordinates": [-91.061261, 30.372973]}, "properties": {"crashes": 4, "injury": 3, "fatal": 0, "pedestrian": 0, "bicycle": 0, "density": 1.0, "year_range": "unknown"}}, {"type": "Feature", "geometry": {"type": "Point", "coordinates": [-91.064865, 30.376577]}, "properties": {"crashes": 10, "injury": 7, "fatal": 0, "pedestrian": 0, "bicycle": 0, "density": 2.5, "year_range": "unknown"}}, {"type": "Feature", "geometry": {"type": "Point", "coordinates": [-91.064865, 30.378378]}, "properties": {"crashes": 48, "injury": 41, "fatal": 0, "pedestrian": 0, "bicycle": 0, "density": 12.0, "year_range": "unknown"}}, {"type": "Feature", "geometry": {"type": "Point", "coordinates": [-91.064865, 30.38018]}, "properties": {"crashes": 11, "injury": 11, "fatal": 0, "pedestrian": 0, "bicycle": 0, "density": 2.8, "year_range": "unknown"}}, {"type": "Feature", "geometry": {"type": "Point", "coordinates": [-91.064865, 30.374775]}, "properties": {"crashes": 29, "injury": 19, "fatal": 0, "pedestrian": 1, "bicycle": 0, "density": 7.2, "year_range": "unknown"}}, {"type": "Feature", "geometry": {"type": "Point", "coordinates": [-91.063063, 30.372973]}, "properties": {"crashes": 2, "injury": 1, "fatal": 0, "pedestrian": 0, "bicycle": 0, "density": 0.5, "year_range": "unknown"}}, {"type": "Feature", "geometry": {"type": "Point", "coordinates": [-91.064865, 30.372973]}, "properties": {"crashes": 1, "injury": 0, "fatal": 0, "pedestrian": 0, "bicycle": 0, "density": 0.2, "year_range": "unknown"}}, {"type": "Feature", "geometry": {"type": "Point", "coordinates": [-91.066667, 30.374775]}, "properties": {"crashes": 18, "injury": 16, "fatal": 0, "pedestrian": 1, "bicycle": 0, "density": 4.5, "year_range": "unknown"}}, {"type": "Feature", "geometry": {"type": "Point", "coordinates": [-91.066667, 30.376577]}, "properties": {"crashes": 5, "injury": 4, "fatal": 0, "pedestrian": 0, "bicycle": 0, "density": 1.2, "year_range": "unknown"}}, {"type": "Feature", "geometry": {"type": "Point", "coordinates": [-91.066667, 30.378378]}, "properties": {"crashes": 17, "injury": 15, "fatal": 0, "pedestrian": 0, "bicycle": 0, "density": 4.2, "year_range": "unknown"}}, {"type": "Feature", "geometry": {"type": "Point", "coordinates": [-91.066667, 30.38018]}, "properties": {"crashes": 37, "injury": 34, "fatal": 0, "pedestrian": 0, "bicycle": 0, "density": 9.2, "year_range": "unknown"}}, {"type": "Feature", "geometry": {"type": "Point", "coordinates": [-91.066667, 30.381982]}, "properties": {"crashes": 4, "injury": 4, "fatal": 0, "pedestrian": 0, "bicycle": 0, "density": 1.0, "year_range": "unknown"}}, {"type": "Feature", "geometry": {"type": "Point", "coordinates": [-91.068468, 30.374775]}, "properties": {"crashes": 3, "injury": 1, "fatal": 0, "pedestrian": 0, "bicycle": 0, "density": 0.8, "year_range": "unknown"}}, {"type": "Feature", "geometry": {"type": "Point", "coordinates": [-91.068468, 30.376577]}, "properties": {"crashes": 8, "injury": 7, "fatal": 0, "pedestrian": 0, "bicycle": 0, "density": 2.0, "year_range": "unknown"}}, {"type": "Feature", "geometry": {"type": "Point", "coordinates": [-91.075676, 30.484685]}, "properties": {"crashes": 1, "injury": 1, "fatal": 0, "pedestrian": 0, "bicycle": 0, "density": 0.2, "year_range": "unknown"}}, {"type": "Feature", "geometry": {"type": "Point", "coordinates": [-91.075676, 30.486486]}, "properties": {"crashes": 7, "injury": 6, "fatal": 0, "pedestrian": 0, "bicycle": 0, "density": 1.8, "year_range": "unknown"}}, {"type": "Feature", "geometry": {"type": "Point", "coordinates": [-91.077477, 30.486486]}, "properties": {"crashes": 7, "injury": 4, "fatal": 0, "pedestrian": 0, "bicycle": 0, "density": 1.8, "year_range": "unknown"}}, {"type": "Feature", "geometry": {"type": "Point", "coordinates": [-91.075676, 30.488288]}, "properties": {"crashes": 22, "injury": 13, "fatal": 1, "pedestrian": 2, "bicycle": 0, "density": 5.5, "year_range": "unknown"}}, {"type": "Feature", "geometry": {"type": "Point", "coordinates": [-91.077477, 30.488288]}, "properties": {"crashes": 16, "injury": 8, "fatal": 0, "pedestrian": 0, "bicycle": 0, "density": 4.0, "year_range": "unknown"}}, {"type": "Feature", "geometry": {"type": "Point", "coordinates": [-91.082883, 30.484685]}, "properties": {"crashes": 55, "injury": 39, "fatal": 0, "pedestrian": 1, "bicycle": 0, "density": 13.8, "year_range": "unknown"}}, {"type": "Feature", "geometry": {"type": "Point", "coordinates": [-91.082883, 30.486486]}, "properties": {"crashes": 4, "injury": 4, "fatal": 0, "pedestrian": 0, "bicycle": 0, "density": 1.0, "year_range": "unknown"}}, {"type": "Feature", "geometry": {"type": "Point", "coordinates": [-91.081081, 30.484685]}, "properties": {"crashes": 2, "injury": 1, "fatal": 0, "pedestrian": 0, "bicycle": 0, "density": 0.5, "year_range": "unknown"}}, {"type": "Feature", "geometry": {"type": "Point", "coordinates": [-91.081081, 30.486486]}, "properties": {"crashes": 10, "injury": 9, "fatal": 0, "pedestrian": 0, "bicycle": 0, "density": 2.5, "year_range": "unknown"}}, {"type": "Feature", "geometry": {"type": "Point", "coordinates": [-91.079279, 30.486486]}, "properties": {"crashes": 6, "injury": 3, "fatal": 0, "pedestrian": 0, "bicycle": 0, "density": 1.5, "year_range": "unknown"}}, {"type": "Feature", "geometry": {"type": "Point", "coordinates": [-91.082883, 30.482883]}, "properties": {"crashes": 1, "injury": 1, "fatal": 0, "pedestrian": 0, "bicycle": 0, "density": 0.2, "year_range": "unknown"}}, {"type": "Feature", "geometry": {"type": "Point", "coordinates": [-91.081081, 30.475676]}, "properties": {"crashes": 1, "injury": 1, "fatal": 0, "pedestrian": 0, "bicycle": 0, "density": 0.2, "year_range": "unknown"}}, {"type": "Feature", "geometry": {"type": "Point", "coordinates": [-91.082883, 30.475676]}, "properties": {"crashes": 21, "injury": 19, "fatal": 1, "pedestrian": 1, "bicycle": 0, "density": 5.2, "year_range": "unknown"}}, {"type": "Feature", "geometry": {"type": "Point", "coordinates": [-91.081081, 30.477477]}, "properties": {"crashes": 1, "injury": 1, "fatal": 0, "pedestrian": 0, "bicycle": 0, "density": 0.2, "year_range": "unknown"}}, {"type": "Feature", "geometry": {"type": "Point", "coordinates": [-91.082883, 30.477477]}, "properties": {"crashes": 7, "injury": 6, "fatal": 0, "pedestrian": 0, "bicycle": 0, "density": 1.8, "year_range": "unknown"}}, {"type": "Feature", "geometry": {"type": "Point", "coordinates": [-91.082883, 30.479279]}, "properties": {"crashes": 7, "injury": 6, "fatal": 0, "pedestrian": 1, "bicycle": 0, "density": 1.8, "year_range": "unknown"}}, {"type": "Feature", "geometry": {"type": "Point", "coordinates": [-91.084685, 30.473874]}, "properties": {"crashes": 5, "injury": 2, "fatal": 0, "pedestrian": 0, "bicycle": 0, "density": 1.2, "year_range": "unknown"}}, {"type": "Feature", "geometry": {"type": "Point", "coordinates": [-91.082883, 30.473874]}, "properties": {"crashes": 9, "injury": 7, "fatal": 0, "pedestrian": 1, "bicycle": 0, "density": 2.2, "year_range": "unknown"}}, {"type": "Feature", "geometry": {"type": "Point", "coordinates": [-91.082883, 30.481081]}, "properties": {"crashes": 1, "injury": 1, "fatal": 0, "pedestrian": 0, "bicycle": 0, "density": 0.2, "year_range": "unknown"}}, {"type": "Feature", "geometry": {"type": "Point", "coordinates": [-91.081081, 30.479279]}, "properties": {"crashes": 1, "injury": 1, "fatal": 0, "pedestrian": 0, "bicycle": 0, "density": 0.2, "year_range": "unknown"}}, {"type": "Feature", "geometry": {"type": "Point", "coordinates": [-91.079279, 30.479279]}, "properties": {"crashes": 1, "injury": 1, "fatal": 0, "pedestrian": 0, "bicycle": 0, "density": 0.2, "year_range": "unknown"}}, {"type": "Feature", "geometry": {"type": "Point", "coordinates": [-91.077477, 30.481081]}, "properties": {"crashes": 3, "injury": 2, "fatal": 0, "pedestrian": 0, "bicycle": 0, "density": 0.8, "year_range": "unknown"}}, {"type": "Feature", "geometry": {"type": "Point", "coordinates": [-91.077477, 30.479279]}, "properties": {"crashes": 3, "injury": 3, "fatal": 0, "pedestrian": 0, "bicycle": 0, "density": 0.8, "year_range": "unknown"}}, {"type": "Feature", "geometry": {"type": "Point", "coordinates": [-91.07027, 30.488288]}, "properties": {"crashes": 2, "injury": 2, "fatal": 0, "pedestrian": 0, "bicycle": 0, "density": 0.5, "year_range": "unknown"}}, {"type": "Feature", "geometry": {"type": "Point", "coordinates": [-91.072072, 30.49009]}, "properties": {"crashes": 14, "injury": 9, "fatal": 0, "pedestrian": 0, "bicycle": 0, "density": 3.5, "year_range": "unknown"}}, {"type": "Feature", "geometry": {"type": "Point", "coordinates": [-91.072072, 30.491892]}, "properties": {"crashes": 11, "injury": 8, "fatal": 0, "pedestrian": 1, "bicycle": 0, "density": 2.8, "year_range": "unknown"}}, {"type": "Feature", "geometry": {"type": "Point", "coordinates": [-91.073874, 30.49009]}, "properties": {"crashes": 11, "injury": 8, "fatal": 0, "pedestrian": 0, "bicycle": 0, "density": 2.8, "year_range": "unknown"}}, {"type": "Feature", "geometry": {"type": "Point", "coordinates": [-91.073874, 30.488288]}, "properties": {"crashes": 25, "injury": 24, "fatal": 0, "pedestrian": 0, "bicycle": 0, "density": 6.2, "year_range": "unknown"}}, {"type": "Feature", "geometry": {"type": "Point", "coordinates": [-91.075676, 30.482883]}, "properties": {"crashes": 4, "injury": 4, "fatal": 0, "pedestrian": 0, "bicycle": 0, "density": 1.0, "year_range": "unknown"}}, {"type": "Feature", "geometry": {"type": "Point", "coordinates": [-91.075676, 30.49009]}, "properties": {"crashes": 3, "injury": 3, "fatal": 0, "pedestrian": 0, "bicycle": 0, "density": 0.8, "year_range": "unknown"}}, {"type": "Feature", "geometry": {"type": "Point", "coordinates": [-91.072072, 30.482883]}, "properties": {"crashes": 2, "injury": 2, "fatal": 0, "pedestrian": 0, "bicycle": 0, "density": 0.5, "year_range": "unknown"}}, {"type": "Feature", "geometry": {"type": "Point", "coordinates": [-91.073874, 30.484685]}, "properties": {"crashes": 1, "injury": 1, "fatal": 0, "pedestrian": 0, "bicycle": 0, "density": 0.2, "year_range": "unknown"}}, {"type": "Feature", "geometry": {"type": "Point", "coordinates": [-91.072072, 30.486486]}, "properties": {"crashes": 2, "injury": 1, "fatal": 0, "pedestrian": 0, "bicycle": 0, "density": 0.5, "year_range": "unknown"}}, {"type": "Feature", "geometry": {"type": "Point", "coordinates": [-91.07027, 30.486486]}, "properties": {"crashes": 3, "injury": 2, "fatal": 0, "pedestrian": 0, "bicycle": 0, "density": 0.8, "year_range": "unknown"}}, {"type": "Feature", "geometry": {"type": "Point", "coordinates": [-91.073874, 30.486486]}, "properties": {"crashes": 1, "injury": 1, "fatal": 0, "pedestrian": 0, "bicycle": 0, "density": 0.2, "year_range": "unknown"}}, {"type": "Feature", "geometry": {"type": "Point", "coordinates": [-91.072072, 30.472072]}, "properties": {"crashes": 23, "injury": 10, "fatal": 0, "pedestrian": 0, "bicycle": 0, "density": 5.8, "year_range": "unknown"}}, {"type": "Feature", "geometry": {"type": "Point", "coordinates": [-91.072072, 30.473874]}, "properties": {"crashes": 3, "injury": 3, "fatal": 0, "pedestrian": 0, "bicycle": 0, "density": 0.8, "year_range": "unknown"}}, {"type": "Feature", "geometry": {"type": "Point", "coordinates": [-91.073874, 30.473874]}, "properties": {"crashes": 1, "injury": 0, "fatal": 0, "pedestrian": 0, "bicycle": 0, "density": 0.2, "year_range": "unknown"}}, {"type": "Feature", "geometry": {"type": "Point", "coordinates": [-91.073874, 30.479279]}, "properties": {"crashes": 1, "injury": 0, "fatal": 0, "pedestrian": 0, "bicycle": 0, "density": 0.2, "year_range": "unknown"}}, {"type": "Feature", "geometry": {"type": "Point", "coordinates": [-91.072072, 30.479279]}, "properties": {"crashes": 1, "injury": 1, "fatal": 0, "pedestrian": 0, "bicycle": 0, "density": 0.2, "year_range": "unknown"}}, {"type": "Feature", "geometry": {"type": "Point", "coordinates": [-91.073874, 30.481081]}, "properties": {"crashes": 1, "injury": 0, "fatal": 0, "pedestrian": 0, "bicycle": 0, "density": 0.2, "year_range": "unknown"}}, {"type": "Feature", "geometry": {"type": "Point", "coordinates": [-91.07027, 30.481081]}, "properties": {"crashes": 2, "injury": 2, "fatal": 0, "pedestrian": 0, "bicycle": 0, "density": 0.5, "year_range": "unknown"}}, {"type": "Feature", "geometry": {"type": "Point", "coordinates": [-91.081081, 30.473874]}, "properties": {"crashes": 1, "injury": 1, "fatal": 0, "pedestrian": 0, "bicycle": 0, "density": 0.2, "year_range": "unknown"}}, {"type": "Feature", "geometry": {"type": "Point", "coordinates": [-91.079279, 30.473874]}, "properties": {"crashes": 1, "injury": 1, "fatal": 0, "pedestrian": 0, "bicycle": 0, "density": 0.2, "year_range": "unknown"}}, {"type": "Feature", "geometry": {"type": "Point", "coordinates": [-91.077477, 30.475676]}, "properties": {"crashes": 1, "injury": 0, "fatal": 0, "pedestrian": 0, "bicycle": 0, "density": 0.2, "year_range": "unknown"}}, {"type": "Feature", "geometry": {"type": "Point", "coordinates": [-91.077477, 30.477477]}, "properties": {"crashes": 2, "injury": 0, "fatal": 0, "pedestrian": 0, "bicycle": 0, "density": 0.5, "year_range": "unknown"}}, {"type": "Feature", "geometry": {"type": "Point", "coordinates": [-91.075676, 30.473874]}, "properties": {"crashes": 1, "injury": 1, "fatal": 0, "pedestrian": 0, "bicycle": 0, "density": 0.2, "year_range": "unknown"}}, {"type": "Feature", "geometry": {"type": "Point", "coordinates": [-91.077477, 30.473874]}, "properties": {"crashes": 1, "injury": 1, "fatal": 0, "pedestrian": 0, "bicycle": 0, "density": 0.2, "year_range": "unknown"}}, {"type": "Feature", "geometry": {"type": "Point", "coordinates": [-91.075676, 30.475676]}, "properties": {"crashes": 1, "injury": 1, "fatal": 0, "pedestrian": 0, "bicycle": 0, "density": 0.2, "year_range": "unknown"}}, {"type": "Feature", "geometry": {"type": "Point", "coordinates": [-91.075676, 30.477477]}, "properties": {"crashes": 1, "injury": 1, "fatal": 0, "pedestrian": 0, "bicycle": 0, "density": 0.2, "year_range": "unknown"}}, {"type": "Feature", "geometry": {"type": "Point", "coordinates": [-91.075676, 30.479279]}, "properties": {"crashes": 1, "injury": 1, "fatal": 0, "pedestrian": 0, "bicycle": 0, "density": 0.2, "year_range": "unknown"}}, {"type": "Feature", "geometry": {"type": "Point", "coordinates": [-91.075676, 30.481081]}, "properties": {"crashes": 2, "injury": 1, "fatal": 0, "pedestrian": 0, "bicycle": 0, "density": 0.5, "year_range": "unknown"}}, {"type": "Feature", "geometry": {"type": "Point", "coordinates": [-91.061261, 30.493694]}, "properties": {"crashes": 47, "injury": 35, "fatal": 0, "pedestrian": 0, "bicycle": 0, "density": 11.8, "year_range": "unknown"}}, {"type": "Feature", "geometry": {"type": "Point", "coordinates": [-91.063063, 30.493694]}, "properties": {"crashes": 8, "injury": 5, "fatal": 0, "pedestrian": 1, "bicycle": 0, "density": 2.0, "year_range": "unknown"}}, {"type": "Feature", "geometry": {"type": "Point", "coordinates": [-91.066667, 30.491892]}, "properties": {"crashes": 3, "injury": 3, "fatal": 0, "pedestrian": 0, "bicycle": 0, "density": 0.8, "year_range": "unknown"}}, {"type": "Feature", "geometry": {"type": "Point", "coordinates": [-91.066667, 30.493694]}, "properties": {"crashes": 3, "injury": 3, "fatal": 0, "pedestrian": 0, "bicycle": 0, "density": 0.8, "year_range": "unknown"}}, {"type": "Feature", "geometry": {"type": "Point", "coordinates": [-91.064865, 30.493694]}, "properties": {"crashes": 8, "injury": 5, "fatal": 0, "pedestrian": 0, "bicycle": 0, "density": 2.0, "year_range": "unknown"}}, {"type": "Feature", "geometry": {"type": "Point", "coordinates": [-91.064865, 30.486486]}, "properties": {"crashes": 1, "injury": 1, "fatal": 0, "pedestrian": 0, "bicycle": 0, "density": 0.2, "year_range": "unknown"}}, {"type": "Feature", "geometry": {"type": "Point", "coordinates": [-91.066667, 30.486486]}, "properties": {"crashes": 1, "injury": 1, "fatal": 0, "pedestrian": 0, "bicycle": 0, "density": 0.2, "year_range": "unknown"}}, {"type": "Feature", "geometry": {"type": "Point", "coordinates": [-91.068468, 30.486486]}, "properties": {"crashes": 1, "injury": 0, "fatal": 0, "pedestrian": 0, "bicycle": 0, "density": 0.2, "year_range": "unknown"}}, {"type": "Feature", "geometry": {"type": "Point", "coordinates": [-91.064865, 30.488288]}, "properties": {"crashes": 2, "injury": 2, "fatal": 0, "pedestrian": 0, "bicycle": 0, "density": 0.5, "year_range": "unknown"}}, {"type": "Feature", "geometry": {"type": "Point", "coordinates": [-91.066667, 30.49009]}, "properties": {"crashes": 1, "injury": 0, "fatal": 0, "pedestrian": 0, "bicycle": 0, "density": 0.2, "year_range": "unknown"}}, {"type": "Feature", "geometry": {"type": "Point", "coordinates": [-91.068468, 30.491892]}, "properties": {"crashes": 10, "injury": 6, "fatal": 1, "pedestrian": 0, "bicycle": 0, "density": 2.5, "year_range": "unknown"}}, {"type": "Feature", "geometry": {"type": "Point", "coordinates": [-91.057658, 30.481081]}, "properties": {"crashes": 13, "injury": 9, "fatal": 0, "pedestrian": 1, "bicycle": 0, "density": 3.2, "year_range": "unknown"}}, {"type": "Feature", "geometry": {"type": "Point", "coordinates": [-91.059459, 30.481081]}, "properties": {"crashes": 2, "injury": 2, "fatal": 0, "pedestrian": 0, "bicycle": 0, "density": 0.5, "year_range": "unknown"}}, {"type": "Feature", "geometry": {"type": "Point", "coordinates": [-91.057658, 30.482883]}, "properties": {"crashes": 5, "injury": 4, "fatal": 0, "pedestrian": 0, "bicycle": 0, "density": 1.2, "year_range": "unknown"}}, {"type": "Feature", "geometry": {"type": "Point", "coordinates": [-91.059459, 30.482883]}, "properties": {"crashes": 1, "injury": 1, "fatal": 0, "pedestrian": 0, "bicycle": 0, "density": 0.2, "year_range": "unknown"}}, {"type": "Feature", "geometry": {"type": "Point", "coordinates": [-91.059459, 30.484685]}, "properties": {"crashes": 14, "injury": 9, "fatal": 0, "pedestrian": 0, "bicycle": 0, "density": 3.5, "year_range": "unknown"}}, {"type": "Feature", "geometry": {"type": "Point", "coordinates": [-91.057658, 30.473874]}, "properties": {"crashes": 14, "injury": 12, "fatal": 0, "pedestrian": 0, "bicycle": 0, "density": 3.5, "year_range": "unknown"}}, {"type": "Feature", "geometry": {"type": "Point", "coordinates": [-91.057658, 30.475676]}, "properties": {"crashes": 6, "injury": 6, "fatal": 0, "pedestrian": 0, "bicycle": 0, "density": 1.5, "year_range": "unknown"}}, {"type": "Feature", "geometry": {"type": "Point", "coordinates": [-91.057658, 30.477477]}, "properties": {"crashes": 9, "injury": 6, "fatal": 0, "pedestrian": 0, "bicycle": 0, "density": 2.2, "year_range": "unknown"}}, {"type": "Feature", "geometry": {"type": "Point", "coordinates": [-91.057658, 30.479279]}, "properties": {"crashes": 13, "injury": 8, "fatal": 0, "pedestrian": 0, "bicycle": 0, "density": 3.2, "year_range": "unknown"}}, {"type": "Feature", "geometry": {"type": "Point", "coordinates": [-91.057658, 30.472072]}, "properties": {"crashes": 148, "injury": 109, "fatal": 0, "pedestrian": 3, "bicycle": 0, "density": 37.0, "year_range": "unknown"}}, {"type": "Feature", "geometry": {"type": "Point", "coordinates": [-91.066667, 30.472072]}, "properties": {"crashes": 13, "injury": 9, "fatal": 0, "pedestrian": 1, "bicycle": 0, "density": 3.2, "year_range": "unknown"}}, {"type": "Feature", "geometry": {"type": "Point", "coordinates": [-91.063063, 30.473874]}, "properties": {"crashes": 1, "injury": 1, "fatal": 0, "pedestrian": 0, "bicycle": 0, "density": 0.2, "year_range": "unknown"}}, {"type": "Feature", "geometry": {"type": "Point", "coordinates": [-91.068468, 30.481081]}, "properties": {"crashes": 1, "injury": 0, "fatal": 0, "pedestrian": 0, "bicycle": 0, "density": 0.2, "year_range": "unknown"}}, {"type": "Feature", "geometry": {"type": "Point", "coordinates": [-91.066667, 30.481081]}, "properties": {"crashes": 4, "injury": 3, "fatal": 0, "pedestrian": 0, "bicycle": 0, "density": 1.0, "year_range": "unknown"}}, {"type": "Feature", "geometry": {"type": "Point", "coordinates": [-91.068468, 30.482883]}, "properties": {"crashes": 1, "injury": 0, "fatal": 0, "pedestrian": 0, "bicycle": 0, "density": 0.2, "year_range": "unknown"}}, {"type": "Feature", "geometry": {"type": "Point", "coordinates": [-91.066667, 30.482883]}, "properties": {"crashes": 1, "injury": 1, "fatal": 0, "pedestrian": 0, "bicycle": 0, "density": 0.2, "year_range": "unknown"}}, {"type": "Feature", "geometry": {"type": "Point", "coordinates": [-91.064865, 30.482883]}, "properties": {"crashes": 1, "injury": 1, "fatal": 0, "pedestrian": 0, "bicycle": 0, "density": 0.2, "year_range": "unknown"}}, {"type": "Feature", "geometry": {"type": "Point", "coordinates": [-91.068468, 30.484685]}, "properties": {"crashes": 1, "injury": 0, "fatal": 0, "pedestrian": 0, "bicycle": 0, "density": 0.2, "year_range": "unknown"}}, {"type": "Feature", "geometry": {"type": "Point", "coordinates": [-91.066667, 30.484685]}, "properties": {"crashes": 2, "injury": 2, "fatal": 0, "pedestrian": 0, "bicycle": 0, "density": 0.5, "year_range": "unknown"}}, {"type": "Feature", "geometry": {"type": "Point", "coordinates": [-91.064865, 30.484685]}, "properties": {"crashes": 1, "injury": 1, "fatal": 0, "pedestrian": 0, "bicycle": 0, "density": 0.2, "year_range": "unknown"}}, {"type": "Feature", "geometry": {"type": "Point", "coordinates": [-91.061261, 30.479279]}, "properties": {"crashes": 1, "injury": 0, "fatal": 0, "pedestrian": 0, "bicycle": 0, "density": 0.2, "year_range": "unknown"}}, {"type": "Feature", "geometry": {"type": "Point", "coordinates": [-91.061261, 30.481081]}, "properties": {"crashes": 1, "injury": 0, "fatal": 0, "pedestrian": 0, "bicycle": 0, "density": 0.2, "year_range": "unknown"}}, {"type": "Feature", "geometry": {"type": "Point", "coordinates": [-91.061261, 30.484685]}, "properties": {"crashes": 1, "injury": 1, "fatal": 0, "pedestrian": 0, "bicycle": 0, "density": 0.2, "year_range": "unknown"}}, {"type": "Feature", "geometry": {"type": "Point", "coordinates": [-91.063063, 30.484685]}, "properties": {"crashes": 1, "injury": 1, "fatal": 0, "pedestrian": 0, "bicycle": 0, "density": 0.2, "year_range": "unknown"}}, {"type": "Feature", "geometry": {"type": "Point", "coordinates": [-91.059459, 30.486486]}, "properties": {"crashes": 1, "injury": 0, "fatal": 0, "pedestrian": 0, "bicycle": 0, "density": 0.2, "year_range": "unknown"}}, {"type": "Feature", "geometry": {"type": "Point", "coordinates": [-91.061261, 30.488288]}, "properties": {"crashes": 2, "injury": 1, "fatal": 0, "pedestrian": 0, "bicycle": 0, "density": 0.5, "year_range": "unknown"}}, {"type": "Feature", "geometry": {"type": "Point", "coordinates": [-91.061261, 30.491892]}, "properties": {"crashes": 2, "injury": 1, "fatal": 0, "pedestrian": 0, "bicycle": 0, "density": 0.5, "year_range": "unknown"}}, {"type": "Feature", "geometry": {"type": "Point", "coordinates": [-91.07027, 30.49009]}, "properties": {"crashes": 1, "injury": 0, "fatal": 0, "pedestrian": 0, "bicycle": 0, "density": 0.2, "year_range": "unknown"}}, {"type": "Feature", "geometry": {"type": "Point", "coordinates": [-91.07027, 30.491892]}, "properties": {"crashes": 7, "injury": 6, "fatal": 0, "pedestrian": 1, "bicycle": 0, "density": 1.8, "year_range": "unknown"}}, {"type": "Feature", "geometry": {"type": "Point", "coordinates": [-91.07027, 30.482883]}, "properties": {"crashes": 6, "injury": 5, "fatal": 0, "pedestrian": 0, "bicycle": 0, "density": 1.5, "year_range": "unknown"}}, {"type": "Feature", "geometry": {"type": "Point", "coordinates": [-91.055856, 30.473874]}, "properties": {"crashes": 2, "injury": 2, "fatal": 0, "pedestrian": 0, "bicycle": 0, "density": 0.5, "year_range": "unknown"}}, {"type": "Feature", "geometry": {"type": "Point", "coordinates": [-91.054054, 30.473874]}, "properties": {"crashes": 1, "injury": 1, "fatal": 0, "pedestrian": 0, "bicycle": 0, "density": 0.2, "year_range": "unknown"}}, {"type": "Feature", "geometry": {"type": "Point", "coordinates": [-91.052252, 30.473874]}, "properties": {"crashes": 1, "injury": 1, "fatal": 0, "pedestrian": 0, "bicycle": 0, "density": 0.2, "year_range": "unknown"}}, {"type": "Feature", "geometry": {"type": "Point", "coordinates": [-91.055856, 30.477477]}, "properties": {"crashes": 1, "injury": 1, "fatal": 0, "pedestrian": 0, "bicycle": 0, "density": 0.2, "year_range": "unknown"}}, {"type": "Feature", "geometry": {"type": "Point", "coordinates": [-91.190991, 30.452252]}, "properties": {"crashes": 8, "injury": 7, "fatal": 0, "pedestrian": 0, "bicycle": 0, "density": 2.0, "year_range": "unknown"}}, {"type": "Feature", "geometry": {"type": "Point", "coordinates": [-91.18018, 30.457658]}, "properties": {"crashes": 17, "injury": 13, "fatal": 0, "pedestrian": 0, "bicycle": 0, "density": 4.2, "year_range": "unknown"}}, {"type": "Feature", "geometry": {"type": "Point", "coordinates": [-91.178378, 30.457658]}, "properties": {"crashes": 50, "injury": 37, "fatal": 0, "pedestrian": 0, "bicycle": 0, "density": 12.5, "year_range": "unknown"}}, {"type": "Feature", "geometry": {"type": "Point", "coordinates": [-91.18018, 30.45045]}, "properties": {"crashes": 115, "injury": 88, "fatal": 0, "pedestrian": 2, "bicycle": 0, "density": 28.8, "year_range": "unknown"}}, {"type": "Feature", "geometry": {"type": "Point", "coordinates": [-91.181982, 30.454054]}, "properties": {"crashes": 9, "injury": 8, "fatal": 0, "pedestrian": 0, "bicycle": 0, "density": 2.2, "year_range": "unknown"}}, {"type": "Feature", "geometry": {"type": "Point", "coordinates": [-91.181982, 30.452252]}, "properties": {"crashes": 20, "injury": 17, "fatal": 0, "pedestrian": 0, "bicycle": 0, "density": 5.0, "year_range": "unknown"}}, {"type": "Feature", "geometry": {"type": "Point", "coordinates": [-91.18018, 30.452252]}, "properties": {"crashes": 70, "injury": 52, "fatal": 0, "pedestrian": 2, "bicycle": 0, "density": 17.5, "year_range": "unknown"}}, {"type": "Feature", "geometry": {"type": "Point", "coordinates": [-91.185586, 30.452252]}, "properties": {"crashes": 39, "injury": 34, "fatal": 0, "pedestrian": 1, "bicycle": 0, "density": 9.8, "year_range": "unknown"}}, {"type": "Feature", "geometry": {"type": "Point", "coordinates": [-91.183784, 30.452252]}, "properties": {"crashes": 14, "injury": 14, "fatal": 0, "pedestrian": 0, "bicycle": 0, "density": 3.5, "year_range": "unknown"}}, {"type": "Feature", "geometry": {"type": "Point", "coordinates": [-91.187387, 30.452252]}, "properties": {"crashes": 22, "injury": 19, "fatal": 0, "pedestrian": 1, "bicycle": 0, "density": 5.5, "year_range": "unknown"}}, {"type": "Feature", "geometry": {"type": "Point", "coordinates": [-91.187387, 30.45045]}, "properties": {"crashes": 25, "injury": 21, "fatal": 0, "pedestrian": 0, "bicycle": 0, "density": 6.2, "year_range": "unknown"}}, {"type": "Feature", "geometry": {"type": "Point", "coordinates": [-91.189189, 30.45045]}, "properties": {"crashes": 34, "injury": 32, "fatal": 0, "pedestrian": 0, "bicycle": 0, "density": 8.5, "year_range": "unknown"}}, {"type": "Feature", "geometry": {"type": "Point", "coordinates": [-91.189189, 30.452252]}, "properties": {"crashes": 21, "injury": 19, "fatal": 0, "pedestrian": 1, "bicycle": 0, "density": 5.2, "year_range": "unknown"}}, {"type": "Feature", "geometry": {"type": "Point", "coordinates": [-91.189189, 30.455856]}, "properties": {"crashes": 6, "injury": 5, "fatal": 0, "pedestrian": 0, "bicycle": 0, "density": 1.5, "year_range": "unknown"}}, {"type": "Feature", "geometry": {"type": "Point", "coordinates": [-91.189189, 30.457658]}, "properties": {"crashes": 2, "injury": 2, "fatal": 0, "pedestrian": 0, "bicycle": 0, "density": 0.5, "year_range": "unknown"}}, {"type": "Feature", "geometry": {"type": "Point", "coordinates": [-91.183784, 30.457658]}, "properties": {"crashes": 2, "injury": 0, "fatal": 0, "pedestrian": 1, "bicycle": 0, "density": 0.5, "year_range": "unknown"}}, {"type": "Feature", "geometry": {"type": "Point", "coordinates": [-91.183784, 30.455856]}, "properties": {"crashes": 3, "injury": 3, "fatal": 0, "pedestrian": 0, "bicycle": 0, "density": 0.8, "year_range": "unknown"}}, {"type": "Feature", "geometry": {"type": "Point", "coordinates": [-91.181982, 30.455856]}, "properties": {"crashes": 5, "injury": 5, "fatal": 0, "pedestrian": 0, "bicycle": 0, "density": 1.2, "year_range": "unknown"}}, {"type": "Feature", "geometry": {"type": "Point", "coordinates": [-91.18018, 30.455856]}, "properties": {"crashes": 69, "injury": 54, "fatal": 0, "pedestrian": 0, "bicycle": 0, "density": 17.2, "year_range": "unknown"}}, {"type": "Feature", "geometry": {"type": "Point", "coordinates": [-91.190991, 30.455856]}, "properties": {"crashes": 1, "injury": 1, "fatal": 0, "pedestrian": 0, "bicycle": 0, "density": 0.2, "year_range": "unknown"}}, {"type": "Feature", "geometry": {"type": "Point", "coordinates": [-91.187387, 30.454054]}, "properties": {"crashes": 1, "injury": 1, "fatal": 0, "pedestrian": 0, "bicycle": 0, "density": 0.2, "year_range": "unknown"}}, {"type": "Feature", "geometry": {"type": "Point", "coordinates": [-91.185586, 30.454054]}, "properties": {"crashes": 3, "injury": 3, "fatal": 0, "pedestrian": 0, "bicycle": 0, "density": 0.8, "year_range": "unknown"}}, {"type": "Feature", "geometry": {"type": "Point", "coordinates": [-91.183784, 30.454054]}, "properties": {"crashes": 2, "injury": 2, "fatal": 0, "pedestrian": 0, "bicycle": 0, "density": 0.5, "year_range": "unknown"}}, {"type": "Feature", "geometry": {"type": "Point", "coordinates": [-91.190991, 30.45045]}, "properties": {"crashes": 10, "injury": 8, "fatal": 0, "pedestrian": 0, "bicycle": 0, "density": 2.5, "year_range": "unknown"}}, {"type": "Feature", "geometry": {"type": "Point", "coordinates": [-91.185586, 30.45045]}, "properties": {"crashes": 16, "injury": 12, "fatal": 0, "pedestrian": 1, "bicycle": 0, "density": 4.0, "year_range": "unknown"}}, {"type": "Feature", "geometry": {"type": "Point", "coordinates": [-91.183784, 30.45045]}, "properties": {"crashes": 21, "injury": 15, "fatal": 0, "pedestrian": 0, "bicycle": 0, "density": 5.2, "year_range": "unknown"}}, {"type": "Feature", "geometry": {"type": "Point", "coordinates": [-91.181982, 30.45045]}, "properties": {"crashes": 5, "injury": 5, "fatal": 0, "pedestrian": 0, "bicycle": 0, "density": 1.2, "year_range": "unknown"}}, {"type": "Feature", "geometry": {"type": "Point", "coordinates": [-91.138739, 30.493694]}, "properties": {"crashes": 14, "injury": 6, "fatal": 0, "pedestrian": 1, "bicycle": 0, "density": 3.5, "year_range": "unknown"}}, {"type": "Feature", "geometry": {"type": "Point", "coordinates": [-91.133333, 30.491892]}, "properties": {"crashes": 3, "injury": 3, "fatal": 0, "pedestrian": 0, "bicycle": 0, "density": 0.8, "year_range": "unknown"}}, {"type": "Feature", "geometry": {"type": "Point", "coordinates": [-91.12973, 30.491892]}, "properties": {"crashes": 5, "injury": 5, "fatal": 0, "pedestrian": 0, "bicycle": 0, "density": 1.2, "year_range": "unknown"}}, {"type": "Feature", "geometry": {"type": "Point", "coordinates": [-91.127928, 30.491892]}, "properties": {"crashes": 4, "injury": 4, "fatal": 0, "pedestrian": 0, "bicycle": 0, "density": 1.0, "year_range": "unknown"}}, {"type": "Feature", "geometry": {"type": "Point", "coordinates": [-91.124324, 30.491892]}, "properties": {"crashes": 11, "injury": 4, "fatal": 0, "pedestrian": 0, "bicycle": 0, "density": 2.8, "year_range": "unknown"}}, {"type": "Feature", "geometry": {"type": "Point", "coordinates": [-91.138739, 30.49009]}, "properties": {"crashes": 1, "injury": 1, "fatal": 0, "pedestrian": 0, "bicycle": 0, "density": 0.2, "year_range": "unknown"}}, {"type": "Feature", "geometry": {"type": "Point", "coordinates": [-91.133333, 30.49009]}, "properties": {"crashes": 1, "injury": 1, "fatal": 0, "pedestrian": 0, "bicycle": 0, "density": 0.2, "year_range": "unknown"}}, {"type": "Feature", "geometry": {"type": "Point", "coordinates": [-91.127928, 30.49009]}, "properties": {"crashes": 1, "injury": 1, "fatal": 0, "pedestrian": 0, "bicycle": 0, "density": 0.2, "year_range": "unknown"}}, {"type": "Feature", "geometry": {"type": "Point", "coordinates": [-91.127928, 30.488288]}, "properties": {"crashes": 42, "injury": 22, "fatal": 0, "pedestrian": 0, "bicycle": 0, "density": 10.5, "year_range": "unknown"}}, {"type": "Feature", "geometry": {"type": "Point", "coordinates": [-91.135135, 30.488288]}, "properties": {"crashes": 8, "injury": 5, "fatal": 0, "pedestrian": 0, "bicycle": 0, "density": 2.0, "year_range": "unknown"}}, {"type": "Feature", "geometry": {"type": "Point", "coordinates": [-91.133333, 30.488288]}, "properties": {"crashes": 21, "injury": 10, "fatal": 0, "pedestrian": 1, "bicycle": 0, "density": 5.2, "year_range": "unknown"}}, {"type": "Feature", "geometry": {"type": "Point", "coordinates": [-91.133333, 30.486486]}, "properties": {"crashes": 2, "injury": 2, "fatal": 0, "pedestrian": 0, "bicycle": 0, "density": 0.5, "year_range": "unknown"}}, {"type": "Feature", "geometry": {"type": "Point", "coordinates": [-91.127928, 30.486486]}, "properties": {"crashes": 2, "injury": 1, "fatal": 0, "pedestrian": 0, "bicycle": 0, "density": 0.5, "year_range": "unknown"}}, {"type": "Feature", "geometry": {"type": "Point", "coordinates": [-91.127928, 30.484685]}, "properties": {"crashes": 9, "injury": 7, "fatal": 0, "pedestrian": 0, "bicycle": 0, "density": 2.2, "year_range": "unknown"}}, {"type": "Feature", "geometry": {"type": "Point", "coordinates": [-91.126126, 30.488288]}, "properties": {"crashes": 3, "injury": 1, "fatal": 0, "pedestrian": 0, "bicycle": 0, "density": 0.8, "year_range": "unknown"}}, {"type": "Feature", "geometry": {"type": "Point", "coordinates": [-91.126126, 30.49009]}, "properties": {"crashes": 1, "injury": 1, "fatal": 0, "pedestrian": 0, "bicycle": 0, "density": 0.2, "year_range": "unknown"}}, {"type": "Feature", "geometry": {"type": "Point", "coordinates": [-91.124324, 30.488288]}, "properties": {"crashes": 2, "injury": 2, "fatal": 0, "pedestrian": 0, "bicycle": 0, "density": 0.5, "year_range": "unknown"}}, {"type": "Feature", "geometry": {"type": "Point", "coordinates": [-91.131532, 30.488288]}, "properties": {"crashes": 2, "injury": 2, "fatal": 0, "pedestrian": 0, "bicycle": 0, "density": 0.5, "year_range": "unknown"}}, {"type": "Feature", "geometry": {"type": "Point", "coordinates": [-91.12973, 30.484685]}, "properties": {"crashes": 1, "injury": 1, "fatal": 0, "pedestrian": 0, "bicycle": 0, "density": 0.2, "year_range": "unknown"}}, {"type": "Feature", "geometry": {"type": "Point", "coordinates": [-91.12973, 30.488288]}, "properties": {"crashes": 4, "injury": 4, "fatal": 0, "pedestrian": 0, "bicycle": 0, "density": 1.0, "year_range": "unknown"}}, {"type": "Feature", "geometry": {"type": "Point", "coordinates": [-91.127928, 30.482883]}, "properties": {"crashes": 6, "injury": 4, "fatal": 0, "pedestrian": 0, "bicycle": 0, "density": 1.5, "year_range": "unknown"}}, {"type": "Feature", "geometry": {"type": "Point", "coordinates": [-91.127928, 30.481081]}, "properties": {"crashes": 2, "injury": 2, "fatal": 0, "pedestrian": 0, "bicycle": 0, "density": 0.5, "year_range": "unknown"}}, {"type": "Feature", "geometry": {"type": "Point", "coordinates": [-91.126126, 30.482883]}, "properties": {"crashes": 2, "injury": 2, "fatal": 0, "pedestrian": 0, "bicycle": 0, "density": 0.5, "year_range": "unknown"}}, {"type": "Feature", "geometry": {"type": "Point", "coordinates": [-91.126126, 30.484685]}, "properties": {"crashes": 1, "injury": 0, "fatal": 0, "pedestrian": 0, "bicycle": 0, "density": 0.2, "year_range": "unknown"}}, {"type": "Feature", "geometry": {"type": "Point", "coordinates": [-91.136937, 30.481081]}, "properties": {"crashes": 1, "injury": 0, "fatal": 0, "pedestrian": 0, "bicycle": 0, "density": 0.2, "year_range": "unknown"}}, {"type": "Feature", "geometry": {"type": "Point", "coordinates": [-91.135135, 30.484685]}, "properties": {"crashes": 3, "injury": 3, "fatal": 0, "pedestrian": 0, "bicycle": 0, "density": 0.8, "year_range": "unknown"}}, {"type": "Feature", "geometry": {"type": "Point", "coordinates": [-91.133333, 30.484685]}, "properties": {"crashes": 1, "injury": 0, "fatal": 0, "pedestrian": 0, "bicycle": 0, "density": 0.2, "year_range": "unknown"}}, {"type": "Feature", "geometry": {"type": "Point", "coordinates": [-91.138739, 30.484685]}, "properties": {"crashes": 2, "injury": 2, "fatal": 0, "pedestrian": 0, "bicycle": 0, "density": 0.5, "year_range": "unknown"}}, {"type": "Feature", "geometry": {"type": "Point", "coordinates": [-91.122523, 30.488288]}, "properties": {"crashes": 23, "injury": 15, "fatal": 0, "pedestrian": 0, "bicycle": 0, "density": 5.8, "year_range": "unknown"}}, {"type": "Feature", "geometry": {"type": "Point", "coordinates": [-91.122523, 30.49009]}, "properties": {"crashes": 16, "injury": 13, "fatal": 0, "pedestrian": 0, "bicycle": 0, "density": 4.0, "year_range": "unknown"}}, {"type": "Feature", "geometry": {"type": "Point", "coordinates": [-91.122523, 30.491892]}, "properties": {"crashes": 3, "injury": 2, "fatal": 0, "pedestrian": 0, "bicycle": 0, "density": 0.8, "year_range": "unknown"}}, {"type": "Feature", "geometry": {"type": "Point", "coordinates": [-91.138739, 30.488288]}, "properties": {"crashes": 21, "injury": 14, "fatal": 0, "pedestrian": 2, "bicycle": 0, "density": 5.2, "year_range": "unknown"}}, {"type": "Feature", "geometry": {"type": "Point", "coordinates": [-91.138739, 30.486486]}, "properties": {"crashes": 3, "injury": 3, "fatal": 0, "pedestrian": 0, "bicycle": 0, "density": 0.8, "year_range": "unknown"}}, {"type": "Feature", "geometry": {"type": "Point", "coordinates": [-91.136937, 30.488288]}, "properties": {"crashes": 4, "injury": 3, "fatal": 0, "pedestrian": 0, "bicycle": 0, "density": 1.0, "year_range": "unknown"}}, {"type": "Feature", "geometry": {"type": "Point", "coordinates": [-91.138739, 30.491892]}, "properties": {"crashes": 8, "injury": 4, "fatal": 0, "pedestrian": 0, "bicycle": 0, "density": 2.0, "year_range": "unknown"}}, {"type": "Feature", "geometry": {"type": "Point", "coordinates": [-91.136937, 30.491892]}, "properties": {"crashes": 1, "injury": 1, "fatal": 0, "pedestrian": 0, "bicycle": 0, "density": 0.2, "year_range": "unknown"}}, {"type": "Feature", "geometry": {"type": "Point", "coordinates": [-91.115315, 30.481081]}, "properties": {"crashes": 38, "injury": 22, "fatal": 0, "pedestrian": 0, "bicycle": 0, "density": 9.5, "year_range": "unknown"}}, {"type": "Feature", "geometry": {"type": "Point", "coordinates": [-91.117117, 30.482883]}, "properties": {"crashes": 51, "injury": 33, "fatal": 0, "pedestrian": 2, "bicycle": 0, "density": 12.8, "year_range": "unknown"}}, {"type": "Feature", "geometry": {"type": "Point", "coordinates": [-91.117117, 30.481081]}, "properties": {"crashes": 15, "injury": 8, "fatal": 0, "pedestrian": 1, "bicycle": 0, "density": 3.8, "year_range": "unknown"}}, {"type": "Feature", "geometry": {"type": "Point", "coordinates": [-91.117117, 30.484685]}, "properties": {"crashes": 11, "injury": 9, "fatal": 0, "pedestrian": 0, "bicycle": 0, "density": 2.8, "year_range": "unknown"}}, {"type": "Feature", "geometry": {"type": "Point", "coordinates": [-91.118919, 30.482883]}, "properties": {"crashes": 1, "injury": 1, "fatal": 0, "pedestrian": 0, "bicycle": 0, "density": 0.2, "year_range": "unknown"}}, {"type": "Feature", "geometry": {"type": "Point", "coordinates": [-91.118919, 30.486486]}, "properties": {"crashes": 10, "injury": 9, "fatal": 0, "pedestrian": 0, "bicycle": 0, "density": 2.5, "year_range": "unknown"}}, {"type": "Feature", "geometry": {"type": "Point", "coordinates": [-91.118919, 30.484685]}, "properties": {"crashes": 11, "injury": 8, "fatal": 0, "pedestrian": 0, "bicycle": 0, "density": 2.8, "year_range": "unknown"}}, {"type": "Feature", "geometry": {"type": "Point", "coordinates": [-91.120721, 30.486486]}, "properties": {"crashes": 18, "injury": 9, "fatal": 0, "pedestrian": 0, "bicycle": 0, "density": 4.5, "year_range": "unknown"}}, {"type": "Feature", "geometry": {"type": "Point", "coordinates": [-91.120721, 30.488288]}, "properties": {"crashes": 109, "injury": 77, "fatal": 0, "pedestrian": 2, "bicycle": 0, "density": 27.2, "year_range": "unknown"}}, {"type": "Feature", "geometry": {"type": "Point", "coordinates": [-91.120721, 30.482883]}, "properties": {"crashes": 1, "injury": 1, "fatal": 0, "pedestrian": 0, "bicycle": 0, "density": 0.2, "year_range": "unknown"}}, {"type": "Feature", "geometry": {"type": "Point", "coordinates": [-91.052252, 30.409009]}, "properties": {"crashes": 52, "injury": 41, "fatal": 0, "pedestrian": 1, "bicycle": 0, "density": 13.0, "year_range": "unknown"}}, {"type": "Feature", "geometry": {"type": "Point", "coordinates": [-91.046847, 30.409009]}, "properties": {"crashes": 1, "injury": 1, "fatal": 0, "pedestrian": 0, "bicycle": 0, "density": 0.2, "year_range": "unknown"}}, {"type": "Feature", "geometry": {"type": "Point", "coordinates": [-91.041441, 30.409009]}, "properties": {"crashes": 3, "injury": 3, "fatal": 0, "pedestrian": 0, "bicycle": 0, "density": 0.8, "year_range": "unknown"}}, {"type": "Feature", "geometry": {"type": "Point", "coordinates": [-91.05045, 30.409009]}, "properties": {"crashes": 6, "injury": 6, "fatal": 0, "pedestrian": 0, "bicycle": 0, "density": 1.5, "year_range": "unknown"}}, {"type": "Feature", "geometry": {"type": "Point", "coordinates": [-91.036036, 30.409009]}, "properties": {"crashes": 9, "injury": 7, "fatal": 0, "pedestrian": 0, "bicycle": 0, "density": 2.2, "year_range": "unknown"}}, {"type": "Feature", "geometry": {"type": "Point", "coordinates": [-91.03964, 30.407207]}, "properties": {"crashes": 1, "injury": 1, "fatal": 0, "pedestrian": 0, "bicycle": 0, "density": 0.2, "year_range": "unknown"}}, {"type": "Feature", "geometry": {"type": "Point", "coordinates": [-91.037838, 30.409009]}, "properties": {"crashes": 1, "injury": 0, "fatal": 0, "pedestrian": 0, "bicycle": 0, "density": 0.2, "year_range": "unknown"}}, {"type": "Feature", "geometry": {"type": "Point", "coordinates": [-91.036036, 30.405405]}, "properties": {"crashes": 2, "injury": 1, "fatal": 0, "pedestrian": 0, "bicycle": 0, "density": 0.5, "year_range": "unknown"}}, {"type": "Feature", "geometry": {"type": "Point", "coordinates": [-91.036036, 30.407207]}, "properties": {"crashes": 7, "injury": 4, "fatal": 0, "pedestrian": 0, "bicycle": 0, "density": 1.8, "year_range": "unknown"}}, {"type": "Feature", "geometry": {"type": "Point", "coordinates": [-91.052252, 30.407207]}, "properties": {"crashes": 22, "injury": 14, "fatal": 0, "pedestrian": 1, "bicycle": 0, "density": 5.5, "year_range": "unknown"}}, {"type": "Feature", "geometry": {"type": "Point", "coordinates": [-91.052252, 30.405405]}, "properties": {"crashes": 21, "injury": 15, "fatal": 0, "pedestrian": 0, "bicycle": 0, "density": 5.2, "year_range": "unknown"}}, {"type": "Feature", "geometry": {"type": "Point", "coordinates": [-91.037838, 30.403604]}, "properties": {"crashes": 16, "injury": 6, "fatal": 0, "pedestrian": 0, "bicycle": 0, "density": 4.0, "year_range": "unknown"}}, {"type": "Feature", "geometry": {"type": "Point", "coordinates": [-91.037838, 30.405405]}, "properties": {"crashes": 4, "injury": 2, "fatal": 0, "pedestrian": 0, "bicycle": 0, "density": 1.0, "year_range": "unknown"}}, {"type": "Feature", "geometry": {"type": "Point", "coordinates": [-91.03964, 30.405405]}, "properties": {"crashes": 3, "injury": 3, "fatal": 0, "pedestrian": 0, "bicycle": 0, "density": 0.8, "year_range": "unknown"}}, {"type": "Feature", "geometry": {"type": "Point", "coordinates": [-91.05045, 30.407207]}, "properties": {"crashes": 2, "injury": 2, "fatal": 0, "pedestrian": 0, "bicycle": 0, "density": 0.5, "year_range": "unknown"}}, {"type": "Feature", "geometry": {"type": "Point", "coordinates": [-91.05045, 30.405405]}, "properties": {"crashes": 4, "injury": 4, "fatal": 0, "pedestrian": 0, "bicycle": 0, "density": 1.0, "year_range": "unknown"}}, {"type": "Feature", "geometry": {"type": "Point", "coordinates": [-91.05045, 30.403604]}, "properties": {"crashes": 4, "injury": 4, "fatal": 0, "pedestrian": 0, "bicycle": 0, "density": 1.0, "year_range": "unknown"}}, {"type": "Feature", "geometry": {"type": "Point", "coordinates": [-91.048649, 30.407207]}, "properties": {"crashes": 1, "injury": 1, "fatal": 0, "pedestrian": 0, "bicycle": 0, "density": 0.2, "year_range": "unknown"}}, {"type": "Feature", "geometry": {"type": "Point", "coordinates": [-91.046847, 30.407207]}, "properties": {"crashes": 1, "injury": 1, "fatal": 0, "pedestrian": 0, "bicycle": 0, "density": 0.2, "year_range": "unknown"}}, {"type": "Feature", "geometry": {"type": "Point", "coordinates": [-91.045045, 30.407207]}, "properties": {"crashes": 1, "injury": 0, "fatal": 0, "pedestrian": 0, "bicycle": 0, "density": 0.2, "year_range": "unknown"}}, {"type": "Feature", "geometry": {"type": "Point", "coordinates": [-91.043243, 30.403604]}, "properties": {"crashes": 2, "injury": 2, "fatal": 0, "pedestrian": 0, "bicycle": 0, "density": 0.5, "year_range": "unknown"}}, {"type": "Feature", "geometry": {"type": "Point", "coordinates": [-91.043243, 30.405405]}, "properties": {"crashes": 2, "injury": 2, "fatal": 0, "pedestrian": 0, "bicycle": 0, "density": 0.5, "year_range": "unknown"}}, {"type": "Feature", "geometry": {"type": "Point", "coordinates": [-91.052252, 30.403604]}, "properties": {"crashes": 49, "injury": 36, "fatal": 1, "pedestrian": 3, "bicycle": 0, "density": 12.2, "year_range": "unknown"}}, {"type": "Feature", "geometry": {"type": "Point", "coordinates": [-91.05045, 30.401802]}, "properties": {"crashes": 2, "injury": 2, "fatal": 0, "pedestrian": 0, "bicycle": 0, "density": 0.5, "year_range": "unknown"}}, {"type": "Feature", "geometry": {"type": "Point", "coordinates": [-91.048649, 30.401802]}, "properties": {"crashes": 15, "injury": 14, "fatal": 0, "pedestrian": 0, "bicycle": 0, "density": 3.8, "year_range": "unknown"}}, {"type": "Feature", "geometry": {"type": "Point", "coordinates": [-91.048649, 30.4]}, "properties": {"crashes": 3, "injury": 3, "fatal": 0, "pedestrian": 0, "bicycle": 0, "density": 0.8, "year_range": "unknown"}}, {"type": "Feature", "geometry": {"type": "Point", "coordinates": [-91.045045, 30.401802]}, "properties": {"crashes": 2, "injury": 2, "fatal": 0, "pedestrian": 0, "bicycle": 0, "density": 0.5, "year_range": "unknown"}}, {"type": "Feature", "geometry": {"type": "Point", "coordinates": [-91.045045, 30.4]}, "properties": {"crashes": 1, "injury": 1, "fatal": 0, "pedestrian": 0, "bicycle": 0, "density": 0.2, "year_range": "unknown"}}, {"type": "Feature", "geometry": {"type": "Point", "coordinates": [-91.043243, 30.401802]}, "properties": {"crashes": 1, "injury": 1, "fatal": 0, "pedestrian": 0, "bicycle": 0, "density": 0.2, "year_range": "unknown"}}, {"type": "Feature", "geometry": {"type": "Point", "coordinates": [-91.041441, 30.401802]}, "properties": {"crashes": 1, "injury": 1, "fatal": 0, "pedestrian": 0, "bicycle": 0, "density": 0.2, "year_range": "unknown"}}, {"type": "Feature", "geometry": {"type": "Point", "coordinates": [-91.05045, 30.396396]}, "properties": {"crashes": 26, "injury": 19, "fatal": 0, "pedestrian": 0, "bicycle": 0, "density": 6.5, "year_range": "unknown"}}, {"type": "Feature", "geometry": {"type": "Point", "coordinates": [-91.048649, 30.396396]}, "properties": {"crashes": 5, "injury": 5, "fatal": 0, "pedestrian": 0, "bicycle": 0, "density": 1.2, "year_range": "unknown"}}, {"type": "Feature", "geometry": {"type": "Point", "coordinates": [-91.054054, 30.4]}, "properties": {"crashes": 49, "injury": 43, "fatal": 0, "pedestrian": 0, "bicycle": 0, "density": 12.2, "year_range": "unknown"}}, {"type": "Feature", "geometry": {"type": "Point", "coordinates": [-91.052252, 30.4]}, "properties": {"crashes": 3, "injury": 2, "fatal": 0, "pedestrian": 0, "bicycle": 0, "density": 0.8, "year_range": "unknown"}}, {"type": "Feature", "geometry": {"type": "Point", "coordinates": [-91.048649, 30.394595]}, "properties": {"crashes": 1, "injury": 0, "fatal": 0, "pedestrian": 0, "bicycle": 0, "density": 0.2, "year_range": "unknown"}}, {"type": "Feature", "geometry": {"type": "Point", "coordinates": [-91.046847, 30.394595]}, "properties": {"crashes": 8, "injury": 7, "fatal": 0, "pedestrian": 0, "bicycle": 0, "density": 2.0, "year_range": "unknown"}}, {"type": "Feature", "geometry": {"type": "Point", "coordinates": [-91.046847, 30.396396]}, "properties": {"crashes": 4, "injury": 4, "fatal": 0, "pedestrian": 0, "bicycle": 0, "density": 1.0, "year_range": "unknown"}}, {"type": "Feature", "geometry": {"type": "Point", "coordinates": [-91.045045, 30.394595]}, "properties": {"crashes": 10, "injury": 9, "fatal": 0, "pedestrian": 0, "bicycle": 0, "density": 2.5, "year_range": "unknown"}}, {"type": "Feature", "geometry": {"type": "Point", "coordinates": [-91.045045, 30.396396]}, "properties": {"crashes": 3, "injury": 3, "fatal": 0, "pedestrian": 0, "bicycle": 0, "density": 0.8, "year_range": "unknown"}}, {"type": "Feature", "geometry": {"type": "Point", "coordinates": [-91.043243, 30.394595]}, "properties": {"crashes": 7, "injury": 5, "fatal": 0, "pedestrian": 0, "bicycle": 0, "density": 1.8, "year_range": "unknown"}}, {"type": "Feature", "geometry": {"type": "Point", "coordinates": [-91.041441, 30.394595]}, "properties": {"crashes": 22, "injury": 16, "fatal": 0, "pedestrian": 0, "bicycle": 0, "density": 5.5, "year_range": "unknown"}}, {"type": "Feature", "geometry": {"type": "Point", "coordinates": [-91.03964, 30.394595]}, "properties": {"crashes": 69, "injury": 55, "fatal": 0, "pedestrian": 0, "bicycle": 0, "density": 17.2, "year_range": "unknown"}}, {"type": "Feature", "geometry": {"type": "Point", "coordinates": [-91.03964, 30.396396]}, "properties": {"crashes": 3, "injury": 2, "fatal": 0, "pedestrian": 0, "bicycle": 0, "density": 0.8, "year_range": "unknown"}}, {"type": "Feature", "geometry": {"type": "Point", "coordinates": [-91.037838, 30.398198]}, "properties": {"crashes": 2, "injury": 0, "fatal": 0, "pedestrian": 0, "bicycle": 0, "density": 0.5, "year_range": "unknown"}}, {"type": "Feature", "geometry": {"type": "Point", "coordinates": [-91.037838, 30.401802]}, "properties": {"crashes": 6, "injury": 4, "fatal": 0, "pedestrian": 1, "bicycle": 0, "density": 1.5, "year_range": "unknown"}}, {"type": "Feature", "geometry": {"type": "Point", "coordinates": [-91.03964, 30.392793]}, "properties": {"crashes": 28, "injury": 19, "fatal": 0, "pedestrian": 0, "bicycle": 0, "density": 7.0, "year_range": "unknown"}}, {"type": "Feature", "geometry": {"type": "Point", "coordinates": [-91.034234, 30.387387]}, "properties": {"crashes": 3, "injury": 3, "fatal": 0, "pedestrian": 0, "bicycle": 0, "density": 0.8, "year_range": "unknown"}}, {"type": "Feature", "geometry": {"type": "Point", "coordinates": [-91.036036, 30.389189]}, "properties": {"crashes": 2, "injury": 2, "fatal": 0, "pedestrian": 0, "bicycle": 0, "density": 0.5, "year_range": "unknown"}}, {"type": "Feature", "geometry": {"type": "Point", "coordinates": [-91.037838, 30.390991]}, "properties": {"crashes": 1, "injury": 1, "fatal": 0, "pedestrian": 0, "bicycle": 0, "density": 0.2, "year_range": "unknown"}}, {"type": "Feature", "geometry": {"type": "Point", "coordinates": [-91.03964, 30.383784]}, "properties": {"crashes": 2, "injury": 1, "fatal": 0, "pedestrian": 0, "bicycle": 0, "density": 0.5, "year_range": "unknown"}}, {"type": "Feature", "geometry": {"type": "Point", "coordinates": [-91.041441, 30.383784]}, "properties": {"crashes": 6, "injury": 1, "fatal": 0, "pedestrian": 0, "bicycle": 0, "density": 1.5, "year_range": "unknown"}}, {"type": "Feature", "geometry": {"type": "Point", "coordinates": [-91.037838, 30.383784]}, "properties": {"crashes": 11, "injury": 8, "fatal": 0, "pedestrian": 0, "bicycle": 0, "density": 2.8, "year_range": "unknown"}}, {"type": "Feature", "geometry": {"type": "Point", "coordinates": [-91.037838, 30.385586]}, "properties": {"crashes": 9, "injury": 9, "fatal": 0, "pedestrian": 0, "bicycle": 0, "density": 2.2, "year_range": "unknown"}}, {"type": "Feature", "geometry": {"type": "Point", "coordinates": [-91.036036, 30.385586]}, "properties": {"crashes": 12, "injury": 12, "fatal": 0, "pedestrian": 0, "bicycle": 0, "density": 3.0, "year_range": "unknown"}}, {"type": "Feature", "geometry": {"type": "Point", "coordinates": [-91.036036, 30.387387]}, "properties": {"crashes": 4, "injury": 3, "fatal": 0, "pedestrian": 0, "bicycle": 0, "density": 1.0, "year_range": "unknown"}}, {"type": "Feature", "geometry": {"type": "Point", "coordinates": [-91.037838, 30.387387]}, "properties": {"crashes": 2, "injury": 2, "fatal": 0, "pedestrian": 0, "bicycle": 0, "density": 0.5, "year_range": "unknown"}}, {"type": "Feature", "geometry": {"type": "Point", "coordinates": [-91.03964, 30.387387]}, "properties": {"crashes": 1, "injury": 1, "fatal": 0, "pedestrian": 0, "bicycle": 0, "density": 0.2, "year_range": "unknown"}}, {"type": "Feature", "geometry": {"type": "Point", "coordinates": [-91.037838, 30.389189]}, "properties": {"crashes": 2, "injury": 2, "fatal": 0, "pedestrian": 0, "bicycle": 0, "density": 0.5, "year_range": "unknown"}}, {"type": "Feature", "geometry": {"type": "Point", "coordinates": [-91.048649, 30.398198]}, "properties": {"crashes": 1, "injury": 0, "fatal": 0, "pedestrian": 0, "bicycle": 0, "density": 0.2, "year_range": "unknown"}}, {"type": "Feature", "geometry": {"type": "Point", "coordinates": [-91.03964, 30.4]}, "properties": {"crashes": 1, "injury": 0, "fatal": 0, "pedestrian": 0, "bicycle": 0, "density": 0.2, "year_range": "unknown"}}, {"type": "Feature", "geometry": {"type": "Point", "coordinates": [-91.052252, 30.401802]}, "properties": {"crashes": 18, "injury": 13, "fatal": 0, "pedestrian": 1, "bicycle": 0, "density": 4.5, "year_range": "unknown"}}, {"type": "Feature", "geometry": {"type": "Point", "coordinates": [-91.052252, 30.396396]}, "properties": {"crashes": 1, "injury": 1, "fatal": 0, "pedestrian": 0, "bicycle": 0, "density": 0.2, "year_range": "unknown"}}, {"type": "Feature", "geometry": {"type": "Point", "coordinates": [-91.052252, 30.398198]}, "properties": {"crashes": 1, "injury": 1, "fatal": 0, "pedestrian": 0, "bicycle": 0, "density": 0.2, "year_range": "unknown"}}, {"type": "Feature", "geometry": {"type": "Point", "coordinates": [-91.05045, 30.398198]}, "properties": {"crashes": 3, "injury": 3, "fatal": 0, "pedestrian": 0, "bicycle": 0, "density": 0.8, "year_range": "unknown"}}, {"type": "Feature", "geometry": {"type": "Point", "coordinates": [-91.036036, 30.381982]}, "properties": {"crashes": 43, "injury": 39, "fatal": 0, "pedestrian": 0, "bicycle": 0, "density": 10.8, "year_range": "unknown"}}, {"type": "Feature", "geometry": {"type": "Point", "coordinates": [-91.036036, 30.383784]}, "properties": {"crashes": 32, "injury": 31, "fatal": 0, "pedestrian": 0, "bicycle": 0, "density": 8.0, "year_range": "unknown"}}, {"type": "Feature", "geometry": {"type": "Point", "coordinates": [-91.036036, 30.378378]}, "properties": {"crashes": 7, "injury": 2, "fatal": 0, "pedestrian": 0, "bicycle": 0, "density": 1.8, "year_range": "unknown"}}, {"type": "Feature", "geometry": {"type": "Point", "coordinates": [-91.032432, 30.378378]}, "properties": {"crashes": 1, "injury": 1, "fatal": 0, "pedestrian": 0, "bicycle": 0, "density": 0.2, "year_range": "unknown"}}, {"type": "Feature", "geometry": {"type": "Point", "coordinates": [-91.036036, 30.38018]}, "properties": {"crashes": 1, "injury": 1, "fatal": 0, "pedestrian": 0, "bicycle": 0, "density": 0.2, "year_range": "unknown"}}, {"type": "Feature", "geometry": {"type": "Point", "coordinates": [-91.037838, 30.381982]}, "properties": {"crashes": 24, "injury": 21, "fatal": 0, "pedestrian": 0, "bicycle": 0, "density": 6.0, "year_range": "unknown"}}, {"type": "Feature", "geometry": {"type": "Point", "coordinates": [-91.034234, 30.385586]}, "properties": {"crashes": 4, "injury": 4, "fatal": 0, "pedestrian": 0, "bicycle": 0, "density": 1.0, "year_range": "unknown"}}, {"type": "Feature", "geometry": {"type": "Point", "coordinates": [-91.037838, 30.38018]}, "properties": {"crashes": 45, "injury": 38, "fatal": 0, "pedestrian": 0, "bicycle": 0, "density": 11.2, "year_range": "unknown"}}, {"type": "Feature", "geometry": {"type": "Point", "coordinates": [-91.034234, 30.376577]}, "properties": {"crashes": 3, "injury": 1, "fatal": 0, "pedestrian": 0, "bicycle": 0, "density": 0.8, "year_range": "unknown"}}, {"type": "Feature", "geometry": {"type": "Point", "coordinates": [-91.034234, 30.374775]}, "properties": {"crashes": 9, "injury": 6, "fatal": 0, "pedestrian": 0, "bicycle": 0, "density": 2.2, "year_range": "unknown"}}, {"type": "Feature", "geometry": {"type": "Point", "coordinates": [-91.041441, 30.381982]}, "properties": {"crashes": 1, "injury": 0, "fatal": 0, "pedestrian": 0, "bicycle": 0, "density": 0.2, "year_range": "unknown"}}, {"type": "Feature", "geometry": {"type": "Point", "coordinates": [-91.03964, 30.381982]}, "properties": {"crashes": 12, "injury": 12, "fatal": 0, "pedestrian": 0, "bicycle": 0, "density": 3.0, "year_range": "unknown"}}, {"type": "Feature", "geometry": {"type": "Point", "coordinates": [-91.057658, 30.430631]}, "properties": {"crashes": 109, "injury": 85, "fatal": 0, "pedestrian": 2, "bicycle": 0, "density": 27.2, "year_range": "unknown"}}, {"type": "Feature", "geometry": {"type": "Point", "coordinates": [-91.061261, 30.428829]}, "properties": {"crashes": 104, "injury": 84, "fatal": 0, "pedestrian": 0, "bicycle": 0, "density": 26.0, "year_range": "unknown"}}, {"type": "Feature", "geometry": {"type": "Point", "coordinates": [-91.064865, 30.427027]}, "properties": {"crashes": 6, "injury": 6, "fatal": 0, "pedestrian": 0, "bicycle": 0, "density": 1.5, "year_range": "unknown"}}, {"type": "Feature", "geometry": {"type": "Point", "coordinates": [-91.064865, 30.428829]}, "properties": {"crashes": 14, "injury": 9, "fatal": 0, "pedestrian": 0, "bicycle": 0, "density": 3.5, "year_range": "unknown"}}, {"type": "Feature", "geometry": {"type": "Point", "coordinates": [-91.063063, 30.428829]}, "properties": {"crashes": 51, "injury": 43, "fatal": 1, "pedestrian": 0, "bicycle": 0, "density": 12.8, "year_range": "unknown"}}, {"type": "Feature", "geometry": {"type": "Point", "coordinates": [-91.066667, 30.427027]}, "properties": {"crashes": 45, "injury": 36, "fatal": 0, "pedestrian": 0, "bicycle": 0, "density": 11.2, "year_range": "unknown"}}, {"type": "Feature", "geometry": {"type": "Point", "coordinates": [-91.057658, 30.432432]}, "properties": {"crashes": 318, "injury": 251, "fatal": 1, "pedestrian": 9, "bicycle": 0, "density": 79.5, "year_range": "unknown"}}, {"type": "Feature", "geometry": {"type": "Point", "coordinates": [-91.057658, 30.436036]}, "properties": {"crashes": 185, "injury": 159, "fatal": 0, "pedestrian": 0, "bicycle": 0, "density": 46.2, "year_range": "unknown"}}, {"type": "Feature", "geometry": {"type": "Point", "coordinates": [-91.057658, 30.434234]}, "properties": {"crashes": 63, "injury": 50, "fatal": 0, "pedestrian": 2, "bicycle": 0, "density": 15.8, "year_range": "unknown"}}, {"type": "Feature", "geometry": {"type": "Point", "coordinates": [-91.059459, 30.434234]}, "properties": {"crashes": 8, "injury": 8, "fatal": 0, "pedestrian": 0, "bicycle": 0, "density": 2.0, "year_range": "unknown"}}, {"type": "Feature", "geometry": {"type": "Point", "coordinates": [-91.061261, 30.432432]}, "properties": {"crashes": 18, "injury": 16, "fatal": 0, "pedestrian": 1, "bicycle": 0, "density": 4.5, "year_range": "unknown"}}, {"type": "Feature", "geometry": {"type": "Point", "coordinates": [-91.061261, 30.434234]}, "properties": {"crashes": 4, "injury": 3, "fatal": 0, "pedestrian": 0, "bicycle": 0, "density": 1.0, "year_range": "unknown"}}, {"type": "Feature", "geometry": {"type": "Point", "coordinates": [-91.059459, 30.432432]}, "properties": {"crashes": 9, "injury": 7, "fatal": 0, "pedestrian": 0, "bicycle": 0, "density": 2.2, "year_range": "unknown"}}, {"type": "Feature", "geometry": {"type": "Point", "coordinates": [-91.063063, 30.436036]}, "properties": {"crashes": 13, "injury": 10, "fatal": 0, "pedestrian": 0, "bicycle": 0, "density": 3.2, "year_range": "unknown"}}, {"type": "Feature", "geometry": {"type": "Point", "coordinates": [-91.061261, 30.436036]}, "properties": {"crashes": 7, "injury": 4, "fatal": 0, "pedestrian": 0, "bicycle": 0, "density": 1.8, "year_range": "unknown"}}, {"type": "Feature", "geometry": {"type": "Point", "coordinates": [-91.059459, 30.436036]}, "properties": {"crashes": 11, "injury": 8, "fatal": 0, "pedestrian": 0, "bicycle": 0, "density": 2.8, "year_range": "unknown"}}, {"type": "Feature", "geometry": {"type": "Point", "coordinates": [-91.064865, 30.434234]}, "properties": {"crashes": 66, "injury": 54, "fatal": 1, "pedestrian": 0, "bicycle": 0, "density": 16.5, "year_range": "unknown"}}, {"type": "Feature", "geometry": {"type": "Point", "coordinates": [-91.064865, 30.432432]}, "properties": {"crashes": 1, "injury": 1, "fatal": 0, "pedestrian": 0, "bicycle": 0, "density": 0.2, "year_range": "unknown"}}, {"type": "Feature", "geometry": {"type": "Point", "coordinates": [-91.063063, 30.432432]}, "properties": {"crashes": 2, "injury": 2, "fatal": 0, "pedestrian": 0, "bicycle": 0, "density": 0.5, "year_range": "unknown"}}, {"type": "Feature", "geometry": {"type": "Point", "coordinates": [-91.063063, 30.434234]}, "properties": {"crashes": 3, "injury": 2, "fatal": 0, "pedestrian": 1, "bicycle": 0, "density": 0.8, "year_range": "unknown"}}, {"type": "Feature", "geometry": {"type": "Point", "coordinates": [-91.066667, 30.434234]}, "properties": {"crashes": 105, "injury": 81, "fatal": 0, "pedestrian": 4, "bicycle": 0, "density": 26.2, "year_range": "unknown"}}, {"type": "Feature", "geometry": {"type": "Point", "coordinates": [-91.059459, 30.430631]}, "properties": {"crashes": 10, "injury": 7, "fatal": 0, "pedestrian": 0, "bicycle": 0, "density": 2.5, "year_range": "unknown"}}, {"type": "Feature", "geometry": {"type": "Point", "coordinates": [-91.063063, 30.430631]}, "properties": {"crashes": 1, "injury": 1, "fatal": 0, "pedestrian": 0, "bicycle": 0, "density": 0.2, "year_range": "unknown"}}, {"type": "Feature", "geometry": {"type": "Point", "coordinates": [-91.064865, 30.430631]}, "properties": {"crashes": 1, "injury": 1, "fatal": 0, "pedestrian": 0, "bicycle": 0, "density": 0.2, "year_range": "unknown"}}, {"type": "Feature", "geometry": {"type": "Point", "coordinates": [-91.055856, 30.459459]}, "properties": {"crashes": 14, "injury": 13, "fatal": 0, "pedestrian": 0, "bicycle": 0, "density": 3.5, "year_range": "unknown"}}, {"type": "Feature", "geometry": {"type": "Point", "coordinates": [-91.054054, 30.459459]}, "properties": {"crashes": 18, "injury": 16, "fatal": 0, "pedestrian": 0, "bicycle": 0, "density": 4.5, "year_range": "unknown"}}, {"type": "Feature", "geometry": {"type": "Point", "coordinates": [-91.057658, 30.459459]}, "properties": {"crashes": 200, "injury": 164, "fatal": 0, "pedestrian": 0, "bicycle": 0, "density": 50.0, "year_range": "unknown"}}, {"type": "Feature", "geometry": {"type": "Point", "coordinates": [-91.055856, 30.457658]}, "properties": {"crashes": 3, "injury": 1, "fatal": 0, "pedestrian": 1, "bicycle": 0, "density": 0.8, "year_range": "unknown"}}, {"type": "Feature", "geometry": {"type": "Point", "coordinates": [-91.054054, 30.457658]}, "properties": {"crashes": 2, "injury": 1, "fatal": 0, "pedestrian": 0, "bicycle": 0, "density": 0.5, "year_range": "unknown"}}, {"type": "Feature", "geometry": {"type": "Point", "coordinates": [-91.057658, 30.455856]}, "properties": {"crashes": 28, "injury": 18, "fatal": 0, "pedestrian": 2, "bicycle": 0, "density": 7.0, "year_range": "unknown"}}, {"type": "Feature", "geometry": {"type": "Point", "coordinates": [-91.057658, 30.457658]}, "properties": {"crashes": 77, "injury": 63, "fatal": 0, "pedestrian": 0, "bicycle": 0, "density": 19.2, "year_range": "unknown"}}, {"type": "Feature", "geometry": {"type": "Point", "coordinates": [-91.054054, 30.452252]}, "properties": {"crashes": 7, "injury": 5, "fatal": 0, "pedestrian": 1, "bicycle": 0, "density": 1.8, "year_range": "unknown"}}, {"type": "Feature", "geometry": {"type": "Point", "coordinates": [-91.055856, 30.454054]}, "properties": {"crashes": 1, "injury": 1, "fatal": 0, "pedestrian": 0, "bicycle": 0, "density": 0.2, "year_range": "unknown"}}, {"type": "Feature", "geometry": {"type": "Point", "coordinates": [-91.057658, 30.454054]}, "properties": {"crashes": 15, "injury": 11, "fatal": 0, "pedestrian": 0, "bicycle": 0, "density": 3.8, "year_range": "unknown"}}, {"type": "Feature", "geometry": {"type": "Point", "coordinates": [-91.055856, 30.455856]}, "properties": {"crashes": 3, "injury": 1, "fatal": 0, "pedestrian": 0, "bicycle": 0, "density": 0.8, "year_range": "unknown"}}, {"type": "Feature", "geometry": {"type": "Point", "coordinates": [-91.034234, 30.463063]}, "properties": {"crashes": 16, "injury": 12, "fatal": 0, "pedestrian": 0, "bicycle": 0, "density": 4.0, "year_range": "unknown"}}, {"type": "Feature", "geometry": {"type": "Point", "coordinates": [-91.036036, 30.463063]}, "properties": {"crashes": 137, "injury": 101, "fatal": 0, "pedestrian": 0, "bicycle": 0, "density": 34.2, "year_range": "unknown"}}, {"type": "Feature", "geometry": {"type": "Point", "coordinates": [-91.036036, 30.461261]}, "properties": {"crashes": 8, "injury": 7, "fatal": 0, "pedestrian": 0, "bicycle": 0, "density": 2.0, "year_range": "unknown"}}, {"type": "Feature", "geometry": {"type": "Point", "coordinates": [-91.037838, 30.461261]}, "properties": {"crashes": 46, "injury": 28, "fatal": 0, "pedestrian": 1, "bicycle": 0, "density": 11.5, "year_range": "unknown"}}, {"type": "Feature", "geometry": {"type": "Point", "coordinates": [-91.034234, 30.461261]}, "properties": {"crashes": 18, "injury": 14, "fatal": 0, "pedestrian": 0, "bicycle": 0, "density": 4.5, "year_range": "unknown"}}, {"type": "Feature", "geometry": {"type": "Point", "coordinates": [-91.032432, 30.455856]}, "properties": {"crashes": 2, "injury": 1, "fatal": 0, "pedestrian": 1, "bicycle": 0, "density": 0.5, "year_range": "unknown"}}, {"type": "Feature", "geometry": {"type": "Point", "coordinates": [-91.034234, 30.455856]}, "properties": {"crashes": 15, "injury": 11, "fatal": 0, "pedestrian": 0, "bicycle": 0, "density": 3.8, "year_range": "unknown"}}, {"type": "Feature", "geometry": {"type": "Point", "coordinates": [-91.034234, 30.457658]}, "properties": {"crashes": 10, "injury": 5, "fatal": 0, "pedestrian": 0, "bicycle": 0, "density": 2.5, "year_range": "unknown"}}, {"type": "Feature", "geometry": {"type": "Point", "coordinates": [-91.034234, 30.459459]}, "properties": {"crashes": 7, "injury": 6, "fatal": 0, "pedestrian": 1, "bicycle": 0, "density": 1.8, "year_range": "unknown"}}, {"type": "Feature", "geometry": {"type": "Point", "coordinates": [-91.032432, 30.452252]}, "properties": {"crashes": 4, "injury": 4, "fatal": 0, "pedestrian": 0, "bicycle": 0, "density": 1.0, "year_range": "unknown"}}, {"type": "Feature", "geometry": {"type": "Point", "coordinates": [-91.028829, 30.452252]}, "properties": {"crashes": 2, "injury": 2, "fatal": 0, "pedestrian": 0, "bicycle": 0, "density": 0.5, "year_range": "unknown"}}, {"type": "Feature", "geometry": {"type": "Point", "coordinates": [-91.034234, 30.452252]}, "properties": {"crashes": 12, "injury": 9, "fatal": 0, "pedestrian": 0, "bicycle": 0, "density": 3.0, "year_range": "unknown"}}, {"type": "Feature", "geometry": {"type": "Point", "coordinates": [-91.034234, 30.454054]}, "properties": {"crashes": 8, "injury": 2, "fatal": 0, "pedestrian": 2, "bicycle": 0, "density": 2.0, "year_range": "unknown"}}, {"type": "Feature", "geometry": {"type": "Point", "coordinates": [-91.032432, 30.454054]}, "properties": {"crashes": 1, "injury": 1, "fatal": 0, "pedestrian": 0, "bicycle": 0, "density": 0.2, "year_range": "unknown"}}, {"type": "Feature", "geometry": {"type": "Point", "coordinates": [-91.030631, 30.454054]}, "properties": {"crashes": 1, "injury": 0, "fatal": 0, "pedestrian": 0, "bicycle": 0, "density": 0.2, "year_range": "unknown"}}, {"type": "Feature", "geometry": {"type": "Point", "coordinates": [-91.030631, 30.455856]}, "properties": {"crashes": 2, "injury": 2, "fatal": 0, "pedestrian": 0, "bicycle": 0, "density": 0.5, "year_range": "unknown"}}, {"type": "Feature", "geometry": {"type": "Point", "coordinates": [-91.034234, 30.45045]}, "properties": {"crashes": 19, "injury": 14, "fatal": 0, "pedestrian": 1, "bicycle": 0, "density": 4.8, "year_range": "unknown"}}, {"type": "Feature", "geometry": {"type": "Point", "coordinates": [-91.037838, 30.452252]}, "properties": {"crashes": 5, "injury": 5, "fatal": 0, "pedestrian": 0, "bicycle": 0, "density": 1.2, "year_range": "unknown"}}, {"type": "Feature", "geometry": {"type": "Point", "coordinates": [-91.036036, 30.454054]}, "properties": {"crashes": 3, "injury": 3, "fatal": 0, "pedestrian": 0, "bicycle": 0, "density": 0.8, "year_range": "unknown"}}, {"type": "Feature", "geometry": {"type": "Point", "coordinates": [-91.036036, 30.455856]}, "properties": {"crashes": 3, "injury": 3, "fatal": 0, "pedestrian": 0, "bicycle": 0, "density": 0.8, "year_range": "unknown"}}, {"type": "Feature", "geometry": {"type": "Point", "coordinates": [-91.036036, 30.457658]}, "properties": {"crashes": 2, "injury": 0, "fatal": 0, "pedestrian": 0, "bicycle": 0, "density": 0.5, "year_range": "unknown"}}, {"type": "Feature", "geometry": {"type": "Point", "coordinates": [-91.036036, 30.459459]}, "properties": {"crashes": 1, "injury": 1, "fatal": 0, "pedestrian": 0, "bicycle": 0, "density": 0.2, "year_range": "unknown"}}, {"type": "Feature", "geometry": {"type": "Point", "coordinates": [-91.03964, 30.448649]}, "properties": {"crashes": 11, "injury": 8, "fatal": 0, "pedestrian": 0, "bicycle": 0, "density": 2.8, "year_range": "unknown"}}, {"type": "Feature", "geometry": {"type": "Point", "coordinates": [-91.03964, 30.45045]}, "properties": {"crashes": 1, "injury": 1, "fatal": 0, "pedestrian": 0, "bicycle": 0, "density": 0.2, "year_range": "unknown"}}, {"type": "Feature", "geometry": {"type": "Point", "coordinates": [-91.037838, 30.45045]}, "properties": {"crashes": 2, "injury": 1, "fatal": 0, "pedestrian": 1, "bicycle": 0, "density": 0.5, "year_range": "unknown"}}, {"type": "Feature", "geometry": {"type": "Point", "coordinates": [-91.03964, 30.454054]}, "properties": {"crashes": 1, "injury": 1, "fatal": 0, "pedestrian": 0, "bicycle": 0, "density": 0.2, "year_range": "unknown"}}, {"type": "Feature", "geometry": {"type": "Point", "coordinates": [-91.03964, 30.461261]}, "properties": {"crashes": 11, "injury": 9, "fatal": 0, "pedestrian": 0, "bicycle": 0, "density": 2.8, "year_range": "unknown"}}, {"type": "Feature", "geometry": {"type": "Point", "coordinates": [-91.034234, 30.448649]}, "properties": {"crashes": 23, "injury": 20, "fatal": 0, "pedestrian": 0, "bicycle": 0, "density": 5.8, "year_range": "unknown"}}, {"type": "Feature", "geometry": {"type": "Point", "coordinates": [-91.036036, 30.448649]}, "properties": {"crashes": 4, "injury": 2, "fatal": 0, "pedestrian": 0, "bicycle": 0, "density": 1.0, "year_range": "unknown"}}, {"type": "Feature", "geometry": {"type": "Point", "coordinates": [-91.037838, 30.448649]}, "properties": {"crashes": 4, "injury": 3, "fatal": 0, "pedestrian": 0, "bicycle": 0, "density": 1.0, "year_range": "unknown"}}, {"type": "Feature", "geometry": {"type": "Point", "coordinates": [-91.057658, 30.448649]}, "properties": {"crashes": 106, "injury": 82, "fatal": 0, "pedestrian": 1, "bicycle": 0, "density": 26.5, "year_range": "unknown"}}, {"type": "Feature", "geometry": {"type": "Point", "coordinates": [-91.057658, 30.45045]}, "properties": {"crashes": 61, "injury": 38, "fatal": 0, "pedestrian": 1, "bicycle": 0, "density": 15.2, "year_range": "unknown"}}, {"type": "Feature", "geometry": {"type": "Point", "coordinates": [-91.055856, 30.448649]}, "properties": {"crashes": 1, "injury": 0, "fatal": 0, "pedestrian": 0, "bicycle": 0, "density": 0.2, "year_range": "unknown"}}, {"type": "Feature", "geometry": {"type": "Point", "coordinates": [-91.054054, 30.448649]}, "properties": {"crashes": 15, "injury": 10, "fatal": 0, "pedestrian": 0, "bicycle": 0, "density": 3.8, "year_range": "unknown"}}, {"type": "Feature", "geometry": {"type": "Point", "coordinates": [-91.054054, 30.45045]}, "properties": {"crashes": 3, "injury": 3, "fatal": 0, "pedestrian": 0, "bicycle": 0, "density": 0.8, "year_range": "unknown"}}, {"type": "Feature", "geometry": {"type": "Point", "coordinates": [-91.055856, 30.45045]}, "properties": {"crashes": 1, "injury": 1, "fatal": 0, "pedestrian": 0, "bicycle": 0, "density": 0.2, "year_range": "unknown"}}, {"type": "Feature", "geometry": {"type": "Point", "coordinates": [-91.055856, 30.452252]}, "properties": {"crashes": 2, "injury": 2, "fatal": 0, "pedestrian": 0, "bicycle": 0, "density": 0.5, "year_range": "unknown"}}, {"type": "Feature", "geometry": {"type": "Point", "coordinates": [-91.032432, 30.45045]}, "properties": {"crashes": 6, "injury": 5, "fatal": 0, "pedestrian": 1, "bicycle": 0, "density": 1.5, "year_range": "unknown"}}, {"type": "Feature", "geometry": {"type": "Point", "coordinates": [-91.045045, 30.461261]}, "properties": {"crashes": 23, "injury": 18, "fatal": 0, "pedestrian": 1, "bicycle": 0, "density": 5.8, "year_range": "unknown"}}, {"type": "Feature", "geometry": {"type": "Point", "coordinates": [-91.041441, 30.461261]}, "properties": {"crashes": 21, "injury": 13, "fatal": 0, "pedestrian": 3, "bicycle": 0, "density": 5.2, "year_range": "unknown"}}, {"type": "Feature", "geometry": {"type": "Point", "coordinates": [-91.043243, 30.461261]}, "properties": {"crashes": 17, "injury": 14, "fatal": 0, "pedestrian": 0, "bicycle": 0, "density": 4.2, "year_range": "unknown"}}, {"type": "Feature", "geometry": {"type": "Point", "coordinates": [-91.048649, 30.459459]}, "properties": {"crashes": 7, "injury": 6, "fatal": 0, "pedestrian": 0, "bicycle": 0, "density": 1.8, "year_range": "unknown"}}, {"type": "Feature", "geometry": {"type": "Point", "coordinates": [-91.046847, 30.459459]}, "properties": {"crashes": 3, "injury": 3, "fatal": 0, "pedestrian": 0, "bicycle": 0, "density": 0.8, "year_range": "unknown"}}, {"type": "Feature", "geometry": {"type": "Point", "coordinates": [-91.046847, 30.461261]}, "properties": {"crashes": 24, "injury": 20, "fatal": 1, "pedestrian": 1, "bicycle": 0, "density": 6.0, "year_range": "unknown"}}, {"type": "Feature", "geometry": {"type": "Point", "coordinates": [-91.048649, 30.461261]}, "properties": {"crashes": 10, "injury": 8, "fatal": 0, "pedestrian": 0, "bicycle": 0, "density": 2.5, "year_range": "unknown"}}, {"type": "Feature", "geometry": {"type": "Point", "coordinates": [-91.05045, 30.459459]}, "properties": {"crashes": 52, "injury": 41, "fatal": 0, "pedestrian": 1, "bicycle": 0, "density": 13.0, "year_range": "unknown"}}, {"type": "Feature", "geometry": {"type": "Point", "coordinates": [-91.052252, 30.459459]}, "properties": {"crashes": 35, "injury": 27, "fatal": 0, "pedestrian": 1, "bicycle": 0, "density": 8.8, "year_range": "unknown"}}, {"type": "Feature", "geometry": {"type": "Point", "coordinates": [-91.05045, 30.457658]}, "properties": {"crashes": 5, "injury": 4, "fatal": 0, "pedestrian": 0, "bicycle": 0, "density": 1.2, "year_range": "unknown"}}, {"type": "Feature", "geometry": {"type": "Point", "coordinates": [-91.048649, 30.452252]}, "properties": {"crashes": 2, "injury": 1, "fatal": 0, "pedestrian": 0, "bicycle": 0, "density": 0.5, "year_range": "unknown"}}, {"type": "Feature", "geometry": {"type": "Point", "coordinates": [-91.048649, 30.454054]}, "properties": {"crashes": 1, "injury": 1, "fatal": 0, "pedestrian": 0, "bicycle": 0, "density": 0.2, "year_range": "unknown"}}, {"type": "Feature", "geometry": {"type": "Point", "coordinates": [-91.048649, 30.455856]}, "properties": {"crashes": 4, "injury": 2, "fatal": 0, "pedestrian": 0, "bicycle": 0, "density": 1.0, "year_range": "unknown"}}, {"type": "Feature", "geometry": {"type": "Point", "coordinates": [-91.046847, 30.457658]}, "properties": {"crashes": 3, "injury": 2, "fatal": 0, "pedestrian": 0, "bicycle": 0, "density": 0.8, "year_range": "unknown"}}, {"type": "Feature", "geometry": {"type": "Point", "coordinates": [-91.046847, 30.448649]}, "properties": {"crashes": 2, "injury": 2, "fatal": 0, "pedestrian": 0, "bicycle": 0, "density": 0.5, "year_range": "unknown"}}, {"type": "Feature", "geometry": {"type": "Point", "coordinates": [-91.045045, 30.448649]}, "properties": {"crashes": 38, "injury": 26, "fatal": 0, "pedestrian": 1, "bicycle": 0, "density": 9.5, "year_range": "unknown"}}, {"type": "Feature", "geometry": {"type": "Point", "coordinates": [-91.045045, 30.45045]}, "properties": {"crashes": 1, "injury": 0, "fatal": 0, "pedestrian": 1, "bicycle": 0, "density": 0.2, "year_range": "unknown"}}, {"type": "Feature", "geometry": {"type": "Point", "coordinates": [-91.045045, 30.452252]}, "properties": {"crashes": 9, "injury": 6, "fatal": 0, "pedestrian": 1, "bicycle": 0, "density": 2.2, "year_range": "unknown"}}, {"type": "Feature", "geometry": {"type": "Point", "coordinates": [-91.046847, 30.452252]}, "properties": {"crashes": 3, "injury": 3, "fatal": 0, "pedestrian": 0, "bicycle": 0, "density": 0.8, "year_range": "unknown"}}, {"type": "Feature", "geometry": {"type": "Point", "coordinates": [-91.045045, 30.454054]}, "properties": {"crashes": 1, "injury": 1, "fatal": 0, "pedestrian": 0, "bicycle": 0, "density": 0.2, "year_range": "unknown"}}, {"type": "Feature", "geometry": {"type": "Point", "coordinates": [-91.041441, 30.454054]}, "properties": {"crashes": 1, "injury": 1, "fatal": 0, "pedestrian": 0, "bicycle": 0, "density": 0.2, "year_range": "unknown"}}, {"type": "Feature", "geometry": {"type": "Point", "coordinates": [-91.045045, 30.455856]}, "properties": {"crashes": 1, "injury": 1, "fatal": 0, "pedestrian": 0, "bicycle": 0, "density": 0.2, "year_range": "unknown"}}, {"type": "Feature", "geometry": {"type": "Point", "coordinates": [-91.041441, 30.455856]}, "properties": {"crashes": 2, "injury": 2, "fatal": 0, "pedestrian": 0, "bicycle": 0, "density": 0.5, "year_range": "unknown"}}, {"type": "Feature", "geometry": {"type": "Point", "coordinates": [-91.043243, 30.455856]}, "properties": {"crashes": 1, "injury": 1, "fatal": 0, "pedestrian": 0, "bicycle": 0, "density": 0.2, "year_range": "unknown"}}, {"type": "Feature", "geometry": {"type": "Point", "coordinates": [-91.043243, 30.457658]}, "properties": {"crashes": 2, "injury": 2, "fatal": 0, "pedestrian": 0, "bicycle": 0, "density": 0.5, "year_range": "unknown"}}, {"type": "Feature", "geometry": {"type": "Point", "coordinates": [-91.043243, 30.448649]}, "properties": {"crashes": 1, "injury": 0, "fatal": 0, "pedestrian": 0, "bicycle": 0, "density": 0.2, "year_range": "unknown"}}, {"type": "Feature", "geometry": {"type": "Point", "coordinates": [-91.041441, 30.448649]}, "properties": {"crashes": 1, "injury": 1, "fatal": 0, "pedestrian": 0, "bicycle": 0, "density": 0.2, "year_range": "unknown"}}, {"type": "Feature", "geometry": {"type": "Point", "coordinates": [-91.048649, 30.448649]}, "properties": {"crashes": 9, "injury": 7, "fatal": 0, "pedestrian": 0, "bicycle": 0, "density": 2.2, "year_range": "unknown"}}, {"type": "Feature", "geometry": {"type": "Point", "coordinates": [-91.05045, 30.448649]}, "properties": {"crashes": 3, "injury": 1, "fatal": 0, "pedestrian": 0, "bicycle": 0, "density": 0.8, "year_range": "unknown"}}, {"type": "Feature", "geometry": {"type": "Point", "coordinates": [-91.048649, 30.45045]}, "properties": {"crashes": 1, "injury": 1, "fatal": 0, "pedestrian": 0, "bicycle": 0, "density": 0.2, "year_range": "unknown"}}, {"type": "Feature", "geometry": {"type": "Point", "coordinates": [-91.05045, 30.45045]}, "properties": {"crashes": 1, "injury": 0, "fatal": 0, "pedestrian": 0, "bicycle": 0, "density": 0.2, "year_range": "unknown"}}, {"type": "Feature", "geometry": {"type": "Point", "coordinates": [-91.052252, 30.45045]}, "properties": {"crashes": 1, "injury": 1, "fatal": 0, "pedestrian": 0, "bicycle": 0, "density": 0.2, "year_range": "unknown"}}, {"type": "Feature", "geometry": {"type": "Point", "coordinates": [-91.052252, 30.454054]}, "properties": {"crashes": 1, "injury": 1, "fatal": 0, "pedestrian": 0, "bicycle": 0, "density": 0.2, "year_range": "unknown"}}, {"type": "Feature", "geometry": {"type": "Point", "coordinates": [-91.05045, 30.455856]}, "properties": {"crashes": 1, "injury": 1, "fatal": 0, "pedestrian": 0, "bicycle": 0, "density": 0.2, "year_range": "unknown"}}, {"type": "Feature", "geometry": {"type": "Point", "coordinates": [-91.052252, 30.457658]}, "properties": {"crashes": 1, "injury": 1, "fatal": 0, "pedestrian": 0, "bicycle": 0, "density": 0.2, "year_range": "unknown"}}, {"type": "Feature", "geometry": {"type": "Point", "coordinates": [-91.034234, 30.446847]}, "properties": {"crashes": 32, "injury": 27, "fatal": 0, "pedestrian": 1, "bicycle": 0, "density": 8.0, "year_range": "unknown"}}, {"type": "Feature", "geometry": {"type": "Point", "coordinates": [-91.055856, 30.437838]}, "properties": {"crashes": 34, "injury": 29, "fatal": 0, "pedestrian": 0, "bicycle": 0, "density": 8.5, "year_range": "unknown"}}, {"type": "Feature", "geometry": {"type": "Point", "coordinates": [-91.057658, 30.437838]}, "properties": {"crashes": 50, "injury": 44, "fatal": 0, "pedestrian": 0, "bicycle": 0, "density": 12.5, "year_range": "unknown"}}, {"type": "Feature", "geometry": {"type": "Point", "coordinates": [-91.057658, 30.446847]}, "properties": {"crashes": 63, "injury": 45, "fatal": 0, "pedestrian": 2, "bicycle": 0, "density": 15.8, "year_range": "unknown"}}, {"type": "Feature", "geometry": {"type": "Point", "coordinates": [-91.057658, 30.443243]}, "properties": {"crashes": 12, "injury": 11, "fatal": 0, "pedestrian": 0, "bicycle": 0, "density": 3.0, "year_range": "unknown"}}, {"type": "Feature", "geometry": {"type": "Point", "coordinates": [-91.054054, 30.446847]}, "properties": {"crashes": 1, "injury": 1, "fatal": 0, "pedestrian": 0, "bicycle": 0, "density": 0.2, "year_range": "unknown"}}, {"type": "Feature", "geometry": {"type": "Point", "coordinates": [-91.034234, 30.445045]}, "properties": {"crashes": 52, "injury": 47, "fatal": 0, "pedestrian": 0, "bicycle": 0, "density": 13.0, "year_range": "unknown"}}, {"type": "Feature", "geometry": {"type": "Point", "coordinates": [-91.036036, 30.445045]}, "properties": {"crashes": 23, "injury": 15, "fatal": 0, "pedestrian": 1, "bicycle": 0, "density": 5.8, "year_range": "unknown"}}, {"type": "Feature", "geometry": {"type": "Point", "coordinates": [-91.037838, 30.443243]}, "properties": {"crashes": 13, "injury": 9, "fatal": 0, "pedestrian": 0, "bicycle": 0, "density": 3.2, "year_range": "unknown"}}, {"type": "Feature", "geometry": {"type": "Point", "coordinates": [-91.036036, 30.443243]}, "properties": {"crashes": 9, "injury": 6, "fatal": 0, "pedestrian": 0, "bicycle": 0, "density": 2.2, "year_range": "unknown"}}, {"type": "Feature", "geometry": {"type": "Point", "coordinates": [-91.03964, 30.441441]}, "properties": {"crashes": 24, "injury": 19, "fatal": 0, "pedestrian": 0, "bicycle": 0, "density": 6.0, "year_range": "unknown"}}, {"type": "Feature", "geometry": {"type": "Point", "coordinates": [-91.03964, 30.443243]}, "properties": {"crashes": 3, "injury": 2, "fatal": 0, "pedestrian": 0, "bicycle": 0, "density": 0.8, "year_range": "unknown"}}, {"type": "Feature", "geometry": {"type": "Point", "coordinates": [-91.03964, 30.445045]}, "properties": {"crashes": 1, "injury": 1, "fatal": 0, "pedestrian": 0, "bicycle": 0, "density": 0.2, "year_range": "unknown"}}, {"type": "Feature", "geometry": {"type": "Point", "coordinates": [-91.03964, 30.446847]}, "properties": {"crashes": 1, "injury": 0, "fatal": 0, "pedestrian": 0, "bicycle": 0, "density": 0.2, "year_range": "unknown"}}, {"type": "Feature", "geometry": {"type": "Point", "coordinates": [-91.041441, 30.441441]}, "properties": {"crashes": 6, "injury": 5, "fatal": 0, "pedestrian": 0, "bicycle": 0, "density": 1.5, "year_range": "unknown"}}, {"type": "Feature", "geometry": {"type": "Point", "coordinates": [-91.046847, 30.446847]}, "properties": {"crashes": 1, "injury": 1, "fatal": 0, "pedestrian": 0, "bicycle": 0, "density": 0.2, "year_range": "unknown"}}, {"type": "Feature", "geometry": {"type": "Point", "coordinates": [-91.043243, 30.446847]}, "properties": {"crashes": 1, "injury": 1, "fatal": 0, "pedestrian": 0, "bicycle": 0, "density": 0.2, "year_range": "unknown"}}, {"type": "Feature", "geometry": {"type": "Point", "coordinates": [-91.048649, 30.446847]}, "properties": {"crashes": 3, "injury": 3, "fatal": 0, "pedestrian": 0, "bicycle": 0, "density": 0.8, "year_range": "unknown"}}, {"type": "Feature", "geometry": {"type": "Point", "coordinates": [-91.045045, 30.441441]}, "properties": {"crashes": 10, "injury": 8, "fatal": 0, "pedestrian": 0, "bicycle": 0, "density": 2.5, "year_range": "unknown"}}, {"type": "Feature", "geometry": {"type": "Point", "coordinates": [-91.043243, 30.441441]}, "properties": {"crashes": 26, "injury": 19, "fatal": 1, "pedestrian": 3, "bicycle": 0, "density": 6.5, "year_range": "unknown"}}, {"type": "Feature", "geometry": {"type": "Point", "coordinates": [-91.043243, 30.443243]}, "properties": {"crashes": 1, "injury": 1, "fatal": 0, "pedestrian": 0, "bicycle": 0, "density": 0.2, "year_range": "unknown"}}, {"type": "Feature", "geometry": {"type": "Point", "coordinates": [-91.043243, 30.445045]}, "properties": {"crashes": 3, "injury": 3, "fatal": 0, "pedestrian": 0, "bicycle": 0, "density": 0.8, "year_range": "unknown"}}, {"type": "Feature", "geometry": {"type": "Point", "coordinates": [-91.045045, 30.445045]}, "properties": {"crashes": 3, "injury": 3, "fatal": 0, "pedestrian": 0, "bicycle": 0, "density": 0.8, "year_range": "unknown"}}, {"type": "Feature", "geometry": {"type": "Point", "coordinates": [-91.045045, 30.43964]}, "properties": {"crashes": 51, "injury": 40, "fatal": 0, "pedestrian": 0, "bicycle": 0, "density": 12.8, "year_range": "unknown"}}, {"type": "Feature", "geometry": {"type": "Point", "coordinates": [-91.052252, 30.437838]}, "properties": {"crashes": 7, "injury": 6, "fatal": 0, "pedestrian": 0, "bicycle": 0, "density": 1.8, "year_range": "unknown"}}, {"type": "Feature", "geometry": {"type": "Point", "coordinates": [-91.05045, 30.437838]}, "properties": {"crashes": 10, "injury": 8, "fatal": 0, "pedestrian": 0, "bicycle": 0, "density": 2.5, "year_range": "unknown"}}, {"type": "Feature", "geometry": {"type": "Point", "coordinates": [-91.052252, 30.448649]}, "properties": {"crashes": 1, "injury": 1, "fatal": 0, "pedestrian": 0, "bicycle": 0, "density": 0.2, "year_range": "unknown"}}, {"type": "Feature", "geometry": {"type": "Point", "coordinates": [-91.048649, 30.43964]}, "properties": {"crashes": 8, "injury": 7, "fatal": 0, "pedestrian": 0, "bicycle": 0, "density": 2.0, "year_range": "unknown"}}, {"type": "Feature", "geometry": {"type": "Point", "coordinates": [-91.046847, 30.43964]}, "properties": {"crashes": 8, "injury": 4, "fatal": 0, "pedestrian": 1, "bicycle": 0, "density": 2.0, "year_range": "unknown"}}, {"type": "Feature", "geometry": {"type": "Point", "coordinates": [-91.054054, 30.437838]}, "properties": {"crashes": 6, "injury": 4, "fatal": 0, "pedestrian": 0, "bicycle": 0, "density": 1.5, "year_range": "unknown"}}, {"type": "Feature", "geometry": {"type": "Point", "coordinates": [-91.055856, 30.432432]}, "properties": {"crashes": 16, "injury": 11, "fatal": 0, "pedestrian": 0, "bicycle": 0, "density": 4.0, "year_range": "unknown"}}, {"type": "Feature", "geometry": {"type": "Point", "coordinates": [-91.025225, 30.43964]}, "properties": {"crashes": 12, "injury": 12, "fatal": 0, "pedestrian": 0, "bicycle": 0, "density": 3.0, "year_range": "unknown"}}, {"type": "Feature", "geometry": {"type": "Point", "coordinates": [-91.025225, 30.441441]}, "properties": {"crashes": 3, "injury": 3, "fatal": 0, "pedestrian": 0, "bicycle": 0, "density": 0.8, "year_range": "unknown"}}, {"type": "Feature", "geometry": {"type": "Point", "coordinates": [-91.055856, 30.436036]}, "properties": {"crashes": 15, "injury": 15, "fatal": 0, "pedestrian": 0, "bicycle": 0, "density": 3.8, "year_range": "unknown"}}, {"type": "Feature", "geometry": {"type": "Point", "coordinates": [-91.054054, 30.432432]}, "properties": {"crashes": 12, "injury": 12, "fatal": 0, "pedestrian": 0, "bicycle": 0, "density": 3.0, "year_range": "unknown"}}, {"type": "Feature", "geometry": {"type": "Point", "coordinates": [-91.054054, 30.434234]}, "properties": {"crashes": 2, "injury": 1, "fatal": 0, "pedestrian": 0, "bicycle": 0, "density": 0.5, "year_range": "unknown"}}, {"type": "Feature", "geometry": {"type": "Point", "coordinates": [-91.055856, 30.434234]}, "properties": {"crashes": 5, "injury": 5, "fatal": 0, "pedestrian": 0, "bicycle": 0, "density": 1.2, "year_range": "unknown"}}, {"type": "Feature", "geometry": {"type": "Point", "coordinates": [-91.027027, 30.43964]}, "properties": {"crashes": 1, "injury": 1, "fatal": 0, "pedestrian": 0, "bicycle": 0, "density": 0.2, "year_range": "unknown"}}, {"type": "Feature", "geometry": {"type": "Point", "coordinates": [-91.032432, 30.43964]}, "properties": {"crashes": 2, "injury": 2, "fatal": 0, "pedestrian": 0, "bicycle": 0, "density": 0.5, "year_range": "unknown"}}, {"type": "Feature", "geometry": {"type": "Point", "coordinates": [-91.032432, 30.441441]}, "properties": {"crashes": 1, "injury": 1, "fatal": 0, "pedestrian": 0, "bicycle": 0, "density": 0.2, "year_range": "unknown"}}, {"type": "Feature", "geometry": {"type": "Point", "coordinates": [-91.034234, 30.441441]}, "properties": {"crashes": 4, "injury": 3, "fatal": 0, "pedestrian": 1, "bicycle": 0, "density": 1.0, "year_range": "unknown"}}, {"type": "Feature", "geometry": {"type": "Point", "coordinates": [-91.034234, 30.443243]}, "properties": {"crashes": 1, "injury": 1, "fatal": 0, "pedestrian": 0, "bicycle": 0, "density": 0.2, "year_range": "unknown"}}, {"type": "Feature", "geometry": {"type": "Point", "coordinates": [-91.034234, 30.437838]}, "properties": {"crashes": 2, "injury": 2, "fatal": 0, "pedestrian": 0, "bicycle": 0, "density": 0.5, "year_range": "unknown"}}, {"type": "Feature", "geometry": {"type": "Point", "coordinates": [-91.036036, 30.437838]}, "properties": {"crashes": 3, "injury": 3, "fatal": 0, "pedestrian": 0, "bicycle": 0, "density": 0.8, "year_range": "unknown"}}, {"type": "Feature", "geometry": {"type": "Point", "coordinates": [-91.037838, 30.437838]}, "properties": {"crashes": 1, "injury": 0, "fatal": 0, "pedestrian": 0, "bicycle": 0, "density": 0.2, "year_range": "unknown"}}, {"type": "Feature", "geometry": {"type": "Point", "coordinates": [-91.036036, 30.43964]}, "properties": {"crashes": 1, "injury": 1, "fatal": 0, "pedestrian": 0, "bicycle": 0, "density": 0.2, "year_range": "unknown"}}, {"type": "Feature", "geometry": {"type": "Point", "coordinates": [-91.030631, 30.437838]}, "properties": {"crashes": 1, "injury": 1, "fatal": 0, "pedestrian": 0, "bicycle": 0, "density": 0.2, "year_range": "unknown"}}, {"type": "Feature", "geometry": {"type": "Point", "coordinates": [-91.045045, 30.436036]}, "properties": {"crashes": 14, "injury": 11, "fatal": 0, "pedestrian": 1, "bicycle": 0, "density": 3.5, "year_range": "unknown"}}, {"type": "Feature", "geometry": {"type": "Point", "coordinates": [-91.046847, 30.436036]}, "properties": {"crashes": 5, "injury": 4, "fatal": 0, "pedestrian": 0, "bicycle": 0, "density": 1.2, "year_range": "unknown"}}, {"type": "Feature", "geometry": {"type": "Point", "coordinates": [-91.045045, 30.437838]}, "properties": {"crashes": 15, "injury": 14, "fatal": 0, "pedestrian": 0, "bicycle": 0, "density": 3.8, "year_range": "unknown"}}, {"type": "Feature", "geometry": {"type": "Point", "coordinates": [-91.046847, 30.437838]}, "properties": {"crashes": 4, "injury": 3, "fatal": 0, "pedestrian": 0, "bicycle": 0, "density": 1.0, "year_range": "unknown"}}, {"type": "Feature", "geometry": {"type": "Point", "coordinates": [-91.046847, 30.434234]}, "properties": {"crashes": 1, "injury": 1, "fatal": 0, "pedestrian": 0, "bicycle": 0, "density": 0.2, "year_range": "unknown"}}, {"type": "Feature", "geometry": {"type": "Point", "coordinates": [-91.045045, 30.434234]}, "properties": {"crashes": 13, "injury": 11, "fatal": 0, "pedestrian": 1, "bicycle": 0, "density": 3.2, "year_range": "unknown"}}, {"type": "Feature", "geometry": {"type": "Point", "coordinates": [-91.048649, 30.436036]}, "properties": {"crashes": 1, "injury": 1, "fatal": 0, "pedestrian": 0, "bicycle": 0, "density": 0.2, "year_range": "unknown"}}, {"type": "Feature", "geometry": {"type": "Point", "coordinates": [-91.05045, 30.436036]}, "properties": {"crashes": 1, "injury": 1, "fatal": 0, "pedestrian": 0, "bicycle": 0, "density": 0.2, "year_range": "unknown"}}, {"type": "Feature", "geometry": {"type": "Point", "coordinates": [-91.05045, 30.43964]}, "properties": {"crashes": 1, "injury": 1, "fatal": 0, "pedestrian": 0, "bicycle": 0, "density": 0.2, "year_range": "unknown"}}, {"type": "Feature", "geometry": {"type": "Point", "coordinates": [-91.052252, 30.432432]}, "properties": {"crashes": 2, "injury": 1, "fatal": 0, "pedestrian": 0, "bicycle": 0, "density": 0.5, "year_range": "unknown"}}, {"type": "Feature", "geometry": {"type": "Point", "coordinates": [-91.052252, 30.434234]}, "properties": {"crashes": 4, "injury": 4, "fatal": 0, "pedestrian": 0, "bicycle": 0, "density": 1.0, "year_range": "unknown"}}, {"type": "Feature", "geometry": {"type": "Point", "coordinates": [-91.178378, 30.452252]}, "properties": {"crashes": 7, "injury": 4, "fatal": 0, "pedestrian": 0, "bicycle": 0, "density": 1.8, "year_range": "unknown"}}, {"type": "Feature", "geometry": {"type": "Point", "coordinates": [-91.178378, 30.454054]}, "properties": {"crashes": 3, "injury": 3, "fatal": 0, "pedestrian": 0, "bicycle": 0, "density": 0.8, "year_range": "unknown"}}, {"type": "Feature", "geometry": {"type": "Point", "coordinates": [-91.165766, 30.45045]}, "properties": {"crashes": 110, "injury": 85, "fatal": 2, "pedestrian": 1, "bicycle": 0, "density": 27.5, "year_range": "unknown"}}, {"type": "Feature", "geometry": {"type": "Point", "coordinates": [-91.165766, 30.452252]}, "properties": {"crashes": 35, "injury": 25, "fatal": 0, "pedestrian": 0, "bicycle": 0, "density": 8.8, "year_range": "unknown"}}, {"type": "Feature", "geometry": {"type": "Point", "coordinates": [-91.167568, 30.455856]}, "properties": {"crashes": 20, "injury": 13, "fatal": 0, "pedestrian": 0, "bicycle": 0, "density": 5.0, "year_range": "unknown"}}, {"type": "Feature", "geometry": {"type": "Point", "coordinates": [-91.167568, 30.454054]}, "properties": {"crashes": 10, "injury": 9, "fatal": 0, "pedestrian": 0, "bicycle": 0, "density": 2.5, "year_range": "unknown"}}, {"type": "Feature", "geometry": {"type": "Point", "coordinates": [-91.167568, 30.452252]}, "properties": {"crashes": 9, "injury": 6, "fatal": 0, "pedestrian": 0, "bicycle": 0, "density": 2.2, "year_range": "unknown"}}, {"type": "Feature", "geometry": {"type": "Point", "coordinates": [-91.167568, 30.45045]}, "properties": {"crashes": 6, "injury": 4, "fatal": 1, "pedestrian": 2, "bicycle": 0, "density": 1.5, "year_range": "unknown"}}, {"type": "Feature", "geometry": {"type": "Point", "coordinates": [-91.169369, 30.452252]}, "properties": {"crashes": 19, "injury": 11, "fatal": 0, "pedestrian": 1, "bicycle": 0, "density": 4.8, "year_range": "unknown"}}, {"type": "Feature", "geometry": {"type": "Point", "coordinates": [-91.169369, 30.45045]}, "properties": {"crashes": 26, "injury": 14, "fatal": 0, "pedestrian": 1, "bicycle": 0, "density": 6.5, "year_range": "unknown"}}, {"type": "Feature", "geometry": {"type": "Point", "coordinates": [-91.169369, 30.454054]}, "properties": {"crashes": 3, "injury": 3, "fatal": 0, "pedestrian": 0, "bicycle": 0, "density": 0.8, "year_range": "unknown"}}, {"type": "Feature", "geometry": {"type": "Point", "coordinates": [-91.171171, 30.454054]}, "properties": {"crashes": 7, "injury": 7, "fatal": 0, "pedestrian": 0, "bicycle": 0, "density": 1.8, "year_range": "unknown"}}, {"type": "Feature", "geometry": {"type": "Point", "coordinates": [-91.169369, 30.455856]}, "properties": {"crashes": 5, "injury": 3, "fatal": 0, "pedestrian": 0, "bicycle": 0, "density": 1.2, "year_range": "unknown"}}, {"type": "Feature", "geometry": {"type": "Point", "coordinates": [-91.172973, 30.455856]}, "properties": {"crashes": 2, "injury": 2, "fatal": 0, "pedestrian": 0, "bicycle": 0, "density": 0.5, "year_range": "unknown"}}, {"type": "Feature", "geometry": {"type": "Point", "coordinates": [-91.171171, 30.455856]}, "properties": {"crashes": 4, "injury": 2, "fatal": 0, "pedestrian": 0, "bicycle": 0, "density": 1.0, "year_range": "unknown"}}, {"type": "Feature", "geometry": {"type": "Point", "coordinates": [-91.169369, 30.457658]}, "properties": {"crashes": 37, "injury": 28, "fatal": 1, "pedestrian": 0, "bicycle": 0, "density": 9.2, "year_range": "unknown"}}, {"type": "Feature", "geometry": {"type": "Point", "coordinates": [-91.172973, 30.45045]}, "properties": {"crashes": 11, "injury": 5, "fatal": 0, "pedestrian": 2, "bicycle": 0, "density": 2.8, "year_range": "unknown"}}, {"type": "Feature", "geometry": {"type": "Point", "coordinates": [-91.171171, 30.45045]}, "properties": {"crashes": 5, "injury": 1, "fatal": 0, "pedestrian": 0, "bicycle": 0, "density": 1.2, "year_range": "unknown"}}, {"type": "Feature", "geometry": {"type": "Point", "coordinates": [-91.174775, 30.455856]}, "properties": {"crashes": 3, "injury": 2, "fatal": 0, "pedestrian": 0, "bicycle": 0, "density": 0.8, "year_range": "unknown"}}, {"type": "Feature", "geometry": {"type": "Point", "coordinates": [-91.174775, 30.457658]}, "properties": {"crashes": 79, "injury": 57, "fatal": 1, "pedestrian": 0, "bicycle": 0, "density": 19.8, "year_range": "unknown"}}, {"type": "Feature", "geometry": {"type": "Point", "coordinates": [-91.172973, 30.457658]}, "properties": {"crashes": 54, "injury": 44, "fatal": 1, "pedestrian": 1, "bicycle": 0, "density": 13.5, "year_range": "unknown"}}, {"type": "Feature", "geometry": {"type": "Point", "coordinates": [-91.172973, 30.454054]}, "properties": {"crashes": 2, "injury": 2, "fatal": 0, "pedestrian": 0, "bicycle": 0, "density": 0.5, "year_range": "unknown"}}, {"type": "Feature", "geometry": {"type": "Point", "coordinates": [-91.176577, 30.457658]}, "properties": {"crashes": 50, "injury": 35, "fatal": 0, "pedestrian": 0, "bicycle": 0, "density": 12.5, "year_range": "unknown"}}, {"type": "Feature", "geometry": {"type": "Point", "coordinates": [-91.174775, 30.454054]}, "properties": {"crashes": 2, "injury": 2, "fatal": 0, "pedestrian": 0, "bicycle": 0, "density": 0.5, "year_range": "unknown"}}, {"type": "Feature", "geometry": {"type": "Point", "coordinates": [-91.176577, 30.45045]}, "properties": {"crashes": 26, "injury": 18, "fatal": 0, "pedestrian": 2, "bicycle": 0, "density": 6.5, "year_range": "unknown"}}, {"type": "Feature", "geometry": {"type": "Point", "coordinates": [-91.174775, 30.45045]}, "properties": {"crashes": 13, "injury": 11, "fatal": 0, "pedestrian": 0, "bicycle": 0, "density": 3.2, "year_range": "unknown"}}, {"type": "Feature", "geometry": {"type": "Point", "coordinates": [-91.176577, 30.454054]}, "properties": {"crashes": 3, "injury": 3, "fatal": 0, "pedestrian": 0, "bicycle": 0, "density": 0.8, "year_range": "unknown"}}, {"type": "Feature", "geometry": {"type": "Point", "coordinates": [-91.176577, 30.455856]}, "properties": {"crashes": 5, "injury": 4, "fatal": 0, "pedestrian": 0, "bicycle": 0, "density": 1.2, "year_range": "unknown"}}, {"type": "Feature", "geometry": {"type": "Point", "coordinates": [-91.176577, 30.452252]}, "properties": {"crashes": 4, "injury": 3, "fatal": 0, "pedestrian": 0, "bicycle": 0, "density": 1.0, "year_range": "unknown"}}, {"type": "Feature", "geometry": {"type": "Point", "coordinates": [-91.174775, 30.452252]}, "properties": {"crashes": 6, "injury": 4, "fatal": 0, "pedestrian": 0, "bicycle": 0, "density": 1.5, "year_range": "unknown"}}, {"type": "Feature", "geometry": {"type": "Point", "coordinates": [-91.172973, 30.452252]}, "properties": {"crashes": 2, "injury": 2, "fatal": 0, "pedestrian": 0, "bicycle": 0, "density": 0.5, "year_range": "unknown"}}, {"type": "Feature", "geometry": {"type": "Point", "coordinates": [-91.171171, 30.452252]}, "properties": {"crashes": 10, "injury": 4, "fatal": 0, "pedestrian": 0, "bicycle": 0, "density": 2.5, "year_range": "unknown"}}, {"type": "Feature", "geometry": {"type": "Point", "coordinates": [-91.178378, 30.455856]}, "properties": {"crashes": 1, "injury": 0, "fatal": 0, "pedestrian": 0, "bicycle": 0, "density": 0.2, "year_range": "unknown"}}, {"type": "Feature", "geometry": {"type": "Point", "coordinates": [-91.18018, 30.454054]}, "properties": {"crashes": 61, "injury": 46, "fatal": 0, "pedestrian": 0, "bicycle": 0, "density": 15.2, "year_range": "unknown"}}, {"type": "Feature", "geometry": {"type": "Point", "coordinates": [-91.178378, 30.45045]}, "properties": {"crashes": 14, "injury": 11, "fatal": 0, "pedestrian": 0, "bicycle": 0, "density": 3.5, "year_range": "unknown"}}, {"type": "Feature", "geometry": {"type": "Point", "coordinates": [-91.108108, 30.477477]}, "properties": {"crashes": 47, "injury": 36, "fatal": 0, "pedestrian": 0, "bicycle": 0, "density": 11.8, "year_range": "unknown"}}, {"type": "Feature", "geometry": {"type": "Point", "coordinates": [-91.108108, 30.473874]}, "properties": {"crashes": 1, "injury": 1, "fatal": 0, "pedestrian": 0, "bicycle": 0, "density": 0.2, "year_range": "unknown"}}, {"type": "Feature", "geometry": {"type": "Point", "coordinates": [-91.108108, 30.479279]}, "properties": {"crashes": 6, "injury": 5, "fatal": 0, "pedestrian": 0, "bicycle": 0, "density": 1.5, "year_range": "unknown"}}, {"type": "Feature", "geometry": {"type": "Point", "coordinates": [-91.106306, 30.479279]}, "properties": {"crashes": 34, "injury": 20, "fatal": 1, "pedestrian": 3, "bicycle": 0, "density": 8.5, "year_range": "unknown"}}, {"type": "Feature", "geometry": {"type": "Point", "coordinates": [-91.104505, 30.479279]}, "properties": {"crashes": 23, "injury": 14, "fatal": 0, "pedestrian": 0, "bicycle": 0, "density": 5.8, "year_range": "unknown"}}, {"type": "Feature", "geometry": {"type": "Point", "coordinates": [-91.102703, 30.479279]}, "properties": {"crashes": 13, "injury": 10, "fatal": 0, "pedestrian": 0, "bicycle": 0, "density": 3.2, "year_range": "unknown"}}, {"type": "Feature", "geometry": {"type": "Point", "coordinates": [-91.100901, 30.481081]}, "properties": {"crashes": 27, "injury": 15, "fatal": 0, "pedestrian": 0, "bicycle": 0, "density": 6.8, "year_range": "unknown"}}, {"type": "Feature", "geometry": {"type": "Point", "coordinates": [-91.100901, 30.473874]}, "properties": {"crashes": 1, "injury": 1, "fatal": 0, "pedestrian": 0, "bicycle": 0, "density": 0.2, "year_range": "unknown"}}, {"type": "Feature", "geometry": {"type": "Point", "coordinates": [-91.10991, 30.477477]}, "properties": {"crashes": 29, "injury": 20, "fatal": 0, "pedestrian": 0, "bicycle": 0, "density": 7.2, "year_range": "unknown"}}, {"type": "Feature", "geometry": {"type": "Point", "coordinates": [-91.111712, 30.477477]}, "properties": {"crashes": 3, "injury": 1, "fatal": 0, "pedestrian": 1, "bicycle": 0, "density": 0.8, "year_range": "unknown"}}, {"type": "Feature", "geometry": {"type": "Point", "coordinates": [-91.10991, 30.479279]}, "properties": {"crashes": 2, "injury": 2, "fatal": 0, "pedestrian": 0, "bicycle": 0, "density": 0.5, "year_range": "unknown"}}, {"type": "Feature", "geometry": {"type": "Point", "coordinates": [-91.115315, 30.482883]}, "properties": {"crashes": 1, "injury": 1, "fatal": 0, "pedestrian": 0, "bicycle": 0, "density": 0.2, "year_range": "unknown"}}, {"type": "Feature", "geometry": {"type": "Point", "coordinates": [-91.113514, 30.481081]}, "properties": {"crashes": 2, "injury": 2, "fatal": 0, "pedestrian": 0, "bicycle": 0, "density": 0.5, "year_range": "unknown"}}, {"type": "Feature", "geometry": {"type": "Point", "coordinates": [-91.10991, 30.481081]}, "properties": {"crashes": 1, "injury": 1, "fatal": 0, "pedestrian": 0, "bicycle": 0, "density": 0.2, "year_range": "unknown"}}, {"type": "Feature", "geometry": {"type": "Point", "coordinates": [-91.10991, 30.484685]}, "properties": {"crashes": 2, "injury": 0, "fatal": 0, "pedestrian": 1, "bicycle": 0, "density": 0.5, "year_range": "unknown"}}, {"type": "Feature", "geometry": {"type": "Point", "coordinates": [-91.108108, 30.484685]}, "properties": {"crashes": 1, "injury": 1, "fatal": 0, "pedestrian": 0, "bicycle": 0, "density": 0.2, "year_range": "unknown"}}, {"type": "Feature", "geometry": {"type": "Point", "coordinates": [-91.108108, 30.486486]}, "properties": {"crashes": 1, "injury": 1, "fatal": 0, "pedestrian": 0, "bicycle": 0, "density": 0.2, "year_range": "unknown"}}, {"type": "Feature", "geometry": {"type": "Point", "coordinates": [-91.106306, 30.484685]}, "properties": {"crashes": 2, "injury": 1, "fatal": 0, "pedestrian": 0, "bicycle": 0, "density": 0.5, "year_range": "unknown"}}, {"type": "Feature", "geometry": {"type": "Point", "coordinates": [-91.104505, 30.484685]}, "properties": {"crashes": 2, "injury": 2, "fatal": 0, "pedestrian": 0, "bicycle": 0, "density": 0.5, "year_range": "unknown"}}, {"type": "Feature", "geometry": {"type": "Point", "coordinates": [-91.10991, 30.482883]}, "properties": {"crashes": 2, "injury": 2, "fatal": 0, "pedestrian": 0, "bicycle": 0, "density": 0.5, "year_range": "unknown"}}, {"type": "Feature", "geometry": {"type": "Point", "coordinates": [-91.111712, 30.482883]}, "properties": {"crashes": 1, "injury": 0, "fatal": 0, "pedestrian": 0, "bicycle": 0, "density": 0.2, "year_range": "unknown"}}, {"type": "Feature", "geometry": {"type": "Point", "coordinates": [-91.084685, 30.484685]}, "properties": {"crashes": 42, "injury": 31, "fatal": 0, "pedestrian": 1, "bicycle": 0, "density": 10.5, "year_range": "unknown"}}, {"type": "Feature", "geometry": {"type": "Point", "coordinates": [-91.084685, 30.482883]}, "properties": {"crashes": 12, "injury": 9, "fatal": 0, "pedestrian": 0, "bicycle": 0, "density": 3.0, "year_range": "unknown"}}, {"type": "Feature", "geometry": {"type": "Point", "coordinates": [-91.084685, 30.477477]}, "properties": {"crashes": 3, "injury": 3, "fatal": 0, "pedestrian": 0, "bicycle": 0, "density": 0.8, "year_range": "unknown"}}, {"type": "Feature", "geometry": {"type": "Point", "coordinates": [-91.086486, 30.484685]}, "properties": {"crashes": 54, "injury": 36, "fatal": 0, "pedestrian": 1, "bicycle": 0, "density": 13.5, "year_range": "unknown"}}, {"type": "Feature", "geometry": {"type": "Point", "coordinates": [-91.086486, 30.482883]}, "properties": {"crashes": 1, "injury": 1, "fatal": 0, "pedestrian": 0, "bicycle": 0, "density": 0.2, "year_range": "unknown"}}, {"type": "Feature", "geometry": {"type": "Point", "coordinates": [-91.088288, 30.484685]}, "properties": {"crashes": 45, "injury": 38, "fatal": 0, "pedestrian": 1, "bicycle": 0, "density": 11.2, "year_range": "unknown"}}, {"type": "Feature", "geometry": {"type": "Point", "coordinates": [-91.088288, 30.482883]}, "properties": {"crashes": 4, "injury": 4, "fatal": 0, "pedestrian": 0, "bicycle": 0, "density": 1.0, "year_range": "unknown"}}, {"type": "Feature", "geometry": {"type": "Point", "coordinates": [-91.09009, 30.482883]}, "properties": {"crashes": 189, "injury": 143, "fatal": 0, "pedestrian": 0, "bicycle": 0, "density": 47.2, "year_range": "unknown"}}, {"type": "Feature", "geometry": {"type": "Point", "coordinates": [-91.09009, 30.477477]}, "properties": {"crashes": 4, "injury": 1, "fatal": 0, "pedestrian": 0, "bicycle": 0, "density": 1.0, "year_range": "unknown"}}, {"type": "Feature", "geometry": {"type": "Point", "coordinates": [-91.09009, 30.475676]}, "properties": {"crashes": 3, "injury": 3, "fatal": 0, "pedestrian": 0, "bicycle": 0, "density": 0.8, "year_range": "unknown"}}, {"type": "Feature", "geometry": {"type": "Point", "coordinates": [-91.09009, 30.473874]}, "properties": {"crashes": 5, "injury": 4, "fatal": 0, "pedestrian": 0, "bicycle": 0, "density": 1.2, "year_range": "unknown"}}, {"type": "Feature", "geometry": {"type": "Point", "coordinates": [-91.088288, 30.477477]}, "properties": {"crashes": 1, "injury": 0, "fatal": 0, "pedestrian": 0, "bicycle": 0, "density": 0.2, "year_range": "unknown"}}, {"type": "Feature", "geometry": {"type": "Point", "coordinates": [-91.088288, 30.473874]}, "properties": {"crashes": 1, "injury": 1, "fatal": 0, "pedestrian": 0, "bicycle": 0, "density": 0.2, "year_range": "unknown"}}, {"type": "Feature", "geometry": {"type": "Point", "coordinates": [-91.086486, 30.479279]}, "properties": {"crashes": 3, "injury": 3, "fatal": 0, "pedestrian": 0, "bicycle": 0, "density": 0.8, "year_range": "unknown"}}, {"type": "Feature", "geometry": {"type": "Point", "coordinates": [-91.086486, 30.473874]}, "properties": {"crashes": 2, "injury": 2, "fatal": 0, "pedestrian": 0, "bicycle": 0, "density": 0.5, "year_range": "unknown"}}, {"type": "Feature", "geometry": {"type": "Point", "coordinates": [-91.086486, 30.477477]}, "properties": {"crashes": 1, "injury": 0, "fatal": 0, "pedestrian": 1, "bicycle": 0, "density": 0.2, "year_range": "unknown"}}, {"type": "Feature", "geometry": {"type": "Point", "coordinates": [-91.086486, 30.475676]}, "properties": {"crashes": 1, "injury": 1, "fatal": 0, "pedestrian": 0, "bicycle": 0, "density": 0.2, "year_range": "unknown"}}, {"type": "Feature", "geometry": {"type": "Point", "coordinates": [-91.084685, 30.475676]}, "properties": {"crashes": 1, "injury": 1, "fatal": 0, "pedestrian": 0, "bicycle": 0, "density": 0.2, "year_range": "unknown"}}, {"type": "Feature", "geometry": {"type": "Point", "coordinates": [-91.09009, 30.481081]}, "properties": {"crashes": 6, "injury": 4, "fatal": 0, "pedestrian": 0, "bicycle": 0, "density": 1.5, "year_range": "unknown"}}, {"type": "Feature", "geometry": {"type": "Point", "coordinates": [-91.09009, 30.479279]}, "properties": {"crashes": 5, "injury": 3, "fatal": 0, "pedestrian": 0, "bicycle": 0, "density": 1.2, "year_range": "unknown"}}, {"type": "Feature", "geometry": {"type": "Point", "coordinates": [-91.088288, 30.479279]}, "properties": {"crashes": 2, "injury": 1, "fatal": 0, "pedestrian": 0, "bicycle": 0, "density": 0.5, "year_range": "unknown"}}, {"type": "Feature", "geometry": {"type": "Point", "coordinates": [-91.084685, 30.479279]}, "properties": {"crashes": 1, "injury": 1, "fatal": 0, "pedestrian": 0, "bicycle": 0, "density": 0.2, "year_range": "unknown"}}, {"type": "Feature", "geometry": {"type": "Point", "coordinates": [-91.093694, 30.482883]}, "properties": {"crashes": 34, "injury": 24, "fatal": 0, "pedestrian": 0, "bicycle": 0, "density": 8.5, "year_range": "unknown"}}, {"type": "Feature", "geometry": {"type": "Point", "coordinates": [-91.091892, 30.482883]}, "properties": {"crashes": 34, "injury": 23, "fatal": 0, "pedestrian": 0, "bicycle": 0, "density": 8.5, "year_range": "unknown"}}, {"type": "Feature", "geometry": {"type": "Point", "coordinates": [-91.095495, 30.482883]}, "properties": {"crashes": 12, "injury": 10, "fatal": 0, "pedestrian": 0, "bicycle": 0, "density": 3.0, "year_range": "unknown"}}, {"type": "Feature", "geometry": {"type": "Point", "coordinates": [-91.095495, 30.477477]}, "properties": {"crashes": 1, "injury": 1, "fatal": 0, "pedestrian": 0, "bicycle": 0, "density": 0.2, "year_range": "unknown"}}, {"type": "Feature", "geometry": {"type": "Point", "coordinates": [-91.091892, 30.479279]}, "properties": {"crashes": 2, "injury": 2, "fatal": 0, "pedestrian": 0, "bicycle": 0, "density": 0.5, "year_range": "unknown"}}, {"type": "Feature", "geometry": {"type": "Point", "coordinates": [-91.093694, 30.481081]}, "properties": {"crashes": 2, "injury": 2, "fatal": 0, "pedestrian": 0, "bicycle": 0, "density": 0.5, "year_range": "unknown"}}, {"type": "Feature", "geometry": {"type": "Point", "coordinates": [-91.091892, 30.481081]}, "properties": {"crashes": 2, "injury": 2, "fatal": 0, "pedestrian": 0, "bicycle": 0, "density": 0.5, "year_range": "unknown"}}, {"type": "Feature", "geometry": {"type": "Point", "coordinates": [-91.097297, 30.481081]}, "properties": {"crashes": 12, "injury": 11, "fatal": 1, "pedestrian": 0, "bicycle": 0, "density": 3.0, "year_range": "unknown"}}, {"type": "Feature", "geometry": {"type": "Point", "coordinates": [-91.095495, 30.481081]}, "properties": {"crashes": 15, "injury": 13, "fatal": 0, "pedestrian": 0, "bicycle": 0, "density": 3.8, "year_range": "unknown"}}, {"type": "Feature", "geometry": {"type": "Point", "coordinates": [-91.095495, 30.479279]}, "properties": {"crashes": 2, "injury": 0, "fatal": 0, "pedestrian": 0, "bicycle": 0, "density": 0.5, "year_range": "unknown"}}, {"type": "Feature", "geometry": {"type": "Point", "coordinates": [-91.099099, 30.479279]}, "properties": {"crashes": 2, "injury": 2, "fatal": 0, "pedestrian": 0, "bicycle": 0, "density": 0.5, "year_range": "unknown"}}, {"type": "Feature", "geometry": {"type": "Point", "coordinates": [-91.099099, 30.481081]}, "properties": {"crashes": 50, "injury": 29, "fatal": 0, "pedestrian": 0, "bicycle": 0, "density": 12.5, "year_range": "unknown"}}, {"type": "Feature", "geometry": {"type": "Point", "coordinates": [-91.102703, 30.484685]}, "properties": {"crashes": 1, "injury": 1, "fatal": 0, "pedestrian": 0, "bicycle": 0, "density": 0.2, "year_range": "unknown"}}, {"type": "Feature", "geometry": {"type": "Point", "coordinates": [-91.099099, 30.475676]}, "properties": {"crashes": 1, "injury": 1, "fatal": 0, "pedestrian": 0, "bicycle": 0, "density": 0.2, "year_range": "unknown"}}, {"type": "Feature", "geometry": {"type": "Point", "coordinates": [-91.099099, 30.473874]}, "properties": {"crashes": 1, "injury": 0, "fatal": 0, "pedestrian": 0, "bicycle": 0, "density": 0.2, "year_range": "unknown"}}, {"type": "Feature", "geometry": {"type": "Point", "coordinates": [-91.102703, 30.481081]}, "properties": {"crashes": 10, "injury": 6, "fatal": 0, "pedestrian": 0, "bicycle": 0, "density": 2.5, "year_range": "unknown"}}, {"type": "Feature", "geometry": {"type": "Point", "coordinates": [-91.106306, 30.481081]}, "properties": {"crashes": 3, "injury": 3, "fatal": 0, "pedestrian": 0, "bicycle": 0, "density": 0.8, "year_range": "unknown"}}, {"type": "Feature", "geometry": {"type": "Point", "coordinates": [-91.100901, 30.482883]}, "properties": {"crashes": 2, "injury": 2, "fatal": 0, "pedestrian": 0, "bicycle": 0, "density": 0.5, "year_range": "unknown"}}, {"type": "Feature", "geometry": {"type": "Point", "coordinates": [-91.082883, 30.472072]}, "properties": {"crashes": 6, "injury": 5, "fatal": 0, "pedestrian": 0, "bicycle": 0, "density": 1.5, "year_range": "unknown"}}, {"type": "Feature", "geometry": {"type": "Point", "coordinates": [-91.082883, 30.464865]}, "properties": {"crashes": 1, "injury": 0, "fatal": 0, "pedestrian": 0, "bicycle": 0, "density": 0.2, "year_range": "unknown"}}, {"type": "Feature", "geometry": {"type": "Point", "coordinates": [-91.082883, 30.466667]}, "properties": {"crashes": 1, "injury": 1, "fatal": 0, "pedestrian": 0, "bicycle": 0, "density": 0.2, "year_range": "unknown"}}, {"type": "Feature", "geometry": {"type": "Point", "coordinates": [-91.082883, 30.468468]}, "properties": {"crashes": 1, "injury": 0, "fatal": 0, "pedestrian": 0, "bicycle": 0, "density": 0.2, "year_range": "unknown"}}, {"type": "Feature", "geometry": {"type": "Point", "coordinates": [-91.068468, 30.472072]}, "properties": {"crashes": 3, "injury": 3, "fatal": 0, "pedestrian": 0, "bicycle": 0, "density": 0.8, "year_range": "unknown"}}, {"type": "Feature", "geometry": {"type": "Point", "coordinates": [-91.07027, 30.472072]}, "properties": {"crashes": 4, "injury": 2, "fatal": 0, "pedestrian": 1, "bicycle": 0, "density": 1.0, "year_range": "unknown"}}, {"type": "Feature", "geometry": {"type": "Point", "coordinates": [-91.081081, 30.47027]}, "properties": {"crashes": 1, "injury": 1, "fatal": 0, "pedestrian": 0, "bicycle": 0, "density": 0.2, "year_range": "unknown"}}, {"type": "Feature", "geometry": {"type": "Point", "coordinates": [-91.079279, 30.47027]}, "properties": {"crashes": 2, "injury": 1, "fatal": 0, "pedestrian": 0, "bicycle": 0, "density": 0.5, "year_range": "unknown"}}, {"type": "Feature", "geometry": {"type": "Point", "coordinates": [-91.081081, 30.472072]}, "properties": {"crashes": 3, "injury": 1, "fatal": 0, "pedestrian": 0, "bicycle": 0, "density": 0.8, "year_range": "unknown"}}, {"type": "Feature", "geometry": {"type": "Point", "coordinates": [-91.079279, 30.472072]}, "properties": {"crashes": 7, "injury": 5, "fatal": 0, "pedestrian": 1, "bicycle": 0, "density": 1.8, "year_range": "unknown"}}, {"type": "Feature", "geometry": {"type": "Point", "coordinates": [-91.077477, 30.472072]}, "properties": {"crashes": 5, "injury": 3, "fatal": 0, "pedestrian": 0, "bicycle": 0, "density": 1.2, "year_range": "unknown"}}, {"type": "Feature", "geometry": {"type": "Point", "coordinates": [-91.073874, 30.466667]}, "properties": {"crashes": 3, "injury": 2, "fatal": 0, "pedestrian": 0, "bicycle": 0, "density": 0.8, "year_range": "unknown"}}, {"type": "Feature", "geometry": {"type": "Point", "coordinates": [-91.072072, 30.466667]}, "properties": {"crashes": 1, "injury": 1, "fatal": 0, "pedestrian": 0, "bicycle": 0, "density": 0.2, "year_range": "unknown"}}, {"type": "Feature", "geometry": {"type": "Point", "coordinates": [-91.072072, 30.468468]}, "properties": {"crashes": 2, "injury": 1, "fatal": 0, "pedestrian": 0, "bicycle": 0, "density": 0.5, "year_range": "unknown"}}, {"type": "Feature", "geometry": {"type": "Point", "coordinates": [-91.073874, 30.468468]}, "properties": {"crashes": 1, "injury": 1, "fatal": 0, "pedestrian": 0, "bicycle": 0, "density": 0.2, "year_range": "unknown"}}, {"type": "Feature", "geometry": {"type": "Point", "coordinates": [-91.072072, 30.47027]}, "properties": {"crashes": 4, "injury": 3, "fatal": 0, "pedestrian": 0, "bicycle": 0, "density": 1.0, "year_range": "unknown"}}, {"type": "Feature", "geometry": {"type": "Point", "coordinates": [-91.073874, 30.472072]}, "properties": {"crashes": 5, "injury": 5, "fatal": 0, "pedestrian": 0, "bicycle": 0, "density": 1.2, "year_range": "unknown"}}, {"type": "Feature", "geometry": {"type": "Point", "coordinates": [-91.075676, 30.466667]}, "properties": {"crashes": 2, "injury": 1, "fatal": 0, "pedestrian": 0, "bicycle": 0, "density": 0.5, "year_range": "unknown"}}, {"type": "Feature", "geometry": {"type": "Point", "coordinates": [-91.077477, 30.468468]}, "properties": {"crashes": 5, "injury": 4, "fatal": 0, "pedestrian": 0, "bicycle": 0, "density": 1.2, "year_range": "unknown"}}, {"type": "Feature", "geometry": {"type": "Point", "coordinates": [-91.075676, 30.468468]}, "properties": {"crashes": 1, "injury": 1, "fatal": 1, "pedestrian": 0, "bicycle": 0, "density": 0.2, "year_range": "unknown"}}, {"type": "Feature", "geometry": {"type": "Point", "coordinates": [-91.077477, 30.47027]}, "properties": {"crashes": 3, "injury": 2, "fatal": 0, "pedestrian": 1, "bicycle": 0, "density": 0.8, "year_range": "unknown"}}, {"type": "Feature", "geometry": {"type": "Point", "coordinates": [-91.075676, 30.47027]}, "properties": {"crashes": 1, "injury": 1, "fatal": 0, "pedestrian": 0, "bicycle": 0, "density": 0.2, "year_range": "unknown"}}, {"type": "Feature", "geometry": {"type": "Point", "coordinates": [-91.075676, 30.472072]}, "properties": {"crashes": 2, "injury": 2, "fatal": 0, "pedestrian": 0, "bicycle": 0, "density": 0.5, "year_range": "unknown"}}, {"type": "Feature", "geometry": {"type": "Point", "coordinates": [-91.077477, 30.464865]}, "properties": {"crashes": 4, "injury": 4, "fatal": 0, "pedestrian": 0, "bicycle": 0, "density": 1.0, "year_range": "unknown"}}, {"type": "Feature", "geometry": {"type": "Point", "coordinates": [-91.075676, 30.464865]}, "properties": {"crashes": 4, "injury": 3, "fatal": 0, "pedestrian": 0, "bicycle": 0, "density": 1.0, "year_range": "unknown"}}, {"type": "Feature", "geometry": {"type": "Point", "coordinates": [-91.073874, 30.464865]}, "properties": {"crashes": 2, "injury": 2, "fatal": 0, "pedestrian": 0, "bicycle": 0, "density": 0.5, "year_range": "unknown"}}, {"type": "Feature", "geometry": {"type": "Point", "coordinates": [-91.072072, 30.461261]}, "properties": {"crashes": 2, "injury": 2, "fatal": 0, "pedestrian": 0, "bicycle": 0, "density": 0.5, "year_range": "unknown"}}, {"type": "Feature", "geometry": {"type": "Point", "coordinates": [-91.072072, 30.464865]}, "properties": {"crashes": 1, "injury": 1, "fatal": 0, "pedestrian": 0, "bicycle": 0, "density": 0.2, "year_range": "unknown"}}, {"type": "Feature", "geometry": {"type": "Point", "coordinates": [-91.072072, 30.459459]}, "properties": {"crashes": 6, "injury": 5, "fatal": 0, "pedestrian": 0, "bicycle": 0, "density": 1.5, "year_range": "unknown"}}, {"type": "Feature", "geometry": {"type": "Point", "coordinates": [-91.072072, 30.463063]}, "properties": {"crashes": 3, "injury": 2, "fatal": 0, "pedestrian": 0, "bicycle": 0, "density": 0.8, "year_range": "unknown"}}, {"type": "Feature", "geometry": {"type": "Point", "coordinates": [-91.072072, 30.457658]}, "properties": {"crashes": 61, "injury": 51, "fatal": 0, "pedestrian": 1, "bicycle": 0, "density": 15.2, "year_range": "unknown"}}, {"type": "Feature", "geometry": {"type": "Point", "coordinates": [-91.072072, 30.455856]}, "properties": {"crashes": 132, "injury": 104, "fatal": 0, "pedestrian": 0, "bicycle": 0, "density": 33.0, "year_range": "unknown"}}, {"type": "Feature", "geometry": {"type": "Point", "coordinates": [-91.073874, 30.455856]}, "properties": {"crashes": 19, "injury": 17, "fatal": 0, "pedestrian": 0, "bicycle": 0, "density": 4.8, "year_range": "unknown"}}, {"type": "Feature", "geometry": {"type": "Point", "coordinates": [-91.073874, 30.459459]}, "properties": {"crashes": 1, "injury": 1, "fatal": 0, "pedestrian": 0, "bicycle": 0, "density": 0.2, "year_range": "unknown"}}, {"type": "Feature", "geometry": {"type": "Point", "coordinates": [-91.077477, 30.455856]}, "properties": {"crashes": 101, "injury": 77, "fatal": 0, "pedestrian": 2, "bicycle": 0, "density": 25.2, "year_range": "unknown"}}, {"type": "Feature", "geometry": {"type": "Point", "coordinates": [-91.081081, 30.455856]}, "properties": {"crashes": 75, "injury": 55, "fatal": 0, "pedestrian": 0, "bicycle": 0, "density": 18.8, "year_range": "unknown"}}, {"type": "Feature", "geometry": {"type": "Point", "coordinates": [-91.079279, 30.455856]}, "properties": {"crashes": 24, "injury": 19, "fatal": 0, "pedestrian": 0, "bicycle": 0, "density": 6.0, "year_range": "unknown"}}, {"type": "Feature", "geometry": {"type": "Point", "coordinates": [-91.075676, 30.455856]}, "properties": {"crashes": 19, "injury": 14, "fatal": 0, "pedestrian": 0, "bicycle": 0, "density": 4.8, "year_range": "unknown"}}, {"type": "Feature", "geometry": {"type": "Point", "coordinates": [-91.073874, 30.457658]}, "properties": {"crashes": 1, "injury": 1, "fatal": 0, "pedestrian": 0, "bicycle": 0, "density": 0.2, "year_range": "unknown"}}, {"type": "Feature", "geometry": {"type": "Point", "coordinates": [-91.082883, 30.455856]}, "properties": {"crashes": 11, "injury": 9, "fatal": 0, "pedestrian": 0, "bicycle": 0, "density": 2.8, "year_range": "unknown"}}, {"type": "Feature", "geometry": {"type": "Point", "coordinates": [-91.082883, 30.454054]}, "properties": {"crashes": 17, "injury": 14, "fatal": 0, "pedestrian": 0, "bicycle": 0, "density": 4.2, "year_range": "unknown"}}, {"type": "Feature", "geometry": {"type": "Point", "coordinates": [-91.082883, 30.463063]}, "properties": {"crashes": 1, "injury": 1, "fatal": 0, "pedestrian": 0, "bicycle": 0, "density": 0.2, "year_range": "unknown"}}, {"type": "Feature", "geometry": {"type": "Point", "coordinates": [-91.072072, 30.454054]}, "properties": {"crashes": 5, "injury": 4, "fatal": 0, "pedestrian": 0, "bicycle": 0, "density": 1.2, "year_range": "unknown"}}, {"type": "Feature", "geometry": {"type": "Point", "coordinates": [-91.072072, 30.452252]}, "properties": {"crashes": 31, "injury": 22, "fatal": 0, "pedestrian": 2, "bicycle": 0, "density": 7.8, "year_range": "unknown"}}, {"type": "Feature", "geometry": {"type": "Point", "coordinates": [-91.081081, 30.454054]}, "properties": {"crashes": 15, "injury": 14, "fatal": 0, "pedestrian": 0, "bicycle": 0, "density": 3.8, "year_range": "unknown"}}, {"type": "Feature", "geometry": {"type": "Point", "coordinates": [-91.079279, 30.454054]}, "properties": {"crashes": 8, "injury": 8, "fatal": 0, "pedestrian": 0, "bicycle": 0, "density": 2.0, "year_range": "unknown"}}, {"type": "Feature", "geometry": {"type": "Point", "coordinates": [-91.077477, 30.454054]}, "properties": {"crashes": 8, "injury": 8, "fatal": 0, "pedestrian": 0, "bicycle": 0, "density": 2.0, "year_range": "unknown"}}, {"type": "Feature", "geometry": {"type": "Point", "coordinates": [-91.075676, 30.452252]}, "properties": {"crashes": 1, "injury": 0, "fatal": 0, "pedestrian": 0, "bicycle": 0, "density": 0.2, "year_range": "unknown"}}, {"type": "Feature", "geometry": {"type": "Point", "coordinates": [-91.075676, 30.454054]}, "properties": {"crashes": 1, "injury": 1, "fatal": 0, "pedestrian": 0, "bicycle": 0, "density": 0.2, "year_range": "unknown"}}, {"type": "Feature", "geometry": {"type": "Point", "coordinates": [-91.073874, 30.454054]}, "properties": {"crashes": 6, "injury": 5, "fatal": 0, "pedestrian": 0, "bicycle": 0, "density": 1.5, "year_range": "unknown"}}, {"type": "Feature", "geometry": {"type": "Point", "coordinates": [-91.081081, 30.452252]}, "properties": {"crashes": 8, "injury": 6, "fatal": 0, "pedestrian": 0, "bicycle": 0, "density": 2.0, "year_range": "unknown"}}, {"type": "Feature", "geometry": {"type": "Point", "coordinates": [-91.073874, 30.452252]}, "properties": {"crashes": 2, "injury": 2, "fatal": 0, "pedestrian": 0, "bicycle": 0, "density": 0.5, "year_range": "unknown"}}, {"type": "Feature", "geometry": {"type": "Point", "coordinates": [-91.084685, 30.452252]}, "properties": {"crashes": 1, "injury": 1, "fatal": 0, "pedestrian": 0, "bicycle": 0, "density": 0.2, "year_range": "unknown"}}, {"type": "Feature", "geometry": {"type": "Point", "coordinates": [-91.088288, 30.452252]}, "properties": {"crashes": 1, "injury": 1, "fatal": 0, "pedestrian": 0, "bicycle": 0, "density": 0.2, "year_range": "unknown"}}, {"type": "Feature", "geometry": {"type": "Point", "coordinates": [-91.093694, 30.452252]}, "properties": {"crashes": 9, "injury": 6, "fatal": 0, "pedestrian": 0, "bicycle": 0, "density": 2.2, "year_range": "unknown"}}, {"type": "Feature", "geometry": {"type": "Point", "coordinates": [-91.09009, 30.45045]}, "properties": {"crashes": 2, "injury": 2, "fatal": 0, "pedestrian": 0, "bicycle": 0, "density": 0.5, "year_range": "unknown"}}, {"type": "Feature", "geometry": {"type": "Point", "coordinates": [-91.091892, 30.45045]}, "properties": {"crashes": 1, "injury": 1, "fatal": 0, "pedestrian": 0, "bicycle": 0, "density": 0.2, "year_range": "unknown"}}, {"type": "Feature", "geometry": {"type": "Point", "coordinates": [-91.091892, 30.452252]}, "properties": {"crashes": 1, "injury": 0, "fatal": 0, "pedestrian": 0, "bicycle": 0, "density": 0.2, "year_range": "unknown"}}, {"type": "Feature", "geometry": {"type": "Point", "coordinates": [-91.09009, 30.448649]}, "properties": {"crashes": 1, "injury": 0, "fatal": 0, "pedestrian": 1, "bicycle": 0, "density": 0.2, "year_range": "unknown"}}, {"type": "Feature", "geometry": {"type": "Point", "coordinates": [-91.09009, 30.446847]}, "properties": {"crashes": 5, "injury": 2, "fatal": 0, "pedestrian": 0, "bicycle": 0, "density": 1.2, "year_range": "unknown"}}, {"type": "Feature", "geometry": {"type": "Point", "coordinates": [-91.068468, 30.445045]}, "properties": {"crashes": 43, "injury": 28, "fatal": 0, "pedestrian": 1, "bicycle": 0, "density": 10.8, "year_range": "unknown"}}, {"type": "Feature", "geometry": {"type": "Point", "coordinates": [-91.072072, 30.445045]}, "properties": {"crashes": 3, "injury": 2, "fatal": 0, "pedestrian": 0, "bicycle": 0, "density": 0.8, "year_range": "unknown"}}, {"type": "Feature", "geometry": {"type": "Point", "coordinates": [-91.068468, 30.446847]}, "properties": {"crashes": 4, "injury": 4, "fatal": 0, "pedestrian": 0, "bicycle": 0, "density": 1.0, "year_range": "unknown"}}, {"type": "Feature", "geometry": {"type": "Point", "coordinates": [-91.072072, 30.45045]}, "properties": {"crashes": 1, "injury": 1, "fatal": 0, "pedestrian": 0, "bicycle": 0, "density": 0.2, "year_range": "unknown"}}, {"type": "Feature", "geometry": {"type": "Point", "coordinates": [-91.07027, 30.45045]}, "properties": {"crashes": 7, "injury": 6, "fatal": 0, "pedestrian": 0, "bicycle": 0, "density": 1.8, "year_range": "unknown"}}, {"type": "Feature", "geometry": {"type": "Point", "coordinates": [-91.07027, 30.448649]}, "properties": {"crashes": 2, "injury": 0, "fatal": 0, "pedestrian": 0, "bicycle": 0, "density": 0.5, "year_range": "unknown"}}, {"type": "Feature", "geometry": {"type": "Point", "coordinates": [-91.07027, 30.446847]}, "properties": {"crashes": 2, "injury": 2, "fatal": 0, "pedestrian": 0, "bicycle": 0, "density": 0.5, "year_range": "unknown"}}, {"type": "Feature", "geometry": {"type": "Point", "coordinates": [-91.072072, 30.446847]}, "properties": {"crashes": 1, "injury": 1, "fatal": 0, "pedestrian": 0, "bicycle": 0, "density": 0.2, "year_range": "unknown"}}, {"type": "Feature", "geometry": {"type": "Point", "coordinates": [-91.073874, 30.443243]}, "properties": {"crashes": 7, "injury": 5, "fatal": 0, "pedestrian": 1, "bicycle": 0, "density": 1.8, "year_range": "unknown"}}, {"type": "Feature", "geometry": {"type": "Point", "coordinates": [-91.075676, 30.443243]}, "properties": {"crashes": 5, "injury": 5, "fatal": 0, "pedestrian": 0, "bicycle": 0, "density": 1.2, "year_range": "unknown"}}, {"type": "Feature", "geometry": {"type": "Point", "coordinates": [-91.077477, 30.45045]}, "properties": {"crashes": 2, "injury": 2, "fatal": 0, "pedestrian": 0, "bicycle": 0, "density": 0.5, "year_range": "unknown"}}, {"type": "Feature", "geometry": {"type": "Point", "coordinates": [-91.081081, 30.448649]}, "properties": {"crashes": 2, "injury": 1, "fatal": 0, "pedestrian": 0, "bicycle": 0, "density": 0.5, "year_range": "unknown"}}, {"type": "Feature", "geometry": {"type": "Point", "coordinates": [-91.082883, 30.448649]}, "properties": {"crashes": 1, "injury": 0, "fatal": 0, "pedestrian": 1, "bicycle": 0, "density": 0.2, "year_range": "unknown"}}, {"type": "Feature", "geometry": {"type": "Point", "coordinates": [-91.084685, 30.45045]}, "properties": {"crashes": 1, "injury": 1, "fatal": 0, "pedestrian": 0, "bicycle": 0, "density": 0.2, "year_range": "unknown"}}, {"type": "Feature", "geometry": {"type": "Point", "coordinates": [-91.077477, 30.452252]}, "properties": {"crashes": 6, "injury": 5, "fatal": 0, "pedestrian": 0, "bicycle": 0, "density": 1.5, "year_range": "unknown"}}, {"type": "Feature", "geometry": {"type": "Point", "coordinates": [-91.084685, 30.445045]}, "properties": {"crashes": 1, "injury": 1, "fatal": 0, "pedestrian": 0, "bicycle": 0, "density": 0.2, "year_range": "unknown"}}, {"type": "Feature", "geometry": {"type": "Point", "coordinates": [-91.082883, 30.446847]}, "properties": {"crashes": 1, "injury": 1, "fatal": 0, "pedestrian": 0, "bicycle": 0, "density": 0.2, "year_range": "unknown"}}, {"type": "Feature", "geometry": {"type": "Point", "coordinates": [-91.081081, 30.446847]}, "properties": {"crashes": 1, "injury": 1, "fatal": 0, "pedestrian": 0, "bicycle": 0, "density": 0.2, "year_range": "unknown"}}, {"type": "Feature", "geometry": {"type": "Point", "coordinates": [-91.081081, 30.443243]}, "properties": {"crashes": 20, "injury": 9, "fatal": 0, "pedestrian": 1, "bicycle": 0, "density": 5.0, "year_range": "unknown"}}, {"type": "Feature", "geometry": {"type": "Point", "coordinates": [-91.079279, 30.445045]}, "properties": {"crashes": 2, "injury": 2, "fatal": 0, "pedestrian": 0, "bicycle": 0, "density": 0.5, "year_range": "unknown"}}, {"type": "Feature", "geometry": {"type": "Point", "coordinates": [-91.077477, 30.443243]}, "properties": {"crashes": 16, "injury": 11, "fatal": 0, "pedestrian": 0, "bicycle": 0, "density": 4.0, "year_range": "unknown"}}, {"type": "Feature", "geometry": {"type": "Point", "coordinates": [-91.077477, 30.448649]}, "properties": {"crashes": 1, "injury": 1, "fatal": 0, "pedestrian": 0, "bicycle": 0, "density": 0.2, "year_range": "unknown"}}, {"type": "Feature", "geometry": {"type": "Point", "coordinates": [-91.086486, 30.443243]}, "properties": {"crashes": 5, "injury": 4, "fatal": 0, "pedestrian": 1, "bicycle": 0, "density": 1.2, "year_range": "unknown"}}, {"type": "Feature", "geometry": {"type": "Point", "coordinates": [-91.088288, 30.445045]}, "properties": {"crashes": 1, "injury": 0, "fatal": 0, "pedestrian": 0, "bicycle": 0, "density": 0.2, "year_range": "unknown"}}, {"type": "Feature", "geometry": {"type": "Point", "coordinates": [-91.088288, 30.446847]}, "properties": {"crashes": 1, "injury": 1, "fatal": 0, "pedestrian": 0, "bicycle": 0, "density": 0.2, "year_range": "unknown"}}, {"type": "Feature", "geometry": {"type": "Point", "coordinates": [-91.088288, 30.448649]}, "properties": {"crashes": 1, "injury": 0, "fatal": 0, "pedestrian": 0, "bicycle": 0, "density": 0.2, "year_range": "unknown"}}, {"type": "Feature", "geometry": {"type": "Point", "coordinates": [-91.079279, 30.443243]}, "properties": {"crashes": 2, "injury": 2, "fatal": 0, "pedestrian": 0, "bicycle": 0, "density": 0.5, "year_range": "unknown"}}, {"type": "Feature", "geometry": {"type": "Point", "coordinates": [-91.082883, 30.443243]}, "properties": {"crashes": 2, "injury": 2, "fatal": 0, "pedestrian": 0, "bicycle": 0, "density": 0.5, "year_range": "unknown"}}, {"type": "Feature", "geometry": {"type": "Point", "coordinates": [-91.079279, 30.432432]}, "properties": {"crashes": 84, "injury": 63, "fatal": 0, "pedestrian": 1, "bicycle": 0, "density": 21.0, "year_range": "unknown"}}, {"type": "Feature", "geometry": {"type": "Point", "coordinates": [-91.077477, 30.432432]}, "properties": {"crashes": 23, "injury": 19, "fatal": 0, "pedestrian": 1, "bicycle": 0, "density": 5.8, "year_range": "unknown"}}, {"type": "Feature", "geometry": {"type": "Point", "coordinates": [-91.066667, 30.436036]}, "properties": {"crashes": 8, "injury": 7, "fatal": 0, "pedestrian": 0, "bicycle": 0, "density": 2.0, "year_range": "unknown"}}, {"type": "Feature", "geometry": {"type": "Point", "coordinates": [-91.066667, 30.437838]}, "properties": {"crashes": 1, "injury": 1, "fatal": 0, "pedestrian": 0, "bicycle": 0, "density": 0.2, "year_range": "unknown"}}, {"type": "Feature", "geometry": {"type": "Point", "coordinates": [-91.064865, 30.437838]}, "properties": {"crashes": 6, "injury": 3, "fatal": 0, "pedestrian": 0, "bicycle": 0, "density": 1.5, "year_range": "unknown"}}, {"type": "Feature", "geometry": {"type": "Point", "coordinates": [-91.064865, 30.43964]}, "properties": {"crashes": 9, "injury": 7, "fatal": 0, "pedestrian": 1, "bicycle": 0, "density": 2.2, "year_range": "unknown"}}, {"type": "Feature", "geometry": {"type": "Point", "coordinates": [-91.066667, 30.441441]}, "properties": {"crashes": 12, "injury": 9, "fatal": 0, "pedestrian": 0, "bicycle": 0, "density": 3.0, "year_range": "unknown"}}, {"type": "Feature", "geometry": {"type": "Point", "coordinates": [-91.066667, 30.443243]}, "properties": {"crashes": 8, "injury": 4, "fatal": 0, "pedestrian": 1, "bicycle": 0, "density": 2.0, "year_range": "unknown"}}, {"type": "Feature", "geometry": {"type": "Point", "coordinates": [-91.07027, 30.445045]}, "properties": {"crashes": 2, "injury": 2, "fatal": 0, "pedestrian": 0, "bicycle": 0, "density": 0.5, "year_range": "unknown"}}, {"type": "Feature", "geometry": {"type": "Point", "coordinates": [-91.073874, 30.445045]}, "properties": {"crashes": 2, "injury": 1, "fatal": 0, "pedestrian": 0, "bicycle": 0, "density": 0.5, "year_range": "unknown"}}, {"type": "Feature", "geometry": {"type": "Point", "coordinates": [-91.072072, 30.441441]}, "properties": {"crashes": 1, "injury": 1, "fatal": 0, "pedestrian": 0, "bicycle": 0, "density": 0.2, "year_range": "unknown"}}, {"type": "Feature", "geometry": {"type": "Point", "coordinates": [-91.072072, 30.436036]}, "properties": {"crashes": 1, "injury": 1, "fatal": 0, "pedestrian": 0, "bicycle": 0, "density": 0.2, "year_range": "unknown"}}, {"type": "Feature", "geometry": {"type": "Point", "coordinates": [-91.07027, 30.436036]}, "properties": {"crashes": 1, "injury": 1, "fatal": 0, "pedestrian": 0, "bicycle": 0, "density": 0.2, "year_range": "unknown"}}, {"type": "Feature", "geometry": {"type": "Point", "coordinates": [-91.07027, 30.441441]}, "properties": {"crashes": 2, "injury": 2, "fatal": 0, "pedestrian": 0, "bicycle": 0, "density": 0.5, "year_range": "unknown"}}, {"type": "Feature", "geometry": {"type": "Point", "coordinates": [-91.07027, 30.43964]}, "properties": {"crashes": 1, "injury": 0, "fatal": 0, "pedestrian": 0, "bicycle": 0, "density": 0.2, "year_range": "unknown"}}, {"type": "Feature", "geometry": {"type": "Point", "coordinates": [-91.07027, 30.437838]}, "properties": {"crashes": 1, "injury": 1, "fatal": 0, "pedestrian": 0, "bicycle": 0, "density": 0.2, "year_range": "unknown"}}, {"type": "Feature", "geometry": {"type": "Point", "coordinates": [-91.077477, 30.437838]}, "properties": {"crashes": 2, "injury": 1, "fatal": 0, "pedestrian": 0, "bicycle": 0, "density": 0.5, "year_range": "unknown"}}, {"type": "Feature", "geometry": {"type": "Point", "coordinates": [-91.077477, 30.43964]}, "properties": {"crashes": 1, "injury": 0, "fatal": 0, "pedestrian": 0, "bicycle": 0, "density": 0.2, "year_range": "unknown"}}, {"type": "Feature", "geometry": {"type": "Point", "coordinates": [-91.084685, 30.43964]}, "properties": {"crashes": 7, "injury": 7, "fatal": 0, "pedestrian": 0, "bicycle": 0, "density": 1.8, "year_range": "unknown"}}, {"type": "Feature", "geometry": {"type": "Point", "coordinates": [-91.082883, 30.43964]}, "properties": {"crashes": 3, "injury": 3, "fatal": 1, "pedestrian": 1, "bicycle": 0, "density": 0.8, "year_range": "unknown"}}, {"type": "Feature", "geometry": {"type": "Point", "coordinates": [-91.068468, 30.434234]}, "properties": {"crashes": 9, "injury": 8, "fatal": 0, "pedestrian": 1, "bicycle": 0, "density": 2.2, "year_range": "unknown"}}, {"type": "Feature", "geometry": {"type": "Point", "coordinates": [-91.075676, 30.434234]}, "properties": {"crashes": 1, "injury": 1, "fatal": 0, "pedestrian": 0, "bicycle": 0, "density": 0.2, "year_range": "unknown"}}, {"type": "Feature", "geometry": {"type": "Point", "coordinates": [-91.073874, 30.432432]}, "properties": {"crashes": 4, "injury": 2, "fatal": 0, "pedestrian": 1, "bicycle": 0, "density": 1.0, "year_range": "unknown"}}, {"type": "Feature", "geometry": {"type": "Point", "coordinates": [-91.072072, 30.432432]}, "properties": {"crashes": 9, "injury": 6, "fatal": 0, "pedestrian": 0, "bicycle": 0, "density": 2.2, "year_range": "unknown"}}, {"type": "Feature", "geometry": {"type": "Point", "coordinates": [-91.075676, 30.432432]}, "properties": {"crashes": 7, "injury": 7, "fatal": 0, "pedestrian": 0, "bicycle": 0, "density": 1.8, "year_range": "unknown"}}, {"type": "Feature", "geometry": {"type": "Point", "coordinates": [-91.066667, 30.425225]}, "properties": {"crashes": 8, "injury": 6, "fatal": 0, "pedestrian": 0, "bicycle": 0, "density": 2.0, "year_range": "unknown"}}, {"type": "Feature", "geometry": {"type": "Point", "coordinates": [-91.066667, 30.423423]}, "properties": {"crashes": 9, "injury": 7, "fatal": 0, "pedestrian": 1, "bicycle": 0, "density": 2.2, "year_range": "unknown"}}, {"type": "Feature", "geometry": {"type": "Point", "coordinates": [-91.07027, 30.425225]}, "properties": {"crashes": 66, "injury": 54, "fatal": 0, "pedestrian": 1, "bicycle": 0, "density": 16.5, "year_range": "unknown"}}, {"type": "Feature", "geometry": {"type": "Point", "coordinates": [-91.068468, 30.427027]}, "properties": {"crashes": 28, "injury": 19, "fatal": 0, "pedestrian": 0, "bicycle": 0, "density": 7.0, "year_range": "unknown"}}, {"type": "Feature", "geometry": {"type": "Point", "coordinates": [-91.068468, 30.423423]}, "properties": {"crashes": 1, "injury": 1, "fatal": 0, "pedestrian": 0, "bicycle": 0, "density": 0.2, "year_range": "unknown"}}, {"type": "Feature", "geometry": {"type": "Point", "coordinates": [-91.068468, 30.425225]}, "properties": {"crashes": 2, "injury": 1, "fatal": 0, "pedestrian": 0, "bicycle": 0, "density": 0.5, "year_range": "unknown"}}, {"type": "Feature", "geometry": {"type": "Point", "coordinates": [-91.072072, 30.425225]}, "properties": {"crashes": 28, "injury": 23, "fatal": 0, "pedestrian": 0, "bicycle": 0, "density": 7.0, "year_range": "unknown"}}, {"type": "Feature", "geometry": {"type": "Point", "coordinates": [-91.072072, 30.423423]}, "properties": {"crashes": 6, "injury": 5, "fatal": 0, "pedestrian": 0, "bicycle": 0, "density": 1.5, "year_range": "unknown"}}, {"type": "Feature", "geometry": {"type": "Point", "coordinates": [-91.073874, 30.425225]}, "properties": {"crashes": 25, "injury": 19, "fatal": 0, "pedestrian": 0, "bicycle": 0, "density": 6.2, "year_range": "unknown"}}, {"type": "Feature", "geometry": {"type": "Point", "coordinates": [-91.068468, 30.41982]}, "properties": {"crashes": 18, "injury": 14, "fatal": 0, "pedestrian": 0, "bicycle": 0, "density": 4.5, "year_range": "unknown"}}, {"type": "Feature", "geometry": {"type": "Point", "coordinates": [-91.066667, 30.41982]}, "properties": {"crashes": 17, "injury": 15, "fatal": 0, "pedestrian": 0, "bicycle": 0, "density": 4.2, "year_range": "unknown"}}, {"type": "Feature", "geometry": {"type": "Point", "coordinates": [-91.066667, 30.421622]}, "properties": {"crashes": 5, "injury": 3, "fatal": 0, "pedestrian": 0, "bicycle": 0, "density": 1.2, "year_range": "unknown"}}, {"type": "Feature", "geometry": {"type": "Point", "coordinates": [-91.07027, 30.41982]}, "properties": {"crashes": 2, "injury": 2, "fatal": 0, "pedestrian": 0, "bicycle": 0, "density": 0.5, "year_range": "unknown"}}, {"type": "Feature", "geometry": {"type": "Point", "coordinates": [-91.07027, 30.421622]}, "properties": {"crashes": 3, "injury": 2, "fatal": 0, "pedestrian": 0, "bicycle": 0, "density": 0.8, "year_range": "unknown"}}, {"type": "Feature", "geometry": {"type": "Point", "coordinates": [-91.068468, 30.418018]}, "properties": {"crashes": 81, "injury": 61, "fatal": 0, "pedestrian": 0, "bicycle": 0, "density": 20.2, "year_range": "unknown"}}, {"type": "Feature", "geometry": {"type": "Point", "coordinates": [-91.077477, 30.430631]}, "properties": {"crashes": 12, "injury": 10, "fatal": 0, "pedestrian": 0, "bicycle": 0, "density": 3.0, "year_range": "unknown"}}, {"type": "Feature", "geometry": {"type": "Point", "coordinates": [-91.066667, 30.418018]}, "properties": {"crashes": 63, "injury": 49, "fatal": 0, "pedestrian": 0, "bicycle": 0, "density": 15.8, "year_range": "unknown"}}, {"type": "Feature", "geometry": {"type": "Point", "coordinates": [-91.064865, 30.418018]}, "properties": {"crashes": 23, "injury": 19, "fatal": 0, "pedestrian": 0, "bicycle": 0, "density": 5.8, "year_range": "unknown"}}, {"type": "Feature", "geometry": {"type": "Point", "coordinates": [-91.064865, 30.41982]}, "properties": {"crashes": 1, "injury": 1, "fatal": 0, "pedestrian": 0, "bicycle": 0, "density": 0.2, "year_range": "unknown"}}, {"type": "Feature", "geometry": {"type": "Point", "coordinates": [-91.068468, 30.416216]}, "properties": {"crashes": 39, "injury": 32, "fatal": 0, "pedestrian": 1, "bicycle": 0, "density": 9.8, "year_range": "unknown"}}, {"type": "Feature", "geometry": {"type": "Point", "coordinates": [-91.064865, 30.421622]}, "properties": {"crashes": 1, "injury": 0, "fatal": 0, "pedestrian": 1, "bicycle": 0, "density": 0.2, "year_range": "unknown"}}, {"type": "Feature", "geometry": {"type": "Point", "coordinates": [-91.066667, 30.432432]}, "properties": {"crashes": 3, "injury": 3, "fatal": 0, "pedestrian": 0, "bicycle": 0, "density": 0.8, "year_range": "unknown"}}, {"type": "Feature", "geometry": {"type": "Point", "coordinates": [-91.07027, 30.434234]}, "properties": {"crashes": 3, "injury": 3, "fatal": 0, "pedestrian": 0, "bicycle": 0, "density": 0.8, "year_range": "unknown"}}, {"type": "Feature", "geometry": {"type": "Point", "coordinates": [-91.075676, 30.430631]}, "properties": {"crashes": 2, "injury": 2, "fatal": 0, "pedestrian": 0, "bicycle": 0, "density": 0.5, "year_range": "unknown"}}, {"type": "Feature", "geometry": {"type": "Point", "coordinates": [-91.072072, 30.428829]}, "properties": {"crashes": 1, "injury": 1, "fatal": 0, "pedestrian": 0, "bicycle": 0, "density": 0.2, "year_range": "unknown"}}, {"type": "Feature", "geometry": {"type": "Point", "coordinates": [-91.068468, 30.430631]}, "properties": {"crashes": 1, "injury": 0, "fatal": 0, "pedestrian": 0, "bicycle": 0, "density": 0.2, "year_range": "unknown"}}, {"type": "Feature", "geometry": {"type": "Point", "coordinates": [-91.066667, 30.428829]}, "properties": {"crashes": 11, "injury": 8, "fatal": 0, "pedestrian": 2, "bicycle": 0, "density": 2.8, "year_range": "unknown"}}, {"type": "Feature", "geometry": {"type": "Point", "coordinates": [-91.066667, 30.430631]}, "properties": {"crashes": 3, "injury": 1, "fatal": 0, "pedestrian": 0, "bicycle": 0, "density": 0.8, "year_range": "unknown"}}, {"type": "Feature", "geometry": {"type": "Point", "coordinates": [-91.073874, 30.427027]}, "properties": {"crashes": 2, "injury": 2, "fatal": 0, "pedestrian": 0, "bicycle": 0, "density": 0.5, "year_range": "unknown"}}, {"type": "Feature", "geometry": {"type": "Point", "coordinates": [-91.072072, 30.427027]}, "properties": {"crashes": 2, "injury": 2, "fatal": 0, "pedestrian": 0, "bicycle": 0, "density": 0.5, "year_range": "unknown"}}, {"type": "Feature", "geometry": {"type": "Point", "coordinates": [-91.07027, 30.427027]}, "properties": {"crashes": 19, "injury": 15, "fatal": 0, "pedestrian": 0, "bicycle": 0, "density": 4.8, "year_range": "unknown"}}, {"type": "Feature", "geometry": {"type": "Point", "coordinates": [-91.066667, 30.416216]}, "properties": {"crashes": 8, "injury": 8, "fatal": 0, "pedestrian": 0, "bicycle": 0, "density": 2.0, "year_range": "unknown"}}, {"type": "Feature", "geometry": {"type": "Point", "coordinates": [-91.063063, 30.418018]}, "properties": {"crashes": 1, "injury": 1, "fatal": 0, "pedestrian": 0, "bicycle": 0, "density": 0.2, "year_range": "unknown"}}, {"type": "Feature", "geometry": {"type": "Point", "coordinates": [-91.063063, 30.416216]}, "properties": {"crashes": 30, "injury": 24, "fatal": 0, "pedestrian": 1, "bicycle": 0, "density": 7.5, "year_range": "unknown"}}, {"type": "Feature", "geometry": {"type": "Point", "coordinates": [-91.068468, 30.414414]}, "properties": {"crashes": 75, "injury": 61, "fatal": 1, "pedestrian": 0, "bicycle": 0, "density": 18.8, "year_range": "unknown"}}, {"type": "Feature", "geometry": {"type": "Point", "coordinates": [-91.061261, 30.414414]}, "properties": {"crashes": 12, "injury": 9, "fatal": 0, "pedestrian": 0, "bicycle": 0, "density": 3.0, "year_range": "unknown"}}, {"type": "Feature", "geometry": {"type": "Point", "coordinates": [-91.061261, 30.416216]}, "properties": {"crashes": 1, "injury": 1, "fatal": 0, "pedestrian": 0, "bicycle": 0, "density": 0.2, "year_range": "unknown"}}, {"type": "Feature", "geometry": {"type": "Point", "coordinates": [-91.059459, 30.414414]}, "properties": {"crashes": 10, "injury": 9, "fatal": 0, "pedestrian": 0, "bicycle": 0, "density": 2.5, "year_range": "unknown"}}, {"type": "Feature", "geometry": {"type": "Point", "coordinates": [-91.057658, 30.414414]}, "properties": {"crashes": 34, "injury": 27, "fatal": 0, "pedestrian": 0, "bicycle": 0, "density": 8.5, "year_range": "unknown"}}, {"type": "Feature", "geometry": {"type": "Point", "coordinates": [-91.055856, 30.416216]}, "properties": {"crashes": 3, "injury": 3, "fatal": 0, "pedestrian": 0, "bicycle": 0, "density": 0.8, "year_range": "unknown"}}, {"type": "Feature", "geometry": {"type": "Point", "coordinates": [-91.066667, 30.414414]}, "properties": {"crashes": 22, "injury": 17, "fatal": 0, "pedestrian": 1, "bicycle": 0, "density": 5.5, "year_range": "unknown"}}, {"type": "Feature", "geometry": {"type": "Point", "coordinates": [-91.068468, 30.412613]}, "properties": {"crashes": 2, "injury": 2, "fatal": 0, "pedestrian": 0, "bicycle": 0, "density": 0.5, "year_range": "unknown"}}, {"type": "Feature", "geometry": {"type": "Point", "coordinates": [-91.075676, 30.427027]}, "properties": {"crashes": 3, "injury": 3, "fatal": 0, "pedestrian": 0, "bicycle": 0, "density": 0.8, "year_range": "unknown"}}, {"type": "Feature", "geometry": {"type": "Point", "coordinates": [-91.055856, 30.412613]}, "properties": {"crashes": 50, "injury": 35, "fatal": 0, "pedestrian": 0, "bicycle": 0, "density": 12.5, "year_range": "unknown"}}, {"type": "Feature", "geometry": {"type": "Point", "coordinates": [-91.055856, 30.414414]}, "properties": {"crashes": 3, "injury": 3, "fatal": 0, "pedestrian": 0, "bicycle": 0, "density": 0.8, "year_range": "unknown"}}, {"type": "Feature", "geometry": {"type": "Point", "coordinates": [-91.064865, 30.472072]}, "properties": {"crashes": 3, "injury": 1, "fatal": 0, "pedestrian": 0, "bicycle": 0, "density": 0.8, "year_range": "unknown"}}, {"type": "Feature", "geometry": {"type": "Point", "coordinates": [-91.063063, 30.472072]}, "properties": {"crashes": 4, "injury": 1, "fatal": 0, "pedestrian": 0, "bicycle": 0, "density": 1.0, "year_range": "unknown"}}, {"type": "Feature", "geometry": {"type": "Point", "coordinates": [-91.057658, 30.47027]}, "properties": {"crashes": 40, "injury": 26, "fatal": 0, "pedestrian": 4, "bicycle": 0, "density": 10.0, "year_range": "unknown"}}, {"type": "Feature", "geometry": {"type": "Point", "coordinates": [-91.061261, 30.47027]}, "properties": {"crashes": 1, "injury": 1, "fatal": 0, "pedestrian": 0, "bicycle": 0, "density": 0.2, "year_range": "unknown"}}, {"type": "Feature", "geometry": {"type": "Point", "coordinates": [-91.061261, 30.472072]}, "properties": {"crashes": 14, "injury": 12, "fatal": 0, "pedestrian": 0, "bicycle": 0, "density": 3.5, "year_range": "unknown"}}, {"type": "Feature", "geometry": {"type": "Point", "coordinates": [-91.059459, 30.472072]}, "properties": {"crashes": 10, "injury": 4, "fatal": 0, "pedestrian": 0, "bicycle": 0, "density": 2.5, "year_range": "unknown"}}, {"type": "Feature", "geometry": {"type": "Point", "coordinates": [-91.057658, 30.468468]}, "properties": {"crashes": 25, "injury": 19, "fatal": 0, "pedestrian": 0, "bicycle": 0, "density": 6.2, "year_range": "unknown"}}, {"type": "Feature", "geometry": {"type": "Point", "coordinates": [-91.059459, 30.47027]}, "properties": {"crashes": 3, "injury": 1, "fatal": 0, "pedestrian": 0, "bicycle": 0, "density": 0.8, "year_range": "unknown"}}, {"type": "Feature", "geometry": {"type": "Point", "coordinates": [-91.057658, 30.466667]}, "properties": {"crashes": 11, "injury": 8, "fatal": 0, "pedestrian": 1, "bicycle": 0, "density": 2.8, "year_range": "unknown"}}, {"type": "Feature", "geometry": {"type": "Point", "coordinates": [-91.068468, 30.466667]}, "properties": {"crashes": 4, "injury": 3, "fatal": 1, "pedestrian": 0, "bicycle": 0, "density": 1.0, "year_range": "unknown"}}, {"type": "Feature", "geometry": {"type": "Point", "coordinates": [-91.063063, 30.466667]}, "properties": {"crashes": 1, "injury": 1, "fatal": 0, "pedestrian": 0, "bicycle": 0, "density": 0.2, "year_range": "unknown"}}, {"type": "Feature", "geometry": {"type": "Point", "coordinates": [-91.066667, 30.466667]}, "properties": {"crashes": 2, "injury": 2, "fatal": 0, "pedestrian": 0, "bicycle": 0, "density": 0.5, "year_range": "unknown"}}, {"type": "Feature", "geometry": {"type": "Point", "coordinates": [-91.064865, 30.466667]}, "properties": {"crashes": 1, "injury": 1, "fatal": 0, "pedestrian": 0, "bicycle": 0, "density": 0.2, "year_range": "unknown"}}, {"type": "Feature", "geometry": {"type": "Point", "coordinates": [-91.068468, 30.468468]}, "properties": {"crashes": 1, "injury": 1, "fatal": 0, "pedestrian": 0, "bicycle": 0, "density": 0.2, "year_range": "unknown"}}, {"type": "Feature", "geometry": {"type": "Point", "coordinates": [-91.064865, 30.468468]}, "properties": {"crashes": 2, "injury": 2, "fatal": 0, "pedestrian": 0, "bicycle": 0, "density": 0.5, "year_range": "unknown"}}, {"type": "Feature", "geometry": {"type": "Point", "coordinates": [-91.068468, 30.47027]}, "properties": {"crashes": 3, "injury": 2, "fatal": 0, "pedestrian": 0, "bicycle": 0, "density": 0.8, "year_range": "unknown"}}, {"type": "Feature", "geometry": {"type": "Point", "coordinates": [-91.063063, 30.47027]}, "properties": {"crashes": 2, "injury": 2, "fatal": 0, "pedestrian": 0, "bicycle": 0, "density": 0.5, "year_range": "unknown"}}, {"type": "Feature", "geometry": {"type": "Point", "coordinates": [-91.057658, 30.464865]}, "properties": {"crashes": 38, "injury": 26, "fatal": 0, "pedestrian": 1, "bicycle": 0, "density": 9.5, "year_range": "unknown"}}, {"type": "Feature", "geometry": {"type": "Point", "coordinates": [-91.064865, 30.464865]}, "properties": {"crashes": 1, "injury": 1, "fatal": 0, "pedestrian": 0, "bicycle": 0, "density": 0.2, "year_range": "unknown"}}, {"type": "Feature", "geometry": {"type": "Point", "coordinates": [-91.063063, 30.464865]}, "properties": {"crashes": 1, "injury": 1, "fatal": 0, "pedestrian": 0, "bicycle": 0, "density": 0.2, "year_range": "unknown"}}, {"type": "Feature", "geometry": {"type": "Point", "coordinates": [-91.059459, 30.464865]}, "properties": {"crashes": 1, "injury": 1, "fatal": 0, "pedestrian": 0, "bicycle": 0, "density": 0.2, "year_range": "unknown"}}, {"type": "Feature", "geometry": {"type": "Point", "coordinates": [-91.057658, 30.463063]}, "properties": {"crashes": 17, "injury": 13, "fatal": 1, "pedestrian": 1, "bicycle": 0, "density": 4.2, "year_range": "unknown"}}, {"type": "Feature", "geometry": {"type": "Point", "coordinates": [-91.057658, 30.461261]}, "properties": {"crashes": 18, "injury": 11, "fatal": 0, "pedestrian": 0, "bicycle": 0, "density": 4.5, "year_range": "unknown"}}, {"type": "Feature", "geometry": {"type": "Point", "coordinates": [-91.066667, 30.463063]}, "properties": {"crashes": 2, "injury": 2, "fatal": 0, "pedestrian": 0, "bicycle": 0, "density": 0.5, "year_range": "unknown"}}, {"type": "Feature", "geometry": {"type": "Point", "coordinates": [-91.063063, 30.463063]}, "properties": {"crashes": 1, "injury": 1, "fatal": 0, "pedestrian": 0, "bicycle": 0, "density": 0.2, "year_range": "unknown"}}, {"type": "Feature", "geometry": {"type": "Point", "coordinates": [-91.061261, 30.463063]}, "properties": {"crashes": 4, "injury": 4, "fatal": 0, "pedestrian": 0, "bicycle": 0, "density": 1.0, "year_range": "unknown"}}, {"type": "Feature", "geometry": {"type": "Point", "coordinates": [-91.061261, 30.461261]}, "properties": {"crashes": 2, "injury": 2, "fatal": 0, "pedestrian": 0, "bicycle": 0, "density": 0.5, "year_range": "unknown"}}, {"type": "Feature", "geometry": {"type": "Point", "coordinates": [-91.059459, 30.463063]}, "properties": {"crashes": 6, "injury": 6, "fatal": 0, "pedestrian": 0, "bicycle": 0, "density": 1.5, "year_range": "unknown"}}, {"type": "Feature", "geometry": {"type": "Point", "coordinates": [-91.059459, 30.459459]}, "properties": {"crashes": 22, "injury": 18, "fatal": 0, "pedestrian": 0, "bicycle": 0, "density": 5.5, "year_range": "unknown"}}, {"type": "Feature", "geometry": {"type": "Point", "coordinates": [-91.059459, 30.461261]}, "properties": {"crashes": 2, "injury": 2, "fatal": 0, "pedestrian": 0, "bicycle": 0, "density": 0.5, "year_range": "unknown"}}, {"type": "Feature", "geometry": {"type": "Point", "coordinates": [-91.064865, 30.459459]}, "properties": {"crashes": 1, "injury": 1, "fatal": 0, "pedestrian": 0, "bicycle": 0, "density": 0.2, "year_range": "unknown"}}, {"type": "Feature", "geometry": {"type": "Point", "coordinates": [-91.061261, 30.459459]}, "properties": {"crashes": 1, "injury": 1, "fatal": 0, "pedestrian": 0, "bicycle": 0, "density": 0.2, "year_range": "unknown"}}, {"type": "Feature", "geometry": {"type": "Point", "coordinates": [-91.061261, 30.457658]}, "properties": {"crashes": 21, "injury": 15, "fatal": 1, "pedestrian": 1, "bicycle": 0, "density": 5.2, "year_range": "unknown"}}, {"type": "Feature", "geometry": {"type": "Point", "coordinates": [-91.064865, 30.457658]}, "properties": {"crashes": 67, "injury": 41, "fatal": 1, "pedestrian": 2, "bicycle": 0, "density": 16.8, "year_range": "unknown"}}, {"type": "Feature", "geometry": {"type": "Point", "coordinates": [-91.063063, 30.457658]}, "properties": {"crashes": 8, "injury": 7, "fatal": 0, "pedestrian": 0, "bicycle": 0, "density": 2.0, "year_range": "unknown"}}, {"type": "Feature", "geometry": {"type": "Point", "coordinates": [-91.066667, 30.457658]}, "properties": {"crashes": 33, "injury": 28, "fatal": 0, "pedestrian": 0, "bicycle": 0, "density": 8.2, "year_range": "unknown"}}, {"type": "Feature", "geometry": {"type": "Point", "coordinates": [-91.07027, 30.457658]}, "properties": {"crashes": 14, "injury": 14, "fatal": 0, "pedestrian": 0, "bicycle": 0, "density": 3.5, "year_range": "unknown"}}, {"type": "Feature", "geometry": {"type": "Point", "coordinates": [-91.068468, 30.457658]}, "properties": {"crashes": 19, "injury": 14, "fatal": 0, "pedestrian": 2, "bicycle": 0, "density": 4.8, "year_range": "unknown"}}, {"type": "Feature", "geometry": {"type": "Point", "coordinates": [-91.068468, 30.459459]}, "properties": {"crashes": 1, "injury": 1, "fatal": 0, "pedestrian": 0, "bicycle": 0, "density": 0.2, "year_range": "unknown"}}, {"type": "Feature", "geometry": {"type": "Point", "coordinates": [-91.07027, 30.466667]}, "properties": {"crashes": 1, "injury": 1, "fatal": 0, "pedestrian": 0, "bicycle": 0, "density": 0.2, "year_range": "unknown"}}, {"type": "Feature", "geometry": {"type": "Point", "coordinates": [-91.07027, 30.468468]}, "properties": {"crashes": 1, "injury": 1, "fatal": 0, "pedestrian": 0, "bicycle": 0, "density": 0.2, "year_range": "unknown"}}, {"type": "Feature", "geometry": {"type": "Point", "coordinates": [-91.07027, 30.463063]}, "properties": {"crashes": 4, "injury": 3, "fatal": 0, "pedestrian": 0, "bicycle": 0, "density": 1.0, "year_range": "unknown"}}, {"type": "Feature", "geometry": {"type": "Point", "coordinates": [-91.068468, 30.464865]}, "properties": {"crashes": 3, "injury": 3, "fatal": 0, "pedestrian": 0, "bicycle": 0, "density": 0.8, "year_range": "unknown"}}, {"type": "Feature", "geometry": {"type": "Point", "coordinates": [-91.066667, 30.459459]}, "properties": {"crashes": 1, "injury": 1, "fatal": 0, "pedestrian": 0, "bicycle": 0, "density": 0.2, "year_range": "unknown"}}, {"type": "Feature", "geometry": {"type": "Point", "coordinates": [-91.054054, 30.472072]}, "properties": {"crashes": 3, "injury": 3, "fatal": 0, "pedestrian": 0, "bicycle": 0, "density": 0.8, "year_range": "unknown"}}, {"type": "Feature", "geometry": {"type": "Point", "coordinates": [-91.055856, 30.472072]}, "properties": {"crashes": 5, "injury": 4, "fatal": 0, "pedestrian": 1, "bicycle": 0, "density": 1.2, "year_range": "unknown"}}, {"type": "Feature", "geometry": {"type": "Point", "coordinates": [-91.055856, 30.47027]}, "properties": {"crashes": 2, "injury": 2, "fatal": 0, "pedestrian": 0, "bicycle": 0, "density": 0.5, "year_range": "unknown"}}, {"type": "Feature", "geometry": {"type": "Point", "coordinates": [-91.054054, 30.47027]}, "properties": {"crashes": 2, "injury": 1, "fatal": 0, "pedestrian": 1, "bicycle": 0, "density": 0.5, "year_range": "unknown"}}, {"type": "Feature", "geometry": {"type": "Point", "coordinates": [-91.055856, 30.468468]}, "properties": {"crashes": 7, "injury": 6, "fatal": 0, "pedestrian": 0, "bicycle": 0, "density": 1.8, "year_range": "unknown"}}, {"type": "Feature", "geometry": {"type": "Point", "coordinates": [-91.054054, 30.468468]}, "properties": {"crashes": 5, "injury": 4, "fatal": 0, "pedestrian": 1, "bicycle": 0, "density": 1.2, "year_range": "unknown"}}, {"type": "Feature", "geometry": {"type": "Point", "coordinates": [-91.054054, 30.466667]}, "properties": {"crashes": 4, "injury": 4, "fatal": 0, "pedestrian": 0, "bicycle": 0, "density": 1.0, "year_range": "unknown"}}, {"type": "Feature", "geometry": {"type": "Point", "coordinates": [-91.054054, 30.464865]}, "properties": {"crashes": 2, "injury": 1, "fatal": 0, "pedestrian": 1, "bicycle": 0, "density": 0.5, "year_range": "unknown"}}, {"type": "Feature", "geometry": {"type": "Point", "coordinates": [-91.055856, 30.463063]}, "properties": {"crashes": 2, "injury": 2, "fatal": 0, "pedestrian": 0, "bicycle": 0, "density": 0.5, "year_range": "unknown"}}, {"type": "Feature", "geometry": {"type": "Point", "coordinates": [-91.054054, 30.461261]}, "properties": {"crashes": 1, "injury": 1, "fatal": 0, "pedestrian": 0, "bicycle": 0, "density": 0.2, "year_range": "unknown"}}, {"type": "Feature", "geometry": {"type": "Point", "coordinates": [-91.054054, 30.463063]}, "properties": {"crashes": 2, "injury": 2, "fatal": 0, "pedestrian": 0, "bicycle": 0, "density": 0.5, "year_range": "unknown"}}, {"type": "Feature", "geometry": {"type": "Point", "coordinates": [-91.034234, 30.472072]}, "properties": {"crashes": 27, "injury": 20, "fatal": 0, "pedestrian": 0, "bicycle": 0, "density": 6.8, "year_range": "unknown"}}, {"type": "Feature", "geometry": {"type": "Point", "coordinates": [-91.032432, 30.472072]}, "properties": {"crashes": 1, "injury": 1, "fatal": 0, "pedestrian": 0, "bicycle": 0, "density": 0.2, "year_range": "unknown"}}, {"type": "Feature", "geometry": {"type": "Point", "coordinates": [-91.041441, 30.464865]}, "properties": {"crashes": 3, "injury": 3, "fatal": 0, "pedestrian": 0, "bicycle": 0, "density": 0.8, "year_range": "unknown"}}, {"type": "Feature", "geometry": {"type": "Point", "coordinates": [-91.03964, 30.464865]}, "properties": {"crashes": 1, "injury": 1, "fatal": 0, "pedestrian": 0, "bicycle": 0, "density": 0.2, "year_range": "unknown"}}, {"type": "Feature", "geometry": {"type": "Point", "coordinates": [-91.037838, 30.464865]}, "properties": {"crashes": 1, "injury": 1, "fatal": 0, "pedestrian": 0, "bicycle": 0, "density": 0.2, "year_range": "unknown"}}, {"type": "Feature", "geometry": {"type": "Point", "coordinates": [-91.043243, 30.466667]}, "properties": {"crashes": 8, "injury": 4, "fatal": 0, "pedestrian": 2, "bicycle": 0, "density": 2.0, "year_range": "unknown"}}, {"type": "Feature", "geometry": {"type": "Point", "coordinates": [-91.041441, 30.466667]}, "properties": {"crashes": 5, "injury": 5, "fatal": 0, "pedestrian": 0, "bicycle": 0, "density": 1.2, "year_range": "unknown"}}, {"type": "Feature", "geometry": {"type": "Point", "coordinates": [-91.041441, 30.468468]}, "properties": {"crashes": 4, "injury": 4, "fatal": 0, "pedestrian": 0, "bicycle": 0, "density": 1.0, "year_range": "unknown"}}, {"type": "Feature", "geometry": {"type": "Point", "coordinates": [-91.041441, 30.47027]}, "properties": {"crashes": 2, "injury": 2, "fatal": 0, "pedestrian": 0, "bicycle": 0, "density": 0.5, "year_range": "unknown"}}, {"type": "Feature", "geometry": {"type": "Point", "coordinates": [-91.043243, 30.47027]}, "properties": {"crashes": 4, "injury": 4, "fatal": 0, "pedestrian": 0, "bicycle": 0, "density": 1.0, "year_range": "unknown"}}, {"type": "Feature", "geometry": {"type": "Point", "coordinates": [-91.041441, 30.472072]}, "properties": {"crashes": 4, "injury": 2, "fatal": 0, "pedestrian": 0, "bicycle": 0, "density": 1.0, "year_range": "unknown"}}, {"type": "Feature", "geometry": {"type": "Point", "coordinates": [-91.037838, 30.472072]}, "properties": {"crashes": 3, "injury": 2, "fatal": 0, "pedestrian": 0, "bicycle": 0, "density": 0.8, "year_range": "unknown"}}, {"type": "Feature", "geometry": {"type": "Point", "coordinates": [-91.03964, 30.472072]}, "properties": {"crashes": 3, "injury": 3, "fatal": 0, "pedestrian": 0, "bicycle": 0, "density": 0.8, "year_range": "unknown"}}, {"type": "Feature", "geometry": {"type": "Point", "coordinates": [-91.036036, 30.464865]}, "properties": {"crashes": 8, "injury": 8, "fatal": 0, "pedestrian": 0, "bicycle": 0, "density": 2.0, "year_range": "unknown"}}, {"type": "Feature", "geometry": {"type": "Point", "coordinates": [-91.036036, 30.466667]}, "properties": {"crashes": 5, "injury": 4, "fatal": 0, "pedestrian": 0, "bicycle": 0, "density": 1.2, "year_range": "unknown"}}, {"type": "Feature", "geometry": {"type": "Point", "coordinates": [-91.034234, 30.47027]}, "properties": {"crashes": 2, "injury": 2, "fatal": 0, "pedestrian": 0, "bicycle": 0, "density": 0.5, "year_range": "unknown"}}, {"type": "Feature", "geometry": {"type": "Point", "coordinates": [-91.036036, 30.472072]}, "properties": {"crashes": 3, "injury": 1, "fatal": 0, "pedestrian": 0, "bicycle": 0, "density": 0.8, "year_range": "unknown"}}, {"type": "Feature", "geometry": {"type": "Point", "coordinates": [-91.037838, 30.463063]}, "properties": {"crashes": 6, "injury": 4, "fatal": 0, "pedestrian": 0, "bicycle": 0, "density": 1.5, "year_range": "unknown"}}, {"type": "Feature", "geometry": {"type": "Point", "coordinates": [-91.03964, 30.463063]}, "properties": {"crashes": 4, "injury": 4, "fatal": 0, "pedestrian": 0, "bicycle": 0, "density": 1.0, "year_range": "unknown"}}, {"type": "Feature", "geometry": {"type": "Point", "coordinates": [-91.055856, 30.464865]}, "properties": {"crashes": 3, "injury": 1, "fatal": 0, "pedestrian": 1, "bicycle": 0, "density": 0.8, "year_range": "unknown"}}, {"type": "Feature", "geometry": {"type": "Point", "coordinates": [-91.055856, 30.466667]}, "properties": {"crashes": 1, "injury": 1, "fatal": 0, "pedestrian": 0, "bicycle": 0, "density": 0.2, "year_range": "unknown"}}, {"type": "Feature", "geometry": {"type": "Point", "coordinates": [-91.05045, 30.472072]}, "properties": {"crashes": 7, "injury": 6, "fatal": 0, "pedestrian": 0, "bicycle": 0, "density": 1.8, "year_range": "unknown"}}, {"type": "Feature", "geometry": {"type": "Point", "coordinates": [-91.048649, 30.472072]}, "properties": {"crashes": 15, "injury": 12, "fatal": 0, "pedestrian": 0, "bicycle": 0, "density": 3.8, "year_range": "unknown"}}, {"type": "Feature", "geometry": {"type": "Point", "coordinates": [-91.052252, 30.472072]}, "properties": {"crashes": 3, "injury": 3, "fatal": 0, "pedestrian": 0, "bicycle": 0, "density": 0.8, "year_range": "unknown"}}, {"type": "Feature", "geometry": {"type": "Point", "coordinates": [-91.043243, 30.472072]}, "properties": {"crashes": 11, "injury": 9, "fatal": 0, "pedestrian": 0, "bicycle": 0, "density": 2.8, "year_range": "unknown"}}, {"type": "Feature", "geometry": {"type": "Point", "coordinates": [-91.045045, 30.47027]}, "properties": {"crashes": 5, "injury": 3, "fatal": 0, "pedestrian": 0, "bicycle": 0, "density": 1.2, "year_range": "unknown"}}, {"type": "Feature", "geometry": {"type": "Point", "coordinates": [-91.045045, 30.472072]}, "properties": {"crashes": 11, "injury": 7, "fatal": 0, "pedestrian": 0, "bicycle": 0, "density": 2.8, "year_range": "unknown"}}, {"type": "Feature", "geometry": {"type": "Point", "coordinates": [-91.046847, 30.472072]}, "properties": {"crashes": 6, "injury": 4, "fatal": 0, "pedestrian": 1, "bicycle": 0, "density": 1.5, "year_range": "unknown"}}, {"type": "Feature", "geometry": {"type": "Point", "coordinates": [-91.045045, 30.464865]}, "properties": {"crashes": 3, "injury": 2, "fatal": 0, "pedestrian": 1, "bicycle": 0, "density": 0.8, "year_range": "unknown"}}, {"type": "Feature", "geometry": {"type": "Point", "coordinates": [-91.045045, 30.466667]}, "properties": {"crashes": 5, "injury": 5, "fatal": 0, "pedestrian": 0, "bicycle": 0, "density": 1.2, "year_range": "unknown"}}, {"type": "Feature", "geometry": {"type": "Point", "coordinates": [-91.043243, 30.468468]}, "properties": {"crashes": 3, "injury": 3, "fatal": 0, "pedestrian": 0, "bicycle": 0, "density": 0.8, "year_range": "unknown"}}, {"type": "Feature", "geometry": {"type": "Point", "coordinates": [-91.045045, 30.468468]}, "properties": {"crashes": 3, "injury": 3, "fatal": 0, "pedestrian": 0, "bicycle": 0, "density": 0.8, "year_range": "unknown"}}, {"type": "Feature", "geometry": {"type": "Point", "coordinates": [-91.048649, 30.463063]}, "properties": {"crashes": 4, "injury": 3, "fatal": 0, "pedestrian": 0, "bicycle": 0, "density": 1.0, "year_range": "unknown"}}, {"type": "Feature", "geometry": {"type": "Point", "coordinates": [-91.048649, 30.464865]}, "properties": {"crashes": 1, "injury": 1, "fatal": 0, "pedestrian": 0, "bicycle": 0, "density": 0.2, "year_range": "unknown"}}, {"type": "Feature", "geometry": {"type": "Point", "coordinates": [-91.046847, 30.464865]}, "properties": {"crashes": 1, "injury": 1, "fatal": 0, "pedestrian": 0, "bicycle": 0, "density": 0.2, "year_range": "unknown"}}, {"type": "Feature", "geometry": {"type": "Point", "coordinates": [-91.046847, 30.466667]}, "properties": {"crashes": 3, "injury": 3, "fatal": 0, "pedestrian": 0, "bicycle": 0, "density": 0.8, "year_range": "unknown"}}, {"type": "Feature", "geometry": {"type": "Point", "coordinates": [-91.048649, 30.466667]}, "properties": {"crashes": 2, "injury": 1, "fatal": 0, "pedestrian": 0, "bicycle": 0, "density": 0.5, "year_range": "unknown"}}, {"type": "Feature", "geometry": {"type": "Point", "coordinates": [-91.052252, 30.466667]}, "properties": {"crashes": 6, "injury": 3, "fatal": 0, "pedestrian": 0, "bicycle": 0, "density": 1.5, "year_range": "unknown"}}, {"type": "Feature", "geometry": {"type": "Point", "coordinates": [-91.05045, 30.466667]}, "properties": {"crashes": 1, "injury": 1, "fatal": 0, "pedestrian": 0, "bicycle": 0, "density": 0.2, "year_range": "unknown"}}, {"type": "Feature", "geometry": {"type": "Point", "coordinates": [-91.052252, 30.468468]}, "properties": {"crashes": 2, "injury": 2, "fatal": 0, "pedestrian": 0, "bicycle": 0, "density": 0.5, "year_range": "unknown"}}, {"type": "Feature", "geometry": {"type": "Point", "coordinates": [-91.048649, 30.468468]}, "properties": {"crashes": 1, "injury": 1, "fatal": 0, "pedestrian": 0, "bicycle": 0, "density": 0.2, "year_range": "unknown"}}, {"type": "Feature", "geometry": {"type": "Point", "coordinates": [-91.05045, 30.468468]}, "properties": {"crashes": 2, "injury": 2, "fatal": 0, "pedestrian": 0, "bicycle": 0, "density": 0.5, "year_range": "unknown"}}, {"type": "Feature", "geometry": {"type": "Point", "coordinates": [-91.052252, 30.47027]}, "properties": {"crashes": 1, "injury": 1, "fatal": 0, "pedestrian": 0, "bicycle": 0, "density": 0.2, "year_range": "unknown"}}, {"type": "Feature", "geometry": {"type": "Point", "coordinates": [-91.046847, 30.47027]}, "properties": {"crashes": 4, "injury": 4, "fatal": 0, "pedestrian": 0, "bicycle": 0, "density": 1.0, "year_range": "unknown"}}, {"type": "Feature", "geometry": {"type": "Point", "coordinates": [-91.05045, 30.47027]}, "properties": {"crashes": 1, "injury": 1, "fatal": 0, "pedestrian": 0, "bicycle": 0, "density": 0.2, "year_range": "unknown"}}, {"type": "Feature", "geometry": {"type": "Point", "coordinates": [-91.043243, 30.463063]}, "properties": {"crashes": 5, "injury": 5, "fatal": 0, "pedestrian": 0, "bicycle": 0, "density": 1.2, "year_range": "unknown"}}, {"type": "Feature", "geometry": {"type": "Point", "coordinates": [-91.045045, 30.463063]}, "properties": {"crashes": 5, "injury": 5, "fatal": 0, "pedestrian": 0, "bicycle": 0, "density": 1.2, "year_range": "unknown"}}, {"type": "Feature", "geometry": {"type": "Point", "coordinates": [-91.046847, 30.463063]}, "properties": {"crashes": 1, "injury": 1, "fatal": 0, "pedestrian": 0, "bicycle": 0, "density": 0.2, "year_range": "unknown"}}, {"type": "Feature", "geometry": {"type": "Point", "coordinates": [-91.041441, 30.463063]}, "properties": {"crashes": 1, "injury": 1, "fatal": 0, "pedestrian": 0, "bicycle": 0, "density": 0.2, "year_range": "unknown"}}, {"type": "Feature", "geometry": {"type": "Point", "coordinates": [-91.043243, 30.464865]}, "properties": {"crashes": 5, "injury": 4, "fatal": 0, "pedestrian": 0, "bicycle": 0, "density": 1.2, "year_range": "unknown"}}, {"type": "Feature", "geometry": {"type": "Point", "coordinates": [-91.05045, 30.461261]}, "properties": {"crashes": 3, "injury": 3, "fatal": 0, "pedestrian": 0, "bicycle": 0, "density": 0.8, "year_range": "unknown"}}, {"type": "Feature", "geometry": {"type": "Point", "coordinates": [-91.052252, 30.461261]}, "properties": {"crashes": 1, "injury": 1, "fatal": 0, "pedestrian": 0, "bicycle": 0, "density": 0.2, "year_range": "unknown"}}, {"type": "Feature", "geometry": {"type": "Point", "coordinates": [-91.052252, 30.463063]}, "properties": {"crashes": 3, "injury": 3, "fatal": 0, "pedestrian": 0, "bicycle": 0, "density": 0.8, "year_range": "unknown"}}, {"type": "Feature", "geometry": {"type": "Point", "coordinates": [-91.052252, 30.464865]}, "properties": {"crashes": 4, "injury": 3, "fatal": 0, "pedestrian": 1, "bicycle": 0, "density": 1.0, "year_range": "unknown"}}, {"type": "Feature", "geometry": {"type": "Point", "coordinates": [-91.032432, 30.47027]}, "properties": {"crashes": 2, "injury": 2, "fatal": 0, "pedestrian": 0, "bicycle": 0, "density": 0.5, "year_range": "unknown"}}, {"type": "Feature", "geometry": {"type": "Point", "coordinates": [-91.030631, 30.468468]}, "properties": {"crashes": 14, "injury": 7, "fatal": 0, "pedestrian": 0, "bicycle": 0, "density": 3.5, "year_range": "unknown"}}, {"type": "Feature", "geometry": {"type": "Point", "coordinates": [-91.028829, 30.47027]}, "properties": {"crashes": 1, "injury": 1, "fatal": 0, "pedestrian": 0, "bicycle": 0, "density": 0.2, "year_range": "unknown"}}, {"type": "Feature", "geometry": {"type": "Point", "coordinates": [-91.027027, 30.472072]}, "properties": {"crashes": 2, "injury": 2, "fatal": 0, "pedestrian": 0, "bicycle": 0, "density": 0.5, "year_range": "unknown"}}, {"type": "Feature", "geometry": {"type": "Point", "coordinates": [-91.025225, 30.47027]}, "properties": {"crashes": 1, "injury": 1, "fatal": 0, "pedestrian": 0, "bicycle": 0, "density": 0.2, "year_range": "unknown"}}, {"type": "Feature", "geometry": {"type": "Point", "coordinates": [-91.025225, 30.472072]}, "properties": {"crashes": 1, "injury": 1, "fatal": 0, "pedestrian": 0, "bicycle": 0, "density": 0.2, "year_range": "unknown"}}, {"type": "Feature", "geometry": {"type": "Point", "coordinates": [-91.027027, 30.463063]}, "properties": {"crashes": 50, "injury": 37, "fatal": 0, "pedestrian": 0, "bicycle": 0, "density": 12.5, "year_range": "unknown"}}, {"type": "Feature", "geometry": {"type": "Point", "coordinates": [-91.025225, 30.464865]}, "properties": {"crashes": 4, "injury": 3, "fatal": 0, "pedestrian": 0, "bicycle": 0, "density": 1.0, "year_range": "unknown"}}, {"type": "Feature", "geometry": {"type": "Point", "coordinates": [-91.034234, 30.464865]}, "properties": {"crashes": 2, "injury": 2, "fatal": 0, "pedestrian": 0, "bicycle": 0, "density": 0.5, "year_range": "unknown"}}, {"type": "Feature", "geometry": {"type": "Point", "coordinates": [-91.032432, 30.464865]}, "properties": {"crashes": 1, "injury": 0, "fatal": 0, "pedestrian": 0, "bicycle": 0, "density": 0.2, "year_range": "unknown"}}, {"type": "Feature", "geometry": {"type": "Point", "coordinates": [-91.028829, 30.468468]}, "properties": {"crashes": 2, "injury": 0, "fatal": 0, "pedestrian": 0, "bicycle": 0, "density": 0.5, "year_range": "unknown"}}, {"type": "Feature", "geometry": {"type": "Point", "coordinates": [-91.025225, 30.468468]}, "properties": {"crashes": 1, "injury": 0, "fatal": 0, "pedestrian": 0, "bicycle": 0, "density": 0.2, "year_range": "unknown"}}, {"type": "Feature", "geometry": {"type": "Point", "coordinates": [-91.032432, 30.463063]}, "properties": {"crashes": 4, "injury": 3, "fatal": 0, "pedestrian": 0, "bicycle": 0, "density": 1.0, "year_range": "unknown"}}, {"type": "Feature", "geometry": {"type": "Point", "coordinates": [-91.030631, 30.463063]}, "properties": {"crashes": 30, "injury": 18, "fatal": 0, "pedestrian": 2, "bicycle": 0, "density": 7.5, "year_range": "unknown"}}, {"type": "Feature", "geometry": {"type": "Point", "coordinates": [-91.028829, 30.463063]}, "properties": {"crashes": 3, "injury": 2, "fatal": 0, "pedestrian": 1, "bicycle": 0, "density": 0.8, "year_range": "unknown"}}, {"type": "Feature", "geometry": {"type": "Point", "coordinates": [-91.010811, 30.47027]}, "properties": {"crashes": 55, "injury": 41, "fatal": 0, "pedestrian": 0, "bicycle": 0, "density": 13.8, "year_range": "unknown"}}, {"type": "Feature", "geometry": {"type": "Point", "coordinates": [-91.010811, 30.472072]}, "properties": {"crashes": 3, "injury": 2, "fatal": 0, "pedestrian": 0, "bicycle": 0, "density": 0.8, "year_range": "unknown"}}, {"type": "Feature", "geometry": {"type": "Point", "coordinates": [-91.010811, 30.468468]}, "properties": {"crashes": 16, "injury": 14, "fatal": 0, "pedestrian": 0, "bicycle": 0, "density": 4.0, "year_range": "unknown"}}, {"type": "Feature", "geometry": {"type": "Point", "coordinates": [-91.003604, 30.468468]}, "properties": {"crashes": 10, "injury": 5, "fatal": 0, "pedestrian": 0, "bicycle": 0, "density": 2.5, "year_range": "unknown"}}, {"type": "Feature", "geometry": {"type": "Point", "coordinates": [-91.003604, 30.47027]}, "properties": {"crashes": 2, "injury": 1, "fatal": 0, "pedestrian": 0, "bicycle": 0, "density": 0.5, "year_range": "unknown"}}, {"type": "Feature", "geometry": {"type": "Point", "coordinates": [-91.001802, 30.47027]}, "properties": {"crashes": 1, "injury": 1, "fatal": 0, "pedestrian": 0, "bicycle": 0, "density": 0.2, "year_range": "unknown"}}, {"type": "Feature", "geometry": {"type": "Point", "coordinates": [-91.001802, 30.472072]}, "properties": {"crashes": 1, "injury": 1, "fatal": 0, "pedestrian": 0, "bicycle": 0, "density": 0.2, "year_range": "unknown"}}, {"type": "Feature", "geometry": {"type": "Point", "coordinates": [-91.007207, 30.472072]}, "properties": {"crashes": 2, "injury": 2, "fatal": 0, "pedestrian": 0, "bicycle": 0, "density": 0.5, "year_range": "unknown"}}, {"type": "Feature", "geometry": {"type": "Point", "coordinates": [-91.001802, 30.473874]}, "properties": {"crashes": 8, "injury": 5, "fatal": 0, "pedestrian": 0, "bicycle": 0, "density": 2.0, "year_range": "unknown"}}, {"type": "Feature", "geometry": {"type": "Point", "coordinates": [-91.007207, 30.473874]}, "properties": {"crashes": 1, "injury": 1, "fatal": 0, "pedestrian": 0, "bicycle": 0, "density": 0.2, "year_range": "unknown"}}, {"type": "Feature", "geometry": {"type": "Point", "coordinates": [-91.001802, 30.475676]}, "properties": {"crashes": 2, "injury": 1, "fatal": 0, "pedestrian": 0, "bicycle": 0, "density": 0.5, "year_range": "unknown"}}, {"type": "Feature", "geometry": {"type": "Point", "coordinates": [-91.005405, 30.475676]}, "properties": {"crashes": 3, "injury": 3, "fatal": 0, "pedestrian": 0, "bicycle": 0, "density": 0.8, "year_range": "unknown"}}, {"type": "Feature", "geometry": {"type": "Point", "coordinates": [-91.003604, 30.475676]}, "properties": {"crashes": 1, "injury": 1, "fatal": 0, "pedestrian": 0, "bicycle": 0, "density": 0.2, "year_range": "unknown"}}, {"type": "Feature", "geometry": {"type": "Point", "coordinates": [-91.005405, 30.477477]}, "properties": {"crashes": 1, "injury": 1, "fatal": 0, "pedestrian": 0, "bicycle": 0, "density": 0.2, "year_range": "unknown"}}, {"type": "Feature", "geometry": {"type": "Point", "coordinates": [-91.003604, 30.477477]}, "properties": {"crashes": 1, "injury": 1, "fatal": 0, "pedestrian": 0, "bicycle": 0, "density": 0.2, "year_range": "unknown"}}, {"type": "Feature", "geometry": {"type": "Point", "coordinates": [-91.003604, 30.466667]}, "properties": {"crashes": 14, "injury": 6, "fatal": 0, "pedestrian": 0, "bicycle": 0, "density": 3.5, "year_range": "unknown"}}, {"type": "Feature", "geometry": {"type": "Point", "coordinates": [-91.010811, 30.466667]}, "properties": {"crashes": 103, "injury": 80, "fatal": 0, "pedestrian": 0, "bicycle": 0, "density": 25.8, "year_range": "unknown"}}, {"type": "Feature", "geometry": {"type": "Point", "coordinates": [-91.005405, 30.466667]}, "properties": {"crashes": 5, "injury": 3, "fatal": 0, "pedestrian": 0, "bicycle": 0, "density": 1.2, "year_range": "unknown"}}, {"type": "Feature", "geometry": {"type": "Point", "coordinates": [-91.009009, 30.466667]}, "properties": {"crashes": 16, "injury": 14, "fatal": 0, "pedestrian": 0, "bicycle": 0, "density": 4.0, "year_range": "unknown"}}, {"type": "Feature", "geometry": {"type": "Point", "coordinates": [-91.016216, 30.47027]}, "properties": {"crashes": 12, "injury": 7, "fatal": 0, "pedestrian": 0, "bicycle": 0, "density": 3.0, "year_range": "unknown"}}, {"type": "Feature", "geometry": {"type": "Point", "coordinates": [-91.014414, 30.464865]}, "properties": {"crashes": 8, "injury": 4, "fatal": 0, "pedestrian": 0, "bicycle": 0, "density": 2.0, "year_range": "unknown"}}, {"type": "Feature", "geometry": {"type": "Point", "coordinates": [-91.014414, 30.466667]}, "properties": {"crashes": 16, "injury": 13, "fatal": 0, "pedestrian": 0, "bicycle": 0, "density": 4.0, "year_range": "unknown"}}, {"type": "Feature", "geometry": {"type": "Point", "coordinates": [-91.012613, 30.466667]}, "properties": {"crashes": 9, "injury": 6, "fatal": 0, "pedestrian": 0, "bicycle": 0, "density": 2.2, "year_range": "unknown"}}, {"type": "Feature", "geometry": {"type": "Point", "coordinates": [-91.012613, 30.47027]}, "properties": {"crashes": 3, "injury": 1, "fatal": 0, "pedestrian": 0, "bicycle": 0, "density": 0.8, "year_range": "unknown"}}, {"type": "Feature", "geometry": {"type": "Point", "coordinates": [-91.012613, 30.472072]}, "properties": {"crashes": 1, "injury": 1, "fatal": 0, "pedestrian": 0, "bicycle": 0, "density": 0.2, "year_range": "unknown"}}, {"type": "Feature", "geometry": {"type": "Point", "coordinates": [-91.01982, 30.464865]}, "properties": {"crashes": 38, "injury": 28, "fatal": 0, "pedestrian": 1, "bicycle": 0, "density": 9.5, "year_range": "unknown"}}, {"type": "Feature", "geometry": {"type": "Point", "coordinates": [-91.021622, 30.464865]}, "properties": {"crashes": 9, "injury": 7, "fatal": 1, "pedestrian": 1, "bicycle": 0, "density": 2.2, "year_range": "unknown"}}, {"type": "Feature", "geometry": {"type": "Point", "coordinates": [-91.016216, 30.464865]}, "properties": {"crashes": 9, "injury": 5, "fatal": 0, "pedestrian": 0, "bicycle": 0, "density": 2.2, "year_range": "unknown"}}, {"type": "Feature", "geometry": {"type": "Point", "coordinates": [-91.018018, 30.464865]}, "properties": {"crashes": 3, "injury": 3, "fatal": 0, "pedestrian": 0, "bicycle": 0, "density": 0.8, "year_range": "unknown"}}, {"type": "Feature", "geometry": {"type": "Point", "coordinates": [-91.018018, 30.466667]}, "properties": {"crashes": 1, "injury": 1, "fatal": 0, "pedestrian": 0, "bicycle": 0, "density": 0.2, "year_range": "unknown"}}, {"type": "Feature", "geometry": {"type": "Point", "coordinates": [-91.021622, 30.47027]}, "properties": {"crashes": 2, "injury": 1, "fatal": 0, "pedestrian": 0, "bicycle": 0, "density": 0.5, "year_range": "unknown"}}, {"type": "Feature", "geometry": {"type": "Point", "coordinates": [-91.018018, 30.47027]}, "properties": {"crashes": 2, "injury": 1, "fatal": 0, "pedestrian": 0, "bicycle": 0, "density": 0.5, "year_range": "unknown"}}, {"type": "Feature", "geometry": {"type": "Point", "coordinates": [-91.01982, 30.47027]}, "properties": {"crashes": 3, "injury": 2, "fatal": 0, "pedestrian": 0, "bicycle": 0, "density": 0.8, "year_range": "unknown"}}, {"type": "Feature", "geometry": {"type": "Point", "coordinates": [-91.007207, 30.466667]}, "properties": {"crashes": 2, "injury": 1, "fatal": 1, "pedestrian": 0, "bicycle": 0, "density": 0.5, "year_range": "unknown"}}, {"type": "Feature", "geometry": {"type": "Point", "coordinates": [-91.012613, 30.473874]}, "properties": {"crashes": 4, "injury": 3, "fatal": 0, "pedestrian": 0, "bicycle": 0, "density": 1.0, "year_range": "unknown"}}, {"type": "Feature", "geometry": {"type": "Point", "coordinates": [-91.012613, 30.475676]}, "properties": {"crashes": 1, "injury": 1, "fatal": 0, "pedestrian": 0, "bicycle": 0, "density": 0.2, "year_range": "unknown"}}, {"type": "Feature", "geometry": {"type": "Point", "coordinates": [-91.023423, 30.464865]}, "properties": {"crashes": 1, "injury": 0, "fatal": 0, "pedestrian": 0, "bicycle": 0, "density": 0.2, "year_range": "unknown"}}, {"type": "Feature", "geometry": {"type": "Point", "coordinates": [-91.059459, 30.457658]}, "properties": {"crashes": 13, "injury": 11, "fatal": 0, "pedestrian": 0, "bicycle": 0, "density": 3.2, "year_range": "unknown"}}, {"type": "Feature", "geometry": {"type": "Point", "coordinates": [-91.064865, 30.455856]}, "properties": {"crashes": 6, "injury": 6, "fatal": 0, "pedestrian": 0, "bicycle": 0, "density": 1.5, "year_range": "unknown"}}, {"type": "Feature", "geometry": {"type": "Point", "coordinates": [-91.068468, 30.455856]}, "properties": {"crashes": 2, "injury": 2, "fatal": 0, "pedestrian": 0, "bicycle": 0, "density": 0.5, "year_range": "unknown"}}, {"type": "Feature", "geometry": {"type": "Point", "coordinates": [-91.068468, 30.454054]}, "properties": {"crashes": 1, "injury": 1, "fatal": 0, "pedestrian": 0, "bicycle": 0, "density": 0.2, "year_range": "unknown"}}, {"type": "Feature", "geometry": {"type": "Point", "coordinates": [-91.064865, 30.454054]}, "properties": {"crashes": 1, "injury": 1, "fatal": 0, "pedestrian": 0, "bicycle": 0, "density": 0.2, "year_range": "unknown"}}, {"type": "Feature", "geometry": {"type": "Point", "coordinates": [-91.063063, 30.454054]}, "properties": {"crashes": 1, "injury": 1, "fatal": 0, "pedestrian": 0, "bicycle": 0, "density": 0.2, "year_range": "unknown"}}, {"type": "Feature", "geometry": {"type": "Point", "coordinates": [-91.059459, 30.455856]}, "properties": {"crashes": 1, "injury": 0, "fatal": 0, "pedestrian": 1, "bicycle": 0, "density": 0.2, "year_range": "unknown"}}, {"type": "Feature", "geometry": {"type": "Point", "coordinates": [-91.057658, 30.43964]}, "properties": {"crashes": 24, "injury": 18, "fatal": 0, "pedestrian": 0, "bicycle": 0, "density": 6.0, "year_range": "unknown"}}, {"type": "Feature", "geometry": {"type": "Point", "coordinates": [-91.057658, 30.441441]}, "properties": {"crashes": 30, "injury": 21, "fatal": 0, "pedestrian": 1, "bicycle": 0, "density": 7.5, "year_range": "unknown"}}, {"type": "Feature", "geometry": {"type": "Point", "coordinates": [-91.057658, 30.445045]}, "properties": {"crashes": 9, "injury": 8, "fatal": 0, "pedestrian": 1, "bicycle": 0, "density": 2.2, "year_range": "unknown"}}, {"type": "Feature", "geometry": {"type": "Point", "coordinates": [-91.057658, 30.452252]}, "properties": {"crashes": 40, "injury": 27, "fatal": 0, "pedestrian": 0, "bicycle": 0, "density": 10.0, "year_range": "unknown"}}, {"type": "Feature", "geometry": {"type": "Point", "coordinates": [-91.059459, 30.437838]}, "properties": {"crashes": 1, "injury": 1, "fatal": 0, "pedestrian": 0, "bicycle": 0, "density": 0.2, "year_range": "unknown"}}, {"type": "Feature", "geometry": {"type": "Point", "coordinates": [-91.059459, 30.446847]}, "properties": {"crashes": 3, "injury": 3, "fatal": 0, "pedestrian": 0, "bicycle": 0, "density": 0.8, "year_range": "unknown"}}, {"type": "Feature", "geometry": {"type": "Point", "coordinates": [-91.059459, 30.445045]}, "properties": {"crashes": 1, "injury": 1, "fatal": 0, "pedestrian": 0, "bicycle": 0, "density": 0.2, "year_range": "unknown"}}, {"type": "Feature", "geometry": {"type": "Point", "coordinates": [-91.061261, 30.445045]}, "properties": {"crashes": 2, "injury": 0, "fatal": 0, "pedestrian": 0, "bicycle": 0, "density": 0.5, "year_range": "unknown"}}, {"type": "Feature", "geometry": {"type": "Point", "coordinates": [-91.061261, 30.446847]}, "properties": {"crashes": 2, "injury": 2, "fatal": 0, "pedestrian": 0, "bicycle": 0, "density": 0.5, "year_range": "unknown"}}, {"type": "Feature", "geometry": {"type": "Point", "coordinates": [-91.063063, 30.446847]}, "properties": {"crashes": 2, "injury": 2, "fatal": 0, "pedestrian": 0, "bicycle": 0, "density": 0.5, "year_range": "unknown"}}, {"type": "Feature", "geometry": {"type": "Point", "coordinates": [-91.061261, 30.448649]}, "properties": {"crashes": 2, "injury": 2, "fatal": 0, "pedestrian": 0, "bicycle": 0, "density": 0.5, "year_range": "unknown"}}, {"type": "Feature", "geometry": {"type": "Point", "coordinates": [-91.059459, 30.448649]}, "properties": {"crashes": 4, "injury": 2, "fatal": 0, "pedestrian": 0, "bicycle": 0, "density": 1.0, "year_range": "unknown"}}, {"type": "Feature", "geometry": {"type": "Point", "coordinates": [-91.059459, 30.441441]}, "properties": {"crashes": 2, "injury": 1, "fatal": 0, "pedestrian": 0, "bicycle": 0, "density": 0.5, "year_range": "unknown"}}, {"type": "Feature", "geometry": {"type": "Point", "coordinates": [-91.061261, 30.441441]}, "properties": {"crashes": 2, "injury": 1, "fatal": 0, "pedestrian": 0, "bicycle": 0, "density": 0.5, "year_range": "unknown"}}, {"type": "Feature", "geometry": {"type": "Point", "coordinates": [-91.063063, 30.441441]}, "properties": {"crashes": 4, "injury": 3, "fatal": 0, "pedestrian": 0, "bicycle": 0, "density": 1.0, "year_range": "unknown"}}, {"type": "Feature", "geometry": {"type": "Point", "coordinates": [-91.064865, 30.448649]}, "properties": {"crashes": 3, "injury": 0, "fatal": 0, "pedestrian": 0, "bicycle": 0, "density": 0.8, "year_range": "unknown"}}, {"type": "Feature", "geometry": {"type": "Point", "coordinates": [-91.063063, 30.45045]}, "properties": {"crashes": 3, "injury": 3, "fatal": 0, "pedestrian": 0, "bicycle": 0, "density": 0.8, "year_range": "unknown"}}, {"type": "Feature", "geometry": {"type": "Point", "coordinates": [-91.063063, 30.448649]}, "properties": {"crashes": 7, "injury": 7, "fatal": 0, "pedestrian": 0, "bicycle": 0, "density": 1.8, "year_range": "unknown"}}, {"type": "Feature", "geometry": {"type": "Point", "coordinates": [-91.063063, 30.452252]}, "properties": {"crashes": 3, "injury": 3, "fatal": 0, "pedestrian": 0, "bicycle": 0, "density": 0.8, "year_range": "unknown"}}, {"type": "Feature", "geometry": {"type": "Point", "coordinates": [-91.059459, 30.452252]}, "properties": {"crashes": 1, "injury": 1, "fatal": 0, "pedestrian": 0, "bicycle": 0, "density": 0.2, "year_range": "unknown"}}, {"type": "Feature", "geometry": {"type": "Point", "coordinates": [-91.066667, 30.445045]}, "properties": {"crashes": 8, "injury": 8, "fatal": 0, "pedestrian": 0, "bicycle": 0, "density": 2.0, "year_range": "unknown"}}, {"type": "Feature", "geometry": {"type": "Point", "coordinates": [-91.066667, 30.446847]}, "properties": {"crashes": 1, "injury": 1, "fatal": 0, "pedestrian": 0, "bicycle": 0, "density": 0.2, "year_range": "unknown"}}, {"type": "Feature", "geometry": {"type": "Point", "coordinates": [-91.064865, 30.446847]}, "properties": {"crashes": 2, "injury": 2, "fatal": 0, "pedestrian": 0, "bicycle": 0, "density": 0.5, "year_range": "unknown"}}, {"type": "Feature", "geometry": {"type": "Point", "coordinates": [-91.066667, 30.452252]}, "properties": {"crashes": 1, "injury": 0, "fatal": 0, "pedestrian": 1, "bicycle": 0, "density": 0.2, "year_range": "unknown"}}, {"type": "Feature", "geometry": {"type": "Point", "coordinates": [-91.064865, 30.452252]}, "properties": {"crashes": 4, "injury": 3, "fatal": 0, "pedestrian": 0, "bicycle": 0, "density": 1.0, "year_range": "unknown"}}, {"type": "Feature", "geometry": {"type": "Point", "coordinates": [-91.061261, 30.452252]}, "properties": {"crashes": 3, "injury": 2, "fatal": 0, "pedestrian": 0, "bicycle": 0, "density": 0.8, "year_range": "unknown"}}, {"type": "Feature", "geometry": {"type": "Point", "coordinates": [-91.178378, 30.445045]}, "properties": {"crashes": 52, "injury": 41, "fatal": 0, "pedestrian": 1, "bicycle": 0, "density": 13.0, "year_range": "unknown"}}, {"type": "Feature", "geometry": {"type": "Point", "coordinates": [-91.178378, 30.446847]}, "properties": {"crashes": 5, "injury": 4, "fatal": 0, "pedestrian": 0, "bicycle": 0, "density": 1.2, "year_range": "unknown"}}, {"type": "Feature", "geometry": {"type": "Point", "coordinates": [-91.176577, 30.448649]}, "properties": {"crashes": 4, "injury": 3, "fatal": 0, "pedestrian": 1, "bicycle": 0, "density": 1.0, "year_range": "unknown"}}, {"type": "Feature", "geometry": {"type": "Point", "coordinates": [-91.172973, 30.448649]}, "properties": {"crashes": 5, "injury": 2, "fatal": 0, "pedestrian": 3, "bicycle": 0, "density": 1.2, "year_range": "unknown"}}, {"type": "Feature", "geometry": {"type": "Point", "coordinates": [-91.171171, 30.448649]}, "properties": {"crashes": 12, "injury": 11, "fatal": 0, "pedestrian": 0, "bicycle": 0, "density": 3.0, "year_range": "unknown"}}, {"type": "Feature", "geometry": {"type": "Point", "coordinates": [-91.165766, 30.448649]}, "properties": {"crashes": 33, "injury": 19, "fatal": 0, "pedestrian": 2, "bicycle": 0, "density": 8.2, "year_range": "unknown"}}, {"type": "Feature", "geometry": {"type": "Point", "coordinates": [-91.165766, 30.445045]}, "properties": {"crashes": 6, "injury": 5, "fatal": 0, "pedestrian": 0, "bicycle": 0, "density": 1.5, "year_range": "unknown"}}, {"type": "Feature", "geometry": {"type": "Point", "coordinates": [-91.167568, 30.445045]}, "properties": {"crashes": 4, "injury": 4, "fatal": 0, "pedestrian": 0, "bicycle": 0, "density": 1.0, "year_range": "unknown"}}, {"type": "Feature", "geometry": {"type": "Point", "coordinates": [-91.167568, 30.446847]}, "properties": {"crashes": 2, "injury": 2, "fatal": 0, "pedestrian": 0, "bicycle": 0, "density": 0.5, "year_range": "unknown"}}, {"type": "Feature", "geometry": {"type": "Point", "coordinates": [-91.169369, 30.445045]}, "properties": {"crashes": 34, "injury": 24, "fatal": 0, "pedestrian": 0, "bicycle": 0, "density": 8.5, "year_range": "unknown"}}, {"type": "Feature", "geometry": {"type": "Point", "coordinates": [-91.171171, 30.445045]}, "properties": {"crashes": 8, "injury": 6, "fatal": 0, "pedestrian": 0, "bicycle": 0, "density": 2.0, "year_range": "unknown"}}, {"type": "Feature", "geometry": {"type": "Point", "coordinates": [-91.171171, 30.446847]}, "properties": {"crashes": 3, "injury": 3, "fatal": 0, "pedestrian": 0, "bicycle": 0, "density": 0.8, "year_range": "unknown"}}, {"type": "Feature", "geometry": {"type": "Point", "coordinates": [-91.169369, 30.448649]}, "properties": {"crashes": 17, "injury": 11, "fatal": 0, "pedestrian": 0, "bicycle": 0, "density": 4.2, "year_range": "unknown"}}, {"type": "Feature", "geometry": {"type": "Point", "coordinates": [-91.167568, 30.448649]}, "properties": {"crashes": 4, "injury": 2, "fatal": 0, "pedestrian": 0, "bicycle": 0, "density": 1.0, "year_range": "unknown"}}, {"type": "Feature", "geometry": {"type": "Point", "coordinates": [-91.174775, 30.443243]}, "properties": {"crashes": 28, "injury": 23, "fatal": 0, "pedestrian": 0, "bicycle": 0, "density": 7.0, "year_range": "unknown"}}, {"type": "Feature", "geometry": {"type": "Point", "coordinates": [-91.172973, 30.445045]}, "properties": {"crashes": 3, "injury": 3, "fatal": 0, "pedestrian": 0, "bicycle": 0, "density": 0.8, "year_range": "unknown"}}, {"type": "Feature", "geometry": {"type": "Point", "coordinates": [-91.174775, 30.445045]}, "properties": {"crashes": 8, "injury": 8, "fatal": 0, "pedestrian": 0, "bicycle": 0, "density": 2.0, "year_range": "unknown"}}, {"type": "Feature", "geometry": {"type": "Point", "coordinates": [-91.172973, 30.446847]}, "properties": {"crashes": 3, "injury": 3, "fatal": 0, "pedestrian": 0, "bicycle": 0, "density": 0.8, "year_range": "unknown"}}, {"type": "Feature", "geometry": {"type": "Point", "coordinates": [-91.174775, 30.446847]}, "properties": {"crashes": 10, "injury": 8, "fatal": 0, "pedestrian": 0, "bicycle": 0, "density": 2.5, "year_range": "unknown"}}, {"type": "Feature", "geometry": {"type": "Point", "coordinates": [-91.176577, 30.443243]}, "properties": {"crashes": 19, "injury": 14, "fatal": 0, "pedestrian": 2, "bicycle": 0, "density": 4.8, "year_range": "unknown"}}, {"type": "Feature", "geometry": {"type": "Point", "coordinates": [-91.176577, 30.446847]}, "properties": {"crashes": 32, "injury": 20, "fatal": 0, "pedestrian": 0, "bicycle": 0, "density": 8.0, "year_range": "unknown"}}, {"type": "Feature", "geometry": {"type": "Point", "coordinates": [-91.174775, 30.448649]}, "properties": {"crashes": 4, "injury": 3, "fatal": 0, "pedestrian": 0, "bicycle": 0, "density": 1.0, "year_range": "unknown"}}, {"type": "Feature", "geometry": {"type": "Point", "coordinates": [-91.169369, 30.446847]}, "properties": {"crashes": 4, "injury": 2, "fatal": 0, "pedestrian": 0, "bicycle": 0, "density": 1.0, "year_range": "unknown"}}, {"type": "Feature", "geometry": {"type": "Point", "coordinates": [-91.176577, 30.445045]}, "properties": {"crashes": 3, "injury": 3, "fatal": 0, "pedestrian": 0, "bicycle": 0, "density": 0.8, "year_range": "unknown"}}, {"type": "Feature", "geometry": {"type": "Point", "coordinates": [-91.178378, 30.448649]}, "properties": {"crashes": 1, "injury": 1, "fatal": 0, "pedestrian": 0, "bicycle": 0, "density": 0.2, "year_range": "unknown"}}, {"type": "Feature", "geometry": {"type": "Point", "coordinates": [-91.194595, 30.43964]}, "properties": {"crashes": 106, "injury": 78, "fatal": 0, "pedestrian": 0, "bicycle": 0, "density": 26.5, "year_range": "unknown"}}, {"type": "Feature", "geometry": {"type": "Point", "coordinates": [-91.196396, 30.43964]}, "properties": {"crashes": 69, "injury": 56, "fatal": 1, "pedestrian": 0, "bicycle": 0, "density": 17.2, "year_range": "unknown"}}, {"type": "Feature", "geometry": {"type": "Point", "coordinates": [-91.172973, 30.43964]}, "properties": {"crashes": 3, "injury": 3, "fatal": 0, "pedestrian": 0, "bicycle": 0, "density": 0.8, "year_range": "unknown"}}, {"type": "Feature", "geometry": {"type": "Point", "coordinates": [-91.178378, 30.43964]}, "properties": {"crashes": 68, "injury": 58, "fatal": 0, "pedestrian": 0, "bicycle": 0, "density": 17.0, "year_range": "unknown"}}, {"type": "Feature", "geometry": {"type": "Point", "coordinates": [-91.176577, 30.43964]}, "properties": {"crashes": 7, "injury": 6, "fatal": 0, "pedestrian": 0, "bicycle": 0, "density": 1.8, "year_range": "unknown"}}, {"type": "Feature", "geometry": {"type": "Point", "coordinates": [-91.178378, 30.437838]}, "properties": {"crashes": 101, "injury": 85, "fatal": 0, "pedestrian": 0, "bicycle": 0, "density": 25.2, "year_range": "unknown"}}, {"type": "Feature", "geometry": {"type": "Point", "coordinates": [-91.174775, 30.437838]}, "properties": {"crashes": 9, "injury": 6, "fatal": 0, "pedestrian": 0, "bicycle": 0, "density": 2.2, "year_range": "unknown"}}, {"type": "Feature", "geometry": {"type": "Point", "coordinates": [-91.174775, 30.43964]}, "properties": {"crashes": 1, "injury": 0, "fatal": 0, "pedestrian": 0, "bicycle": 0, "density": 0.2, "year_range": "unknown"}}, {"type": "Feature", "geometry": {"type": "Point", "coordinates": [-91.18018, 30.437838]}, "properties": {"crashes": 19, "injury": 15, "fatal": 0, "pedestrian": 1, "bicycle": 0, "density": 4.8, "year_range": "unknown"}}, {"type": "Feature", "geometry": {"type": "Point", "coordinates": [-91.174775, 30.436036]}, "properties": {"crashes": 5, "injury": 4, "fatal": 0, "pedestrian": 0, "bicycle": 0, "density": 1.2, "year_range": "unknown"}}, {"type": "Feature", "geometry": {"type": "Point", "coordinates": [-91.172973, 30.436036]}, "properties": {"crashes": 1, "injury": 1, "fatal": 0, "pedestrian": 0, "bicycle": 0, "density": 0.2, "year_range": "unknown"}}, {"type": "Feature", "geometry": {"type": "Point", "coordinates": [-91.18018, 30.436036]}, "properties": {"crashes": 10, "injury": 2, "fatal": 0, "pedestrian": 1, "bicycle": 0, "density": 2.5, "year_range": "unknown"}}, {"type": "Feature", "geometry": {"type": "Point", "coordinates": [-91.181982, 30.437838]}, "properties": {"crashes": 3, "injury": 2, "fatal": 0, "pedestrian": 1, "bicycle": 0, "density": 0.8, "year_range": "unknown"}}, {"type": "Feature", "geometry": {"type": "Point", "coordinates": [-91.185586, 30.436036]}, "properties": {"crashes": 60, "injury": 47, "fatal": 0, "pedestrian": 1, "bicycle": 0, "density": 15.0, "year_range": "unknown"}}, {"type": "Feature", "geometry": {"type": "Point", "coordinates": [-91.181982, 30.436036]}, "properties": {"crashes": 3, "injury": 2, "fatal": 0, "pedestrian": 1, "bicycle": 0, "density": 0.8, "year_range": "unknown"}}, {"type": "Feature", "geometry": {"type": "Point", "coordinates": [-91.187387, 30.436036]}, "properties": {"crashes": 50, "injury": 40, "fatal": 0, "pedestrian": 2, "bicycle": 0, "density": 12.5, "year_range": "unknown"}}, {"type": "Feature", "geometry": {"type": "Point", "coordinates": [-91.187387, 30.437838]}, "properties": {"crashes": 30, "injury": 25, "fatal": 0, "pedestrian": 0, "bicycle": 0, "density": 7.5, "year_range": "unknown"}}, {"type": "Feature", "geometry": {"type": "Point", "coordinates": [-91.185586, 30.437838]}, "properties": {"crashes": 11, "injury": 8, "fatal": 0, "pedestrian": 0, "bicycle": 0, "density": 2.8, "year_range": "unknown"}}, {"type": "Feature", "geometry": {"type": "Point", "coordinates": [-91.183784, 30.437838]}, "properties": {"crashes": 3, "injury": 2, "fatal": 0, "pedestrian": 0, "bicycle": 0, "density": 0.8, "year_range": "unknown"}}, {"type": "Feature", "geometry": {"type": "Point", "coordinates": [-91.176577, 30.441441]}, "properties": {"crashes": 1, "injury": 1, "fatal": 0, "pedestrian": 0, "bicycle": 0, "density": 0.2, "year_range": "unknown"}}, {"type": "Feature", "geometry": {"type": "Point", "coordinates": [-91.176577, 30.437838]}, "properties": {"crashes": 1, "injury": 0, "fatal": 0, "pedestrian": 0, "bicycle": 0, "density": 0.2, "year_range": "unknown"}}, {"type": "Feature", "geometry": {"type": "Point", "coordinates": [-91.189189, 30.436036]}, "properties": {"crashes": 2, "injury": 2, "fatal": 0, "pedestrian": 0, "bicycle": 0, "density": 0.5, "year_range": "unknown"}}, {"type": "Feature", "geometry": {"type": "Point", "coordinates": [-91.189189, 30.437838]}, "properties": {"crashes": 2, "injury": 2, "fatal": 0, "pedestrian": 0, "bicycle": 0, "density": 0.5, "year_range": "unknown"}}, {"type": "Feature", "geometry": {"type": "Point", "coordinates": [-91.190991, 30.436036]}, "properties": {"crashes": 1, "injury": 1, "fatal": 0, "pedestrian": 0, "bicycle": 0, "density": 0.2, "year_range": "unknown"}}, {"type": "Feature", "geometry": {"type": "Point", "coordinates": [-91.190991, 30.437838]}, "properties": {"crashes": 7, "injury": 4, "fatal": 0, "pedestrian": 0, "bicycle": 0, "density": 1.8, "year_range": "unknown"}}, {"type": "Feature", "geometry": {"type": "Point", "coordinates": [-91.187387, 30.47027]}, "properties": {"crashes": 4, "injury": 4, "fatal": 0, "pedestrian": 0, "bicycle": 0, "density": 1.0, "year_range": "unknown"}}, {"type": "Feature", "geometry": {"type": "Point", "coordinates": [-91.185586, 30.472072]}, "properties": {"crashes": 3, "injury": 2, "fatal": 0, "pedestrian": 0, "bicycle": 0, "density": 0.8, "year_range": "unknown"}}, {"type": "Feature", "geometry": {"type": "Point", "coordinates": [-91.187387, 30.472072]}, "properties": {"crashes": 1, "injury": 1, "fatal": 0, "pedestrian": 0, "bicycle": 0, "density": 0.2, "year_range": "unknown"}}, {"type": "Feature", "geometry": {"type": "Point", "coordinates": [-91.183784, 30.473874]}, "properties": {"crashes": 1, "injury": 1, "fatal": 0, "pedestrian": 0, "bicycle": 0, "density": 0.2, "year_range": "unknown"}}, {"type": "Feature", "geometry": {"type": "Point", "coordinates": [-91.169369, 30.475676]}, "properties": {"crashes": 4, "injury": 2, "fatal": 0, "pedestrian": 0, "bicycle": 0, "density": 1.0, "year_range": "unknown"}}, {"type": "Feature", "geometry": {"type": "Point", "coordinates": [-91.172973, 30.473874]}, "properties": {"crashes": 4, "injury": 3, "fatal": 0, "pedestrian": 0, "bicycle": 0, "density": 1.0, "year_range": "unknown"}}, {"type": "Feature", "geometry": {"type": "Point", "coordinates": [-91.171171, 30.473874]}, "properties": {"crashes": 3, "injury": 2, "fatal": 0, "pedestrian": 0, "bicycle": 0, "density": 0.8, "year_range": "unknown"}}, {"type": "Feature", "geometry": {"type": "Point", "coordinates": [-91.169369, 30.473874]}, "properties": {"crashes": 6, "injury": 4, "fatal": 0, "pedestrian": 0, "bicycle": 0, "density": 1.5, "year_range": "unknown"}}, {"type": "Feature", "geometry": {"type": "Point", "coordinates": [-91.167568, 30.473874]}, "properties": {"crashes": 110, "injury": 68, "fatal": 1, "pedestrian": 3, "bicycle": 0, "density": 27.5, "year_range": "unknown"}}, {"type": "Feature", "geometry": {"type": "Point", "coordinates": [-91.176577, 30.47027]}, "properties": {"crashes": 1, "injury": 1, "fatal": 0, "pedestrian": 0, "bicycle": 0, "density": 0.2, "year_range": "unknown"}}, {"type": "Feature", "geometry": {"type": "Point", "coordinates": [-91.174775, 30.47027]}, "properties": {"crashes": 6, "injury": 2, "fatal": 0, "pedestrian": 0, "bicycle": 0, "density": 1.5, "year_range": "unknown"}}, {"type": "Feature", "geometry": {"type": "Point", "coordinates": [-91.171171, 30.47027]}, "properties": {"crashes": 6, "injury": 3, "fatal": 0, "pedestrian": 0, "bicycle": 0, "density": 1.5, "year_range": "unknown"}}, {"type": "Feature", "geometry": {"type": "Point", "coordinates": [-91.172973, 30.47027]}, "properties": {"crashes": 4, "injury": 3, "fatal": 0, "pedestrian": 0, "bicycle": 0, "density": 1.0, "year_range": "unknown"}}, {"type": "Feature", "geometry": {"type": "Point", "coordinates": [-91.172973, 30.472072]}, "properties": {"crashes": 2, "injury": 1, "fatal": 0, "pedestrian": 0, "bicycle": 0, "density": 0.5, "year_range": "unknown"}}, {"type": "Feature", "geometry": {"type": "Point", "coordinates": [-91.174775, 30.472072]}, "properties": {"crashes": 10, "injury": 7, "fatal": 0, "pedestrian": 1, "bicycle": 0, "density": 2.5, "year_range": "unknown"}}, {"type": "Feature", "geometry": {"type": "Point", "coordinates": [-91.176577, 30.472072]}, "properties": {"crashes": 2, "injury": 2, "fatal": 0, "pedestrian": 0, "bicycle": 0, "density": 0.5, "year_range": "unknown"}}, {"type": "Feature", "geometry": {"type": "Point", "coordinates": [-91.183784, 30.472072]}, "properties": {"crashes": 8, "injury": 3, "fatal": 0, "pedestrian": 1, "bicycle": 0, "density": 2.0, "year_range": "unknown"}}, {"type": "Feature", "geometry": {"type": "Point", "coordinates": [-91.183784, 30.47027]}, "properties": {"crashes": 1, "injury": 1, "fatal": 0, "pedestrian": 0, "bicycle": 0, "density": 0.2, "year_range": "unknown"}}, {"type": "Feature", "geometry": {"type": "Point", "coordinates": [-91.181982, 30.472072]}, "properties": {"crashes": 7, "injury": 5, "fatal": 0, "pedestrian": 0, "bicycle": 0, "density": 1.8, "year_range": "unknown"}}, {"type": "Feature", "geometry": {"type": "Point", "coordinates": [-91.181982, 30.47027]}, "properties": {"crashes": 1, "injury": 0, "fatal": 0, "pedestrian": 0, "bicycle": 0, "density": 0.2, "year_range": "unknown"}}, {"type": "Feature", "geometry": {"type": "Point", "coordinates": [-91.181982, 30.468468]}, "properties": {"crashes": 2, "injury": 1, "fatal": 0, "pedestrian": 0, "bicycle": 0, "density": 0.5, "year_range": "unknown"}}, {"type": "Feature", "geometry": {"type": "Point", "coordinates": [-91.18018, 30.47027]}, "properties": {"crashes": 5, "injury": 3, "fatal": 0, "pedestrian": 0, "bicycle": 0, "density": 1.2, "year_range": "unknown"}}, {"type": "Feature", "geometry": {"type": "Point", "coordinates": [-91.18018, 30.472072]}, "properties": {"crashes": 6, "injury": 3, "fatal": 0, "pedestrian": 0, "bicycle": 0, "density": 1.5, "year_range": "unknown"}}, {"type": "Feature", "geometry": {"type": "Point", "coordinates": [-91.178378, 30.472072]}, "properties": {"crashes": 10, "injury": 6, "fatal": 1, "pedestrian": 0, "bicycle": 0, "density": 2.5, "year_range": "unknown"}}, {"type": "Feature", "geometry": {"type": "Point", "coordinates": [-91.189189, 30.461261]}, "properties": {"crashes": 6, "injury": 6, "fatal": 0, "pedestrian": 0, "bicycle": 0, "density": 1.5, "year_range": "unknown"}}, {"type": "Feature", "geometry": {"type": "Point", "coordinates": [-91.187387, 30.461261]}, "properties": {"crashes": 4, "injury": 3, "fatal": 0, "pedestrian": 0, "bicycle": 0, "density": 1.0, "year_range": "unknown"}}, {"type": "Feature", "geometry": {"type": "Point", "coordinates": [-91.189189, 30.463063]}, "properties": {"crashes": 3, "injury": 2, "fatal": 0, "pedestrian": 0, "bicycle": 0, "density": 0.8, "year_range": "unknown"}}, {"type": "Feature", "geometry": {"type": "Point", "coordinates": [-91.190991, 30.463063]}, "properties": {"crashes": 1, "injury": 1, "fatal": 0, "pedestrian": 0, "bicycle": 0, "density": 0.2, "year_range": "unknown"}}, {"type": "Feature", "geometry": {"type": "Point", "coordinates": [-91.187387, 30.463063]}, "properties": {"crashes": 4, "injury": 3, "fatal": 0, "pedestrian": 0, "bicycle": 0, "density": 1.0, "year_range": "unknown"}}, {"type": "Feature", "geometry": {"type": "Point", "coordinates": [-91.185586, 30.463063]}, "properties": {"crashes": 1, "injury": 1, "fatal": 0, "pedestrian": 0, "bicycle": 0, "density": 0.2, "year_range": "unknown"}}, {"type": "Feature", "geometry": {"type": "Point", "coordinates": [-91.185586, 30.464865]}, "properties": {"crashes": 1, "injury": 1, "fatal": 0, "pedestrian": 0, "bicycle": 0, "density": 0.2, "year_range": "unknown"}}, {"type": "Feature", "geometry": {"type": "Point", "coordinates": [-91.189189, 30.464865]}, "properties": {"crashes": 1, "injury": 1, "fatal": 0, "pedestrian": 0, "bicycle": 0, "density": 0.2, "year_range": "unknown"}}, {"type": "Feature", "geometry": {"type": "Point", "coordinates": [-91.187387, 30.464865]}, "properties": {"crashes": 2, "injury": 2, "fatal": 0, "pedestrian": 0, "bicycle": 0, "density": 0.5, "year_range": "unknown"}}, {"type": "Feature", "geometry": {"type": "Point", "coordinates": [-91.189189, 30.466667]}, "properties": {"crashes": 2, "injury": 2, "fatal": 0, "pedestrian": 0, "bicycle": 0, "density": 0.5, "year_range": "unknown"}}, {"type": "Feature", "geometry": {"type": "Point", "coordinates": [-91.189189, 30.468468]}, "properties": {"crashes": 6, "injury": 0, "fatal": 0, "pedestrian": 0, "bicycle": 0, "density": 1.5, "year_range": "unknown"}}, {"type": "Feature", "geometry": {"type": "Point", "coordinates": [-91.187387, 30.468468]}, "properties": {"crashes": 4, "injury": 4, "fatal": 0, "pedestrian": 0, "bicycle": 0, "density": 1.0, "year_range": "unknown"}}, {"type": "Feature", "geometry": {"type": "Point", "coordinates": [-91.185586, 30.468468]}, "properties": {"crashes": 3, "injury": 2, "fatal": 0, "pedestrian": 0, "bicycle": 0, "density": 0.8, "year_range": "unknown"}}, {"type": "Feature", "geometry": {"type": "Point", "coordinates": [-91.167568, 30.47027]}, "properties": {"crashes": 46, "injury": 35, "fatal": 1, "pedestrian": 1, "bicycle": 0, "density": 11.5, "year_range": "unknown"}}, {"type": "Feature", "geometry": {"type": "Point", "coordinates": [-91.167568, 30.468468]}, "properties": {"crashes": 20, "injury": 15, "fatal": 0, "pedestrian": 0, "bicycle": 0, "density": 5.0, "year_range": "unknown"}}, {"type": "Feature", "geometry": {"type": "Point", "coordinates": [-91.169369, 30.47027]}, "properties": {"crashes": 5, "injury": 3, "fatal": 0, "pedestrian": 1, "bicycle": 0, "density": 1.2, "year_range": "unknown"}}, {"type": "Feature", "geometry": {"type": "Point", "coordinates": [-91.167568, 30.466667]}, "properties": {"crashes": 36, "injury": 24, "fatal": 0, "pedestrian": 0, "bicycle": 0, "density": 9.0, "year_range": "unknown"}}, {"type": "Feature", "geometry": {"type": "Point", "coordinates": [-91.167568, 30.464865]}, "properties": {"crashes": 29, "injury": 19, "fatal": 0, "pedestrian": 0, "bicycle": 0, "density": 7.2, "year_range": "unknown"}}, {"type": "Feature", "geometry": {"type": "Point", "coordinates": [-91.18018, 30.464865]}, "properties": {"crashes": 1, "injury": 0, "fatal": 0, "pedestrian": 1, "bicycle": 0, "density": 0.2, "year_range": "unknown"}}, {"type": "Feature", "geometry": {"type": "Point", "coordinates": [-91.169369, 30.464865]}, "properties": {"crashes": 5, "injury": 4, "fatal": 0, "pedestrian": 1, "bicycle": 0, "density": 1.2, "year_range": "unknown"}}, {"type": "Feature", "geometry": {"type": "Point", "coordinates": [-91.169369, 30.466667]}, "properties": {"crashes": 3, "injury": 1, "fatal": 0, "pedestrian": 0, "bicycle": 0, "density": 0.8, "year_range": "unknown"}}, {"type": "Feature", "geometry": {"type": "Point", "coordinates": [-91.169369, 30.472072]}, "properties": {"crashes": 1, "injury": 0, "fatal": 0, "pedestrian": 0, "bicycle": 0, "density": 0.2, "year_range": "unknown"}}, {"type": "Feature", "geometry": {"type": "Point", "coordinates": [-91.171171, 30.464865]}, "properties": {"crashes": 6, "injury": 2, "fatal": 0, "pedestrian": 0, "bicycle": 0, "density": 1.5, "year_range": "unknown"}}, {"type": "Feature", "geometry": {"type": "Point", "coordinates": [-91.174775, 30.464865]}, "properties": {"crashes": 2, "injury": 2, "fatal": 0, "pedestrian": 0, "bicycle": 0, "density": 0.5, "year_range": "unknown"}}, {"type": "Feature", "geometry": {"type": "Point", "coordinates": [-91.172973, 30.464865]}, "properties": {"crashes": 4, "injury": 4, "fatal": 0, "pedestrian": 0, "bicycle": 0, "density": 1.0, "year_range": "unknown"}}, {"type": "Feature", "geometry": {"type": "Point", "coordinates": [-91.172973, 30.466667]}, "properties": {"crashes": 5, "injury": 4, "fatal": 0, "pedestrian": 0, "bicycle": 0, "density": 1.2, "year_range": "unknown"}}, {"type": "Feature", "geometry": {"type": "Point", "coordinates": [-91.171171, 30.466667]}, "properties": {"crashes": 2, "injury": 2, "fatal": 0, "pedestrian": 0, "bicycle": 0, "density": 0.5, "year_range": "unknown"}}, {"type": "Feature", "geometry": {"type": "Point", "coordinates": [-91.174775, 30.466667]}, "properties": {"crashes": 1, "injury": 1, "fatal": 0, "pedestrian": 0, "bicycle": 0, "density": 0.2, "year_range": "unknown"}}, {"type": "Feature", "geometry": {"type": "Point", "coordinates": [-91.172973, 30.468468]}, "properties": {"crashes": 5, "injury": 4, "fatal": 0, "pedestrian": 1, "bicycle": 0, "density": 1.2, "year_range": "unknown"}}, {"type": "Feature", "geometry": {"type": "Point", "coordinates": [-91.167568, 30.461261]}, "properties": {"crashes": 12, "injury": 7, "fatal": 0, "pedestrian": 0, "bicycle": 0, "density": 3.0, "year_range": "unknown"}}, {"type": "Feature", "geometry": {"type": "Point", "coordinates": [-91.167568, 30.463063]}, "properties": {"crashes": 11, "injury": 7, "fatal": 0, "pedestrian": 0, "bicycle": 0, "density": 2.8, "year_range": "unknown"}}, {"type": "Feature", "geometry": {"type": "Point", "coordinates": [-91.167568, 30.459459]}, "properties": {"crashes": 41, "injury": 32, "fatal": 0, "pedestrian": 0, "bicycle": 0, "density": 10.2, "year_range": "unknown"}}, {"type": "Feature", "geometry": {"type": "Point", "coordinates": [-91.167568, 30.457658]}, "properties": {"crashes": 48, "injury": 32, "fatal": 0, "pedestrian": 0, "bicycle": 0, "density": 12.0, "year_range": "unknown"}}, {"type": "Feature", "geometry": {"type": "Point", "coordinates": [-91.169369, 30.459459]}, "properties": {"crashes": 1, "injury": 1, "fatal": 0, "pedestrian": 0, "bicycle": 0, "density": 0.2, "year_range": "unknown"}}, {"type": "Feature", "geometry": {"type": "Point", "coordinates": [-91.176577, 30.459459]}, "properties": {"crashes": 1, "injury": 1, "fatal": 0, "pedestrian": 0, "bicycle": 0, "density": 0.2, "year_range": "unknown"}}, {"type": "Feature", "geometry": {"type": "Point", "coordinates": [-91.172973, 30.459459]}, "properties": {"crashes": 2, "injury": 2, "fatal": 0, "pedestrian": 0, "bicycle": 0, "density": 0.5, "year_range": "unknown"}}, {"type": "Feature", "geometry": {"type": "Point", "coordinates": [-91.171171, 30.459459]}, "properties": {"crashes": 1, "injury": 1, "fatal": 0, "pedestrian": 0, "bicycle": 0, "density": 0.2, "year_range": "unknown"}}, {"type": "Feature", "geometry": {"type": "Point", "coordinates": [-91.171171, 30.461261]}, "properties": {"crashes": 1, "injury": 1, "fatal": 0, "pedestrian": 0, "bicycle": 0, "density": 0.2, "year_range": "unknown"}}, {"type": "Feature", "geometry": {"type": "Point", "coordinates": [-91.169369, 30.461261]}, "properties": {"crashes": 1, "injury": 1, "fatal": 0, "pedestrian": 0, "bicycle": 0, "density": 0.2, "year_range": "unknown"}}, {"type": "Feature", "geometry": {"type": "Point", "coordinates": [-91.172973, 30.461261]}, "properties": {"crashes": 2, "injury": 1, "fatal": 0, "pedestrian": 0, "bicycle": 0, "density": 0.5, "year_range": "unknown"}}, {"type": "Feature", "geometry": {"type": "Point", "coordinates": [-91.172973, 30.463063]}, "properties": {"crashes": 3, "injury": 2, "fatal": 0, "pedestrian": 0, "bicycle": 0, "density": 0.8, "year_range": "unknown"}}, {"type": "Feature", "geometry": {"type": "Point", "coordinates": [-91.169369, 30.463063]}, "properties": {"crashes": 5, "injury": 5, "fatal": 0, "pedestrian": 0, "bicycle": 0, "density": 1.2, "year_range": "unknown"}}, {"type": "Feature", "geometry": {"type": "Point", "coordinates": [-91.171171, 30.463063]}, "properties": {"crashes": 2, "injury": 2, "fatal": 0, "pedestrian": 0, "bicycle": 0, "density": 0.5, "year_range": "unknown"}}, {"type": "Feature", "geometry": {"type": "Point", "coordinates": [-91.189189, 30.459459]}, "properties": {"crashes": 10, "injury": 10, "fatal": 0, "pedestrian": 0, "bicycle": 0, "density": 2.5, "year_range": "unknown"}}, {"type": "Feature", "geometry": {"type": "Point", "coordinates": [-91.187387, 30.459459]}, "properties": {"crashes": 1, "injury": 1, "fatal": 0, "pedestrian": 0, "bicycle": 0, "density": 0.2, "year_range": "unknown"}}, {"type": "Feature", "geometry": {"type": "Point", "coordinates": [-91.18018, 30.461261]}, "properties": {"crashes": 2, "injury": 2, "fatal": 0, "pedestrian": 0, "bicycle": 0, "density": 0.5, "year_range": "unknown"}}, {"type": "Feature", "geometry": {"type": "Point", "coordinates": [-91.192793, 30.459459]}, "properties": {"crashes": 1, "injury": 0, "fatal": 0, "pedestrian": 1, "bicycle": 0, "density": 0.2, "year_range": "unknown"}}, {"type": "Feature", "geometry": {"type": "Point", "coordinates": [-91.190991, 30.461261]}, "properties": {"crashes": 11, "injury": 11, "fatal": 0, "pedestrian": 0, "bicycle": 0, "density": 2.8, "year_range": "unknown"}}, {"type": "Feature", "geometry": {"type": "Point", "coordinates": [-91.190991, 30.459459]}, "properties": {"crashes": 3, "injury": 3, "fatal": 0, "pedestrian": 0, "bicycle": 0, "density": 0.8, "year_range": "unknown"}}, {"type": "Feature", "geometry": {"type": "Point", "coordinates": [-91.178378, 30.461261]}, "properties": {"crashes": 1, "injury": 1, "fatal": 0, "pedestrian": 0, "bicycle": 0, "density": 0.2, "year_range": "unknown"}}, {"type": "Feature", "geometry": {"type": "Point", "coordinates": [-91.178378, 30.47027]}, "properties": {"crashes": 1, "injury": 1, "fatal": 0, "pedestrian": 0, "bicycle": 0, "density": 0.2, "year_range": "unknown"}}, {"type": "Feature", "geometry": {"type": "Point", "coordinates": [-91.178378, 30.459459]}, "properties": {"crashes": 1, "injury": 1, "fatal": 0, "pedestrian": 0, "bicycle": 0, "density": 0.2, "year_range": "unknown"}}, {"type": "Feature", "geometry": {"type": "Point", "coordinates": [-91.178378, 30.466667]}, "properties": {"crashes": 1, "injury": 1, "fatal": 0, "pedestrian": 0, "bicycle": 0, "density": 0.2, "year_range": "unknown"}}, {"type": "Feature", "geometry": {"type": "Point", "coordinates": [-91.171171, 30.457658]}, "properties": {"crashes": 27, "injury": 22, "fatal": 0, "pedestrian": 0, "bicycle": 0, "density": 6.8, "year_range": "unknown"}}, {"type": "Feature", "geometry": {"type": "Point", "coordinates": [-91.165766, 30.461261]}, "properties": {"crashes": 107, "injury": 64, "fatal": 0, "pedestrian": 2, "bicycle": 0, "density": 26.8, "year_range": "unknown"}}, {"type": "Feature", "geometry": {"type": "Point", "coordinates": [-91.165766, 30.459459]}, "properties": {"crashes": 78, "injury": 58, "fatal": 1, "pedestrian": 0, "bicycle": 0, "density": 19.5, "year_range": "unknown"}}, {"type": "Feature", "geometry": {"type": "Point", "coordinates": [-91.165766, 30.457658]}, "properties": {"crashes": 47, "injury": 37, "fatal": 4, "pedestrian": 0, "bicycle": 0, "density": 11.8, "year_range": "unknown"}}, {"type": "Feature", "geometry": {"type": "Point", "coordinates": [-91.162162, 30.454054]}, "properties": {"crashes": 8, "injury": 6, "fatal": 0, "pedestrian": 0, "bicycle": 0, "density": 2.0, "year_range": "unknown"}}, {"type": "Feature", "geometry": {"type": "Point", "coordinates": [-91.163964, 30.454054]}, "properties": {"crashes": 8, "injury": 7, "fatal": 0, "pedestrian": 0, "bicycle": 0, "density": 2.0, "year_range": "unknown"}}, {"type": "Feature", "geometry": {"type": "Point", "coordinates": [-91.162162, 30.455856]}, "properties": {"crashes": 8, "injury": 7, "fatal": 0, "pedestrian": 0, "bicycle": 0, "density": 2.0, "year_range": "unknown"}}, {"type": "Feature", "geometry": {"type": "Point", "coordinates": [-91.163964, 30.455856]}, "properties": {"crashes": 5, "injury": 4, "fatal": 0, "pedestrian": 0, "bicycle": 0, "density": 1.2, "year_range": "unknown"}}, {"type": "Feature", "geometry": {"type": "Point", "coordinates": [-91.163964, 30.457658]}, "properties": {"crashes": 1, "injury": 1, "fatal": 0, "pedestrian": 0, "bicycle": 0, "density": 0.2, "year_range": "unknown"}}, {"type": "Feature", "geometry": {"type": "Point", "coordinates": [-91.163964, 30.461261]}, "properties": {"crashes": 4, "injury": 3, "fatal": 0, "pedestrian": 0, "bicycle": 0, "density": 1.0, "year_range": "unknown"}}, {"type": "Feature", "geometry": {"type": "Point", "coordinates": [-91.162162, 30.45045]}, "properties": {"crashes": 35, "injury": 21, "fatal": 0, "pedestrian": 1, "bicycle": 0, "density": 8.8, "year_range": "unknown"}}, {"type": "Feature", "geometry": {"type": "Point", "coordinates": [-91.163964, 30.45045]}, "properties": {"crashes": 11, "injury": 6, "fatal": 0, "pedestrian": 0, "bicycle": 0, "density": 2.8, "year_range": "unknown"}}, {"type": "Feature", "geometry": {"type": "Point", "coordinates": [-91.163964, 30.452252]}, "properties": {"crashes": 3, "injury": 2, "fatal": 0, "pedestrian": 0, "bicycle": 0, "density": 0.8, "year_range": "unknown"}}, {"type": "Feature", "geometry": {"type": "Point", "coordinates": [-91.162162, 30.452252]}, "properties": {"crashes": 26, "injury": 18, "fatal": 0, "pedestrian": 1, "bicycle": 0, "density": 6.5, "year_range": "unknown"}}, {"type": "Feature", "geometry": {"type": "Point", "coordinates": [-91.165766, 30.454054]}, "properties": {"crashes": 23, "injury": 13, "fatal": 0, "pedestrian": 0, "bicycle": 0, "density": 5.8, "year_range": "unknown"}}, {"type": "Feature", "geometry": {"type": "Point", "coordinates": [-91.165766, 30.455856]}, "properties": {"crashes": 4, "injury": 3, "fatal": 0, "pedestrian": 0, "bicycle": 0, "density": 1.0, "year_range": "unknown"}}, {"type": "Feature", "geometry": {"type": "Point", "coordinates": [-91.156757, 30.461261]}, "properties": {"crashes": 44, "injury": 34, "fatal": 0, "pedestrian": 1, "bicycle": 0, "density": 11.0, "year_range": "unknown"}}, {"type": "Feature", "geometry": {"type": "Point", "coordinates": [-91.154955, 30.461261]}, "properties": {"crashes": 18, "injury": 16, "fatal": 0, "pedestrian": 1, "bicycle": 0, "density": 4.5, "year_range": "unknown"}}, {"type": "Feature", "geometry": {"type": "Point", "coordinates": [-91.156757, 30.459459]}, "properties": {"crashes": 6, "injury": 3, "fatal": 0, "pedestrian": 1, "bicycle": 0, "density": 1.5, "year_range": "unknown"}}, {"type": "Feature", "geometry": {"type": "Point", "coordinates": [-91.158559, 30.459459]}, "properties": {"crashes": 2, "injury": 2, "fatal": 0, "pedestrian": 0, "bicycle": 0, "density": 0.5, "year_range": "unknown"}}, {"type": "Feature", "geometry": {"type": "Point", "coordinates": [-91.16036, 30.459459]}, "properties": {"crashes": 3, "injury": 3, "fatal": 0, "pedestrian": 0, "bicycle": 0, "density": 0.8, "year_range": "unknown"}}, {"type": "Feature", "geometry": {"type": "Point", "coordinates": [-91.156757, 30.455856]}, "properties": {"crashes": 4, "injury": 3, "fatal": 0, "pedestrian": 0, "bicycle": 0, "density": 1.0, "year_range": "unknown"}}, {"type": "Feature", "geometry": {"type": "Point", "coordinates": [-91.156757, 30.457658]}, "properties": {"crashes": 7, "injury": 5, "fatal": 0, "pedestrian": 0, "bicycle": 0, "density": 1.8, "year_range": "unknown"}}, {"type": "Feature", "geometry": {"type": "Point", "coordinates": [-91.154955, 30.457658]}, "properties": {"crashes": 12, "injury": 8, "fatal": 0, "pedestrian": 0, "bicycle": 0, "density": 3.0, "year_range": "unknown"}}, {"type": "Feature", "geometry": {"type": "Point", "coordinates": [-91.16036, 30.455856]}, "properties": {"crashes": 8, "injury": 7, "fatal": 0, "pedestrian": 0, "bicycle": 0, "density": 2.0, "year_range": "unknown"}}, {"type": "Feature", "geometry": {"type": "Point", "coordinates": [-91.16036, 30.457658]}, "properties": {"crashes": 5, "injury": 4, "fatal": 0, "pedestrian": 0, "bicycle": 0, "density": 1.2, "year_range": "unknown"}}, {"type": "Feature", "geometry": {"type": "Point", "coordinates": [-91.158559, 30.457658]}, "properties": {"crashes": 2, "injury": 2, "fatal": 0, "pedestrian": 0, "bicycle": 0, "density": 0.5, "year_range": "unknown"}}, {"type": "Feature", "geometry": {"type": "Point", "coordinates": [-91.154955, 30.454054]}, "properties": {"crashes": 96, "injury": 62, "fatal": 0, "pedestrian": 1, "bicycle": 0, "density": 24.0, "year_range": "unknown"}}, {"type": "Feature", "geometry": {"type": "Point", "coordinates": [-91.156757, 30.454054]}, "properties": {"crashes": 11, "injury": 5, "fatal": 0, "pedestrian": 0, "bicycle": 0, "density": 2.8, "year_range": "unknown"}}, {"type": "Feature", "geometry": {"type": "Point", "coordinates": [-91.154955, 30.455856]}, "properties": {"crashes": 8, "injury": 3, "fatal": 0, "pedestrian": 0, "bicycle": 0, "density": 2.0, "year_range": "unknown"}}, {"type": "Feature", "geometry": {"type": "Point", "coordinates": [-91.16036, 30.454054]}, "properties": {"crashes": 24, "injury": 14, "fatal": 0, "pedestrian": 2, "bicycle": 0, "density": 6.0, "year_range": "unknown"}}, {"type": "Feature", "geometry": {"type": "Point", "coordinates": [-91.158559, 30.454054]}, "properties": {"crashes": 9, "injury": 7, "fatal": 0, "pedestrian": 0, "bicycle": 0, "density": 2.2, "year_range": "unknown"}}, {"type": "Feature", "geometry": {"type": "Point", "coordinates": [-91.158559, 30.455856]}, "properties": {"crashes": 3, "injury": 3, "fatal": 0, "pedestrian": 0, "bicycle": 0, "density": 0.8, "year_range": "unknown"}}, {"type": "Feature", "geometry": {"type": "Point", "coordinates": [-91.156757, 30.452252]}, "properties": {"crashes": 9, "injury": 4, "fatal": 0, "pedestrian": 0, "bicycle": 0, "density": 2.2, "year_range": "unknown"}}, {"type": "Feature", "geometry": {"type": "Point", "coordinates": [-91.156757, 30.45045]}, "properties": {"crashes": 31, "injury": 21, "fatal": 0, "pedestrian": 0, "bicycle": 0, "density": 7.8, "year_range": "unknown"}}, {"type": "Feature", "geometry": {"type": "Point", "coordinates": [-91.154955, 30.452252]}, "properties": {"crashes": 19, "injury": 15, "fatal": 0, "pedestrian": 0, "bicycle": 0, "density": 4.8, "year_range": "unknown"}}, {"type": "Feature", "geometry": {"type": "Point", "coordinates": [-91.16036, 30.452252]}, "properties": {"crashes": 7, "injury": 7, "fatal": 0, "pedestrian": 1, "bicycle": 0, "density": 1.8, "year_range": "unknown"}}, {"type": "Feature", "geometry": {"type": "Point", "coordinates": [-91.158559, 30.452252]}, "properties": {"crashes": 6, "injury": 3, "fatal": 0, "pedestrian": 0, "bicycle": 0, "density": 1.5, "year_range": "unknown"}}, {"type": "Feature", "geometry": {"type": "Point", "coordinates": [-91.16036, 30.45045]}, "properties": {"crashes": 58, "injury": 42, "fatal": 0, "pedestrian": 2, "bicycle": 0, "density": 14.5, "year_range": "unknown"}}, {"type": "Feature", "geometry": {"type": "Point", "coordinates": [-91.154955, 30.45045]}, "properties": {"crashes": 90, "injury": 68, "fatal": 0, "pedestrian": 4, "bicycle": 0, "density": 22.5, "year_range": "unknown"}}, {"type": "Feature", "geometry": {"type": "Point", "coordinates": [-91.154955, 30.448649]}, "properties": {"crashes": 41, "injury": 26, "fatal": 0, "pedestrian": 1, "bicycle": 0, "density": 10.2, "year_range": "unknown"}}, {"type": "Feature", "geometry": {"type": "Point", "coordinates": [-91.156757, 30.448649]}, "properties": {"crashes": 23, "injury": 16, "fatal": 0, "pedestrian": 1, "bicycle": 0, "density": 5.8, "year_range": "unknown"}}, {"type": "Feature", "geometry": {"type": "Point", "coordinates": [-91.16036, 30.448649]}, "properties": {"crashes": 46, "injury": 28, "fatal": 0, "pedestrian": 2, "bicycle": 0, "density": 11.5, "year_range": "unknown"}}, {"type": "Feature", "geometry": {"type": "Point", "coordinates": [-91.158559, 30.45045]}, "properties": {"crashes": 13, "injury": 10, "fatal": 1, "pedestrian": 2, "bicycle": 0, "density": 3.2, "year_range": "unknown"}}, {"type": "Feature", "geometry": {"type": "Point", "coordinates": [-91.158559, 30.448649]}, "properties": {"crashes": 5, "injury": 5, "fatal": 0, "pedestrian": 0, "bicycle": 0, "density": 1.2, "year_range": "unknown"}}, {"type": "Feature", "geometry": {"type": "Point", "coordinates": [-91.162162, 30.448649]}, "properties": {"crashes": 6, "injury": 5, "fatal": 0, "pedestrian": 1, "bicycle": 0, "density": 1.5, "year_range": "unknown"}}, {"type": "Feature", "geometry": {"type": "Point", "coordinates": [-91.16036, 30.446847]}, "properties": {"crashes": 8, "injury": 8, "fatal": 0, "pedestrian": 0, "bicycle": 0, "density": 2.0, "year_range": "unknown"}}, {"type": "Feature", "geometry": {"type": "Point", "coordinates": [-91.156757, 30.446847]}, "properties": {"crashes": 4, "injury": 2, "fatal": 0, "pedestrian": 0, "bicycle": 0, "density": 1.0, "year_range": "unknown"}}, {"type": "Feature", "geometry": {"type": "Point", "coordinates": [-91.156757, 30.445045]}, "properties": {"crashes": 12, "injury": 10, "fatal": 0, "pedestrian": 0, "bicycle": 0, "density": 3.0, "year_range": "unknown"}}, {"type": "Feature", "geometry": {"type": "Point", "coordinates": [-91.16036, 30.445045]}, "properties": {"crashes": 8, "injury": 5, "fatal": 0, "pedestrian": 1, "bicycle": 0, "density": 2.0, "year_range": "unknown"}}, {"type": "Feature", "geometry": {"type": "Point", "coordinates": [-91.158559, 30.445045]}, "properties": {"crashes": 1, "injury": 1, "fatal": 0, "pedestrian": 0, "bicycle": 0, "density": 0.2, "year_range": "unknown"}}, {"type": "Feature", "geometry": {"type": "Point", "coordinates": [-91.154955, 30.446847]}, "properties": {"crashes": 10, "injury": 6, "fatal": 0, "pedestrian": 2, "bicycle": 0, "density": 2.5, "year_range": "unknown"}}, {"type": "Feature", "geometry": {"type": "Point", "coordinates": [-91.162162, 30.445045]}, "properties": {"crashes": 1, "injury": 1, "fatal": 0, "pedestrian": 0, "bicycle": 0, "density": 0.2, "year_range": "unknown"}}, {"type": "Feature", "geometry": {"type": "Point", "coordinates": [-91.163964, 30.445045]}, "properties": {"crashes": 1, "injury": 0, "fatal": 0, "pedestrian": 0, "bicycle": 0, "density": 0.2, "year_range": "unknown"}}, {"type": "Feature", "geometry": {"type": "Point", "coordinates": [-91.163964, 30.446847]}, "properties": {"crashes": 3, "injury": 3, "fatal": 0, "pedestrian": 0, "bicycle": 0, "density": 0.8, "year_range": "unknown"}}, {"type": "Feature", "geometry": {"type": "Point", "coordinates": [-91.162162, 30.446847]}, "properties": {"crashes": 2, "injury": 1, "fatal": 0, "pedestrian": 0, "bicycle": 0, "density": 0.5, "year_range": "unknown"}}, {"type": "Feature", "geometry": {"type": "Point", "coordinates": [-91.163964, 30.448649]}, "properties": {"crashes": 1, "injury": 1, "fatal": 0, "pedestrian": 0, "bicycle": 0, "density": 0.2, "year_range": "unknown"}}, {"type": "Feature", "geometry": {"type": "Point", "coordinates": [-91.165766, 30.446847]}, "properties": {"crashes": 1, "injury": 1, "fatal": 0, "pedestrian": 0, "bicycle": 0, "density": 0.2, "year_range": "unknown"}}, {"type": "Feature", "geometry": {"type": "Point", "coordinates": [-91.158559, 30.475676]}, "properties": {"crashes": 1, "injury": 1, "fatal": 0, "pedestrian": 0, "bicycle": 0, "density": 0.2, "year_range": "unknown"}}, {"type": "Feature", "geometry": {"type": "Point", "coordinates": [-91.156757, 30.47027]}, "properties": {"crashes": 77, "injury": 54, "fatal": 0, "pedestrian": 0, "bicycle": 0, "density": 19.2, "year_range": "unknown"}}, {"type": "Feature", "geometry": {"type": "Point", "coordinates": [-91.156757, 30.472072]}, "properties": {"crashes": 19, "injury": 12, "fatal": 0, "pedestrian": 1, "bicycle": 0, "density": 4.8, "year_range": "unknown"}}, {"type": "Feature", "geometry": {"type": "Point", "coordinates": [-91.156757, 30.468468]}, "properties": {"crashes": 21, "injury": 17, "fatal": 0, "pedestrian": 0, "bicycle": 0, "density": 5.2, "year_range": "unknown"}}, {"type": "Feature", "geometry": {"type": "Point", "coordinates": [-91.154955, 30.468468]}, "properties": {"crashes": 17, "injury": 12, "fatal": 0, "pedestrian": 0, "bicycle": 0, "density": 4.2, "year_range": "unknown"}}, {"type": "Feature", "geometry": {"type": "Point", "coordinates": [-91.156757, 30.466667]}, "properties": {"crashes": 19, "injury": 10, "fatal": 1, "pedestrian": 0, "bicycle": 0, "density": 4.8, "year_range": "unknown"}}, {"type": "Feature", "geometry": {"type": "Point", "coordinates": [-91.154955, 30.466667]}, "properties": {"crashes": 36, "injury": 12, "fatal": 0, "pedestrian": 0, "bicycle": 0, "density": 9.0, "year_range": "unknown"}}, {"type": "Feature", "geometry": {"type": "Point", "coordinates": [-91.165766, 30.472072]}, "properties": {"crashes": 11, "injury": 8, "fatal": 0, "pedestrian": 0, "bicycle": 0, "density": 2.8, "year_range": "unknown"}}, {"type": "Feature", "geometry": {"type": "Point", "coordinates": [-91.167568, 30.472072]}, "properties": {"crashes": 40, "injury": 22, "fatal": 0, "pedestrian": 2, "bicycle": 0, "density": 10.0, "year_range": "unknown"}}, {"type": "Feature", "geometry": {"type": "Point", "coordinates": [-91.165766, 30.473874]}, "properties": {"crashes": 44, "injury": 35, "fatal": 1, "pedestrian": 0, "bicycle": 0, "density": 11.0, "year_range": "unknown"}}, {"type": "Feature", "geometry": {"type": "Point", "coordinates": [-91.165766, 30.475676]}, "properties": {"crashes": 3, "injury": 1, "fatal": 0, "pedestrian": 0, "bicycle": 0, "density": 0.8, "year_range": "unknown"}}, {"type": "Feature", "geometry": {"type": "Point", "coordinates": [-91.16036, 30.472072]}, "properties": {"crashes": 4, "injury": 4, "fatal": 0, "pedestrian": 0, "bicycle": 0, "density": 1.0, "year_range": "unknown"}}, {"type": "Feature", "geometry": {"type": "Point", "coordinates": [-91.16036, 30.47027]}, "properties": {"crashes": 5, "injury": 5, "fatal": 0, "pedestrian": 0, "bicycle": 0, "density": 1.2, "year_range": "unknown"}}, {"type": "Feature", "geometry": {"type": "Point", "coordinates": [-91.16036, 30.475676]}, "properties": {"crashes": 1, "injury": 1, "fatal": 0, "pedestrian": 0, "bicycle": 0, "density": 0.2, "year_range": "unknown"}}, {"type": "Feature", "geometry": {"type": "Point", "coordinates": [-91.158559, 30.47027]}, "properties": {"crashes": 10, "injury": 7, "fatal": 0, "pedestrian": 0, "bicycle": 0, "density": 2.5, "year_range": "unknown"}}, {"type": "Feature", "geometry": {"type": "Point", "coordinates": [-91.158559, 30.472072]}, "properties": {"crashes": 5, "injury": 5, "fatal": 0, "pedestrian": 0, "bicycle": 0, "density": 1.2, "year_range": "unknown"}}, {"type": "Feature", "geometry": {"type": "Point", "coordinates": [-91.162162, 30.47027]}, "properties": {"crashes": 12, "injury": 7, "fatal": 0, "pedestrian": 0, "bicycle": 0, "density": 3.0, "year_range": "unknown"}}, {"type": "Feature", "geometry": {"type": "Point", "coordinates": [-91.162162, 30.472072]}, "properties": {"crashes": 12, "injury": 11, "fatal": 0, "pedestrian": 0, "bicycle": 0, "density": 3.0, "year_range": "unknown"}}, {"type": "Feature", "geometry": {"type": "Point", "coordinates": [-91.16036, 30.473874]}, "properties": {"crashes": 2, "injury": 2, "fatal": 0, "pedestrian": 0, "bicycle": 0, "density": 0.5, "year_range": "unknown"}}, {"type": "Feature", "geometry": {"type": "Point", "coordinates": [-91.162162, 30.473874]}, "properties": {"crashes": 38, "injury": 28, "fatal": 1, "pedestrian": 2, "bicycle": 0, "density": 9.5, "year_range": "unknown"}}, {"type": "Feature", "geometry": {"type": "Point", "coordinates": [-91.162162, 30.475676]}, "properties": {"crashes": 6, "injury": 4, "fatal": 0, "pedestrian": 0, "bicycle": 0, "density": 1.5, "year_range": "unknown"}}, {"type": "Feature", "geometry": {"type": "Point", "coordinates": [-91.163964, 30.47027]}, "properties": {"crashes": 72, "injury": 60, "fatal": 1, "pedestrian": 1, "bicycle": 0, "density": 18.0, "year_range": "unknown"}}, {"type": "Feature", "geometry": {"type": "Point", "coordinates": [-91.163964, 30.472072]}, "properties": {"crashes": 11, "injury": 9, "fatal": 0, "pedestrian": 0, "bicycle": 0, "density": 2.8, "year_range": "unknown"}}, {"type": "Feature", "geometry": {"type": "Point", "coordinates": [-91.163964, 30.473874]}, "properties": {"crashes": 10, "injury": 5, "fatal": 0, "pedestrian": 1, "bicycle": 0, "density": 2.5, "year_range": "unknown"}}, {"type": "Feature", "geometry": {"type": "Point", "coordinates": [-91.165766, 30.468468]}, "properties": {"crashes": 45, "injury": 26, "fatal": 0, "pedestrian": 1, "bicycle": 0, "density": 11.2, "year_range": "unknown"}}, {"type": "Feature", "geometry": {"type": "Point", "coordinates": [-91.165766, 30.47027]}, "properties": {"crashes": 15, "injury": 10, "fatal": 0, "pedestrian": 0, "bicycle": 0, "density": 3.8, "year_range": "unknown"}}, {"type": "Feature", "geometry": {"type": "Point", "coordinates": [-91.163964, 30.468468]}, "properties": {"crashes": 15, "injury": 13, "fatal": 0, "pedestrian": 0, "bicycle": 0, "density": 3.8, "year_range": "unknown"}}, {"type": "Feature", "geometry": {"type": "Point", "coordinates": [-91.158559, 30.468468]}, "properties": {"crashes": 4, "injury": 4, "fatal": 0, "pedestrian": 0, "bicycle": 0, "density": 1.0, "year_range": "unknown"}}, {"type": "Feature", "geometry": {"type": "Point", "coordinates": [-91.162162, 30.468468]}, "properties": {"crashes": 3, "injury": 3, "fatal": 0, "pedestrian": 0, "bicycle": 0, "density": 0.8, "year_range": "unknown"}}, {"type": "Feature", "geometry": {"type": "Point", "coordinates": [-91.16036, 30.468468]}, "properties": {"crashes": 2, "injury": 2, "fatal": 0, "pedestrian": 0, "bicycle": 0, "density": 0.5, "year_range": "unknown"}}, {"type": "Feature", "geometry": {"type": "Point", "coordinates": [-91.165766, 30.466667]}, "properties": {"crashes": 30, "injury": 22, "fatal": 0, "pedestrian": 0, "bicycle": 0, "density": 7.5, "year_range": "unknown"}}, {"type": "Feature", "geometry": {"type": "Point", "coordinates": [-91.163964, 30.466667]}, "properties": {"crashes": 18, "injury": 10, "fatal": 0, "pedestrian": 1, "bicycle": 0, "density": 4.5, "year_range": "unknown"}}, {"type": "Feature", "geometry": {"type": "Point", "coordinates": [-91.16036, 30.464865]}, "properties": {"crashes": 7, "injury": 5, "fatal": 0, "pedestrian": 0, "bicycle": 0, "density": 1.8, "year_range": "unknown"}}, {"type": "Feature", "geometry": {"type": "Point", "coordinates": [-91.162162, 30.466667]}, "properties": {"crashes": 5, "injury": 4, "fatal": 0, "pedestrian": 0, "bicycle": 0, "density": 1.2, "year_range": "unknown"}}, {"type": "Feature", "geometry": {"type": "Point", "coordinates": [-91.16036, 30.466667]}, "properties": {"crashes": 6, "injury": 5, "fatal": 0, "pedestrian": 0, "bicycle": 0, "density": 1.5, "year_range": "unknown"}}, {"type": "Feature", "geometry": {"type": "Point", "coordinates": [-91.158559, 30.466667]}, "properties": {"crashes": 4, "injury": 3, "fatal": 0, "pedestrian": 0, "bicycle": 0, "density": 1.0, "year_range": "unknown"}}, {"type": "Feature", "geometry": {"type": "Point", "coordinates": [-91.165766, 30.464865]}, "properties": {"crashes": 69, "injury": 54, "fatal": 0, "pedestrian": 2, "bicycle": 0, "density": 17.2, "year_range": "unknown"}}, {"type": "Feature", "geometry": {"type": "Point", "coordinates": [-91.165766, 30.463063]}, "properties": {"crashes": 74, "injury": 60, "fatal": 0, "pedestrian": 0, "bicycle": 0, "density": 18.5, "year_range": "unknown"}}, {"type": "Feature", "geometry": {"type": "Point", "coordinates": [-91.163964, 30.463063]}, "properties": {"crashes": 2, "injury": 1, "fatal": 0, "pedestrian": 0, "bicycle": 0, "density": 0.5, "year_range": "unknown"}}, {"type": "Feature", "geometry": {"type": "Point", "coordinates": [-91.162162, 30.463063]}, "properties": {"crashes": 2, "injury": 2, "fatal": 0, "pedestrian": 0, "bicycle": 0, "density": 0.5, "year_range": "unknown"}}, {"type": "Feature", "geometry": {"type": "Point", "coordinates": [-91.163964, 30.464865]}, "properties": {"crashes": 2, "injury": 2, "fatal": 0, "pedestrian": 1, "bicycle": 0, "density": 0.5, "year_range": "unknown"}}, {"type": "Feature", "geometry": {"type": "Point", "coordinates": [-91.162162, 30.464865]}, "properties": {"crashes": 2, "injury": 0, "fatal": 0, "pedestrian": 0, "bicycle": 0, "density": 0.5, "year_range": "unknown"}}, {"type": "Feature", "geometry": {"type": "Point", "coordinates": [-91.167568, 30.475676]}, "properties": {"crashes": 21, "injury": 16, "fatal": 0, "pedestrian": 0, "bicycle": 0, "density": 5.2, "year_range": "unknown"}}, {"type": "Feature", "geometry": {"type": "Point", "coordinates": [-91.163964, 30.475676]}, "properties": {"crashes": 1, "injury": 1, "fatal": 0, "pedestrian": 0, "bicycle": 0, "density": 0.2, "year_range": "unknown"}}, {"type": "Feature", "geometry": {"type": "Point", "coordinates": [-91.156757, 30.464865]}, "properties": {"crashes": 30, "injury": 18, "fatal": 0, "pedestrian": 1, "bicycle": 0, "density": 7.5, "year_range": "unknown"}}, {"type": "Feature", "geometry": {"type": "Point", "coordinates": [-91.154955, 30.464865]}, "properties": {"crashes": 15, "injury": 9, "fatal": 0, "pedestrian": 0, "bicycle": 0, "density": 3.8, "year_range": "unknown"}}, {"type": "Feature", "geometry": {"type": "Point", "coordinates": [-91.156757, 30.463063]}, "properties": {"crashes": 20, "injury": 14, "fatal": 0, "pedestrian": 0, "bicycle": 0, "density": 5.0, "year_range": "unknown"}}, {"type": "Feature", "geometry": {"type": "Point", "coordinates": [-91.154955, 30.463063]}, "properties": {"crashes": 54, "injury": 30, "fatal": 0, "pedestrian": 3, "bicycle": 0, "density": 13.5, "year_range": "unknown"}}, {"type": "Feature", "geometry": {"type": "Point", "coordinates": [-91.16036, 30.461261]}, "properties": {"crashes": 3, "injury": 1, "fatal": 0, "pedestrian": 0, "bicycle": 0, "density": 0.8, "year_range": "unknown"}}, {"type": "Feature", "geometry": {"type": "Point", "coordinates": [-91.158559, 30.461261]}, "properties": {"crashes": 1, "injury": 1, "fatal": 0, "pedestrian": 0, "bicycle": 0, "density": 0.2, "year_range": "unknown"}}, {"type": "Feature", "geometry": {"type": "Point", "coordinates": [-91.16036, 30.463063]}, "properties": {"crashes": 1, "injury": 1, "fatal": 0, "pedestrian": 0, "bicycle": 0, "density": 0.2, "year_range": "unknown"}}, {"type": "Feature", "geometry": {"type": "Point", "coordinates": [-91.158559, 30.463063]}, "properties": {"crashes": 2, "injury": 0, "fatal": 0, "pedestrian": 0, "bicycle": 0, "density": 0.5, "year_range": "unknown"}}, {"type": "Feature", "geometry": {"type": "Point", "coordinates": [-91.158559, 30.464865]}, "properties": {"crashes": 3, "injury": 2, "fatal": 0, "pedestrian": 0, "bicycle": 0, "density": 0.8, "year_range": "unknown"}}, {"type": "Feature", "geometry": {"type": "Point", "coordinates": [-91.138739, 30.461261]}, "properties": {"crashes": 38, "injury": 28, "fatal": 0, "pedestrian": 0, "bicycle": 0, "density": 9.5, "year_range": "unknown"}}, {"type": "Feature", "geometry": {"type": "Point", "coordinates": [-91.138739, 30.463063]}, "properties": {"crashes": 50, "injury": 31, "fatal": 1, "pedestrian": 2, "bicycle": 0, "density": 12.5, "year_range": "unknown"}}, {"type": "Feature", "geometry": {"type": "Point", "coordinates": [-91.140541, 30.463063]}, "properties": {"crashes": 7, "injury": 6, "fatal": 0, "pedestrian": 0, "bicycle": 0, "density": 1.8, "year_range": "unknown"}}, {"type": "Feature", "geometry": {"type": "Point", "coordinates": [-91.140541, 30.461261]}, "properties": {"crashes": 3, "injury": 3, "fatal": 0, "pedestrian": 0, "bicycle": 0, "density": 0.8, "year_range": "unknown"}}, {"type": "Feature", "geometry": {"type": "Point", "coordinates": [-91.131532, 30.459459]}, "properties": {"crashes": 1, "injury": 1, "fatal": 0, "pedestrian": 0, "bicycle": 0, "density": 0.2, "year_range": "unknown"}}, {"type": "Feature", "geometry": {"type": "Point", "coordinates": [-91.138739, 30.459459]}, "properties": {"crashes": 20, "injury": 14, "fatal": 0, "pedestrian": 0, "bicycle": 0, "density": 5.0, "year_range": "unknown"}}, {"type": "Feature", "geometry": {"type": "Point", "coordinates": [-91.12973, 30.457658]}, "properties": {"crashes": 2, "injury": 2, "fatal": 0, "pedestrian": 0, "bicycle": 0, "density": 0.5, "year_range": "unknown"}}, {"type": "Feature", "geometry": {"type": "Point", "coordinates": [-91.12973, 30.459459]}, "properties": {"crashes": 1, "injury": 1, "fatal": 0, "pedestrian": 0, "bicycle": 0, "density": 0.2, "year_range": "unknown"}}, {"type": "Feature", "geometry": {"type": "Point", "coordinates": [-91.12973, 30.461261]}, "properties": {"crashes": 3, "injury": 3, "fatal": 0, "pedestrian": 0, "bicycle": 0, "density": 0.8, "year_range": "unknown"}}, {"type": "Feature", "geometry": {"type": "Point", "coordinates": [-91.138739, 30.457658]}, "properties": {"crashes": 6, "injury": 3, "fatal": 0, "pedestrian": 0, "bicycle": 0, "density": 1.5, "year_range": "unknown"}}, {"type": "Feature", "geometry": {"type": "Point", "coordinates": [-91.135135, 30.461261]}, "properties": {"crashes": 1, "injury": 1, "fatal": 0, "pedestrian": 0, "bicycle": 0, "density": 0.2, "year_range": "unknown"}}, {"type": "Feature", "geometry": {"type": "Point", "coordinates": [-91.138739, 30.454054]}, "properties": {"crashes": 44, "injury": 31, "fatal": 1, "pedestrian": 5, "bicycle": 0, "density": 11.0, "year_range": "unknown"}}, {"type": "Feature", "geometry": {"type": "Point", "coordinates": [-91.140541, 30.454054]}, "properties": {"crashes": 8, "injury": 5, "fatal": 0, "pedestrian": 1, "bicycle": 0, "density": 2.0, "year_range": "unknown"}}, {"type": "Feature", "geometry": {"type": "Point", "coordinates": [-91.138739, 30.455856]}, "properties": {"crashes": 7, "injury": 2, "fatal": 0, "pedestrian": 0, "bicycle": 0, "density": 1.8, "year_range": "unknown"}}, {"type": "Feature", "geometry": {"type": "Point", "coordinates": [-91.138739, 30.452252]}, "properties": {"crashes": 47, "injury": 34, "fatal": 0, "pedestrian": 3, "bicycle": 0, "density": 11.8, "year_range": "unknown"}}, {"type": "Feature", "geometry": {"type": "Point", "coordinates": [-91.12973, 30.452252]}, "properties": {"crashes": 3, "injury": 3, "fatal": 0, "pedestrian": 0, "bicycle": 0, "density": 0.8, "year_range": "unknown"}}, {"type": "Feature", "geometry": {"type": "Point", "coordinates": [-91.131532, 30.454054]}, "properties": {"crashes": 1, "injury": 1, "fatal": 0, "pedestrian": 0, "bicycle": 0, "density": 0.2, "year_range": "unknown"}}, {"type": "Feature", "geometry": {"type": "Point", "coordinates": [-91.12973, 30.455856]}, "properties": {"crashes": 5, "injury": 5, "fatal": 0, "pedestrian": 0, "bicycle": 0, "density": 1.2, "year_range": "unknown"}}, {"type": "Feature", "geometry": {"type": "Point", "coordinates": [-91.133333, 30.45045]}, "properties": {"crashes": 6, "injury": 4, "fatal": 0, "pedestrian": 0, "bicycle": 0, "density": 1.5, "year_range": "unknown"}}, {"type": "Feature", "geometry": {"type": "Point", "coordinates": [-91.136937, 30.45045]}, "properties": {"crashes": 22, "injury": 22, "fatal": 0, "pedestrian": 0, "bicycle": 0, "density": 5.5, "year_range": "unknown"}}, {"type": "Feature", "geometry": {"type": "Point", "coordinates": [-91.135135, 30.45045]}, "properties": {"crashes": 23, "injury": 16, "fatal": 0, "pedestrian": 1, "bicycle": 0, "density": 5.8, "year_range": "unknown"}}, {"type": "Feature", "geometry": {"type": "Point", "coordinates": [-91.136937, 30.454054]}, "properties": {"crashes": 3, "injury": 3, "fatal": 0, "pedestrian": 0, "bicycle": 0, "density": 0.8, "year_range": "unknown"}}, {"type": "Feature", "geometry": {"type": "Point", "coordinates": [-91.133333, 30.457658]}, "properties": {"crashes": 1, "injury": 0, "fatal": 0, "pedestrian": 0, "bicycle": 0, "density": 0.2, "year_range": "unknown"}}, {"type": "Feature", "geometry": {"type": "Point", "coordinates": [-91.140541, 30.459459]}, "properties": {"crashes": 3, "injury": 3, "fatal": 0, "pedestrian": 0, "bicycle": 0, "density": 0.8, "year_range": "unknown"}}, {"type": "Feature", "geometry": {"type": "Point", "coordinates": [-91.142342, 30.459459]}, "properties": {"crashes": 2, "injury": 2, "fatal": 0, "pedestrian": 0, "bicycle": 0, "density": 0.5, "year_range": "unknown"}}, {"type": "Feature", "geometry": {"type": "Point", "coordinates": [-91.142342, 30.461261]}, "properties": {"crashes": 8, "injury": 5, "fatal": 0, "pedestrian": 0, "bicycle": 0, "density": 2.0, "year_range": "unknown"}}, {"type": "Feature", "geometry": {"type": "Point", "coordinates": [-91.142342, 30.463063]}, "properties": {"crashes": 9, "injury": 7, "fatal": 0, "pedestrian": 0, "bicycle": 0, "density": 2.2, "year_range": "unknown"}}, {"type": "Feature", "geometry": {"type": "Point", "coordinates": [-91.145946, 30.459459]}, "properties": {"crashes": 4, "injury": 3, "fatal": 0, "pedestrian": 1, "bicycle": 0, "density": 1.0, "year_range": "unknown"}}, {"type": "Feature", "geometry": {"type": "Point", "coordinates": [-91.144144, 30.459459]}, "properties": {"crashes": 4, "injury": 2, "fatal": 0, "pedestrian": 0, "bicycle": 0, "density": 1.0, "year_range": "unknown"}}, {"type": "Feature", "geometry": {"type": "Point", "coordinates": [-91.144144, 30.461261]}, "properties": {"crashes": 11, "injury": 7, "fatal": 0, "pedestrian": 1, "bicycle": 0, "density": 2.8, "year_range": "unknown"}}, {"type": "Feature", "geometry": {"type": "Point", "coordinates": [-91.14955, 30.461261]}, "properties": {"crashes": 17, "injury": 13, "fatal": 0, "pedestrian": 1, "bicycle": 0, "density": 4.2, "year_range": "unknown"}}, {"type": "Feature", "geometry": {"type": "Point", "coordinates": [-91.14955, 30.459459]}, "properties": {"crashes": 2, "injury": 1, "fatal": 0, "pedestrian": 0, "bicycle": 0, "density": 0.5, "year_range": "unknown"}}, {"type": "Feature", "geometry": {"type": "Point", "coordinates": [-91.147748, 30.459459]}, "properties": {"crashes": 7, "injury": 6, "fatal": 0, "pedestrian": 0, "bicycle": 0, "density": 1.8, "year_range": "unknown"}}, {"type": "Feature", "geometry": {"type": "Point", "coordinates": [-91.145946, 30.461261]}, "properties": {"crashes": 5, "injury": 2, "fatal": 0, "pedestrian": 0, "bicycle": 0, "density": 1.2, "year_range": "unknown"}}, {"type": "Feature", "geometry": {"type": "Point", "coordinates": [-91.142342, 30.455856]}, "properties": {"crashes": 2, "injury": 1, "fatal": 0, "pedestrian": 0, "bicycle": 0, "density": 0.5, "year_range": "unknown"}}, {"type": "Feature", "geometry": {"type": "Point", "coordinates": [-91.144144, 30.455856]}, "properties": {"crashes": 3, "injury": 2, "fatal": 0, "pedestrian": 0, "bicycle": 0, "density": 0.8, "year_range": "unknown"}}, {"type": "Feature", "geometry": {"type": "Point", "coordinates": [-91.142342, 30.457658]}, "properties": {"crashes": 2, "injury": 2, "fatal": 0, "pedestrian": 0, "bicycle": 0, "density": 0.5, "year_range": "unknown"}}, {"type": "Feature", "geometry": {"type": "Point", "coordinates": [-91.144144, 30.457658]}, "properties": {"crashes": 2, "injury": 2, "fatal": 0, "pedestrian": 0, "bicycle": 0, "density": 0.5, "year_range": "unknown"}}, {"type": "Feature", "geometry": {"type": "Point", "coordinates": [-91.142342, 30.454054]}, "properties": {"crashes": 20, "injury": 17, "fatal": 1, "pedestrian": 3, "bicycle": 0, "density": 5.0, "year_range": "unknown"}}, {"type": "Feature", "geometry": {"type": "Point", "coordinates": [-91.144144, 30.454054]}, "properties": {"crashes": 19, "injury": 14, "fatal": 0, "pedestrian": 0, "bicycle": 0, "density": 4.8, "year_range": "unknown"}}, {"type": "Feature", "geometry": {"type": "Point", "coordinates": [-91.145946, 30.454054]}, "properties": {"crashes": 2, "injury": 2, "fatal": 0, "pedestrian": 0, "bicycle": 0, "density": 0.5, "year_range": "unknown"}}, {"type": "Feature", "geometry": {"type": "Point", "coordinates": [-91.144144, 30.452252]}, "properties": {"crashes": 16, "injury": 11, "fatal": 0, "pedestrian": 1, "bicycle": 0, "density": 4.0, "year_range": "unknown"}}, {"type": "Feature", "geometry": {"type": "Point", "coordinates": [-91.140541, 30.452252]}, "properties": {"crashes": 1, "injury": 1, "fatal": 0, "pedestrian": 0, "bicycle": 0, "density": 0.2, "year_range": "unknown"}}, {"type": "Feature", "geometry": {"type": "Point", "coordinates": [-91.138739, 30.45045]}, "properties": {"crashes": 139, "injury": 111, "fatal": 0, "pedestrian": 0, "bicycle": 0, "density": 34.8, "year_range": "unknown"}}, {"type": "Feature", "geometry": {"type": "Point", "coordinates": [-91.136937, 30.452252]}, "properties": {"crashes": 1, "injury": 1, "fatal": 0, "pedestrian": 0, "bicycle": 0, "density": 0.2, "year_range": "unknown"}}, {"type": "Feature", "geometry": {"type": "Point", "coordinates": [-91.140541, 30.45045]}, "properties": {"crashes": 71, "injury": 58, "fatal": 0, "pedestrian": 1, "bicycle": 0, "density": 17.8, "year_range": "unknown"}}, {"type": "Feature", "geometry": {"type": "Point", "coordinates": [-91.144144, 30.45045]}, "properties": {"crashes": 20, "injury": 14, "fatal": 2, "pedestrian": 3, "bicycle": 0, "density": 5.0, "year_range": "unknown"}}, {"type": "Feature", "geometry": {"type": "Point", "coordinates": [-91.142342, 30.45045]}, "properties": {"crashes": 16, "injury": 9, "fatal": 0, "pedestrian": 2, "bicycle": 0, "density": 4.0, "year_range": "unknown"}}, {"type": "Feature", "geometry": {"type": "Point", "coordinates": [-91.147748, 30.45045]}, "properties": {"crashes": 21, "injury": 16, "fatal": 1, "pedestrian": 0, "bicycle": 0, "density": 5.2, "year_range": "unknown"}}, {"type": "Feature", "geometry": {"type": "Point", "coordinates": [-91.14955, 30.45045]}, "properties": {"crashes": 14, "injury": 10, "fatal": 0, "pedestrian": 1, "bicycle": 0, "density": 3.5, "year_range": "unknown"}}, {"type": "Feature", "geometry": {"type": "Point", "coordinates": [-91.147748, 30.452252]}, "properties": {"crashes": 1, "injury": 1, "fatal": 0, "pedestrian": 0, "bicycle": 0, "density": 0.2, "year_range": "unknown"}}, {"type": "Feature", "geometry": {"type": "Point", "coordinates": [-91.14955, 30.452252]}, "properties": {"crashes": 1, "injury": 1, "fatal": 0, "pedestrian": 0, "bicycle": 0, "density": 0.2, "year_range": "unknown"}}, {"type": "Feature", "geometry": {"type": "Point", "coordinates": [-91.147748, 30.454054]}, "properties": {"crashes": 5, "injury": 2, "fatal": 1, "pedestrian": 1, "bicycle": 0, "density": 1.2, "year_range": "unknown"}}, {"type": "Feature", "geometry": {"type": "Point", "coordinates": [-91.153153, 30.463063]}, "properties": {"crashes": 7, "injury": 4, "fatal": 0, "pedestrian": 0, "bicycle": 0, "density": 1.8, "year_range": "unknown"}}, {"type": "Feature", "geometry": {"type": "Point", "coordinates": [-91.151351, 30.463063]}, "properties": {"crashes": 10, "injury": 6, "fatal": 0, "pedestrian": 1, "bicycle": 0, "density": 2.5, "year_range": "unknown"}}, {"type": "Feature", "geometry": {"type": "Point", "coordinates": [-91.153153, 30.461261]}, "properties": {"crashes": 4, "injury": 2, "fatal": 0, "pedestrian": 0, "bicycle": 0, "density": 1.0, "year_range": "unknown"}}, {"type": "Feature", "geometry": {"type": "Point", "coordinates": [-91.151351, 30.461261]}, "properties": {"crashes": 11, "injury": 11, "fatal": 0, "pedestrian": 0, "bicycle": 0, "density": 2.8, "year_range": "unknown"}}, {"type": "Feature", "geometry": {"type": "Point", "coordinates": [-91.151351, 30.459459]}, "properties": {"crashes": 4, "injury": 4, "fatal": 0, "pedestrian": 1, "bicycle": 0, "density": 1.0, "year_range": "unknown"}}, {"type": "Feature", "geometry": {"type": "Point", "coordinates": [-91.154955, 30.459459]}, "properties": {"crashes": 7, "injury": 4, "fatal": 0, "pedestrian": 1, "bicycle": 0, "density": 1.8, "year_range": "unknown"}}, {"type": "Feature", "geometry": {"type": "Point", "coordinates": [-91.153153, 30.455856]}, "properties": {"crashes": 7, "injury": 6, "fatal": 1, "pedestrian": 0, "bicycle": 0, "density": 1.8, "year_range": "unknown"}}, {"type": "Feature", "geometry": {"type": "Point", "coordinates": [-91.153153, 30.457658]}, "properties": {"crashes": 5, "injury": 3, "fatal": 0, "pedestrian": 0, "bicycle": 0, "density": 1.2, "year_range": "unknown"}}, {"type": "Feature", "geometry": {"type": "Point", "coordinates": [-91.153153, 30.459459]}, "properties": {"crashes": 1, "injury": 0, "fatal": 0, "pedestrian": 1, "bicycle": 0, "density": 0.2, "year_range": "unknown"}}, {"type": "Feature", "geometry": {"type": "Point", "coordinates": [-91.151351, 30.454054]}, "properties": {"crashes": 16, "injury": 14, "fatal": 0, "pedestrian": 0, "bicycle": 0, "density": 4.0, "year_range": "unknown"}}, {"type": "Feature", "geometry": {"type": "Point", "coordinates": [-91.153153, 30.454054]}, "properties": {"crashes": 25, "injury": 14, "fatal": 0, "pedestrian": 0, "bicycle": 0, "density": 6.2, "year_range": "unknown"}}, {"type": "Feature", "geometry": {"type": "Point", "coordinates": [-91.151351, 30.455856]}, "properties": {"crashes": 3, "injury": 2, "fatal": 0, "pedestrian": 1, "bicycle": 0, "density": 0.8, "year_range": "unknown"}}, {"type": "Feature", "geometry": {"type": "Point", "coordinates": [-91.14955, 30.454054]}, "properties": {"crashes": 5, "injury": 4, "fatal": 0, "pedestrian": 0, "bicycle": 0, "density": 1.2, "year_range": "unknown"}}, {"type": "Feature", "geometry": {"type": "Point", "coordinates": [-91.153153, 30.452252]}, "properties": {"crashes": 4, "injury": 4, "fatal": 0, "pedestrian": 0, "bicycle": 0, "density": 1.0, "year_range": "unknown"}}, {"type": "Feature", "geometry": {"type": "Point", "coordinates": [-91.153153, 30.45045]}, "properties": {"crashes": 43, "injury": 33, "fatal": 0, "pedestrian": 0, "bicycle": 0, "density": 10.8, "year_range": "unknown"}}, {"type": "Feature", "geometry": {"type": "Point", "coordinates": [-91.151351, 30.45045]}, "properties": {"crashes": 19, "injury": 17, "fatal": 0, "pedestrian": 0, "bicycle": 0, "density": 4.8, "year_range": "unknown"}}, {"type": "Feature", "geometry": {"type": "Point", "coordinates": [-91.145946, 30.45045]}, "properties": {"crashes": 12, "injury": 9, "fatal": 2, "pedestrian": 2, "bicycle": 0, "density": 3.0, "year_range": "unknown"}}, {"type": "Feature", "geometry": {"type": "Point", "coordinates": [-91.138739, 30.448649]}, "properties": {"crashes": 43, "injury": 32, "fatal": 0, "pedestrian": 1, "bicycle": 0, "density": 10.8, "year_range": "unknown"}}, {"type": "Feature", "geometry": {"type": "Point", "coordinates": [-91.14955, 30.448649]}, "properties": {"crashes": 8, "injury": 8, "fatal": 0, "pedestrian": 0, "bicycle": 0, "density": 2.0, "year_range": "unknown"}}, {"type": "Feature", "geometry": {"type": "Point", "coordinates": [-91.147748, 30.448649]}, "properties": {"crashes": 4, "injury": 2, "fatal": 0, "pedestrian": 2, "bicycle": 0, "density": 1.0, "year_range": "unknown"}}, {"type": "Feature", "geometry": {"type": "Point", "coordinates": [-91.138739, 30.446847]}, "properties": {"crashes": 10, "injury": 7, "fatal": 0, "pedestrian": 0, "bicycle": 0, "density": 2.5, "year_range": "unknown"}}, {"type": "Feature", "geometry": {"type": "Point", "coordinates": [-91.140541, 30.448649]}, "properties": {"crashes": 2, "injury": 1, "fatal": 0, "pedestrian": 0, "bicycle": 0, "density": 0.5, "year_range": "unknown"}}, {"type": "Feature", "geometry": {"type": "Point", "coordinates": [-91.135135, 30.446847]}, "properties": {"crashes": 4, "injury": 4, "fatal": 0, "pedestrian": 0, "bicycle": 0, "density": 1.0, "year_range": "unknown"}}, {"type": "Feature", "geometry": {"type": "Point", "coordinates": [-91.136937, 30.446847]}, "properties": {"crashes": 2, "injury": 2, "fatal": 0, "pedestrian": 0, "bicycle": 0, "density": 0.5, "year_range": "unknown"}}, {"type": "Feature", "geometry": {"type": "Point", "coordinates": [-91.135135, 30.448649]}, "properties": {"crashes": 1, "injury": 1, "fatal": 0, "pedestrian": 0, "bicycle": 0, "density": 0.2, "year_range": "unknown"}}, {"type": "Feature", "geometry": {"type": "Point", "coordinates": [-91.136937, 30.448649]}, "properties": {"crashes": 1, "injury": 1, "fatal": 0, "pedestrian": 0, "bicycle": 0, "density": 0.2, "year_range": "unknown"}}, {"type": "Feature", "geometry": {"type": "Point", "coordinates": [-91.145946, 30.446847]}, "properties": {"crashes": 2, "injury": 2, "fatal": 0, "pedestrian": 0, "bicycle": 0, "density": 0.5, "year_range": "unknown"}}, {"type": "Feature", "geometry": {"type": "Point", "coordinates": [-91.145946, 30.448649]}, "properties": {"crashes": 15, "injury": 9, "fatal": 0, "pedestrian": 1, "bicycle": 0, "density": 3.8, "year_range": "unknown"}}, {"type": "Feature", "geometry": {"type": "Point", "coordinates": [-91.145946, 30.445045]}, "properties": {"crashes": 12, "injury": 9, "fatal": 0, "pedestrian": 0, "bicycle": 0, "density": 3.0, "year_range": "unknown"}}, {"type": "Feature", "geometry": {"type": "Point", "coordinates": [-91.144144, 30.448649]}, "properties": {"crashes": 2, "injury": 1, "fatal": 0, "pedestrian": 0, "bicycle": 0, "density": 0.5, "year_range": "unknown"}}, {"type": "Feature", "geometry": {"type": "Point", "coordinates": [-91.144144, 30.446847]}, "properties": {"crashes": 1, "injury": 1, "fatal": 0, "pedestrian": 0, "bicycle": 0, "density": 0.2, "year_range": "unknown"}}, {"type": "Feature", "geometry": {"type": "Point", "coordinates": [-91.142342, 30.448649]}, "properties": {"crashes": 3, "injury": 1, "fatal": 0, "pedestrian": 0, "bicycle": 0, "density": 0.8, "year_range": "unknown"}}, {"type": "Feature", "geometry": {"type": "Point", "coordinates": [-91.142342, 30.445045]}, "properties": {"crashes": 6, "injury": 3, "fatal": 0, "pedestrian": 1, "bicycle": 0, "density": 1.5, "year_range": "unknown"}}, {"type": "Feature", "geometry": {"type": "Point", "coordinates": [-91.151351, 30.448649]}, "properties": {"crashes": 5, "injury": 5, "fatal": 0, "pedestrian": 0, "bicycle": 0, "density": 1.2, "year_range": "unknown"}}, {"type": "Feature", "geometry": {"type": "Point", "coordinates": [-91.153153, 30.448649]}, "properties": {"crashes": 7, "injury": 6, "fatal": 0, "pedestrian": 0, "bicycle": 0, "density": 1.8, "year_range": "unknown"}}, {"type": "Feature", "geometry": {"type": "Point", "coordinates": [-91.151351, 30.446847]}, "properties": {"crashes": 1, "injury": 0, "fatal": 0, "pedestrian": 0, "bicycle": 0, "density": 0.2, "year_range": "unknown"}}, {"type": "Feature", "geometry": {"type": "Point", "coordinates": [-91.131532, 30.452252]}, "properties": {"crashes": 1, "injury": 1, "fatal": 0, "pedestrian": 0, "bicycle": 0, "density": 0.2, "year_range": "unknown"}}, {"type": "Feature", "geometry": {"type": "Point", "coordinates": [-91.131532, 30.446847]}, "properties": {"crashes": 2, "injury": 2, "fatal": 0, "pedestrian": 0, "bicycle": 0, "density": 0.5, "year_range": "unknown"}}, {"type": "Feature", "geometry": {"type": "Point", "coordinates": [-91.131532, 30.448649]}, "properties": {"crashes": 1, "injury": 1, "fatal": 0, "pedestrian": 0, "bicycle": 0, "density": 0.2, "year_range": "unknown"}}, {"type": "Feature", "geometry": {"type": "Point", "coordinates": [-91.140541, 30.468468]}, "properties": {"crashes": 73, "injury": 37, "fatal": 0, "pedestrian": 3, "bicycle": 0, "density": 18.2, "year_range": "unknown"}}, {"type": "Feature", "geometry": {"type": "Point", "coordinates": [-91.138739, 30.468468]}, "properties": {"crashes": 4, "injury": 3, "fatal": 0, "pedestrian": 0, "bicycle": 0, "density": 1.0, "year_range": "unknown"}}, {"type": "Feature", "geometry": {"type": "Point", "coordinates": [-91.136937, 30.468468]}, "properties": {"crashes": 2, "injury": 1, "fatal": 0, "pedestrian": 0, "bicycle": 0, "density": 0.5, "year_range": "unknown"}}, {"type": "Feature", "geometry": {"type": "Point", "coordinates": [-91.135135, 30.468468]}, "properties": {"crashes": 6, "injury": 4, "fatal": 0, "pedestrian": 0, "bicycle": 0, "density": 1.5, "year_range": "unknown"}}, {"type": "Feature", "geometry": {"type": "Point", "coordinates": [-91.135135, 30.466667]}, "properties": {"crashes": 5, "injury": 3, "fatal": 0, "pedestrian": 0, "bicycle": 0, "density": 1.2, "year_range": "unknown"}}, {"type": "Feature", "geometry": {"type": "Point", "coordinates": [-91.131532, 30.468468]}, "properties": {"crashes": 5, "injury": 3, "fatal": 0, "pedestrian": 0, "bicycle": 0, "density": 1.2, "year_range": "unknown"}}, {"type": "Feature", "geometry": {"type": "Point", "coordinates": [-91.131532, 30.466667]}, "properties": {"crashes": 6, "injury": 5, "fatal": 0, "pedestrian": 0, "bicycle": 0, "density": 1.5, "year_range": "unknown"}}, {"type": "Feature", "geometry": {"type": "Point", "coordinates": [-91.140541, 30.466667]}, "properties": {"crashes": 18, "injury": 11, "fatal": 0, "pedestrian": 2, "bicycle": 0, "density": 4.5, "year_range": "unknown"}}, {"type": "Feature", "geometry": {"type": "Point", "coordinates": [-91.140541, 30.464865]}, "properties": {"crashes": 16, "injury": 10, "fatal": 0, "pedestrian": 0, "bicycle": 0, "density": 4.0, "year_range": "unknown"}}, {"type": "Feature", "geometry": {"type": "Point", "coordinates": [-91.138739, 30.464865]}, "properties": {"crashes": 8, "injury": 6, "fatal": 0, "pedestrian": 0, "bicycle": 0, "density": 2.0, "year_range": "unknown"}}, {"type": "Feature", "geometry": {"type": "Point", "coordinates": [-91.142342, 30.466667]}, "properties": {"crashes": 4, "injury": 2, "fatal": 0, "pedestrian": 1, "bicycle": 0, "density": 1.0, "year_range": "unknown"}}, {"type": "Feature", "geometry": {"type": "Point", "coordinates": [-91.138739, 30.466667]}, "properties": {"crashes": 4, "injury": 4, "fatal": 0, "pedestrian": 0, "bicycle": 0, "density": 1.0, "year_range": "unknown"}}, {"type": "Feature", "geometry": {"type": "Point", "coordinates": [-91.142342, 30.464865]}, "properties": {"crashes": 2, "injury": 2, "fatal": 0, "pedestrian": 0, "bicycle": 0, "density": 0.5, "year_range": "unknown"}}, {"type": "Feature", "geometry": {"type": "Point", "coordinates": [-91.131532, 30.464865]}, "properties": {"crashes": 1, "injury": 1, "fatal": 0, "pedestrian": 0, "bicycle": 0, "density": 0.2, "year_range": "unknown"}}, {"type": "Feature", "geometry": {"type": "Point", "coordinates": [-91.133333, 30.464865]}, "properties": {"crashes": 5, "injury": 5, "fatal": 0, "pedestrian": 0, "bicycle": 0, "density": 1.2, "year_range": "unknown"}}, {"type": "Feature", "geometry": {"type": "Point", "coordinates": [-91.133333, 30.466667]}, "properties": {"crashes": 7, "injury": 6, "fatal": 0, "pedestrian": 0, "bicycle": 0, "density": 1.8, "year_range": "unknown"}}, {"type": "Feature", "geometry": {"type": "Point", "coordinates": [-91.136937, 30.463063]}, "properties": {"crashes": 3, "injury": 3, "fatal": 1, "pedestrian": 1, "bicycle": 0, "density": 0.8, "year_range": "unknown"}}, {"type": "Feature", "geometry": {"type": "Point", "coordinates": [-91.135135, 30.464865]}, "properties": {"crashes": 1, "injury": 1, "fatal": 0, "pedestrian": 0, "bicycle": 0, "density": 0.2, "year_range": "unknown"}}, {"type": "Feature", "geometry": {"type": "Point", "coordinates": [-91.142342, 30.468468]}, "properties": {"crashes": 12, "injury": 6, "fatal": 0, "pedestrian": 0, "bicycle": 0, "density": 3.0, "year_range": "unknown"}}, {"type": "Feature", "geometry": {"type": "Point", "coordinates": [-91.145946, 30.468468]}, "properties": {"crashes": 6, "injury": 4, "fatal": 0, "pedestrian": 0, "bicycle": 0, "density": 1.5, "year_range": "unknown"}}, {"type": "Feature", "geometry": {"type": "Point", "coordinates": [-91.153153, 30.466667]}, "properties": {"crashes": 34, "injury": 19, "fatal": 0, "pedestrian": 1, "bicycle": 0, "density": 8.5, "year_range": "unknown"}}, {"type": "Feature", "geometry": {"type": "Point", "coordinates": [-91.153153, 30.468468]}, "properties": {"crashes": 3, "injury": 3, "fatal": 0, "pedestrian": 0, "bicycle": 0, "density": 0.8, "year_range": "unknown"}}, {"type": "Feature", "geometry": {"type": "Point", "coordinates": [-91.144144, 30.464865]}, "properties": {"crashes": 5, "injury": 2, "fatal": 0, "pedestrian": 0, "bicycle": 0, "density": 1.2, "year_range": "unknown"}}, {"type": "Feature", "geometry": {"type": "Point", "coordinates": [-91.145946, 30.466667]}, "properties": {"crashes": 2, "injury": 2, "fatal": 0, "pedestrian": 0, "bicycle": 0, "density": 0.5, "year_range": "unknown"}}, {"type": "Feature", "geometry": {"type": "Point", "coordinates": [-91.144144, 30.466667]}, "properties": {"crashes": 1, "injury": 0, "fatal": 0, "pedestrian": 0, "bicycle": 0, "density": 0.2, "year_range": "unknown"}}, {"type": "Feature", "geometry": {"type": "Point", "coordinates": [-91.144144, 30.468468]}, "properties": {"crashes": 2, "injury": 1, "fatal": 0, "pedestrian": 0, "bicycle": 0, "density": 0.5, "year_range": "unknown"}}, {"type": "Feature", "geometry": {"type": "Point", "coordinates": [-91.151351, 30.468468]}, "properties": {"crashes": 17, "injury": 16, "fatal": 0, "pedestrian": 0, "bicycle": 0, "density": 4.2, "year_range": "unknown"}}, {"type": "Feature", "geometry": {"type": "Point", "coordinates": [-91.151351, 30.466667]}, "properties": {"crashes": 8, "injury": 7, "fatal": 0, "pedestrian": 0, "bicycle": 0, "density": 2.0, "year_range": "unknown"}}, {"type": "Feature", "geometry": {"type": "Point", "coordinates": [-91.14955, 30.466667]}, "properties": {"crashes": 4, "injury": 3, "fatal": 0, "pedestrian": 0, "bicycle": 0, "density": 1.0, "year_range": "unknown"}}, {"type": "Feature", "geometry": {"type": "Point", "coordinates": [-91.14955, 30.468468]}, "properties": {"crashes": 2, "injury": 2, "fatal": 0, "pedestrian": 0, "bicycle": 0, "density": 0.5, "year_range": "unknown"}}, {"type": "Feature", "geometry": {"type": "Point", "coordinates": [-91.147748, 30.468468]}, "properties": {"crashes": 1, "injury": 1, "fatal": 0, "pedestrian": 0, "bicycle": 0, "density": 0.2, "year_range": "unknown"}}, {"type": "Feature", "geometry": {"type": "Point", "coordinates": [-91.147748, 30.464865]}, "properties": {"crashes": 1, "injury": 1, "fatal": 0, "pedestrian": 0, "bicycle": 0, "density": 0.2, "year_range": "unknown"}}, {"type": "Feature", "geometry": {"type": "Point", "coordinates": [-91.147748, 30.466667]}, "properties": {"crashes": 2, "injury": 2, "fatal": 0, "pedestrian": 0, "bicycle": 0, "density": 0.5, "year_range": "unknown"}}, {"type": "Feature", "geometry": {"type": "Point", "coordinates": [-91.145946, 30.464865]}, "properties": {"crashes": 3, "injury": 3, "fatal": 0, "pedestrian": 0, "bicycle": 0, "density": 0.8, "year_range": "unknown"}}, {"type": "Feature", "geometry": {"type": "Point", "coordinates": [-91.151351, 30.464865]}, "properties": {"crashes": 2, "injury": 2, "fatal": 0, "pedestrian": 0, "bicycle": 0, "density": 0.5, "year_range": "unknown"}}, {"type": "Feature", "geometry": {"type": "Point", "coordinates": [-91.153153, 30.464865]}, "properties": {"crashes": 10, "injury": 7, "fatal": 0, "pedestrian": 2, "bicycle": 0, "density": 2.5, "year_range": "unknown"}}, {"type": "Feature", "geometry": {"type": "Point", "coordinates": [-91.144144, 30.463063]}, "properties": {"crashes": 1, "injury": 0, "fatal": 0, "pedestrian": 0, "bicycle": 0, "density": 0.2, "year_range": "unknown"}}, {"type": "Feature", "geometry": {"type": "Point", "coordinates": [-91.145946, 30.463063]}, "properties": {"crashes": 2, "injury": 2, "fatal": 0, "pedestrian": 0, "bicycle": 0, "density": 0.5, "year_range": "unknown"}}, {"type": "Feature", "geometry": {"type": "Point", "coordinates": [-91.14955, 30.463063]}, "properties": {"crashes": 1, "injury": 1, "fatal": 0, "pedestrian": 0, "bicycle": 0, "density": 0.2, "year_range": "unknown"}}, {"type": "Feature", "geometry": {"type": "Point", "coordinates": [-91.14955, 30.464865]}, "properties": {"crashes": 1, "injury": 1, "fatal": 0, "pedestrian": 0, "bicycle": 0, "density": 0.2, "year_range": "unknown"}}, {"type": "Feature", "geometry": {"type": "Point", "coordinates": [-91.147748, 30.461261]}, "properties": {"crashes": 1, "injury": 1, "fatal": 0, "pedestrian": 0, "bicycle": 0, "density": 0.2, "year_range": "unknown"}}, {"type": "Feature", "geometry": {"type": "Point", "coordinates": [-91.147748, 30.463063]}, "properties": {"crashes": 1, "injury": 1, "fatal": 0, "pedestrian": 0, "bicycle": 0, "density": 0.2, "year_range": "unknown"}}]}