{"type": "FeatureCollection", "features": [{"type": "Feature", "geometry": {"type": "Point", "coordinates": [-85.866667, 38.108108]}, "properties": {"crashes": 7, "injury": 0, "fatal": 0, "pedestrian": 0, "bicycle": 0, "density": 1.8, "year_range": "unknown"}}, {"type": "Feature", "geometry": {"type": "Point", "coordinates": [-85.765766, 38.190991]}, "properties": {"crashes": 3, "injury": 0, "fatal": 0, "pedestrian": 0, "bicycle": 0, "density": 0.8, "year_range": "unknown"}}, {"type": "Feature", "geometry": {"type": "Point", "coordinates": [-85.6, 38.264865]}, "properties": {"crashes": 2, "injury": 0, "fatal": 0, "pedestrian": 0, "bicycle": 0, "density": 0.5, "year_range": "unknown"}}, {"type": "Feature", "geometry": {"type": "Point", "coordinates": [-85.823423, 38.216216]}, "properties": {"crashes": 2, "injury": 0, "fatal": 0, "pedestrian": 0, "bicycle": 0, "density": 0.5, "year_range": "unknown"}}, {"type": "Feature", "geometry": {"type": "Point", "coordinates": [-85.789189, 38.187387]}, "properties": {"crashes": 1, "injury": 0, "fatal": 0, "pedestrian": 0, "bicycle": 0, "density": 0.2, "year_range": "unknown"}}, {"type": "Feature", "geometry": {"type": "Point", "coordinates": [-85.717117, 38.156757]}, "properties": {"crashes": 5, "injury": 0, "fatal": 0, "pedestrian": 0, "bicycle": 0, "density": 1.2, "year_range": "unknown"}}, {"type": "Feature", "geometry": {"type": "Point", "coordinates": [-85.872072, 38.097297]}, "properties": {"crashes": 1, "injury": 0, "fatal": 0, "pedestrian": 0, "bicycle": 0, "density": 0.2, "year_range": "unknown"}}, {"type": "Feature", "geometry": {"type": "Point", "coordinates": [-85.706306, 38.196396]}, "properties": {"crashes": 1, "injury": 0, "fatal": 0, "pedestrian": 0, "bicycle": 0, "density": 0.2, "year_range": "unknown"}}, {"type": "Feature", "geometry": {"type": "Point", "coordinates": [-85.767568, 38.167568]}, "properties": {"crashes": 1, "injury": 0, "fatal": 0, "pedestrian": 0, "bicycle": 0, "density": 0.2, "year_range": "unknown"}}, {"type": "Feature", "geometry": {"type": "Point", "coordinates": [-85.76036, 38.234234]}, "properties": {"crashes": 4, "injury": 0, "fatal": 0, "pedestrian": 0, "bicycle": 0, "density": 1.0, "year_range": "unknown"}}, {"type": "Feature", "geometry": {"type": "Point", "coordinates": [-85.616216, 38.236036]}, "properties": {"crashes": 2, "injury": 0, "fatal": 0, "pedestrian": 0, "bicycle": 0, "density": 0.5, "year_range": "unknown"}}, {"type": "Feature", "geometry": {"type": "Point", "coordinates": [-85.69009, 38.113514]}, "properties": {"crashes": 7, "injury": 0, "fatal": 0, "pedestrian": 0, "bicycle": 0, "density": 1.8, "year_range": "unknown"}}, {"type": "Feature", "geometry": {"type": "Point", "coordinates": [-85.605405, 38.192793]}, "properties": {"crashes": 2, "injury": 0, "fatal": 0, "pedestrian": 0, "bicycle": 0, "density": 0.5, "year_range": "unknown"}}, {"type": "Feature", "geometry": {"type": "Point", "coordinates": [-85.668468, 38.091892]}, "properties": {"crashes": 2, "injury": 0, "fatal": 0, "pedestrian": 0, "bicycle": 0, "density": 0.5, "year_range": "unknown"}}, {"type": "Feature", "geometry": {"type": "Point", "coordinates": [-85.74955, 38.237838]}, "properties": {"crashes": 3, "injury": 0, "fatal": 0, "pedestrian": 0, "bicycle": 0, "density": 0.8, "year_range": "unknown"}}, {"type": "Feature", "geometry": {"type": "Point", "coordinates": [-85.634234, 38.21982]}, "properties": {"crashes": 1, "injury": 0, "fatal": 0, "pedestrian": 0, "bicycle": 0, "density": 0.2, "year_range": "unknown"}}, {"type": "Feature", "geometry": {"type": "Point", "coordinates": [-85.738739, 38.254054]}, "properties": {"crashes": 2, "injury": 0, "fatal": 0, "pedestrian": 0, "bicycle": 0, "density": 0.5, "year_range": "unknown"}}, {"type": "Feature", "geometry": {"type": "Point", "coordinates": [-85.536937, 38.151351]}, "properties": {"crashes": 2, "injury": 0, "fatal": 0, "pedestrian": 0, "bicycle": 0, "density": 0.5, "year_range": "unknown"}}, {"type": "Feature", "geometry": {"type": "Point", "coordinates": [-85.513514, 38.264865]}, "properties": {"crashes": 2, "injury": 0, "fatal": 0, "pedestrian": 0, "bicycle": 0, "density": 0.5, "year_range": "unknown"}}, {"type": "Feature", "geometry": {"type": "Point", "coordinates": [-85.686486, 38.241441]}, "properties": {"crashes": 1, "injury": 0, "fatal": 0, "pedestrian": 0, "bicycle": 0, "density": 0.2, "year_range": "unknown"}}, {"type": "Feature", "geometry": {"type": "Point", "coordinates": [-85.765766, 38.205405]}, "properties": {"crashes": 1, "injury": 0, "fatal": 0, "pedestrian": 0, "bicycle": 0, "density": 0.2, "year_range": "unknown"}}, {"type": "Feature", "geometry": {"type": "Point", "coordinates": [-85.753153, 38.218018]}, "properties": {"crashes": 4, "injury": 0, "fatal": 0, "pedestrian": 0, "bicycle": 0, "density": 1.0, "year_range": "unknown"}}, {"type": "Feature", "geometry": {"type": "Point", "coordinates": [-85.763964, 38.236036]}, "properties": {"crashes": 2, "injury": 0, "fatal": 0, "pedestrian": 0, "bicycle": 0, "density": 0.5, "year_range": "unknown"}}, {"type": "Feature", "geometry": {"type": "Point", "coordinates": [-85.655856, 38.192793]}, "properties": {"crashes": 4, "injury": 0, "fatal": 0, "pedestrian": 0, "bicycle": 0, "density": 1.0, "year_range": "unknown"}}, {"type": "Feature", "geometry": {"type": "Point", "coordinates": [-85.765766, 38.259459]}, "properties": {"crashes": 1, "injury": 0, "fatal": 0, "pedestrian": 0, "bicycle": 0, "density": 0.2, "year_range": "unknown"}}, {"type": "Feature", "geometry": {"type": "Point", "coordinates": [-85.778378, 38.261261]}, "properties": {"crashes": 2, "injury": 0, "fatal": 0, "pedestrian": 0, "bicycle": 0, "density": 0.5, "year_range": "unknown"}}, {"type": "Feature", "geometry": {"type": "Point", "coordinates": [-85.787387, 38.27027]}, "properties": {"crashes": 3, "injury": 0, "fatal": 0, "pedestrian": 0, "bicycle": 0, "density": 0.8, "year_range": "unknown"}}, {"type": "Feature", "geometry": {"type": "Point", "coordinates": [-85.821622, 38.138739]}, "properties": {"crashes": 1, "injury": 0, "fatal": 0, "pedestrian": 0, "bicycle": 0, "density": 0.2, "year_range": "unknown"}}, {"type": "Feature", "geometry": {"type": "Point", "coordinates": [-85.753153, 38.223423]}, "properties": {"crashes": 1, "injury": 0, "fatal": 0, "pedestrian": 0, "bicycle": 0, "density": 0.2, "year_range": "unknown"}}, {"type": "Feature", "geometry": {"type": "Point", "coordinates": [-85.587387, 38.210811]}, "properties": {"crashes": 3, "injury": 0, "fatal": 0, "pedestrian": 0, "bicycle": 0, "density": 0.8, "year_range": "unknown"}}, {"type": "Feature", "geometry": {"type": "Point", "coordinates": [-85.762162, 38.16036]}, "properties": {"crashes": 4, "injury": 0, "fatal": 0, "pedestrian": 0, "bicycle": 0, "density": 1.0, "year_range": "unknown"}}, {"type": "Feature", "geometry": {"type": "Point", "coordinates": [-85.542342, 38.299099]}, "properties": {"crashes": 5, "injury": 0, "fatal": 0, "pedestrian": 0, "bicycle": 0, "density": 1.2, "year_range": "unknown"}}, {"type": "Feature", "geometry": {"type": "Point", "coordinates": [-85.736937, 38.189189]}, "properties": {"crashes": 2, "injury": 0, "fatal": 0, "pedestrian": 0, "bicycle": 0, "density": 0.5, "year_range": "unknown"}}, {"type": "Feature", "geometry": {"type": "Point", "coordinates": [-85.614414, 38.163964]}, "properties": {"crashes": 3, "injury": 0, "fatal": 0, "pedestrian": 0, "bicycle": 0, "density": 0.8, "year_range": "unknown"}}, {"type": "Feature", "geometry": {"type": "Point", "coordinates": [-85.668468, 38.291892]}, "properties": {"crashes": 2, "injury": 0, "fatal": 0, "pedestrian": 0, "bicycle": 0, "density": 0.5, "year_range": "unknown"}}, {"type": "Feature", "geometry": {"type": "Point", "coordinates": [-85.679279, 38.21982]}, "properties": {"crashes": 5, "injury": 0, "fatal": 0, "pedestrian": 0, "bicycle": 0, "density": 1.2, "year_range": "unknown"}}, {"type": "Feature", "geometry": {"type": "Point", "coordinates": [-85.742342, 38.243243]}, "properties": {"crashes": 2, "injury": 0, "fatal": 0, "pedestrian": 0, "bicycle": 0, "density": 0.5, "year_range": "unknown"}}, {"type": "Feature", "geometry": {"type": "Point", "coordinates": [-85.751351, 38.227027]}, "properties": {"crashes": 5, "injury": 0, "fatal": 0, "pedestrian": 0, "bicycle": 0, "density": 1.2, "year_range": "unknown"}}, {"type": "Feature", "geometry": {"type": "Point", "coordinates": [-85.893694, 38.163964]}, "properties": {"crashes": 1, "injury": 0, "fatal": 0, "pedestrian": 0, "bicycle": 0, "density": 0.2, "year_range": "unknown"}}, {"type": "Feature", "geometry": {"type": "Point", "coordinates": [-85.628829, 38.181982]}, "properties": {"crashes": 4, "injury": 0, "fatal": 0, "pedestrian": 0, "bicycle": 0, "density": 1.0, "year_range": "unknown"}}, {"type": "Feature", "geometry": {"type": "Point", "coordinates": [-85.767568, 38.241441]}, "properties": {"crashes": 3, "injury": 0, "fatal": 0, "pedestrian": 0, "bicycle": 0, "density": 0.8, "year_range": "unknown"}}, {"type": "Feature", "geometry": {"type": "Point", "coordinates": [-85.612613, 38.254054]}, "properties": {"crashes": 2, "injury": 0, "fatal": 0, "pedestrian": 0, "bicycle": 0, "density": 0.5, "year_range": "unknown"}}, {"type": "Feature", "geometry": {"type": "Point", "coordinates": [-85.535135, 38.306306]}, "properties": {"crashes": 1, "injury": 0, "fatal": 0, "pedestrian": 0, "bicycle": 0, "density": 0.2, "year_range": "unknown"}}, {"type": "Feature", "geometry": {"type": "Point", "coordinates": [-85.763964, 38.214414]}, "properties": {"crashes": 4, "injury": 0, "fatal": 0, "pedestrian": 0, "bicycle": 0, "density": 1.0, "year_range": "unknown"}}, {"type": "Feature", "geometry": {"type": "Point", "coordinates": [-85.727928, 38.236036]}, "properties": {"crashes": 1, "injury": 0, "fatal": 0, "pedestrian": 0, "bicycle": 0, "density": 0.2, "year_range": "unknown"}}, {"type": "Feature", "geometry": {"type": "Point", "coordinates": [-85.745946, 38.201802]}, "properties": {"crashes": 1, "injury": 0, "fatal": 0, "pedestrian": 0, "bicycle": 0, "density": 0.2, "year_range": "unknown"}}, {"type": "Feature", "geometry": {"type": "Point", "coordinates": [-85.686486, 38.261261]}, "properties": {"crashes": 2, "injury": 0, "fatal": 0, "pedestrian": 0, "bicycle": 0, "density": 0.5, "year_range": "unknown"}}, {"type": "Feature", "geometry": {"type": "Point", "coordinates": [-85.636036, 38.228829]}, "properties": {"crashes": 3, "injury": 0, "fatal": 0, "pedestrian": 0, "bicycle": 0, "density": 0.8, "year_range": "unknown"}}, {"type": "Feature", "geometry": {"type": "Point", "coordinates": [-85.742342, 38.246847]}, "properties": {"crashes": 1, "injury": 0, "fatal": 0, "pedestrian": 0, "bicycle": 0, "density": 0.2, "year_range": "unknown"}}, {"type": "Feature", "geometry": {"type": "Point", "coordinates": [-85.720721, 38.169369]}, "properties": {"crashes": 7, "injury": 0, "fatal": 0, "pedestrian": 0, "bicycle": 0, "density": 1.8, "year_range": "unknown"}}, {"type": "Feature", "geometry": {"type": "Point", "coordinates": [-85.884685, 38.066667]}, "properties": {"crashes": 5, "injury": 0, "fatal": 0, "pedestrian": 0, "bicycle": 0, "density": 1.2, "year_range": "unknown"}}, {"type": "Feature", "geometry": {"type": "Point", "coordinates": [-85.695495, 38.275676]}, "properties": {"crashes": 1, "injury": 0, "fatal": 0, "pedestrian": 0, "bicycle": 0, "density": 0.2, "year_range": "unknown"}}, {"type": "Feature", "geometry": {"type": "Point", "coordinates": [-85.762162, 38.237838]}, "properties": {"crashes": 2, "injury": 0, "fatal": 0, "pedestrian": 0, "bicycle": 0, "density": 0.5, "year_range": "unknown"}}, {"type": "Feature", "geometry": {"type": "Point", "coordinates": [-85.751351, 38.225225]}, "properties": {"crashes": 6, "injury": 0, "fatal": 0, "pedestrian": 0, "bicycle": 0, "density": 1.5, "year_range": "unknown"}}, {"type": "Feature", "geometry": {"type": "Point", "coordinates": [-85.630631, 38.21982]}, "properties": {"crashes": 6, "injury": 0, "fatal": 0, "pedestrian": 0, "bicycle": 0, "density": 1.5, "year_range": "unknown"}}, {"type": "Feature", "geometry": {"type": "Point", "coordinates": [-85.627027, 38.181982]}, "properties": {"crashes": 6, "injury": 0, "fatal": 0, "pedestrian": 0, "bicycle": 0, "density": 1.5, "year_range": "unknown"}}, {"type": "Feature", "geometry": {"type": "Point", "coordinates": [-85.781982, 38.201802]}, "properties": {"crashes": 7, "injury": 0, "fatal": 0, "pedestrian": 0, "bicycle": 0, "density": 1.8, "year_range": "unknown"}}, {"type": "Feature", "geometry": {"type": "Point", "coordinates": [-85.776577, 38.227027]}, "properties": {"crashes": 4, "injury": 0, "fatal": 0, "pedestrian": 0, "bicycle": 0, "density": 1.0, "year_range": "unknown"}}, {"type": "Feature", "geometry": {"type": "Point", "coordinates": [-85.536937, 38.29009]}, "properties": {"crashes": 2, "injury": 0, "fatal": 0, "pedestrian": 0, "bicycle": 0, "density": 0.5, "year_range": "unknown"}}, {"type": "Feature", "geometry": {"type": "Point", "coordinates": [-85.789189, 38.27027]}, "properties": {"crashes": 2, "injury": 0, "fatal": 0, "pedestrian": 0, "bicycle": 0, "density": 0.5, "year_range": "unknown"}}, {"type": "Feature", "geometry": {"type": "Point", "coordinates": [-85.637838, 38.153153]}, "properties": {"crashes": 1, "injury": 0, "fatal": 0, "pedestrian": 0, "bicycle": 0, "density": 0.2, "year_range": "unknown"}}, {"type": "Feature", "geometry": {"type": "Point", "coordinates": [-85.83964, 38.167568]}, "properties": {"crashes": 1, "injury": 0, "fatal": 0, "pedestrian": 0, "bicycle": 0, "density": 0.2, "year_range": "unknown"}}, {"type": "Feature", "geometry": {"type": "Point", "coordinates": [-85.794595, 38.218018]}, "properties": {"crashes": 3, "injury": 0, "fatal": 0, "pedestrian": 0, "bicycle": 0, "density": 0.8, "year_range": "unknown"}}, {"type": "Feature", "geometry": {"type": "Point", "coordinates": [-85.818018, 38.266667]}, "properties": {"crashes": 2, "injury": 0, "fatal": 0, "pedestrian": 0, "bicycle": 0, "density": 0.5, "year_range": "unknown"}}, {"type": "Feature", "geometry": {"type": "Point", "coordinates": [-85.713514, 38.14955]}, "properties": {"crashes": 3, "injury": 0, "fatal": 0, "pedestrian": 0, "bicycle": 0, "density": 0.8, "year_range": "unknown"}}, {"type": "Feature", "geometry": {"type": "Point", "coordinates": [-85.708108, 38.198198]}, "properties": {"crashes": 2, "injury": 0, "fatal": 0, "pedestrian": 0, "bicycle": 0, "density": 0.5, "year_range": "unknown"}}, {"type": "Feature", "geometry": {"type": "Point", "coordinates": [-85.881081, 38.082883]}, "properties": {"crashes": 3, "injury": 0, "fatal": 0, "pedestrian": 0, "bicycle": 0, "density": 0.8, "year_range": "unknown"}}, {"type": "Feature", "geometry": {"type": "Point", "coordinates": [-85.556757, 38.228829]}, "properties": {"crashes": 1, "injury": 0, "fatal": 0, "pedestrian": 0, "bicycle": 0, "density": 0.2, "year_range": "unknown"}}, {"type": "Feature", "geometry": {"type": "Point", "coordinates": [-85.801802, 38.232432]}, "properties": {"crashes": 3, "injury": 0, "fatal": 0, "pedestrian": 0, "bicycle": 0, "density": 0.8, "year_range": "unknown"}}, {"type": "Feature", "geometry": {"type": "Point", "coordinates": [-85.881081, 38.16036]}, "properties": {"crashes": 5, "injury": 0, "fatal": 0, "pedestrian": 0, "bicycle": 0, "density": 1.2, "year_range": "unknown"}}, {"type": "Feature", "geometry": {"type": "Point", "coordinates": [-85.805405, 38.118919]}, "properties": {"crashes": 1, "injury": 0, "fatal": 0, "pedestrian": 0, "bicycle": 0, "density": 0.2, "year_range": "unknown"}}, {"type": "Feature", "geometry": {"type": "Point", "coordinates": [-85.628829, 38.282883]}, "properties": {"crashes": 3, "injury": 0, "fatal": 0, "pedestrian": 0, "bicycle": 0, "density": 0.8, "year_range": "unknown"}}, {"type": "Feature", "geometry": {"type": "Point", "coordinates": [-85.863063, 38.111712]}, "properties": {"crashes": 1, "injury": 0, "fatal": 0, "pedestrian": 0, "bicycle": 0, "density": 0.2, "year_range": "unknown"}}, {"type": "Feature", "geometry": {"type": "Point", "coordinates": [-85.679279, 38.263063]}, "properties": {"crashes": 3, "injury": 0, "fatal": 0, "pedestrian": 0, "bicycle": 0, "density": 0.8, "year_range": "unknown"}}, {"type": "Feature", "geometry": {"type": "Point", "coordinates": [-85.751351, 38.192793]}, "properties": {"crashes": 5, "injury": 0, "fatal": 0, "pedestrian": 0, "bicycle": 0, "density": 1.2, "year_range": "unknown"}}, {"type": "Feature", "geometry": {"type": "Point", "coordinates": [-85.767568, 38.189189]}, "properties": {"crashes": 4, "injury": 0, "fatal": 0, "pedestrian": 0, "bicycle": 0, "density": 1.0, "year_range": "unknown"}}, {"type": "Feature", "geometry": {"type": "Point", "coordinates": [-85.893694, 38.095495]}, "properties": {"crashes": 3, "injury": 0, "fatal": 0, "pedestrian": 0, "bicycle": 0, "density": 0.8, "year_range": "unknown"}}, {"type": "Feature", "geometry": {"type": "Point", "coordinates": [-85.598198, 38.218018]}, "properties": {"crashes": 2, "injury": 0, "fatal": 0, "pedestrian": 0, "bicycle": 0, "density": 0.5, "year_range": "unknown"}}, {"type": "Feature", "geometry": {"type": "Point", "coordinates": [-85.758559, 38.234234]}, "properties": {"crashes": 3, "injury": 0, "fatal": 0, "pedestrian": 0, "bicycle": 0, "density": 0.8, "year_range": "unknown"}}, {"type": "Feature", "geometry": {"type": "Point", "coordinates": [-85.63964, 38.259459]}, "properties": {"crashes": 1, "injury": 0, "fatal": 0, "pedestrian": 0, "bicycle": 0, "density": 0.2, "year_range": "unknown"}}, {"type": "Feature", "geometry": {"type": "Point", "coordinates": [-85.85045, 38.189189]}, "properties": {"crashes": 4, "injury": 0, "fatal": 0, "pedestrian": 0, "bicycle": 0, "density": 1.0, "year_range": "unknown"}}, {"type": "Feature", "geometry": {"type": "Point", "coordinates": [-85.738739, 38.192793]}, "properties": {"crashes": 1, "injury": 0, "fatal": 0, "pedestrian": 0, "bicycle": 0, "density": 0.2, "year_range": "unknown"}}, {"type": "Feature", "geometry": {"type": "Point", "coordinates": [-85.684685, 38.171171]}, "properties": {"crashes": 8, "injury": 0, "fatal": 0, "pedestrian": 0, "bicycle": 0, "density": 2.0, "year_range": "unknown"}}, {"type": "Feature", "geometry": {"type": "Point", "coordinates": [-85.753153, 38.209009]}, "properties": {"crashes": 3, "injury": 0, "fatal": 0, "pedestrian": 0, "bicycle": 0, "density": 0.8, "year_range": "unknown"}}, {"type": "Feature", "geometry": {"type": "Point", "coordinates": [-85.610811, 38.21982]}, "properties": {"crashes": 2, "injury": 0, "fatal": 0, "pedestrian": 0, "bicycle": 0, "density": 0.5, "year_range": "unknown"}}, {"type": "Feature", "geometry": {"type": "Point", "coordinates": [-85.848649, 38.12973]}, "properties": {"crashes": 4, "injury": 0, "fatal": 0, "pedestrian": 0, "bicycle": 0, "density": 1.0, "year_range": "unknown"}}, {"type": "Feature", "geometry": {"type": "Point", "coordinates": [-85.8, 38.194595]}, "properties": {"crashes": 5, "injury": 0, "fatal": 0, "pedestrian": 0, "bicycle": 0, "density": 1.2, "year_range": "unknown"}}, {"type": "Feature", "geometry": {"type": "Point", "coordinates": [-85.731532, 38.198198]}, "properties": {"crashes": 7, "injury": 0, "fatal": 0, "pedestrian": 0, "bicycle": 0, "density": 1.8, "year_range": "unknown"}}, {"type": "Feature", "geometry": {"type": "Point", "coordinates": [-85.834234, 38.156757]}, "properties": {"crashes": 8, "injury": 0, "fatal": 0, "pedestrian": 0, "bicycle": 0, "density": 2.0, "year_range": "unknown"}}, {"type": "Feature", "geometry": {"type": "Point", "coordinates": [-85.614414, 38.234234]}, "properties": {"crashes": 7, "injury": 0, "fatal": 0, "pedestrian": 0, "bicycle": 0, "density": 1.8, "year_range": "unknown"}}, {"type": "Feature", "geometry": {"type": "Point", "coordinates": [-85.722523, 38.237838]}, "properties": {"crashes": 1, "injury": 0, "fatal": 0, "pedestrian": 0, "bicycle": 0, "density": 0.2, "year_range": "unknown"}}, {"type": "Feature", "geometry": {"type": "Point", "coordinates": [-85.724324, 38.185586]}, "properties": {"crashes": 10, "injury": 0, "fatal": 0, "pedestrian": 0, "bicycle": 0, "density": 2.5, "year_range": "unknown"}}, {"type": "Feature", "geometry": {"type": "Point", "coordinates": [-85.717117, 38.178378]}, "properties": {"crashes": 5, "injury": 0, "fatal": 0, "pedestrian": 0, "bicycle": 0, "density": 1.2, "year_range": "unknown"}}, {"type": "Feature", "geometry": {"type": "Point", "coordinates": [-85.774775, 38.144144]}, "properties": {"crashes": 6, "injury": 0, "fatal": 0, "pedestrian": 0, "bicycle": 0, "density": 1.5, "year_range": "unknown"}}, {"type": "Feature", "geometry": {"type": "Point", "coordinates": [-85.745946, 38.252252]}, "properties": {"crashes": 5, "injury": 0, "fatal": 0, "pedestrian": 0, "bicycle": 0, "density": 1.2, "year_range": "unknown"}}, {"type": "Feature", "geometry": {"type": "Point", "coordinates": [-85.830631, 38.241441]}, "properties": {"crashes": 2, "injury": 0, "fatal": 0, "pedestrian": 0, "bicycle": 0, "density": 0.5, "year_range": "unknown"}}, {"type": "Feature", "geometry": {"type": "Point", "coordinates": [-85.809009, 38.190991]}, "properties": {"crashes": 6, "injury": 0, "fatal": 0, "pedestrian": 0, "bicycle": 0, "density": 1.5, "year_range": "unknown"}}, {"type": "Feature", "geometry": {"type": "Point", "coordinates": [-85.807207, 38.245045]}, "properties": {"crashes": 1, "injury": 0, "fatal": 0, "pedestrian": 0, "bicycle": 0, "density": 0.2, "year_range": "unknown"}}, {"type": "Feature", "geometry": {"type": "Point", "coordinates": [-85.879279, 38.172973]}, "properties": {"crashes": 1, "injury": 0, "fatal": 0, "pedestrian": 0, "bicycle": 0, "density": 0.2, "year_range": "unknown"}}, {"type": "Feature", "geometry": {"type": "Point", "coordinates": [-85.790991, 38.203604]}, "properties": {"crashes": 6, "injury": 0, "fatal": 0, "pedestrian": 0, "bicycle": 0, "density": 1.5, "year_range": "unknown"}}, {"type": "Feature", "geometry": {"type": "Point", "coordinates": [-85.789189, 38.205405]}, "properties": {"crashes": 2, "injury": 0, "fatal": 0, "pedestrian": 0, "bicycle": 0, "density": 0.5, "year_range": "unknown"}}, {"type": "Feature", "geometry": {"type": "Point", "coordinates": [-85.843243, 38.194595]}, "properties": {"crashes": 14, "injury": 0, "fatal": 0, "pedestrian": 0, "bicycle": 0, "density": 3.5, "year_range": "unknown"}}, {"type": "Feature", "geometry": {"type": "Point", "coordinates": [-85.803604, 38.154955]}, "properties": {"crashes": 2, "injury": 0, "fatal": 0, "pedestrian": 0, "bicycle": 0, "density": 0.5, "year_range": "unknown"}}, {"type": "Feature", "geometry": {"type": "Point", "coordinates": [-85.882883, 38.145946]}, "properties": {"crashes": 1, "injury": 0, "fatal": 0, "pedestrian": 0, "bicycle": 0, "density": 0.2, "year_range": "unknown"}}, {"type": "Feature", "geometry": {"type": "Point", "coordinates": [-85.76036, 38.174775]}, "properties": {"crashes": 3, "injury": 0, "fatal": 0, "pedestrian": 0, "bicycle": 0, "density": 0.8, "year_range": "unknown"}}, {"type": "Feature", "geometry": {"type": "Point", "coordinates": [-85.753153, 38.254054]}, "properties": {"crashes": 9, "injury": 0, "fatal": 0, "pedestrian": 0, "bicycle": 0, "density": 2.2, "year_range": "unknown"}}, {"type": "Feature", "geometry": {"type": "Point", "coordinates": [-85.807207, 38.237838]}, "properties": {"crashes": 5, "injury": 0, "fatal": 0, "pedestrian": 0, "bicycle": 0, "density": 1.2, "year_range": "unknown"}}, {"type": "Feature", "geometry": {"type": "Point", "coordinates": [-85.765766, 38.192793]}, "properties": {"crashes": 3, "injury": 0, "fatal": 0, "pedestrian": 0, "bicycle": 0, "density": 0.8, "year_range": "unknown"}}, {"type": "Feature", "geometry": {"type": "Point", "coordinates": [-85.841441, 38.138739]}, "properties": {"crashes": 4, "injury": 0, "fatal": 0, "pedestrian": 0, "bicycle": 0, "density": 1.0, "year_range": "unknown"}}, {"type": "Feature", "geometry": {"type": "Point", "coordinates": [-85.812613, 38.142342]}, "properties": {"crashes": 1, "injury": 0, "fatal": 0, "pedestrian": 0, "bicycle": 0, "density": 0.2, "year_range": "unknown"}}, {"type": "Feature", "geometry": {"type": "Point", "coordinates": [-85.614414, 38.124324]}, "properties": {"crashes": 2, "injury": 0, "fatal": 0, "pedestrian": 0, "bicycle": 0, "density": 0.5, "year_range": "unknown"}}, {"type": "Feature", "geometry": {"type": "Point", "coordinates": [-85.736937, 38.12973]}, "properties": {"crashes": 7, "injury": 0, "fatal": 0, "pedestrian": 0, "bicycle": 0, "density": 1.8, "year_range": "unknown"}}, {"type": "Feature", "geometry": {"type": "Point", "coordinates": [-85.81982, 38.185586]}, "properties": {"crashes": 2, "injury": 0, "fatal": 0, "pedestrian": 0, "bicycle": 0, "density": 0.5, "year_range": "unknown"}}, {"type": "Feature", "geometry": {"type": "Point", "coordinates": [-85.609009, 38.248649]}, "properties": {"crashes": 2, "injury": 0, "fatal": 0, "pedestrian": 0, "bicycle": 0, "density": 0.5, "year_range": "unknown"}}, {"type": "Feature", "geometry": {"type": "Point", "coordinates": [-85.74955, 38.189189]}, "properties": {"crashes": 3, "injury": 0, "fatal": 0, "pedestrian": 0, "bicycle": 0, "density": 0.8, "year_range": "unknown"}}, {"type": "Feature", "geometry": {"type": "Point", "coordinates": [-85.866667, 38.171171]}, "properties": {"crashes": 4, "injury": 0, "fatal": 0, "pedestrian": 0, "bicycle": 0, "density": 1.0, "year_range": "unknown"}}, {"type": "Feature", "geometry": {"type": "Point", "coordinates": [-85.879279, 38.165766]}, "properties": {"crashes": 5, "injury": 0, "fatal": 0, "pedestrian": 0, "bicycle": 0, "density": 1.2, "year_range": "unknown"}}, {"type": "Feature", "geometry": {"type": "Point", "coordinates": [-85.83964, 38.198198]}, "properties": {"crashes": 3, "injury": 0, "fatal": 0, "pedestrian": 0, "bicycle": 0, "density": 0.8, "year_range": "unknown"}}, {"type": "Feature", "geometry": {"type": "Point", "coordinates": [-85.506306, 38.221622]}, "properties": {"crashes": 2, "injury": 0, "fatal": 0, "pedestrian": 0, "bicycle": 0, "density": 0.5, "year_range": "unknown"}}, {"type": "Feature", "geometry": {"type": "Point", "coordinates": [-85.828829, 38.167568]}, "properties": {"crashes": 3, "injury": 0, "fatal": 0, "pedestrian": 0, "bicycle": 0, "density": 0.8, "year_range": "unknown"}}, {"type": "Feature", "geometry": {"type": "Point", "coordinates": [-85.67027, 38.099099]}, "properties": {"crashes": 2, "injury": 0, "fatal": 0, "pedestrian": 0, "bicycle": 0, "density": 0.5, "year_range": "unknown"}}, {"type": "Feature", "geometry": {"type": "Point", "coordinates": [-85.807207, 38.108108]}, "properties": {"crashes": 1, "injury": 0, "fatal": 0, "pedestrian": 0, "bicycle": 0, "density": 0.2, "year_range": "unknown"}}, {"type": "Feature", "geometry": {"type": "Point", "coordinates": [-85.702703, 38.117117]}, "properties": {"crashes": 3, "injury": 0, "fatal": 0, "pedestrian": 0, "bicycle": 0, "density": 0.8, "year_range": "unknown"}}, {"type": "Feature", "geometry": {"type": "Point", "coordinates": [-85.792793, 38.268468]}, "properties": {"crashes": 1, "injury": 0, "fatal": 0, "pedestrian": 0, "bicycle": 0, "density": 0.2, "year_range": "unknown"}}, {"type": "Feature", "geometry": {"type": "Point", "coordinates": [-85.78018, 38.259459]}, "properties": {"crashes": 2, "injury": 0, "fatal": 0, "pedestrian": 0, "bicycle": 0, "density": 0.5, "year_range": "unknown"}}, {"type": "Feature", "geometry": {"type": "Point", "coordinates": [-85.536937, 38.223423]}, "properties": {"crashes": 5, "injury": 0, "fatal": 0, "pedestrian": 0, "bicycle": 0, "density": 1.2, "year_range": "unknown"}}, {"type": "Feature", "geometry": {"type": "Point", "coordinates": [-85.482883, 38.203604]}, "properties": {"crashes": 1, "injury": 0, "fatal": 0, "pedestrian": 0, "bicycle": 0, "density": 0.2, "year_range": "unknown"}}, {"type": "Feature", "geometry": {"type": "Point", "coordinates": [-85.699099, 38.277477]}, "properties": {"crashes": 3, "injury": 0, "fatal": 0, "pedestrian": 0, "bicycle": 0, "density": 0.8, "year_range": "unknown"}}, {"type": "Feature", "geometry": {"type": "Point", "coordinates": [-85.623423, 38.297297]}, "properties": {"crashes": 1, "injury": 0, "fatal": 0, "pedestrian": 0, "bicycle": 0, "density": 0.2, "year_range": "unknown"}}, {"type": "Feature", "geometry": {"type": "Point", "coordinates": [-85.877477, 38.167568]}, "properties": {"crashes": 3, "injury": 0, "fatal": 0, "pedestrian": 0, "bicycle": 0, "density": 0.8, "year_range": "unknown"}}, {"type": "Feature", "geometry": {"type": "Point", "coordinates": [-85.792793, 38.162162]}, "properties": {"crashes": 1, "injury": 0, "fatal": 0, "pedestrian": 0, "bicycle": 0, "density": 0.2, "year_range": "unknown"}}, {"type": "Feature", "geometry": {"type": "Point", "coordinates": [-85.783784, 38.126126]}, "properties": {"crashes": 1, "injury": 0, "fatal": 0, "pedestrian": 0, "bicycle": 0, "density": 0.2, "year_range": "unknown"}}, {"type": "Feature", "geometry": {"type": "Point", "coordinates": [-85.603604, 38.12973]}, "properties": {"crashes": 1, "injury": 0, "fatal": 0, "pedestrian": 0, "bicycle": 0, "density": 0.2, "year_range": "unknown"}}, {"type": "Feature", "geometry": {"type": "Point", "coordinates": [-85.778378, 38.158559]}, "properties": {"crashes": 3, "injury": 0, "fatal": 0, "pedestrian": 0, "bicycle": 0, "density": 0.8, "year_range": "unknown"}}, {"type": "Feature", "geometry": {"type": "Point", "coordinates": [-85.801802, 38.154955]}, "properties": {"crashes": 2, "injury": 0, "fatal": 0, "pedestrian": 0, "bicycle": 0, "density": 0.5, "year_range": "unknown"}}, {"type": "Feature", "geometry": {"type": "Point", "coordinates": [-85.511712, 38.223423]}, "properties": {"crashes": 4, "injury": 0, "fatal": 0, "pedestrian": 0, "bicycle": 0, "density": 1.0, "year_range": "unknown"}}, {"type": "Feature", "geometry": {"type": "Point", "coordinates": [-85.751351, 38.099099]}, "properties": {"crashes": 3, "injury": 0, "fatal": 0, "pedestrian": 0, "bicycle": 0, "density": 0.8, "year_range": "unknown"}}, {"type": "Feature", "geometry": {"type": "Point", "coordinates": [-85.753153, 38.245045]}, "properties": {"crashes": 7, "injury": 0, "fatal": 0, "pedestrian": 0, "bicycle": 0, "density": 1.8, "year_range": "unknown"}}, {"type": "Feature", "geometry": {"type": "Point", "coordinates": [-85.747748, 38.252252]}, "properties": {"crashes": 3, "injury": 0, "fatal": 0, "pedestrian": 0, "bicycle": 0, "density": 0.8, "year_range": "unknown"}}, {"type": "Feature", "geometry": {"type": "Point", "coordinates": [-85.807207, 38.25045]}, "properties": {"crashes": 7, "injury": 0, "fatal": 0, "pedestrian": 0, "bicycle": 0, "density": 1.8, "year_range": "unknown"}}, {"type": "Feature", "geometry": {"type": "Point", "coordinates": [-85.574775, 38.126126]}, "properties": {"crashes": 3, "injury": 0, "fatal": 0, "pedestrian": 0, "bicycle": 0, "density": 0.8, "year_range": "unknown"}}, {"type": "Feature", "geometry": {"type": "Point", "coordinates": [-85.565766, 38.194595]}, "properties": {"crashes": 2, "injury": 0, "fatal": 0, "pedestrian": 0, "bicycle": 0, "density": 0.5, "year_range": "unknown"}}, {"type": "Feature", "geometry": {"type": "Point", "coordinates": [-85.895495, 38.117117]}, "properties": {"crashes": 11, "injury": 0, "fatal": 0, "pedestrian": 0, "bicycle": 0, "density": 2.8, "year_range": "unknown"}}, {"type": "Feature", "geometry": {"type": "Point", "coordinates": [-85.672072, 38.138739]}, "properties": {"crashes": 1, "injury": 0, "fatal": 0, "pedestrian": 0, "bicycle": 0, "density": 0.2, "year_range": "unknown"}}, {"type": "Feature", "geometry": {"type": "Point", "coordinates": [-85.798198, 38.16036]}, "properties": {"crashes": 3, "injury": 0, "fatal": 0, "pedestrian": 0, "bicycle": 0, "density": 0.8, "year_range": "unknown"}}, {"type": "Feature", "geometry": {"type": "Point", "coordinates": [-85.888288, 38.138739]}, "properties": {"crashes": 7, "injury": 0, "fatal": 0, "pedestrian": 0, "bicycle": 0, "density": 1.8, "year_range": "unknown"}}, {"type": "Feature", "geometry": {"type": "Point", "coordinates": [-85.758559, 38.189189]}, "properties": {"crashes": 1, "injury": 0, "fatal": 0, "pedestrian": 0, "bicycle": 0, "density": 0.2, "year_range": "unknown"}}, {"type": "Feature", "geometry": {"type": "Point", "coordinates": [-85.8, 38.205405]}, "properties": {"crashes": 10, "injury": 0, "fatal": 0, "pedestrian": 0, "bicycle": 0, "density": 2.5, "year_range": "unknown"}}, {"type": "Feature", "geometry": {"type": "Point", "coordinates": [-85.614414, 38.127928]}, "properties": {"crashes": 1, "injury": 0, "fatal": 0, "pedestrian": 0, "bicycle": 0, "density": 0.2, "year_range": "unknown"}}, {"type": "Feature", "geometry": {"type": "Point", "coordinates": [-85.843243, 38.136937]}, "properties": {"crashes": 5, "injury": 0, "fatal": 0, "pedestrian": 0, "bicycle": 0, "density": 1.2, "year_range": "unknown"}}, {"type": "Feature", "geometry": {"type": "Point", "coordinates": [-85.569369, 38.198198]}, "properties": {"crashes": 1, "injury": 0, "fatal": 0, "pedestrian": 0, "bicycle": 0, "density": 0.2, "year_range": "unknown"}}, {"type": "Feature", "geometry": {"type": "Point", "coordinates": [-85.717117, 38.190991]}, "properties": {"crashes": 3, "injury": 0, "fatal": 0, "pedestrian": 0, "bicycle": 0, "density": 0.8, "year_range": "unknown"}}, {"type": "Feature", "geometry": {"type": "Point", "coordinates": [-85.837838, 38.145946]}, "properties": {"crashes": 5, "injury": 0, "fatal": 0, "pedestrian": 0, "bicycle": 0, "density": 1.2, "year_range": "unknown"}}, {"type": "Feature", "geometry": {"type": "Point", "coordinates": [-85.481081, 38.221622]}, "properties": {"crashes": 1, "injury": 0, "fatal": 0, "pedestrian": 0, "bicycle": 0, "density": 0.2, "year_range": "unknown"}}, {"type": "Feature", "geometry": {"type": "Point", "coordinates": [-85.740541, 38.212613]}, "properties": {"crashes": 4, "injury": 0, "fatal": 0, "pedestrian": 0, "bicycle": 0, "density": 1.0, "year_range": "unknown"}}, {"type": "Feature", "geometry": {"type": "Point", "coordinates": [-85.781982, 38.118919]}, "properties": {"crashes": 3, "injury": 0, "fatal": 0, "pedestrian": 0, "bicycle": 0, "density": 0.8, "year_range": "unknown"}}, {"type": "Feature", "geometry": {"type": "Point", "coordinates": [-85.637838, 38.185586]}, "properties": {"crashes": 6, "injury": 0, "fatal": 0, "pedestrian": 0, "bicycle": 0, "density": 1.5, "year_range": "unknown"}}, {"type": "Feature", "geometry": {"type": "Point", "coordinates": [-85.544144, 38.245045]}, "properties": {"crashes": 4, "injury": 0, "fatal": 0, "pedestrian": 0, "bicycle": 0, "density": 1.0, "year_range": "unknown"}}, {"type": "Feature", "geometry": {"type": "Point", "coordinates": [-85.771171, 38.171171]}, "properties": {"crashes": 2, "injury": 0, "fatal": 0, "pedestrian": 0, "bicycle": 0, "density": 0.5, "year_range": "unknown"}}, {"type": "Feature", "geometry": {"type": "Point", "coordinates": [-85.751351, 38.205405]}, "properties": {"crashes": 3, "injury": 0, "fatal": 0, "pedestrian": 0, "bicycle": 0, "density": 0.8, "year_range": "unknown"}}, {"type": "Feature", "geometry": {"type": "Point", "coordinates": [-85.713514, 38.136937]}, "properties": {"crashes": 8, "injury": 0, "fatal": 0, "pedestrian": 0, "bicycle": 0, "density": 2.0, "year_range": "unknown"}}, {"type": "Feature", "geometry": {"type": "Point", "coordinates": [-85.751351, 38.263063]}, "properties": {"crashes": 8, "injury": 0, "fatal": 0, "pedestrian": 0, "bicycle": 0, "density": 2.0, "year_range": "unknown"}}, {"type": "Feature", "geometry": {"type": "Point", "coordinates": [-85.682883, 38.131532]}, "properties": {"crashes": 1, "injury": 0, "fatal": 0, "pedestrian": 0, "bicycle": 0, "density": 0.2, "year_range": "unknown"}}, {"type": "Feature", "geometry": {"type": "Point", "coordinates": [-85.783784, 38.183784]}, "properties": {"crashes": 8, "injury": 0, "fatal": 0, "pedestrian": 0, "bicycle": 0, "density": 2.0, "year_range": "unknown"}}, {"type": "Feature", "geometry": {"type": "Point", "coordinates": [-85.789189, 38.248649]}, "properties": {"crashes": 8, "injury": 0, "fatal": 0, "pedestrian": 0, "bicycle": 0, "density": 2.0, "year_range": "unknown"}}, {"type": "Feature", "geometry": {"type": "Point", "coordinates": [-85.675676, 38.113514]}, "properties": {"crashes": 7, "injury": 0, "fatal": 0, "pedestrian": 0, "bicycle": 0, "density": 1.8, "year_range": "unknown"}}, {"type": "Feature", "geometry": {"type": "Point", "coordinates": [-85.700901, 38.190991]}, "properties": {"crashes": 1, "injury": 0, "fatal": 0, "pedestrian": 0, "bicycle": 0, "density": 0.2, "year_range": "unknown"}}, {"type": "Feature", "geometry": {"type": "Point", "coordinates": [-85.717117, 38.252252]}, "properties": {"crashes": 5, "injury": 0, "fatal": 0, "pedestrian": 0, "bicycle": 0, "density": 1.2, "year_range": "unknown"}}, {"type": "Feature", "geometry": {"type": "Point", "coordinates": [-85.661261, 38.216216]}, "properties": {"crashes": 4, "injury": 0, "fatal": 0, "pedestrian": 0, "bicycle": 0, "density": 1.0, "year_range": "unknown"}}, {"type": "Feature", "geometry": {"type": "Point", "coordinates": [-85.787387, 38.243243]}, "properties": {"crashes": 4, "injury": 0, "fatal": 0, "pedestrian": 0, "bicycle": 0, "density": 1.0, "year_range": "unknown"}}, {"type": "Feature", "geometry": {"type": "Point", "coordinates": [-85.774775, 38.189189]}, "properties": {"crashes": 2, "injury": 0, "fatal": 0, "pedestrian": 0, "bicycle": 0, "density": 0.5, "year_range": "unknown"}}, {"type": "Feature", "geometry": {"type": "Point", "coordinates": [-85.742342, 38.257658]}, "properties": {"crashes": 2, "injury": 0, "fatal": 0, "pedestrian": 0, "bicycle": 0, "density": 0.5, "year_range": "unknown"}}, {"type": "Feature", "geometry": {"type": "Point", "coordinates": [-85.855856, 38.183784]}, "properties": {"crashes": 13, "injury": 0, "fatal": 0, "pedestrian": 0, "bicycle": 0, "density": 3.2, "year_range": "unknown"}}, {"type": "Feature", "geometry": {"type": "Point", "coordinates": [-85.538739, 38.216216]}, "properties": {"crashes": 2, "injury": 0, "fatal": 0, "pedestrian": 0, "bicycle": 0, "density": 0.5, "year_range": "unknown"}}, {"type": "Feature", "geometry": {"type": "Point", "coordinates": [-85.783784, 38.18018]}, "properties": {"crashes": 10, "injury": 0, "fatal": 0, "pedestrian": 0, "bicycle": 0, "density": 2.5, "year_range": "unknown"}}, {"type": "Feature", "geometry": {"type": "Point", "coordinates": [-85.673874, 38.214414]}, "properties": {"crashes": 4, "injury": 0, "fatal": 0, "pedestrian": 0, "bicycle": 0, "density": 1.0, "year_range": "unknown"}}, {"type": "Feature", "geometry": {"type": "Point", "coordinates": [-85.726126, 38.185586]}, "properties": {"crashes": 4, "injury": 0, "fatal": 0, "pedestrian": 0, "bicycle": 0, "density": 1.0, "year_range": "unknown"}}, {"type": "Feature", "geometry": {"type": "Point", "coordinates": [-85.763964, 38.174775]}, "properties": {"crashes": 2, "injury": 0, "fatal": 0, "pedestrian": 0, "bicycle": 0, "density": 0.5, "year_range": "unknown"}}, {"type": "Feature", "geometry": {"type": "Point", "coordinates": [-85.753153, 38.23964]}, "properties": {"crashes": 2, "injury": 0, "fatal": 0, "pedestrian": 0, "bicycle": 0, "density": 0.5, "year_range": "unknown"}}, {"type": "Feature", "geometry": {"type": "Point", "coordinates": [-85.790991, 38.131532]}, "properties": {"crashes": 4, "injury": 0, "fatal": 0, "pedestrian": 0, "bicycle": 0, "density": 1.0, "year_range": "unknown"}}, {"type": "Feature", "geometry": {"type": "Point", "coordinates": [-85.792793, 38.248649]}, "properties": {"crashes": 1, "injury": 0, "fatal": 0, "pedestrian": 0, "bicycle": 0, "density": 0.2, "year_range": "unknown"}}, {"type": "Feature", "geometry": {"type": "Point", "coordinates": [-85.81982, 38.25045]}, "properties": {"crashes": 3, "injury": 0, "fatal": 0, "pedestrian": 0, "bicycle": 0, "density": 0.8, "year_range": "unknown"}}, {"type": "Feature", "geometry": {"type": "Point", "coordinates": [-85.693694, 38.225225]}, "properties": {"crashes": 5, "injury": 0, "fatal": 0, "pedestrian": 0, "bicycle": 0, "density": 1.2, "year_range": "unknown"}}, {"type": "Feature", "geometry": {"type": "Point", "coordinates": [-85.726126, 38.187387]}, "properties": {"crashes": 3, "injury": 0, "fatal": 0, "pedestrian": 0, "bicycle": 0, "density": 0.8, "year_range": "unknown"}}, {"type": "Feature", "geometry": {"type": "Point", "coordinates": [-85.735135, 38.245045]}, "properties": {"crashes": 1, "injury": 0, "fatal": 0, "pedestrian": 0, "bicycle": 0, "density": 0.2, "year_range": "unknown"}}, {"type": "Feature", "geometry": {"type": "Point", "coordinates": [-85.702703, 38.257658]}, "properties": {"crashes": 2, "injury": 0, "fatal": 0, "pedestrian": 0, "bicycle": 0, "density": 0.5, "year_range": "unknown"}}, {"type": "Feature", "geometry": {"type": "Point", "coordinates": [-85.794595, 38.248649]}, "properties": {"crashes": 4, "injury": 0, "fatal": 0, "pedestrian": 0, "bicycle": 0, "density": 1.0, "year_range": "unknown"}}, {"type": "Feature", "geometry": {"type": "Point", "coordinates": [-85.744144, 38.216216]}, "properties": {"crashes": 1, "injury": 0, "fatal": 0, "pedestrian": 0, "bicycle": 0, "density": 0.2, "year_range": "unknown"}}, {"type": "Feature", "geometry": {"type": "Point", "coordinates": [-85.884685, 38.154955]}, "properties": {"crashes": 1, "injury": 0, "fatal": 0, "pedestrian": 0, "bicycle": 0, "density": 0.2, "year_range": "unknown"}}, {"type": "Feature", "geometry": {"type": "Point", "coordinates": [-85.720721, 38.255856]}, "properties": {"crashes": 2, "injury": 0, "fatal": 0, "pedestrian": 0, "bicycle": 0, "density": 0.5, "year_range": "unknown"}}, {"type": "Feature", "geometry": {"type": "Point", "coordinates": [-85.717117, 38.127928]}, "properties": {"crashes": 1, "injury": 0, "fatal": 0, "pedestrian": 0, "bicycle": 0, "density": 0.2, "year_range": "unknown"}}, {"type": "Feature", "geometry": {"type": "Point", "coordinates": [-85.825225, 38.185586]}, "properties": {"crashes": 2, "injury": 0, "fatal": 0, "pedestrian": 0, "bicycle": 0, "density": 0.5, "year_range": "unknown"}}, {"type": "Feature", "geometry": {"type": "Point", "coordinates": [-85.623423, 38.331532]}, "properties": {"crashes": 3, "injury": 0, "fatal": 0, "pedestrian": 0, "bicycle": 0, "density": 0.8, "year_range": "unknown"}}, {"type": "Feature", "geometry": {"type": "Point", "coordinates": [-85.682883, 38.284685]}, "properties": {"crashes": 1, "injury": 0, "fatal": 0, "pedestrian": 0, "bicycle": 0, "density": 0.2, "year_range": "unknown"}}, {"type": "Feature", "geometry": {"type": "Point", "coordinates": [-85.634234, 38.234234]}, "properties": {"crashes": 2, "injury": 0, "fatal": 0, "pedestrian": 0, "bicycle": 0, "density": 0.5, "year_range": "unknown"}}, {"type": "Feature", "geometry": {"type": "Point", "coordinates": [-85.578378, 38.225225]}, "properties": {"crashes": 6, "injury": 0, "fatal": 0, "pedestrian": 0, "bicycle": 0, "density": 1.5, "year_range": "unknown"}}, {"type": "Feature", "geometry": {"type": "Point", "coordinates": [-85.751351, 38.255856]}, "properties": {"crashes": 5, "injury": 0, "fatal": 0, "pedestrian": 0, "bicycle": 0, "density": 1.2, "year_range": "unknown"}}, {"type": "Feature", "geometry": {"type": "Point", "coordinates": [-85.794595, 38.241441]}, "properties": {"crashes": 1, "injury": 0, "fatal": 0, "pedestrian": 0, "bicycle": 0, "density": 0.2, "year_range": "unknown"}}, {"type": "Feature", "geometry": {"type": "Point", "coordinates": [-85.758559, 38.236036]}, "properties": {"crashes": 1, "injury": 0, "fatal": 0, "pedestrian": 0, "bicycle": 0, "density": 0.2, "year_range": "unknown"}}, {"type": "Feature", "geometry": {"type": "Point", "coordinates": [-85.713514, 38.192793]}, "properties": {"crashes": 3, "injury": 0, "fatal": 0, "pedestrian": 0, "bicycle": 0, "density": 0.8, "year_range": "unknown"}}, {"type": "Feature", "geometry": {"type": "Point", "coordinates": [-85.736937, 38.261261]}, "properties": {"crashes": 3, "injury": 0, "fatal": 0, "pedestrian": 0, "bicycle": 0, "density": 0.8, "year_range": "unknown"}}, {"type": "Feature", "geometry": {"type": "Point", "coordinates": [-85.695495, 38.223423]}, "properties": {"crashes": 2, "injury": 0, "fatal": 0, "pedestrian": 0, "bicycle": 0, "density": 0.5, "year_range": "unknown"}}, {"type": "Feature", "geometry": {"type": "Point", "coordinates": [-85.758559, 38.232432]}, "properties": {"crashes": 2, "injury": 0, "fatal": 0, "pedestrian": 0, "bicycle": 0, "density": 0.5, "year_range": "unknown"}}, {"type": "Feature", "geometry": {"type": "Point", "coordinates": [-85.632432, 38.136937]}, "properties": {"crashes": 1, "injury": 0, "fatal": 0, "pedestrian": 0, "bicycle": 0, "density": 0.2, "year_range": "unknown"}}, {"type": "Feature", "geometry": {"type": "Point", "coordinates": [-85.594595, 38.136937]}, "properties": {"crashes": 1, "injury": 0, "fatal": 0, "pedestrian": 0, "bicycle": 0, "density": 0.2, "year_range": "unknown"}}, {"type": "Feature", "geometry": {"type": "Point", "coordinates": [-85.83964, 38.142342]}, "properties": {"crashes": 3, "injury": 0, "fatal": 0, "pedestrian": 0, "bicycle": 0, "density": 0.8, "year_range": "unknown"}}, {"type": "Feature", "geometry": {"type": "Point", "coordinates": [-85.641441, 38.259459]}, "properties": {"crashes": 3, "injury": 0, "fatal": 0, "pedestrian": 0, "bicycle": 0, "density": 0.8, "year_range": "unknown"}}, {"type": "Feature", "geometry": {"type": "Point", "coordinates": [-85.661261, 38.198198]}, "properties": {"crashes": 7, "injury": 0, "fatal": 0, "pedestrian": 0, "bicycle": 0, "density": 1.8, "year_range": "unknown"}}, {"type": "Feature", "geometry": {"type": "Point", "coordinates": [-85.792793, 38.165766]}, "properties": {"crashes": 2, "injury": 0, "fatal": 0, "pedestrian": 0, "bicycle": 0, "density": 0.5, "year_range": "unknown"}}, {"type": "Feature", "geometry": {"type": "Point", "coordinates": [-85.832432, 38.095495]}, "properties": {"crashes": 4, "injury": 0, "fatal": 0, "pedestrian": 0, "bicycle": 0, "density": 1.0, "year_range": "unknown"}}, {"type": "Feature", "geometry": {"type": "Point", "coordinates": [-85.816216, 38.181982]}, "properties": {"crashes": 3, "injury": 0, "fatal": 0, "pedestrian": 0, "bicycle": 0, "density": 0.8, "year_range": "unknown"}}, {"type": "Feature", "geometry": {"type": "Point", "coordinates": [-85.675676, 38.209009]}, "properties": {"crashes": 3, "injury": 0, "fatal": 0, "pedestrian": 0, "bicycle": 0, "density": 0.8, "year_range": "unknown"}}, {"type": "Feature", "geometry": {"type": "Point", "coordinates": [-85.585586, 38.210811]}, "properties": {"crashes": 7, "injury": 0, "fatal": 0, "pedestrian": 0, "bicycle": 0, "density": 1.8, "year_range": "unknown"}}, {"type": "Feature", "geometry": {"type": "Point", "coordinates": [-85.821622, 38.172973]}, "properties": {"crashes": 1, "injury": 0, "fatal": 0, "pedestrian": 0, "bicycle": 0, "density": 0.2, "year_range": "unknown"}}, {"type": "Feature", "geometry": {"type": "Point", "coordinates": [-85.834234, 38.198198]}, "properties": {"crashes": 1, "injury": 0, "fatal": 0, "pedestrian": 0, "bicycle": 0, "density": 0.2, "year_range": "unknown"}}, {"type": "Feature", "geometry": {"type": "Point", "coordinates": [-85.695495, 38.111712]}, "properties": {"crashes": 1, "injury": 0, "fatal": 0, "pedestrian": 0, "bicycle": 0, "density": 0.2, "year_range": "unknown"}}, {"type": "Feature", "geometry": {"type": "Point", "coordinates": [-85.695495, 38.243243]}, "properties": {"crashes": 6, "injury": 0, "fatal": 0, "pedestrian": 0, "bicycle": 0, "density": 1.5, "year_range": "unknown"}}, {"type": "Feature", "geometry": {"type": "Point", "coordinates": [-85.699099, 38.227027]}, "properties": {"crashes": 3, "injury": 0, "fatal": 0, "pedestrian": 0, "bicycle": 0, "density": 0.8, "year_range": "unknown"}}, {"type": "Feature", "geometry": {"type": "Point", "coordinates": [-85.792793, 38.12973]}, "properties": {"crashes": 6, "injury": 0, "fatal": 0, "pedestrian": 0, "bicycle": 0, "density": 1.5, "year_range": "unknown"}}, {"type": "Feature", "geometry": {"type": "Point", "coordinates": [-85.785586, 38.259459]}, "properties": {"crashes": 11, "injury": 0, "fatal": 0, "pedestrian": 0, "bicycle": 0, "density": 2.8, "year_range": "unknown"}}, {"type": "Feature", "geometry": {"type": "Point", "coordinates": [-85.807207, 38.275676]}, "properties": {"crashes": 2, "injury": 0, "fatal": 0, "pedestrian": 0, "bicycle": 0, "density": 0.5, "year_range": "unknown"}}, {"type": "Feature", "geometry": {"type": "Point", "coordinates": [-85.720721, 38.133333]}, "properties": {"crashes": 2, "injury": 0, "fatal": 0, "pedestrian": 0, "bicycle": 0, "density": 0.5, "year_range": "unknown"}}, {"type": "Feature", "geometry": {"type": "Point", "coordinates": [-85.798198, 38.237838]}, "properties": {"crashes": 1, "injury": 0, "fatal": 0, "pedestrian": 0, "bicycle": 0, "density": 0.2, "year_range": "unknown"}}, {"type": "Feature", "geometry": {"type": "Point", "coordinates": [-85.855856, 38.127928]}, "properties": {"crashes": 1, "injury": 0, "fatal": 0, "pedestrian": 0, "bicycle": 0, "density": 0.2, "year_range": "unknown"}}, {"type": "Feature", "geometry": {"type": "Point", "coordinates": [-85.506306, 38.273874]}, "properties": {"crashes": 1, "injury": 0, "fatal": 0, "pedestrian": 0, "bicycle": 0, "density": 0.2, "year_range": "unknown"}}, {"type": "Feature", "geometry": {"type": "Point", "coordinates": [-85.753153, 38.243243]}, "properties": {"crashes": 2, "injury": 0, "fatal": 0, "pedestrian": 0, "bicycle": 0, "density": 0.5, "year_range": "unknown"}}, {"type": "Feature", "geometry": {"type": "Point", "coordinates": [-85.668468, 38.088288]}, "properties": {"crashes": 4, "injury": 0, "fatal": 0, "pedestrian": 0, "bicycle": 0, "density": 1.0, "year_range": "unknown"}}, {"type": "Feature", "geometry": {"type": "Point", "coordinates": [-85.632432, 38.275676]}, "properties": {"crashes": 4, "injury": 0, "fatal": 0, "pedestrian": 0, "bicycle": 0, "density": 1.0, "year_range": "unknown"}}, {"type": "Feature", "geometry": {"type": "Point", "coordinates": [-85.724324, 38.190991]}, "properties": {"crashes": 1, "injury": 0, "fatal": 0, "pedestrian": 0, "bicycle": 0, "density": 0.2, "year_range": "unknown"}}, {"type": "Feature", "geometry": {"type": "Point", "coordinates": [-85.672072, 38.16036]}, "properties": {"crashes": 4, "injury": 0, "fatal": 0, "pedestrian": 0, "bicycle": 0, "density": 1.0, "year_range": "unknown"}}, {"type": "Feature", "geometry": {"type": "Point", "coordinates": [-85.809009, 38.225225]}, "properties": {"crashes": 7, "injury": 0, "fatal": 0, "pedestrian": 0, "bicycle": 0, "density": 1.8, "year_range": "unknown"}}, {"type": "Feature", "geometry": {"type": "Point", "coordinates": [-85.765766, 38.252252]}, "properties": {"crashes": 1, "injury": 0, "fatal": 0, "pedestrian": 0, "bicycle": 0, "density": 0.2, "year_range": "unknown"}}, {"type": "Feature", "geometry": {"type": "Point", "coordinates": [-85.765766, 38.2]}, "properties": {"crashes": 6, "injury": 0, "fatal": 0, "pedestrian": 0, "bicycle": 0, "density": 1.5, "year_range": "unknown"}}, {"type": "Feature", "geometry": {"type": "Point", "coordinates": [-85.702703, 38.135135]}, "properties": {"crashes": 2, "injury": 0, "fatal": 0, "pedestrian": 0, "bicycle": 0, "density": 0.5, "year_range": "unknown"}}, {"type": "Feature", "geometry": {"type": "Point", "coordinates": [-85.659459, 38.198198]}, "properties": {"crashes": 4, "injury": 0, "fatal": 0, "pedestrian": 0, "bicycle": 0, "density": 1.0, "year_range": "unknown"}}, {"type": "Feature", "geometry": {"type": "Point", "coordinates": [-85.843243, 38.163964]}, "properties": {"crashes": 2, "injury": 0, "fatal": 0, "pedestrian": 0, "bicycle": 0, "density": 0.5, "year_range": "unknown"}}, {"type": "Feature", "geometry": {"type": "Point", "coordinates": [-85.754955, 38.228829]}, "properties": {"crashes": 1, "injury": 0, "fatal": 0, "pedestrian": 0, "bicycle": 0, "density": 0.2, "year_range": "unknown"}}, {"type": "Feature", "geometry": {"type": "Point", "coordinates": [-85.567568, 38.313514]}, "properties": {"crashes": 2, "injury": 0, "fatal": 0, "pedestrian": 0, "bicycle": 0, "density": 0.5, "year_range": "unknown"}}, {"type": "Feature", "geometry": {"type": "Point", "coordinates": [-85.807207, 38.117117]}, "properties": {"crashes": 4, "injury": 0, "fatal": 0, "pedestrian": 0, "bicycle": 0, "density": 1.0, "year_range": "unknown"}}, {"type": "Feature", "geometry": {"type": "Point", "coordinates": [-85.740541, 38.23964]}, "properties": {"crashes": 2, "injury": 0, "fatal": 0, "pedestrian": 0, "bicycle": 0, "density": 0.5, "year_range": "unknown"}}, {"type": "Feature", "geometry": {"type": "Point", "coordinates": [-85.589189, 38.214414]}, "properties": {"crashes": 3, "injury": 0, "fatal": 0, "pedestrian": 0, "bicycle": 0, "density": 0.8, "year_range": "unknown"}}, {"type": "Feature", "geometry": {"type": "Point", "coordinates": [-85.864865, 38.172973]}, "properties": {"crashes": 1, "injury": 0, "fatal": 0, "pedestrian": 0, "bicycle": 0, "density": 0.2, "year_range": "unknown"}}, {"type": "Feature", "geometry": {"type": "Point", "coordinates": [-85.891892, 38.097297]}, "properties": {"crashes": 5, "injury": 0, "fatal": 0, "pedestrian": 0, "bicycle": 0, "density": 1.2, "year_range": "unknown"}}, {"type": "Feature", "geometry": {"type": "Point", "coordinates": [-85.500901, 38.207207]}, "properties": {"crashes": 1, "injury": 0, "fatal": 0, "pedestrian": 0, "bicycle": 0, "density": 0.2, "year_range": "unknown"}}, {"type": "Feature", "geometry": {"type": "Point", "coordinates": [-85.589189, 38.311712]}, "properties": {"crashes": 3, "injury": 0, "fatal": 0, "pedestrian": 0, "bicycle": 0, "density": 0.8, "year_range": "unknown"}}, {"type": "Feature", "geometry": {"type": "Point", "coordinates": [-85.688288, 38.223423]}, "properties": {"crashes": 5, "injury": 0, "fatal": 0, "pedestrian": 0, "bicycle": 0, "density": 1.2, "year_range": "unknown"}}, {"type": "Feature", "geometry": {"type": "Point", "coordinates": [-85.616216, 38.27027]}, "properties": {"crashes": 7, "injury": 0, "fatal": 0, "pedestrian": 0, "bicycle": 0, "density": 1.8, "year_range": "unknown"}}, {"type": "Feature", "geometry": {"type": "Point", "coordinates": [-85.754955, 38.227027]}, "properties": {"crashes": 1, "injury": 0, "fatal": 0, "pedestrian": 0, "bicycle": 0, "density": 0.2, "year_range": "unknown"}}, {"type": "Feature", "geometry": {"type": "Point", "coordinates": [-85.643243, 38.190991]}, "properties": {"crashes": 2, "injury": 0, "fatal": 0, "pedestrian": 0, "bicycle": 0, "density": 0.5, "year_range": "unknown"}}, {"type": "Feature", "geometry": {"type": "Point", "coordinates": [-85.787387, 38.257658]}, "properties": {"crashes": 1, "injury": 0, "fatal": 0, "pedestrian": 0, "bicycle": 0, "density": 0.2, "year_range": "unknown"}}, {"type": "Feature", "geometry": {"type": "Point", "coordinates": [-85.636036, 38.082883]}, "properties": {"crashes": 1, "injury": 0, "fatal": 0, "pedestrian": 0, "bicycle": 0, "density": 0.2, "year_range": "unknown"}}, {"type": "Feature", "geometry": {"type": "Point", "coordinates": [-85.771171, 38.246847]}, "properties": {"crashes": 3, "injury": 0, "fatal": 0, "pedestrian": 0, "bicycle": 0, "density": 0.8, "year_range": "unknown"}}, {"type": "Feature", "geometry": {"type": "Point", "coordinates": [-85.8, 38.190991]}, "properties": {"crashes": 5, "injury": 0, "fatal": 0, "pedestrian": 0, "bicycle": 0, "density": 1.2, "year_range": "unknown"}}, {"type": "Feature", "geometry": {"type": "Point", "coordinates": [-85.623423, 38.23964]}, "properties": {"crashes": 1, "injury": 0, "fatal": 0, "pedestrian": 0, "bicycle": 0, "density": 0.2, "year_range": "unknown"}}, {"type": "Feature", "geometry": {"type": "Point", "coordinates": [-85.846847, 38.192793]}, "properties": {"crashes": 5, "injury": 0, "fatal": 0, "pedestrian": 0, "bicycle": 0, "density": 1.2, "year_range": "unknown"}}, {"type": "Feature", "geometry": {"type": "Point", "coordinates": [-85.722523, 38.23964]}, "properties": {"crashes": 2, "injury": 0, "fatal": 0, "pedestrian": 0, "bicycle": 0, "density": 0.5, "year_range": "unknown"}}, {"type": "Feature", "geometry": {"type": "Point", "coordinates": [-85.682883, 38.198198]}, "properties": {"crashes": 3, "injury": 0, "fatal": 0, "pedestrian": 0, "bicycle": 0, "density": 0.8, "year_range": "unknown"}}, {"type": "Feature", "geometry": {"type": "Point", "coordinates": [-85.76036, 38.225225]}, "properties": {"crashes": 3, "injury": 0, "fatal": 0, "pedestrian": 0, "bicycle": 0, "density": 0.8, "year_range": "unknown"}}, {"type": "Feature", "geometry": {"type": "Point", "coordinates": [-85.506306, 38.165766]}, "properties": {"crashes": 1, "injury": 0, "fatal": 0, "pedestrian": 0, "bicycle": 0, "density": 0.2, "year_range": "unknown"}}, {"type": "Feature", "geometry": {"type": "Point", "coordinates": [-85.623423, 38.178378]}, "properties": {"crashes": 5, "injury": 0, "fatal": 0, "pedestrian": 0, "bicycle": 0, "density": 1.2, "year_range": "unknown"}}, {"type": "Feature", "geometry": {"type": "Point", "coordinates": [-85.74955, 38.127928]}, "properties": {"crashes": 2, "injury": 0, "fatal": 0, "pedestrian": 0, "bicycle": 0, "density": 0.5, "year_range": "unknown"}}, {"type": "Feature", "geometry": {"type": "Point", "coordinates": [-85.776577, 38.21982]}, "properties": {"crashes": 9, "injury": 0, "fatal": 0, "pedestrian": 0, "bicycle": 0, "density": 2.2, "year_range": "unknown"}}, {"type": "Feature", "geometry": {"type": "Point", "coordinates": [-85.771171, 38.225225]}, "properties": {"crashes": 5, "injury": 0, "fatal": 0, "pedestrian": 0, "bicycle": 0, "density": 1.2, "year_range": "unknown"}}, {"type": "Feature", "geometry": {"type": "Point", "coordinates": [-85.747748, 38.212613]}, "properties": {"crashes": 2, "injury": 0, "fatal": 0, "pedestrian": 0, "bicycle": 0, "density": 0.5, "year_range": "unknown"}}, {"type": "Feature", "geometry": {"type": "Point", "coordinates": [-85.700901, 38.181982]}, "properties": {"crashes": 1, "injury": 0, "fatal": 0, "pedestrian": 0, "bicycle": 0, "density": 0.2, "year_range": "unknown"}}, {"type": "Feature", "geometry": {"type": "Point", "coordinates": [-85.758559, 38.237838]}, "properties": {"crashes": 2, "injury": 0, "fatal": 0, "pedestrian": 0, "bicycle": 0, "density": 0.5, "year_range": "unknown"}}, {"type": "Feature", "geometry": {"type": "Point", "coordinates": [-85.814414, 38.243243]}, "properties": {"crashes": 1, "injury": 0, "fatal": 0, "pedestrian": 0, "bicycle": 0, "density": 0.2, "year_range": "unknown"}}, {"type": "Feature", "geometry": {"type": "Point", "coordinates": [-85.763964, 38.205405]}, "properties": {"crashes": 8, "injury": 0, "fatal": 0, "pedestrian": 0, "bicycle": 0, "density": 2.0, "year_range": "unknown"}}, {"type": "Feature", "geometry": {"type": "Point", "coordinates": [-85.578378, 38.27027]}, "properties": {"crashes": 1, "injury": 0, "fatal": 0, "pedestrian": 0, "bicycle": 0, "density": 0.2, "year_range": "unknown"}}, {"type": "Feature", "geometry": {"type": "Point", "coordinates": [-85.864865, 38.133333]}, "properties": {"crashes": 1, "injury": 0, "fatal": 0, "pedestrian": 0, "bicycle": 0, "density": 0.2, "year_range": "unknown"}}, {"type": "Feature", "geometry": {"type": "Point", "coordinates": [-85.814414, 38.237838]}, "properties": {"crashes": 4, "injury": 0, "fatal": 0, "pedestrian": 0, "bicycle": 0, "density": 1.0, "year_range": "unknown"}}, {"type": "Feature", "geometry": {"type": "Point", "coordinates": [-85.684685, 38.223423]}, "properties": {"crashes": 4, "injury": 0, "fatal": 0, "pedestrian": 0, "bicycle": 0, "density": 1.0, "year_range": "unknown"}}, {"type": "Feature", "geometry": {"type": "Point", "coordinates": [-85.754955, 38.246847]}, "properties": {"crashes": 2, "injury": 0, "fatal": 0, "pedestrian": 0, "bicycle": 0, "density": 0.5, "year_range": "unknown"}}, {"type": "Feature", "geometry": {"type": "Point", "coordinates": [-85.506306, 38.205405]}, "properties": {"crashes": 1, "injury": 0, "fatal": 0, "pedestrian": 0, "bicycle": 0, "density": 0.2, "year_range": "unknown"}}, {"type": "Feature", "geometry": {"type": "Point", "coordinates": [-85.700901, 38.111712]}, "properties": {"crashes": 4, "injury": 0, "fatal": 0, "pedestrian": 0, "bicycle": 0, "density": 1.0, "year_range": "unknown"}}, {"type": "Feature", "geometry": {"type": "Point", "coordinates": [-85.818018, 38.236036]}, "properties": {"crashes": 2, "injury": 0, "fatal": 0, "pedestrian": 0, "bicycle": 0, "density": 0.5, "year_range": "unknown"}}, {"type": "Feature", "geometry": {"type": "Point", "coordinates": [-85.675676, 38.216216]}, "properties": {"crashes": 3, "injury": 0, "fatal": 0, "pedestrian": 0, "bicycle": 0, "density": 0.8, "year_range": "unknown"}}, {"type": "Feature", "geometry": {"type": "Point", "coordinates": [-85.61982, 38.25045]}, "properties": {"crashes": 2, "injury": 0, "fatal": 0, "pedestrian": 0, "bicycle": 0, "density": 0.5, "year_range": "unknown"}}, {"type": "Feature", "geometry": {"type": "Point", "coordinates": [-85.518919, 38.243243]}, "properties": {"crashes": 2, "injury": 0, "fatal": 0, "pedestrian": 0, "bicycle": 0, "density": 0.5, "year_range": "unknown"}}, {"type": "Feature", "geometry": {"type": "Point", "coordinates": [-85.751351, 38.21982]}, "properties": {"crashes": 3, "injury": 0, "fatal": 0, "pedestrian": 0, "bicycle": 0, "density": 0.8, "year_range": "unknown"}}, {"type": "Feature", "geometry": {"type": "Point", "coordinates": [-85.605405, 38.185586]}, "properties": {"crashes": 5, "injury": 0, "fatal": 0, "pedestrian": 0, "bicycle": 0, "density": 1.2, "year_range": "unknown"}}, {"type": "Feature", "geometry": {"type": "Point", "coordinates": [-85.699099, 38.162162]}, "properties": {"crashes": 2, "injury": 0, "fatal": 0, "pedestrian": 0, "bicycle": 0, "density": 0.5, "year_range": "unknown"}}, {"type": "Feature", "geometry": {"type": "Point", "coordinates": [-85.664865, 38.183784]}, "properties": {"crashes": 9, "injury": 0, "fatal": 0, "pedestrian": 0, "bicycle": 0, "density": 2.2, "year_range": "unknown"}}, {"type": "Feature", "geometry": {"type": "Point", "coordinates": [-85.758559, 38.248649]}, "properties": {"crashes": 3, "injury": 0, "fatal": 0, "pedestrian": 0, "bicycle": 0, "density": 0.8, "year_range": "unknown"}}, {"type": "Feature", "geometry": {"type": "Point", "coordinates": [-85.821622, 38.248649]}, "properties": {"crashes": 1, "injury": 0, "fatal": 0, "pedestrian": 0, "bicycle": 0, "density": 0.2, "year_range": "unknown"}}, {"type": "Feature", "geometry": {"type": "Point", "coordinates": [-85.827027, 38.171171]}, "properties": {"crashes": 3, "injury": 0, "fatal": 0, "pedestrian": 0, "bicycle": 0, "density": 0.8, "year_range": "unknown"}}, {"type": "Feature", "geometry": {"type": "Point", "coordinates": [-85.807207, 38.227027]}, "properties": {"crashes": 4, "injury": 0, "fatal": 0, "pedestrian": 0, "bicycle": 0, "density": 1.0, "year_range": "unknown"}}, {"type": "Feature", "geometry": {"type": "Point", "coordinates": [-85.783784, 38.178378]}, "properties": {"crashes": 7, "injury": 0, "fatal": 0, "pedestrian": 0, "bicycle": 0, "density": 1.8, "year_range": "unknown"}}, {"type": "Feature", "geometry": {"type": "Point", "coordinates": [-85.61982, 38.245045]}, "properties": {"crashes": 2, "injury": 0, "fatal": 0, "pedestrian": 0, "bicycle": 0, "density": 0.5, "year_range": "unknown"}}, {"type": "Feature", "geometry": {"type": "Point", "coordinates": [-85.581982, 38.21982]}, "properties": {"crashes": 5, "injury": 0, "fatal": 0, "pedestrian": 0, "bicycle": 0, "density": 1.2, "year_range": "unknown"}}, {"type": "Feature", "geometry": {"type": "Point", "coordinates": [-85.538739, 38.210811]}, "properties": {"crashes": 3, "injury": 0, "fatal": 0, "pedestrian": 0, "bicycle": 0, "density": 0.8, "year_range": "unknown"}}, {"type": "Feature", "geometry": {"type": "Point", "coordinates": [-85.751351, 38.2]}, "properties": {"crashes": 2, "injury": 0, "fatal": 0, "pedestrian": 0, "bicycle": 0, "density": 0.5, "year_range": "unknown"}}, {"type": "Feature", "geometry": {"type": "Point", "coordinates": [-85.796396, 38.241441]}, "properties": {"crashes": 2, "injury": 0, "fatal": 0, "pedestrian": 0, "bicycle": 0, "density": 0.5, "year_range": "unknown"}}, {"type": "Feature", "geometry": {"type": "Point", "coordinates": [-85.848649, 38.138739]}, "properties": {"crashes": 1, "injury": 0, "fatal": 0, "pedestrian": 0, "bicycle": 0, "density": 0.2, "year_range": "unknown"}}, {"type": "Feature", "geometry": {"type": "Point", "coordinates": [-85.69009, 38.203604]}, "properties": {"crashes": 1, "injury": 0, "fatal": 0, "pedestrian": 0, "bicycle": 0, "density": 0.2, "year_range": "unknown"}}, {"type": "Feature", "geometry": {"type": "Point", "coordinates": [-85.616216, 38.363964]}, "properties": {"crashes": 1, "injury": 0, "fatal": 0, "pedestrian": 0, "bicycle": 0, "density": 0.2, "year_range": "unknown"}}, {"type": "Feature", "geometry": {"type": "Point", "coordinates": [-85.511712, 38.286486]}, "properties": {"crashes": 1, "injury": 0, "fatal": 0, "pedestrian": 0, "bicycle": 0, "density": 0.2, "year_range": "unknown"}}, {"type": "Feature", "geometry": {"type": "Point", "coordinates": [-85.718919, 38.113514]}, "properties": {"crashes": 2, "injury": 0, "fatal": 0, "pedestrian": 0, "bicycle": 0, "density": 0.5, "year_range": "unknown"}}, {"type": "Feature", "geometry": {"type": "Point", "coordinates": [-85.697297, 38.254054]}, "properties": {"crashes": 1, "injury": 0, "fatal": 0, "pedestrian": 0, "bicycle": 0, "density": 0.2, "year_range": "unknown"}}, {"type": "Feature", "geometry": {"type": "Point", "coordinates": [-85.8, 38.259459]}, "properties": {"crashes": 3, "injury": 0, "fatal": 0, "pedestrian": 0, "bicycle": 0, "density": 0.8, "year_range": "unknown"}}, {"type": "Feature", "geometry": {"type": "Point", "coordinates": [-85.700901, 38.122523]}, "properties": {"crashes": 1, "injury": 0, "fatal": 0, "pedestrian": 0, "bicycle": 0, "density": 0.2, "year_range": "unknown"}}, {"type": "Feature", "geometry": {"type": "Point", "coordinates": [-85.814414, 38.117117]}, "properties": {"crashes": 6, "injury": 0, "fatal": 0, "pedestrian": 0, "bicycle": 0, "density": 1.5, "year_range": "unknown"}}, {"type": "Feature", "geometry": {"type": "Point", "coordinates": [-85.596396, 38.228829]}, "properties": {"crashes": 7, "injury": 0, "fatal": 0, "pedestrian": 0, "bicycle": 0, "density": 1.8, "year_range": "unknown"}}, {"type": "Feature", "geometry": {"type": "Point", "coordinates": [-85.630631, 38.120721]}, "properties": {"crashes": 3, "injury": 0, "fatal": 0, "pedestrian": 0, "bicycle": 0, "density": 0.8, "year_range": "unknown"}}, {"type": "Feature", "geometry": {"type": "Point", "coordinates": [-85.520721, 38.095495]}, "properties": {"crashes": 1, "injury": 0, "fatal": 0, "pedestrian": 0, "bicycle": 0, "density": 0.2, "year_range": "unknown"}}, {"type": "Feature", "geometry": {"type": "Point", "coordinates": [-85.751351, 38.209009]}, "properties": {"crashes": 2, "injury": 0, "fatal": 0, "pedestrian": 0, "bicycle": 0, "density": 0.5, "year_range": "unknown"}}, {"type": "Feature", "geometry": {"type": "Point", "coordinates": [-85.74955, 38.18018]}, "properties": {"crashes": 1, "injury": 0, "fatal": 0, "pedestrian": 0, "bicycle": 0, "density": 0.2, "year_range": "unknown"}}, {"type": "Feature", "geometry": {"type": "Point", "coordinates": [-85.751351, 38.266667]}, "properties": {"crashes": 4, "injury": 0, "fatal": 0, "pedestrian": 0, "bicycle": 0, "density": 1.0, "year_range": "unknown"}}, {"type": "Feature", "geometry": {"type": "Point", "coordinates": [-85.708108, 38.194595]}, "properties": {"crashes": 4, "injury": 0, "fatal": 0, "pedestrian": 0, "bicycle": 0, "density": 1.0, "year_range": "unknown"}}, {"type": "Feature", "geometry": {"type": "Point", "coordinates": [-85.659459, 38.158559]}, "properties": {"crashes": 1, "injury": 0, "fatal": 0, "pedestrian": 0, "bicycle": 0, "density": 0.2, "year_range": "unknown"}}, {"type": "Feature", "geometry": {"type": "Point", "coordinates": [-85.697297, 38.104505]}, "properties": {"crashes": 1, "injury": 0, "fatal": 0, "pedestrian": 0, "bicycle": 0, "density": 0.2, "year_range": "unknown"}}, {"type": "Feature", "geometry": {"type": "Point", "coordinates": [-85.769369, 38.167568]}, "properties": {"crashes": 1, "injury": 0, "fatal": 0, "pedestrian": 0, "bicycle": 0, "density": 0.2, "year_range": "unknown"}}, {"type": "Feature", "geometry": {"type": "Point", "coordinates": [-85.700901, 38.091892]}, "properties": {"crashes": 1, "injury": 0, "fatal": 0, "pedestrian": 0, "bicycle": 0, "density": 0.2, "year_range": "unknown"}}, {"type": "Feature", "geometry": {"type": "Point", "coordinates": [-85.681081, 38.29009]}, "properties": {"crashes": 1, "injury": 0, "fatal": 0, "pedestrian": 0, "bicycle": 0, "density": 0.2, "year_range": "unknown"}}, {"type": "Feature", "geometry": {"type": "Point", "coordinates": [-85.742342, 38.237838]}, "properties": {"crashes": 1, "injury": 0, "fatal": 0, "pedestrian": 0, "bicycle": 0, "density": 0.2, "year_range": "unknown"}}, {"type": "Feature", "geometry": {"type": "Point", "coordinates": [-85.72973, 38.190991]}, "properties": {"crashes": 1, "injury": 0, "fatal": 0, "pedestrian": 0, "bicycle": 0, "density": 0.2, "year_range": "unknown"}}, {"type": "Feature", "geometry": {"type": "Point", "coordinates": [-85.863063, 38.093694]}, "properties": {"crashes": 1, "injury": 0, "fatal": 0, "pedestrian": 0, "bicycle": 0, "density": 0.2, "year_range": "unknown"}}, {"type": "Feature", "geometry": {"type": "Point", "coordinates": [-85.607207, 38.183784]}, "properties": {"crashes": 7, "injury": 0, "fatal": 0, "pedestrian": 0, "bicycle": 0, "density": 1.8, "year_range": "unknown"}}, {"type": "Feature", "geometry": {"type": "Point", "coordinates": [-85.691892, 38.266667]}, "properties": {"crashes": 1, "injury": 0, "fatal": 0, "pedestrian": 0, "bicycle": 0, "density": 0.2, "year_range": "unknown"}}, {"type": "Feature", "geometry": {"type": "Point", "coordinates": [-85.783784, 38.221622]}, "properties": {"crashes": 5, "injury": 0, "fatal": 0, "pedestrian": 0, "bicycle": 0, "density": 1.2, "year_range": "unknown"}}, {"type": "Feature", "geometry": {"type": "Point", "coordinates": [-85.872072, 38.167568]}, "properties": {"crashes": 1, "injury": 0, "fatal": 0, "pedestrian": 0, "bicycle": 0, "density": 0.2, "year_range": "unknown"}}, {"type": "Feature", "geometry": {"type": "Point", "coordinates": [-85.61982, 38.248649]}, "properties": {"crashes": 3, "injury": 0, "fatal": 0, "pedestrian": 0, "bicycle": 0, "density": 0.8, "year_range": "unknown"}}, {"type": "Feature", "geometry": {"type": "Point", "coordinates": [-85.69009, 38.178378]}, "properties": {"crashes": 3, "injury": 0, "fatal": 0, "pedestrian": 0, "bicycle": 0, "density": 0.8, "year_range": "unknown"}}, {"type": "Feature", "geometry": {"type": "Point", "coordinates": [-85.807207, 38.277477]}, "properties": {"crashes": 9, "injury": 0, "fatal": 0, "pedestrian": 0, "bicycle": 0, "density": 2.2, "year_range": "unknown"}}, {"type": "Feature", "geometry": {"type": "Point", "coordinates": [-85.803604, 38.277477]}, "properties": {"crashes": 2, "injury": 0, "fatal": 0, "pedestrian": 0, "bicycle": 0, "density": 0.5, "year_range": "unknown"}}, {"type": "Feature", "geometry": {"type": "Point", "coordinates": [-85.742342, 38.261261]}, "properties": {"crashes": 6, "injury": 0, "fatal": 0, "pedestrian": 0, "bicycle": 0, "density": 1.5, "year_range": "unknown"}}, {"type": "Feature", "geometry": {"type": "Point", "coordinates": [-85.720721, 38.172973]}, "properties": {"crashes": 1, "injury": 0, "fatal": 0, "pedestrian": 0, "bicycle": 0, "density": 0.2, "year_range": "unknown"}}, {"type": "Feature", "geometry": {"type": "Point", "coordinates": [-85.535135, 38.185586]}, "properties": {"crashes": 1, "injury": 0, "fatal": 0, "pedestrian": 0, "bicycle": 0, "density": 0.2, "year_range": "unknown"}}, {"type": "Feature", "geometry": {"type": "Point", "coordinates": [-85.825225, 38.209009]}, "properties": {"crashes": 5, "injury": 0, "fatal": 0, "pedestrian": 0, "bicycle": 0, "density": 1.2, "year_range": "unknown"}}, {"type": "Feature", "geometry": {"type": "Point", "coordinates": [-85.718919, 38.135135]}, "properties": {"crashes": 6, "injury": 0, "fatal": 0, "pedestrian": 0, "bicycle": 0, "density": 1.5, "year_range": "unknown"}}, {"type": "Feature", "geometry": {"type": "Point", "coordinates": [-85.646847, 38.221622]}, "properties": {"crashes": 1, "injury": 0, "fatal": 0, "pedestrian": 0, "bicycle": 0, "density": 0.2, "year_range": "unknown"}}, {"type": "Feature", "geometry": {"type": "Point", "coordinates": [-85.659459, 38.178378]}, "properties": {"crashes": 4, "injury": 0, "fatal": 0, "pedestrian": 0, "bicycle": 0, "density": 1.0, "year_range": "unknown"}}, {"type": "Feature", "geometry": {"type": "Point", "coordinates": [-85.700901, 38.246847]}, "properties": {"crashes": 3, "injury": 0, "fatal": 0, "pedestrian": 0, "bicycle": 0, "density": 0.8, "year_range": "unknown"}}, {"type": "Feature", "geometry": {"type": "Point", "coordinates": [-85.482883, 38.237838]}, "properties": {"crashes": 1, "injury": 0, "fatal": 0, "pedestrian": 0, "bicycle": 0, "density": 0.2, "year_range": "unknown"}}, {"type": "Feature", "geometry": {"type": "Point", "coordinates": [-85.827027, 38.2]}, "properties": {"crashes": 2, "injury": 0, "fatal": 0, "pedestrian": 0, "bicycle": 0, "density": 0.5, "year_range": "unknown"}}, {"type": "Feature", "geometry": {"type": "Point", "coordinates": [-85.774775, 38.126126]}, "properties": {"crashes": 2, "injury": 0, "fatal": 0, "pedestrian": 0, "bicycle": 0, "density": 0.5, "year_range": "unknown"}}, {"type": "Feature", "geometry": {"type": "Point", "coordinates": [-85.70991, 38.201802]}, "properties": {"crashes": 2, "injury": 0, "fatal": 0, "pedestrian": 0, "bicycle": 0, "density": 0.5, "year_range": "unknown"}}, {"type": "Feature", "geometry": {"type": "Point", "coordinates": [-85.763964, 38.246847]}, "properties": {"crashes": 1, "injury": 0, "fatal": 0, "pedestrian": 0, "bicycle": 0, "density": 0.2, "year_range": "unknown"}}, {"type": "Feature", "geometry": {"type": "Point", "coordinates": [-85.675676, 38.23964]}, "properties": {"crashes": 1, "injury": 0, "fatal": 0, "pedestrian": 0, "bicycle": 0, "density": 0.2, "year_range": "unknown"}}, {"type": "Feature", "geometry": {"type": "Point", "coordinates": [-85.715315, 38.228829]}, "properties": {"crashes": 4, "injury": 0, "fatal": 0, "pedestrian": 0, "bicycle": 0, "density": 1.0, "year_range": "unknown"}}, {"type": "Feature", "geometry": {"type": "Point", "coordinates": [-85.783784, 38.196396]}, "properties": {"crashes": 4, "injury": 0, "fatal": 0, "pedestrian": 0, "bicycle": 0, "density": 1.0, "year_range": "unknown"}}, {"type": "Feature", "geometry": {"type": "Point", "coordinates": [-85.735135, 38.117117]}, "properties": {"crashes": 1, "injury": 0, "fatal": 0, "pedestrian": 0, "bicycle": 0, "density": 0.2, "year_range": "unknown"}}, {"type": "Feature", "geometry": {"type": "Point", "coordinates": [-85.659459, 38.14955]}, "properties": {"crashes": 2, "injury": 0, "fatal": 0, "pedestrian": 0, "bicycle": 0, "density": 0.5, "year_range": "unknown"}}, {"type": "Feature", "geometry": {"type": "Point", "coordinates": [-85.792793, 38.230631]}, "properties": {"crashes": 2, "injury": 0, "fatal": 0, "pedestrian": 0, "bicycle": 0, "density": 0.5, "year_range": "unknown"}}, {"type": "Feature", "geometry": {"type": "Point", "coordinates": [-85.731532, 38.190991]}, "properties": {"crashes": 1, "injury": 0, "fatal": 0, "pedestrian": 0, "bicycle": 0, "density": 0.2, "year_range": "unknown"}}, {"type": "Feature", "geometry": {"type": "Point", "coordinates": [-85.821622, 38.21982]}, "properties": {"crashes": 6, "injury": 0, "fatal": 0, "pedestrian": 0, "bicycle": 0, "density": 1.5, "year_range": "unknown"}}, {"type": "Feature", "geometry": {"type": "Point", "coordinates": [-85.827027, 38.209009]}, "properties": {"crashes": 4, "injury": 0, "fatal": 0, "pedestrian": 0, "bicycle": 0, "density": 1.0, "year_range": "unknown"}}, {"type": "Feature", "geometry": {"type": "Point", "coordinates": [-85.798198, 38.209009]}, "properties": {"crashes": 3, "injury": 0, "fatal": 0, "pedestrian": 0, "bicycle": 0, "density": 0.8, "year_range": "unknown"}}, {"type": "Feature", "geometry": {"type": "Point", "coordinates": [-85.744144, 38.117117]}, "properties": {"crashes": 2, "injury": 0, "fatal": 0, "pedestrian": 0, "bicycle": 0, "density": 0.5, "year_range": "unknown"}}, {"type": "Feature", "geometry": {"type": "Point", "coordinates": [-85.553153, 38.245045]}, "properties": {"crashes": 1, "injury": 0, "fatal": 0, "pedestrian": 0, "bicycle": 0, "density": 0.2, "year_range": "unknown"}}, {"type": "Feature", "geometry": {"type": "Point", "coordinates": [-85.763964, 38.158559]}, "properties": {"crashes": 3, "injury": 0, "fatal": 0, "pedestrian": 0, "bicycle": 0, "density": 0.8, "year_range": "unknown"}}, {"type": "Feature", "geometry": {"type": "Point", "coordinates": [-85.756757, 38.237838]}, "properties": {"crashes": 4, "injury": 0, "fatal": 0, "pedestrian": 0, "bicycle": 0, "density": 1.0, "year_range": "unknown"}}, {"type": "Feature", "geometry": {"type": "Point", "coordinates": [-85.504505, 38.228829]}, "properties": {"crashes": 2, "injury": 0, "fatal": 0, "pedestrian": 0, "bicycle": 0, "density": 0.5, "year_range": "unknown"}}, {"type": "Feature", "geometry": {"type": "Point", "coordinates": [-85.78018, 38.162162]}, "properties": {"crashes": 2, "injury": 0, "fatal": 0, "pedestrian": 0, "bicycle": 0, "density": 0.5, "year_range": "unknown"}}, {"type": "Feature", "geometry": {"type": "Point", "coordinates": [-85.742342, 38.245045]}, "properties": {"crashes": 2, "injury": 0, "fatal": 0, "pedestrian": 0, "bicycle": 0, "density": 0.5, "year_range": "unknown"}}, {"type": "Feature", "geometry": {"type": "Point", "coordinates": [-85.861261, 38.115315]}, "properties": {"crashes": 5, "injury": 0, "fatal": 0, "pedestrian": 0, "bicycle": 0, "density": 1.2, "year_range": "unknown"}}, {"type": "Feature", "geometry": {"type": "Point", "coordinates": [-85.688288, 38.241441]}, "properties": {"crashes": 5, "injury": 0, "fatal": 0, "pedestrian": 0, "bicycle": 0, "density": 1.2, "year_range": "unknown"}}, {"type": "Feature", "geometry": {"type": "Point", "coordinates": [-85.864865, 38.163964]}, "properties": {"crashes": 4, "injury": 0, "fatal": 0, "pedestrian": 0, "bicycle": 0, "density": 1.0, "year_range": "unknown"}}, {"type": "Feature", "geometry": {"type": "Point", "coordinates": [-85.572973, 38.288288]}, "properties": {"crashes": 6, "injury": 0, "fatal": 0, "pedestrian": 0, "bicycle": 0, "density": 1.5, "year_range": "unknown"}}, {"type": "Feature", "geometry": {"type": "Point", "coordinates": [-85.787387, 38.209009]}, "properties": {"crashes": 7, "injury": 0, "fatal": 0, "pedestrian": 0, "bicycle": 0, "density": 1.8, "year_range": "unknown"}}, {"type": "Feature", "geometry": {"type": "Point", "coordinates": [-85.801802, 38.189189]}, "properties": {"crashes": 8, "injury": 0, "fatal": 0, "pedestrian": 0, "bicycle": 0, "density": 2.0, "year_range": "unknown"}}, {"type": "Feature", "geometry": {"type": "Point", "coordinates": [-85.745946, 38.25045]}, "properties": {"crashes": 3, "injury": 0, "fatal": 0, "pedestrian": 0, "bicycle": 0, "density": 0.8, "year_range": "unknown"}}, {"type": "Feature", "geometry": {"type": "Point", "coordinates": [-85.810811, 38.185586]}, "properties": {"crashes": 3, "injury": 0, "fatal": 0, "pedestrian": 0, "bicycle": 0, "density": 0.8, "year_range": "unknown"}}, {"type": "Feature", "geometry": {"type": "Point", "coordinates": [-85.821622, 38.174775]}, "properties": {"crashes": 4, "injury": 0, "fatal": 0, "pedestrian": 0, "bicycle": 0, "density": 1.0, "year_range": "unknown"}}, {"type": "Feature", "geometry": {"type": "Point", "coordinates": [-85.722523, 38.214414]}, "properties": {"crashes": 2, "injury": 0, "fatal": 0, "pedestrian": 0, "bicycle": 0, "density": 0.5, "year_range": "unknown"}}, {"type": "Feature", "geometry": {"type": "Point", "coordinates": [-85.499099, 38.241441]}, "properties": {"crashes": 2, "injury": 0, "fatal": 0, "pedestrian": 0, "bicycle": 0, "density": 0.5, "year_range": "unknown"}}, {"type": "Feature", "geometry": {"type": "Point", "coordinates": [-85.836036, 38.167568]}, "properties": {"crashes": 3, "injury": 0, "fatal": 0, "pedestrian": 0, "bicycle": 0, "density": 0.8, "year_range": "unknown"}}, {"type": "Feature", "geometry": {"type": "Point", "coordinates": [-85.506306, 38.21982]}, "properties": {"crashes": 1, "injury": 0, "fatal": 0, "pedestrian": 0, "bicycle": 0, "density": 0.2, "year_range": "unknown"}}, {"type": "Feature", "geometry": {"type": "Point", "coordinates": [-85.897297, 38.124324]}, "properties": {"crashes": 1, "injury": 0, "fatal": 0, "pedestrian": 0, "bicycle": 0, "density": 0.2, "year_range": "unknown"}}, {"type": "Feature", "geometry": {"type": "Point", "coordinates": [-85.816216, 38.257658]}, "properties": {"crashes": 3, "injury": 0, "fatal": 0, "pedestrian": 0, "bicycle": 0, "density": 0.8, "year_range": "unknown"}}, {"type": "Feature", "geometry": {"type": "Point", "coordinates": [-85.787387, 38.252252]}, "properties": {"crashes": 7, "injury": 0, "fatal": 0, "pedestrian": 0, "bicycle": 0, "density": 1.8, "year_range": "unknown"}}, {"type": "Feature", "geometry": {"type": "Point", "coordinates": [-85.762162, 38.259459]}, "properties": {"crashes": 4, "injury": 0, "fatal": 0, "pedestrian": 0, "bicycle": 0, "density": 1.0, "year_range": "unknown"}}, {"type": "Feature", "geometry": {"type": "Point", "coordinates": [-85.900901, 38.079279]}, "properties": {"crashes": 2, "injury": 0, "fatal": 0, "pedestrian": 0, "bicycle": 0, "density": 0.5, "year_range": "unknown"}}, {"type": "Feature", "geometry": {"type": "Point", "coordinates": [-85.699099, 38.275676]}, "properties": {"crashes": 1, "injury": 0, "fatal": 0, "pedestrian": 0, "bicycle": 0, "density": 0.2, "year_range": "unknown"}}, {"type": "Feature", "geometry": {"type": "Point", "coordinates": [-85.772973, 38.214414]}, "properties": {"crashes": 8, "injury": 0, "fatal": 0, "pedestrian": 0, "bicycle": 0, "density": 2.0, "year_range": "unknown"}}, {"type": "Feature", "geometry": {"type": "Point", "coordinates": [-85.612613, 38.234234]}, "properties": {"crashes": 5, "injury": 0, "fatal": 0, "pedestrian": 0, "bicycle": 0, "density": 1.2, "year_range": "unknown"}}, {"type": "Feature", "geometry": {"type": "Point", "coordinates": [-85.464865, 38.178378]}, "properties": {"crashes": 3, "injury": 0, "fatal": 0, "pedestrian": 0, "bicycle": 0, "density": 0.8, "year_range": "unknown"}}, {"type": "Feature", "geometry": {"type": "Point", "coordinates": [-85.879279, 38.084685]}, "properties": {"crashes": 9, "injury": 0, "fatal": 0, "pedestrian": 0, "bicycle": 0, "density": 2.2, "year_range": "unknown"}}, {"type": "Feature", "geometry": {"type": "Point", "coordinates": [-85.783784, 38.189189]}, "properties": {"crashes": 13, "injury": 0, "fatal": 0, "pedestrian": 0, "bicycle": 0, "density": 3.2, "year_range": "unknown"}}, {"type": "Feature", "geometry": {"type": "Point", "coordinates": [-85.756757, 38.189189]}, "properties": {"crashes": 1, "injury": 0, "fatal": 0, "pedestrian": 0, "bicycle": 0, "density": 0.2, "year_range": "unknown"}}, {"type": "Feature", "geometry": {"type": "Point", "coordinates": [-85.832432, 38.176577]}, "properties": {"crashes": 1, "injury": 0, "fatal": 0, "pedestrian": 0, "bicycle": 0, "density": 0.2, "year_range": "unknown"}}, {"type": "Feature", "geometry": {"type": "Point", "coordinates": [-85.672072, 38.212613]}, "properties": {"crashes": 5, "injury": 0, "fatal": 0, "pedestrian": 0, "bicycle": 0, "density": 1.2, "year_range": "unknown"}}, {"type": "Feature", "geometry": {"type": "Point", "coordinates": [-85.78018, 38.151351]}, "properties": {"crashes": 1, "injury": 0, "fatal": 0, "pedestrian": 0, "bicycle": 0, "density": 0.2, "year_range": "unknown"}}, {"type": "Feature", "geometry": {"type": "Point", "coordinates": [-85.864865, 38.10991]}, "properties": {"crashes": 8, "injury": 0, "fatal": 0, "pedestrian": 0, "bicycle": 0, "density": 2.0, "year_range": "unknown"}}, {"type": "Feature", "geometry": {"type": "Point", "coordinates": [-85.754955, 38.241441]}, "properties": {"crashes": 3, "injury": 0, "fatal": 0, "pedestrian": 0, "bicycle": 0, "density": 0.8, "year_range": "unknown"}}, {"type": "Feature", "geometry": {"type": "Point", "coordinates": [-85.506306, 38.207207]}, "properties": {"crashes": 2, "injury": 0, "fatal": 0, "pedestrian": 0, "bicycle": 0, "density": 0.5, "year_range": "unknown"}}, {"type": "Feature", "geometry": {"type": "Point", "coordinates": [-85.747748, 38.111712]}, "properties": {"crashes": 3, "injury": 0, "fatal": 0, "pedestrian": 0, "bicycle": 0, "density": 0.8, "year_range": "unknown"}}, {"type": "Feature", "geometry": {"type": "Point", "coordinates": [-85.675676, 38.167568]}, "properties": {"crashes": 1, "injury": 0, "fatal": 0, "pedestrian": 0, "bicycle": 0, "density": 0.2, "year_range": "unknown"}}, {"type": "Feature", "geometry": {"type": "Point", "coordinates": [-85.809009, 38.275676]}, "properties": {"crashes": 4, "injury": 0, "fatal": 0, "pedestrian": 0, "bicycle": 0, "density": 1.0, "year_range": "unknown"}}, {"type": "Feature", "geometry": {"type": "Point", "coordinates": [-85.828829, 38.156757]}, "properties": {"crashes": 1, "injury": 0, "fatal": 0, "pedestrian": 0, "bicycle": 0, "density": 0.2, "year_range": "unknown"}}, {"type": "Feature", "geometry": {"type": "Point", "coordinates": [-85.616216, 38.322523]}, "properties": {"crashes": 2, "injury": 0, "fatal": 0, "pedestrian": 0, "bicycle": 0, "density": 0.5, "year_range": "unknown"}}, {"type": "Feature", "geometry": {"type": "Point", "coordinates": [-85.897297, 38.117117]}, "properties": {"crashes": 1, "injury": 0, "fatal": 0, "pedestrian": 0, "bicycle": 0, "density": 0.2, "year_range": "unknown"}}, {"type": "Feature", "geometry": {"type": "Point", "coordinates": [-85.659459, 38.282883]}, "properties": {"crashes": 1, "injury": 0, "fatal": 0, "pedestrian": 0, "bicycle": 0, "density": 0.2, "year_range": "unknown"}}, {"type": "Feature", "geometry": {"type": "Point", "coordinates": [-85.825225, 38.25045]}, "properties": {"crashes": 1, "injury": 0, "fatal": 0, "pedestrian": 0, "bicycle": 0, "density": 0.2, "year_range": "unknown"}}, {"type": "Feature", "geometry": {"type": "Point", "coordinates": [-85.763964, 38.151351]}, "properties": {"crashes": 3, "injury": 0, "fatal": 0, "pedestrian": 0, "bicycle": 0, "density": 0.8, "year_range": "unknown"}}, {"type": "Feature", "geometry": {"type": "Point", "coordinates": [-85.763964, 38.254054]}, "properties": {"crashes": 1, "injury": 0, "fatal": 0, "pedestrian": 0, "bicycle": 0, "density": 0.2, "year_range": "unknown"}}, {"type": "Feature", "geometry": {"type": "Point", "coordinates": [-85.886486, 38.063063]}, "properties": {"crashes": 23, "injury": 0, "fatal": 0, "pedestrian": 0, "bicycle": 0, "density": 5.8, "year_range": "unknown"}}, {"type": "Feature", "geometry": {"type": "Point", "coordinates": [-85.792793, 38.263063]}, "properties": {"crashes": 4, "injury": 0, "fatal": 0, "pedestrian": 0, "bicycle": 0, "density": 1.0, "year_range": "unknown"}}, {"type": "Feature", "geometry": {"type": "Point", "coordinates": [-85.682883, 38.163964]}, "properties": {"crashes": 1, "injury": 0, "fatal": 0, "pedestrian": 0, "bicycle": 0, "density": 0.2, "year_range": "unknown"}}, {"type": "Feature", "geometry": {"type": "Point", "coordinates": [-85.70991, 38.171171]}, "properties": {"crashes": 8, "injury": 0, "fatal": 0, "pedestrian": 0, "bicycle": 0, "density": 2.0, "year_range": "unknown"}}, {"type": "Feature", "geometry": {"type": "Point", "coordinates": [-85.722523, 38.190991]}, "properties": {"crashes": 2, "injury": 0, "fatal": 0, "pedestrian": 0, "bicycle": 0, "density": 0.5, "year_range": "unknown"}}, {"type": "Feature", "geometry": {"type": "Point", "coordinates": [-85.720721, 38.088288]}, "properties": {"crashes": 1, "injury": 0, "fatal": 0, "pedestrian": 0, "bicycle": 0, "density": 0.2, "year_range": "unknown"}}, {"type": "Feature", "geometry": {"type": "Point", "coordinates": [-85.790991, 38.268468]}, "properties": {"crashes": 4, "injury": 0, "fatal": 0, "pedestrian": 0, "bicycle": 0, "density": 1.0, "year_range": "unknown"}}, {"type": "Feature", "geometry": {"type": "Point", "coordinates": [-85.872072, 38.099099]}, "properties": {"crashes": 7, "injury": 0, "fatal": 0, "pedestrian": 0, "bicycle": 0, "density": 1.8, "year_range": "unknown"}}, {"type": "Feature", "geometry": {"type": "Point", "coordinates": [-85.765766, 38.153153]}, "properties": {"crashes": 4, "injury": 0, "fatal": 0, "pedestrian": 0, "bicycle": 0, "density": 1.0, "year_range": "unknown"}}, {"type": "Feature", "geometry": {"type": "Point", "coordinates": [-85.774775, 38.12973]}, "properties": {"crashes": 1, "injury": 0, "fatal": 0, "pedestrian": 0, "bicycle": 0, "density": 0.2, "year_range": "unknown"}}, {"type": "Feature", "geometry": {"type": "Point", "coordinates": [-85.877477, 38.09009]}, "properties": {"crashes": 4, "injury": 0, "fatal": 0, "pedestrian": 0, "bicycle": 0, "density": 1.0, "year_range": "unknown"}}, {"type": "Feature", "geometry": {"type": "Point", "coordinates": [-85.585586, 38.145946]}, "properties": {"crashes": 6, "injury": 0, "fatal": 0, "pedestrian": 0, "bicycle": 0, "density": 1.5, "year_range": "unknown"}}, {"type": "Feature", "geometry": {"type": "Point", "coordinates": [-85.809009, 38.272072]}, "properties": {"crashes": 7, "injury": 0, "fatal": 0, "pedestrian": 0, "bicycle": 0, "density": 1.8, "year_range": "unknown"}}, {"type": "Feature", "geometry": {"type": "Point", "coordinates": [-85.794595, 38.27027]}, "properties": {"crashes": 1, "injury": 0, "fatal": 0, "pedestrian": 0, "bicycle": 0, "density": 0.2, "year_range": "unknown"}}, {"type": "Feature", "geometry": {"type": "Point", "coordinates": [-85.605405, 38.169369]}, "properties": {"crashes": 9, "injury": 0, "fatal": 0, "pedestrian": 0, "bicycle": 0, "density": 2.2, "year_range": "unknown"}}, {"type": "Feature", "geometry": {"type": "Point", "coordinates": [-85.657658, 38.252252]}, "properties": {"crashes": 3, "injury": 0, "fatal": 0, "pedestrian": 0, "bicycle": 0, "density": 0.8, "year_range": "unknown"}}, {"type": "Feature", "geometry": {"type": "Point", "coordinates": [-85.684685, 38.246847]}, "properties": {"crashes": 2, "injury": 0, "fatal": 0, "pedestrian": 0, "bicycle": 0, "density": 0.5, "year_range": "unknown"}}, {"type": "Feature", "geometry": {"type": "Point", "coordinates": [-85.646847, 38.198198]}, "properties": {"crashes": 1, "injury": 0, "fatal": 0, "pedestrian": 0, "bicycle": 0, "density": 0.2, "year_range": "unknown"}}, {"type": "Feature", "geometry": {"type": "Point", "coordinates": [-85.511712, 38.284685]}, "properties": {"crashes": 2, "injury": 0, "fatal": 0, "pedestrian": 0, "bicycle": 0, "density": 0.5, "year_range": "unknown"}}, {"type": "Feature", "geometry": {"type": "Point", "coordinates": [-85.762162, 38.254054]}, "properties": {"crashes": 2, "injury": 0, "fatal": 0, "pedestrian": 0, "bicycle": 0, "density": 0.5, "year_range": "unknown"}}, {"type": "Feature", "geometry": {"type": "Point", "coordinates": [-85.767568, 38.183784]}, "properties": {"crashes": 3, "injury": 0, "fatal": 0, "pedestrian": 0, "bicycle": 0, "density": 0.8, "year_range": "unknown"}}, {"type": "Feature", "geometry": {"type": "Point", "coordinates": [-85.646847, 38.228829]}, "properties": {"crashes": 1, "injury": 0, "fatal": 0, "pedestrian": 0, "bicycle": 0, "density": 0.2, "year_range": "unknown"}}, {"type": "Feature", "geometry": {"type": "Point", "coordinates": [-85.751351, 38.133333]}, "properties": {"crashes": 2, "injury": 0, "fatal": 0, "pedestrian": 0, "bicycle": 0, "density": 0.5, "year_range": "unknown"}}, {"type": "Feature", "geometry": {"type": "Point", "coordinates": [-85.742342, 38.205405]}, "properties": {"crashes": 5, "injury": 0, "fatal": 0, "pedestrian": 0, "bicycle": 0, "density": 1.2, "year_range": "unknown"}}, {"type": "Feature", "geometry": {"type": "Point", "coordinates": [-85.758559, 38.246847]}, "properties": {"crashes": 2, "injury": 0, "fatal": 0, "pedestrian": 0, "bicycle": 0, "density": 0.5, "year_range": "unknown"}}, {"type": "Feature", "geometry": {"type": "Point", "coordinates": [-85.810811, 38.153153]}, "properties": {"crashes": 2, "injury": 0, "fatal": 0, "pedestrian": 0, "bicycle": 0, "density": 0.5, "year_range": "unknown"}}, {"type": "Feature", "geometry": {"type": "Point", "coordinates": [-85.616216, 38.124324]}, "properties": {"crashes": 1, "injury": 0, "fatal": 0, "pedestrian": 0, "bicycle": 0, "density": 0.2, "year_range": "unknown"}}, {"type": "Feature", "geometry": {"type": "Point", "coordinates": [-85.706306, 38.192793]}, "properties": {"crashes": 5, "injury": 0, "fatal": 0, "pedestrian": 0, "bicycle": 0, "density": 1.2, "year_range": "unknown"}}, {"type": "Feature", "geometry": {"type": "Point", "coordinates": [-85.747748, 38.245045]}, "properties": {"crashes": 6, "injury": 0, "fatal": 0, "pedestrian": 0, "bicycle": 0, "density": 1.5, "year_range": "unknown"}}, {"type": "Feature", "geometry": {"type": "Point", "coordinates": [-85.590991, 38.216216]}, "properties": {"crashes": 6, "injury": 0, "fatal": 0, "pedestrian": 0, "bicycle": 0, "density": 1.5, "year_range": "unknown"}}, {"type": "Feature", "geometry": {"type": "Point", "coordinates": [-85.816216, 38.23964]}, "properties": {"crashes": 2, "injury": 0, "fatal": 0, "pedestrian": 0, "bicycle": 0, "density": 0.5, "year_range": "unknown"}}, {"type": "Feature", "geometry": {"type": "Point", "coordinates": [-85.812613, 38.12973]}, "properties": {"crashes": 1, "injury": 0, "fatal": 0, "pedestrian": 0, "bicycle": 0, "density": 0.2, "year_range": "unknown"}}, {"type": "Feature", "geometry": {"type": "Point", "coordinates": [-85.67027, 38.254054]}, "properties": {"crashes": 1, "injury": 0, "fatal": 0, "pedestrian": 0, "bicycle": 0, "density": 0.2, "year_range": "unknown"}}, {"type": "Feature", "geometry": {"type": "Point", "coordinates": [-85.596396, 38.178378]}, "properties": {"crashes": 1, "injury": 0, "fatal": 0, "pedestrian": 0, "bicycle": 0, "density": 0.2, "year_range": "unknown"}}, {"type": "Feature", "geometry": {"type": "Point", "coordinates": [-85.664865, 38.201802]}, "properties": {"crashes": 1, "injury": 0, "fatal": 0, "pedestrian": 0, "bicycle": 0, "density": 0.2, "year_range": "unknown"}}, {"type": "Feature", "geometry": {"type": "Point", "coordinates": [-85.81982, 38.245045]}, "properties": {"crashes": 1, "injury": 0, "fatal": 0, "pedestrian": 0, "bicycle": 0, "density": 0.2, "year_range": "unknown"}}, {"type": "Feature", "geometry": {"type": "Point", "coordinates": [-85.830631, 38.163964]}, "properties": {"crashes": 2, "injury": 0, "fatal": 0, "pedestrian": 0, "bicycle": 0, "density": 0.5, "year_range": "unknown"}}, {"type": "Feature", "geometry": {"type": "Point", "coordinates": [-85.679279, 38.16036]}, "properties": {"crashes": 1, "injury": 0, "fatal": 0, "pedestrian": 0, "bicycle": 0, "density": 0.2, "year_range": "unknown"}}, {"type": "Feature", "geometry": {"type": "Point", "coordinates": [-85.538739, 38.291892]}, "properties": {"crashes": 4, "injury": 0, "fatal": 0, "pedestrian": 0, "bicycle": 0, "density": 1.0, "year_range": "unknown"}}, {"type": "Feature", "geometry": {"type": "Point", "coordinates": [-85.801802, 38.2]}, "properties": {"crashes": 5, "injury": 0, "fatal": 0, "pedestrian": 0, "bicycle": 0, "density": 1.2, "year_range": "unknown"}}, {"type": "Feature", "geometry": {"type": "Point", "coordinates": [-85.569369, 38.190991]}, "properties": {"crashes": 3, "injury": 0, "fatal": 0, "pedestrian": 0, "bicycle": 0, "density": 0.8, "year_range": "unknown"}}, {"type": "Feature", "geometry": {"type": "Point", "coordinates": [-85.854054, 38.185586]}, "properties": {"crashes": 1, "injury": 0, "fatal": 0, "pedestrian": 0, "bicycle": 0, "density": 0.2, "year_range": "unknown"}}, {"type": "Feature", "geometry": {"type": "Point", "coordinates": [-85.609009, 38.300901]}, "properties": {"crashes": 1, "injury": 0, "fatal": 0, "pedestrian": 0, "bicycle": 0, "density": 0.2, "year_range": "unknown"}}, {"type": "Feature", "geometry": {"type": "Point", "coordinates": [-85.587387, 38.212613]}, "properties": {"crashes": 2, "injury": 0, "fatal": 0, "pedestrian": 0, "bicycle": 0, "density": 0.5, "year_range": "unknown"}}, {"type": "Feature", "geometry": {"type": "Point", "coordinates": [-85.771171, 38.257658]}, "properties": {"crashes": 4, "injury": 0, "fatal": 0, "pedestrian": 0, "bicycle": 0, "density": 1.0, "year_range": "unknown"}}, {"type": "Feature", "geometry": {"type": "Point", "coordinates": [-85.78018, 38.228829]}, "properties": {"crashes": 1, "injury": 0, "fatal": 0, "pedestrian": 0, "bicycle": 0, "density": 0.2, "year_range": "unknown"}}, {"type": "Feature", "geometry": {"type": "Point", "coordinates": [-85.801802, 38.205405]}, "properties": {"crashes": 1, "injury": 0, "fatal": 0, "pedestrian": 0, "bicycle": 0, "density": 0.2, "year_range": "unknown"}}, {"type": "Feature", "geometry": {"type": "Point", "coordinates": [-85.911712, 38.021622]}, "properties": {"crashes": 3, "injury": 0, "fatal": 0, "pedestrian": 0, "bicycle": 0, "density": 0.8, "year_range": "unknown"}}, {"type": "Feature", "geometry": {"type": "Point", "coordinates": [-85.783784, 38.115315]}, "properties": {"crashes": 1, "injury": 0, "fatal": 0, "pedestrian": 0, "bicycle": 0, "density": 0.2, "year_range": "unknown"}}, {"type": "Feature", "geometry": {"type": "Point", "coordinates": [-85.754955, 38.106306]}, "properties": {"crashes": 1, "injury": 0, "fatal": 0, "pedestrian": 0, "bicycle": 0, "density": 0.2, "year_range": "unknown"}}, {"type": "Feature", "geometry": {"type": "Point", "coordinates": [-85.682883, 38.167568]}, "properties": {"crashes": 1, "injury": 0, "fatal": 0, "pedestrian": 0, "bicycle": 0, "density": 0.2, "year_range": "unknown"}}, {"type": "Feature", "geometry": {"type": "Point", "coordinates": [-85.645045, 38.223423]}, "properties": {"crashes": 4, "injury": 0, "fatal": 0, "pedestrian": 0, "bicycle": 0, "density": 1.0, "year_range": "unknown"}}, {"type": "Feature", "geometry": {"type": "Point", "coordinates": [-85.936937, 38.005405]}, "properties": {"crashes": 4, "injury": 0, "fatal": 0, "pedestrian": 0, "bicycle": 0, "density": 1.0, "year_range": "unknown"}}, {"type": "Feature", "geometry": {"type": "Point", "coordinates": [-85.731532, 38.25045]}, "properties": {"crashes": 1, "injury": 0, "fatal": 0, "pedestrian": 0, "bicycle": 0, "density": 0.2, "year_range": "unknown"}}, {"type": "Feature", "geometry": {"type": "Point", "coordinates": [-85.836036, 38.151351]}, "properties": {"crashes": 4, "injury": 0, "fatal": 0, "pedestrian": 0, "bicycle": 0, "density": 1.0, "year_range": "unknown"}}, {"type": "Feature", "geometry": {"type": "Point", "coordinates": [-85.807207, 38.255856]}, "properties": {"crashes": 5, "injury": 0, "fatal": 0, "pedestrian": 0, "bicycle": 0, "density": 1.2, "year_range": "unknown"}}, {"type": "Feature", "geometry": {"type": "Point", "coordinates": [-85.866667, 38.165766]}, "properties": {"crashes": 2, "injury": 0, "fatal": 0, "pedestrian": 0, "bicycle": 0, "density": 0.5, "year_range": "unknown"}}, {"type": "Feature", "geometry": {"type": "Point", "coordinates": [-85.814414, 38.183784]}, "properties": {"crashes": 2, "injury": 0, "fatal": 0, "pedestrian": 0, "bicycle": 0, "density": 0.5, "year_range": "unknown"}}, {"type": "Feature", "geometry": {"type": "Point", "coordinates": [-85.630631, 38.282883]}, "properties": {"crashes": 1, "injury": 0, "fatal": 0, "pedestrian": 0, "bicycle": 0, "density": 0.2, "year_range": "unknown"}}, {"type": "Feature", "geometry": {"type": "Point", "coordinates": [-85.781982, 38.248649]}, "properties": {"crashes": 6, "injury": 0, "fatal": 0, "pedestrian": 0, "bicycle": 0, "density": 1.5, "year_range": "unknown"}}, {"type": "Feature", "geometry": {"type": "Point", "coordinates": [-85.70991, 38.194595]}, "properties": {"crashes": 2, "injury": 0, "fatal": 0, "pedestrian": 0, "bicycle": 0, "density": 0.5, "year_range": "unknown"}}, {"type": "Feature", "geometry": {"type": "Point", "coordinates": [-85.899099, 38.084685]}, "properties": {"crashes": 1, "injury": 0, "fatal": 0, "pedestrian": 0, "bicycle": 0, "density": 0.2, "year_range": "unknown"}}, {"type": "Feature", "geometry": {"type": "Point", "coordinates": [-85.636036, 38.25045]}, "properties": {"crashes": 4, "injury": 0, "fatal": 0, "pedestrian": 0, "bicycle": 0, "density": 1.0, "year_range": "unknown"}}, {"type": "Feature", "geometry": {"type": "Point", "coordinates": [-85.724324, 38.263063]}, "properties": {"crashes": 1, "injury": 0, "fatal": 0, "pedestrian": 0, "bicycle": 0, "density": 0.2, "year_range": "unknown"}}, {"type": "Feature", "geometry": {"type": "Point", "coordinates": [-85.742342, 38.212613]}, "properties": {"crashes": 2, "injury": 0, "fatal": 0, "pedestrian": 0, "bicycle": 0, "density": 0.5, "year_range": "unknown"}}, {"type": "Feature", "geometry": {"type": "Point", "coordinates": [-85.699099, 38.2]}, "properties": {"crashes": 2, "injury": 0, "fatal": 0, "pedestrian": 0, "bicycle": 0, "density": 0.5, "year_range": "unknown"}}, {"type": "Feature", "geometry": {"type": "Point", "coordinates": [-85.598198, 38.306306]}, "properties": {"crashes": 3, "injury": 0, "fatal": 0, "pedestrian": 0, "bicycle": 0, "density": 0.8, "year_range": "unknown"}}, {"type": "Feature", "geometry": {"type": "Point", "coordinates": [-85.621622, 38.322523]}, "properties": {"crashes": 2, "injury": 0, "fatal": 0, "pedestrian": 0, "bicycle": 0, "density": 0.5, "year_range": "unknown"}}, {"type": "Feature", "geometry": {"type": "Point", "coordinates": [-85.763964, 38.207207]}, "properties": {"crashes": 3, "injury": 0, "fatal": 0, "pedestrian": 0, "bicycle": 0, "density": 0.8, "year_range": "unknown"}}, {"type": "Feature", "geometry": {"type": "Point", "coordinates": [-85.655856, 38.091892]}, "properties": {"crashes": 1, "injury": 0, "fatal": 0, "pedestrian": 0, "bicycle": 0, "density": 0.2, "year_range": "unknown"}}, {"type": "Feature", "geometry": {"type": "Point", "coordinates": [-85.812613, 38.25045]}, "properties": {"crashes": 2, "injury": 0, "fatal": 0, "pedestrian": 0, "bicycle": 0, "density": 0.5, "year_range": "unknown"}}, {"type": "Feature", "geometry": {"type": "Point", "coordinates": [-85.879279, 38.086486]}, "properties": {"crashes": 1, "injury": 0, "fatal": 0, "pedestrian": 0, "bicycle": 0, "density": 0.2, "year_range": "unknown"}}, {"type": "Feature", "geometry": {"type": "Point", "coordinates": [-85.672072, 38.156757]}, "properties": {"crashes": 4, "injury": 0, "fatal": 0, "pedestrian": 0, "bicycle": 0, "density": 1.0, "year_range": "unknown"}}, {"type": "Feature", "geometry": {"type": "Point", "coordinates": [-85.56036, 38.223423]}, "properties": {"crashes": 1, "injury": 0, "fatal": 0, "pedestrian": 0, "bicycle": 0, "density": 0.2, "year_range": "unknown"}}, {"type": "Feature", "geometry": {"type": "Point", "coordinates": [-85.616216, 38.345946]}, "properties": {"crashes": 3, "injury": 0, "fatal": 0, "pedestrian": 0, "bicycle": 0, "density": 0.8, "year_range": "unknown"}}, {"type": "Feature", "geometry": {"type": "Point", "coordinates": [-85.708108, 38.216216]}, "properties": {"crashes": 7, "injury": 0, "fatal": 0, "pedestrian": 0, "bicycle": 0, "density": 1.8, "year_range": "unknown"}}, {"type": "Feature", "geometry": {"type": "Point", "coordinates": [-85.765766, 38.255856]}, "properties": {"crashes": 3, "injury": 0, "fatal": 0, "pedestrian": 0, "bicycle": 0, "density": 0.8, "year_range": "unknown"}}, {"type": "Feature", "geometry": {"type": "Point", "coordinates": [-85.881081, 38.084685]}, "properties": {"crashes": 4, "injury": 0, "fatal": 0, "pedestrian": 0, "bicycle": 0, "density": 1.0, "year_range": "unknown"}}, {"type": "Feature", "geometry": {"type": "Point", "coordinates": [-85.688288, 38.140541]}, "properties": {"crashes": 2, "injury": 0, "fatal": 0, "pedestrian": 0, "bicycle": 0, "density": 0.5, "year_range": "unknown"}}, {"type": "Feature", "geometry": {"type": "Point", "coordinates": [-85.682883, 38.223423]}, "properties": {"crashes": 3, "injury": 0, "fatal": 0, "pedestrian": 0, "bicycle": 0, "density": 0.8, "year_range": "unknown"}}, {"type": "Feature", "geometry": {"type": "Point", "coordinates": [-85.772973, 38.138739]}, "properties": {"crashes": 1, "injury": 0, "fatal": 0, "pedestrian": 0, "bicycle": 0, "density": 0.2, "year_range": "unknown"}}, {"type": "Feature", "geometry": {"type": "Point", "coordinates": [-85.803604, 38.214414]}, "properties": {"crashes": 1, "injury": 0, "fatal": 0, "pedestrian": 0, "bicycle": 0, "density": 0.2, "year_range": "unknown"}}, {"type": "Feature", "geometry": {"type": "Point", "coordinates": [-85.742342, 38.254054]}, "properties": {"crashes": 3, "injury": 0, "fatal": 0, "pedestrian": 0, "bicycle": 0, "density": 0.8, "year_range": "unknown"}}, {"type": "Feature", "geometry": {"type": "Point", "coordinates": [-85.754955, 38.245045]}, "properties": {"crashes": 7, "injury": 0, "fatal": 0, "pedestrian": 0, "bicycle": 0, "density": 1.8, "year_range": "unknown"}}, {"type": "Feature", "geometry": {"type": "Point", "coordinates": [-85.873874, 38.135135]}, "properties": {"crashes": 3, "injury": 0, "fatal": 0, "pedestrian": 0, "bicycle": 0, "density": 0.8, "year_range": "unknown"}}, {"type": "Feature", "geometry": {"type": "Point", "coordinates": [-85.508108, 38.221622]}, "properties": {"crashes": 1, "injury": 0, "fatal": 0, "pedestrian": 0, "bicycle": 0, "density": 0.2, "year_range": "unknown"}}, {"type": "Feature", "geometry": {"type": "Point", "coordinates": [-85.758559, 38.23964]}, "properties": {"crashes": 2, "injury": 0, "fatal": 0, "pedestrian": 0, "bicycle": 0, "density": 0.5, "year_range": "unknown"}}, {"type": "Feature", "geometry": {"type": "Point", "coordinates": [-85.708108, 38.115315]}, "properties": {"crashes": 1, "injury": 0, "fatal": 0, "pedestrian": 0, "bicycle": 0, "density": 0.2, "year_range": "unknown"}}, {"type": "Feature", "geometry": {"type": "Point", "coordinates": [-85.720721, 38.178378]}, "properties": {"crashes": 2, "injury": 0, "fatal": 0, "pedestrian": 0, "bicycle": 0, "density": 0.5, "year_range": "unknown"}}, {"type": "Feature", "geometry": {"type": "Point", "coordinates": [-85.628829, 38.272072]}, "properties": {"crashes": 1, "injury": 0, "fatal": 0, "pedestrian": 0, "bicycle": 0, "density": 0.2, "year_range": "unknown"}}, {"type": "Feature", "geometry": {"type": "Point", "coordinates": [-85.810811, 38.257658]}, "properties": {"crashes": 2, "injury": 0, "fatal": 0, "pedestrian": 0, "bicycle": 0, "density": 0.5, "year_range": "unknown"}}, {"type": "Feature", "geometry": {"type": "Point", "coordinates": [-85.506306, 38.223423]}, "properties": {"crashes": 1, "injury": 0, "fatal": 0, "pedestrian": 0, "bicycle": 0, "density": 0.2, "year_range": "unknown"}}, {"type": "Feature", "geometry": {"type": "Point", "coordinates": [-85.845045, 38.176577]}, "properties": {"crashes": 2, "injury": 0, "fatal": 0, "pedestrian": 0, "bicycle": 0, "density": 0.5, "year_range": "unknown"}}, {"type": "Feature", "geometry": {"type": "Point", "coordinates": [-85.834234, 38.201802]}, "properties": {"crashes": 4, "injury": 0, "fatal": 0, "pedestrian": 0, "bicycle": 0, "density": 1.0, "year_range": "unknown"}}, {"type": "Feature", "geometry": {"type": "Point", "coordinates": [-85.652252, 38.088288]}, "properties": {"crashes": 1, "injury": 0, "fatal": 0, "pedestrian": 0, "bicycle": 0, "density": 0.2, "year_range": "unknown"}}, {"type": "Feature", "geometry": {"type": "Point", "coordinates": [-85.58018, 38.135135]}, "properties": {"crashes": 8, "injury": 0, "fatal": 0, "pedestrian": 0, "bicycle": 0, "density": 2.0, "year_range": "unknown"}}, {"type": "Feature", "geometry": {"type": "Point", "coordinates": [-85.576577, 38.237838]}, "properties": {"crashes": 2, "injury": 0, "fatal": 0, "pedestrian": 0, "bicycle": 0, "density": 0.5, "year_range": "unknown"}}, {"type": "Feature", "geometry": {"type": "Point", "coordinates": [-85.8, 38.236036]}, "properties": {"crashes": 2, "injury": 0, "fatal": 0, "pedestrian": 0, "bicycle": 0, "density": 0.5, "year_range": "unknown"}}, {"type": "Feature", "geometry": {"type": "Point", "coordinates": [-85.657658, 38.198198]}, "properties": {"crashes": 1, "injury": 0, "fatal": 0, "pedestrian": 0, "bicycle": 0, "density": 0.2, "year_range": "unknown"}}, {"type": "Feature", "geometry": {"type": "Point", "coordinates": [-85.792793, 38.223423]}, "properties": {"crashes": 6, "injury": 0, "fatal": 0, "pedestrian": 0, "bicycle": 0, "density": 1.5, "year_range": "unknown"}}, {"type": "Feature", "geometry": {"type": "Point", "coordinates": [-85.796396, 38.252252]}, "properties": {"crashes": 4, "injury": 0, "fatal": 0, "pedestrian": 0, "bicycle": 0, "density": 1.0, "year_range": "unknown"}}, {"type": "Feature", "geometry": {"type": "Point", "coordinates": [-85.643243, 38.286486]}, "properties": {"crashes": 2, "injury": 0, "fatal": 0, "pedestrian": 0, "bicycle": 0, "density": 0.5, "year_range": "unknown"}}, {"type": "Feature", "geometry": {"type": "Point", "coordinates": [-85.702703, 38.198198]}, "properties": {"crashes": 4, "injury": 0, "fatal": 0, "pedestrian": 0, "bicycle": 0, "density": 1.0, "year_range": "unknown"}}, {"type": "Feature", "geometry": {"type": "Point", "coordinates": [-85.783784, 38.187387]}, "properties": {"crashes": 16, "injury": 0, "fatal": 0, "pedestrian": 0, "bicycle": 0, "density": 4.0, "year_range": "unknown"}}, {"type": "Feature", "geometry": {"type": "Point", "coordinates": [-85.745946, 38.257658]}, "properties": {"crashes": 3, "injury": 0, "fatal": 0, "pedestrian": 0, "bicycle": 0, "density": 0.8, "year_range": "unknown"}}, {"type": "Feature", "geometry": {"type": "Point", "coordinates": [-85.511712, 38.29009]}, "properties": {"crashes": 2, "injury": 0, "fatal": 0, "pedestrian": 0, "bicycle": 0, "density": 0.5, "year_range": "unknown"}}, {"type": "Feature", "geometry": {"type": "Point", "coordinates": [-85.673874, 38.10991]}, "properties": {"crashes": 1, "injury": 0, "fatal": 0, "pedestrian": 0, "bicycle": 0, "density": 0.2, "year_range": "unknown"}}, {"type": "Feature", "geometry": {"type": "Point", "coordinates": [-85.643243, 38.214414]}, "properties": {"crashes": 1, "injury": 0, "fatal": 0, "pedestrian": 0, "bicycle": 0, "density": 0.2, "year_range": "unknown"}}, {"type": "Feature", "geometry": {"type": "Point", "coordinates": [-85.634234, 38.257658]}, "properties": {"crashes": 1, "injury": 0, "fatal": 0, "pedestrian": 0, "bicycle": 0, "density": 0.2, "year_range": "unknown"}}, {"type": "Feature", "geometry": {"type": "Point", "coordinates": [-85.627027, 38.144144]}, "properties": {"crashes": 2, "injury": 0, "fatal": 0, "pedestrian": 0, "bicycle": 0, "density": 0.5, "year_range": "unknown"}}, {"type": "Feature", "geometry": {"type": "Point", "coordinates": [-85.747748, 38.113514]}, "properties": {"crashes": 1, "injury": 0, "fatal": 0, "pedestrian": 0, "bicycle": 0, "density": 0.2, "year_range": "unknown"}}, {"type": "Feature", "geometry": {"type": "Point", "coordinates": [-85.688288, 38.201802]}, "properties": {"crashes": 9, "injury": 0, "fatal": 0, "pedestrian": 0, "bicycle": 0, "density": 2.2, "year_range": "unknown"}}, {"type": "Feature", "geometry": {"type": "Point", "coordinates": [-85.740541, 38.257658]}, "properties": {"crashes": 2, "injury": 0, "fatal": 0, "pedestrian": 0, "bicycle": 0, "density": 0.5, "year_range": "unknown"}}, {"type": "Feature", "geometry": {"type": "Point", "coordinates": [-85.538739, 38.21982]}, "properties": {"crashes": 1, "injury": 0, "fatal": 0, "pedestrian": 0, "bicycle": 0, "density": 0.2, "year_range": "unknown"}}, {"type": "Feature", "geometry": {"type": "Point", "coordinates": [-85.753153, 38.255856]}, "properties": {"crashes": 10, "injury": 0, "fatal": 0, "pedestrian": 0, "bicycle": 0, "density": 2.5, "year_range": "unknown"}}, {"type": "Feature", "geometry": {"type": "Point", "coordinates": [-85.666667, 38.25045]}, "properties": {"crashes": 4, "injury": 0, "fatal": 0, "pedestrian": 0, "bicycle": 0, "density": 1.0, "year_range": "unknown"}}, {"type": "Feature", "geometry": {"type": "Point", "coordinates": [-85.884685, 38.156757]}, "properties": {"crashes": 7, "injury": 0, "fatal": 0, "pedestrian": 0, "bicycle": 0, "density": 1.8, "year_range": "unknown"}}, {"type": "Feature", "geometry": {"type": "Point", "coordinates": [-85.571171, 38.196396]}, "properties": {"crashes": 1, "injury": 0, "fatal": 0, "pedestrian": 0, "bicycle": 0, "density": 0.2, "year_range": "unknown"}}, {"type": "Feature", "geometry": {"type": "Point", "coordinates": [-85.542342, 38.225225]}, "properties": {"crashes": 1, "injury": 0, "fatal": 0, "pedestrian": 0, "bicycle": 0, "density": 0.2, "year_range": "unknown"}}, {"type": "Feature", "geometry": {"type": "Point", "coordinates": [-85.718919, 38.23964]}, "properties": {"crashes": 1, "injury": 0, "fatal": 0, "pedestrian": 0, "bicycle": 0, "density": 0.2, "year_range": "unknown"}}, {"type": "Feature", "geometry": {"type": "Point", "coordinates": [-85.504505, 38.234234]}, "properties": {"crashes": 2, "injury": 0, "fatal": 0, "pedestrian": 0, "bicycle": 0, "density": 0.5, "year_range": "unknown"}}, {"type": "Feature", "geometry": {"type": "Point", "coordinates": [-85.823423, 38.214414]}, "properties": {"crashes": 1, "injury": 0, "fatal": 0, "pedestrian": 0, "bicycle": 0, "density": 0.2, "year_range": "unknown"}}, {"type": "Feature", "geometry": {"type": "Point", "coordinates": [-85.6, 38.086486]}, "properties": {"crashes": 1, "injury": 0, "fatal": 0, "pedestrian": 0, "bicycle": 0, "density": 0.2, "year_range": "unknown"}}, {"type": "Feature", "geometry": {"type": "Point", "coordinates": [-85.803604, 38.261261]}, "properties": {"crashes": 2, "injury": 0, "fatal": 0, "pedestrian": 0, "bicycle": 0, "density": 0.5, "year_range": "unknown"}}, {"type": "Feature", "geometry": {"type": "Point", "coordinates": [-85.812613, 38.243243]}, "properties": {"crashes": 1, "injury": 0, "fatal": 0, "pedestrian": 0, "bicycle": 0, "density": 0.2, "year_range": "unknown"}}, {"type": "Feature", "geometry": {"type": "Point", "coordinates": [-85.522523, 38.187387]}, "properties": {"crashes": 1, "injury": 0, "fatal": 0, "pedestrian": 0, "bicycle": 0, "density": 0.2, "year_range": "unknown"}}, {"type": "Feature", "geometry": {"type": "Point", "coordinates": [-85.718919, 38.158559]}, "properties": {"crashes": 1, "injury": 0, "fatal": 0, "pedestrian": 0, "bicycle": 0, "density": 0.2, "year_range": "unknown"}}, {"type": "Feature", "geometry": {"type": "Point", "coordinates": [-85.794595, 38.21982]}, "properties": {"crashes": 6, "injury": 0, "fatal": 0, "pedestrian": 0, "bicycle": 0, "density": 1.5, "year_range": "unknown"}}, {"type": "Feature", "geometry": {"type": "Point", "coordinates": [-85.830631, 38.196396]}, "properties": {"crashes": 1, "injury": 0, "fatal": 0, "pedestrian": 0, "bicycle": 0, "density": 0.2, "year_range": "unknown"}}, {"type": "Feature", "geometry": {"type": "Point", "coordinates": [-85.852252, 38.124324]}, "properties": {"crashes": 3, "injury": 0, "fatal": 0, "pedestrian": 0, "bicycle": 0, "density": 0.8, "year_range": "unknown"}}, {"type": "Feature", "geometry": {"type": "Point", "coordinates": [-85.771171, 38.210811]}, "properties": {"crashes": 3, "injury": 0, "fatal": 0, "pedestrian": 0, "bicycle": 0, "density": 0.8, "year_range": "unknown"}}, {"type": "Feature", "geometry": {"type": "Point", "coordinates": [-85.718919, 38.18018]}, "properties": {"crashes": 2, "injury": 0, "fatal": 0, "pedestrian": 0, "bicycle": 0, "density": 0.5, "year_range": "unknown"}}, {"type": "Feature", "geometry": {"type": "Point", "coordinates": [-85.708108, 38.2]}, "properties": {"crashes": 5, "injury": 0, "fatal": 0, "pedestrian": 0, "bicycle": 0, "density": 1.2, "year_range": "unknown"}}, {"type": "Feature", "geometry": {"type": "Point", "coordinates": [-85.614414, 38.136937]}, "properties": {"crashes": 1, "injury": 0, "fatal": 0, "pedestrian": 0, "bicycle": 0, "density": 0.2, "year_range": "unknown"}}, {"type": "Feature", "geometry": {"type": "Point", "coordinates": [-85.551351, 38.299099]}, "properties": {"crashes": 1, "injury": 0, "fatal": 0, "pedestrian": 0, "bicycle": 0, "density": 0.2, "year_range": "unknown"}}, {"type": "Feature", "geometry": {"type": "Point", "coordinates": [-85.74955, 38.210811]}, "properties": {"crashes": 2, "injury": 0, "fatal": 0, "pedestrian": 0, "bicycle": 0, "density": 0.5, "year_range": "unknown"}}, {"type": "Feature", "geometry": {"type": "Point", "coordinates": [-85.85045, 38.144144]}, "properties": {"crashes": 2, "injury": 0, "fatal": 0, "pedestrian": 0, "bicycle": 0, "density": 0.5, "year_range": "unknown"}}, {"type": "Feature", "geometry": {"type": "Point", "coordinates": [-85.596396, 38.198198]}, "properties": {"crashes": 1, "injury": 0, "fatal": 0, "pedestrian": 0, "bicycle": 0, "density": 0.2, "year_range": "unknown"}}, {"type": "Feature", "geometry": {"type": "Point", "coordinates": [-85.681081, 38.205405]}, "properties": {"crashes": 2, "injury": 0, "fatal": 0, "pedestrian": 0, "bicycle": 0, "density": 0.5, "year_range": "unknown"}}, {"type": "Feature", "geometry": {"type": "Point", "coordinates": [-85.733333, 38.194595]}, "properties": {"crashes": 3, "injury": 0, "fatal": 0, "pedestrian": 0, "bicycle": 0, "density": 0.8, "year_range": "unknown"}}, {"type": "Feature", "geometry": {"type": "Point", "coordinates": [-85.754955, 38.122523]}, "properties": {"crashes": 1, "injury": 0, "fatal": 0, "pedestrian": 0, "bicycle": 0, "density": 0.2, "year_range": "unknown"}}, {"type": "Feature", "geometry": {"type": "Point", "coordinates": [-85.783784, 38.259459]}, "properties": {"crashes": 3, "injury": 0, "fatal": 0, "pedestrian": 0, "bicycle": 0, "density": 0.8, "year_range": "unknown"}}, {"type": "Feature", "geometry": {"type": "Point", "coordinates": [-85.585586, 38.302703]}, "properties": {"crashes": 3, "injury": 0, "fatal": 0, "pedestrian": 0, "bicycle": 0, "density": 0.8, "year_range": "unknown"}}, {"type": "Feature", "geometry": {"type": "Point", "coordinates": [-85.504505, 38.227027]}, "properties": {"crashes": 3, "injury": 0, "fatal": 0, "pedestrian": 0, "bicycle": 0, "density": 0.8, "year_range": "unknown"}}, {"type": "Feature", "geometry": {"type": "Point", "coordinates": [-85.672072, 38.210811]}, "properties": {"crashes": 6, "injury": 0, "fatal": 0, "pedestrian": 0, "bicycle": 0, "density": 1.5, "year_range": "unknown"}}, {"type": "Feature", "geometry": {"type": "Point", "coordinates": [-85.924324, 38.014414]}, "properties": {"crashes": 2, "injury": 0, "fatal": 0, "pedestrian": 0, "bicycle": 0, "density": 0.5, "year_range": "unknown"}}, {"type": "Feature", "geometry": {"type": "Point", "coordinates": [-85.493694, 38.23964]}, "properties": {"crashes": 1, "injury": 0, "fatal": 0, "pedestrian": 0, "bicycle": 0, "density": 0.2, "year_range": "unknown"}}, {"type": "Feature", "geometry": {"type": "Point", "coordinates": [-85.807207, 38.23964]}, "properties": {"crashes": 1, "injury": 0, "fatal": 0, "pedestrian": 0, "bicycle": 0, "density": 0.2, "year_range": "unknown"}}, {"type": "Feature", "geometry": {"type": "Point", "coordinates": [-85.758559, 38.230631]}, "properties": {"crashes": 1, "injury": 0, "fatal": 0, "pedestrian": 0, "bicycle": 0, "density": 0.2, "year_range": "unknown"}}, {"type": "Feature", "geometry": {"type": "Point", "coordinates": [-85.821622, 38.225225]}, "properties": {"crashes": 1, "injury": 0, "fatal": 0, "pedestrian": 0, "bicycle": 0, "density": 0.2, "year_range": "unknown"}}, {"type": "Feature", "geometry": {"type": "Point", "coordinates": [-85.713514, 38.234234]}, "properties": {"crashes": 1, "injury": 0, "fatal": 0, "pedestrian": 0, "bicycle": 0, "density": 0.2, "year_range": "unknown"}}, {"type": "Feature", "geometry": {"type": "Point", "coordinates": [-85.778378, 38.16036]}, "properties": {"crashes": 4, "injury": 0, "fatal": 0, "pedestrian": 0, "bicycle": 0, "density": 1.0, "year_range": "unknown"}}, {"type": "Feature", "geometry": {"type": "Point", "coordinates": [-85.616216, 38.095495]}, "properties": {"crashes": 1, "injury": 0, "fatal": 0, "pedestrian": 0, "bicycle": 0, "density": 0.2, "year_range": "unknown"}}, {"type": "Feature", "geometry": {"type": "Point", "coordinates": [-85.511712, 38.299099]}, "properties": {"crashes": 8, "injury": 0, "fatal": 0, "pedestrian": 0, "bicycle": 0, "density": 2.0, "year_range": "unknown"}}, {"type": "Feature", "geometry": {"type": "Point", "coordinates": [-85.686486, 38.171171]}, "properties": {"crashes": 2, "injury": 0, "fatal": 0, "pedestrian": 0, "bicycle": 0, "density": 0.5, "year_range": "unknown"}}, {"type": "Feature", "geometry": {"type": "Point", "coordinates": [-85.657658, 38.218018]}, "properties": {"crashes": 1, "injury": 0, "fatal": 0, "pedestrian": 0, "bicycle": 0, "density": 0.2, "year_range": "unknown"}}, {"type": "Feature", "geometry": {"type": "Point", "coordinates": [-85.89009, 38.12973]}, "properties": {"crashes": 1, "injury": 0, "fatal": 0, "pedestrian": 0, "bicycle": 0, "density": 0.2, "year_range": "unknown"}}, {"type": "Feature", "geometry": {"type": "Point", "coordinates": [-85.652252, 38.207207]}, "properties": {"crashes": 1, "injury": 0, "fatal": 0, "pedestrian": 0, "bicycle": 0, "density": 0.2, "year_range": "unknown"}}, {"type": "Feature", "geometry": {"type": "Point", "coordinates": [-85.627027, 38.302703]}, "properties": {"crashes": 3, "injury": 0, "fatal": 0, "pedestrian": 0, "bicycle": 0, "density": 0.8, "year_range": "unknown"}}, {"type": "Feature", "geometry": {"type": "Point", "coordinates": [-85.634234, 38.236036]}, "properties": {"crashes": 1, "injury": 0, "fatal": 0, "pedestrian": 0, "bicycle": 0, "density": 0.2, "year_range": "unknown"}}, {"type": "Feature", "geometry": {"type": "Point", "coordinates": [-85.717117, 38.259459]}, "properties": {"crashes": 1, "injury": 0, "fatal": 0, "pedestrian": 0, "bicycle": 0, "density": 0.2, "year_range": "unknown"}}, {"type": "Feature", "geometry": {"type": "Point", "coordinates": [-85.877477, 38.144144]}, "properties": {"crashes": 1, "injury": 0, "fatal": 0, "pedestrian": 0, "bicycle": 0, "density": 0.2, "year_range": "unknown"}}, {"type": "Feature", "geometry": {"type": "Point", "coordinates": [-85.772973, 38.237838]}, "properties": {"crashes": 2, "injury": 0, "fatal": 0, "pedestrian": 0, "bicycle": 0, "density": 0.5, "year_range": "unknown"}}, {"type": "Feature", "geometry": {"type": "Point", "coordinates": [-85.637838, 38.228829]}, "properties": {"crashes": 1, "injury": 0, "fatal": 0, "pedestrian": 0, "bicycle": 0, "density": 0.2, "year_range": "unknown"}}, {"type": "Feature", "geometry": {"type": "Point", "coordinates": [-85.789189, 38.207207]}, "properties": {"crashes": 7, "injury": 0, "fatal": 0, "pedestrian": 0, "bicycle": 0, "density": 1.8, "year_range": "unknown"}}, {"type": "Feature", "geometry": {"type": "Point", "coordinates": [-85.837838, 38.176577]}, "properties": {"crashes": 2, "injury": 0, "fatal": 0, "pedestrian": 0, "bicycle": 0, "density": 0.5, "year_range": "unknown"}}, {"type": "Feature", "geometry": {"type": "Point", "coordinates": [-85.718919, 38.178378]}, "properties": {"crashes": 2, "injury": 0, "fatal": 0, "pedestrian": 0, "bicycle": 0, "density": 0.5, "year_range": "unknown"}}, {"type": "Feature", "geometry": {"type": "Point", "coordinates": [-85.648649, 38.29009]}, "properties": {"crashes": 3, "injury": 0, "fatal": 0, "pedestrian": 0, "bicycle": 0, "density": 0.8, "year_range": "unknown"}}, {"type": "Feature", "geometry": {"type": "Point", "coordinates": [-85.807207, 38.261261]}, "properties": {"crashes": 3, "injury": 0, "fatal": 0, "pedestrian": 0, "bicycle": 0, "density": 0.8, "year_range": "unknown"}}, {"type": "Feature", "geometry": {"type": "Point", "coordinates": [-85.657658, 38.221622]}, "properties": {"crashes": 4, "injury": 0, "fatal": 0, "pedestrian": 0, "bicycle": 0, "density": 1.0, "year_range": "unknown"}}, {"type": "Feature", "geometry": {"type": "Point", "coordinates": [-85.751351, 38.25045]}, "properties": {"crashes": 4, "injury": 0, "fatal": 0, "pedestrian": 0, "bicycle": 0, "density": 1.0, "year_range": "unknown"}}, {"type": "Feature", "geometry": {"type": "Point", "coordinates": [-85.774775, 38.117117]}, "properties": {"crashes": 1, "injury": 0, "fatal": 0, "pedestrian": 0, "bicycle": 0, "density": 0.2, "year_range": "unknown"}}, {"type": "Feature", "geometry": {"type": "Point", "coordinates": [-85.78018, 38.248649]}, "properties": {"crashes": 3, "injury": 0, "fatal": 0, "pedestrian": 0, "bicycle": 0, "density": 0.8, "year_range": "unknown"}}, {"type": "Feature", "geometry": {"type": "Point", "coordinates": [-85.6, 38.185586]}, "properties": {"crashes": 1, "injury": 0, "fatal": 0, "pedestrian": 0, "bicycle": 0, "density": 0.2, "year_range": "unknown"}}, {"type": "Feature", "geometry": {"type": "Point", "coordinates": [-85.765766, 38.254054]}, "properties": {"crashes": 3, "injury": 0, "fatal": 0, "pedestrian": 0, "bicycle": 0, "density": 0.8, "year_range": "unknown"}}, {"type": "Feature", "geometry": {"type": "Point", "coordinates": [-85.632432, 38.236036]}, "properties": {"crashes": 1, "injury": 0, "fatal": 0, "pedestrian": 0, "bicycle": 0, "density": 0.2, "year_range": "unknown"}}, {"type": "Feature", "geometry": {"type": "Point", "coordinates": [-85.625225, 38.230631]}, "properties": {"crashes": 1, "injury": 0, "fatal": 0, "pedestrian": 0, "bicycle": 0, "density": 0.2, "year_range": "unknown"}}, {"type": "Feature", "geometry": {"type": "Point", "coordinates": [-85.603604, 38.167568]}, "properties": {"crashes": 2, "injury": 0, "fatal": 0, "pedestrian": 0, "bicycle": 0, "density": 0.5, "year_range": "unknown"}}, {"type": "Feature", "geometry": {"type": "Point", "coordinates": [-85.659459, 38.097297]}, "properties": {"crashes": 1, "injury": 0, "fatal": 0, "pedestrian": 0, "bicycle": 0, "density": 0.2, "year_range": "unknown"}}, {"type": "Feature", "geometry": {"type": "Point", "coordinates": [-85.583784, 38.151351]}, "properties": {"crashes": 1, "injury": 0, "fatal": 0, "pedestrian": 0, "bicycle": 0, "density": 0.2, "year_range": "unknown"}}, {"type": "Feature", "geometry": {"type": "Point", "coordinates": [-85.486486, 38.190991]}, "properties": {"crashes": 2, "injury": 0, "fatal": 0, "pedestrian": 0, "bicycle": 0, "density": 0.5, "year_range": "unknown"}}, {"type": "Feature", "geometry": {"type": "Point", "coordinates": [-85.630631, 38.198198]}, "properties": {"crashes": 1, "injury": 0, "fatal": 0, "pedestrian": 0, "bicycle": 0, "density": 0.2, "year_range": "unknown"}}, {"type": "Feature", "geometry": {"type": "Point", "coordinates": [-85.700901, 38.162162]}, "properties": {"crashes": 12, "injury": 0, "fatal": 0, "pedestrian": 0, "bicycle": 0, "density": 3.0, "year_range": "unknown"}}, {"type": "Feature", "geometry": {"type": "Point", "coordinates": [-85.781982, 38.268468]}, "properties": {"crashes": 9, "injury": 0, "fatal": 0, "pedestrian": 0, "bicycle": 0, "density": 2.2, "year_range": "unknown"}}, {"type": "Feature", "geometry": {"type": "Point", "coordinates": [-85.792793, 38.228829]}, "properties": {"crashes": 5, "injury": 0, "fatal": 0, "pedestrian": 0, "bicycle": 0, "density": 1.2, "year_range": "unknown"}}, {"type": "Feature", "geometry": {"type": "Point", "coordinates": [-85.652252, 38.120721]}, "properties": {"crashes": 1, "injury": 0, "fatal": 0, "pedestrian": 0, "bicycle": 0, "density": 0.2, "year_range": "unknown"}}, {"type": "Feature", "geometry": {"type": "Point", "coordinates": [-85.823423, 38.279279]}, "properties": {"crashes": 1, "injury": 0, "fatal": 0, "pedestrian": 0, "bicycle": 0, "density": 0.2, "year_range": "unknown"}}, {"type": "Feature", "geometry": {"type": "Point", "coordinates": [-85.695495, 38.154955]}, "properties": {"crashes": 4, "injury": 0, "fatal": 0, "pedestrian": 0, "bicycle": 0, "density": 1.0, "year_range": "unknown"}}, {"type": "Feature", "geometry": {"type": "Point", "coordinates": [-85.522523, 38.259459]}, "properties": {"crashes": 1, "injury": 0, "fatal": 0, "pedestrian": 0, "bicycle": 0, "density": 0.2, "year_range": "unknown"}}, {"type": "Feature", "geometry": {"type": "Point", "coordinates": [-85.697297, 38.124324]}, "properties": {"crashes": 1, "injury": 0, "fatal": 0, "pedestrian": 0, "bicycle": 0, "density": 0.2, "year_range": "unknown"}}, {"type": "Feature", "geometry": {"type": "Point", "coordinates": [-85.547748, 38.243243]}, "properties": {"crashes": 1, "injury": 0, "fatal": 0, "pedestrian": 0, "bicycle": 0, "density": 0.2, "year_range": "unknown"}}, {"type": "Feature", "geometry": {"type": "Point", "coordinates": [-85.645045, 38.10991]}, "properties": {"crashes": 2, "injury": 0, "fatal": 0, "pedestrian": 0, "bicycle": 0, "density": 0.5, "year_range": "unknown"}}, {"type": "Feature", "geometry": {"type": "Point", "coordinates": [-85.67027, 38.093694]}, "properties": {"crashes": 3, "injury": 0, "fatal": 0, "pedestrian": 0, "bicycle": 0, "density": 0.8, "year_range": "unknown"}}, {"type": "Feature", "geometry": {"type": "Point", "coordinates": [-85.69009, 38.111712]}, "properties": {"crashes": 4, "injury": 0, "fatal": 0, "pedestrian": 0, "bicycle": 0, "density": 1.0, "year_range": "unknown"}}, {"type": "Feature", "geometry": {"type": "Point", "coordinates": [-85.540541, 38.227027]}, "properties": {"crashes": 2, "injury": 0, "fatal": 0, "pedestrian": 0, "bicycle": 0, "density": 0.5, "year_range": "unknown"}}, {"type": "Feature", "geometry": {"type": "Point", "coordinates": [-85.900901, 38.045045]}, "properties": {"crashes": 2, "injury": 0, "fatal": 0, "pedestrian": 0, "bicycle": 0, "density": 0.5, "year_range": "unknown"}}, {"type": "Feature", "geometry": {"type": "Point", "coordinates": [-85.63964, 38.209009]}, "properties": {"crashes": 1, "injury": 0, "fatal": 0, "pedestrian": 0, "bicycle": 0, "density": 0.2, "year_range": "unknown"}}, {"type": "Feature", "geometry": {"type": "Point", "coordinates": [-85.700901, 38.115315]}, "properties": {"crashes": 3, "injury": 0, "fatal": 0, "pedestrian": 0, "bicycle": 0, "density": 0.8, "year_range": "unknown"}}, {"type": "Feature", "geometry": {"type": "Point", "coordinates": [-85.58018, 38.308108]}, "properties": {"crashes": 1, "injury": 0, "fatal": 0, "pedestrian": 0, "bicycle": 0, "density": 0.2, "year_range": "unknown"}}, {"type": "Feature", "geometry": {"type": "Point", "coordinates": [-85.717117, 38.158559]}, "properties": {"crashes": 1, "injury": 0, "fatal": 0, "pedestrian": 0, "bicycle": 0, "density": 0.2, "year_range": "unknown"}}, {"type": "Feature", "geometry": {"type": "Point", "coordinates": [-85.769369, 38.227027]}, "properties": {"crashes": 9, "injury": 0, "fatal": 0, "pedestrian": 0, "bicycle": 0, "density": 2.2, "year_range": "unknown"}}, {"type": "Feature", "geometry": {"type": "Point", "coordinates": [-85.563964, 38.223423]}, "properties": {"crashes": 1, "injury": 0, "fatal": 0, "pedestrian": 0, "bicycle": 0, "density": 0.2, "year_range": "unknown"}}, {"type": "Feature", "geometry": {"type": "Point", "coordinates": [-85.718919, 38.254054]}, "properties": {"crashes": 1, "injury": 0, "fatal": 0, "pedestrian": 0, "bicycle": 0, "density": 0.2, "year_range": "unknown"}}, {"type": "Feature", "geometry": {"type": "Point", "coordinates": [-85.915315, 38.030631]}, "properties": {"crashes": 2, "injury": 0, "fatal": 0, "pedestrian": 0, "bicycle": 0, "density": 0.5, "year_range": "unknown"}}, {"type": "Feature", "geometry": {"type": "Point", "coordinates": [-85.823423, 38.25045]}, "properties": {"crashes": 1, "injury": 0, "fatal": 0, "pedestrian": 0, "bicycle": 0, "density": 0.2, "year_range": "unknown"}}, {"type": "Feature", "geometry": {"type": "Point", "coordinates": [-85.810811, 38.23964]}, "properties": {"crashes": 3, "injury": 0, "fatal": 0, "pedestrian": 0, "bicycle": 0, "density": 0.8, "year_range": "unknown"}}, {"type": "Feature", "geometry": {"type": "Point", "coordinates": [-85.659459, 38.163964]}, "properties": {"crashes": 4, "injury": 0, "fatal": 0, "pedestrian": 0, "bicycle": 0, "density": 1.0, "year_range": "unknown"}}, {"type": "Feature", "geometry": {"type": "Point", "coordinates": [-85.787387, 38.196396]}, "properties": {"crashes": 4, "injury": 0, "fatal": 0, "pedestrian": 0, "bicycle": 0, "density": 1.0, "year_range": "unknown"}}, {"type": "Feature", "geometry": {"type": "Point", "coordinates": [-85.666667, 38.223423]}, "properties": {"crashes": 1, "injury": 0, "fatal": 0, "pedestrian": 0, "bicycle": 0, "density": 0.2, "year_range": "unknown"}}, {"type": "Feature", "geometry": {"type": "Point", "coordinates": [-85.527928, 38.254054]}, "properties": {"crashes": 1, "injury": 0, "fatal": 0, "pedestrian": 0, "bicycle": 0, "density": 0.2, "year_range": "unknown"}}, {"type": "Feature", "geometry": {"type": "Point", "coordinates": [-85.636036, 38.154955]}, "properties": {"crashes": 6, "injury": 0, "fatal": 0, "pedestrian": 0, "bicycle": 0, "density": 1.5, "year_range": "unknown"}}, {"type": "Feature", "geometry": {"type": "Point", "coordinates": [-85.504505, 38.221622]}, "properties": {"crashes": 1, "injury": 0, "fatal": 0, "pedestrian": 0, "bicycle": 0, "density": 0.2, "year_range": "unknown"}}, {"type": "Feature", "geometry": {"type": "Point", "coordinates": [-85.636036, 38.281081]}, "properties": {"crashes": 7, "injury": 0, "fatal": 0, "pedestrian": 0, "bicycle": 0, "density": 1.8, "year_range": "unknown"}}, {"type": "Feature", "geometry": {"type": "Point", "coordinates": [-85.816216, 38.153153]}, "properties": {"crashes": 4, "injury": 0, "fatal": 0, "pedestrian": 0, "bicycle": 0, "density": 1.0, "year_range": "unknown"}}, {"type": "Feature", "geometry": {"type": "Point", "coordinates": [-85.542342, 38.156757]}, "properties": {"crashes": 1, "injury": 0, "fatal": 0, "pedestrian": 0, "bicycle": 0, "density": 0.2, "year_range": "unknown"}}, {"type": "Feature", "geometry": {"type": "Point", "coordinates": [-85.603604, 38.205405]}, "properties": {"crashes": 1, "injury": 0, "fatal": 0, "pedestrian": 0, "bicycle": 0, "density": 0.2, "year_range": "unknown"}}, {"type": "Feature", "geometry": {"type": "Point", "coordinates": [-85.801802, 38.275676]}, "properties": {"crashes": 5, "injury": 0, "fatal": 0, "pedestrian": 0, "bicycle": 0, "density": 1.2, "year_range": "unknown"}}, {"type": "Feature", "geometry": {"type": "Point", "coordinates": [-85.765766, 38.245045]}, "properties": {"crashes": 1, "injury": 0, "fatal": 0, "pedestrian": 0, "bicycle": 0, "density": 0.2, "year_range": "unknown"}}, {"type": "Feature", "geometry": {"type": "Point", "coordinates": [-85.832432, 38.196396]}, "properties": {"crashes": 2, "injury": 0, "fatal": 0, "pedestrian": 0, "bicycle": 0, "density": 0.5, "year_range": "unknown"}}, {"type": "Feature", "geometry": {"type": "Point", "coordinates": [-85.767568, 38.185586]}, "properties": {"crashes": 4, "injury": 0, "fatal": 0, "pedestrian": 0, "bicycle": 0, "density": 1.0, "year_range": "unknown"}}, {"type": "Feature", "geometry": {"type": "Point", "coordinates": [-85.792793, 38.221622]}, "properties": {"crashes": 6, "injury": 0, "fatal": 0, "pedestrian": 0, "bicycle": 0, "density": 1.5, "year_range": "unknown"}}, {"type": "Feature", "geometry": {"type": "Point", "coordinates": [-85.825225, 38.099099]}, "properties": {"crashes": 4, "injury": 0, "fatal": 0, "pedestrian": 0, "bicycle": 0, "density": 1.0, "year_range": "unknown"}}, {"type": "Feature", "geometry": {"type": "Point", "coordinates": [-85.754955, 38.236036]}, "properties": {"crashes": 1, "injury": 0, "fatal": 0, "pedestrian": 0, "bicycle": 0, "density": 0.2, "year_range": "unknown"}}, {"type": "Feature", "geometry": {"type": "Point", "coordinates": [-85.508108, 38.194595]}, "properties": {"crashes": 1, "injury": 0, "fatal": 0, "pedestrian": 0, "bicycle": 0, "density": 0.2, "year_range": "unknown"}}, {"type": "Feature", "geometry": {"type": "Point", "coordinates": [-85.659459, 38.218018]}, "properties": {"crashes": 3, "injury": 0, "fatal": 0, "pedestrian": 0, "bicycle": 0, "density": 0.8, "year_range": "unknown"}}, {"type": "Feature", "geometry": {"type": "Point", "coordinates": [-85.673874, 38.104505]}, "properties": {"crashes": 1, "injury": 0, "fatal": 0, "pedestrian": 0, "bicycle": 0, "density": 0.2, "year_range": "unknown"}}, {"type": "Feature", "geometry": {"type": "Point", "coordinates": [-85.668468, 38.209009]}, "properties": {"crashes": 5, "injury": 0, "fatal": 0, "pedestrian": 0, "bicycle": 0, "density": 1.2, "year_range": "unknown"}}, {"type": "Feature", "geometry": {"type": "Point", "coordinates": [-85.614414, 38.153153]}, "properties": {"crashes": 1, "injury": 0, "fatal": 0, "pedestrian": 0, "bicycle": 0, "density": 0.2, "year_range": "unknown"}}, {"type": "Feature", "geometry": {"type": "Point", "coordinates": [-85.72973, 38.221622]}, "properties": {"crashes": 2, "injury": 0, "fatal": 0, "pedestrian": 0, "bicycle": 0, "density": 0.5, "year_range": "unknown"}}, {"type": "Feature", "geometry": {"type": "Point", "coordinates": [-85.751351, 38.264865]}, "properties": {"crashes": 3, "injury": 0, "fatal": 0, "pedestrian": 0, "bicycle": 0, "density": 0.8, "year_range": "unknown"}}, {"type": "Feature", "geometry": {"type": "Point", "coordinates": [-85.740541, 38.117117]}, "properties": {"crashes": 2, "injury": 0, "fatal": 0, "pedestrian": 0, "bicycle": 0, "density": 0.5, "year_range": "unknown"}}, {"type": "Feature", "geometry": {"type": "Point", "coordinates": [-85.585586, 38.144144]}, "properties": {"crashes": 1, "injury": 0, "fatal": 0, "pedestrian": 0, "bicycle": 0, "density": 0.2, "year_range": "unknown"}}, {"type": "Feature", "geometry": {"type": "Point", "coordinates": [-85.807207, 38.216216]}, "properties": {"crashes": 1, "injury": 0, "fatal": 0, "pedestrian": 0, "bicycle": 0, "density": 0.2, "year_range": "unknown"}}, {"type": "Feature", "geometry": {"type": "Point", "coordinates": [-85.785586, 38.151351]}, "properties": {"crashes": 2, "injury": 0, "fatal": 0, "pedestrian": 0, "bicycle": 0, "density": 0.5, "year_range": "unknown"}}, {"type": "Feature", "geometry": {"type": "Point", "coordinates": [-85.679279, 38.122523]}, "properties": {"crashes": 1, "injury": 0, "fatal": 0, "pedestrian": 0, "bicycle": 0, "density": 0.2, "year_range": "unknown"}}, {"type": "Feature", "geometry": {"type": "Point", "coordinates": [-85.812613, 38.275676]}, "properties": {"crashes": 2, "injury": 0, "fatal": 0, "pedestrian": 0, "bicycle": 0, "density": 0.5, "year_range": "unknown"}}, {"type": "Feature", "geometry": {"type": "Point", "coordinates": [-85.816216, 38.263063]}, "properties": {"crashes": 3, "injury": 0, "fatal": 0, "pedestrian": 0, "bicycle": 0, "density": 0.8, "year_range": "unknown"}}, {"type": "Feature", "geometry": {"type": "Point", "coordinates": [-85.733333, 38.190991]}, "properties": {"crashes": 2, "injury": 0, "fatal": 0, "pedestrian": 0, "bicycle": 0, "density": 0.5, "year_range": "unknown"}}, {"type": "Feature", "geometry": {"type": "Point", "coordinates": [-85.893694, 38.122523]}, "properties": {"crashes": 2, "injury": 0, "fatal": 0, "pedestrian": 0, "bicycle": 0, "density": 0.5, "year_range": "unknown"}}, {"type": "Feature", "geometry": {"type": "Point", "coordinates": [-85.648649, 38.221622]}, "properties": {"crashes": 2, "injury": 0, "fatal": 0, "pedestrian": 0, "bicycle": 0, "density": 0.5, "year_range": "unknown"}}, {"type": "Feature", "geometry": {"type": "Point", "coordinates": [-85.724324, 38.115315]}, "properties": {"crashes": 2, "injury": 0, "fatal": 0, "pedestrian": 0, "bicycle": 0, "density": 0.5, "year_range": "unknown"}}, {"type": "Feature", "geometry": {"type": "Point", "coordinates": [-85.58018, 38.205405]}, "properties": {"crashes": 7, "injury": 0, "fatal": 0, "pedestrian": 0, "bicycle": 0, "density": 1.8, "year_range": "unknown"}}, {"type": "Feature", "geometry": {"type": "Point", "coordinates": [-85.781982, 38.176577]}, "properties": {"crashes": 2, "injury": 0, "fatal": 0, "pedestrian": 0, "bicycle": 0, "density": 0.5, "year_range": "unknown"}}, {"type": "Feature", "geometry": {"type": "Point", "coordinates": [-85.688288, 38.158559]}, "properties": {"crashes": 3, "injury": 0, "fatal": 0, "pedestrian": 0, "bicycle": 0, "density": 0.8, "year_range": "unknown"}}, {"type": "Feature", "geometry": {"type": "Point", "coordinates": [-85.818018, 38.227027]}, "properties": {"crashes": 1, "injury": 0, "fatal": 0, "pedestrian": 0, "bicycle": 0, "density": 0.2, "year_range": "unknown"}}, {"type": "Feature", "geometry": {"type": "Point", "coordinates": [-85.789189, 38.261261]}, "properties": {"crashes": 1, "injury": 0, "fatal": 0, "pedestrian": 0, "bicycle": 0, "density": 0.2, "year_range": "unknown"}}, {"type": "Feature", "geometry": {"type": "Point", "coordinates": [-85.70991, 38.248649]}, "properties": {"crashes": 2, "injury": 0, "fatal": 0, "pedestrian": 0, "bicycle": 0, "density": 0.5, "year_range": "unknown"}}, {"type": "Feature", "geometry": {"type": "Point", "coordinates": [-85.715315, 38.25045]}, "properties": {"crashes": 3, "injury": 0, "fatal": 0, "pedestrian": 0, "bicycle": 0, "density": 0.8, "year_range": "unknown"}}, {"type": "Feature", "geometry": {"type": "Point", "coordinates": [-85.781982, 38.140541]}, "properties": {"crashes": 3, "injury": 0, "fatal": 0, "pedestrian": 0, "bicycle": 0, "density": 0.8, "year_range": "unknown"}}, {"type": "Feature", "geometry": {"type": "Point", "coordinates": [-85.715315, 38.236036]}, "properties": {"crashes": 4, "injury": 0, "fatal": 0, "pedestrian": 0, "bicycle": 0, "density": 1.0, "year_range": "unknown"}}, {"type": "Feature", "geometry": {"type": "Point", "coordinates": [-85.574775, 38.286486]}, "properties": {"crashes": 4, "injury": 0, "fatal": 0, "pedestrian": 0, "bicycle": 0, "density": 1.0, "year_range": "unknown"}}, {"type": "Feature", "geometry": {"type": "Point", "coordinates": [-85.562162, 38.322523]}, "properties": {"crashes": 1, "injury": 0, "fatal": 0, "pedestrian": 0, "bicycle": 0, "density": 0.2, "year_range": "unknown"}}, {"type": "Feature", "geometry": {"type": "Point", "coordinates": [-85.747748, 38.225225]}, "properties": {"crashes": 1, "injury": 0, "fatal": 0, "pedestrian": 0, "bicycle": 0, "density": 0.2, "year_range": "unknown"}}, {"type": "Feature", "geometry": {"type": "Point", "coordinates": [-85.699099, 38.196396]}, "properties": {"crashes": 1, "injury": 0, "fatal": 0, "pedestrian": 0, "bicycle": 0, "density": 0.2, "year_range": "unknown"}}, {"type": "Feature", "geometry": {"type": "Point", "coordinates": [-85.74955, 38.207207]}, "properties": {"crashes": 2, "injury": 0, "fatal": 0, "pedestrian": 0, "bicycle": 0, "density": 0.5, "year_range": "unknown"}}, {"type": "Feature", "geometry": {"type": "Point", "coordinates": [-85.454054, 38.234234]}, "properties": {"crashes": 3, "injury": 0, "fatal": 0, "pedestrian": 0, "bicycle": 0, "density": 0.8, "year_range": "unknown"}}, {"type": "Feature", "geometry": {"type": "Point", "coordinates": [-85.571171, 38.288288]}, "properties": {"crashes": 5, "injury": 0, "fatal": 0, "pedestrian": 0, "bicycle": 0, "density": 1.2, "year_range": "unknown"}}, {"type": "Feature", "geometry": {"type": "Point", "coordinates": [-85.763964, 38.181982]}, "properties": {"crashes": 4, "injury": 0, "fatal": 0, "pedestrian": 0, "bicycle": 0, "density": 1.0, "year_range": "unknown"}}, {"type": "Feature", "geometry": {"type": "Point", "coordinates": [-85.601802, 38.081081]}, "properties": {"crashes": 1, "injury": 0, "fatal": 0, "pedestrian": 0, "bicycle": 0, "density": 0.2, "year_range": "unknown"}}, {"type": "Feature", "geometry": {"type": "Point", "coordinates": [-85.855856, 38.120721]}, "properties": {"crashes": 8, "injury": 0, "fatal": 0, "pedestrian": 0, "bicycle": 0, "density": 2.0, "year_range": "unknown"}}, {"type": "Feature", "geometry": {"type": "Point", "coordinates": [-85.63964, 38.162162]}, "properties": {"crashes": 3, "injury": 0, "fatal": 0, "pedestrian": 0, "bicycle": 0, "density": 0.8, "year_range": "unknown"}}, {"type": "Feature", "geometry": {"type": "Point", "coordinates": [-85.751351, 38.198198]}, "properties": {"crashes": 2, "injury": 0, "fatal": 0, "pedestrian": 0, "bicycle": 0, "density": 0.5, "year_range": "unknown"}}, {"type": "Feature", "geometry": {"type": "Point", "coordinates": [-85.673874, 38.216216]}, "properties": {"crashes": 1, "injury": 0, "fatal": 0, "pedestrian": 0, "bicycle": 0, "density": 0.2, "year_range": "unknown"}}, {"type": "Feature", "geometry": {"type": "Point", "coordinates": [-85.654054, 38.201802]}, "properties": {"crashes": 3, "injury": 0, "fatal": 0, "pedestrian": 0, "bicycle": 0, "density": 0.8, "year_range": "unknown"}}, {"type": "Feature", "geometry": {"type": "Point", "coordinates": [-85.672072, 38.169369]}, "properties": {"crashes": 1, "injury": 0, "fatal": 0, "pedestrian": 0, "bicycle": 0, "density": 0.2, "year_range": "unknown"}}, {"type": "Feature", "geometry": {"type": "Point", "coordinates": [-85.72973, 38.131532]}, "properties": {"crashes": 2, "injury": 0, "fatal": 0, "pedestrian": 0, "bicycle": 0, "density": 0.5, "year_range": "unknown"}}, {"type": "Feature", "geometry": {"type": "Point", "coordinates": [-85.747748, 38.118919]}, "properties": {"crashes": 3, "injury": 0, "fatal": 0, "pedestrian": 0, "bicycle": 0, "density": 0.8, "year_range": "unknown"}}, {"type": "Feature", "geometry": {"type": "Point", "coordinates": [-85.627027, 38.142342]}, "properties": {"crashes": 2, "injury": 0, "fatal": 0, "pedestrian": 0, "bicycle": 0, "density": 0.5, "year_range": "unknown"}}, {"type": "Feature", "geometry": {"type": "Point", "coordinates": [-85.673874, 38.18018]}, "properties": {"crashes": 2, "injury": 0, "fatal": 0, "pedestrian": 0, "bicycle": 0, "density": 0.5, "year_range": "unknown"}}, {"type": "Feature", "geometry": {"type": "Point", "coordinates": [-85.538739, 38.221622]}, "properties": {"crashes": 2, "injury": 0, "fatal": 0, "pedestrian": 0, "bicycle": 0, "density": 0.5, "year_range": "unknown"}}, {"type": "Feature", "geometry": {"type": "Point", "coordinates": [-85.540541, 38.297297]}, "properties": {"crashes": 1, "injury": 0, "fatal": 0, "pedestrian": 0, "bicycle": 0, "density": 0.2, "year_range": "unknown"}}, {"type": "Feature", "geometry": {"type": "Point", "coordinates": [-85.544144, 38.223423]}, "properties": {"crashes": 1, "injury": 0, "fatal": 0, "pedestrian": 0, "bicycle": 0, "density": 0.2, "year_range": "unknown"}}, {"type": "Feature", "geometry": {"type": "Point", "coordinates": [-85.677477, 38.194595]}, "properties": {"crashes": 1, "injury": 0, "fatal": 0, "pedestrian": 0, "bicycle": 0, "density": 0.2, "year_range": "unknown"}}, {"type": "Feature", "geometry": {"type": "Point", "coordinates": [-85.74955, 38.225225]}, "properties": {"crashes": 1, "injury": 0, "fatal": 0, "pedestrian": 0, "bicycle": 0, "density": 0.2, "year_range": "unknown"}}, {"type": "Feature", "geometry": {"type": "Point", "coordinates": [-85.776577, 38.207207]}, "properties": {"crashes": 3, "injury": 0, "fatal": 0, "pedestrian": 0, "bicycle": 0, "density": 0.8, "year_range": "unknown"}}, {"type": "Feature", "geometry": {"type": "Point", "coordinates": [-85.691892, 38.145946]}, "properties": {"crashes": 7, "injury": 0, "fatal": 0, "pedestrian": 0, "bicycle": 0, "density": 1.8, "year_range": "unknown"}}, {"type": "Feature", "geometry": {"type": "Point", "coordinates": [-85.49009, 38.190991]}, "properties": {"crashes": 1, "injury": 0, "fatal": 0, "pedestrian": 0, "bicycle": 0, "density": 0.2, "year_range": "unknown"}}, {"type": "Feature", "geometry": {"type": "Point", "coordinates": [-85.846847, 38.12973]}, "properties": {"crashes": 4, "injury": 0, "fatal": 0, "pedestrian": 0, "bicycle": 0, "density": 1.0, "year_range": "unknown"}}, {"type": "Feature", "geometry": {"type": "Point", "coordinates": [-85.763964, 38.257658]}, "properties": {"crashes": 2, "injury": 0, "fatal": 0, "pedestrian": 0, "bicycle": 0, "density": 0.5, "year_range": "unknown"}}, {"type": "Feature", "geometry": {"type": "Point", "coordinates": [-85.857658, 38.181982]}, "properties": {"crashes": 1, "injury": 0, "fatal": 0, "pedestrian": 0, "bicycle": 0, "density": 0.2, "year_range": "unknown"}}, {"type": "Feature", "geometry": {"type": "Point", "coordinates": [-85.751351, 38.248649]}, "properties": {"crashes": 5, "injury": 0, "fatal": 0, "pedestrian": 0, "bicycle": 0, "density": 1.2, "year_range": "unknown"}}, {"type": "Feature", "geometry": {"type": "Point", "coordinates": [-85.747748, 38.214414]}, "properties": {"crashes": 1, "injury": 0, "fatal": 0, "pedestrian": 0, "bicycle": 0, "density": 0.2, "year_range": "unknown"}}, {"type": "Feature", "geometry": {"type": "Point", "coordinates": [-85.587387, 38.311712]}, "properties": {"crashes": 5, "injury": 0, "fatal": 0, "pedestrian": 0, "bicycle": 0, "density": 1.2, "year_range": "unknown"}}, {"type": "Feature", "geometry": {"type": "Point", "coordinates": [-85.803604, 38.194595]}, "properties": {"crashes": 5, "injury": 0, "fatal": 0, "pedestrian": 0, "bicycle": 0, "density": 1.2, "year_range": "unknown"}}, {"type": "Feature", "geometry": {"type": "Point", "coordinates": [-85.763964, 38.237838]}, "properties": {"crashes": 1, "injury": 0, "fatal": 0, "pedestrian": 0, "bicycle": 0, "density": 0.2, "year_range": "unknown"}}, {"type": "Feature", "geometry": {"type": "Point", "coordinates": [-85.72973, 38.192793]}, "properties": {"crashes": 1, "injury": 0, "fatal": 0, "pedestrian": 0, "bicycle": 0, "density": 0.2, "year_range": "unknown"}}, {"type": "Feature", "geometry": {"type": "Point", "coordinates": [-85.794595, 38.228829]}, "properties": {"crashes": 3, "injury": 0, "fatal": 0, "pedestrian": 0, "bicycle": 0, "density": 0.8, "year_range": "unknown"}}, {"type": "Feature", "geometry": {"type": "Point", "coordinates": [-85.753153, 38.210811]}, "properties": {"crashes": 2, "injury": 0, "fatal": 0, "pedestrian": 0, "bicycle": 0, "density": 0.5, "year_range": "unknown"}}, {"type": "Feature", "geometry": {"type": "Point", "coordinates": [-85.855856, 38.144144]}, "properties": {"crashes": 3, "injury": 0, "fatal": 0, "pedestrian": 0, "bicycle": 0, "density": 0.8, "year_range": "unknown"}}, {"type": "Feature", "geometry": {"type": "Point", "coordinates": [-85.873874, 38.093694]}, "properties": {"crashes": 3, "injury": 0, "fatal": 0, "pedestrian": 0, "bicycle": 0, "density": 0.8, "year_range": "unknown"}}, {"type": "Feature", "geometry": {"type": "Point", "coordinates": [-85.754955, 38.25045]}, "properties": {"crashes": 3, "injury": 0, "fatal": 0, "pedestrian": 0, "bicycle": 0, "density": 0.8, "year_range": "unknown"}}, {"type": "Feature", "geometry": {"type": "Point", "coordinates": [-85.861261, 38.178378]}, "properties": {"crashes": 5, "injury": 0, "fatal": 0, "pedestrian": 0, "bicycle": 0, "density": 1.2, "year_range": "unknown"}}, {"type": "Feature", "geometry": {"type": "Point", "coordinates": [-85.542342, 38.223423]}, "properties": {"crashes": 2, "injury": 0, "fatal": 0, "pedestrian": 0, "bicycle": 0, "density": 0.5, "year_range": "unknown"}}, {"type": "Feature", "geometry": {"type": "Point", "coordinates": [-85.681081, 38.165766]}, "properties": {"crashes": 6, "injury": 0, "fatal": 0, "pedestrian": 0, "bicycle": 0, "density": 1.5, "year_range": "unknown"}}, {"type": "Feature", "geometry": {"type": "Point", "coordinates": [-85.830631, 38.205405]}, "properties": {"crashes": 2, "injury": 0, "fatal": 0, "pedestrian": 0, "bicycle": 0, "density": 0.5, "year_range": "unknown"}}, {"type": "Feature", "geometry": {"type": "Point", "coordinates": [-85.612613, 38.320721]}, "properties": {"crashes": 1, "injury": 0, "fatal": 0, "pedestrian": 0, "bicycle": 0, "density": 0.2, "year_range": "unknown"}}, {"type": "Feature", "geometry": {"type": "Point", "coordinates": [-85.852252, 38.136937]}, "properties": {"crashes": 3, "injury": 0, "fatal": 0, "pedestrian": 0, "bicycle": 0, "density": 0.8, "year_range": "unknown"}}, {"type": "Feature", "geometry": {"type": "Point", "coordinates": [-85.645045, 38.259459]}, "properties": {"crashes": 2, "injury": 0, "fatal": 0, "pedestrian": 0, "bicycle": 0, "density": 0.5, "year_range": "unknown"}}, {"type": "Feature", "geometry": {"type": "Point", "coordinates": [-85.706306, 38.234234]}, "properties": {"crashes": 1, "injury": 0, "fatal": 0, "pedestrian": 0, "bicycle": 0, "density": 0.2, "year_range": "unknown"}}, {"type": "Feature", "geometry": {"type": "Point", "coordinates": [-85.778378, 38.25045]}, "properties": {"crashes": 1, "injury": 0, "fatal": 0, "pedestrian": 0, "bicycle": 0, "density": 0.2, "year_range": "unknown"}}, {"type": "Feature", "geometry": {"type": "Point", "coordinates": [-85.794595, 38.127928]}, "properties": {"crashes": 4, "injury": 0, "fatal": 0, "pedestrian": 0, "bicycle": 0, "density": 1.0, "year_range": "unknown"}}, {"type": "Feature", "geometry": {"type": "Point", "coordinates": [-85.681081, 38.12973]}, "properties": {"crashes": 1, "injury": 0, "fatal": 0, "pedestrian": 0, "bicycle": 0, "density": 0.2, "year_range": "unknown"}}, {"type": "Feature", "geometry": {"type": "Point", "coordinates": [-85.614414, 38.25045]}, "properties": {"crashes": 4, "injury": 0, "fatal": 0, "pedestrian": 0, "bicycle": 0, "density": 1.0, "year_range": "unknown"}}, {"type": "Feature", "geometry": {"type": "Point", "coordinates": [-85.778378, 38.254054]}, "properties": {"crashes": 2, "injury": 0, "fatal": 0, "pedestrian": 0, "bicycle": 0, "density": 0.5, "year_range": "unknown"}}, {"type": "Feature", "geometry": {"type": "Point", "coordinates": [-85.771171, 38.14955]}, "properties": {"crashes": 2, "injury": 0, "fatal": 0, "pedestrian": 0, "bicycle": 0, "density": 0.5, "year_range": "unknown"}}, {"type": "Feature", "geometry": {"type": "Point", "coordinates": [-85.686486, 38.2]}, "properties": {"crashes": 4, "injury": 0, "fatal": 0, "pedestrian": 0, "bicycle": 0, "density": 1.0, "year_range": "unknown"}}, {"type": "Feature", "geometry": {"type": "Point", "coordinates": [-85.700901, 38.106306]}, "properties": {"crashes": 1, "injury": 0, "fatal": 0, "pedestrian": 0, "bicycle": 0, "density": 0.2, "year_range": "unknown"}}, {"type": "Feature", "geometry": {"type": "Point", "coordinates": [-85.726126, 38.158559]}, "properties": {"crashes": 3, "injury": 0, "fatal": 0, "pedestrian": 0, "bicycle": 0, "density": 0.8, "year_range": "unknown"}}, {"type": "Feature", "geometry": {"type": "Point", "coordinates": [-85.41982, 38.218018]}, "properties": {"crashes": 1, "injury": 0, "fatal": 0, "pedestrian": 0, "bicycle": 0, "density": 0.2, "year_range": "unknown"}}, {"type": "Feature", "geometry": {"type": "Point", "coordinates": [-85.762162, 38.228829]}, "properties": {"crashes": 1, "injury": 0, "fatal": 0, "pedestrian": 0, "bicycle": 0, "density": 0.2, "year_range": "unknown"}}, {"type": "Feature", "geometry": {"type": "Point", "coordinates": [-85.576577, 38.311712]}, "properties": {"crashes": 7, "injury": 0, "fatal": 0, "pedestrian": 0, "bicycle": 0, "density": 1.8, "year_range": "unknown"}}, {"type": "Feature", "geometry": {"type": "Point", "coordinates": [-85.882883, 38.176577]}, "properties": {"crashes": 2, "injury": 0, "fatal": 0, "pedestrian": 0, "bicycle": 0, "density": 0.5, "year_range": "unknown"}}, {"type": "Feature", "geometry": {"type": "Point", "coordinates": [-85.893694, 38.126126]}, "properties": {"crashes": 11, "injury": 0, "fatal": 0, "pedestrian": 0, "bicycle": 0, "density": 2.8, "year_range": "unknown"}}, {"type": "Feature", "geometry": {"type": "Point", "coordinates": [-85.767568, 38.151351]}, "properties": {"crashes": 3, "injury": 0, "fatal": 0, "pedestrian": 0, "bicycle": 0, "density": 0.8, "year_range": "unknown"}}, {"type": "Feature", "geometry": {"type": "Point", "coordinates": [-85.814414, 38.14955]}, "properties": {"crashes": 2, "injury": 0, "fatal": 0, "pedestrian": 0, "bicycle": 0, "density": 0.5, "year_range": "unknown"}}, {"type": "Feature", "geometry": {"type": "Point", "coordinates": [-85.756757, 38.241441]}, "properties": {"crashes": 3, "injury": 0, "fatal": 0, "pedestrian": 0, "bicycle": 0, "density": 0.8, "year_range": "unknown"}}, {"type": "Feature", "geometry": {"type": "Point", "coordinates": [-85.556757, 38.144144]}, "properties": {"crashes": 2, "injury": 0, "fatal": 0, "pedestrian": 0, "bicycle": 0, "density": 0.5, "year_range": "unknown"}}, {"type": "Feature", "geometry": {"type": "Point", "coordinates": [-85.735135, 38.2]}, "properties": {"crashes": 1, "injury": 0, "fatal": 0, "pedestrian": 0, "bicycle": 0, "density": 0.2, "year_range": "unknown"}}, {"type": "Feature", "geometry": {"type": "Point", "coordinates": [-85.718919, 38.190991]}, "properties": {"crashes": 6, "injury": 0, "fatal": 0, "pedestrian": 0, "bicycle": 0, "density": 1.5, "year_range": "unknown"}}, {"type": "Feature", "geometry": {"type": "Point", "coordinates": [-85.697297, 38.2]}, "properties": {"crashes": 3, "injury": 0, "fatal": 0, "pedestrian": 0, "bicycle": 0, "density": 0.8, "year_range": "unknown"}}, {"type": "Feature", "geometry": {"type": "Point", "coordinates": [-85.583784, 38.207207]}, "properties": {"crashes": 3, "injury": 0, "fatal": 0, "pedestrian": 0, "bicycle": 0, "density": 0.8, "year_range": "unknown"}}, {"type": "Feature", "geometry": {"type": "Point", "coordinates": [-85.727928, 38.192793]}, "properties": {"crashes": 1, "injury": 0, "fatal": 0, "pedestrian": 0, "bicycle": 0, "density": 0.2, "year_range": "unknown"}}, {"type": "Feature", "geometry": {"type": "Point", "coordinates": [-85.781982, 38.2]}, "properties": {"crashes": 1, "injury": 0, "fatal": 0, "pedestrian": 0, "bicycle": 0, "density": 0.2, "year_range": "unknown"}}, {"type": "Feature", "geometry": {"type": "Point", "coordinates": [-85.774775, 38.145946]}, "properties": {"crashes": 6, "injury": 0, "fatal": 0, "pedestrian": 0, "bicycle": 0, "density": 1.5, "year_range": "unknown"}}, {"type": "Feature", "geometry": {"type": "Point", "coordinates": [-85.765766, 38.176577]}, "properties": {"crashes": 1, "injury": 0, "fatal": 0, "pedestrian": 0, "bicycle": 0, "density": 0.2, "year_range": "unknown"}}, {"type": "Feature", "geometry": {"type": "Point", "coordinates": [-85.818018, 38.25045]}, "properties": {"crashes": 4, "injury": 0, "fatal": 0, "pedestrian": 0, "bicycle": 0, "density": 1.0, "year_range": "unknown"}}, {"type": "Feature", "geometry": {"type": "Point", "coordinates": [-85.783784, 38.214414]}, "properties": {"crashes": 16, "injury": 0, "fatal": 0, "pedestrian": 0, "bicycle": 0, "density": 4.0, "year_range": "unknown"}}, {"type": "Feature", "geometry": {"type": "Point", "coordinates": [-85.852252, 38.144144]}, "properties": {"crashes": 1, "injury": 0, "fatal": 0, "pedestrian": 0, "bicycle": 0, "density": 0.2, "year_range": "unknown"}}, {"type": "Feature", "geometry": {"type": "Point", "coordinates": [-85.781982, 38.196396]}, "properties": {"crashes": 2, "injury": 0, "fatal": 0, "pedestrian": 0, "bicycle": 0, "density": 0.5, "year_range": "unknown"}}, {"type": "Feature", "geometry": {"type": "Point", "coordinates": [-85.823423, 38.174775]}, "properties": {"crashes": 7, "injury": 0, "fatal": 0, "pedestrian": 0, "bicycle": 0, "density": 1.8, "year_range": "unknown"}}, {"type": "Feature", "geometry": {"type": "Point", "coordinates": [-85.776577, 38.151351]}, "properties": {"crashes": 4, "injury": 0, "fatal": 0, "pedestrian": 0, "bicycle": 0, "density": 1.0, "year_range": "unknown"}}, {"type": "Feature", "geometry": {"type": "Point", "coordinates": [-85.76036, 38.14955]}, "properties": {"crashes": 2, "injury": 0, "fatal": 0, "pedestrian": 0, "bicycle": 0, "density": 0.5, "year_range": "unknown"}}, {"type": "Feature", "geometry": {"type": "Point", "coordinates": [-85.67027, 38.16036]}, "properties": {"crashes": 1, "injury": 0, "fatal": 0, "pedestrian": 0, "bicycle": 0, "density": 0.2, "year_range": "unknown"}}, {"type": "Feature", "geometry": {"type": "Point", "coordinates": [-85.63964, 38.227027]}, "properties": {"crashes": 7, "injury": 0, "fatal": 0, "pedestrian": 0, "bicycle": 0, "density": 1.8, "year_range": "unknown"}}, {"type": "Feature", "geometry": {"type": "Point", "coordinates": [-85.488288, 38.227027]}, "properties": {"crashes": 1, "injury": 0, "fatal": 0, "pedestrian": 0, "bicycle": 0, "density": 0.2, "year_range": "unknown"}}, {"type": "Feature", "geometry": {"type": "Point", "coordinates": [-85.581982, 38.138739]}, "properties": {"crashes": 1, "injury": 0, "fatal": 0, "pedestrian": 0, "bicycle": 0, "density": 0.2, "year_range": "unknown"}}, {"type": "Feature", "geometry": {"type": "Point", "coordinates": [-85.814414, 38.225225]}, "properties": {"crashes": 4, "injury": 0, "fatal": 0, "pedestrian": 0, "bicycle": 0, "density": 1.0, "year_range": "unknown"}}, {"type": "Feature", "geometry": {"type": "Point", "coordinates": [-85.578378, 38.228829]}, "properties": {"crashes": 1, "injury": 0, "fatal": 0, "pedestrian": 0, "bicycle": 0, "density": 0.2, "year_range": "unknown"}}, {"type": "Feature", "geometry": {"type": "Point", "coordinates": [-85.810811, 38.091892]}, "properties": {"crashes": 1, "injury": 0, "fatal": 0, "pedestrian": 0, "bicycle": 0, "density": 0.2, "year_range": "unknown"}}, {"type": "Feature", "geometry": {"type": "Point", "coordinates": [-85.731532, 38.131532]}, "properties": {"crashes": 3, "injury": 0, "fatal": 0, "pedestrian": 0, "bicycle": 0, "density": 0.8, "year_range": "unknown"}}, {"type": "Feature", "geometry": {"type": "Point", "coordinates": [-85.87027, 38.14955]}, "properties": {"crashes": 6, "injury": 0, "fatal": 0, "pedestrian": 0, "bicycle": 0, "density": 1.5, "year_range": "unknown"}}, {"type": "Feature", "geometry": {"type": "Point", "coordinates": [-85.625225, 38.21982]}, "properties": {"crashes": 3, "injury": 0, "fatal": 0, "pedestrian": 0, "bicycle": 0, "density": 0.8, "year_range": "unknown"}}, {"type": "Feature", "geometry": {"type": "Point", "coordinates": [-85.74955, 38.228829]}, "properties": {"crashes": 3, "injury": 0, "fatal": 0, "pedestrian": 0, "bicycle": 0, "density": 0.8, "year_range": "unknown"}}, {"type": "Feature", "geometry": {"type": "Point", "coordinates": [-85.825225, 38.172973]}, "properties": {"crashes": 2, "injury": 0, "fatal": 0, "pedestrian": 0, "bicycle": 0, "density": 0.5, "year_range": "unknown"}}, {"type": "Feature", "geometry": {"type": "Point", "coordinates": [-85.81982, 38.178378]}, "properties": {"crashes": 6, "injury": 0, "fatal": 0, "pedestrian": 0, "bicycle": 0, "density": 1.5, "year_range": "unknown"}}, {"type": "Feature", "geometry": {"type": "Point", "coordinates": [-85.872072, 38.144144]}, "properties": {"crashes": 4, "injury": 0, "fatal": 0, "pedestrian": 0, "bicycle": 0, "density": 1.0, "year_range": "unknown"}}, {"type": "Feature", "geometry": {"type": "Point", "coordinates": [-85.783784, 38.185586]}, "properties": {"crashes": 4, "injury": 0, "fatal": 0, "pedestrian": 0, "bicycle": 0, "density": 1.0, "year_range": "unknown"}}, {"type": "Feature", "geometry": {"type": "Point", "coordinates": [-85.569369, 38.308108]}, "properties": {"crashes": 1, "injury": 0, "fatal": 0, "pedestrian": 0, "bicycle": 0, "density": 0.2, "year_range": "unknown"}}, {"type": "Feature", "geometry": {"type": "Point", "coordinates": [-85.769369, 38.255856]}, "properties": {"crashes": 1, "injury": 0, "fatal": 0, "pedestrian": 0, "bicycle": 0, "density": 0.2, "year_range": "unknown"}}, {"type": "Feature", "geometry": {"type": "Point", "coordinates": [-85.702703, 38.272072]}, "properties": {"crashes": 1, "injury": 0, "fatal": 0, "pedestrian": 0, "bicycle": 0, "density": 0.2, "year_range": "unknown"}}, {"type": "Feature", "geometry": {"type": "Point", "coordinates": [-85.765766, 38.194595]}, "properties": {"crashes": 2, "injury": 0, "fatal": 0, "pedestrian": 0, "bicycle": 0, "density": 0.5, "year_range": "unknown"}}, {"type": "Feature", "geometry": {"type": "Point", "coordinates": [-85.589189, 38.153153]}, "properties": {"crashes": 4, "injury": 0, "fatal": 0, "pedestrian": 0, "bicycle": 0, "density": 1.0, "year_range": "unknown"}}, {"type": "Feature", "geometry": {"type": "Point", "coordinates": [-85.614414, 38.2]}, "properties": {"crashes": 1, "injury": 0, "fatal": 0, "pedestrian": 0, "bicycle": 0, "density": 0.2, "year_range": "unknown"}}, {"type": "Feature", "geometry": {"type": "Point", "coordinates": [-85.571171, 38.181982]}, "properties": {"crashes": 2, "injury": 0, "fatal": 0, "pedestrian": 0, "bicycle": 0, "density": 0.5, "year_range": "unknown"}}, {"type": "Feature", "geometry": {"type": "Point", "coordinates": [-85.616216, 38.136937]}, "properties": {"crashes": 1, "injury": 0, "fatal": 0, "pedestrian": 0, "bicycle": 0, "density": 0.2, "year_range": "unknown"}}, {"type": "Feature", "geometry": {"type": "Point", "coordinates": [-85.565766, 38.221622]}, "properties": {"crashes": 1, "injury": 0, "fatal": 0, "pedestrian": 0, "bicycle": 0, "density": 0.2, "year_range": "unknown"}}, {"type": "Feature", "geometry": {"type": "Point", "coordinates": [-85.785586, 38.257658]}, "properties": {"crashes": 3, "injury": 0, "fatal": 0, "pedestrian": 0, "bicycle": 0, "density": 0.8, "year_range": "unknown"}}, {"type": "Feature", "geometry": {"type": "Point", "coordinates": [-85.745946, 38.254054]}, "properties": {"crashes": 2, "injury": 0, "fatal": 0, "pedestrian": 0, "bicycle": 0, "density": 0.5, "year_range": "unknown"}}, {"type": "Feature", "geometry": {"type": "Point", "coordinates": [-85.744144, 38.232432]}, "properties": {"crashes": 1, "injury": 0, "fatal": 0, "pedestrian": 0, "bicycle": 0, "density": 0.2, "year_range": "unknown"}}, {"type": "Feature", "geometry": {"type": "Point", "coordinates": [-85.823423, 38.194595]}, "properties": {"crashes": 3, "injury": 0, "fatal": 0, "pedestrian": 0, "bicycle": 0, "density": 0.8, "year_range": "unknown"}}, {"type": "Feature", "geometry": {"type": "Point", "coordinates": [-85.751351, 38.117117]}, "properties": {"crashes": 1, "injury": 0, "fatal": 0, "pedestrian": 0, "bicycle": 0, "density": 0.2, "year_range": "unknown"}}, {"type": "Feature", "geometry": {"type": "Point", "coordinates": [-85.554955, 38.082883]}, "properties": {"crashes": 1, "injury": 0, "fatal": 0, "pedestrian": 0, "bicycle": 0, "density": 0.2, "year_range": "unknown"}}, {"type": "Feature", "geometry": {"type": "Point", "coordinates": [-85.767568, 38.248649]}, "properties": {"crashes": 1, "injury": 0, "fatal": 0, "pedestrian": 0, "bicycle": 0, "density": 0.2, "year_range": "unknown"}}, {"type": "Feature", "geometry": {"type": "Point", "coordinates": [-85.87027, 38.102703]}, "properties": {"crashes": 4, "injury": 0, "fatal": 0, "pedestrian": 0, "bicycle": 0, "density": 1.0, "year_range": "unknown"}}, {"type": "Feature", "geometry": {"type": "Point", "coordinates": [-85.774775, 38.198198]}, "properties": {"crashes": 1, "injury": 0, "fatal": 0, "pedestrian": 0, "bicycle": 0, "density": 0.2, "year_range": "unknown"}}, {"type": "Feature", "geometry": {"type": "Point", "coordinates": [-85.740541, 38.230631]}, "properties": {"crashes": 1, "injury": 0, "fatal": 0, "pedestrian": 0, "bicycle": 0, "density": 0.2, "year_range": "unknown"}}, {"type": "Feature", "geometry": {"type": "Point", "coordinates": [-85.686486, 38.138739]}, "properties": {"crashes": 4, "injury": 0, "fatal": 0, "pedestrian": 0, "bicycle": 0, "density": 1.0, "year_range": "unknown"}}, {"type": "Feature", "geometry": {"type": "Point", "coordinates": [-85.857658, 38.18018]}, "properties": {"crashes": 2, "injury": 0, "fatal": 0, "pedestrian": 0, "bicycle": 0, "density": 0.5, "year_range": "unknown"}}, {"type": "Feature", "geometry": {"type": "Point", "coordinates": [-85.720721, 38.227027]}, "properties": {"crashes": 6, "injury": 0, "fatal": 0, "pedestrian": 0, "bicycle": 0, "density": 1.5, "year_range": "unknown"}}, {"type": "Feature", "geometry": {"type": "Point", "coordinates": [-85.792793, 38.174775]}, "properties": {"crashes": 1, "injury": 0, "fatal": 0, "pedestrian": 0, "bicycle": 0, "density": 0.2, "year_range": "unknown"}}, {"type": "Feature", "geometry": {"type": "Point", "coordinates": [-85.508108, 38.189189]}, "properties": {"crashes": 2, "injury": 0, "fatal": 0, "pedestrian": 0, "bicycle": 0, "density": 0.5, "year_range": "unknown"}}, {"type": "Feature", "geometry": {"type": "Point", "coordinates": [-85.763964, 38.243243]}, "properties": {"crashes": 1, "injury": 0, "fatal": 0, "pedestrian": 0, "bicycle": 0, "density": 0.2, "year_range": "unknown"}}, {"type": "Feature", "geometry": {"type": "Point", "coordinates": [-85.751351, 38.196396]}, "properties": {"crashes": 1, "injury": 0, "fatal": 0, "pedestrian": 0, "bicycle": 0, "density": 0.2, "year_range": "unknown"}}, {"type": "Feature", "geometry": {"type": "Point", "coordinates": [-85.565766, 38.100901]}, "properties": {"crashes": 1, "injury": 0, "fatal": 0, "pedestrian": 0, "bicycle": 0, "density": 0.2, "year_range": "unknown"}}, {"type": "Feature", "geometry": {"type": "Point", "coordinates": [-85.675676, 38.223423]}, "properties": {"crashes": 2, "injury": 0, "fatal": 0, "pedestrian": 0, "bicycle": 0, "density": 0.5, "year_range": "unknown"}}, {"type": "Feature", "geometry": {"type": "Point", "coordinates": [-85.443243, 38.275676]}, "properties": {"crashes": 1, "injury": 0, "fatal": 0, "pedestrian": 0, "bicycle": 0, "density": 0.2, "year_range": "unknown"}}, {"type": "Feature", "geometry": {"type": "Point", "coordinates": [-85.785586, 38.210811]}, "properties": {"crashes": 6, "injury": 0, "fatal": 0, "pedestrian": 0, "bicycle": 0, "density": 1.5, "year_range": "unknown"}}, {"type": "Feature", "geometry": {"type": "Point", "coordinates": [-85.724324, 38.093694]}, "properties": {"crashes": 2, "injury": 0, "fatal": 0, "pedestrian": 0, "bicycle": 0, "density": 0.5, "year_range": "unknown"}}, {"type": "Feature", "geometry": {"type": "Point", "coordinates": [-85.805405, 38.227027]}, "properties": {"crashes": 1, "injury": 0, "fatal": 0, "pedestrian": 0, "bicycle": 0, "density": 0.2, "year_range": "unknown"}}, {"type": "Feature", "geometry": {"type": "Point", "coordinates": [-85.805405, 38.192793]}, "properties": {"crashes": 4, "injury": 0, "fatal": 0, "pedestrian": 0, "bicycle": 0, "density": 1.0, "year_range": "unknown"}}, {"type": "Feature", "geometry": {"type": "Point", "coordinates": [-85.659459, 38.162162]}, "properties": {"crashes": 1, "injury": 0, "fatal": 0, "pedestrian": 0, "bicycle": 0, "density": 0.2, "year_range": "unknown"}}, {"type": "Feature", "geometry": {"type": "Point", "coordinates": [-85.893694, 38.16036]}, "properties": {"crashes": 1, "injury": 0, "fatal": 0, "pedestrian": 0, "bicycle": 0, "density": 0.2, "year_range": "unknown"}}, {"type": "Feature", "geometry": {"type": "Point", "coordinates": [-85.89009, 38.147748]}, "properties": {"crashes": 1, "injury": 0, "fatal": 0, "pedestrian": 0, "bicycle": 0, "density": 0.2, "year_range": "unknown"}}, {"type": "Feature", "geometry": {"type": "Point", "coordinates": [-85.832432, 38.189189]}, "properties": {"crashes": 1, "injury": 0, "fatal": 0, "pedestrian": 0, "bicycle": 0, "density": 0.2, "year_range": "unknown"}}, {"type": "Feature", "geometry": {"type": "Point", "coordinates": [-85.567568, 38.264865]}, "properties": {"crashes": 5, "injury": 0, "fatal": 0, "pedestrian": 0, "bicycle": 0, "density": 1.2, "year_range": "unknown"}}, {"type": "Feature", "geometry": {"type": "Point", "coordinates": [-85.587387, 38.16036]}, "properties": {"crashes": 1, "injury": 0, "fatal": 0, "pedestrian": 0, "bicycle": 0, "density": 0.2, "year_range": "unknown"}}, {"type": "Feature", "geometry": {"type": "Point", "coordinates": [-85.834234, 38.176577]}, "properties": {"crashes": 9, "injury": 0, "fatal": 0, "pedestrian": 0, "bicycle": 0, "density": 2.2, "year_range": "unknown"}}, {"type": "Feature", "geometry": {"type": "Point", "coordinates": [-85.812613, 38.221622]}, "properties": {"crashes": 7, "injury": 0, "fatal": 0, "pedestrian": 0, "bicycle": 0, "density": 1.8, "year_range": "unknown"}}, {"type": "Feature", "geometry": {"type": "Point", "coordinates": [-85.814414, 38.23964]}, "properties": {"crashes": 3, "injury": 0, "fatal": 0, "pedestrian": 0, "bicycle": 0, "density": 0.8, "year_range": "unknown"}}, {"type": "Feature", "geometry": {"type": "Point", "coordinates": [-85.89009, 38.174775]}, "properties": {"crashes": 4, "injury": 0, "fatal": 0, "pedestrian": 0, "bicycle": 0, "density": 1.0, "year_range": "unknown"}}, {"type": "Feature", "geometry": {"type": "Point", "coordinates": [-85.859459, 38.144144]}, "properties": {"crashes": 2, "injury": 0, "fatal": 0, "pedestrian": 0, "bicycle": 0, "density": 0.5, "year_range": "unknown"}}, {"type": "Feature", "geometry": {"type": "Point", "coordinates": [-85.884685, 38.068468]}, "properties": {"crashes": 6, "injury": 0, "fatal": 0, "pedestrian": 0, "bicycle": 0, "density": 1.5, "year_range": "unknown"}}, {"type": "Feature", "geometry": {"type": "Point", "coordinates": [-85.854054, 38.124324]}, "properties": {"crashes": 1, "injury": 0, "fatal": 0, "pedestrian": 0, "bicycle": 0, "density": 0.2, "year_range": "unknown"}}, {"type": "Feature", "geometry": {"type": "Point", "coordinates": [-85.827027, 38.115315]}, "properties": {"crashes": 1, "injury": 0, "fatal": 0, "pedestrian": 0, "bicycle": 0, "density": 0.2, "year_range": "unknown"}}, {"type": "Feature", "geometry": {"type": "Point", "coordinates": [-85.659459, 38.189189]}, "properties": {"crashes": 1, "injury": 0, "fatal": 0, "pedestrian": 0, "bicycle": 0, "density": 0.2, "year_range": "unknown"}}, {"type": "Feature", "geometry": {"type": "Point", "coordinates": [-85.742342, 38.241441]}, "properties": {"crashes": 1, "injury": 0, "fatal": 0, "pedestrian": 0, "bicycle": 0, "density": 0.2, "year_range": "unknown"}}, {"type": "Feature", "geometry": {"type": "Point", "coordinates": [-85.513514, 38.286486]}, "properties": {"crashes": 2, "injury": 0, "fatal": 0, "pedestrian": 0, "bicycle": 0, "density": 0.5, "year_range": "unknown"}}, {"type": "Feature", "geometry": {"type": "Point", "coordinates": [-85.682883, 38.254054]}, "properties": {"crashes": 1, "injury": 0, "fatal": 0, "pedestrian": 0, "bicycle": 0, "density": 0.2, "year_range": "unknown"}}, {"type": "Feature", "geometry": {"type": "Point", "coordinates": [-85.78018, 38.111712]}, "properties": {"crashes": 1, "injury": 0, "fatal": 0, "pedestrian": 0, "bicycle": 0, "density": 0.2, "year_range": "unknown"}}, {"type": "Feature", "geometry": {"type": "Point", "coordinates": [-85.50991, 38.189189]}, "properties": {"crashes": 5, "injury": 0, "fatal": 0, "pedestrian": 0, "bicycle": 0, "density": 1.2, "year_range": "unknown"}}, {"type": "Feature", "geometry": {"type": "Point", "coordinates": [-85.832432, 38.241441]}, "properties": {"crashes": 1, "injury": 0, "fatal": 0, "pedestrian": 0, "bicycle": 0, "density": 0.2, "year_range": "unknown"}}, {"type": "Feature", "geometry": {"type": "Point", "coordinates": [-85.673874, 38.156757]}, "properties": {"crashes": 2, "injury": 0, "fatal": 0, "pedestrian": 0, "bicycle": 0, "density": 0.5, "year_range": "unknown"}}, {"type": "Feature", "geometry": {"type": "Point", "coordinates": [-85.538739, 38.2]}, "properties": {"crashes": 1, "injury": 0, "fatal": 0, "pedestrian": 0, "bicycle": 0, "density": 0.2, "year_range": "unknown"}}, {"type": "Feature", "geometry": {"type": "Point", "coordinates": [-85.605405, 38.2]}, "properties": {"crashes": 1, "injury": 0, "fatal": 0, "pedestrian": 0, "bicycle": 0, "density": 0.2, "year_range": "unknown"}}, {"type": "Feature", "geometry": {"type": "Point", "coordinates": [-85.805405, 38.254054]}, "properties": {"crashes": 3, "injury": 0, "fatal": 0, "pedestrian": 0, "bicycle": 0, "density": 0.8, "year_range": "unknown"}}, {"type": "Feature", "geometry": {"type": "Point", "coordinates": [-85.886486, 38.145946]}, "properties": {"crashes": 2, "injury": 0, "fatal": 0, "pedestrian": 0, "bicycle": 0, "density": 0.5, "year_range": "unknown"}}, {"type": "Feature", "geometry": {"type": "Point", "coordinates": [-85.706306, 38.163964]}, "properties": {"crashes": 1, "injury": 0, "fatal": 0, "pedestrian": 0, "bicycle": 0, "density": 0.2, "year_range": "unknown"}}, {"type": "Feature", "geometry": {"type": "Point", "coordinates": [-85.891892, 38.165766]}, "properties": {"crashes": 1, "injury": 0, "fatal": 0, "pedestrian": 0, "bicycle": 0, "density": 0.2, "year_range": "unknown"}}, {"type": "Feature", "geometry": {"type": "Point", "coordinates": [-85.682883, 38.241441]}, "properties": {"crashes": 1, "injury": 0, "fatal": 0, "pedestrian": 0, "bicycle": 0, "density": 0.2, "year_range": "unknown"}}, {"type": "Feature", "geometry": {"type": "Point", "coordinates": [-85.659459, 38.185586]}, "properties": {"crashes": 6, "injury": 0, "fatal": 0, "pedestrian": 0, "bicycle": 0, "density": 1.5, "year_range": "unknown"}}, {"type": "Feature", "geometry": {"type": "Point", "coordinates": [-85.655856, 38.201802]}, "properties": {"crashes": 1, "injury": 0, "fatal": 0, "pedestrian": 0, "bicycle": 0, "density": 0.2, "year_range": "unknown"}}, {"type": "Feature", "geometry": {"type": "Point", "coordinates": [-85.661261, 38.12973]}, "properties": {"crashes": 2, "injury": 0, "fatal": 0, "pedestrian": 0, "bicycle": 0, "density": 0.5, "year_range": "unknown"}}, {"type": "Feature", "geometry": {"type": "Point", "coordinates": [-85.513514, 38.288288]}, "properties": {"crashes": 3, "injury": 0, "fatal": 0, "pedestrian": 0, "bicycle": 0, "density": 0.8, "year_range": "unknown"}}, {"type": "Feature", "geometry": {"type": "Point", "coordinates": [-85.540541, 38.295495]}, "properties": {"crashes": 2, "injury": 0, "fatal": 0, "pedestrian": 0, "bicycle": 0, "density": 0.5, "year_range": "unknown"}}, {"type": "Feature", "geometry": {"type": "Point", "coordinates": [-85.677477, 38.118919]}, "properties": {"crashes": 9, "injury": 0, "fatal": 0, "pedestrian": 0, "bicycle": 0, "density": 2.2, "year_range": "unknown"}}, {"type": "Feature", "geometry": {"type": "Point", "coordinates": [-85.699099, 38.246847]}, "properties": {"crashes": 4, "injury": 0, "fatal": 0, "pedestrian": 0, "bicycle": 0, "density": 1.0, "year_range": "unknown"}}, {"type": "Feature", "geometry": {"type": "Point", "coordinates": [-85.627027, 38.209009]}, "properties": {"crashes": 2, "injury": 0, "fatal": 0, "pedestrian": 0, "bicycle": 0, "density": 0.5, "year_range": "unknown"}}, {"type": "Feature", "geometry": {"type": "Point", "coordinates": [-85.769369, 38.210811]}, "properties": {"crashes": 6, "injury": 0, "fatal": 0, "pedestrian": 0, "bicycle": 0, "density": 1.5, "year_range": "unknown"}}, {"type": "Feature", "geometry": {"type": "Point", "coordinates": [-85.778378, 38.21982]}, "properties": {"crashes": 9, "injury": 0, "fatal": 0, "pedestrian": 0, "bicycle": 0, "density": 2.2, "year_range": "unknown"}}, {"type": "Feature", "geometry": {"type": "Point", "coordinates": [-85.81982, 38.248649]}, "properties": {"crashes": 2, "injury": 0, "fatal": 0, "pedestrian": 0, "bicycle": 0, "density": 0.5, "year_range": "unknown"}}, {"type": "Feature", "geometry": {"type": "Point", "coordinates": [-85.659459, 38.212613]}, "properties": {"crashes": 2, "injury": 0, "fatal": 0, "pedestrian": 0, "bicycle": 0, "density": 0.5, "year_range": "unknown"}}, {"type": "Feature", "geometry": {"type": "Point", "coordinates": [-85.742342, 38.228829]}, "properties": {"crashes": 2, "injury": 0, "fatal": 0, "pedestrian": 0, "bicycle": 0, "density": 0.5, "year_range": "unknown"}}, {"type": "Feature", "geometry": {"type": "Point", "coordinates": [-85.695495, 38.254054]}, "properties": {"crashes": 1, "injury": 0, "fatal": 0, "pedestrian": 0, "bicycle": 0, "density": 0.2, "year_range": "unknown"}}, {"type": "Feature", "geometry": {"type": "Point", "coordinates": [-85.693694, 38.201802]}, "properties": {"crashes": 1, "injury": 0, "fatal": 0, "pedestrian": 0, "bicycle": 0, "density": 0.2, "year_range": "unknown"}}, {"type": "Feature", "geometry": {"type": "Point", "coordinates": [-85.713514, 38.174775]}, "properties": {"crashes": 4, "injury": 0, "fatal": 0, "pedestrian": 0, "bicycle": 0, "density": 1.0, "year_range": "unknown"}}, {"type": "Feature", "geometry": {"type": "Point", "coordinates": [-85.801802, 38.190991]}, "properties": {"crashes": 2, "injury": 0, "fatal": 0, "pedestrian": 0, "bicycle": 0, "density": 0.5, "year_range": "unknown"}}, {"type": "Feature", "geometry": {"type": "Point", "coordinates": [-85.706306, 38.136937]}, "properties": {"crashes": 5, "injury": 0, "fatal": 0, "pedestrian": 0, "bicycle": 0, "density": 1.2, "year_range": "unknown"}}, {"type": "Feature", "geometry": {"type": "Point", "coordinates": [-85.828829, 38.187387]}, "properties": {"crashes": 4, "injury": 0, "fatal": 0, "pedestrian": 0, "bicycle": 0, "density": 1.0, "year_range": "unknown"}}, {"type": "Feature", "geometry": {"type": "Point", "coordinates": [-85.776577, 38.147748]}, "properties": {"crashes": 5, "injury": 0, "fatal": 0, "pedestrian": 0, "bicycle": 0, "density": 1.2, "year_range": "unknown"}}, {"type": "Feature", "geometry": {"type": "Point", "coordinates": [-85.897297, 38.135135]}, "properties": {"crashes": 2, "injury": 0, "fatal": 0, "pedestrian": 0, "bicycle": 0, "density": 0.5, "year_range": "unknown"}}, {"type": "Feature", "geometry": {"type": "Point", "coordinates": [-85.83964, 38.144144]}, "properties": {"crashes": 3, "injury": 0, "fatal": 0, "pedestrian": 0, "bicycle": 0, "density": 0.8, "year_range": "unknown"}}, {"type": "Feature", "geometry": {"type": "Point", "coordinates": [-85.623423, 38.21982]}, "properties": {"crashes": 4, "injury": 0, "fatal": 0, "pedestrian": 0, "bicycle": 0, "density": 1.0, "year_range": "unknown"}}, {"type": "Feature", "geometry": {"type": "Point", "coordinates": [-85.776577, 38.254054]}, "properties": {"crashes": 1, "injury": 0, "fatal": 0, "pedestrian": 0, "bicycle": 0, "density": 0.2, "year_range": "unknown"}}, {"type": "Feature", "geometry": {"type": "Point", "coordinates": [-85.605405, 38.302703]}, "properties": {"crashes": 1, "injury": 0, "fatal": 0, "pedestrian": 0, "bicycle": 0, "density": 0.2, "year_range": "unknown"}}, {"type": "Feature", "geometry": {"type": "Point", "coordinates": [-85.612613, 38.245045]}, "properties": {"crashes": 1, "injury": 0, "fatal": 0, "pedestrian": 0, "bicycle": 0, "density": 0.2, "year_range": "unknown"}}, {"type": "Feature", "geometry": {"type": "Point", "coordinates": [-85.65045, 38.291892]}, "properties": {"crashes": 3, "injury": 0, "fatal": 0, "pedestrian": 0, "bicycle": 0, "density": 0.8, "year_range": "unknown"}}, {"type": "Feature", "geometry": {"type": "Point", "coordinates": [-85.740541, 38.245045]}, "properties": {"crashes": 4, "injury": 0, "fatal": 0, "pedestrian": 0, "bicycle": 0, "density": 1.0, "year_range": "unknown"}}, {"type": "Feature", "geometry": {"type": "Point", "coordinates": [-85.681081, 38.234234]}, "properties": {"crashes": 2, "injury": 0, "fatal": 0, "pedestrian": 0, "bicycle": 0, "density": 0.5, "year_range": "unknown"}}, {"type": "Feature", "geometry": {"type": "Point", "coordinates": [-85.526126, 38.288288]}, "properties": {"crashes": 1, "injury": 0, "fatal": 0, "pedestrian": 0, "bicycle": 0, "density": 0.2, "year_range": "unknown"}}, {"type": "Feature", "geometry": {"type": "Point", "coordinates": [-85.742342, 38.259459]}, "properties": {"crashes": 5, "injury": 0, "fatal": 0, "pedestrian": 0, "bicycle": 0, "density": 1.2, "year_range": "unknown"}}, {"type": "Feature", "geometry": {"type": "Point", "coordinates": [-85.686486, 38.144144]}, "properties": {"crashes": 2, "injury": 0, "fatal": 0, "pedestrian": 0, "bicycle": 0, "density": 0.5, "year_range": "unknown"}}, {"type": "Feature", "geometry": {"type": "Point", "coordinates": [-85.697297, 38.136937]}, "properties": {"crashes": 8, "injury": 0, "fatal": 0, "pedestrian": 0, "bicycle": 0, "density": 2.0, "year_range": "unknown"}}, {"type": "Feature", "geometry": {"type": "Point", "coordinates": [-85.623423, 38.2]}, "properties": {"crashes": 5, "injury": 0, "fatal": 0, "pedestrian": 0, "bicycle": 0, "density": 1.2, "year_range": "unknown"}}, {"type": "Feature", "geometry": {"type": "Point", "coordinates": [-85.776577, 38.221622]}, "properties": {"crashes": 1, "injury": 0, "fatal": 0, "pedestrian": 0, "bicycle": 0, "density": 0.2, "year_range": "unknown"}}, {"type": "Feature", "geometry": {"type": "Point", "coordinates": [-85.794595, 38.221622]}, "properties": {"crashes": 3, "injury": 0, "fatal": 0, "pedestrian": 0, "bicycle": 0, "density": 0.8, "year_range": "unknown"}}, {"type": "Feature", "geometry": {"type": "Point", "coordinates": [-85.868468, 38.174775]}, "properties": {"crashes": 1, "injury": 0, "fatal": 0, "pedestrian": 0, "bicycle": 0, "density": 0.2, "year_range": "unknown"}}, {"type": "Feature", "geometry": {"type": "Point", "coordinates": [-85.859459, 38.104505]}, "properties": {"crashes": 1, "injury": 0, "fatal": 0, "pedestrian": 0, "bicycle": 0, "density": 0.2, "year_range": "unknown"}}, {"type": "Feature", "geometry": {"type": "Point", "coordinates": [-85.601802, 38.277477]}, "properties": {"crashes": 2, "injury": 0, "fatal": 0, "pedestrian": 0, "bicycle": 0, "density": 0.5, "year_range": "unknown"}}, {"type": "Feature", "geometry": {"type": "Point", "coordinates": [-85.753153, 38.140541]}, "properties": {"crashes": 2, "injury": 0, "fatal": 0, "pedestrian": 0, "bicycle": 0, "density": 0.5, "year_range": "unknown"}}, {"type": "Feature", "geometry": {"type": "Point", "coordinates": [-85.614414, 38.300901]}, "properties": {"crashes": 1, "injury": 0, "fatal": 0, "pedestrian": 0, "bicycle": 0, "density": 0.2, "year_range": "unknown"}}, {"type": "Feature", "geometry": {"type": "Point", "coordinates": [-85.841441, 38.140541]}, "properties": {"crashes": 2, "injury": 0, "fatal": 0, "pedestrian": 0, "bicycle": 0, "density": 0.5, "year_range": "unknown"}}, {"type": "Feature", "geometry": {"type": "Point", "coordinates": [-85.547748, 38.223423]}, "properties": {"crashes": 1, "injury": 0, "fatal": 0, "pedestrian": 0, "bicycle": 0, "density": 0.2, "year_range": "unknown"}}, {"type": "Feature", "geometry": {"type": "Point", "coordinates": [-85.745946, 38.259459]}, "properties": {"crashes": 5, "injury": 0, "fatal": 0, "pedestrian": 0, "bicycle": 0, "density": 1.2, "year_range": "unknown"}}, {"type": "Feature", "geometry": {"type": "Point", "coordinates": [-85.634234, 38.136937]}, "properties": {"crashes": 1, "injury": 0, "fatal": 0, "pedestrian": 0, "bicycle": 0, "density": 0.2, "year_range": "unknown"}}, {"type": "Feature", "geometry": {"type": "Point", "coordinates": [-85.87027, 38.174775]}, "properties": {"crashes": 6, "injury": 0, "fatal": 0, "pedestrian": 0, "bicycle": 0, "density": 1.5, "year_range": "unknown"}}, {"type": "Feature", "geometry": {"type": "Point", "coordinates": [-85.562162, 38.245045]}, "properties": {"crashes": 2, "injury": 0, "fatal": 0, "pedestrian": 0, "bicycle": 0, "density": 0.5, "year_range": "unknown"}}, {"type": "Feature", "geometry": {"type": "Point", "coordinates": [-85.798198, 38.273874]}, "properties": {"crashes": 1, "injury": 0, "fatal": 0, "pedestrian": 0, "bicycle": 0, "density": 0.2, "year_range": "unknown"}}, {"type": "Feature", "geometry": {"type": "Point", "coordinates": [-85.681081, 38.167568]}, "properties": {"crashes": 5, "injury": 0, "fatal": 0, "pedestrian": 0, "bicycle": 0, "density": 1.2, "year_range": "unknown"}}, {"type": "Feature", "geometry": {"type": "Point", "coordinates": [-85.590991, 38.281081]}, "properties": {"crashes": 2, "injury": 0, "fatal": 0, "pedestrian": 0, "bicycle": 0, "density": 0.5, "year_range": "unknown"}}, {"type": "Feature", "geometry": {"type": "Point", "coordinates": [-85.751351, 38.230631]}, "properties": {"crashes": 2, "injury": 0, "fatal": 0, "pedestrian": 0, "bicycle": 0, "density": 0.5, "year_range": "unknown"}}, {"type": "Feature", "geometry": {"type": "Point", "coordinates": [-85.877477, 38.088288]}, "properties": {"crashes": 3, "injury": 0, "fatal": 0, "pedestrian": 0, "bicycle": 0, "density": 0.8, "year_range": "unknown"}}, {"type": "Feature", "geometry": {"type": "Point", "coordinates": [-85.578378, 38.131532]}, "properties": {"crashes": 7, "injury": 0, "fatal": 0, "pedestrian": 0, "bicycle": 0, "density": 1.8, "year_range": "unknown"}}, {"type": "Feature", "geometry": {"type": "Point", "coordinates": [-85.763964, 38.162162]}, "properties": {"crashes": 3, "injury": 0, "fatal": 0, "pedestrian": 0, "bicycle": 0, "density": 0.8, "year_range": "unknown"}}, {"type": "Feature", "geometry": {"type": "Point", "coordinates": [-85.857658, 38.118919]}, "properties": {"crashes": 5, "injury": 0, "fatal": 0, "pedestrian": 0, "bicycle": 0, "density": 1.2, "year_range": "unknown"}}, {"type": "Feature", "geometry": {"type": "Point", "coordinates": [-85.744144, 38.245045]}, "properties": {"crashes": 4, "injury": 0, "fatal": 0, "pedestrian": 0, "bicycle": 0, "density": 1.0, "year_range": "unknown"}}, {"type": "Feature", "geometry": {"type": "Point", "coordinates": [-85.563964, 38.273874]}, "properties": {"crashes": 5, "injury": 0, "fatal": 0, "pedestrian": 0, "bicycle": 0, "density": 1.2, "year_range": "unknown"}}, {"type": "Feature", "geometry": {"type": "Point", "coordinates": [-85.74955, 38.245045]}, "properties": {"crashes": 2, "injury": 0, "fatal": 0, "pedestrian": 0, "bicycle": 0, "density": 0.5, "year_range": "unknown"}}, {"type": "Feature", "geometry": {"type": "Point", "coordinates": [-85.825225, 38.14955]}, "properties": {"crashes": 6, "injury": 0, "fatal": 0, "pedestrian": 0, "bicycle": 0, "density": 1.5, "year_range": "unknown"}}, {"type": "Feature", "geometry": {"type": "Point", "coordinates": [-85.785586, 38.25045]}, "properties": {"crashes": 4, "injury": 0, "fatal": 0, "pedestrian": 0, "bicycle": 0, "density": 1.0, "year_range": "unknown"}}, {"type": "Feature", "geometry": {"type": "Point", "coordinates": [-85.654054, 38.252252]}, "properties": {"crashes": 2, "injury": 0, "fatal": 0, "pedestrian": 0, "bicycle": 0, "density": 0.5, "year_range": "unknown"}}, {"type": "Feature", "geometry": {"type": "Point", "coordinates": [-85.832432, 38.183784]}, "properties": {"crashes": 1, "injury": 0, "fatal": 0, "pedestrian": 0, "bicycle": 0, "density": 0.2, "year_range": "unknown"}}, {"type": "Feature", "geometry": {"type": "Point", "coordinates": [-85.702703, 38.165766]}, "properties": {"crashes": 2, "injury": 0, "fatal": 0, "pedestrian": 0, "bicycle": 0, "density": 0.5, "year_range": "unknown"}}, {"type": "Feature", "geometry": {"type": "Point", "coordinates": [-85.758559, 38.126126]}, "properties": {"crashes": 2, "injury": 0, "fatal": 0, "pedestrian": 0, "bicycle": 0, "density": 0.5, "year_range": "unknown"}}, {"type": "Feature", "geometry": {"type": "Point", "coordinates": [-85.809009, 38.261261]}, "properties": {"crashes": 1, "injury": 0, "fatal": 0, "pedestrian": 0, "bicycle": 0, "density": 0.2, "year_range": "unknown"}}, {"type": "Feature", "geometry": {"type": "Point", "coordinates": [-85.594595, 38.147748]}, "properties": {"crashes": 1, "injury": 0, "fatal": 0, "pedestrian": 0, "bicycle": 0, "density": 0.2, "year_range": "unknown"}}, {"type": "Feature", "geometry": {"type": "Point", "coordinates": [-85.693694, 38.241441]}, "properties": {"crashes": 2, "injury": 0, "fatal": 0, "pedestrian": 0, "bicycle": 0, "density": 0.5, "year_range": "unknown"}}, {"type": "Feature", "geometry": {"type": "Point", "coordinates": [-85.508108, 38.196396]}, "properties": {"crashes": 1, "injury": 0, "fatal": 0, "pedestrian": 0, "bicycle": 0, "density": 0.2, "year_range": "unknown"}}, {"type": "Feature", "geometry": {"type": "Point", "coordinates": [-85.679279, 38.163964]}, "properties": {"crashes": 3, "injury": 0, "fatal": 0, "pedestrian": 0, "bicycle": 0, "density": 0.8, "year_range": "unknown"}}, {"type": "Feature", "geometry": {"type": "Point", "coordinates": [-85.598198, 38.210811]}, "properties": {"crashes": 5, "injury": 0, "fatal": 0, "pedestrian": 0, "bicycle": 0, "density": 1.2, "year_range": "unknown"}}, {"type": "Feature", "geometry": {"type": "Point", "coordinates": [-85.763964, 38.232432]}, "properties": {"crashes": 1, "injury": 0, "fatal": 0, "pedestrian": 0, "bicycle": 0, "density": 0.2, "year_range": "unknown"}}, {"type": "Feature", "geometry": {"type": "Point", "coordinates": [-85.794595, 38.255856]}, "properties": {"crashes": 5, "injury": 0, "fatal": 0, "pedestrian": 0, "bicycle": 0, "density": 1.2, "year_range": "unknown"}}, {"type": "Feature", "geometry": {"type": "Point", "coordinates": [-85.848649, 38.163964]}, "properties": {"crashes": 1, "injury": 0, "fatal": 0, "pedestrian": 0, "bicycle": 0, "density": 0.2, "year_range": "unknown"}}, {"type": "Feature", "geometry": {"type": "Point", "coordinates": [-85.731532, 38.158559]}, "properties": {"crashes": 1, "injury": 0, "fatal": 0, "pedestrian": 0, "bicycle": 0, "density": 0.2, "year_range": "unknown"}}, {"type": "Feature", "geometry": {"type": "Point", "coordinates": [-85.627027, 38.138739]}, "properties": {"crashes": 2, "injury": 0, "fatal": 0, "pedestrian": 0, "bicycle": 0, "density": 0.5, "year_range": "unknown"}}, {"type": "Feature", "geometry": {"type": "Point", "coordinates": [-85.603604, 38.138739]}, "properties": {"crashes": 1, "injury": 0, "fatal": 0, "pedestrian": 0, "bicycle": 0, "density": 0.2, "year_range": "unknown"}}, {"type": "Feature", "geometry": {"type": "Point", "coordinates": [-85.587387, 38.151351]}, "properties": {"crashes": 1, "injury": 0, "fatal": 0, "pedestrian": 0, "bicycle": 0, "density": 0.2, "year_range": "unknown"}}, {"type": "Feature", "geometry": {"type": "Point", "coordinates": [-85.463063, 38.151351]}, "properties": {"crashes": 1, "injury": 0, "fatal": 0, "pedestrian": 0, "bicycle": 0, "density": 0.2, "year_range": "unknown"}}, {"type": "Feature", "geometry": {"type": "Point", "coordinates": [-85.89009, 38.057658]}, "properties": {"crashes": 3, "injury": 0, "fatal": 0, "pedestrian": 0, "bicycle": 0, "density": 0.8, "year_range": "unknown"}}, {"type": "Feature", "geometry": {"type": "Point", "coordinates": [-85.578378, 38.223423]}, "properties": {"crashes": 2, "injury": 0, "fatal": 0, "pedestrian": 0, "bicycle": 0, "density": 0.5, "year_range": "unknown"}}, {"type": "Feature", "geometry": {"type": "Point", "coordinates": [-85.735135, 38.201802]}, "properties": {"crashes": 1, "injury": 0, "fatal": 0, "pedestrian": 0, "bicycle": 0, "density": 0.2, "year_range": "unknown"}}, {"type": "Feature", "geometry": {"type": "Point", "coordinates": [-85.740541, 38.210811]}, "properties": {"crashes": 2, "injury": 0, "fatal": 0, "pedestrian": 0, "bicycle": 0, "density": 0.5, "year_range": "unknown"}}, {"type": "Feature", "geometry": {"type": "Point", "coordinates": [-85.776577, 38.14955]}, "properties": {"crashes": 1, "injury": 0, "fatal": 0, "pedestrian": 0, "bicycle": 0, "density": 0.2, "year_range": "unknown"}}, {"type": "Feature", "geometry": {"type": "Point", "coordinates": [-85.697297, 38.227027]}, "properties": {"crashes": 1, "injury": 0, "fatal": 0, "pedestrian": 0, "bicycle": 0, "density": 0.2, "year_range": "unknown"}}, {"type": "Feature", "geometry": {"type": "Point", "coordinates": [-85.637838, 38.187387]}, "properties": {"crashes": 3, "injury": 0, "fatal": 0, "pedestrian": 0, "bicycle": 0, "density": 0.8, "year_range": "unknown"}}, {"type": "Feature", "geometry": {"type": "Point", "coordinates": [-85.790991, 38.248649]}, "properties": {"crashes": 7, "injury": 0, "fatal": 0, "pedestrian": 0, "bicycle": 0, "density": 1.8, "year_range": "unknown"}}, {"type": "Feature", "geometry": {"type": "Point", "coordinates": [-85.684685, 38.282883]}, "properties": {"crashes": 1, "injury": 0, "fatal": 0, "pedestrian": 0, "bicycle": 0, "density": 0.2, "year_range": "unknown"}}, {"type": "Feature", "geometry": {"type": "Point", "coordinates": [-85.502703, 38.268468]}, "properties": {"crashes": 1, "injury": 0, "fatal": 0, "pedestrian": 0, "bicycle": 0, "density": 0.2, "year_range": "unknown"}}, {"type": "Feature", "geometry": {"type": "Point", "coordinates": [-85.607207, 38.165766]}, "properties": {"crashes": 3, "injury": 0, "fatal": 0, "pedestrian": 0, "bicycle": 0, "density": 0.8, "year_range": "unknown"}}, {"type": "Feature", "geometry": {"type": "Point", "coordinates": [-85.790991, 38.252252]}, "properties": {"crashes": 2, "injury": 0, "fatal": 0, "pedestrian": 0, "bicycle": 0, "density": 0.5, "year_range": "unknown"}}, {"type": "Feature", "geometry": {"type": "Point", "coordinates": [-85.666667, 38.091892]}, "properties": {"crashes": 1, "injury": 0, "fatal": 0, "pedestrian": 0, "bicycle": 0, "density": 0.2, "year_range": "unknown"}}, {"type": "Feature", "geometry": {"type": "Point", "coordinates": [-85.772973, 38.192793]}, "properties": {"crashes": 2, "injury": 0, "fatal": 0, "pedestrian": 0, "bicycle": 0, "density": 0.5, "year_range": "unknown"}}, {"type": "Feature", "geometry": {"type": "Point", "coordinates": [-85.854054, 38.183784]}, "properties": {"crashes": 1, "injury": 0, "fatal": 0, "pedestrian": 0, "bicycle": 0, "density": 0.2, "year_range": "unknown"}}, {"type": "Feature", "geometry": {"type": "Point", "coordinates": [-85.769369, 38.25045]}, "properties": {"crashes": 1, "injury": 0, "fatal": 0, "pedestrian": 0, "bicycle": 0, "density": 0.2, "year_range": "unknown"}}, {"type": "Feature", "geometry": {"type": "Point", "coordinates": [-85.578378, 38.306306]}, "properties": {"crashes": 1, "injury": 0, "fatal": 0, "pedestrian": 0, "bicycle": 0, "density": 0.2, "year_range": "unknown"}}, {"type": "Feature", "geometry": {"type": "Point", "coordinates": [-85.506306, 38.216216]}, "properties": {"crashes": 2, "injury": 0, "fatal": 0, "pedestrian": 0, "bicycle": 0, "density": 0.5, "year_range": "unknown"}}, {"type": "Feature", "geometry": {"type": "Point", "coordinates": [-85.540541, 38.246847]}, "properties": {"crashes": 2, "injury": 0, "fatal": 0, "pedestrian": 0, "bicycle": 0, "density": 0.5, "year_range": "unknown"}}, {"type": "Feature", "geometry": {"type": "Point", "coordinates": [-85.771171, 38.263063]}, "properties": {"crashes": 1, "injury": 0, "fatal": 0, "pedestrian": 0, "bicycle": 0, "density": 0.2, "year_range": "unknown"}}, {"type": "Feature", "geometry": {"type": "Point", "coordinates": [-85.598198, 38.248649]}, "properties": {"crashes": 8, "injury": 0, "fatal": 0, "pedestrian": 0, "bicycle": 0, "density": 2.0, "year_range": "unknown"}}, {"type": "Feature", "geometry": {"type": "Point", "coordinates": [-85.715315, 38.156757]}, "properties": {"crashes": 7, "injury": 0, "fatal": 0, "pedestrian": 0, "bicycle": 0, "density": 1.8, "year_range": "unknown"}}, {"type": "Feature", "geometry": {"type": "Point", "coordinates": [-85.816216, 38.25045]}, "properties": {"crashes": 1, "injury": 0, "fatal": 0, "pedestrian": 0, "bicycle": 0, "density": 0.2, "year_range": "unknown"}}, {"type": "Feature", "geometry": {"type": "Point", "coordinates": [-85.733333, 38.248649]}, "properties": {"crashes": 1, "injury": 0, "fatal": 0, "pedestrian": 0, "bicycle": 0, "density": 0.2, "year_range": "unknown"}}, {"type": "Feature", "geometry": {"type": "Point", "coordinates": [-85.754955, 38.126126]}, "properties": {"crashes": 1, "injury": 0, "fatal": 0, "pedestrian": 0, "bicycle": 0, "density": 0.2, "year_range": "unknown"}}, {"type": "Feature", "geometry": {"type": "Point", "coordinates": [-85.796396, 38.261261]}, "properties": {"crashes": 1, "injury": 0, "fatal": 0, "pedestrian": 0, "bicycle": 0, "density": 0.2, "year_range": "unknown"}}, {"type": "Feature", "geometry": {"type": "Point", "coordinates": [-85.803604, 38.273874]}, "properties": {"crashes": 2, "injury": 0, "fatal": 0, "pedestrian": 0, "bicycle": 0, "density": 0.5, "year_range": "unknown"}}, {"type": "Feature", "geometry": {"type": "Point", "coordinates": [-85.809009, 38.254054]}, "properties": {"crashes": 2, "injury": 0, "fatal": 0, "pedestrian": 0, "bicycle": 0, "density": 0.5, "year_range": "unknown"}}, {"type": "Feature", "geometry": {"type": "Point", "coordinates": [-85.623423, 38.266667]}, "properties": {"crashes": 1, "injury": 0, "fatal": 0, "pedestrian": 0, "bicycle": 0, "density": 0.2, "year_range": "unknown"}}, {"type": "Feature", "geometry": {"type": "Point", "coordinates": [-85.873874, 38.167568]}, "properties": {"crashes": 1, "injury": 0, "fatal": 0, "pedestrian": 0, "bicycle": 0, "density": 0.2, "year_range": "unknown"}}, {"type": "Feature", "geometry": {"type": "Point", "coordinates": [-85.762162, 38.118919]}, "properties": {"crashes": 1, "injury": 0, "fatal": 0, "pedestrian": 0, "bicycle": 0, "density": 0.2, "year_range": "unknown"}}, {"type": "Feature", "geometry": {"type": "Point", "coordinates": [-85.58018, 38.169369]}, "properties": {"crashes": 1, "injury": 0, "fatal": 0, "pedestrian": 0, "bicycle": 0, "density": 0.2, "year_range": "unknown"}}, {"type": "Feature", "geometry": {"type": "Point", "coordinates": [-85.886486, 38.061261]}, "properties": {"crashes": 2, "injury": 0, "fatal": 0, "pedestrian": 0, "bicycle": 0, "density": 0.5, "year_range": "unknown"}}, {"type": "Feature", "geometry": {"type": "Point", "coordinates": [-85.634234, 38.223423]}, "properties": {"crashes": 2, "injury": 0, "fatal": 0, "pedestrian": 0, "bicycle": 0, "density": 0.5, "year_range": "unknown"}}, {"type": "Feature", "geometry": {"type": "Point", "coordinates": [-85.785586, 38.115315]}, "properties": {"crashes": 1, "injury": 0, "fatal": 0, "pedestrian": 0, "bicycle": 0, "density": 0.2, "year_range": "unknown"}}, {"type": "Feature", "geometry": {"type": "Point", "coordinates": [-85.81982, 38.153153]}, "properties": {"crashes": 1, "injury": 0, "fatal": 0, "pedestrian": 0, "bicycle": 0, "density": 0.2, "year_range": "unknown"}}, {"type": "Feature", "geometry": {"type": "Point", "coordinates": [-85.625225, 38.198198]}, "properties": {"crashes": 3, "injury": 0, "fatal": 0, "pedestrian": 0, "bicycle": 0, "density": 0.8, "year_range": "unknown"}}, {"type": "Feature", "geometry": {"type": "Point", "coordinates": [-85.821622, 38.246847]}, "properties": {"crashes": 1, "injury": 0, "fatal": 0, "pedestrian": 0, "bicycle": 0, "density": 0.2, "year_range": "unknown"}}, {"type": "Feature", "geometry": {"type": "Point", "coordinates": [-85.747748, 38.117117]}, "properties": {"crashes": 7, "injury": 0, "fatal": 0, "pedestrian": 0, "bicycle": 0, "density": 1.8, "year_range": "unknown"}}, {"type": "Feature", "geometry": {"type": "Point", "coordinates": [-85.677477, 38.178378]}, "properties": {"crashes": 2, "injury": 0, "fatal": 0, "pedestrian": 0, "bicycle": 0, "density": 0.5, "year_range": "unknown"}}, {"type": "Feature", "geometry": {"type": "Point", "coordinates": [-85.78018, 38.264865]}, "properties": {"crashes": 1, "injury": 0, "fatal": 0, "pedestrian": 0, "bicycle": 0, "density": 0.2, "year_range": "unknown"}}, {"type": "Feature", "geometry": {"type": "Point", "coordinates": [-85.668468, 38.207207]}, "properties": {"crashes": 2, "injury": 0, "fatal": 0, "pedestrian": 0, "bicycle": 0, "density": 0.5, "year_range": "unknown"}}, {"type": "Feature", "geometry": {"type": "Point", "coordinates": [-85.756757, 38.227027]}, "properties": {"crashes": 2, "injury": 0, "fatal": 0, "pedestrian": 0, "bicycle": 0, "density": 0.5, "year_range": "unknown"}}, {"type": "Feature", "geometry": {"type": "Point", "coordinates": [-85.781982, 38.221622]}, "properties": {"crashes": 7, "injury": 0, "fatal": 0, "pedestrian": 0, "bicycle": 0, "density": 1.8, "year_range": "unknown"}}, {"type": "Feature", "geometry": {"type": "Point", "coordinates": [-85.801802, 38.243243]}, "properties": {"crashes": 2, "injury": 0, "fatal": 0, "pedestrian": 0, "bicycle": 0, "density": 0.5, "year_range": "unknown"}}, {"type": "Feature", "geometry": {"type": "Point", "coordinates": [-85.553153, 38.302703]}, "properties": {"crashes": 4, "injury": 0, "fatal": 0, "pedestrian": 0, "bicycle": 0, "density": 1.0, "year_range": "unknown"}}, {"type": "Feature", "geometry": {"type": "Point", "coordinates": [-85.776577, 38.248649]}, "properties": {"crashes": 5, "injury": 0, "fatal": 0, "pedestrian": 0, "bicycle": 0, "density": 1.2, "year_range": "unknown"}}, {"type": "Feature", "geometry": {"type": "Point", "coordinates": [-85.807207, 38.243243]}, "properties": {"crashes": 1, "injury": 0, "fatal": 0, "pedestrian": 0, "bicycle": 0, "density": 0.2, "year_range": "unknown"}}, {"type": "Feature", "geometry": {"type": "Point", "coordinates": [-85.70991, 38.140541]}, "properties": {"crashes": 1, "injury": 0, "fatal": 0, "pedestrian": 0, "bicycle": 0, "density": 0.2, "year_range": "unknown"}}, {"type": "Feature", "geometry": {"type": "Point", "coordinates": [-85.827027, 38.187387]}, "properties": {"crashes": 3, "injury": 0, "fatal": 0, "pedestrian": 0, "bicycle": 0, "density": 0.8, "year_range": "unknown"}}, {"type": "Feature", "geometry": {"type": "Point", "coordinates": [-85.787387, 38.223423]}, "properties": {"crashes": 1, "injury": 0, "fatal": 0, "pedestrian": 0, "bicycle": 0, "density": 0.2, "year_range": "unknown"}}, {"type": "Feature", "geometry": {"type": "Point", "coordinates": [-85.605405, 38.167568]}, "properties": {"crashes": 2, "injury": 0, "fatal": 0, "pedestrian": 0, "bicycle": 0, "density": 0.5, "year_range": "unknown"}}, {"type": "Feature", "geometry": {"type": "Point", "coordinates": [-85.717117, 38.18018]}, "properties": {"crashes": 3, "injury": 0, "fatal": 0, "pedestrian": 0, "bicycle": 0, "density": 0.8, "year_range": "unknown"}}, {"type": "Feature", "geometry": {"type": "Point", "coordinates": [-85.846847, 38.131532]}, "properties": {"crashes": 1, "injury": 0, "fatal": 0, "pedestrian": 0, "bicycle": 0, "density": 0.2, "year_range": "unknown"}}, {"type": "Feature", "geometry": {"type": "Point", "coordinates": [-85.724324, 38.264865]}, "properties": {"crashes": 2, "injury": 0, "fatal": 0, "pedestrian": 0, "bicycle": 0, "density": 0.5, "year_range": "unknown"}}, {"type": "Feature", "geometry": {"type": "Point", "coordinates": [-85.677477, 38.162162]}, "properties": {"crashes": 2, "injury": 0, "fatal": 0, "pedestrian": 0, "bicycle": 0, "density": 0.5, "year_range": "unknown"}}, {"type": "Feature", "geometry": {"type": "Point", "coordinates": [-85.632432, 38.25045]}, "properties": {"crashes": 2, "injury": 0, "fatal": 0, "pedestrian": 0, "bicycle": 0, "density": 0.5, "year_range": "unknown"}}, {"type": "Feature", "geometry": {"type": "Point", "coordinates": [-85.616216, 38.21982]}, "properties": {"crashes": 3, "injury": 0, "fatal": 0, "pedestrian": 0, "bicycle": 0, "density": 0.8, "year_range": "unknown"}}, {"type": "Feature", "geometry": {"type": "Point", "coordinates": [-85.720721, 38.212613]}, "properties": {"crashes": 1, "injury": 0, "fatal": 0, "pedestrian": 0, "bicycle": 0, "density": 0.2, "year_range": "unknown"}}, {"type": "Feature", "geometry": {"type": "Point", "coordinates": [-85.632432, 38.237838]}, "properties": {"crashes": 2, "injury": 0, "fatal": 0, "pedestrian": 0, "bicycle": 0, "density": 0.5, "year_range": "unknown"}}, {"type": "Feature", "geometry": {"type": "Point", "coordinates": [-85.691892, 38.248649]}, "properties": {"crashes": 2, "injury": 0, "fatal": 0, "pedestrian": 0, "bicycle": 0, "density": 0.5, "year_range": "unknown"}}, {"type": "Feature", "geometry": {"type": "Point", "coordinates": [-85.798198, 38.207207]}, "properties": {"crashes": 4, "injury": 0, "fatal": 0, "pedestrian": 0, "bicycle": 0, "density": 1.0, "year_range": "unknown"}}, {"type": "Feature", "geometry": {"type": "Point", "coordinates": [-85.74955, 38.259459]}, "properties": {"crashes": 2, "injury": 0, "fatal": 0, "pedestrian": 0, "bicycle": 0, "density": 0.5, "year_range": "unknown"}}, {"type": "Feature", "geometry": {"type": "Point", "coordinates": [-85.821622, 38.227027]}, "properties": {"crashes": 2, "injury": 0, "fatal": 0, "pedestrian": 0, "bicycle": 0, "density": 0.5, "year_range": "unknown"}}, {"type": "Feature", "geometry": {"type": "Point", "coordinates": [-85.56036, 38.293694]}, "properties": {"crashes": 1, "injury": 0, "fatal": 0, "pedestrian": 0, "bicycle": 0, "density": 0.2, "year_range": "unknown"}}, {"type": "Feature", "geometry": {"type": "Point", "coordinates": [-85.85045, 38.127928]}, "properties": {"crashes": 6, "injury": 0, "fatal": 0, "pedestrian": 0, "bicycle": 0, "density": 1.5, "year_range": "unknown"}}, {"type": "Feature", "geometry": {"type": "Point", "coordinates": [-85.769369, 38.165766]}, "properties": {"crashes": 1, "injury": 0, "fatal": 0, "pedestrian": 0, "bicycle": 0, "density": 0.2, "year_range": "unknown"}}, {"type": "Feature", "geometry": {"type": "Point", "coordinates": [-85.581982, 38.315315]}, "properties": {"crashes": 4, "injury": 0, "fatal": 0, "pedestrian": 0, "bicycle": 0, "density": 1.0, "year_range": "unknown"}}, {"type": "Feature", "geometry": {"type": "Point", "coordinates": [-85.693694, 38.113514]}, "properties": {"crashes": 3, "injury": 0, "fatal": 0, "pedestrian": 0, "bicycle": 0, "density": 0.8, "year_range": "unknown"}}, {"type": "Feature", "geometry": {"type": "Point", "coordinates": [-85.508108, 38.183784]}, "properties": {"crashes": 1, "injury": 0, "fatal": 0, "pedestrian": 0, "bicycle": 0, "density": 0.2, "year_range": "unknown"}}, {"type": "Feature", "geometry": {"type": "Point", "coordinates": [-85.727928, 38.194595]}, "properties": {"crashes": 1, "injury": 0, "fatal": 0, "pedestrian": 0, "bicycle": 0, "density": 0.2, "year_range": "unknown"}}, {"type": "Feature", "geometry": {"type": "Point", "coordinates": [-85.524324, 38.288288]}, "properties": {"crashes": 2, "injury": 0, "fatal": 0, "pedestrian": 0, "bicycle": 0, "density": 0.5, "year_range": "unknown"}}, {"type": "Feature", "geometry": {"type": "Point", "coordinates": [-85.742342, 38.216216]}, "properties": {"crashes": 4, "injury": 0, "fatal": 0, "pedestrian": 0, "bicycle": 0, "density": 1.0, "year_range": "unknown"}}, {"type": "Feature", "geometry": {"type": "Point", "coordinates": [-85.717117, 38.154955]}, "properties": {"crashes": 2, "injury": 0, "fatal": 0, "pedestrian": 0, "bicycle": 0, "density": 0.5, "year_range": "unknown"}}, {"type": "Feature", "geometry": {"type": "Point", "coordinates": [-85.765766, 38.23964]}, "properties": {"crashes": 1, "injury": 0, "fatal": 0, "pedestrian": 0, "bicycle": 0, "density": 0.2, "year_range": "unknown"}}, {"type": "Feature", "geometry": {"type": "Point", "coordinates": [-85.502703, 38.27027]}, "properties": {"crashes": 1, "injury": 0, "fatal": 0, "pedestrian": 0, "bicycle": 0, "density": 0.2, "year_range": "unknown"}}, {"type": "Feature", "geometry": {"type": "Point", "coordinates": [-85.468468, 38.151351]}, "properties": {"crashes": 2, "injury": 0, "fatal": 0, "pedestrian": 0, "bicycle": 0, "density": 0.5, "year_range": "unknown"}}, {"type": "Feature", "geometry": {"type": "Point", "coordinates": [-85.778378, 38.162162]}, "properties": {"crashes": 7, "injury": 0, "fatal": 0, "pedestrian": 0, "bicycle": 0, "density": 1.8, "year_range": "unknown"}}, {"type": "Feature", "geometry": {"type": "Point", "coordinates": [-85.56036, 38.093694]}, "properties": {"crashes": 1, "injury": 0, "fatal": 0, "pedestrian": 0, "bicycle": 0, "density": 0.2, "year_range": "unknown"}}, {"type": "Feature", "geometry": {"type": "Point", "coordinates": [-85.756757, 38.248649]}, "properties": {"crashes": 2, "injury": 0, "fatal": 0, "pedestrian": 0, "bicycle": 0, "density": 0.5, "year_range": "unknown"}}, {"type": "Feature", "geometry": {"type": "Point", "coordinates": [-85.695495, 38.248649]}, "properties": {"crashes": 2, "injury": 0, "fatal": 0, "pedestrian": 0, "bicycle": 0, "density": 0.5, "year_range": "unknown"}}, {"type": "Feature", "geometry": {"type": "Point", "coordinates": [-85.616216, 38.29009]}, "properties": {"crashes": 6, "injury": 0, "fatal": 0, "pedestrian": 0, "bicycle": 0, "density": 1.5, "year_range": "unknown"}}, {"type": "Feature", "geometry": {"type": "Point", "coordinates": [-85.762162, 38.183784]}, "properties": {"crashes": 1, "injury": 0, "fatal": 0, "pedestrian": 0, "bicycle": 0, "density": 0.2, "year_range": "unknown"}}, {"type": "Feature", "geometry": {"type": "Point", "coordinates": [-85.686486, 38.281081]}, "properties": {"crashes": 1, "injury": 0, "fatal": 0, "pedestrian": 0, "bicycle": 0, "density": 0.2, "year_range": "unknown"}}, {"type": "Feature", "geometry": {"type": "Point", "coordinates": [-85.641441, 38.16036]}, "properties": {"crashes": 4, "injury": 0, "fatal": 0, "pedestrian": 0, "bicycle": 0, "density": 1.0, "year_range": "unknown"}}, {"type": "Feature", "geometry": {"type": "Point", "coordinates": [-85.718919, 38.257658]}, "properties": {"crashes": 1, "injury": 0, "fatal": 0, "pedestrian": 0, "bicycle": 0, "density": 0.2, "year_range": "unknown"}}, {"type": "Feature", "geometry": {"type": "Point", "coordinates": [-85.827027, 38.25045]}, "properties": {"crashes": 3, "injury": 0, "fatal": 0, "pedestrian": 0, "bicycle": 0, "density": 0.8, "year_range": "unknown"}}, {"type": "Feature", "geometry": {"type": "Point", "coordinates": [-85.715315, 38.268468]}, "properties": {"crashes": 1, "injury": 0, "fatal": 0, "pedestrian": 0, "bicycle": 0, "density": 0.2, "year_range": "unknown"}}, {"type": "Feature", "geometry": {"type": "Point", "coordinates": [-85.771171, 38.241441]}, "properties": {"crashes": 2, "injury": 0, "fatal": 0, "pedestrian": 0, "bicycle": 0, "density": 0.5, "year_range": "unknown"}}, {"type": "Feature", "geometry": {"type": "Point", "coordinates": [-85.763964, 38.210811]}, "properties": {"crashes": 5, "injury": 0, "fatal": 0, "pedestrian": 0, "bicycle": 0, "density": 1.2, "year_range": "unknown"}}, {"type": "Feature", "geometry": {"type": "Point", "coordinates": [-85.646847, 38.288288]}, "properties": {"crashes": 1, "injury": 0, "fatal": 0, "pedestrian": 0, "bicycle": 0, "density": 0.2, "year_range": "unknown"}}, {"type": "Feature", "geometry": {"type": "Point", "coordinates": [-85.762162, 38.216216]}, "properties": {"crashes": 1, "injury": 0, "fatal": 0, "pedestrian": 0, "bicycle": 0, "density": 0.2, "year_range": "unknown"}}, {"type": "Feature", "geometry": {"type": "Point", "coordinates": [-85.774775, 38.140541]}, "properties": {"crashes": 2, "injury": 0, "fatal": 0, "pedestrian": 0, "bicycle": 0, "density": 0.5, "year_range": "unknown"}}, {"type": "Feature", "geometry": {"type": "Point", "coordinates": [-85.681081, 38.248649]}, "properties": {"crashes": 2, "injury": 0, "fatal": 0, "pedestrian": 0, "bicycle": 0, "density": 0.5, "year_range": "unknown"}}, {"type": "Feature", "geometry": {"type": "Point", "coordinates": [-85.585586, 38.147748]}, "properties": {"crashes": 4, "injury": 0, "fatal": 0, "pedestrian": 0, "bicycle": 0, "density": 1.0, "year_range": "unknown"}}, {"type": "Feature", "geometry": {"type": "Point", "coordinates": [-85.751351, 38.131532]}, "properties": {"crashes": 2, "injury": 0, "fatal": 0, "pedestrian": 0, "bicycle": 0, "density": 0.5, "year_range": "unknown"}}, {"type": "Feature", "geometry": {"type": "Point", "coordinates": [-85.893694, 38.111712]}, "properties": {"crashes": 3, "injury": 0, "fatal": 0, "pedestrian": 0, "bicycle": 0, "density": 0.8, "year_range": "unknown"}}, {"type": "Feature", "geometry": {"type": "Point", "coordinates": [-85.893694, 38.10991]}, "properties": {"crashes": 11, "injury": 0, "fatal": 0, "pedestrian": 0, "bicycle": 0, "density": 2.8, "year_range": "unknown"}}, {"type": "Feature", "geometry": {"type": "Point", "coordinates": [-85.699099, 38.181982]}, "properties": {"crashes": 4, "injury": 0, "fatal": 0, "pedestrian": 0, "bicycle": 0, "density": 1.0, "year_range": "unknown"}}, {"type": "Feature", "geometry": {"type": "Point", "coordinates": [-85.607207, 38.181982]}, "properties": {"crashes": 2, "injury": 0, "fatal": 0, "pedestrian": 0, "bicycle": 0, "density": 0.5, "year_range": "unknown"}}, {"type": "Feature", "geometry": {"type": "Point", "coordinates": [-85.472072, 38.190991]}, "properties": {"crashes": 1, "injury": 0, "fatal": 0, "pedestrian": 0, "bicycle": 0, "density": 0.2, "year_range": "unknown"}}, {"type": "Feature", "geometry": {"type": "Point", "coordinates": [-85.756757, 38.234234]}, "properties": {"crashes": 3, "injury": 0, "fatal": 0, "pedestrian": 0, "bicycle": 0, "density": 0.8, "year_range": "unknown"}}, {"type": "Feature", "geometry": {"type": "Point", "coordinates": [-85.807207, 38.230631]}, "properties": {"crashes": 1, "injury": 0, "fatal": 0, "pedestrian": 0, "bicycle": 0, "density": 0.2, "year_range": "unknown"}}, {"type": "Feature", "geometry": {"type": "Point", "coordinates": [-85.846847, 38.133333]}, "properties": {"crashes": 3, "injury": 0, "fatal": 0, "pedestrian": 0, "bicycle": 0, "density": 0.8, "year_range": "unknown"}}, {"type": "Feature", "geometry": {"type": "Point", "coordinates": [-85.540541, 38.293694]}, "properties": {"crashes": 2, "injury": 0, "fatal": 0, "pedestrian": 0, "bicycle": 0, "density": 0.5, "year_range": "unknown"}}, {"type": "Feature", "geometry": {"type": "Point", "coordinates": [-85.630631, 38.16036]}, "properties": {"crashes": 1, "injury": 0, "fatal": 0, "pedestrian": 0, "bicycle": 0, "density": 0.2, "year_range": "unknown"}}, {"type": "Feature", "geometry": {"type": "Point", "coordinates": [-85.675676, 38.138739]}, "properties": {"crashes": 1, "injury": 0, "fatal": 0, "pedestrian": 0, "bicycle": 0, "density": 0.2, "year_range": "unknown"}}, {"type": "Feature", "geometry": {"type": "Point", "coordinates": [-85.506306, 38.297297]}, "properties": {"crashes": 1, "injury": 0, "fatal": 0, "pedestrian": 0, "bicycle": 0, "density": 0.2, "year_range": "unknown"}}, {"type": "Feature", "geometry": {"type": "Point", "coordinates": [-85.630631, 38.10991]}, "properties": {"crashes": 1, "injury": 0, "fatal": 0, "pedestrian": 0, "bicycle": 0, "density": 0.2, "year_range": "unknown"}}, {"type": "Feature", "geometry": {"type": "Point", "coordinates": [-85.809009, 38.257658]}, "properties": {"crashes": 1, "injury": 0, "fatal": 0, "pedestrian": 0, "bicycle": 0, "density": 0.2, "year_range": "unknown"}}, {"type": "Feature", "geometry": {"type": "Point", "coordinates": [-85.823423, 38.088288]}, "properties": {"crashes": 1, "injury": 0, "fatal": 0, "pedestrian": 0, "bicycle": 0, "density": 0.2, "year_range": "unknown"}}, {"type": "Feature", "geometry": {"type": "Point", "coordinates": [-85.558559, 38.320721]}, "properties": {"crashes": 1, "injury": 0, "fatal": 0, "pedestrian": 0, "bicycle": 0, "density": 0.2, "year_range": "unknown"}}, {"type": "Feature", "geometry": {"type": "Point", "coordinates": [-85.738739, 38.257658]}, "properties": {"crashes": 1, "injury": 0, "fatal": 0, "pedestrian": 0, "bicycle": 0, "density": 0.2, "year_range": "unknown"}}, {"type": "Feature", "geometry": {"type": "Point", "coordinates": [-85.502703, 38.259459]}, "properties": {"crashes": 2, "injury": 0, "fatal": 0, "pedestrian": 0, "bicycle": 0, "density": 0.5, "year_range": "unknown"}}, {"type": "Feature", "geometry": {"type": "Point", "coordinates": [-85.798198, 38.171171]}, "properties": {"crashes": 3, "injury": 0, "fatal": 0, "pedestrian": 0, "bicycle": 0, "density": 0.8, "year_range": "unknown"}}, {"type": "Feature", "geometry": {"type": "Point", "coordinates": [-85.846847, 38.088288]}, "properties": {"crashes": 2, "injury": 0, "fatal": 0, "pedestrian": 0, "bicycle": 0, "density": 0.5, "year_range": "unknown"}}, {"type": "Feature", "geometry": {"type": "Point", "coordinates": [-85.747748, 38.236036]}, "properties": {"crashes": 4, "injury": 0, "fatal": 0, "pedestrian": 0, "bicycle": 0, "density": 1.0, "year_range": "unknown"}}, {"type": "Feature", "geometry": {"type": "Point", "coordinates": [-85.713514, 38.241441]}, "properties": {"crashes": 1, "injury": 0, "fatal": 0, "pedestrian": 0, "bicycle": 0, "density": 0.2, "year_range": "unknown"}}, {"type": "Feature", "geometry": {"type": "Point", "coordinates": [-85.861261, 38.100901]}, "properties": {"crashes": 2, "injury": 0, "fatal": 0, "pedestrian": 0, "bicycle": 0, "density": 0.5, "year_range": "unknown"}}, {"type": "Feature", "geometry": {"type": "Point", "coordinates": [-85.67027, 38.095495]}, "properties": {"crashes": 1, "injury": 0, "fatal": 0, "pedestrian": 0, "bicycle": 0, "density": 0.2, "year_range": "unknown"}}, {"type": "Feature", "geometry": {"type": "Point", "coordinates": [-85.818018, 38.178378]}, "properties": {"crashes": 4, "injury": 0, "fatal": 0, "pedestrian": 0, "bicycle": 0, "density": 1.0, "year_range": "unknown"}}, {"type": "Feature", "geometry": {"type": "Point", "coordinates": [-85.513514, 38.284685]}, "properties": {"crashes": 1, "injury": 0, "fatal": 0, "pedestrian": 0, "bicycle": 0, "density": 0.2, "year_range": "unknown"}}, {"type": "Feature", "geometry": {"type": "Point", "coordinates": [-85.63964, 38.171171]}, "properties": {"crashes": 1, "injury": 0, "fatal": 0, "pedestrian": 0, "bicycle": 0, "density": 0.2, "year_range": "unknown"}}, {"type": "Feature", "geometry": {"type": "Point", "coordinates": [-85.810811, 38.189189]}, "properties": {"crashes": 5, "injury": 0, "fatal": 0, "pedestrian": 0, "bicycle": 0, "density": 1.2, "year_range": "unknown"}}, {"type": "Feature", "geometry": {"type": "Point", "coordinates": [-85.783784, 38.181982]}, "properties": {"crashes": 5, "injury": 0, "fatal": 0, "pedestrian": 0, "bicycle": 0, "density": 1.2, "year_range": "unknown"}}, {"type": "Feature", "geometry": {"type": "Point", "coordinates": [-85.643243, 38.122523]}, "properties": {"crashes": 3, "injury": 0, "fatal": 0, "pedestrian": 0, "bicycle": 0, "density": 0.8, "year_range": "unknown"}}, {"type": "Feature", "geometry": {"type": "Point", "coordinates": [-85.81982, 38.232432]}, "properties": {"crashes": 1, "injury": 0, "fatal": 0, "pedestrian": 0, "bicycle": 0, "density": 0.2, "year_range": "unknown"}}, {"type": "Feature", "geometry": {"type": "Point", "coordinates": [-85.744144, 38.228829]}, "properties": {"crashes": 1, "injury": 0, "fatal": 0, "pedestrian": 0, "bicycle": 0, "density": 0.2, "year_range": "unknown"}}, {"type": "Feature", "geometry": {"type": "Point", "coordinates": [-85.809009, 38.185586]}, "properties": {"crashes": 3, "injury": 0, "fatal": 0, "pedestrian": 0, "bicycle": 0, "density": 0.8, "year_range": "unknown"}}, {"type": "Feature", "geometry": {"type": "Point", "coordinates": [-85.581982, 38.284685]}, "properties": {"crashes": 3, "injury": 0, "fatal": 0, "pedestrian": 0, "bicycle": 0, "density": 0.8, "year_range": "unknown"}}, {"type": "Feature", "geometry": {"type": "Point", "coordinates": [-85.704505, 38.259459]}, "properties": {"crashes": 1, "injury": 0, "fatal": 0, "pedestrian": 0, "bicycle": 0, "density": 0.2, "year_range": "unknown"}}, {"type": "Feature", "geometry": {"type": "Point", "coordinates": [-85.504505, 38.124324]}, "properties": {"crashes": 1, "injury": 0, "fatal": 0, "pedestrian": 0, "bicycle": 0, "density": 0.2, "year_range": "unknown"}}, {"type": "Feature", "geometry": {"type": "Point", "coordinates": [-85.569369, 38.145946]}, "properties": {"crashes": 1, "injury": 0, "fatal": 0, "pedestrian": 0, "bicycle": 0, "density": 0.2, "year_range": "unknown"}}, {"type": "Feature", "geometry": {"type": "Point", "coordinates": [-85.726126, 38.225225]}, "properties": {"crashes": 1, "injury": 0, "fatal": 0, "pedestrian": 0, "bicycle": 0, "density": 0.2, "year_range": "unknown"}}, {"type": "Feature", "geometry": {"type": "Point", "coordinates": [-85.846847, 38.156757]}, "properties": {"crashes": 1, "injury": 0, "fatal": 0, "pedestrian": 0, "bicycle": 0, "density": 0.2, "year_range": "unknown"}}, {"type": "Feature", "geometry": {"type": "Point", "coordinates": [-85.74955, 38.234234]}, "properties": {"crashes": 1, "injury": 0, "fatal": 0, "pedestrian": 0, "bicycle": 0, "density": 0.2, "year_range": "unknown"}}, {"type": "Feature", "geometry": {"type": "Point", "coordinates": [-85.767568, 38.243243]}, "properties": {"crashes": 4, "injury": 0, "fatal": 0, "pedestrian": 0, "bicycle": 0, "density": 1.0, "year_range": "unknown"}}, {"type": "Feature", "geometry": {"type": "Point", "coordinates": [-85.641441, 38.163964]}, "properties": {"crashes": 2, "injury": 0, "fatal": 0, "pedestrian": 0, "bicycle": 0, "density": 0.5, "year_range": "unknown"}}, {"type": "Feature", "geometry": {"type": "Point", "coordinates": [-85.590991, 38.158559]}, "properties": {"crashes": 4, "injury": 0, "fatal": 0, "pedestrian": 0, "bicycle": 0, "density": 1.0, "year_range": "unknown"}}, {"type": "Feature", "geometry": {"type": "Point", "coordinates": [-85.837838, 38.167568]}, "properties": {"crashes": 1, "injury": 0, "fatal": 0, "pedestrian": 0, "bicycle": 0, "density": 0.2, "year_range": "unknown"}}, {"type": "Feature", "geometry": {"type": "Point", "coordinates": [-85.636036, 38.236036]}, "properties": {"crashes": 2, "injury": 0, "fatal": 0, "pedestrian": 0, "bicycle": 0, "density": 0.5, "year_range": "unknown"}}, {"type": "Feature", "geometry": {"type": "Point", "coordinates": [-85.488288, 38.23964]}, "properties": {"crashes": 1, "injury": 0, "fatal": 0, "pedestrian": 0, "bicycle": 0, "density": 0.2, "year_range": "unknown"}}, {"type": "Feature", "geometry": {"type": "Point", "coordinates": [-85.756757, 38.203604]}, "properties": {"crashes": 2, "injury": 0, "fatal": 0, "pedestrian": 0, "bicycle": 0, "density": 0.5, "year_range": "unknown"}}, {"type": "Feature", "geometry": {"type": "Point", "coordinates": [-85.553153, 38.295495]}, "properties": {"crashes": 6, "injury": 0, "fatal": 0, "pedestrian": 0, "bicycle": 0, "density": 1.5, "year_range": "unknown"}}, {"type": "Feature", "geometry": {"type": "Point", "coordinates": [-85.724324, 38.23964]}, "properties": {"crashes": 5, "injury": 0, "fatal": 0, "pedestrian": 0, "bicycle": 0, "density": 1.2, "year_range": "unknown"}}, {"type": "Feature", "geometry": {"type": "Point", "coordinates": [-85.803604, 38.230631]}, "properties": {"crashes": 1, "injury": 0, "fatal": 0, "pedestrian": 0, "bicycle": 0, "density": 0.2, "year_range": "unknown"}}, {"type": "Feature", "geometry": {"type": "Point", "coordinates": [-85.666667, 38.214414]}, "properties": {"crashes": 2, "injury": 0, "fatal": 0, "pedestrian": 0, "bicycle": 0, "density": 0.5, "year_range": "unknown"}}, {"type": "Feature", "geometry": {"type": "Point", "coordinates": [-85.677477, 38.192793]}, "properties": {"crashes": 1, "injury": 0, "fatal": 0, "pedestrian": 0, "bicycle": 0, "density": 0.2, "year_range": "unknown"}}, {"type": "Feature", "geometry": {"type": "Point", "coordinates": [-85.641441, 38.210811]}, "properties": {"crashes": 1, "injury": 0, "fatal": 0, "pedestrian": 0, "bicycle": 0, "density": 0.2, "year_range": "unknown"}}, {"type": "Feature", "geometry": {"type": "Point", "coordinates": [-85.753153, 38.136937]}, "properties": {"crashes": 1, "injury": 0, "fatal": 0, "pedestrian": 0, "bicycle": 0, "density": 0.2, "year_range": "unknown"}}, {"type": "Feature", "geometry": {"type": "Point", "coordinates": [-85.621622, 38.266667]}, "properties": {"crashes": 3, "injury": 0, "fatal": 0, "pedestrian": 0, "bicycle": 0, "density": 0.8, "year_range": "unknown"}}, {"type": "Feature", "geometry": {"type": "Point", "coordinates": [-85.863063, 38.135135]}, "properties": {"crashes": 1, "injury": 0, "fatal": 0, "pedestrian": 0, "bicycle": 0, "density": 0.2, "year_range": "unknown"}}, {"type": "Feature", "geometry": {"type": "Point", "coordinates": [-85.506306, 38.209009]}, "properties": {"crashes": 1, "injury": 0, "fatal": 0, "pedestrian": 0, "bicycle": 0, "density": 0.2, "year_range": "unknown"}}, {"type": "Feature", "geometry": {"type": "Point", "coordinates": [-85.837838, 38.2]}, "properties": {"crashes": 10, "injury": 0, "fatal": 0, "pedestrian": 0, "bicycle": 0, "density": 2.5, "year_range": "unknown"}}, {"type": "Feature", "geometry": {"type": "Point", "coordinates": [-85.753153, 38.214414]}, "properties": {"crashes": 3, "injury": 0, "fatal": 0, "pedestrian": 0, "bicycle": 0, "density": 0.8, "year_range": "unknown"}}, {"type": "Feature", "geometry": {"type": "Point", "coordinates": [-85.821622, 38.207207]}, "properties": {"crashes": 2, "injury": 0, "fatal": 0, "pedestrian": 0, "bicycle": 0, "density": 0.5, "year_range": "unknown"}}, {"type": "Feature", "geometry": {"type": "Point", "coordinates": [-85.468468, 38.209009]}, "properties": {"crashes": 3, "injury": 0, "fatal": 0, "pedestrian": 0, "bicycle": 0, "density": 0.8, "year_range": "unknown"}}, {"type": "Feature", "geometry": {"type": "Point", "coordinates": [-85.61982, 38.236036]}, "properties": {"crashes": 4, "injury": 0, "fatal": 0, "pedestrian": 0, "bicycle": 0, "density": 1.0, "year_range": "unknown"}}, {"type": "Feature", "geometry": {"type": "Point", "coordinates": [-85.576577, 38.12973]}, "properties": {"crashes": 4, "injury": 0, "fatal": 0, "pedestrian": 0, "bicycle": 0, "density": 1.0, "year_range": "unknown"}}, {"type": "Feature", "geometry": {"type": "Point", "coordinates": [-85.747748, 38.100901]}, "properties": {"crashes": 1, "injury": 0, "fatal": 0, "pedestrian": 0, "bicycle": 0, "density": 0.2, "year_range": "unknown"}}, {"type": "Feature", "geometry": {"type": "Point", "coordinates": [-85.715315, 38.153153]}, "properties": {"crashes": 6, "injury": 0, "fatal": 0, "pedestrian": 0, "bicycle": 0, "density": 1.5, "year_range": "unknown"}}, {"type": "Feature", "geometry": {"type": "Point", "coordinates": [-85.511712, 38.300901]}, "properties": {"crashes": 1, "injury": 0, "fatal": 0, "pedestrian": 0, "bicycle": 0, "density": 0.2, "year_range": "unknown"}}, {"type": "Feature", "geometry": {"type": "Point", "coordinates": [-85.772973, 38.209009]}, "properties": {"crashes": 1, "injury": 0, "fatal": 0, "pedestrian": 0, "bicycle": 0, "density": 0.2, "year_range": "unknown"}}, {"type": "Feature", "geometry": {"type": "Point", "coordinates": [-85.814414, 38.185586]}, "properties": {"crashes": 5, "injury": 0, "fatal": 0, "pedestrian": 0, "bicycle": 0, "density": 1.2, "year_range": "unknown"}}, {"type": "Feature", "geometry": {"type": "Point", "coordinates": [-85.506306, 38.284685]}, "properties": {"crashes": 1, "injury": 0, "fatal": 0, "pedestrian": 0, "bicycle": 0, "density": 0.2, "year_range": "unknown"}}, {"type": "Feature", "geometry": {"type": "Point", "coordinates": [-85.672072, 38.102703]}, "properties": {"crashes": 6, "injury": 0, "fatal": 0, "pedestrian": 0, "bicycle": 0, "density": 1.5, "year_range": "unknown"}}, {"type": "Feature", "geometry": {"type": "Point", "coordinates": [-85.790991, 38.205405]}, "properties": {"crashes": 3, "injury": 0, "fatal": 0, "pedestrian": 0, "bicycle": 0, "density": 0.8, "year_range": "unknown"}}, {"type": "Feature", "geometry": {"type": "Point", "coordinates": [-85.740541, 38.189189]}, "properties": {"crashes": 1, "injury": 0, "fatal": 0, "pedestrian": 0, "bicycle": 0, "density": 0.2, "year_range": "unknown"}}, {"type": "Feature", "geometry": {"type": "Point", "coordinates": [-85.567568, 38.216216]}, "properties": {"crashes": 1, "injury": 0, "fatal": 0, "pedestrian": 0, "bicycle": 0, "density": 0.2, "year_range": "unknown"}}, {"type": "Feature", "geometry": {"type": "Point", "coordinates": [-85.558559, 38.245045]}, "properties": {"crashes": 2, "injury": 0, "fatal": 0, "pedestrian": 0, "bicycle": 0, "density": 0.5, "year_range": "unknown"}}, {"type": "Feature", "geometry": {"type": "Point", "coordinates": [-85.877477, 38.055856]}, "properties": {"crashes": 1, "injury": 0, "fatal": 0, "pedestrian": 0, "bicycle": 0, "density": 0.2, "year_range": "unknown"}}, {"type": "Feature", "geometry": {"type": "Point", "coordinates": [-85.61982, 38.167568]}, "properties": {"crashes": 1, "injury": 0, "fatal": 0, "pedestrian": 0, "bicycle": 0, "density": 0.2, "year_range": "unknown"}}, {"type": "Feature", "geometry": {"type": "Point", "coordinates": [-85.679279, 38.205405]}, "properties": {"crashes": 1, "injury": 0, "fatal": 0, "pedestrian": 0, "bicycle": 0, "density": 0.2, "year_range": "unknown"}}, {"type": "Feature", "geometry": {"type": "Point", "coordinates": [-85.628829, 38.25045]}, "properties": {"crashes": 2, "injury": 0, "fatal": 0, "pedestrian": 0, "bicycle": 0, "density": 0.5, "year_range": "unknown"}}, {"type": "Feature", "geometry": {"type": "Point", "coordinates": [-85.888288, 38.145946]}, "properties": {"crashes": 1, "injury": 0, "fatal": 0, "pedestrian": 0, "bicycle": 0, "density": 0.2, "year_range": "unknown"}}, {"type": "Feature", "geometry": {"type": "Point", "coordinates": [-85.504505, 38.236036]}, "properties": {"crashes": 1, "injury": 0, "fatal": 0, "pedestrian": 0, "bicycle": 0, "density": 0.2, "year_range": "unknown"}}, {"type": "Feature", "geometry": {"type": "Point", "coordinates": [-85.89009, 38.165766]}, "properties": {"crashes": 1, "injury": 0, "fatal": 0, "pedestrian": 0, "bicycle": 0, "density": 0.2, "year_range": "unknown"}}, {"type": "Feature", "geometry": {"type": "Point", "coordinates": [-85.614414, 38.268468]}, "properties": {"crashes": 2, "injury": 0, "fatal": 0, "pedestrian": 0, "bicycle": 0, "density": 0.5, "year_range": "unknown"}}, {"type": "Feature", "geometry": {"type": "Point", "coordinates": [-85.803604, 38.108108]}, "properties": {"crashes": 1, "injury": 0, "fatal": 0, "pedestrian": 0, "bicycle": 0, "density": 0.2, "year_range": "unknown"}}, {"type": "Feature", "geometry": {"type": "Point", "coordinates": [-85.645045, 38.158559]}, "properties": {"crashes": 2, "injury": 0, "fatal": 0, "pedestrian": 0, "bicycle": 0, "density": 0.5, "year_range": "unknown"}}, {"type": "Feature", "geometry": {"type": "Point", "coordinates": [-85.700901, 38.214414]}, "properties": {"crashes": 3, "injury": 0, "fatal": 0, "pedestrian": 0, "bicycle": 0, "density": 0.8, "year_range": "unknown"}}, {"type": "Feature", "geometry": {"type": "Point", "coordinates": [-85.832432, 38.145946]}, "properties": {"crashes": 3, "injury": 0, "fatal": 0, "pedestrian": 0, "bicycle": 0, "density": 0.8, "year_range": "unknown"}}, {"type": "Feature", "geometry": {"type": "Point", "coordinates": [-85.623423, 38.081081]}, "properties": {"crashes": 1, "injury": 0, "fatal": 0, "pedestrian": 0, "bicycle": 0, "density": 0.2, "year_range": "unknown"}}, {"type": "Feature", "geometry": {"type": "Point", "coordinates": [-85.691892, 38.106306]}, "properties": {"crashes": 2, "injury": 0, "fatal": 0, "pedestrian": 0, "bicycle": 0, "density": 0.5, "year_range": "unknown"}}, {"type": "Feature", "geometry": {"type": "Point", "coordinates": [-85.583784, 38.21982]}, "properties": {"crashes": 2, "injury": 0, "fatal": 0, "pedestrian": 0, "bicycle": 0, "density": 0.5, "year_range": "unknown"}}, {"type": "Feature", "geometry": {"type": "Point", "coordinates": [-85.879279, 38.106306]}, "properties": {"crashes": 1, "injury": 0, "fatal": 0, "pedestrian": 0, "bicycle": 0, "density": 0.2, "year_range": "unknown"}}, {"type": "Feature", "geometry": {"type": "Point", "coordinates": [-85.70991, 38.142342]}, "properties": {"crashes": 3, "injury": 0, "fatal": 0, "pedestrian": 0, "bicycle": 0, "density": 0.8, "year_range": "unknown"}}, {"type": "Feature", "geometry": {"type": "Point", "coordinates": [-85.67027, 38.136937]}, "properties": {"crashes": 2, "injury": 0, "fatal": 0, "pedestrian": 0, "bicycle": 0, "density": 0.5, "year_range": "unknown"}}, {"type": "Feature", "geometry": {"type": "Point", "coordinates": [-85.500901, 38.273874]}, "properties": {"crashes": 1, "injury": 0, "fatal": 0, "pedestrian": 0, "bicycle": 0, "density": 0.2, "year_range": "unknown"}}, {"type": "Feature", "geometry": {"type": "Point", "coordinates": [-85.736937, 38.245045]}, "properties": {"crashes": 2, "injury": 0, "fatal": 0, "pedestrian": 0, "bicycle": 0, "density": 0.5, "year_range": "unknown"}}, {"type": "Feature", "geometry": {"type": "Point", "coordinates": [-85.630631, 38.216216]}, "properties": {"crashes": 1, "injury": 0, "fatal": 0, "pedestrian": 0, "bicycle": 0, "density": 0.2, "year_range": "unknown"}}, {"type": "Feature", "geometry": {"type": "Point", "coordinates": [-85.718919, 38.237838]}, "properties": {"crashes": 5, "injury": 0, "fatal": 0, "pedestrian": 0, "bicycle": 0, "density": 1.2, "year_range": "unknown"}}, {"type": "Feature", "geometry": {"type": "Point", "coordinates": [-85.720721, 38.181982]}, "properties": {"crashes": 1, "injury": 0, "fatal": 0, "pedestrian": 0, "bicycle": 0, "density": 0.2, "year_range": "unknown"}}, {"type": "Feature", "geometry": {"type": "Point", "coordinates": [-85.621622, 38.338739]}, "properties": {"crashes": 1, "injury": 0, "fatal": 0, "pedestrian": 0, "bicycle": 0, "density": 0.2, "year_range": "unknown"}}, {"type": "Feature", "geometry": {"type": "Point", "coordinates": [-85.688288, 38.142342]}, "properties": {"crashes": 3, "injury": 0, "fatal": 0, "pedestrian": 0, "bicycle": 0, "density": 0.8, "year_range": "unknown"}}, {"type": "Feature", "geometry": {"type": "Point", "coordinates": [-85.74955, 38.12973]}, "properties": {"crashes": 1, "injury": 0, "fatal": 0, "pedestrian": 0, "bicycle": 0, "density": 0.2, "year_range": "unknown"}}, {"type": "Feature", "geometry": {"type": "Point", "coordinates": [-85.801802, 38.156757]}, "properties": {"crashes": 3, "injury": 0, "fatal": 0, "pedestrian": 0, "bicycle": 0, "density": 0.8, "year_range": "unknown"}}, {"type": "Feature", "geometry": {"type": "Point", "coordinates": [-85.699099, 38.088288]}, "properties": {"crashes": 5, "injury": 0, "fatal": 0, "pedestrian": 0, "bicycle": 0, "density": 1.2, "year_range": "unknown"}}, {"type": "Feature", "geometry": {"type": "Point", "coordinates": [-85.83964, 38.196396]}, "properties": {"crashes": 2, "injury": 0, "fatal": 0, "pedestrian": 0, "bicycle": 0, "density": 0.5, "year_range": "unknown"}}, {"type": "Feature", "geometry": {"type": "Point", "coordinates": [-85.781982, 38.198198]}, "properties": {"crashes": 7, "injury": 0, "fatal": 0, "pedestrian": 0, "bicycle": 0, "density": 1.8, "year_range": "unknown"}}, {"type": "Feature", "geometry": {"type": "Point", "coordinates": [-85.828829, 38.203604]}, "properties": {"crashes": 1, "injury": 0, "fatal": 0, "pedestrian": 0, "bicycle": 0, "density": 0.2, "year_range": "unknown"}}, {"type": "Feature", "geometry": {"type": "Point", "coordinates": [-85.809009, 38.127928]}, "properties": {"crashes": 1, "injury": 0, "fatal": 0, "pedestrian": 0, "bicycle": 0, "density": 0.2, "year_range": "unknown"}}, {"type": "Feature", "geometry": {"type": "Point", "coordinates": [-85.798198, 38.198198]}, "properties": {"crashes": 4, "injury": 0, "fatal": 0, "pedestrian": 0, "bicycle": 0, "density": 1.0, "year_range": "unknown"}}, {"type": "Feature", "geometry": {"type": "Point", "coordinates": [-85.765766, 38.246847]}, "properties": {"crashes": 6, "injury": 0, "fatal": 0, "pedestrian": 0, "bicycle": 0, "density": 1.5, "year_range": "unknown"}}, {"type": "Feature", "geometry": {"type": "Point", "coordinates": [-85.745946, 38.248649]}, "properties": {"crashes": 1, "injury": 0, "fatal": 0, "pedestrian": 0, "bicycle": 0, "density": 0.2, "year_range": "unknown"}}, {"type": "Feature", "geometry": {"type": "Point", "coordinates": [-85.554955, 38.245045]}, "properties": {"crashes": 2, "injury": 0, "fatal": 0, "pedestrian": 0, "bicycle": 0, "density": 0.5, "year_range": "unknown"}}, {"type": "Feature", "geometry": {"type": "Point", "coordinates": [-85.531532, 38.248649]}, "properties": {"crashes": 1, "injury": 0, "fatal": 0, "pedestrian": 0, "bicycle": 0, "density": 0.2, "year_range": "unknown"}}, {"type": "Feature", "geometry": {"type": "Point", "coordinates": [-85.697297, 38.275676]}, "properties": {"crashes": 4, "injury": 0, "fatal": 0, "pedestrian": 0, "bicycle": 0, "density": 1.0, "year_range": "unknown"}}, {"type": "Feature", "geometry": {"type": "Point", "coordinates": [-85.565766, 38.142342]}, "properties": {"crashes": 3, "injury": 0, "fatal": 0, "pedestrian": 0, "bicycle": 0, "density": 0.8, "year_range": "unknown"}}, {"type": "Feature", "geometry": {"type": "Point", "coordinates": [-85.767568, 38.228829]}, "properties": {"crashes": 5, "injury": 0, "fatal": 0, "pedestrian": 0, "bicycle": 0, "density": 1.2, "year_range": "unknown"}}, {"type": "Feature", "geometry": {"type": "Point", "coordinates": [-85.637838, 38.261261]}, "properties": {"crashes": 1, "injury": 0, "fatal": 0, "pedestrian": 0, "bicycle": 0, "density": 0.2, "year_range": "unknown"}}, {"type": "Feature", "geometry": {"type": "Point", "coordinates": [-85.520721, 38.286486]}, "properties": {"crashes": 1, "injury": 0, "fatal": 0, "pedestrian": 0, "bicycle": 0, "density": 0.2, "year_range": "unknown"}}, {"type": "Feature", "geometry": {"type": "Point", "coordinates": [-85.846847, 38.18018]}, "properties": {"crashes": 1, "injury": 0, "fatal": 0, "pedestrian": 0, "bicycle": 0, "density": 0.2, "year_range": "unknown"}}, {"type": "Feature", "geometry": {"type": "Point", "coordinates": [-85.571171, 38.115315]}, "properties": {"crashes": 1, "injury": 0, "fatal": 0, "pedestrian": 0, "bicycle": 0, "density": 0.2, "year_range": "unknown"}}, {"type": "Feature", "geometry": {"type": "Point", "coordinates": [-85.659459, 38.156757]}, "properties": {"crashes": 8, "injury": 0, "fatal": 0, "pedestrian": 0, "bicycle": 0, "density": 2.0, "year_range": "unknown"}}, {"type": "Feature", "geometry": {"type": "Point", "coordinates": [-85.796396, 38.187387]}, "properties": {"crashes": 6, "injury": 0, "fatal": 0, "pedestrian": 0, "bicycle": 0, "density": 1.5, "year_range": "unknown"}}, {"type": "Feature", "geometry": {"type": "Point", "coordinates": [-85.479279, 38.264865]}, "properties": {"crashes": 1, "injury": 0, "fatal": 0, "pedestrian": 0, "bicycle": 0, "density": 0.2, "year_range": "unknown"}}, {"type": "Feature", "geometry": {"type": "Point", "coordinates": [-85.796396, 38.154955]}, "properties": {"crashes": 3, "injury": 0, "fatal": 0, "pedestrian": 0, "bicycle": 0, "density": 0.8, "year_range": "unknown"}}, {"type": "Feature", "geometry": {"type": "Point", "coordinates": [-85.70991, 38.227027]}, "properties": {"crashes": 1, "injury": 0, "fatal": 0, "pedestrian": 0, "bicycle": 0, "density": 0.2, "year_range": "unknown"}}, {"type": "Feature", "geometry": {"type": "Point", "coordinates": [-85.50991, 38.252252]}, "properties": {"crashes": 2, "injury": 0, "fatal": 0, "pedestrian": 0, "bicycle": 0, "density": 0.5, "year_range": "unknown"}}, {"type": "Feature", "geometry": {"type": "Point", "coordinates": [-85.787387, 38.254054]}, "properties": {"crashes": 4, "injury": 0, "fatal": 0, "pedestrian": 0, "bicycle": 0, "density": 1.0, "year_range": "unknown"}}, {"type": "Feature", "geometry": {"type": "Point", "coordinates": [-85.767568, 38.259459]}, "properties": {"crashes": 2, "injury": 0, "fatal": 0, "pedestrian": 0, "bicycle": 0, "density": 0.5, "year_range": "unknown"}}, {"type": "Feature", "geometry": {"type": "Point", "coordinates": [-85.688288, 38.174775]}, "properties": {"crashes": 4, "injury": 0, "fatal": 0, "pedestrian": 0, "bicycle": 0, "density": 1.0, "year_range": "unknown"}}, {"type": "Feature", "geometry": {"type": "Point", "coordinates": [-85.774775, 38.218018]}, "properties": {"crashes": 2, "injury": 0, "fatal": 0, "pedestrian": 0, "bicycle": 0, "density": 0.5, "year_range": "unknown"}}, {"type": "Feature", "geometry": {"type": "Point", "coordinates": [-85.513514, 38.176577]}, "properties": {"crashes": 2, "injury": 0, "fatal": 0, "pedestrian": 0, "bicycle": 0, "density": 0.5, "year_range": "unknown"}}, {"type": "Feature", "geometry": {"type": "Point", "coordinates": [-85.78018, 38.126126]}, "properties": {"crashes": 1, "injury": 0, "fatal": 0, "pedestrian": 0, "bicycle": 0, "density": 0.2, "year_range": "unknown"}}, {"type": "Feature", "geometry": {"type": "Point", "coordinates": [-85.614414, 38.158559]}, "properties": {"crashes": 3, "injury": 0, "fatal": 0, "pedestrian": 0, "bicycle": 0, "density": 0.8, "year_range": "unknown"}}, {"type": "Feature", "geometry": {"type": "Point", "coordinates": [-85.601802, 38.218018]}, "properties": {"crashes": 3, "injury": 0, "fatal": 0, "pedestrian": 0, "bicycle": 0, "density": 0.8, "year_range": "unknown"}}, {"type": "Feature", "geometry": {"type": "Point", "coordinates": [-85.652252, 38.221622]}, "properties": {"crashes": 3, "injury": 0, "fatal": 0, "pedestrian": 0, "bicycle": 0, "density": 0.8, "year_range": "unknown"}}, {"type": "Feature", "geometry": {"type": "Point", "coordinates": [-85.814414, 38.241441]}, "properties": {"crashes": 1, "injury": 0, "fatal": 0, "pedestrian": 0, "bicycle": 0, "density": 0.2, "year_range": "unknown"}}, {"type": "Feature", "geometry": {"type": "Point", "coordinates": [-85.796396, 38.272072]}, "properties": {"crashes": 3, "injury": 0, "fatal": 0, "pedestrian": 0, "bicycle": 0, "density": 0.8, "year_range": "unknown"}}, {"type": "Feature", "geometry": {"type": "Point", "coordinates": [-85.704505, 38.115315]}, "properties": {"crashes": 1, "injury": 0, "fatal": 0, "pedestrian": 0, "bicycle": 0, "density": 0.2, "year_range": "unknown"}}, {"type": "Feature", "geometry": {"type": "Point", "coordinates": [-85.767568, 38.169369]}, "properties": {"crashes": 1, "injury": 0, "fatal": 0, "pedestrian": 0, "bicycle": 0, "density": 0.2, "year_range": "unknown"}}, {"type": "Feature", "geometry": {"type": "Point", "coordinates": [-85.666667, 38.117117]}, "properties": {"crashes": 4, "injury": 0, "fatal": 0, "pedestrian": 0, "bicycle": 0, "density": 1.0, "year_range": "unknown"}}, {"type": "Feature", "geometry": {"type": "Point", "coordinates": [-85.81982, 38.14955]}, "properties": {"crashes": 1, "injury": 0, "fatal": 0, "pedestrian": 0, "bicycle": 0, "density": 0.2, "year_range": "unknown"}}, {"type": "Feature", "geometry": {"type": "Point", "coordinates": [-85.682883, 38.203604]}, "properties": {"crashes": 1, "injury": 0, "fatal": 0, "pedestrian": 0, "bicycle": 0, "density": 0.2, "year_range": "unknown"}}, {"type": "Feature", "geometry": {"type": "Point", "coordinates": [-85.636036, 38.327928]}, "properties": {"crashes": 1, "injury": 0, "fatal": 0, "pedestrian": 0, "bicycle": 0, "density": 0.2, "year_range": "unknown"}}, {"type": "Feature", "geometry": {"type": "Point", "coordinates": [-85.731532, 38.192793]}, "properties": {"crashes": 2, "injury": 0, "fatal": 0, "pedestrian": 0, "bicycle": 0, "density": 0.5, "year_range": "unknown"}}, {"type": "Feature", "geometry": {"type": "Point", "coordinates": [-85.702703, 38.127928]}, "properties": {"crashes": 4, "injury": 0, "fatal": 0, "pedestrian": 0, "bicycle": 0, "density": 1.0, "year_range": "unknown"}}, {"type": "Feature", "geometry": {"type": "Point", "coordinates": [-85.798198, 38.210811]}, "properties": {"crashes": 1, "injury": 0, "fatal": 0, "pedestrian": 0, "bicycle": 0, "density": 0.2, "year_range": "unknown"}}, {"type": "Feature", "geometry": {"type": "Point", "coordinates": [-85.63964, 38.212613]}, "properties": {"crashes": 3, "injury": 0, "fatal": 0, "pedestrian": 0, "bicycle": 0, "density": 0.8, "year_range": "unknown"}}, {"type": "Feature", "geometry": {"type": "Point", "coordinates": [-85.854054, 38.106306]}, "properties": {"crashes": 1, "injury": 0, "fatal": 0, "pedestrian": 0, "bicycle": 0, "density": 0.2, "year_range": "unknown"}}, {"type": "Feature", "geometry": {"type": "Point", "coordinates": [-85.675676, 38.156757]}, "properties": {"crashes": 1, "injury": 0, "fatal": 0, "pedestrian": 0, "bicycle": 0, "density": 0.2, "year_range": "unknown"}}, {"type": "Feature", "geometry": {"type": "Point", "coordinates": [-85.776577, 38.246847]}, "properties": {"crashes": 1, "injury": 0, "fatal": 0, "pedestrian": 0, "bicycle": 0, "density": 0.2, "year_range": "unknown"}}, {"type": "Feature", "geometry": {"type": "Point", "coordinates": [-85.818018, 38.136937]}, "properties": {"crashes": 3, "injury": 0, "fatal": 0, "pedestrian": 0, "bicycle": 0, "density": 0.8, "year_range": "unknown"}}, {"type": "Feature", "geometry": {"type": "Point", "coordinates": [-85.556757, 38.091892]}, "properties": {"crashes": 1, "injury": 0, "fatal": 0, "pedestrian": 0, "bicycle": 0, "density": 0.2, "year_range": "unknown"}}, {"type": "Feature", "geometry": {"type": "Point", "coordinates": [-85.612613, 38.162162]}, "properties": {"crashes": 5, "injury": 0, "fatal": 0, "pedestrian": 0, "bicycle": 0, "density": 1.2, "year_range": "unknown"}}, {"type": "Feature", "geometry": {"type": "Point", "coordinates": [-85.659459, 38.16036]}, "properties": {"crashes": 7, "injury": 0, "fatal": 0, "pedestrian": 0, "bicycle": 0, "density": 1.8, "year_range": "unknown"}}, {"type": "Feature", "geometry": {"type": "Point", "coordinates": [-85.772973, 38.189189]}, "properties": {"crashes": 1, "injury": 0, "fatal": 0, "pedestrian": 0, "bicycle": 0, "density": 0.2, "year_range": "unknown"}}, {"type": "Feature", "geometry": {"type": "Point", "coordinates": [-85.893694, 38.054054]}, "properties": {"crashes": 1, "injury": 0, "fatal": 0, "pedestrian": 0, "bicycle": 0, "density": 0.2, "year_range": "unknown"}}, {"type": "Feature", "geometry": {"type": "Point", "coordinates": [-85.508108, 38.2]}, "properties": {"crashes": 2, "injury": 0, "fatal": 0, "pedestrian": 0, "bicycle": 0, "density": 0.5, "year_range": "unknown"}}, {"type": "Feature", "geometry": {"type": "Point", "coordinates": [-85.76036, 38.246847]}, "properties": {"crashes": 2, "injury": 0, "fatal": 0, "pedestrian": 0, "bicycle": 0, "density": 0.5, "year_range": "unknown"}}, {"type": "Feature", "geometry": {"type": "Point", "coordinates": [-85.663063, 38.2]}, "properties": {"crashes": 3, "injury": 0, "fatal": 0, "pedestrian": 0, "bicycle": 0, "density": 0.8, "year_range": "unknown"}}, {"type": "Feature", "geometry": {"type": "Point", "coordinates": [-85.78018, 38.266667]}, "properties": {"crashes": 3, "injury": 0, "fatal": 0, "pedestrian": 0, "bicycle": 0, "density": 0.8, "year_range": "unknown"}}, {"type": "Feature", "geometry": {"type": "Point", "coordinates": [-85.769369, 38.252252]}, "properties": {"crashes": 3, "injury": 0, "fatal": 0, "pedestrian": 0, "bicycle": 0, "density": 0.8, "year_range": "unknown"}}, {"type": "Feature", "geometry": {"type": "Point", "coordinates": [-85.693694, 38.102703]}, "properties": {"crashes": 3, "injury": 0, "fatal": 0, "pedestrian": 0, "bicycle": 0, "density": 0.8, "year_range": "unknown"}}, {"type": "Feature", "geometry": {"type": "Point", "coordinates": [-85.742342, 38.189189]}, "properties": {"crashes": 2, "injury": 0, "fatal": 0, "pedestrian": 0, "bicycle": 0, "density": 0.5, "year_range": "unknown"}}, {"type": "Feature", "geometry": {"type": "Point", "coordinates": [-85.533333, 38.153153]}, "properties": {"crashes": 1, "injury": 0, "fatal": 0, "pedestrian": 0, "bicycle": 0, "density": 0.2, "year_range": "unknown"}}, {"type": "Feature", "geometry": {"type": "Point", "coordinates": [-85.700901, 38.095495]}, "properties": {"crashes": 1, "injury": 0, "fatal": 0, "pedestrian": 0, "bicycle": 0, "density": 0.2, "year_range": "unknown"}}, {"type": "Feature", "geometry": {"type": "Point", "coordinates": [-85.785586, 38.23964]}, "properties": {"crashes": 5, "injury": 0, "fatal": 0, "pedestrian": 0, "bicycle": 0, "density": 1.2, "year_range": "unknown"}}, {"type": "Feature", "geometry": {"type": "Point", "coordinates": [-85.794595, 38.223423]}, "properties": {"crashes": 3, "injury": 0, "fatal": 0, "pedestrian": 0, "bicycle": 0, "density": 0.8, "year_range": "unknown"}}, {"type": "Feature", "geometry": {"type": "Point", "coordinates": [-85.578378, 38.227027]}, "properties": {"crashes": 2, "injury": 0, "fatal": 0, "pedestrian": 0, "bicycle": 0, "density": 0.5, "year_range": "unknown"}}, {"type": "Feature", "geometry": {"type": "Point", "coordinates": [-85.574775, 38.201802]}, "properties": {"crashes": 4, "injury": 0, "fatal": 0, "pedestrian": 0, "bicycle": 0, "density": 1.0, "year_range": "unknown"}}, {"type": "Feature", "geometry": {"type": "Point", "coordinates": [-85.590991, 38.30991]}, "properties": {"crashes": 2, "injury": 0, "fatal": 0, "pedestrian": 0, "bicycle": 0, "density": 0.5, "year_range": "unknown"}}, {"type": "Feature", "geometry": {"type": "Point", "coordinates": [-85.740541, 38.255856]}, "properties": {"crashes": 2, "injury": 0, "fatal": 0, "pedestrian": 0, "bicycle": 0, "density": 0.5, "year_range": "unknown"}}, {"type": "Feature", "geometry": {"type": "Point", "coordinates": [-85.645045, 38.198198]}, "properties": {"crashes": 2, "injury": 0, "fatal": 0, "pedestrian": 0, "bicycle": 0, "density": 0.5, "year_range": "unknown"}}, {"type": "Feature", "geometry": {"type": "Point", "coordinates": [-85.526126, 38.246847]}, "properties": {"crashes": 1, "injury": 0, "fatal": 0, "pedestrian": 0, "bicycle": 0, "density": 0.2, "year_range": "unknown"}}, {"type": "Feature", "geometry": {"type": "Point", "coordinates": [-85.753153, 38.261261]}, "properties": {"crashes": 1, "injury": 0, "fatal": 0, "pedestrian": 0, "bicycle": 0, "density": 0.2, "year_range": "unknown"}}, {"type": "Feature", "geometry": {"type": "Point", "coordinates": [-85.85045, 38.156757]}, "properties": {"crashes": 1, "injury": 0, "fatal": 0, "pedestrian": 0, "bicycle": 0, "density": 0.2, "year_range": "unknown"}}, {"type": "Feature", "geometry": {"type": "Point", "coordinates": [-85.565766, 38.318919]}, "properties": {"crashes": 4, "injury": 0, "fatal": 0, "pedestrian": 0, "bicycle": 0, "density": 1.0, "year_range": "unknown"}}, {"type": "Feature", "geometry": {"type": "Point", "coordinates": [-85.616216, 38.138739]}, "properties": {"crashes": 3, "injury": 0, "fatal": 0, "pedestrian": 0, "bicycle": 0, "density": 0.8, "year_range": "unknown"}}, {"type": "Feature", "geometry": {"type": "Point", "coordinates": [-85.688288, 38.167568]}, "properties": {"crashes": 3, "injury": 0, "fatal": 0, "pedestrian": 0, "bicycle": 0, "density": 0.8, "year_range": "unknown"}}, {"type": "Feature", "geometry": {"type": "Point", "coordinates": [-85.652252, 38.252252]}, "properties": {"crashes": 3, "injury": 0, "fatal": 0, "pedestrian": 0, "bicycle": 0, "density": 0.8, "year_range": "unknown"}}, {"type": "Feature", "geometry": {"type": "Point", "coordinates": [-85.812613, 38.248649]}, "properties": {"crashes": 3, "injury": 0, "fatal": 0, "pedestrian": 0, "bicycle": 0, "density": 0.8, "year_range": "unknown"}}, {"type": "Feature", "geometry": {"type": "Point", "coordinates": [-85.832432, 38.16036]}, "properties": {"crashes": 3, "injury": 0, "fatal": 0, "pedestrian": 0, "bicycle": 0, "density": 0.8, "year_range": "unknown"}}, {"type": "Feature", "geometry": {"type": "Point", "coordinates": [-85.742342, 38.214414]}, "properties": {"crashes": 6, "injury": 0, "fatal": 0, "pedestrian": 0, "bicycle": 0, "density": 1.5, "year_range": "unknown"}}, {"type": "Feature", "geometry": {"type": "Point", "coordinates": [-85.727928, 38.190991]}, "properties": {"crashes": 1, "injury": 0, "fatal": 0, "pedestrian": 0, "bicycle": 0, "density": 0.2, "year_range": "unknown"}}, {"type": "Feature", "geometry": {"type": "Point", "coordinates": [-85.664865, 38.203604]}, "properties": {"crashes": 10, "injury": 0, "fatal": 0, "pedestrian": 0, "bicycle": 0, "density": 2.5, "year_range": "unknown"}}, {"type": "Feature", "geometry": {"type": "Point", "coordinates": [-85.763964, 38.10991]}, "properties": {"crashes": 3, "injury": 0, "fatal": 0, "pedestrian": 0, "bicycle": 0, "density": 0.8, "year_range": "unknown"}}, {"type": "Feature", "geometry": {"type": "Point", "coordinates": [-85.758559, 38.241441]}, "properties": {"crashes": 1, "injury": 0, "fatal": 0, "pedestrian": 0, "bicycle": 0, "density": 0.2, "year_range": "unknown"}}, {"type": "Feature", "geometry": {"type": "Point", "coordinates": [-85.821622, 38.245045]}, "properties": {"crashes": 1, "injury": 0, "fatal": 0, "pedestrian": 0, "bicycle": 0, "density": 0.2, "year_range": "unknown"}}, {"type": "Feature", "geometry": {"type": "Point", "coordinates": [-85.814414, 38.189189]}, "properties": {"crashes": 1, "injury": 0, "fatal": 0, "pedestrian": 0, "bicycle": 0, "density": 0.2, "year_range": "unknown"}}, {"type": "Feature", "geometry": {"type": "Point", "coordinates": [-85.762162, 38.225225]}, "properties": {"crashes": 2, "injury": 0, "fatal": 0, "pedestrian": 0, "bicycle": 0, "density": 0.5, "year_range": "unknown"}}, {"type": "Feature", "geometry": {"type": "Point", "coordinates": [-85.827027, 38.205405]}, "properties": {"crashes": 1, "injury": 0, "fatal": 0, "pedestrian": 0, "bicycle": 0, "density": 0.2, "year_range": "unknown"}}, {"type": "Feature", "geometry": {"type": "Point", "coordinates": [-85.828829, 38.196396]}, "properties": {"crashes": 3, "injury": 0, "fatal": 0, "pedestrian": 0, "bicycle": 0, "density": 0.8, "year_range": "unknown"}}, {"type": "Feature", "geometry": {"type": "Point", "coordinates": [-85.547748, 38.145946]}, "properties": {"crashes": 2, "injury": 0, "fatal": 0, "pedestrian": 0, "bicycle": 0, "density": 0.5, "year_range": "unknown"}}, {"type": "Feature", "geometry": {"type": "Point", "coordinates": [-85.751351, 38.245045]}, "properties": {"crashes": 3, "injury": 0, "fatal": 0, "pedestrian": 0, "bicycle": 0, "density": 0.8, "year_range": "unknown"}}, {"type": "Feature", "geometry": {"type": "Point", "coordinates": [-85.81982, 38.194595]}, "properties": {"crashes": 2, "injury": 0, "fatal": 0, "pedestrian": 0, "bicycle": 0, "density": 0.5, "year_range": "unknown"}}, {"type": "Feature", "geometry": {"type": "Point", "coordinates": [-85.733333, 38.261261]}, "properties": {"crashes": 1, "injury": 0, "fatal": 0, "pedestrian": 0, "bicycle": 0, "density": 0.2, "year_range": "unknown"}}, {"type": "Feature", "geometry": {"type": "Point", "coordinates": [-85.724324, 38.225225]}, "properties": {"crashes": 4, "injury": 0, "fatal": 0, "pedestrian": 0, "bicycle": 0, "density": 1.0, "year_range": "unknown"}}, {"type": "Feature", "geometry": {"type": "Point", "coordinates": [-85.679279, 38.14955]}, "properties": {"crashes": 2, "injury": 0, "fatal": 0, "pedestrian": 0, "bicycle": 0, "density": 0.5, "year_range": "unknown"}}, {"type": "Feature", "geometry": {"type": "Point", "coordinates": [-85.536937, 38.205405]}, "properties": {"crashes": 1, "injury": 0, "fatal": 0, "pedestrian": 0, "bicycle": 0, "density": 0.2, "year_range": "unknown"}}, {"type": "Feature", "geometry": {"type": "Point", "coordinates": [-85.607207, 38.248649]}, "properties": {"crashes": 1, "injury": 0, "fatal": 0, "pedestrian": 0, "bicycle": 0, "density": 0.2, "year_range": "unknown"}}, {"type": "Feature", "geometry": {"type": "Point", "coordinates": [-85.754955, 38.140541]}, "properties": {"crashes": 3, "injury": 0, "fatal": 0, "pedestrian": 0, "bicycle": 0, "density": 0.8, "year_range": "unknown"}}, {"type": "Feature", "geometry": {"type": "Point", "coordinates": [-85.776577, 38.126126]}, "properties": {"crashes": 7, "injury": 0, "fatal": 0, "pedestrian": 0, "bicycle": 0, "density": 1.8, "year_range": "unknown"}}, {"type": "Feature", "geometry": {"type": "Point", "coordinates": [-85.572973, 38.29009]}, "properties": {"crashes": 1, "injury": 0, "fatal": 0, "pedestrian": 0, "bicycle": 0, "density": 0.2, "year_range": "unknown"}}, {"type": "Feature", "geometry": {"type": "Point", "coordinates": [-85.569369, 38.165766]}, "properties": {"crashes": 3, "injury": 0, "fatal": 0, "pedestrian": 0, "bicycle": 0, "density": 0.8, "year_range": "unknown"}}, {"type": "Feature", "geometry": {"type": "Point", "coordinates": [-85.837838, 38.144144]}, "properties": {"crashes": 1, "injury": 0, "fatal": 0, "pedestrian": 0, "bicycle": 0, "density": 0.2, "year_range": "unknown"}}, {"type": "Feature", "geometry": {"type": "Point", "coordinates": [-85.56036, 38.327928]}, "properties": {"crashes": 1, "injury": 0, "fatal": 0, "pedestrian": 0, "bicycle": 0, "density": 0.2, "year_range": "unknown"}}, {"type": "Feature", "geometry": {"type": "Point", "coordinates": [-85.733333, 38.189189]}, "properties": {"crashes": 1, "injury": 0, "fatal": 0, "pedestrian": 0, "bicycle": 0, "density": 0.2, "year_range": "unknown"}}, {"type": "Feature", "geometry": {"type": "Point", "coordinates": [-85.87027, 38.091892]}, "properties": {"crashes": 1, "injury": 0, "fatal": 0, "pedestrian": 0, "bicycle": 0, "density": 0.2, "year_range": "unknown"}}, {"type": "Feature", "geometry": {"type": "Point", "coordinates": [-85.688288, 38.163964]}, "properties": {"crashes": 1, "injury": 0, "fatal": 0, "pedestrian": 0, "bicycle": 0, "density": 0.2, "year_range": "unknown"}}, {"type": "Feature", "geometry": {"type": "Point", "coordinates": [-85.589189, 38.169369]}, "properties": {"crashes": 1, "injury": 0, "fatal": 0, "pedestrian": 0, "bicycle": 0, "density": 0.2, "year_range": "unknown"}}, {"type": "Feature", "geometry": {"type": "Point", "coordinates": [-85.664865, 38.158559]}, "properties": {"crashes": 1, "injury": 0, "fatal": 0, "pedestrian": 0, "bicycle": 0, "density": 0.2, "year_range": "unknown"}}, {"type": "Feature", "geometry": {"type": "Point", "coordinates": [-85.756757, 38.246847]}, "properties": {"crashes": 3, "injury": 0, "fatal": 0, "pedestrian": 0, "bicycle": 0, "density": 0.8, "year_range": "unknown"}}, {"type": "Feature", "geometry": {"type": "Point", "coordinates": [-85.563964, 38.272072]}, "properties": {"crashes": 1, "injury": 0, "fatal": 0, "pedestrian": 0, "bicycle": 0, "density": 0.2, "year_range": "unknown"}}, {"type": "Feature", "geometry": {"type": "Point", "coordinates": [-85.648649, 38.227027]}, "properties": {"crashes": 2, "injury": 0, "fatal": 0, "pedestrian": 0, "bicycle": 0, "density": 0.5, "year_range": "unknown"}}, {"type": "Feature", "geometry": {"type": "Point", "coordinates": [-85.699099, 38.169369]}, "properties": {"crashes": 1, "injury": 0, "fatal": 0, "pedestrian": 0, "bicycle": 0, "density": 0.2, "year_range": "unknown"}}, {"type": "Feature", "geometry": {"type": "Point", "coordinates": [-85.56036, 38.234234]}, "properties": {"crashes": 1, "injury": 0, "fatal": 0, "pedestrian": 0, "bicycle": 0, "density": 0.2, "year_range": "unknown"}}, {"type": "Feature", "geometry": {"type": "Point", "coordinates": [-85.621622, 38.122523]}, "properties": {"crashes": 1, "injury": 0, "fatal": 0, "pedestrian": 0, "bicycle": 0, "density": 0.2, "year_range": "unknown"}}, {"type": "Feature", "geometry": {"type": "Point", "coordinates": [-85.818018, 38.153153]}, "properties": {"crashes": 3, "injury": 0, "fatal": 0, "pedestrian": 0, "bicycle": 0, "density": 0.8, "year_range": "unknown"}}, {"type": "Feature", "geometry": {"type": "Point", "coordinates": [-85.632432, 38.284685]}, "properties": {"crashes": 2, "injury": 0, "fatal": 0, "pedestrian": 0, "bicycle": 0, "density": 0.5, "year_range": "unknown"}}, {"type": "Feature", "geometry": {"type": "Point", "coordinates": [-85.778378, 38.236036]}, "properties": {"crashes": 3, "injury": 0, "fatal": 0, "pedestrian": 0, "bicycle": 0, "density": 0.8, "year_range": "unknown"}}, {"type": "Feature", "geometry": {"type": "Point", "coordinates": [-85.587387, 38.246847]}, "properties": {"crashes": 1, "injury": 0, "fatal": 0, "pedestrian": 0, "bicycle": 0, "density": 0.2, "year_range": "unknown"}}, {"type": "Feature", "geometry": {"type": "Point", "coordinates": [-85.886486, 38.147748]}, "properties": {"crashes": 16, "injury": 0, "fatal": 0, "pedestrian": 0, "bicycle": 0, "density": 4.0, "year_range": "unknown"}}, {"type": "Feature", "geometry": {"type": "Point", "coordinates": [-85.569369, 38.268468]}, "properties": {"crashes": 2, "injury": 0, "fatal": 0, "pedestrian": 0, "bicycle": 0, "density": 0.5, "year_range": "unknown"}}, {"type": "Feature", "geometry": {"type": "Point", "coordinates": [-85.913514, 38.023423]}, "properties": {"crashes": 3, "injury": 0, "fatal": 0, "pedestrian": 0, "bicycle": 0, "density": 0.8, "year_range": "unknown"}}, {"type": "Feature", "geometry": {"type": "Point", "coordinates": [-85.621622, 38.23964]}, "properties": {"crashes": 1, "injury": 0, "fatal": 0, "pedestrian": 0, "bicycle": 0, "density": 0.2, "year_range": "unknown"}}, {"type": "Feature", "geometry": {"type": "Point", "coordinates": [-85.740541, 38.234234]}, "properties": {"crashes": 3, "injury": 0, "fatal": 0, "pedestrian": 0, "bicycle": 0, "density": 0.8, "year_range": "unknown"}}, {"type": "Feature", "geometry": {"type": "Point", "coordinates": [-85.828829, 38.165766]}, "properties": {"crashes": 1, "injury": 0, "fatal": 0, "pedestrian": 0, "bicycle": 0, "density": 0.2, "year_range": "unknown"}}, {"type": "Feature", "geometry": {"type": "Point", "coordinates": [-85.61982, 38.136937]}, "properties": {"crashes": 1, "injury": 0, "fatal": 0, "pedestrian": 0, "bicycle": 0, "density": 0.2, "year_range": "unknown"}}, {"type": "Feature", "geometry": {"type": "Point", "coordinates": [-85.628829, 38.284685]}, "properties": {"crashes": 1, "injury": 0, "fatal": 0, "pedestrian": 0, "bicycle": 0, "density": 0.2, "year_range": "unknown"}}, {"type": "Feature", "geometry": {"type": "Point", "coordinates": [-85.803604, 38.122523]}, "properties": {"crashes": 1, "injury": 0, "fatal": 0, "pedestrian": 0, "bicycle": 0, "density": 0.2, "year_range": "unknown"}}, {"type": "Feature", "geometry": {"type": "Point", "coordinates": [-85.533333, 38.223423]}, "properties": {"crashes": 2, "injury": 0, "fatal": 0, "pedestrian": 0, "bicycle": 0, "density": 0.5, "year_range": "unknown"}}, {"type": "Feature", "geometry": {"type": "Point", "coordinates": [-85.827027, 38.194595]}, "properties": {"crashes": 3, "injury": 0, "fatal": 0, "pedestrian": 0, "bicycle": 0, "density": 0.8, "year_range": "unknown"}}, {"type": "Feature", "geometry": {"type": "Point", "coordinates": [-85.754955, 38.237838]}, "properties": {"crashes": 1, "injury": 0, "fatal": 0, "pedestrian": 0, "bicycle": 0, "density": 0.2, "year_range": "unknown"}}, {"type": "Feature", "geometry": {"type": "Point", "coordinates": [-85.776577, 38.252252]}, "properties": {"crashes": 1, "injury": 0, "fatal": 0, "pedestrian": 0, "bicycle": 0, "density": 0.2, "year_range": "unknown"}}, {"type": "Feature", "geometry": {"type": "Point", "coordinates": [-85.700901, 38.156757]}, "properties": {"crashes": 5, "injury": 0, "fatal": 0, "pedestrian": 0, "bicycle": 0, "density": 1.2, "year_range": "unknown"}}, {"type": "Feature", "geometry": {"type": "Point", "coordinates": [-85.706306, 38.169369]}, "properties": {"crashes": 13, "injury": 0, "fatal": 0, "pedestrian": 0, "bicycle": 0, "density": 3.2, "year_range": "unknown"}}, {"type": "Feature", "geometry": {"type": "Point", "coordinates": [-85.740541, 38.205405]}, "properties": {"crashes": 2, "injury": 0, "fatal": 0, "pedestrian": 0, "bicycle": 0, "density": 0.5, "year_range": "unknown"}}, {"type": "Feature", "geometry": {"type": "Point", "coordinates": [-85.605405, 38.248649]}, "properties": {"crashes": 1, "injury": 0, "fatal": 0, "pedestrian": 0, "bicycle": 0, "density": 0.2, "year_range": "unknown"}}, {"type": "Feature", "geometry": {"type": "Point", "coordinates": [-85.818018, 38.147748]}, "properties": {"crashes": 1, "injury": 0, "fatal": 0, "pedestrian": 0, "bicycle": 0, "density": 0.2, "year_range": "unknown"}}, {"type": "Feature", "geometry": {"type": "Point", "coordinates": [-85.50991, 38.291892]}, "properties": {"crashes": 1, "injury": 0, "fatal": 0, "pedestrian": 0, "bicycle": 0, "density": 0.2, "year_range": "unknown"}}, {"type": "Feature", "geometry": {"type": "Point", "coordinates": [-85.863063, 38.113514]}, "properties": {"crashes": 4, "injury": 0, "fatal": 0, "pedestrian": 0, "bicycle": 0, "density": 1.0, "year_range": "unknown"}}, {"type": "Feature", "geometry": {"type": "Point", "coordinates": [-85.861261, 38.113514]}, "properties": {"crashes": 1, "injury": 0, "fatal": 0, "pedestrian": 0, "bicycle": 0, "density": 0.2, "year_range": "unknown"}}, {"type": "Feature", "geometry": {"type": "Point", "coordinates": [-85.763964, 38.248649]}, "properties": {"crashes": 1, "injury": 0, "fatal": 0, "pedestrian": 0, "bicycle": 0, "density": 0.2, "year_range": "unknown"}}, {"type": "Feature", "geometry": {"type": "Point", "coordinates": [-85.807207, 38.223423]}, "properties": {"crashes": 2, "injury": 0, "fatal": 0, "pedestrian": 0, "bicycle": 0, "density": 0.5, "year_range": "unknown"}}, {"type": "Feature", "geometry": {"type": "Point", "coordinates": [-85.872072, 38.174775]}, "properties": {"crashes": 4, "injury": 0, "fatal": 0, "pedestrian": 0, "bicycle": 0, "density": 1.0, "year_range": "unknown"}}, {"type": "Feature", "geometry": {"type": "Point", "coordinates": [-85.881081, 38.106306]}, "properties": {"crashes": 1, "injury": 0, "fatal": 0, "pedestrian": 0, "bicycle": 0, "density": 0.2, "year_range": "unknown"}}, {"type": "Feature", "geometry": {"type": "Point", "coordinates": [-85.841441, 38.196396]}, "properties": {"crashes": 6, "injury": 0, "fatal": 0, "pedestrian": 0, "bicycle": 0, "density": 1.5, "year_range": "unknown"}}, {"type": "Feature", "geometry": {"type": "Point", "coordinates": [-85.628829, 38.293694]}, "properties": {"crashes": 1, "injury": 0, "fatal": 0, "pedestrian": 0, "bicycle": 0, "density": 0.2, "year_range": "unknown"}}, {"type": "Feature", "geometry": {"type": "Point", "coordinates": [-85.495495, 38.272072]}, "properties": {"crashes": 2, "injury": 0, "fatal": 0, "pedestrian": 0, "bicycle": 0, "density": 0.5, "year_range": "unknown"}}, {"type": "Feature", "geometry": {"type": "Point", "coordinates": [-85.85045, 38.12973]}, "properties": {"crashes": 1, "injury": 0, "fatal": 0, "pedestrian": 0, "bicycle": 0, "density": 0.2, "year_range": "unknown"}}, {"type": "Feature", "geometry": {"type": "Point", "coordinates": [-85.699099, 38.156757]}, "properties": {"crashes": 3, "injury": 0, "fatal": 0, "pedestrian": 0, "bicycle": 0, "density": 0.8, "year_range": "unknown"}}, {"type": "Feature", "geometry": {"type": "Point", "coordinates": [-85.506306, 38.27027]}, "properties": {"crashes": 1, "injury": 0, "fatal": 0, "pedestrian": 0, "bicycle": 0, "density": 0.2, "year_range": "unknown"}}, {"type": "Feature", "geometry": {"type": "Point", "coordinates": [-85.790991, 38.192793]}, "properties": {"crashes": 1, "injury": 0, "fatal": 0, "pedestrian": 0, "bicycle": 0, "density": 0.2, "year_range": "unknown"}}, {"type": "Feature", "geometry": {"type": "Point", "coordinates": [-85.673874, 38.106306]}, "properties": {"crashes": 1, "injury": 0, "fatal": 0, "pedestrian": 0, "bicycle": 0, "density": 0.2, "year_range": "unknown"}}, {"type": "Feature", "geometry": {"type": "Point", "coordinates": [-85.771171, 38.223423]}, "properties": {"crashes": 2, "injury": 0, "fatal": 0, "pedestrian": 0, "bicycle": 0, "density": 0.5, "year_range": "unknown"}}, {"type": "Feature", "geometry": {"type": "Point", "coordinates": [-85.547748, 38.279279]}, "properties": {"crashes": 1, "injury": 0, "fatal": 0, "pedestrian": 0, "bicycle": 0, "density": 0.2, "year_range": "unknown"}}, {"type": "Feature", "geometry": {"type": "Point", "coordinates": [-85.776577, 38.144144]}, "properties": {"crashes": 2, "injury": 0, "fatal": 0, "pedestrian": 0, "bicycle": 0, "density": 0.5, "year_range": "unknown"}}, {"type": "Feature", "geometry": {"type": "Point", "coordinates": [-85.762162, 38.246847]}, "properties": {"crashes": 6, "injury": 0, "fatal": 0, "pedestrian": 0, "bicycle": 0, "density": 1.5, "year_range": "unknown"}}, {"type": "Feature", "geometry": {"type": "Point", "coordinates": [-85.774775, 38.257658]}, "properties": {"crashes": 2, "injury": 0, "fatal": 0, "pedestrian": 0, "bicycle": 0, "density": 0.5, "year_range": "unknown"}}, {"type": "Feature", "geometry": {"type": "Point", "coordinates": [-85.74955, 38.230631]}, "properties": {"crashes": 2, "injury": 0, "fatal": 0, "pedestrian": 0, "bicycle": 0, "density": 0.5, "year_range": "unknown"}}, {"type": "Feature", "geometry": {"type": "Point", "coordinates": [-85.8, 38.254054]}, "properties": {"crashes": 2, "injury": 0, "fatal": 0, "pedestrian": 0, "bicycle": 0, "density": 0.5, "year_range": "unknown"}}, {"type": "Feature", "geometry": {"type": "Point", "coordinates": [-85.67027, 38.091892]}, "properties": {"crashes": 1, "injury": 0, "fatal": 0, "pedestrian": 0, "bicycle": 0, "density": 0.2, "year_range": "unknown"}}, {"type": "Feature", "geometry": {"type": "Point", "coordinates": [-85.645045, 38.218018]}, "properties": {"crashes": 1, "injury": 0, "fatal": 0, "pedestrian": 0, "bicycle": 0, "density": 0.2, "year_range": "unknown"}}, {"type": "Feature", "geometry": {"type": "Point", "coordinates": [-85.884685, 38.131532]}, "properties": {"crashes": 1, "injury": 0, "fatal": 0, "pedestrian": 0, "bicycle": 0, "density": 0.2, "year_range": "unknown"}}, {"type": "Feature", "geometry": {"type": "Point", "coordinates": [-85.618018, 38.236036]}, "properties": {"crashes": 5, "injury": 0, "fatal": 0, "pedestrian": 0, "bicycle": 0, "density": 1.2, "year_range": "unknown"}}, {"type": "Feature", "geometry": {"type": "Point", "coordinates": [-85.502703, 38.263063]}, "properties": {"crashes": 2, "injury": 0, "fatal": 0, "pedestrian": 0, "bicycle": 0, "density": 0.5, "year_range": "unknown"}}, {"type": "Feature", "geometry": {"type": "Point", "coordinates": [-85.628829, 38.120721]}, "properties": {"crashes": 2, "injury": 0, "fatal": 0, "pedestrian": 0, "bicycle": 0, "density": 0.5, "year_range": "unknown"}}, {"type": "Feature", "geometry": {"type": "Point", "coordinates": [-85.76036, 38.21982]}, "properties": {"crashes": 3, "injury": 0, "fatal": 0, "pedestrian": 0, "bicycle": 0, "density": 0.8, "year_range": "unknown"}}, {"type": "Feature", "geometry": {"type": "Point", "coordinates": [-85.845045, 38.194595]}, "properties": {"crashes": 2, "injury": 0, "fatal": 0, "pedestrian": 0, "bicycle": 0, "density": 0.5, "year_range": "unknown"}}, {"type": "Feature", "geometry": {"type": "Point", "coordinates": [-85.81982, 38.27027]}, "properties": {"crashes": 1, "injury": 0, "fatal": 0, "pedestrian": 0, "bicycle": 0, "density": 0.2, "year_range": "unknown"}}, {"type": "Feature", "geometry": {"type": "Point", "coordinates": [-85.691892, 38.147748]}, "properties": {"crashes": 6, "injury": 0, "fatal": 0, "pedestrian": 0, "bicycle": 0, "density": 1.5, "year_range": "unknown"}}, {"type": "Feature", "geometry": {"type": "Point", "coordinates": [-85.699099, 38.113514]}, "properties": {"crashes": 1, "injury": 0, "fatal": 0, "pedestrian": 0, "bicycle": 0, "density": 0.2, "year_range": "unknown"}}, {"type": "Feature", "geometry": {"type": "Point", "coordinates": [-85.796396, 38.259459]}, "properties": {"crashes": 2, "injury": 0, "fatal": 0, "pedestrian": 0, "bicycle": 0, "density": 0.5, "year_range": "unknown"}}, {"type": "Feature", "geometry": {"type": "Point", "coordinates": [-85.500901, 38.241441]}, "properties": {"crashes": 1, "injury": 0, "fatal": 0, "pedestrian": 0, "bicycle": 0, "density": 0.2, "year_range": "unknown"}}, {"type": "Feature", "geometry": {"type": "Point", "coordinates": [-85.78018, 38.216216]}, "properties": {"crashes": 3, "injury": 0, "fatal": 0, "pedestrian": 0, "bicycle": 0, "density": 0.8, "year_range": "unknown"}}, {"type": "Feature", "geometry": {"type": "Point", "coordinates": [-85.818018, 38.145946]}, "properties": {"crashes": 2, "injury": 0, "fatal": 0, "pedestrian": 0, "bicycle": 0, "density": 0.5, "year_range": "unknown"}}, {"type": "Feature", "geometry": {"type": "Point", "coordinates": [-85.605405, 38.163964]}, "properties": {"crashes": 1, "injury": 0, "fatal": 0, "pedestrian": 0, "bicycle": 0, "density": 0.2, "year_range": "unknown"}}, {"type": "Feature", "geometry": {"type": "Point", "coordinates": [-85.803604, 38.2]}, "properties": {"crashes": 3, "injury": 0, "fatal": 0, "pedestrian": 0, "bicycle": 0, "density": 0.8, "year_range": "unknown"}}, {"type": "Feature", "geometry": {"type": "Point", "coordinates": [-85.803604, 38.25045]}, "properties": {"crashes": 3, "injury": 0, "fatal": 0, "pedestrian": 0, "bicycle": 0, "density": 0.8, "year_range": "unknown"}}, {"type": "Feature", "geometry": {"type": "Point", "coordinates": [-85.668468, 38.223423]}, "properties": {"crashes": 2, "injury": 0, "fatal": 0, "pedestrian": 0, "bicycle": 0, "density": 0.5, "year_range": "unknown"}}, {"type": "Feature", "geometry": {"type": "Point", "coordinates": [-85.594595, 38.218018]}, "properties": {"crashes": 1, "injury": 0, "fatal": 0, "pedestrian": 0, "bicycle": 0, "density": 0.2, "year_range": "unknown"}}, {"type": "Feature", "geometry": {"type": "Point", "coordinates": [-85.754955, 38.225225]}, "properties": {"crashes": 1, "injury": 0, "fatal": 0, "pedestrian": 0, "bicycle": 0, "density": 0.2, "year_range": "unknown"}}, {"type": "Feature", "geometry": {"type": "Point", "coordinates": [-85.772973, 38.212613]}, "properties": {"crashes": 1, "injury": 0, "fatal": 0, "pedestrian": 0, "bicycle": 0, "density": 0.2, "year_range": "unknown"}}, {"type": "Feature", "geometry": {"type": "Point", "coordinates": [-85.89009, 38.133333]}, "properties": {"crashes": 2, "injury": 0, "fatal": 0, "pedestrian": 0, "bicycle": 0, "density": 0.5, "year_range": "unknown"}}, {"type": "Feature", "geometry": {"type": "Point", "coordinates": [-85.654054, 38.158559]}, "properties": {"crashes": 2, "injury": 0, "fatal": 0, "pedestrian": 0, "bicycle": 0, "density": 0.5, "year_range": "unknown"}}, {"type": "Feature", "geometry": {"type": "Point", "coordinates": [-85.691892, 38.178378]}, "properties": {"crashes": 5, "injury": 0, "fatal": 0, "pedestrian": 0, "bicycle": 0, "density": 1.2, "year_range": "unknown"}}, {"type": "Feature", "geometry": {"type": "Point", "coordinates": [-85.578378, 38.288288]}, "properties": {"crashes": 1, "injury": 0, "fatal": 0, "pedestrian": 0, "bicycle": 0, "density": 0.2, "year_range": "unknown"}}, {"type": "Feature", "geometry": {"type": "Point", "coordinates": [-85.686486, 38.088288]}, "properties": {"crashes": 1, "injury": 0, "fatal": 0, "pedestrian": 0, "bicycle": 0, "density": 0.2, "year_range": "unknown"}}, {"type": "Feature", "geometry": {"type": "Point", "coordinates": [-85.794595, 38.126126]}, "properties": {"crashes": 1, "injury": 0, "fatal": 0, "pedestrian": 0, "bicycle": 0, "density": 0.2, "year_range": "unknown"}}, {"type": "Feature", "geometry": {"type": "Point", "coordinates": [-85.52973, 38.187387]}, "properties": {"crashes": 1, "injury": 0, "fatal": 0, "pedestrian": 0, "bicycle": 0, "density": 0.2, "year_range": "unknown"}}, {"type": "Feature", "geometry": {"type": "Point", "coordinates": [-85.738739, 38.236036]}, "properties": {"crashes": 1, "injury": 0, "fatal": 0, "pedestrian": 0, "bicycle": 0, "density": 0.2, "year_range": "unknown"}}, {"type": "Feature", "geometry": {"type": "Point", "coordinates": [-85.693694, 38.210811]}, "properties": {"crashes": 1, "injury": 0, "fatal": 0, "pedestrian": 0, "bicycle": 0, "density": 0.2, "year_range": "unknown"}}, {"type": "Feature", "geometry": {"type": "Point", "coordinates": [-85.695495, 38.198198]}, "properties": {"crashes": 1, "injury": 0, "fatal": 0, "pedestrian": 0, "bicycle": 0, "density": 0.2, "year_range": "unknown"}}, {"type": "Feature", "geometry": {"type": "Point", "coordinates": [-85.783784, 38.118919]}, "properties": {"crashes": 5, "injury": 0, "fatal": 0, "pedestrian": 0, "bicycle": 0, "density": 1.2, "year_range": "unknown"}}, {"type": "Feature", "geometry": {"type": "Point", "coordinates": [-85.628829, 38.136937]}, "properties": {"crashes": 4, "injury": 0, "fatal": 0, "pedestrian": 0, "bicycle": 0, "density": 1.0, "year_range": "unknown"}}, {"type": "Feature", "geometry": {"type": "Point", "coordinates": [-85.738739, 38.245045]}, "properties": {"crashes": 7, "injury": 0, "fatal": 0, "pedestrian": 0, "bicycle": 0, "density": 1.8, "year_range": "unknown"}}, {"type": "Feature", "geometry": {"type": "Point", "coordinates": [-85.794595, 38.245045]}, "properties": {"crashes": 1, "injury": 0, "fatal": 0, "pedestrian": 0, "bicycle": 0, "density": 0.2, "year_range": "unknown"}}, {"type": "Feature", "geometry": {"type": "Point", "coordinates": [-85.852252, 38.126126]}, "properties": {"crashes": 1, "injury": 0, "fatal": 0, "pedestrian": 0, "bicycle": 0, "density": 0.2, "year_range": "unknown"}}, {"type": "Feature", "geometry": {"type": "Point", "coordinates": [-85.834234, 38.158559]}, "properties": {"crashes": 3, "injury": 0, "fatal": 0, "pedestrian": 0, "bicycle": 0, "density": 0.8, "year_range": "unknown"}}, {"type": "Feature", "geometry": {"type": "Point", "coordinates": [-85.814414, 38.115315]}, "properties": {"crashes": 1, "injury": 0, "fatal": 0, "pedestrian": 0, "bicycle": 0, "density": 0.2, "year_range": "unknown"}}, {"type": "Feature", "geometry": {"type": "Point", "coordinates": [-85.708108, 38.196396]}, "properties": {"crashes": 2, "injury": 0, "fatal": 0, "pedestrian": 0, "bicycle": 0, "density": 0.5, "year_range": "unknown"}}, {"type": "Feature", "geometry": {"type": "Point", "coordinates": [-85.812613, 38.201802]}, "properties": {"crashes": 2, "injury": 0, "fatal": 0, "pedestrian": 0, "bicycle": 0, "density": 0.5, "year_range": "unknown"}}, {"type": "Feature", "geometry": {"type": "Point", "coordinates": [-85.616216, 38.174775]}, "properties": {"crashes": 4, "injury": 0, "fatal": 0, "pedestrian": 0, "bicycle": 0, "density": 1.0, "year_range": "unknown"}}, {"type": "Feature", "geometry": {"type": "Point", "coordinates": [-85.634234, 38.282883]}, "properties": {"crashes": 1, "injury": 0, "fatal": 0, "pedestrian": 0, "bicycle": 0, "density": 0.2, "year_range": "unknown"}}, {"type": "Feature", "geometry": {"type": "Point", "coordinates": [-85.565766, 38.099099]}, "properties": {"crashes": 1, "injury": 0, "fatal": 0, "pedestrian": 0, "bicycle": 0, "density": 0.2, "year_range": "unknown"}}, {"type": "Feature", "geometry": {"type": "Point", "coordinates": [-85.78018, 38.210811]}, "properties": {"crashes": 1, "injury": 0, "fatal": 0, "pedestrian": 0, "bicycle": 0, "density": 0.2, "year_range": "unknown"}}, {"type": "Feature", "geometry": {"type": "Point", "coordinates": [-85.74955, 38.117117]}, "properties": {"crashes": 1, "injury": 0, "fatal": 0, "pedestrian": 0, "bicycle": 0, "density": 0.2, "year_range": "unknown"}}, {"type": "Feature", "geometry": {"type": "Point", "coordinates": [-85.805405, 38.27027]}, "properties": {"crashes": 1, "injury": 0, "fatal": 0, "pedestrian": 0, "bicycle": 0, "density": 0.2, "year_range": "unknown"}}, {"type": "Feature", "geometry": {"type": "Point", "coordinates": [-85.536937, 38.216216]}, "properties": {"crashes": 1, "injury": 0, "fatal": 0, "pedestrian": 0, "bicycle": 0, "density": 0.2, "year_range": "unknown"}}, {"type": "Feature", "geometry": {"type": "Point", "coordinates": [-85.627027, 38.264865]}, "properties": {"crashes": 5, "injury": 0, "fatal": 0, "pedestrian": 0, "bicycle": 0, "density": 1.2, "year_range": "unknown"}}, {"type": "Feature", "geometry": {"type": "Point", "coordinates": [-85.652252, 38.117117]}, "properties": {"crashes": 2, "injury": 0, "fatal": 0, "pedestrian": 0, "bicycle": 0, "density": 0.5, "year_range": "unknown"}}, {"type": "Feature", "geometry": {"type": "Point", "coordinates": [-85.809009, 38.277477]}, "properties": {"crashes": 1, "injury": 0, "fatal": 0, "pedestrian": 0, "bicycle": 0, "density": 0.2, "year_range": "unknown"}}, {"type": "Feature", "geometry": {"type": "Point", "coordinates": [-85.524324, 38.133333]}, "properties": {"crashes": 1, "injury": 0, "fatal": 0, "pedestrian": 0, "bicycle": 0, "density": 0.2, "year_range": "unknown"}}, {"type": "Feature", "geometry": {"type": "Point", "coordinates": [-85.72973, 38.115315]}, "properties": {"crashes": 1, "injury": 0, "fatal": 0, "pedestrian": 0, "bicycle": 0, "density": 0.2, "year_range": "unknown"}}, {"type": "Feature", "geometry": {"type": "Point", "coordinates": [-85.65045, 38.221622]}, "properties": {"crashes": 1, "injury": 0, "fatal": 0, "pedestrian": 0, "bicycle": 0, "density": 0.2, "year_range": "unknown"}}, {"type": "Feature", "geometry": {"type": "Point", "coordinates": [-85.556757, 38.317117]}, "properties": {"crashes": 5, "injury": 0, "fatal": 0, "pedestrian": 0, "bicycle": 0, "density": 1.2, "year_range": "unknown"}}, {"type": "Feature", "geometry": {"type": "Point", "coordinates": [-85.913514, 38.032432]}, "properties": {"crashes": 2, "injury": 0, "fatal": 0, "pedestrian": 0, "bicycle": 0, "density": 0.5, "year_range": "unknown"}}, {"type": "Feature", "geometry": {"type": "Point", "coordinates": [-85.652252, 38.209009]}, "properties": {"crashes": 1, "injury": 0, "fatal": 0, "pedestrian": 0, "bicycle": 0, "density": 0.2, "year_range": "unknown"}}, {"type": "Feature", "geometry": {"type": "Point", "coordinates": [-85.518919, 38.30991]}, "properties": {"crashes": 1, "injury": 0, "fatal": 0, "pedestrian": 0, "bicycle": 0, "density": 0.2, "year_range": "unknown"}}, {"type": "Feature", "geometry": {"type": "Point", "coordinates": [-85.508108, 38.192793]}, "properties": {"crashes": 2, "injury": 0, "fatal": 0, "pedestrian": 0, "bicycle": 0, "density": 0.5, "year_range": "unknown"}}, {"type": "Feature", "geometry": {"type": "Point", "coordinates": [-85.661261, 38.252252]}, "properties": {"crashes": 1, "injury": 0, "fatal": 0, "pedestrian": 0, "bicycle": 0, "density": 0.2, "year_range": "unknown"}}, {"type": "Feature", "geometry": {"type": "Point", "coordinates": [-85.681081, 38.284685]}, "properties": {"crashes": 1, "injury": 0, "fatal": 0, "pedestrian": 0, "bicycle": 0, "density": 0.2, "year_range": "unknown"}}, {"type": "Feature", "geometry": {"type": "Point", "coordinates": [-85.558559, 38.223423]}, "properties": {"crashes": 1, "injury": 0, "fatal": 0, "pedestrian": 0, "bicycle": 0, "density": 0.2, "year_range": "unknown"}}, {"type": "Feature", "geometry": {"type": "Point", "coordinates": [-85.810811, 38.205405]}, "properties": {"crashes": 2, "injury": 0, "fatal": 0, "pedestrian": 0, "bicycle": 0, "density": 0.5, "year_range": "unknown"}}, {"type": "Feature", "geometry": {"type": "Point", "coordinates": [-85.645045, 38.273874]}, "properties": {"crashes": 2, "injury": 0, "fatal": 0, "pedestrian": 0, "bicycle": 0, "density": 0.5, "year_range": "unknown"}}, {"type": "Feature", "geometry": {"type": "Point", "coordinates": [-85.798198, 38.227027]}, "properties": {"crashes": 1, "injury": 0, "fatal": 0, "pedestrian": 0, "bicycle": 0, "density": 0.2, "year_range": "unknown"}}, {"type": "Feature", "geometry": {"type": "Point", "coordinates": [-85.666667, 38.185586]}, "properties": {"crashes": 2, "injury": 0, "fatal": 0, "pedestrian": 0, "bicycle": 0, "density": 0.5, "year_range": "unknown"}}, {"type": "Feature", "geometry": {"type": "Point", "coordinates": [-85.827027, 38.176577]}, "properties": {"crashes": 1, "injury": 0, "fatal": 0, "pedestrian": 0, "bicycle": 0, "density": 0.2, "year_range": "unknown"}}, {"type": "Feature", "geometry": {"type": "Point", "coordinates": [-85.776577, 38.25045]}, "properties": {"crashes": 3, "injury": 0, "fatal": 0, "pedestrian": 0, "bicycle": 0, "density": 0.8, "year_range": "unknown"}}, {"type": "Feature", "geometry": {"type": "Point", "coordinates": [-85.846847, 38.178378]}, "properties": {"crashes": 3, "injury": 0, "fatal": 0, "pedestrian": 0, "bicycle": 0, "density": 0.8, "year_range": "unknown"}}, {"type": "Feature", "geometry": {"type": "Point", "coordinates": [-85.610811, 38.234234]}, "properties": {"crashes": 1, "injury": 0, "fatal": 0, "pedestrian": 0, "bicycle": 0, "density": 0.2, "year_range": "unknown"}}, {"type": "Feature", "geometry": {"type": "Point", "coordinates": [-85.821622, 38.279279]}, "properties": {"crashes": 1, "injury": 0, "fatal": 0, "pedestrian": 0, "bicycle": 0, "density": 0.2, "year_range": "unknown"}}, {"type": "Feature", "geometry": {"type": "Point", "coordinates": [-85.772973, 38.131532]}, "properties": {"crashes": 5, "injury": 0, "fatal": 0, "pedestrian": 0, "bicycle": 0, "density": 1.2, "year_range": "unknown"}}, {"type": "Feature", "geometry": {"type": "Point", "coordinates": [-85.508108, 38.198198]}, "properties": {"crashes": 3, "injury": 0, "fatal": 0, "pedestrian": 0, "bicycle": 0, "density": 0.8, "year_range": "unknown"}}, {"type": "Feature", "geometry": {"type": "Point", "coordinates": [-85.736937, 38.205405]}, "properties": {"crashes": 1, "injury": 0, "fatal": 0, "pedestrian": 0, "bicycle": 0, "density": 0.2, "year_range": "unknown"}}, {"type": "Feature", "geometry": {"type": "Point", "coordinates": [-85.585586, 38.221622]}, "properties": {"crashes": 1, "injury": 0, "fatal": 0, "pedestrian": 0, "bicycle": 0, "density": 0.2, "year_range": "unknown"}}, {"type": "Feature", "geometry": {"type": "Point", "coordinates": [-85.736937, 38.252252]}, "properties": {"crashes": 2, "injury": 0, "fatal": 0, "pedestrian": 0, "bicycle": 0, "density": 0.5, "year_range": "unknown"}}, {"type": "Feature", "geometry": {"type": "Point", "coordinates": [-85.484685, 38.221622]}, "properties": {"crashes": 2, "injury": 0, "fatal": 0, "pedestrian": 0, "bicycle": 0, "density": 0.5, "year_range": "unknown"}}, {"type": "Feature", "geometry": {"type": "Point", "coordinates": [-85.6, 38.140541]}, "properties": {"crashes": 3, "injury": 0, "fatal": 0, "pedestrian": 0, "bicycle": 0, "density": 0.8, "year_range": "unknown"}}, {"type": "Feature", "geometry": {"type": "Point", "coordinates": [-85.614414, 38.135135]}, "properties": {"crashes": 1, "injury": 0, "fatal": 0, "pedestrian": 0, "bicycle": 0, "density": 0.2, "year_range": "unknown"}}, {"type": "Feature", "geometry": {"type": "Point", "coordinates": [-85.834234, 38.154955]}, "properties": {"crashes": 1, "injury": 0, "fatal": 0, "pedestrian": 0, "bicycle": 0, "density": 0.2, "year_range": "unknown"}}, {"type": "Feature", "geometry": {"type": "Point", "coordinates": [-85.823423, 38.263063]}, "properties": {"crashes": 1, "injury": 0, "fatal": 0, "pedestrian": 0, "bicycle": 0, "density": 0.2, "year_range": "unknown"}}, {"type": "Feature", "geometry": {"type": "Point", "coordinates": [-85.735135, 38.190991]}, "properties": {"crashes": 1, "injury": 0, "fatal": 0, "pedestrian": 0, "bicycle": 0, "density": 0.2, "year_range": "unknown"}}, {"type": "Feature", "geometry": {"type": "Point", "coordinates": [-85.628829, 38.218018]}, "properties": {"crashes": 3, "injury": 0, "fatal": 0, "pedestrian": 0, "bicycle": 0, "density": 0.8, "year_range": "unknown"}}, {"type": "Feature", "geometry": {"type": "Point", "coordinates": [-85.682883, 38.185586]}, "properties": {"crashes": 1, "injury": 0, "fatal": 0, "pedestrian": 0, "bicycle": 0, "density": 0.2, "year_range": "unknown"}}, {"type": "Feature", "geometry": {"type": "Point", "coordinates": [-85.790991, 38.236036]}, "properties": {"crashes": 3, "injury": 0, "fatal": 0, "pedestrian": 0, "bicycle": 0, "density": 0.8, "year_range": "unknown"}}, {"type": "Feature", "geometry": {"type": "Point", "coordinates": [-85.841441, 38.176577]}, "properties": {"crashes": 6, "injury": 0, "fatal": 0, "pedestrian": 0, "bicycle": 0, "density": 1.5, "year_range": "unknown"}}, {"type": "Feature", "geometry": {"type": "Point", "coordinates": [-85.562162, 38.25045]}, "properties": {"crashes": 1, "injury": 0, "fatal": 0, "pedestrian": 0, "bicycle": 0, "density": 0.2, "year_range": "unknown"}}, {"type": "Feature", "geometry": {"type": "Point", "coordinates": [-85.621622, 38.327928]}, "properties": {"crashes": 2, "injury": 0, "fatal": 0, "pedestrian": 0, "bicycle": 0, "density": 0.5, "year_range": "unknown"}}, {"type": "Feature", "geometry": {"type": "Point", "coordinates": [-85.809009, 38.192793]}, "properties": {"crashes": 5, "injury": 0, "fatal": 0, "pedestrian": 0, "bicycle": 0, "density": 1.2, "year_range": "unknown"}}, {"type": "Feature", "geometry": {"type": "Point", "coordinates": [-85.76036, 38.227027]}, "properties": {"crashes": 1, "injury": 0, "fatal": 0, "pedestrian": 0, "bicycle": 0, "density": 0.2, "year_range": "unknown"}}, {"type": "Feature", "geometry": {"type": "Point", "coordinates": [-85.691892, 38.18018]}, "properties": {"crashes": 3, "injury": 0, "fatal": 0, "pedestrian": 0, "bicycle": 0, "density": 0.8, "year_range": "unknown"}}, {"type": "Feature", "geometry": {"type": "Point", "coordinates": [-85.700901, 38.248649]}, "properties": {"crashes": 1, "injury": 0, "fatal": 0, "pedestrian": 0, "bicycle": 0, "density": 0.2, "year_range": "unknown"}}, {"type": "Feature", "geometry": {"type": "Point", "coordinates": [-85.881081, 38.144144]}, "properties": {"crashes": 2, "injury": 0, "fatal": 0, "pedestrian": 0, "bicycle": 0, "density": 0.5, "year_range": "unknown"}}, {"type": "Feature", "geometry": {"type": "Point", "coordinates": [-85.504505, 38.225225]}, "properties": {"crashes": 1, "injury": 0, "fatal": 0, "pedestrian": 0, "bicycle": 0, "density": 0.2, "year_range": "unknown"}}, {"type": "Feature", "geometry": {"type": "Point", "coordinates": [-85.78018, 38.221622]}, "properties": {"crashes": 1, "injury": 0, "fatal": 0, "pedestrian": 0, "bicycle": 0, "density": 0.2, "year_range": "unknown"}}, {"type": "Feature", "geometry": {"type": "Point", "coordinates": [-85.553153, 38.300901]}, "properties": {"crashes": 1, "injury": 0, "fatal": 0, "pedestrian": 0, "bicycle": 0, "density": 0.2, "year_range": "unknown"}}, {"type": "Feature", "geometry": {"type": "Point", "coordinates": [-85.477477, 38.236036]}, "properties": {"crashes": 4, "injury": 0, "fatal": 0, "pedestrian": 0, "bicycle": 0, "density": 1.0, "year_range": "unknown"}}, {"type": "Feature", "geometry": {"type": "Point", "coordinates": [-85.72973, 38.207207]}, "properties": {"crashes": 1, "injury": 0, "fatal": 0, "pedestrian": 0, "bicycle": 0, "density": 0.2, "year_range": "unknown"}}, {"type": "Feature", "geometry": {"type": "Point", "coordinates": [-85.535135, 38.223423]}, "properties": {"crashes": 1, "injury": 0, "fatal": 0, "pedestrian": 0, "bicycle": 0, "density": 0.2, "year_range": "unknown"}}, {"type": "Feature", "geometry": {"type": "Point", "coordinates": [-85.785586, 38.252252]}, "properties": {"crashes": 4, "injury": 0, "fatal": 0, "pedestrian": 0, "bicycle": 0, "density": 1.0, "year_range": "unknown"}}, {"type": "Feature", "geometry": {"type": "Point", "coordinates": [-85.565766, 38.135135]}, "properties": {"crashes": 1, "injury": 0, "fatal": 0, "pedestrian": 0, "bicycle": 0, "density": 0.2, "year_range": "unknown"}}, {"type": "Feature", "geometry": {"type": "Point", "coordinates": [-85.610811, 38.136937]}, "properties": {"crashes": 1, "injury": 0, "fatal": 0, "pedestrian": 0, "bicycle": 0, "density": 0.2, "year_range": "unknown"}}, {"type": "Feature", "geometry": {"type": "Point", "coordinates": [-85.774775, 38.169369]}, "properties": {"crashes": 1, "injury": 0, "fatal": 0, "pedestrian": 0, "bicycle": 0, "density": 0.2, "year_range": "unknown"}}, {"type": "Feature", "geometry": {"type": "Point", "coordinates": [-85.632432, 38.264865]}, "properties": {"crashes": 4, "injury": 0, "fatal": 0, "pedestrian": 0, "bicycle": 0, "density": 1.0, "year_range": "unknown"}}, {"type": "Feature", "geometry": {"type": "Point", "coordinates": [-85.563964, 38.306306]}, "properties": {"crashes": 1, "injury": 0, "fatal": 0, "pedestrian": 0, "bicycle": 0, "density": 0.2, "year_range": "unknown"}}, {"type": "Feature", "geometry": {"type": "Point", "coordinates": [-85.618018, 38.25045]}, "properties": {"crashes": 2, "injury": 0, "fatal": 0, "pedestrian": 0, "bicycle": 0, "density": 0.5, "year_range": "unknown"}}, {"type": "Feature", "geometry": {"type": "Point", "coordinates": [-85.428829, 38.126126]}, "properties": {"crashes": 2, "injury": 0, "fatal": 0, "pedestrian": 0, "bicycle": 0, "density": 0.5, "year_range": "unknown"}}, {"type": "Feature", "geometry": {"type": "Point", "coordinates": [-85.708108, 38.171171]}, "properties": {"crashes": 2, "injury": 0, "fatal": 0, "pedestrian": 0, "bicycle": 0, "density": 0.5, "year_range": "unknown"}}, {"type": "Feature", "geometry": {"type": "Point", "coordinates": [-85.857658, 38.185586]}, "properties": {"crashes": 1, "injury": 0, "fatal": 0, "pedestrian": 0, "bicycle": 0, "density": 0.2, "year_range": "unknown"}}, {"type": "Feature", "geometry": {"type": "Point", "coordinates": [-85.848649, 38.158559]}, "properties": {"crashes": 1, "injury": 0, "fatal": 0, "pedestrian": 0, "bicycle": 0, "density": 0.2, "year_range": "unknown"}}, {"type": "Feature", "geometry": {"type": "Point", "coordinates": [-85.818018, 38.263063]}, "properties": {"crashes": 1, "injury": 0, "fatal": 0, "pedestrian": 0, "bicycle": 0, "density": 0.2, "year_range": "unknown"}}, {"type": "Feature", "geometry": {"type": "Point", "coordinates": [-85.72973, 38.099099]}, "properties": {"crashes": 2, "injury": 0, "fatal": 0, "pedestrian": 0, "bicycle": 0, "density": 0.5, "year_range": "unknown"}}, {"type": "Feature", "geometry": {"type": "Point", "coordinates": [-85.713514, 38.176577]}, "properties": {"crashes": 2, "injury": 0, "fatal": 0, "pedestrian": 0, "bicycle": 0, "density": 0.5, "year_range": "unknown"}}, {"type": "Feature", "geometry": {"type": "Point", "coordinates": [-85.807207, 38.192793]}, "properties": {"crashes": 10, "injury": 0, "fatal": 0, "pedestrian": 0, "bicycle": 0, "density": 2.5, "year_range": "unknown"}}, {"type": "Feature", "geometry": {"type": "Point", "coordinates": [-85.816216, 38.237838]}, "properties": {"crashes": 4, "injury": 0, "fatal": 0, "pedestrian": 0, "bicycle": 0, "density": 1.0, "year_range": "unknown"}}, {"type": "Feature", "geometry": {"type": "Point", "coordinates": [-85.852252, 38.12973]}, "properties": {"crashes": 2, "injury": 0, "fatal": 0, "pedestrian": 0, "bicycle": 0, "density": 0.5, "year_range": "unknown"}}, {"type": "Feature", "geometry": {"type": "Point", "coordinates": [-85.917117, 38.021622]}, "properties": {"crashes": 1, "injury": 0, "fatal": 0, "pedestrian": 0, "bicycle": 0, "density": 0.2, "year_range": "unknown"}}, {"type": "Feature", "geometry": {"type": "Point", "coordinates": [-85.805405, 38.196396]}, "properties": {"crashes": 2, "injury": 0, "fatal": 0, "pedestrian": 0, "bicycle": 0, "density": 0.5, "year_range": "unknown"}}, {"type": "Feature", "geometry": {"type": "Point", "coordinates": [-85.625225, 38.315315]}, "properties": {"crashes": 1, "injury": 0, "fatal": 0, "pedestrian": 0, "bicycle": 0, "density": 0.2, "year_range": "unknown"}}, {"type": "Feature", "geometry": {"type": "Point", "coordinates": [-85.891892, 38.054054]}, "properties": {"crashes": 2, "injury": 0, "fatal": 0, "pedestrian": 0, "bicycle": 0, "density": 0.5, "year_range": "unknown"}}, {"type": "Feature", "geometry": {"type": "Point", "coordinates": [-85.679279, 38.196396]}, "properties": {"crashes": 2, "injury": 0, "fatal": 0, "pedestrian": 0, "bicycle": 0, "density": 0.5, "year_range": "unknown"}}, {"type": "Feature", "geometry": {"type": "Point", "coordinates": [-85.715315, 38.176577]}, "properties": {"crashes": 2, "injury": 0, "fatal": 0, "pedestrian": 0, "bicycle": 0, "density": 0.5, "year_range": "unknown"}}, {"type": "Feature", "geometry": {"type": "Point", "coordinates": [-85.609009, 38.136937]}, "properties": {"crashes": 3, "injury": 0, "fatal": 0, "pedestrian": 0, "bicycle": 0, "density": 0.8, "year_range": "unknown"}}, {"type": "Feature", "geometry": {"type": "Point", "coordinates": [-85.637838, 38.21982]}, "properties": {"crashes": 1, "injury": 0, "fatal": 0, "pedestrian": 0, "bicycle": 0, "density": 0.2, "year_range": "unknown"}}, {"type": "Feature", "geometry": {"type": "Point", "coordinates": [-85.533333, 38.304505]}, "properties": {"crashes": 1, "injury": 0, "fatal": 0, "pedestrian": 0, "bicycle": 0, "density": 0.2, "year_range": "unknown"}}, {"type": "Feature", "geometry": {"type": "Point", "coordinates": [-85.65045, 38.252252]}, "properties": {"crashes": 1, "injury": 0, "fatal": 0, "pedestrian": 0, "bicycle": 0, "density": 0.2, "year_range": "unknown"}}, {"type": "Feature", "geometry": {"type": "Point", "coordinates": [-85.848649, 38.127928]}, "properties": {"crashes": 2, "injury": 0, "fatal": 0, "pedestrian": 0, "bicycle": 0, "density": 0.5, "year_range": "unknown"}}, {"type": "Feature", "geometry": {"type": "Point", "coordinates": [-85.551351, 38.297297]}, "properties": {"crashes": 5, "injury": 0, "fatal": 0, "pedestrian": 0, "bicycle": 0, "density": 1.2, "year_range": "unknown"}}, {"type": "Feature", "geometry": {"type": "Point", "coordinates": [-85.754955, 38.183784]}, "properties": {"crashes": 2, "injury": 0, "fatal": 0, "pedestrian": 0, "bicycle": 0, "density": 0.5, "year_range": "unknown"}}, {"type": "Feature", "geometry": {"type": "Point", "coordinates": [-85.574775, 38.30991]}, "properties": {"crashes": 1, "injury": 0, "fatal": 0, "pedestrian": 0, "bicycle": 0, "density": 0.2, "year_range": "unknown"}}, {"type": "Feature", "geometry": {"type": "Point", "coordinates": [-85.589189, 38.140541]}, "properties": {"crashes": 1, "injury": 0, "fatal": 0, "pedestrian": 0, "bicycle": 0, "density": 0.2, "year_range": "unknown"}}, {"type": "Feature", "geometry": {"type": "Point", "coordinates": [-85.767568, 38.176577]}, "properties": {"crashes": 2, "injury": 0, "fatal": 0, "pedestrian": 0, "bicycle": 0, "density": 0.5, "year_range": "unknown"}}, {"type": "Feature", "geometry": {"type": "Point", "coordinates": [-85.821622, 38.25045]}, "properties": {"crashes": 1, "injury": 0, "fatal": 0, "pedestrian": 0, "bicycle": 0, "density": 0.2, "year_range": "unknown"}}, {"type": "Feature", "geometry": {"type": "Point", "coordinates": [-85.785586, 38.212613]}, "properties": {"crashes": 5, "injury": 0, "fatal": 0, "pedestrian": 0, "bicycle": 0, "density": 1.2, "year_range": "unknown"}}, {"type": "Feature", "geometry": {"type": "Point", "coordinates": [-85.751351, 38.254054]}, "properties": {"crashes": 3, "injury": 0, "fatal": 0, "pedestrian": 0, "bicycle": 0, "density": 0.8, "year_range": "unknown"}}, {"type": "Feature", "geometry": {"type": "Point", "coordinates": [-85.767568, 38.172973]}, "properties": {"crashes": 1, "injury": 0, "fatal": 0, "pedestrian": 0, "bicycle": 0, "density": 0.2, "year_range": "unknown"}}, {"type": "Feature", "geometry": {"type": "Point", "coordinates": [-85.747748, 38.230631]}, "properties": {"crashes": 1, "injury": 0, "fatal": 0, "pedestrian": 0, "bicycle": 0, "density": 0.2, "year_range": "unknown"}}, {"type": "Feature", "geometry": {"type": "Point", "coordinates": [-85.809009, 38.23964]}, "properties": {"crashes": 1, "injury": 0, "fatal": 0, "pedestrian": 0, "bicycle": 0, "density": 0.2, "year_range": "unknown"}}, {"type": "Feature", "geometry": {"type": "Point", "coordinates": [-85.720721, 38.165766]}, "properties": {"crashes": 1, "injury": 0, "fatal": 0, "pedestrian": 0, "bicycle": 0, "density": 0.2, "year_range": "unknown"}}, {"type": "Feature", "geometry": {"type": "Point", "coordinates": [-85.801802, 38.201802]}, "properties": {"crashes": 1, "injury": 0, "fatal": 0, "pedestrian": 0, "bicycle": 0, "density": 0.2, "year_range": "unknown"}}, {"type": "Feature", "geometry": {"type": "Point", "coordinates": [-85.630631, 38.113514]}, "properties": {"crashes": 1, "injury": 0, "fatal": 0, "pedestrian": 0, "bicycle": 0, "density": 0.2, "year_range": "unknown"}}, {"type": "Feature", "geometry": {"type": "Point", "coordinates": [-85.798198, 38.158559]}, "properties": {"crashes": 3, "injury": 0, "fatal": 0, "pedestrian": 0, "bicycle": 0, "density": 0.8, "year_range": "unknown"}}, {"type": "Feature", "geometry": {"type": "Point", "coordinates": [-85.794595, 38.252252]}, "properties": {"crashes": 2, "injury": 0, "fatal": 0, "pedestrian": 0, "bicycle": 0, "density": 0.5, "year_range": "unknown"}}, {"type": "Feature", "geometry": {"type": "Point", "coordinates": [-85.609009, 38.21982]}, "properties": {"crashes": 1, "injury": 0, "fatal": 0, "pedestrian": 0, "bicycle": 0, "density": 0.2, "year_range": "unknown"}}, {"type": "Feature", "geometry": {"type": "Point", "coordinates": [-85.641441, 38.09009]}, "properties": {"crashes": 1, "injury": 0, "fatal": 0, "pedestrian": 0, "bicycle": 0, "density": 0.2, "year_range": "unknown"}}, {"type": "Feature", "geometry": {"type": "Point", "coordinates": [-85.718919, 38.236036]}, "properties": {"crashes": 1, "injury": 0, "fatal": 0, "pedestrian": 0, "bicycle": 0, "density": 0.2, "year_range": "unknown"}}, {"type": "Feature", "geometry": {"type": "Point", "coordinates": [-85.605405, 38.261261]}, "properties": {"crashes": 1, "injury": 0, "fatal": 0, "pedestrian": 0, "bicycle": 0, "density": 0.2, "year_range": "unknown"}}, {"type": "Feature", "geometry": {"type": "Point", "coordinates": [-85.812613, 38.261261]}, "properties": {"crashes": 2, "injury": 0, "fatal": 0, "pedestrian": 0, "bicycle": 0, "density": 0.5, "year_range": "unknown"}}, {"type": "Feature", "geometry": {"type": "Point", "coordinates": [-85.818018, 38.228829]}, "properties": {"crashes": 1, "injury": 0, "fatal": 0, "pedestrian": 0, "bicycle": 0, "density": 0.2, "year_range": "unknown"}}, {"type": "Feature", "geometry": {"type": "Point", "coordinates": [-85.767568, 38.171171]}, "properties": {"crashes": 9, "injury": 0, "fatal": 0, "pedestrian": 0, "bicycle": 0, "density": 2.2, "year_range": "unknown"}}, {"type": "Feature", "geometry": {"type": "Point", "coordinates": [-85.733333, 38.201802]}, "properties": {"crashes": 2, "injury": 0, "fatal": 0, "pedestrian": 0, "bicycle": 0, "density": 0.5, "year_range": "unknown"}}, {"type": "Feature", "geometry": {"type": "Point", "coordinates": [-85.938739, 38.003604]}, "properties": {"crashes": 1, "injury": 0, "fatal": 0, "pedestrian": 0, "bicycle": 0, "density": 0.2, "year_range": "unknown"}}, {"type": "Feature", "geometry": {"type": "Point", "coordinates": [-85.938739, 38.005405]}, "properties": {"crashes": 1, "injury": 0, "fatal": 0, "pedestrian": 0, "bicycle": 0, "density": 0.2, "year_range": "unknown"}}, {"type": "Feature", "geometry": {"type": "Point", "coordinates": [-85.736937, 38.117117]}, "properties": {"crashes": 2, "injury": 0, "fatal": 0, "pedestrian": 0, "bicycle": 0, "density": 0.5, "year_range": "unknown"}}, {"type": "Feature", "geometry": {"type": "Point", "coordinates": [-85.774775, 38.227027]}, "properties": {"crashes": 4, "injury": 0, "fatal": 0, "pedestrian": 0, "bicycle": 0, "density": 1.0, "year_range": "unknown"}}, {"type": "Feature", "geometry": {"type": "Point", "coordinates": [-85.508108, 38.293694]}, "properties": {"crashes": 1, "injury": 0, "fatal": 0, "pedestrian": 0, "bicycle": 0, "density": 0.2, "year_range": "unknown"}}, {"type": "Feature", "geometry": {"type": "Point", "coordinates": [-85.772973, 38.236036]}, "properties": {"crashes": 4, "injury": 0, "fatal": 0, "pedestrian": 0, "bicycle": 0, "density": 1.0, "year_range": "unknown"}}, {"type": "Feature", "geometry": {"type": "Point", "coordinates": [-85.818018, 38.214414]}, "properties": {"crashes": 1, "injury": 0, "fatal": 0, "pedestrian": 0, "bicycle": 0, "density": 0.2, "year_range": "unknown"}}, {"type": "Feature", "geometry": {"type": "Point", "coordinates": [-85.792793, 38.196396]}, "properties": {"crashes": 7, "injury": 0, "fatal": 0, "pedestrian": 0, "bicycle": 0, "density": 1.8, "year_range": "unknown"}}, {"type": "Feature", "geometry": {"type": "Point", "coordinates": [-85.590991, 38.138739]}, "properties": {"crashes": 1, "injury": 0, "fatal": 0, "pedestrian": 0, "bicycle": 0, "density": 0.2, "year_range": "unknown"}}, {"type": "Feature", "geometry": {"type": "Point", "coordinates": [-85.884685, 38.072072]}, "properties": {"crashes": 4, "injury": 0, "fatal": 0, "pedestrian": 0, "bicycle": 0, "density": 1.0, "year_range": "unknown"}}, {"type": "Feature", "geometry": {"type": "Point", "coordinates": [-85.767568, 38.207207]}, "properties": {"crashes": 1, "injury": 0, "fatal": 0, "pedestrian": 0, "bicycle": 0, "density": 0.2, "year_range": "unknown"}}, {"type": "Feature", "geometry": {"type": "Point", "coordinates": [-85.895495, 38.05045]}, "properties": {"crashes": 5, "injury": 0, "fatal": 0, "pedestrian": 0, "bicycle": 0, "density": 1.2, "year_range": "unknown"}}, {"type": "Feature", "geometry": {"type": "Point", "coordinates": [-85.607207, 38.169369]}, "properties": {"crashes": 2, "injury": 0, "fatal": 0, "pedestrian": 0, "bicycle": 0, "density": 0.5, "year_range": "unknown"}}, {"type": "Feature", "geometry": {"type": "Point", "coordinates": [-85.736937, 38.201802]}, "properties": {"crashes": 1, "injury": 0, "fatal": 0, "pedestrian": 0, "bicycle": 0, "density": 0.2, "year_range": "unknown"}}, {"type": "Feature", "geometry": {"type": "Point", "coordinates": [-85.812613, 38.246847]}, "properties": {"crashes": 2, "injury": 0, "fatal": 0, "pedestrian": 0, "bicycle": 0, "density": 0.5, "year_range": "unknown"}}, {"type": "Feature", "geometry": {"type": "Point", "coordinates": [-85.592793, 38.264865]}, "properties": {"crashes": 1, "injury": 0, "fatal": 0, "pedestrian": 0, "bicycle": 0, "density": 0.2, "year_range": "unknown"}}, {"type": "Feature", "geometry": {"type": "Point", "coordinates": [-85.486486, 38.225225]}, "properties": {"crashes": 1, "injury": 0, "fatal": 0, "pedestrian": 0, "bicycle": 0, "density": 0.2, "year_range": "unknown"}}, {"type": "Feature", "geometry": {"type": "Point", "coordinates": [-85.763964, 38.212613]}, "properties": {"crashes": 3, "injury": 0, "fatal": 0, "pedestrian": 0, "bicycle": 0, "density": 0.8, "year_range": "unknown"}}, {"type": "Feature", "geometry": {"type": "Point", "coordinates": [-85.708108, 38.254054]}, "properties": {"crashes": 2, "injury": 0, "fatal": 0, "pedestrian": 0, "bicycle": 0, "density": 0.5, "year_range": "unknown"}}, {"type": "Feature", "geometry": {"type": "Point", "coordinates": [-85.607207, 38.21982]}, "properties": {"crashes": 3, "injury": 0, "fatal": 0, "pedestrian": 0, "bicycle": 0, "density": 0.8, "year_range": "unknown"}}, {"type": "Feature", "geometry": {"type": "Point", "coordinates": [-85.744144, 38.214414]}, "properties": {"crashes": 2, "injury": 0, "fatal": 0, "pedestrian": 0, "bicycle": 0, "density": 0.5, "year_range": "unknown"}}, {"type": "Feature", "geometry": {"type": "Point", "coordinates": [-85.581982, 38.140541]}, "properties": {"crashes": 1, "injury": 0, "fatal": 0, "pedestrian": 0, "bicycle": 0, "density": 0.2, "year_range": "unknown"}}, {"type": "Feature", "geometry": {"type": "Point", "coordinates": [-85.762162, 38.218018]}, "properties": {"crashes": 5, "injury": 0, "fatal": 0, "pedestrian": 0, "bicycle": 0, "density": 1.2, "year_range": "unknown"}}, {"type": "Feature", "geometry": {"type": "Point", "coordinates": [-85.776577, 38.124324]}, "properties": {"crashes": 1, "injury": 0, "fatal": 0, "pedestrian": 0, "bicycle": 0, "density": 0.2, "year_range": "unknown"}}, {"type": "Feature", "geometry": {"type": "Point", "coordinates": [-85.72973, 38.263063]}, "properties": {"crashes": 1, "injury": 0, "fatal": 0, "pedestrian": 0, "bicycle": 0, "density": 0.2, "year_range": "unknown"}}, {"type": "Feature", "geometry": {"type": "Point", "coordinates": [-85.794595, 38.172973]}, "properties": {"crashes": 2, "injury": 0, "fatal": 0, "pedestrian": 0, "bicycle": 0, "density": 0.5, "year_range": "unknown"}}, {"type": "Feature", "geometry": {"type": "Point", "coordinates": [-85.63964, 38.178378]}, "properties": {"crashes": 1, "injury": 0, "fatal": 0, "pedestrian": 0, "bicycle": 0, "density": 0.2, "year_range": "unknown"}}, {"type": "Feature", "geometry": {"type": "Point", "coordinates": [-85.702703, 38.156757]}, "properties": {"crashes": 4, "injury": 0, "fatal": 0, "pedestrian": 0, "bicycle": 0, "density": 1.0, "year_range": "unknown"}}, {"type": "Feature", "geometry": {"type": "Point", "coordinates": [-85.655856, 38.138739]}, "properties": {"crashes": 1, "injury": 0, "fatal": 0, "pedestrian": 0, "bicycle": 0, "density": 0.2, "year_range": "unknown"}}, {"type": "Feature", "geometry": {"type": "Point", "coordinates": [-85.789189, 38.230631]}, "properties": {"crashes": 3, "injury": 0, "fatal": 0, "pedestrian": 0, "bicycle": 0, "density": 0.8, "year_range": "unknown"}}, {"type": "Feature", "geometry": {"type": "Point", "coordinates": [-85.693694, 38.209009]}, "properties": {"crashes": 2, "injury": 0, "fatal": 0, "pedestrian": 0, "bicycle": 0, "density": 0.5, "year_range": "unknown"}}, {"type": "Feature", "geometry": {"type": "Point", "coordinates": [-85.699099, 38.115315]}, "properties": {"crashes": 2, "injury": 0, "fatal": 0, "pedestrian": 0, "bicycle": 0, "density": 0.5, "year_range": "unknown"}}, {"type": "Feature", "geometry": {"type": "Point", "coordinates": [-85.524324, 38.245045]}, "properties": {"crashes": 2, "injury": 0, "fatal": 0, "pedestrian": 0, "bicycle": 0, "density": 0.5, "year_range": "unknown"}}, {"type": "Feature", "geometry": {"type": "Point", "coordinates": [-85.769369, 38.225225]}, "properties": {"crashes": 3, "injury": 0, "fatal": 0, "pedestrian": 0, "bicycle": 0, "density": 0.8, "year_range": "unknown"}}, {"type": "Feature", "geometry": {"type": "Point", "coordinates": [-85.699099, 38.183784]}, "properties": {"crashes": 3, "injury": 0, "fatal": 0, "pedestrian": 0, "bicycle": 0, "density": 0.8, "year_range": "unknown"}}, {"type": "Feature", "geometry": {"type": "Point", "coordinates": [-85.659459, 38.236036]}, "properties": {"crashes": 1, "injury": 0, "fatal": 0, "pedestrian": 0, "bicycle": 0, "density": 0.2, "year_range": "unknown"}}, {"type": "Feature", "geometry": {"type": "Point", "coordinates": [-85.654054, 38.190991]}, "properties": {"crashes": 1, "injury": 0, "fatal": 0, "pedestrian": 0, "bicycle": 0, "density": 0.2, "year_range": "unknown"}}, {"type": "Feature", "geometry": {"type": "Point", "coordinates": [-85.590991, 38.156757]}, "properties": {"crashes": 3, "injury": 0, "fatal": 0, "pedestrian": 0, "bicycle": 0, "density": 0.8, "year_range": "unknown"}}, {"type": "Feature", "geometry": {"type": "Point", "coordinates": [-85.43964, 38.237838]}, "properties": {"crashes": 2, "injury": 0, "fatal": 0, "pedestrian": 0, "bicycle": 0, "density": 0.5, "year_range": "unknown"}}, {"type": "Feature", "geometry": {"type": "Point", "coordinates": [-85.623423, 38.264865]}, "properties": {"crashes": 3, "injury": 0, "fatal": 0, "pedestrian": 0, "bicycle": 0, "density": 0.8, "year_range": "unknown"}}, {"type": "Feature", "geometry": {"type": "Point", "coordinates": [-85.630631, 38.140541]}, "properties": {"crashes": 1, "injury": 0, "fatal": 0, "pedestrian": 0, "bicycle": 0, "density": 0.2, "year_range": "unknown"}}, {"type": "Feature", "geometry": {"type": "Point", "coordinates": [-85.776577, 38.189189]}, "properties": {"crashes": 1, "injury": 0, "fatal": 0, "pedestrian": 0, "bicycle": 0, "density": 0.2, "year_range": "unknown"}}, {"type": "Feature", "geometry": {"type": "Point", "coordinates": [-85.765766, 38.181982]}, "properties": {"crashes": 4, "injury": 0, "fatal": 0, "pedestrian": 0, "bicycle": 0, "density": 1.0, "year_range": "unknown"}}, {"type": "Feature", "geometry": {"type": "Point", "coordinates": [-85.908108, 38.037838]}, "properties": {"crashes": 1, "injury": 0, "fatal": 0, "pedestrian": 0, "bicycle": 0, "density": 0.2, "year_range": "unknown"}}, {"type": "Feature", "geometry": {"type": "Point", "coordinates": [-85.569369, 38.318919]}, "properties": {"crashes": 1, "injury": 0, "fatal": 0, "pedestrian": 0, "bicycle": 0, "density": 0.2, "year_range": "unknown"}}, {"type": "Feature", "geometry": {"type": "Point", "coordinates": [-85.614414, 38.120721]}, "properties": {"crashes": 4, "injury": 0, "fatal": 0, "pedestrian": 0, "bicycle": 0, "density": 1.0, "year_range": "unknown"}}, {"type": "Feature", "geometry": {"type": "Point", "coordinates": [-85.738739, 38.25045]}, "properties": {"crashes": 1, "injury": 0, "fatal": 0, "pedestrian": 0, "bicycle": 0, "density": 0.2, "year_range": "unknown"}}, {"type": "Feature", "geometry": {"type": "Point", "coordinates": [-85.810811, 38.275676]}, "properties": {"crashes": 5, "injury": 0, "fatal": 0, "pedestrian": 0, "bicycle": 0, "density": 1.2, "year_range": "unknown"}}, {"type": "Feature", "geometry": {"type": "Point", "coordinates": [-85.762162, 38.203604]}, "properties": {"crashes": 1, "injury": 0, "fatal": 0, "pedestrian": 0, "bicycle": 0, "density": 0.2, "year_range": "unknown"}}, {"type": "Feature", "geometry": {"type": "Point", "coordinates": [-85.828829, 38.190991]}, "properties": {"crashes": 2, "injury": 0, "fatal": 0, "pedestrian": 0, "bicycle": 0, "density": 0.5, "year_range": "unknown"}}, {"type": "Feature", "geometry": {"type": "Point", "coordinates": [-85.558559, 38.153153]}, "properties": {"crashes": 2, "injury": 0, "fatal": 0, "pedestrian": 0, "bicycle": 0, "density": 0.5, "year_range": "unknown"}}, {"type": "Feature", "geometry": {"type": "Point", "coordinates": [-85.794595, 38.18018]}, "properties": {"crashes": 2, "injury": 0, "fatal": 0, "pedestrian": 0, "bicycle": 0, "density": 0.5, "year_range": "unknown"}}, {"type": "Feature", "geometry": {"type": "Point", "coordinates": [-85.792793, 38.261261]}, "properties": {"crashes": 1, "injury": 0, "fatal": 0, "pedestrian": 0, "bicycle": 0, "density": 0.2, "year_range": "unknown"}}, {"type": "Feature", "geometry": {"type": "Point", "coordinates": [-85.691892, 38.14955]}, "properties": {"crashes": 4, "injury": 0, "fatal": 0, "pedestrian": 0, "bicycle": 0, "density": 1.0, "year_range": "unknown"}}, {"type": "Feature", "geometry": {"type": "Point", "coordinates": [-85.54955, 38.223423]}, "properties": {"crashes": 1, "injury": 0, "fatal": 0, "pedestrian": 0, "bicycle": 0, "density": 0.2, "year_range": "unknown"}}, {"type": "Feature", "geometry": {"type": "Point", "coordinates": [-85.567568, 38.210811]}, "properties": {"crashes": 1, "injury": 0, "fatal": 0, "pedestrian": 0, "bicycle": 0, "density": 0.2, "year_range": "unknown"}}, {"type": "Feature", "geometry": {"type": "Point", "coordinates": [-85.645045, 38.236036]}, "properties": {"crashes": 1, "injury": 0, "fatal": 0, "pedestrian": 0, "bicycle": 0, "density": 0.2, "year_range": "unknown"}}, {"type": "Feature", "geometry": {"type": "Point", "coordinates": [-85.783784, 38.266667]}, "properties": {"crashes": 5, "injury": 0, "fatal": 0, "pedestrian": 0, "bicycle": 0, "density": 1.2, "year_range": "unknown"}}, {"type": "Feature", "geometry": {"type": "Point", "coordinates": [-85.603604, 38.2]}, "properties": {"crashes": 2, "injury": 0, "fatal": 0, "pedestrian": 0, "bicycle": 0, "density": 0.5, "year_range": "unknown"}}, {"type": "Feature", "geometry": {"type": "Point", "coordinates": [-85.778378, 38.118919]}, "properties": {"crashes": 2, "injury": 0, "fatal": 0, "pedestrian": 0, "bicycle": 0, "density": 0.5, "year_range": "unknown"}}, {"type": "Feature", "geometry": {"type": "Point", "coordinates": [-85.790991, 38.234234]}, "properties": {"crashes": 3, "injury": 0, "fatal": 0, "pedestrian": 0, "bicycle": 0, "density": 0.8, "year_range": "unknown"}}, {"type": "Feature", "geometry": {"type": "Point", "coordinates": [-85.726126, 38.243243]}, "properties": {"crashes": 3, "injury": 0, "fatal": 0, "pedestrian": 0, "bicycle": 0, "density": 0.8, "year_range": "unknown"}}, {"type": "Feature", "geometry": {"type": "Point", "coordinates": [-85.594595, 38.154955]}, "properties": {"crashes": 1, "injury": 0, "fatal": 0, "pedestrian": 0, "bicycle": 0, "density": 0.2, "year_range": "unknown"}}, {"type": "Feature", "geometry": {"type": "Point", "coordinates": [-85.781982, 38.227027]}, "properties": {"crashes": 1, "injury": 0, "fatal": 0, "pedestrian": 0, "bicycle": 0, "density": 0.2, "year_range": "unknown"}}, {"type": "Feature", "geometry": {"type": "Point", "coordinates": [-85.816216, 38.218018]}, "properties": {"crashes": 2, "injury": 0, "fatal": 0, "pedestrian": 0, "bicycle": 0, "density": 0.5, "year_range": "unknown"}}, {"type": "Feature", "geometry": {"type": "Point", "coordinates": [-85.468468, 38.18018]}, "properties": {"crashes": 1, "injury": 0, "fatal": 0, "pedestrian": 0, "bicycle": 0, "density": 0.2, "year_range": "unknown"}}, {"type": "Feature", "geometry": {"type": "Point", "coordinates": [-85.790991, 38.147748]}, "properties": {"crashes": 1, "injury": 0, "fatal": 0, "pedestrian": 0, "bicycle": 0, "density": 0.2, "year_range": "unknown"}}, {"type": "Feature", "geometry": {"type": "Point", "coordinates": [-85.747748, 38.189189]}, "properties": {"crashes": 1, "injury": 0, "fatal": 0, "pedestrian": 0, "bicycle": 0, "density": 0.2, "year_range": "unknown"}}, {"type": "Feature", "geometry": {"type": "Point", "coordinates": [-85.634234, 38.327928]}, "properties": {"crashes": 2, "injury": 0, "fatal": 0, "pedestrian": 0, "bicycle": 0, "density": 0.5, "year_range": "unknown"}}, {"type": "Feature", "geometry": {"type": "Point", "coordinates": [-85.654054, 38.156757]}, "properties": {"crashes": 3, "injury": 0, "fatal": 0, "pedestrian": 0, "bicycle": 0, "density": 0.8, "year_range": "unknown"}}, {"type": "Feature", "geometry": {"type": "Point", "coordinates": [-85.783784, 38.248649]}, "properties": {"crashes": 3, "injury": 0, "fatal": 0, "pedestrian": 0, "bicycle": 0, "density": 0.8, "year_range": "unknown"}}, {"type": "Feature", "geometry": {"type": "Point", "coordinates": [-85.738739, 38.228829]}, "properties": {"crashes": 2, "injury": 0, "fatal": 0, "pedestrian": 0, "bicycle": 0, "density": 0.5, "year_range": "unknown"}}, {"type": "Feature", "geometry": {"type": "Point", "coordinates": [-85.774775, 38.147748]}, "properties": {"crashes": 1, "injury": 0, "fatal": 0, "pedestrian": 0, "bicycle": 0, "density": 0.2, "year_range": "unknown"}}, {"type": "Feature", "geometry": {"type": "Point", "coordinates": [-85.767568, 38.227027]}, "properties": {"crashes": 1, "injury": 0, "fatal": 0, "pedestrian": 0, "bicycle": 0, "density": 0.2, "year_range": "unknown"}}, {"type": "Feature", "geometry": {"type": "Point", "coordinates": [-85.618018, 38.268468]}, "properties": {"crashes": 2, "injury": 0, "fatal": 0, "pedestrian": 0, "bicycle": 0, "density": 0.5, "year_range": "unknown"}}, {"type": "Feature", "geometry": {"type": "Point", "coordinates": [-85.576577, 38.228829]}, "properties": {"crashes": 1, "injury": 0, "fatal": 0, "pedestrian": 0, "bicycle": 0, "density": 0.2, "year_range": "unknown"}}, {"type": "Feature", "geometry": {"type": "Point", "coordinates": [-85.567568, 38.311712]}, "properties": {"crashes": 2, "injury": 0, "fatal": 0, "pedestrian": 0, "bicycle": 0, "density": 0.5, "year_range": "unknown"}}, {"type": "Feature", "geometry": {"type": "Point", "coordinates": [-85.554955, 38.144144]}, "properties": {"crashes": 1, "injury": 0, "fatal": 0, "pedestrian": 0, "bicycle": 0, "density": 0.2, "year_range": "unknown"}}, {"type": "Feature", "geometry": {"type": "Point", "coordinates": [-85.875676, 38.144144]}, "properties": {"crashes": 1, "injury": 0, "fatal": 0, "pedestrian": 0, "bicycle": 0, "density": 0.2, "year_range": "unknown"}}, {"type": "Feature", "geometry": {"type": "Point", "coordinates": [-85.756757, 38.259459]}, "properties": {"crashes": 1, "injury": 0, "fatal": 0, "pedestrian": 0, "bicycle": 0, "density": 0.2, "year_range": "unknown"}}, {"type": "Feature", "geometry": {"type": "Point", "coordinates": [-85.733333, 38.25045]}, "properties": {"crashes": 3, "injury": 0, "fatal": 0, "pedestrian": 0, "bicycle": 0, "density": 0.8, "year_range": "unknown"}}, {"type": "Feature", "geometry": {"type": "Point", "coordinates": [-85.767568, 38.2]}, "properties": {"crashes": 3, "injury": 0, "fatal": 0, "pedestrian": 0, "bicycle": 0, "density": 0.8, "year_range": "unknown"}}, {"type": "Feature", "geometry": {"type": "Point", "coordinates": [-85.702703, 38.122523]}, "properties": {"crashes": 3, "injury": 0, "fatal": 0, "pedestrian": 0, "bicycle": 0, "density": 0.8, "year_range": "unknown"}}, {"type": "Feature", "geometry": {"type": "Point", "coordinates": [-85.758559, 38.252252]}, "properties": {"crashes": 1, "injury": 0, "fatal": 0, "pedestrian": 0, "bicycle": 0, "density": 0.2, "year_range": "unknown"}}, {"type": "Feature", "geometry": {"type": "Point", "coordinates": [-85.502703, 38.189189]}, "properties": {"crashes": 1, "injury": 0, "fatal": 0, "pedestrian": 0, "bicycle": 0, "density": 0.2, "year_range": "unknown"}}, {"type": "Feature", "geometry": {"type": "Point", "coordinates": [-85.827027, 38.147748]}, "properties": {"crashes": 3, "injury": 0, "fatal": 0, "pedestrian": 0, "bicycle": 0, "density": 0.8, "year_range": "unknown"}}, {"type": "Feature", "geometry": {"type": "Point", "coordinates": [-85.578378, 38.286486]}, "properties": {"crashes": 2, "injury": 0, "fatal": 0, "pedestrian": 0, "bicycle": 0, "density": 0.5, "year_range": "unknown"}}, {"type": "Feature", "geometry": {"type": "Point", "coordinates": [-85.664865, 38.194595]}, "properties": {"crashes": 1, "injury": 0, "fatal": 0, "pedestrian": 0, "bicycle": 0, "density": 0.2, "year_range": "unknown"}}, {"type": "Feature", "geometry": {"type": "Point", "coordinates": [-85.542342, 38.266667]}, "properties": {"crashes": 2, "injury": 0, "fatal": 0, "pedestrian": 0, "bicycle": 0, "density": 0.5, "year_range": "unknown"}}, {"type": "Feature", "geometry": {"type": "Point", "coordinates": [-85.603604, 38.079279]}, "properties": {"crashes": 2, "injury": 0, "fatal": 0, "pedestrian": 0, "bicycle": 0, "density": 0.5, "year_range": "unknown"}}, {"type": "Feature", "geometry": {"type": "Point", "coordinates": [-85.589189, 38.246847]}, "properties": {"crashes": 1, "injury": 0, "fatal": 0, "pedestrian": 0, "bicycle": 0, "density": 0.2, "year_range": "unknown"}}, {"type": "Feature", "geometry": {"type": "Point", "coordinates": [-85.477477, 38.127928]}, "properties": {"crashes": 1, "injury": 0, "fatal": 0, "pedestrian": 0, "bicycle": 0, "density": 0.2, "year_range": "unknown"}}, {"type": "Feature", "geometry": {"type": "Point", "coordinates": [-85.61982, 38.268468]}, "properties": {"crashes": 2, "injury": 0, "fatal": 0, "pedestrian": 0, "bicycle": 0, "density": 0.5, "year_range": "unknown"}}, {"type": "Feature", "geometry": {"type": "Point", "coordinates": [-85.677477, 38.138739]}, "properties": {"crashes": 1, "injury": 0, "fatal": 0, "pedestrian": 0, "bicycle": 0, "density": 0.2, "year_range": "unknown"}}, {"type": "Feature", "geometry": {"type": "Point", "coordinates": [-85.827027, 38.228829]}, "properties": {"crashes": 3, "injury": 0, "fatal": 0, "pedestrian": 0, "bicycle": 0, "density": 0.8, "year_range": "unknown"}}, {"type": "Feature", "geometry": {"type": "Point", "coordinates": [-85.778378, 38.266667]}, "properties": {"crashes": 1, "injury": 0, "fatal": 0, "pedestrian": 0, "bicycle": 0, "density": 0.2, "year_range": "unknown"}}, {"type": "Feature", "geometry": {"type": "Point", "coordinates": [-85.796396, 38.167568]}, "properties": {"crashes": 2, "injury": 0, "fatal": 0, "pedestrian": 0, "bicycle": 0, "density": 0.5, "year_range": "unknown"}}, {"type": "Feature", "geometry": {"type": "Point", "coordinates": [-85.789189, 38.156757]}, "properties": {"crashes": 1, "injury": 0, "fatal": 0, "pedestrian": 0, "bicycle": 0, "density": 0.2, "year_range": "unknown"}}, {"type": "Feature", "geometry": {"type": "Point", "coordinates": [-85.659459, 38.176577]}, "properties": {"crashes": 3, "injury": 0, "fatal": 0, "pedestrian": 0, "bicycle": 0, "density": 0.8, "year_range": "unknown"}}, {"type": "Feature", "geometry": {"type": "Point", "coordinates": [-85.718919, 38.174775]}, "properties": {"crashes": 1, "injury": 0, "fatal": 0, "pedestrian": 0, "bicycle": 0, "density": 0.2, "year_range": "unknown"}}, {"type": "Feature", "geometry": {"type": "Point", "coordinates": [-85.772973, 38.167568]}, "properties": {"crashes": 2, "injury": 0, "fatal": 0, "pedestrian": 0, "bicycle": 0, "density": 0.5, "year_range": "unknown"}}, {"type": "Feature", "geometry": {"type": "Point", "coordinates": [-85.756757, 38.209009]}, "properties": {"crashes": 3, "injury": 0, "fatal": 0, "pedestrian": 0, "bicycle": 0, "density": 0.8, "year_range": "unknown"}}, {"type": "Feature", "geometry": {"type": "Point", "coordinates": [-85.753153, 38.241441]}, "properties": {"crashes": 2, "injury": 0, "fatal": 0, "pedestrian": 0, "bicycle": 0, "density": 0.5, "year_range": "unknown"}}, {"type": "Feature", "geometry": {"type": "Point", "coordinates": [-85.627027, 38.212613]}, "properties": {"crashes": 1, "injury": 0, "fatal": 0, "pedestrian": 0, "bicycle": 0, "density": 0.2, "year_range": "unknown"}}, {"type": "Feature", "geometry": {"type": "Point", "coordinates": [-85.691892, 38.108108]}, "properties": {"crashes": 5, "injury": 0, "fatal": 0, "pedestrian": 0, "bicycle": 0, "density": 1.2, "year_range": "unknown"}}, {"type": "Feature", "geometry": {"type": "Point", "coordinates": [-85.8, 38.122523]}, "properties": {"crashes": 3, "injury": 0, "fatal": 0, "pedestrian": 0, "bicycle": 0, "density": 0.8, "year_range": "unknown"}}, {"type": "Feature", "geometry": {"type": "Point", "coordinates": [-85.765766, 38.236036]}, "properties": {"crashes": 2, "injury": 0, "fatal": 0, "pedestrian": 0, "bicycle": 0, "density": 0.5, "year_range": "unknown"}}, {"type": "Feature", "geometry": {"type": "Point", "coordinates": [-85.827027, 38.257658]}, "properties": {"crashes": 1, "injury": 0, "fatal": 0, "pedestrian": 0, "bicycle": 0, "density": 0.2, "year_range": "unknown"}}, {"type": "Feature", "geometry": {"type": "Point", "coordinates": [-85.720721, 38.237838]}, "properties": {"crashes": 10, "injury": 0, "fatal": 0, "pedestrian": 0, "bicycle": 0, "density": 2.5, "year_range": "unknown"}}, {"type": "Feature", "geometry": {"type": "Point", "coordinates": [-85.616216, 38.266667]}, "properties": {"crashes": 1, "injury": 0, "fatal": 0, "pedestrian": 0, "bicycle": 0, "density": 0.2, "year_range": "unknown"}}, {"type": "Feature", "geometry": {"type": "Point", "coordinates": [-85.864865, 38.144144]}, "properties": {"crashes": 2, "injury": 0, "fatal": 0, "pedestrian": 0, "bicycle": 0, "density": 0.5, "year_range": "unknown"}}, {"type": "Feature", "geometry": {"type": "Point", "coordinates": [-85.801802, 38.225225]}, "properties": {"crashes": 1, "injury": 0, "fatal": 0, "pedestrian": 0, "bicycle": 0, "density": 0.2, "year_range": "unknown"}}, {"type": "Feature", "geometry": {"type": "Point", "coordinates": [-85.605405, 38.259459]}, "properties": {"crashes": 1, "injury": 0, "fatal": 0, "pedestrian": 0, "bicycle": 0, "density": 0.2, "year_range": "unknown"}}, {"type": "Feature", "geometry": {"type": "Point", "coordinates": [-85.790991, 38.145946]}, "properties": {"crashes": 1, "injury": 0, "fatal": 0, "pedestrian": 0, "bicycle": 0, "density": 0.2, "year_range": "unknown"}}, {"type": "Feature", "geometry": {"type": "Point", "coordinates": [-85.697297, 38.245045]}, "properties": {"crashes": 2, "injury": 0, "fatal": 0, "pedestrian": 0, "bicycle": 0, "density": 0.5, "year_range": "unknown"}}, {"type": "Feature", "geometry": {"type": "Point", "coordinates": [-85.751351, 38.237838]}, "properties": {"crashes": 1, "injury": 0, "fatal": 0, "pedestrian": 0, "bicycle": 0, "density": 0.2, "year_range": "unknown"}}, {"type": "Feature", "geometry": {"type": "Point", "coordinates": [-85.801802, 38.277477]}, "properties": {"crashes": 1, "injury": 0, "fatal": 0, "pedestrian": 0, "bicycle": 0, "density": 0.2, "year_range": "unknown"}}, {"type": "Feature", "geometry": {"type": "Point", "coordinates": [-85.508108, 38.306306]}, "properties": {"crashes": 1, "injury": 0, "fatal": 0, "pedestrian": 0, "bicycle": 0, "density": 0.2, "year_range": "unknown"}}, {"type": "Feature", "geometry": {"type": "Point", "coordinates": [-85.691892, 38.223423]}, "properties": {"crashes": 1, "injury": 0, "fatal": 0, "pedestrian": 0, "bicycle": 0, "density": 0.2, "year_range": "unknown"}}, {"type": "Feature", "geometry": {"type": "Point", "coordinates": [-85.776577, 38.205405]}, "properties": {"crashes": 4, "injury": 0, "fatal": 0, "pedestrian": 0, "bicycle": 0, "density": 1.0, "year_range": "unknown"}}, {"type": "Feature", "geometry": {"type": "Point", "coordinates": [-85.816216, 38.246847]}, "properties": {"crashes": 1, "injury": 0, "fatal": 0, "pedestrian": 0, "bicycle": 0, "density": 0.2, "year_range": "unknown"}}, {"type": "Feature", "geometry": {"type": "Point", "coordinates": [-85.547748, 38.138739]}, "properties": {"crashes": 2, "injury": 0, "fatal": 0, "pedestrian": 0, "bicycle": 0, "density": 0.5, "year_range": "unknown"}}, {"type": "Feature", "geometry": {"type": "Point", "coordinates": [-85.881081, 38.120721]}, "properties": {"crashes": 1, "injury": 0, "fatal": 0, "pedestrian": 0, "bicycle": 0, "density": 0.2, "year_range": "unknown"}}, {"type": "Feature", "geometry": {"type": "Point", "coordinates": [-85.792793, 38.194595]}, "properties": {"crashes": 1, "injury": 0, "fatal": 0, "pedestrian": 0, "bicycle": 0, "density": 0.2, "year_range": "unknown"}}, {"type": "Feature", "geometry": {"type": "Point", "coordinates": [-85.720721, 38.158559]}, "properties": {"crashes": 1, "injury": 0, "fatal": 0, "pedestrian": 0, "bicycle": 0, "density": 0.2, "year_range": "unknown"}}, {"type": "Feature", "geometry": {"type": "Point", "coordinates": [-85.873874, 38.097297]}, "properties": {"crashes": 1, "injury": 0, "fatal": 0, "pedestrian": 0, "bicycle": 0, "density": 0.2, "year_range": "unknown"}}, {"type": "Feature", "geometry": {"type": "Point", "coordinates": [-85.65045, 38.205405]}, "properties": {"crashes": 3, "injury": 0, "fatal": 0, "pedestrian": 0, "bicycle": 0, "density": 0.8, "year_range": "unknown"}}, {"type": "Feature", "geometry": {"type": "Point", "coordinates": [-85.762162, 38.190991]}, "properties": {"crashes": 2, "injury": 0, "fatal": 0, "pedestrian": 0, "bicycle": 0, "density": 0.5, "year_range": "unknown"}}, {"type": "Feature", "geometry": {"type": "Point", "coordinates": [-85.792793, 38.237838]}, "properties": {"crashes": 4, "injury": 0, "fatal": 0, "pedestrian": 0, "bicycle": 0, "density": 1.0, "year_range": "unknown"}}, {"type": "Feature", "geometry": {"type": "Point", "coordinates": [-85.774775, 38.104505]}, "properties": {"crashes": 1, "injury": 0, "fatal": 0, "pedestrian": 0, "bicycle": 0, "density": 0.2, "year_range": "unknown"}}, {"type": "Feature", "geometry": {"type": "Point", "coordinates": [-85.738739, 38.189189]}, "properties": {"crashes": 2, "injury": 0, "fatal": 0, "pedestrian": 0, "bicycle": 0, "density": 0.5, "year_range": "unknown"}}, {"type": "Feature", "geometry": {"type": "Point", "coordinates": [-85.668468, 38.156757]}, "properties": {"crashes": 1, "injury": 0, "fatal": 0, "pedestrian": 0, "bicycle": 0, "density": 0.2, "year_range": "unknown"}}, {"type": "Feature", "geometry": {"type": "Point", "coordinates": [-85.576577, 38.246847]}, "properties": {"crashes": 6, "injury": 0, "fatal": 0, "pedestrian": 0, "bicycle": 0, "density": 1.5, "year_range": "unknown"}}, {"type": "Feature", "geometry": {"type": "Point", "coordinates": [-85.574775, 38.311712]}, "properties": {"crashes": 1, "injury": 0, "fatal": 0, "pedestrian": 0, "bicycle": 0, "density": 0.2, "year_range": "unknown"}}, {"type": "Feature", "geometry": {"type": "Point", "coordinates": [-85.87027, 38.190991]}, "properties": {"crashes": 1, "injury": 0, "fatal": 0, "pedestrian": 0, "bicycle": 0, "density": 0.2, "year_range": "unknown"}}, {"type": "Feature", "geometry": {"type": "Point", "coordinates": [-85.646847, 38.275676]}, "properties": {"crashes": 2, "injury": 0, "fatal": 0, "pedestrian": 0, "bicycle": 0, "density": 0.5, "year_range": "unknown"}}, {"type": "Feature", "geometry": {"type": "Point", "coordinates": [-85.592793, 38.16036]}, "properties": {"crashes": 2, "injury": 0, "fatal": 0, "pedestrian": 0, "bicycle": 0, "density": 0.5, "year_range": "unknown"}}, {"type": "Feature", "geometry": {"type": "Point", "coordinates": [-85.792793, 38.252252]}, "properties": {"crashes": 2, "injury": 0, "fatal": 0, "pedestrian": 0, "bicycle": 0, "density": 0.5, "year_range": "unknown"}}, {"type": "Feature", "geometry": {"type": "Point", "coordinates": [-85.663063, 38.138739]}, "properties": {"crashes": 2, "injury": 0, "fatal": 0, "pedestrian": 0, "bicycle": 0, "density": 0.5, "year_range": "unknown"}}, {"type": "Feature", "geometry": {"type": "Point", "coordinates": [-85.708108, 38.156757]}, "properties": {"crashes": 4, "injury": 0, "fatal": 0, "pedestrian": 0, "bicycle": 0, "density": 1.0, "year_range": "unknown"}}, {"type": "Feature", "geometry": {"type": "Point", "coordinates": [-85.700901, 38.118919]}, "properties": {"crashes": 2, "injury": 0, "fatal": 0, "pedestrian": 0, "bicycle": 0, "density": 0.5, "year_range": "unknown"}}, {"type": "Feature", "geometry": {"type": "Point", "coordinates": [-85.612613, 38.163964]}, "properties": {"crashes": 1, "injury": 0, "fatal": 0, "pedestrian": 0, "bicycle": 0, "density": 0.2, "year_range": "unknown"}}, {"type": "Feature", "geometry": {"type": "Point", "coordinates": [-85.810811, 38.254054]}, "properties": {"crashes": 1, "injury": 0, "fatal": 0, "pedestrian": 0, "bicycle": 0, "density": 0.2, "year_range": "unknown"}}, {"type": "Feature", "geometry": {"type": "Point", "coordinates": [-85.583784, 38.315315]}, "properties": {"crashes": 1, "injury": 0, "fatal": 0, "pedestrian": 0, "bicycle": 0, "density": 0.2, "year_range": "unknown"}}, {"type": "Feature", "geometry": {"type": "Point", "coordinates": [-85.747748, 38.232432]}, "properties": {"crashes": 1, "injury": 0, "fatal": 0, "pedestrian": 0, "bicycle": 0, "density": 0.2, "year_range": "unknown"}}, {"type": "Feature", "geometry": {"type": "Point", "coordinates": [-85.583784, 38.313514]}, "properties": {"crashes": 6, "injury": 0, "fatal": 0, "pedestrian": 0, "bicycle": 0, "density": 1.5, "year_range": "unknown"}}, {"type": "Feature", "geometry": {"type": "Point", "coordinates": [-85.693694, 38.218018]}, "properties": {"crashes": 1, "injury": 0, "fatal": 0, "pedestrian": 0, "bicycle": 0, "density": 0.2, "year_range": "unknown"}}, {"type": "Feature", "geometry": {"type": "Point", "coordinates": [-85.884685, 38.073874]}, "properties": {"crashes": 1, "injury": 0, "fatal": 0, "pedestrian": 0, "bicycle": 0, "density": 0.2, "year_range": "unknown"}}, {"type": "Feature", "geometry": {"type": "Point", "coordinates": [-85.69009, 38.12973]}, "properties": {"crashes": 1, "injury": 0, "fatal": 0, "pedestrian": 0, "bicycle": 0, "density": 0.2, "year_range": "unknown"}}, {"type": "Feature", "geometry": {"type": "Point", "coordinates": [-85.697297, 38.097297]}, "properties": {"crashes": 1, "injury": 0, "fatal": 0, "pedestrian": 0, "bicycle": 0, "density": 0.2, "year_range": "unknown"}}, {"type": "Feature", "geometry": {"type": "Point", "coordinates": [-85.673874, 38.230631]}, "properties": {"crashes": 2, "injury": 0, "fatal": 0, "pedestrian": 0, "bicycle": 0, "density": 0.5, "year_range": "unknown"}}, {"type": "Feature", "geometry": {"type": "Point", "coordinates": [-85.767568, 38.181982]}, "properties": {"crashes": 2, "injury": 0, "fatal": 0, "pedestrian": 0, "bicycle": 0, "density": 0.5, "year_range": "unknown"}}, {"type": "Feature", "geometry": {"type": "Point", "coordinates": [-85.805405, 38.185586]}, "properties": {"crashes": 1, "injury": 0, "fatal": 0, "pedestrian": 0, "bicycle": 0, "density": 0.2, "year_range": "unknown"}}, {"type": "Feature", "geometry": {"type": "Point", "coordinates": [-85.762162, 38.221622]}, "properties": {"crashes": 1, "injury": 0, "fatal": 0, "pedestrian": 0, "bicycle": 0, "density": 0.2, "year_range": "unknown"}}, {"type": "Feature", "geometry": {"type": "Point", "coordinates": [-85.666667, 38.138739]}, "properties": {"crashes": 2, "injury": 0, "fatal": 0, "pedestrian": 0, "bicycle": 0, "density": 0.5, "year_range": "unknown"}}, {"type": "Feature", "geometry": {"type": "Point", "coordinates": [-85.845045, 38.16036]}, "properties": {"crashes": 2, "injury": 0, "fatal": 0, "pedestrian": 0, "bicycle": 0, "density": 0.5, "year_range": "unknown"}}, {"type": "Feature", "geometry": {"type": "Point", "coordinates": [-85.756757, 38.252252]}, "properties": {"crashes": 2, "injury": 0, "fatal": 0, "pedestrian": 0, "bicycle": 0, "density": 0.5, "year_range": "unknown"}}, {"type": "Feature", "geometry": {"type": "Point", "coordinates": [-85.618018, 38.140541]}, "properties": {"crashes": 1, "injury": 0, "fatal": 0, "pedestrian": 0, "bicycle": 0, "density": 0.2, "year_range": "unknown"}}, {"type": "Feature", "geometry": {"type": "Point", "coordinates": [-85.666667, 38.131532]}, "properties": {"crashes": 1, "injury": 0, "fatal": 0, "pedestrian": 0, "bicycle": 0, "density": 0.2, "year_range": "unknown"}}, {"type": "Feature", "geometry": {"type": "Point", "coordinates": [-85.763964, 38.16036]}, "properties": {"crashes": 2, "injury": 0, "fatal": 0, "pedestrian": 0, "bicycle": 0, "density": 0.5, "year_range": "unknown"}}, {"type": "Feature", "geometry": {"type": "Point", "coordinates": [-85.837838, 38.198198]}, "properties": {"crashes": 3, "injury": 0, "fatal": 0, "pedestrian": 0, "bicycle": 0, "density": 0.8, "year_range": "unknown"}}, {"type": "Feature", "geometry": {"type": "Point", "coordinates": [-85.618018, 38.363964]}, "properties": {"crashes": 1, "injury": 0, "fatal": 0, "pedestrian": 0, "bicycle": 0, "density": 0.2, "year_range": "unknown"}}, {"type": "Feature", "geometry": {"type": "Point", "coordinates": [-85.852252, 38.106306]}, "properties": {"crashes": 1, "injury": 0, "fatal": 0, "pedestrian": 0, "bicycle": 0, "density": 0.2, "year_range": "unknown"}}, {"type": "Feature", "geometry": {"type": "Point", "coordinates": [-85.888288, 38.059459]}, "properties": {"crashes": 4, "injury": 0, "fatal": 0, "pedestrian": 0, "bicycle": 0, "density": 1.0, "year_range": "unknown"}}, {"type": "Feature", "geometry": {"type": "Point", "coordinates": [-85.765766, 38.093694]}, "properties": {"crashes": 1, "injury": 0, "fatal": 0, "pedestrian": 0, "bicycle": 0, "density": 0.2, "year_range": "unknown"}}, {"type": "Feature", "geometry": {"type": "Point", "coordinates": [-85.776577, 38.198198]}, "properties": {"crashes": 1, "injury": 0, "fatal": 0, "pedestrian": 0, "bicycle": 0, "density": 0.2, "year_range": "unknown"}}, {"type": "Feature", "geometry": {"type": "Point", "coordinates": [-85.810811, 38.223423]}, "properties": {"crashes": 2, "injury": 0, "fatal": 0, "pedestrian": 0, "bicycle": 0, "density": 0.5, "year_range": "unknown"}}, {"type": "Feature", "geometry": {"type": "Point", "coordinates": [-85.612613, 38.300901]}, "properties": {"crashes": 3, "injury": 0, "fatal": 0, "pedestrian": 0, "bicycle": 0, "density": 0.8, "year_range": "unknown"}}, {"type": "Feature", "geometry": {"type": "Point", "coordinates": [-85.736937, 38.147748]}, "properties": {"crashes": 1, "injury": 0, "fatal": 0, "pedestrian": 0, "bicycle": 0, "density": 0.2, "year_range": "unknown"}}, {"type": "Feature", "geometry": {"type": "Point", "coordinates": [-85.785586, 38.136937]}, "properties": {"crashes": 2, "injury": 0, "fatal": 0, "pedestrian": 0, "bicycle": 0, "density": 0.5, "year_range": "unknown"}}, {"type": "Feature", "geometry": {"type": "Point", "coordinates": [-85.778378, 38.205405]}, "properties": {"crashes": 3, "injury": 0, "fatal": 0, "pedestrian": 0, "bicycle": 0, "density": 0.8, "year_range": "unknown"}}, {"type": "Feature", "geometry": {"type": "Point", "coordinates": [-85.666667, 38.237838]}, "properties": {"crashes": 2, "injury": 0, "fatal": 0, "pedestrian": 0, "bicycle": 0, "density": 0.5, "year_range": "unknown"}}, {"type": "Feature", "geometry": {"type": "Point", "coordinates": [-85.796396, 38.126126]}, "properties": {"crashes": 4, "injury": 0, "fatal": 0, "pedestrian": 0, "bicycle": 0, "density": 1.0, "year_range": "unknown"}}, {"type": "Feature", "geometry": {"type": "Point", "coordinates": [-85.781982, 38.210811]}, "properties": {"crashes": 1, "injury": 0, "fatal": 0, "pedestrian": 0, "bicycle": 0, "density": 0.2, "year_range": "unknown"}}, {"type": "Feature", "geometry": {"type": "Point", "coordinates": [-85.767568, 38.230631]}, "properties": {"crashes": 3, "injury": 0, "fatal": 0, "pedestrian": 0, "bicycle": 0, "density": 0.8, "year_range": "unknown"}}, {"type": "Feature", "geometry": {"type": "Point", "coordinates": [-85.805405, 38.210811]}, "properties": {"crashes": 1, "injury": 0, "fatal": 0, "pedestrian": 0, "bicycle": 0, "density": 0.2, "year_range": "unknown"}}, {"type": "Feature", "geometry": {"type": "Point", "coordinates": [-85.740541, 38.097297]}, "properties": {"crashes": 2, "injury": 0, "fatal": 0, "pedestrian": 0, "bicycle": 0, "density": 0.5, "year_range": "unknown"}}, {"type": "Feature", "geometry": {"type": "Point", "coordinates": [-85.630631, 38.263063]}, "properties": {"crashes": 1, "injury": 0, "fatal": 0, "pedestrian": 0, "bicycle": 0, "density": 0.2, "year_range": "unknown"}}, {"type": "Feature", "geometry": {"type": "Point", "coordinates": [-85.787387, 38.248649]}, "properties": {"crashes": 20, "injury": 0, "fatal": 0, "pedestrian": 0, "bicycle": 0, "density": 5.0, "year_range": "unknown"}}, {"type": "Feature", "geometry": {"type": "Point", "coordinates": [-85.904505, 38.063063]}, "properties": {"crashes": 1, "injury": 0, "fatal": 0, "pedestrian": 0, "bicycle": 0, "density": 0.2, "year_range": "unknown"}}, {"type": "Feature", "geometry": {"type": "Point", "coordinates": [-85.571171, 38.2]}, "properties": {"crashes": 1, "injury": 0, "fatal": 0, "pedestrian": 0, "bicycle": 0, "density": 0.2, "year_range": "unknown"}}, {"type": "Feature", "geometry": {"type": "Point", "coordinates": [-85.821622, 38.232432]}, "properties": {"crashes": 2, "injury": 0, "fatal": 0, "pedestrian": 0, "bicycle": 0, "density": 0.5, "year_range": "unknown"}}, {"type": "Feature", "geometry": {"type": "Point", "coordinates": [-85.632432, 38.282883]}, "properties": {"crashes": 2, "injury": 0, "fatal": 0, "pedestrian": 0, "bicycle": 0, "density": 0.5, "year_range": "unknown"}}, {"type": "Feature", "geometry": {"type": "Point", "coordinates": [-85.645045, 38.252252]}, "properties": {"crashes": 2, "injury": 0, "fatal": 0, "pedestrian": 0, "bicycle": 0, "density": 0.5, "year_range": "unknown"}}, {"type": "Feature", "geometry": {"type": "Point", "coordinates": [-85.627027, 38.216216]}, "properties": {"crashes": 1, "injury": 0, "fatal": 0, "pedestrian": 0, "bicycle": 0, "density": 0.2, "year_range": "unknown"}}, {"type": "Feature", "geometry": {"type": "Point", "coordinates": [-85.581982, 38.223423]}, "properties": {"crashes": 1, "injury": 0, "fatal": 0, "pedestrian": 0, "bicycle": 0, "density": 0.2, "year_range": "unknown"}}, {"type": "Feature", "geometry": {"type": "Point", "coordinates": [-85.794595, 38.196396]}, "properties": {"crashes": 2, "injury": 0, "fatal": 0, "pedestrian": 0, "bicycle": 0, "density": 0.5, "year_range": "unknown"}}, {"type": "Feature", "geometry": {"type": "Point", "coordinates": [-85.544144, 38.236036]}, "properties": {"crashes": 2, "injury": 0, "fatal": 0, "pedestrian": 0, "bicycle": 0, "density": 0.5, "year_range": "unknown"}}, {"type": "Feature", "geometry": {"type": "Point", "coordinates": [-85.706306, 38.156757]}, "properties": {"crashes": 1, "injury": 0, "fatal": 0, "pedestrian": 0, "bicycle": 0, "density": 0.2, "year_range": "unknown"}}, {"type": "Feature", "geometry": {"type": "Point", "coordinates": [-85.571171, 38.18018]}, "properties": {"crashes": 1, "injury": 0, "fatal": 0, "pedestrian": 0, "bicycle": 0, "density": 0.2, "year_range": "unknown"}}, {"type": "Feature", "geometry": {"type": "Point", "coordinates": [-85.682883, 38.29009]}, "properties": {"crashes": 2, "injury": 0, "fatal": 0, "pedestrian": 0, "bicycle": 0, "density": 0.5, "year_range": "unknown"}}, {"type": "Feature", "geometry": {"type": "Point", "coordinates": [-85.699099, 38.142342]}, "properties": {"crashes": 1, "injury": 0, "fatal": 0, "pedestrian": 0, "bicycle": 0, "density": 0.2, "year_range": "unknown"}}, {"type": "Feature", "geometry": {"type": "Point", "coordinates": [-85.643243, 38.117117]}, "properties": {"crashes": 1, "injury": 0, "fatal": 0, "pedestrian": 0, "bicycle": 0, "density": 0.2, "year_range": "unknown"}}, {"type": "Feature", "geometry": {"type": "Point", "coordinates": [-85.754955, 38.259459]}, "properties": {"crashes": 3, "injury": 0, "fatal": 0, "pedestrian": 0, "bicycle": 0, "density": 0.8, "year_range": "unknown"}}, {"type": "Feature", "geometry": {"type": "Point", "coordinates": [-85.598198, 38.118919]}, "properties": {"crashes": 1, "injury": 0, "fatal": 0, "pedestrian": 0, "bicycle": 0, "density": 0.2, "year_range": "unknown"}}, {"type": "Feature", "geometry": {"type": "Point", "coordinates": [-85.63964, 38.234234]}, "properties": {"crashes": 1, "injury": 0, "fatal": 0, "pedestrian": 0, "bicycle": 0, "density": 0.2, "year_range": "unknown"}}, {"type": "Feature", "geometry": {"type": "Point", "coordinates": [-85.837838, 38.14955]}, "properties": {"crashes": 2, "injury": 0, "fatal": 0, "pedestrian": 0, "bicycle": 0, "density": 0.5, "year_range": "unknown"}}, {"type": "Feature", "geometry": {"type": "Point", "coordinates": [-85.675676, 38.16036]}, "properties": {"crashes": 2, "injury": 0, "fatal": 0, "pedestrian": 0, "bicycle": 0, "density": 0.5, "year_range": "unknown"}}, {"type": "Feature", "geometry": {"type": "Point", "coordinates": [-85.673874, 38.263063]}, "properties": {"crashes": 2, "injury": 0, "fatal": 0, "pedestrian": 0, "bicycle": 0, "density": 0.5, "year_range": "unknown"}}, {"type": "Feature", "geometry": {"type": "Point", "coordinates": [-85.796396, 38.234234]}, "properties": {"crashes": 1, "injury": 0, "fatal": 0, "pedestrian": 0, "bicycle": 0, "density": 0.2, "year_range": "unknown"}}, {"type": "Feature", "geometry": {"type": "Point", "coordinates": [-85.762162, 38.21982]}, "properties": {"crashes": 1, "injury": 0, "fatal": 0, "pedestrian": 0, "bicycle": 0, "density": 0.2, "year_range": "unknown"}}, {"type": "Feature", "geometry": {"type": "Point", "coordinates": [-85.536937, 38.241441]}, "properties": {"crashes": 1, "injury": 0, "fatal": 0, "pedestrian": 0, "bicycle": 0, "density": 0.2, "year_range": "unknown"}}, {"type": "Feature", "geometry": {"type": "Point", "coordinates": [-85.740541, 38.261261]}, "properties": {"crashes": 2, "injury": 0, "fatal": 0, "pedestrian": 0, "bicycle": 0, "density": 0.5, "year_range": "unknown"}}, {"type": "Feature", "geometry": {"type": "Point", "coordinates": [-85.843243, 38.138739]}, "properties": {"crashes": 2, "injury": 0, "fatal": 0, "pedestrian": 0, "bicycle": 0, "density": 0.5, "year_range": "unknown"}}, {"type": "Feature", "geometry": {"type": "Point", "coordinates": [-85.823423, 38.210811]}, "properties": {"crashes": 1, "injury": 0, "fatal": 0, "pedestrian": 0, "bicycle": 0, "density": 0.2, "year_range": "unknown"}}, {"type": "Feature", "geometry": {"type": "Point", "coordinates": [-85.578378, 38.252252]}, "properties": {"crashes": 2, "injury": 0, "fatal": 0, "pedestrian": 0, "bicycle": 0, "density": 0.5, "year_range": "unknown"}}, {"type": "Feature", "geometry": {"type": "Point", "coordinates": [-85.789189, 38.243243]}, "properties": {"crashes": 1, "injury": 0, "fatal": 0, "pedestrian": 0, "bicycle": 0, "density": 0.2, "year_range": "unknown"}}, {"type": "Feature", "geometry": {"type": "Point", "coordinates": [-85.807207, 38.172973]}, "properties": {"crashes": 2, "injury": 0, "fatal": 0, "pedestrian": 0, "bicycle": 0, "density": 0.5, "year_range": "unknown"}}, {"type": "Feature", "geometry": {"type": "Point", "coordinates": [-85.735135, 38.261261]}, "properties": {"crashes": 2, "injury": 0, "fatal": 0, "pedestrian": 0, "bicycle": 0, "density": 0.5, "year_range": "unknown"}}, {"type": "Feature", "geometry": {"type": "Point", "coordinates": [-85.868468, 38.154955]}, "properties": {"crashes": 2, "injury": 0, "fatal": 0, "pedestrian": 0, "bicycle": 0, "density": 0.5, "year_range": "unknown"}}, {"type": "Feature", "geometry": {"type": "Point", "coordinates": [-85.834234, 38.120721]}, "properties": {"crashes": 1, "injury": 0, "fatal": 0, "pedestrian": 0, "bicycle": 0, "density": 0.2, "year_range": "unknown"}}, {"type": "Feature", "geometry": {"type": "Point", "coordinates": [-85.85045, 38.178378]}, "properties": {"crashes": 2, "injury": 0, "fatal": 0, "pedestrian": 0, "bicycle": 0, "density": 0.5, "year_range": "unknown"}}, {"type": "Feature", "geometry": {"type": "Point", "coordinates": [-85.554955, 38.086486]}, "properties": {"crashes": 3, "injury": 0, "fatal": 0, "pedestrian": 0, "bicycle": 0, "density": 0.8, "year_range": "unknown"}}, {"type": "Feature", "geometry": {"type": "Point", "coordinates": [-85.895495, 38.147748]}, "properties": {"crashes": 3, "injury": 0, "fatal": 0, "pedestrian": 0, "bicycle": 0, "density": 0.8, "year_range": "unknown"}}, {"type": "Feature", "geometry": {"type": "Point", "coordinates": [-85.758559, 38.190991]}, "properties": {"crashes": 3, "injury": 0, "fatal": 0, "pedestrian": 0, "bicycle": 0, "density": 0.8, "year_range": "unknown"}}, {"type": "Feature", "geometry": {"type": "Point", "coordinates": [-85.783784, 38.099099]}, "properties": {"crashes": 1, "injury": 0, "fatal": 0, "pedestrian": 0, "bicycle": 0, "density": 0.2, "year_range": "unknown"}}, {"type": "Feature", "geometry": {"type": "Point", "coordinates": [-85.754955, 38.255856]}, "properties": {"crashes": 3, "injury": 0, "fatal": 0, "pedestrian": 0, "bicycle": 0, "density": 0.8, "year_range": "unknown"}}, {"type": "Feature", "geometry": {"type": "Point", "coordinates": [-85.816216, 38.104505]}, "properties": {"crashes": 1, "injury": 0, "fatal": 0, "pedestrian": 0, "bicycle": 0, "density": 0.2, "year_range": "unknown"}}, {"type": "Feature", "geometry": {"type": "Point", "coordinates": [-85.74955, 38.248649]}, "properties": {"crashes": 3, "injury": 0, "fatal": 0, "pedestrian": 0, "bicycle": 0, "density": 0.8, "year_range": "unknown"}}, {"type": "Feature", "geometry": {"type": "Point", "coordinates": [-85.886486, 38.151351]}, "properties": {"crashes": 2, "injury": 0, "fatal": 0, "pedestrian": 0, "bicycle": 0, "density": 0.5, "year_range": "unknown"}}, {"type": "Feature", "geometry": {"type": "Point", "coordinates": [-85.699099, 38.16036]}, "properties": {"crashes": 3, "injury": 0, "fatal": 0, "pedestrian": 0, "bicycle": 0, "density": 0.8, "year_range": "unknown"}}, {"type": "Feature", "geometry": {"type": "Point", "coordinates": [-85.616216, 38.127928]}, "properties": {"crashes": 1, "injury": 0, "fatal": 0, "pedestrian": 0, "bicycle": 0, "density": 0.2, "year_range": "unknown"}}, {"type": "Feature", "geometry": {"type": "Point", "coordinates": [-85.506306, 38.268468]}, "properties": {"crashes": 1, "injury": 0, "fatal": 0, "pedestrian": 0, "bicycle": 0, "density": 0.2, "year_range": "unknown"}}, {"type": "Feature", "geometry": {"type": "Point", "coordinates": [-85.625225, 38.192793]}, "properties": {"crashes": 3, "injury": 0, "fatal": 0, "pedestrian": 0, "bicycle": 0, "density": 0.8, "year_range": "unknown"}}, {"type": "Feature", "geometry": {"type": "Point", "coordinates": [-85.814414, 38.172973]}, "properties": {"crashes": 1, "injury": 0, "fatal": 0, "pedestrian": 0, "bicycle": 0, "density": 0.2, "year_range": "unknown"}}, {"type": "Feature", "geometry": {"type": "Point", "coordinates": [-85.632432, 38.221622]}, "properties": {"crashes": 2, "injury": 0, "fatal": 0, "pedestrian": 0, "bicycle": 0, "density": 0.5, "year_range": "unknown"}}, {"type": "Feature", "geometry": {"type": "Point", "coordinates": [-85.767568, 38.190991]}, "properties": {"crashes": 3, "injury": 0, "fatal": 0, "pedestrian": 0, "bicycle": 0, "density": 0.8, "year_range": "unknown"}}, {"type": "Feature", "geometry": {"type": "Point", "coordinates": [-85.790991, 38.212613]}, "properties": {"crashes": 1, "injury": 0, "fatal": 0, "pedestrian": 0, "bicycle": 0, "density": 0.2, "year_range": "unknown"}}, {"type": "Feature", "geometry": {"type": "Point", "coordinates": [-85.627027, 38.336937]}, "properties": {"crashes": 1, "injury": 0, "fatal": 0, "pedestrian": 0, "bicycle": 0, "density": 0.2, "year_range": "unknown"}}, {"type": "Feature", "geometry": {"type": "Point", "coordinates": [-85.827027, 38.189189]}, "properties": {"crashes": 1, "injury": 0, "fatal": 0, "pedestrian": 0, "bicycle": 0, "density": 0.2, "year_range": "unknown"}}, {"type": "Feature", "geometry": {"type": "Point", "coordinates": [-85.551351, 38.181982]}, "properties": {"crashes": 1, "injury": 0, "fatal": 0, "pedestrian": 0, "bicycle": 0, "density": 0.2, "year_range": "unknown"}}, {"type": "Feature", "geometry": {"type": "Point", "coordinates": [-85.774775, 38.113514]}, "properties": {"crashes": 1, "injury": 0, "fatal": 0, "pedestrian": 0, "bicycle": 0, "density": 0.2, "year_range": "unknown"}}, {"type": "Feature", "geometry": {"type": "Point", "coordinates": [-85.609009, 38.36036]}, "properties": {"crashes": 2, "injury": 0, "fatal": 0, "pedestrian": 0, "bicycle": 0, "density": 0.5, "year_range": "unknown"}}, {"type": "Feature", "geometry": {"type": "Point", "coordinates": [-85.81982, 38.277477]}, "properties": {"crashes": 2, "injury": 0, "fatal": 0, "pedestrian": 0, "bicycle": 0, "density": 0.5, "year_range": "unknown"}}, {"type": "Feature", "geometry": {"type": "Point", "coordinates": [-85.816216, 38.225225]}, "properties": {"crashes": 2, "injury": 0, "fatal": 0, "pedestrian": 0, "bicycle": 0, "density": 0.5, "year_range": "unknown"}}, {"type": "Feature", "geometry": {"type": "Point", "coordinates": [-85.61982, 38.21982]}, "properties": {"crashes": 2, "injury": 0, "fatal": 0, "pedestrian": 0, "bicycle": 0, "density": 0.5, "year_range": "unknown"}}, {"type": "Feature", "geometry": {"type": "Point", "coordinates": [-85.798198, 38.25045]}, "properties": {"crashes": 6, "injury": 0, "fatal": 0, "pedestrian": 0, "bicycle": 0, "density": 1.5, "year_range": "unknown"}}, {"type": "Feature", "geometry": {"type": "Point", "coordinates": [-85.645045, 38.209009]}, "properties": {"crashes": 2, "injury": 0, "fatal": 0, "pedestrian": 0, "bicycle": 0, "density": 0.5, "year_range": "unknown"}}, {"type": "Feature", "geometry": {"type": "Point", "coordinates": [-85.805405, 38.259459]}, "properties": {"crashes": 3, "injury": 0, "fatal": 0, "pedestrian": 0, "bicycle": 0, "density": 0.8, "year_range": "unknown"}}, {"type": "Feature", "geometry": {"type": "Point", "coordinates": [-85.8, 38.275676]}, "properties": {"crashes": 1, "injury": 0, "fatal": 0, "pedestrian": 0, "bicycle": 0, "density": 0.2, "year_range": "unknown"}}, {"type": "Feature", "geometry": {"type": "Point", "coordinates": [-85.769369, 38.246847]}, "properties": {"crashes": 3, "injury": 0, "fatal": 0, "pedestrian": 0, "bicycle": 0, "density": 0.8, "year_range": "unknown"}}, {"type": "Feature", "geometry": {"type": "Point", "coordinates": [-85.8, 38.111712]}, "properties": {"crashes": 1, "injury": 0, "fatal": 0, "pedestrian": 0, "bicycle": 0, "density": 0.2, "year_range": "unknown"}}, {"type": "Feature", "geometry": {"type": "Point", "coordinates": [-85.544144, 38.207207]}, "properties": {"crashes": 1, "injury": 0, "fatal": 0, "pedestrian": 0, "bicycle": 0, "density": 0.2, "year_range": "unknown"}}, {"type": "Feature", "geometry": {"type": "Point", "coordinates": [-85.567568, 38.163964]}, "properties": {"crashes": 1, "injury": 0, "fatal": 0, "pedestrian": 0, "bicycle": 0, "density": 0.2, "year_range": "unknown"}}, {"type": "Feature", "geometry": {"type": "Point", "coordinates": [-85.762162, 38.2]}, "properties": {"crashes": 1, "injury": 0, "fatal": 0, "pedestrian": 0, "bicycle": 0, "density": 0.2, "year_range": "unknown"}}, {"type": "Feature", "geometry": {"type": "Point", "coordinates": [-85.697297, 38.236036]}, "properties": {"crashes": 1, "injury": 0, "fatal": 0, "pedestrian": 0, "bicycle": 0, "density": 0.2, "year_range": "unknown"}}, {"type": "Feature", "geometry": {"type": "Point", "coordinates": [-85.747748, 38.237838]}, "properties": {"crashes": 1, "injury": 0, "fatal": 0, "pedestrian": 0, "bicycle": 0, "density": 0.2, "year_range": "unknown"}}, {"type": "Feature", "geometry": {"type": "Point", "coordinates": [-85.807207, 38.136937]}, "properties": {"crashes": 1, "injury": 0, "fatal": 0, "pedestrian": 0, "bicycle": 0, "density": 0.2, "year_range": "unknown"}}, {"type": "Feature", "geometry": {"type": "Point", "coordinates": [-85.623423, 38.18018]}, "properties": {"crashes": 2, "injury": 0, "fatal": 0, "pedestrian": 0, "bicycle": 0, "density": 0.5, "year_range": "unknown"}}, {"type": "Feature", "geometry": {"type": "Point", "coordinates": [-85.796396, 38.216216]}, "properties": {"crashes": 2, "injury": 0, "fatal": 0, "pedestrian": 0, "bicycle": 0, "density": 0.5, "year_range": "unknown"}}, {"type": "Feature", "geometry": {"type": "Point", "coordinates": [-85.873874, 38.126126]}, "properties": {"crashes": 1, "injury": 0, "fatal": 0, "pedestrian": 0, "bicycle": 0, "density": 0.2, "year_range": "unknown"}}, {"type": "Feature", "geometry": {"type": "Point", "coordinates": [-85.845045, 38.118919]}, "properties": {"crashes": 3, "injury": 0, "fatal": 0, "pedestrian": 0, "bicycle": 0, "density": 0.8, "year_range": "unknown"}}, {"type": "Feature", "geometry": {"type": "Point", "coordinates": [-85.868468, 38.169369]}, "properties": {"crashes": 1, "injury": 0, "fatal": 0, "pedestrian": 0, "bicycle": 0, "density": 0.2, "year_range": "unknown"}}, {"type": "Feature", "geometry": {"type": "Point", "coordinates": [-85.67027, 38.088288]}, "properties": {"crashes": 2, "injury": 0, "fatal": 0, "pedestrian": 0, "bicycle": 0, "density": 0.5, "year_range": "unknown"}}, {"type": "Feature", "geometry": {"type": "Point", "coordinates": [-85.572973, 38.122523]}, "properties": {"crashes": 1, "injury": 0, "fatal": 0, "pedestrian": 0, "bicycle": 0, "density": 0.2, "year_range": "unknown"}}, {"type": "Feature", "geometry": {"type": "Point", "coordinates": [-85.772973, 38.25045]}, "properties": {"crashes": 1, "injury": 0, "fatal": 0, "pedestrian": 0, "bicycle": 0, "density": 0.2, "year_range": "unknown"}}, {"type": "Feature", "geometry": {"type": "Point", "coordinates": [-85.863063, 38.091892]}, "properties": {"crashes": 1, "injury": 0, "fatal": 0, "pedestrian": 0, "bicycle": 0, "density": 0.2, "year_range": "unknown"}}, {"type": "Feature", "geometry": {"type": "Point", "coordinates": [-85.8, 38.214414]}, "properties": {"crashes": 5, "injury": 0, "fatal": 0, "pedestrian": 0, "bicycle": 0, "density": 1.2, "year_range": "unknown"}}, {"type": "Feature", "geometry": {"type": "Point", "coordinates": [-85.836036, 38.2]}, "properties": {"crashes": 3, "injury": 0, "fatal": 0, "pedestrian": 0, "bicycle": 0, "density": 0.8, "year_range": "unknown"}}, {"type": "Feature", "geometry": {"type": "Point", "coordinates": [-85.825225, 38.212613]}, "properties": {"crashes": 1, "injury": 0, "fatal": 0, "pedestrian": 0, "bicycle": 0, "density": 0.2, "year_range": "unknown"}}, {"type": "Feature", "geometry": {"type": "Point", "coordinates": [-85.553153, 38.223423]}, "properties": {"crashes": 1, "injury": 0, "fatal": 0, "pedestrian": 0, "bicycle": 0, "density": 0.2, "year_range": "unknown"}}, {"type": "Feature", "geometry": {"type": "Point", "coordinates": [-85.58018, 38.223423]}, "properties": {"crashes": 1, "injury": 0, "fatal": 0, "pedestrian": 0, "bicycle": 0, "density": 0.2, "year_range": "unknown"}}, {"type": "Feature", "geometry": {"type": "Point", "coordinates": [-85.54955, 38.317117]}, "properties": {"crashes": 1, "injury": 0, "fatal": 0, "pedestrian": 0, "bicycle": 0, "density": 0.2, "year_range": "unknown"}}, {"type": "Feature", "geometry": {"type": "Point", "coordinates": [-85.772973, 38.221622]}, "properties": {"crashes": 1, "injury": 0, "fatal": 0, "pedestrian": 0, "bicycle": 0, "density": 0.2, "year_range": "unknown"}}, {"type": "Feature", "geometry": {"type": "Point", "coordinates": [-85.684685, 38.135135]}, "properties": {"crashes": 3, "injury": 0, "fatal": 0, "pedestrian": 0, "bicycle": 0, "density": 0.8, "year_range": "unknown"}}, {"type": "Feature", "geometry": {"type": "Point", "coordinates": [-85.796396, 38.113514]}, "properties": {"crashes": 1, "injury": 0, "fatal": 0, "pedestrian": 0, "bicycle": 0, "density": 0.2, "year_range": "unknown"}}, {"type": "Feature", "geometry": {"type": "Point", "coordinates": [-85.830631, 38.203604]}, "properties": {"crashes": 3, "injury": 0, "fatal": 0, "pedestrian": 0, "bicycle": 0, "density": 0.8, "year_range": "unknown"}}, {"type": "Feature", "geometry": {"type": "Point", "coordinates": [-85.785586, 38.174775]}, "properties": {"crashes": 1, "injury": 0, "fatal": 0, "pedestrian": 0, "bicycle": 0, "density": 0.2, "year_range": "unknown"}}, {"type": "Feature", "geometry": {"type": "Point", "coordinates": [-85.787387, 38.216216]}, "properties": {"crashes": 1, "injury": 0, "fatal": 0, "pedestrian": 0, "bicycle": 0, "density": 0.2, "year_range": "unknown"}}, {"type": "Feature", "geometry": {"type": "Point", "coordinates": [-85.576577, 38.286486]}, "properties": {"crashes": 3, "injury": 0, "fatal": 0, "pedestrian": 0, "bicycle": 0, "density": 0.8, "year_range": "unknown"}}, {"type": "Feature", "geometry": {"type": "Point", "coordinates": [-85.854054, 38.154955]}, "properties": {"crashes": 1, "injury": 0, "fatal": 0, "pedestrian": 0, "bicycle": 0, "density": 0.2, "year_range": "unknown"}}, {"type": "Feature", "geometry": {"type": "Point", "coordinates": [-85.531532, 38.223423]}, "properties": {"crashes": 1, "injury": 0, "fatal": 0, "pedestrian": 0, "bicycle": 0, "density": 0.2, "year_range": "unknown"}}, {"type": "Feature", "geometry": {"type": "Point", "coordinates": [-85.816216, 38.194595]}, "properties": {"crashes": 4, "injury": 0, "fatal": 0, "pedestrian": 0, "bicycle": 0, "density": 1.0, "year_range": "unknown"}}, {"type": "Feature", "geometry": {"type": "Point", "coordinates": [-85.702703, 38.236036]}, "properties": {"crashes": 1, "injury": 0, "fatal": 0, "pedestrian": 0, "bicycle": 0, "density": 0.2, "year_range": "unknown"}}, {"type": "Feature", "geometry": {"type": "Point", "coordinates": [-85.700901, 38.113514]}, "properties": {"crashes": 1, "injury": 0, "fatal": 0, "pedestrian": 0, "bicycle": 0, "density": 0.2, "year_range": "unknown"}}, {"type": "Feature", "geometry": {"type": "Point", "coordinates": [-85.711712, 38.174775]}, "properties": {"crashes": 1, "injury": 0, "fatal": 0, "pedestrian": 0, "bicycle": 0, "density": 0.2, "year_range": "unknown"}}, {"type": "Feature", "geometry": {"type": "Point", "coordinates": [-85.697297, 38.156757]}, "properties": {"crashes": 3, "injury": 0, "fatal": 0, "pedestrian": 0, "bicycle": 0, "density": 0.8, "year_range": "unknown"}}, {"type": "Feature", "geometry": {"type": "Point", "coordinates": [-85.814414, 38.25045]}, "properties": {"crashes": 2, "injury": 0, "fatal": 0, "pedestrian": 0, "bicycle": 0, "density": 0.5, "year_range": "unknown"}}, {"type": "Feature", "geometry": {"type": "Point", "coordinates": [-85.688288, 38.16036]}, "properties": {"crashes": 4, "injury": 0, "fatal": 0, "pedestrian": 0, "bicycle": 0, "density": 1.0, "year_range": "unknown"}}, {"type": "Feature", "geometry": {"type": "Point", "coordinates": [-85.547748, 38.299099]}, "properties": {"crashes": 2, "injury": 0, "fatal": 0, "pedestrian": 0, "bicycle": 0, "density": 0.5, "year_range": "unknown"}}, {"type": "Feature", "geometry": {"type": "Point", "coordinates": [-85.636036, 38.234234]}, "properties": {"crashes": 1, "injury": 0, "fatal": 0, "pedestrian": 0, "bicycle": 0, "density": 0.2, "year_range": "unknown"}}, {"type": "Feature", "geometry": {"type": "Point", "coordinates": [-85.58018, 38.201802]}, "properties": {"crashes": 1, "injury": 0, "fatal": 0, "pedestrian": 0, "bicycle": 0, "density": 0.2, "year_range": "unknown"}}, {"type": "Feature", "geometry": {"type": "Point", "coordinates": [-85.830631, 38.082883]}, "properties": {"crashes": 1, "injury": 0, "fatal": 0, "pedestrian": 0, "bicycle": 0, "density": 0.2, "year_range": "unknown"}}, {"type": "Feature", "geometry": {"type": "Point", "coordinates": [-85.821622, 38.241441]}, "properties": {"crashes": 2, "injury": 0, "fatal": 0, "pedestrian": 0, "bicycle": 0, "density": 0.5, "year_range": "unknown"}}, {"type": "Feature", "geometry": {"type": "Point", "coordinates": [-85.89009, 38.131532]}, "properties": {"crashes": 1, "injury": 0, "fatal": 0, "pedestrian": 0, "bicycle": 0, "density": 0.2, "year_range": "unknown"}}, {"type": "Feature", "geometry": {"type": "Point", "coordinates": [-85.616216, 38.342342]}, "properties": {"crashes": 1, "injury": 0, "fatal": 0, "pedestrian": 0, "bicycle": 0, "density": 0.2, "year_range": "unknown"}}, {"type": "Feature", "geometry": {"type": "Point", "coordinates": [-85.837838, 38.113514]}, "properties": {"crashes": 1, "injury": 0, "fatal": 0, "pedestrian": 0, "bicycle": 0, "density": 0.2, "year_range": "unknown"}}, {"type": "Feature", "geometry": {"type": "Point", "coordinates": [-85.630631, 38.27027]}, "properties": {"crashes": 1, "injury": 0, "fatal": 0, "pedestrian": 0, "bicycle": 0, "density": 0.2, "year_range": "unknown"}}, {"type": "Feature", "geometry": {"type": "Point", "coordinates": [-85.500901, 38.27027]}, "properties": {"crashes": 1, "injury": 0, "fatal": 0, "pedestrian": 0, "bicycle": 0, "density": 0.2, "year_range": "unknown"}}, {"type": "Feature", "geometry": {"type": "Point", "coordinates": [-85.884685, 38.075676]}, "properties": {"crashes": 7, "injury": 0, "fatal": 0, "pedestrian": 0, "bicycle": 0, "density": 1.8, "year_range": "unknown"}}, {"type": "Feature", "geometry": {"type": "Point", "coordinates": [-85.902703, 38.043243]}, "properties": {"crashes": 1, "injury": 0, "fatal": 0, "pedestrian": 0, "bicycle": 0, "density": 0.2, "year_range": "unknown"}}, {"type": "Feature", "geometry": {"type": "Point", "coordinates": [-85.841441, 38.210811]}, "properties": {"crashes": 1, "injury": 0, "fatal": 0, "pedestrian": 0, "bicycle": 0, "density": 0.2, "year_range": "unknown"}}, {"type": "Feature", "geometry": {"type": "Point", "coordinates": [-85.632432, 38.234234]}, "properties": {"crashes": 1, "injury": 0, "fatal": 0, "pedestrian": 0, "bicycle": 0, "density": 0.2, "year_range": "unknown"}}, {"type": "Feature", "geometry": {"type": "Point", "coordinates": [-85.627027, 38.145946]}, "properties": {"crashes": 3, "injury": 0, "fatal": 0, "pedestrian": 0, "bicycle": 0, "density": 0.8, "year_range": "unknown"}}, {"type": "Feature", "geometry": {"type": "Point", "coordinates": [-85.675676, 38.111712]}, "properties": {"crashes": 5, "injury": 0, "fatal": 0, "pedestrian": 0, "bicycle": 0, "density": 1.2, "year_range": "unknown"}}, {"type": "Feature", "geometry": {"type": "Point", "coordinates": [-85.664865, 38.102703]}, "properties": {"crashes": 1, "injury": 0, "fatal": 0, "pedestrian": 0, "bicycle": 0, "density": 0.2, "year_range": "unknown"}}, {"type": "Feature", "geometry": {"type": "Point", "coordinates": [-85.875676, 38.169369]}, "properties": {"crashes": 7, "injury": 0, "fatal": 0, "pedestrian": 0, "bicycle": 0, "density": 1.8, "year_range": "unknown"}}, {"type": "Feature", "geometry": {"type": "Point", "coordinates": [-85.879279, 38.07027]}, "properties": {"crashes": 3, "injury": 0, "fatal": 0, "pedestrian": 0, "bicycle": 0, "density": 0.8, "year_range": "unknown"}}, {"type": "Feature", "geometry": {"type": "Point", "coordinates": [-85.702703, 38.12973]}, "properties": {"crashes": 3, "injury": 0, "fatal": 0, "pedestrian": 0, "bicycle": 0, "density": 0.8, "year_range": "unknown"}}, {"type": "Feature", "geometry": {"type": "Point", "coordinates": [-85.625225, 38.286486]}, "properties": {"crashes": 1, "injury": 0, "fatal": 0, "pedestrian": 0, "bicycle": 0, "density": 0.2, "year_range": "unknown"}}, {"type": "Feature", "geometry": {"type": "Point", "coordinates": [-85.70991, 38.136937]}, "properties": {"crashes": 3, "injury": 0, "fatal": 0, "pedestrian": 0, "bicycle": 0, "density": 0.8, "year_range": "unknown"}}, {"type": "Feature", "geometry": {"type": "Point", "coordinates": [-85.809009, 38.268468]}, "properties": {"crashes": 1, "injury": 0, "fatal": 0, "pedestrian": 0, "bicycle": 0, "density": 0.2, "year_range": "unknown"}}, {"type": "Feature", "geometry": {"type": "Point", "coordinates": [-85.785586, 38.118919]}, "properties": {"crashes": 3, "injury": 0, "fatal": 0, "pedestrian": 0, "bicycle": 0, "density": 0.8, "year_range": "unknown"}}, {"type": "Feature", "geometry": {"type": "Point", "coordinates": [-85.695495, 38.12973]}, "properties": {"crashes": 1, "injury": 0, "fatal": 0, "pedestrian": 0, "bicycle": 0, "density": 0.2, "year_range": "unknown"}}, {"type": "Feature", "geometry": {"type": "Point", "coordinates": [-85.763964, 38.171171]}, "properties": {"crashes": 3, "injury": 0, "fatal": 0, "pedestrian": 0, "bicycle": 0, "density": 0.8, "year_range": "unknown"}}, {"type": "Feature", "geometry": {"type": "Point", "coordinates": [-85.803604, 38.120721]}, "properties": {"crashes": 2, "injury": 0, "fatal": 0, "pedestrian": 0, "bicycle": 0, "density": 0.5, "year_range": "unknown"}}, {"type": "Feature", "geometry": {"type": "Point", "coordinates": [-85.758559, 38.104505]}, "properties": {"crashes": 2, "injury": 0, "fatal": 0, "pedestrian": 0, "bicycle": 0, "density": 0.5, "year_range": "unknown"}}, {"type": "Feature", "geometry": {"type": "Point", "coordinates": [-85.798198, 38.196396]}, "properties": {"crashes": 2, "injury": 0, "fatal": 0, "pedestrian": 0, "bicycle": 0, "density": 0.5, "year_range": "unknown"}}, {"type": "Feature", "geometry": {"type": "Point", "coordinates": [-85.722523, 38.227027]}, "properties": {"crashes": 1, "injury": 0, "fatal": 0, "pedestrian": 0, "bicycle": 0, "density": 0.2, "year_range": "unknown"}}, {"type": "Feature", "geometry": {"type": "Point", "coordinates": [-85.872072, 38.115315]}, "properties": {"crashes": 1, "injury": 0, "fatal": 0, "pedestrian": 0, "bicycle": 0, "density": 0.2, "year_range": "unknown"}}, {"type": "Feature", "geometry": {"type": "Point", "coordinates": [-85.603604, 38.259459]}, "properties": {"crashes": 3, "injury": 0, "fatal": 0, "pedestrian": 0, "bicycle": 0, "density": 0.8, "year_range": "unknown"}}, {"type": "Feature", "geometry": {"type": "Point", "coordinates": [-85.704505, 38.216216]}, "properties": {"crashes": 1, "injury": 0, "fatal": 0, "pedestrian": 0, "bicycle": 0, "density": 0.2, "year_range": "unknown"}}, {"type": "Feature", "geometry": {"type": "Point", "coordinates": [-85.463063, 38.176577]}, "properties": {"crashes": 2, "injury": 0, "fatal": 0, "pedestrian": 0, "bicycle": 0, "density": 0.5, "year_range": "unknown"}}, {"type": "Feature", "geometry": {"type": "Point", "coordinates": [-85.524324, 38.223423]}, "properties": {"crashes": 4, "injury": 0, "fatal": 0, "pedestrian": 0, "bicycle": 0, "density": 1.0, "year_range": "unknown"}}, {"type": "Feature", "geometry": {"type": "Point", "coordinates": [-85.751351, 38.207207]}, "properties": {"crashes": 2, "injury": 0, "fatal": 0, "pedestrian": 0, "bicycle": 0, "density": 0.5, "year_range": "unknown"}}, {"type": "Feature", "geometry": {"type": "Point", "coordinates": [-85.643243, 38.118919]}, "properties": {"crashes": 2, "injury": 0, "fatal": 0, "pedestrian": 0, "bicycle": 0, "density": 0.5, "year_range": "unknown"}}, {"type": "Feature", "geometry": {"type": "Point", "coordinates": [-85.700901, 38.2]}, "properties": {"crashes": 2, "injury": 0, "fatal": 0, "pedestrian": 0, "bicycle": 0, "density": 0.5, "year_range": "unknown"}}, {"type": "Feature", "geometry": {"type": "Point", "coordinates": [-85.785586, 38.273874]}, "properties": {"crashes": 2, "injury": 0, "fatal": 0, "pedestrian": 0, "bicycle": 0, "density": 0.5, "year_range": "unknown"}}, {"type": "Feature", "geometry": {"type": "Point", "coordinates": [-85.652252, 38.236036]}, "properties": {"crashes": 1, "injury": 0, "fatal": 0, "pedestrian": 0, "bicycle": 0, "density": 0.2, "year_range": "unknown"}}, {"type": "Feature", "geometry": {"type": "Point", "coordinates": [-85.645045, 38.23964]}, "properties": {"crashes": 1, "injury": 0, "fatal": 0, "pedestrian": 0, "bicycle": 0, "density": 0.2, "year_range": "unknown"}}, {"type": "Feature", "geometry": {"type": "Point", "coordinates": [-85.475676, 38.187387]}, "properties": {"crashes": 2, "injury": 0, "fatal": 0, "pedestrian": 0, "bicycle": 0, "density": 0.5, "year_range": "unknown"}}, {"type": "Feature", "geometry": {"type": "Point", "coordinates": [-85.781982, 38.174775]}, "properties": {"crashes": 3, "injury": 0, "fatal": 0, "pedestrian": 0, "bicycle": 0, "density": 0.8, "year_range": "unknown"}}, {"type": "Feature", "geometry": {"type": "Point", "coordinates": [-85.700901, 38.126126]}, "properties": {"crashes": 1, "injury": 0, "fatal": 0, "pedestrian": 0, "bicycle": 0, "density": 0.2, "year_range": "unknown"}}, {"type": "Feature", "geometry": {"type": "Point", "coordinates": [-85.810811, 38.273874]}, "properties": {"crashes": 1, "injury": 0, "fatal": 0, "pedestrian": 0, "bicycle": 0, "density": 0.2, "year_range": "unknown"}}, {"type": "Feature", "geometry": {"type": "Point", "coordinates": [-85.776577, 38.153153]}, "properties": {"crashes": 1, "injury": 0, "fatal": 0, "pedestrian": 0, "bicycle": 0, "density": 0.2, "year_range": "unknown"}}, {"type": "Feature", "geometry": {"type": "Point", "coordinates": [-85.875676, 38.082883]}, "properties": {"crashes": 3, "injury": 0, "fatal": 0, "pedestrian": 0, "bicycle": 0, "density": 0.8, "year_range": "unknown"}}, {"type": "Feature", "geometry": {"type": "Point", "coordinates": [-85.504505, 38.241441]}, "properties": {"crashes": 2, "injury": 0, "fatal": 0, "pedestrian": 0, "bicycle": 0, "density": 0.5, "year_range": "unknown"}}, {"type": "Feature", "geometry": {"type": "Point", "coordinates": [-85.628829, 38.133333]}, "properties": {"crashes": 1, "injury": 0, "fatal": 0, "pedestrian": 0, "bicycle": 0, "density": 0.2, "year_range": "unknown"}}, {"type": "Feature", "geometry": {"type": "Point", "coordinates": [-85.704505, 38.167568]}, "properties": {"crashes": 1, "injury": 0, "fatal": 0, "pedestrian": 0, "bicycle": 0, "density": 0.2, "year_range": "unknown"}}, {"type": "Feature", "geometry": {"type": "Point", "coordinates": [-85.518919, 38.272072]}, "properties": {"crashes": 1, "injury": 0, "fatal": 0, "pedestrian": 0, "bicycle": 0, "density": 0.2, "year_range": "unknown"}}, {"type": "Feature", "geometry": {"type": "Point", "coordinates": [-85.796396, 38.210811]}, "properties": {"crashes": 2, "injury": 0, "fatal": 0, "pedestrian": 0, "bicycle": 0, "density": 0.5, "year_range": "unknown"}}, {"type": "Feature", "geometry": {"type": "Point", "coordinates": [-85.783784, 38.257658]}, "properties": {"crashes": 1, "injury": 0, "fatal": 0, "pedestrian": 0, "bicycle": 0, "density": 0.2, "year_range": "unknown"}}, {"type": "Feature", "geometry": {"type": "Point", "coordinates": [-85.823423, 38.255856]}, "properties": {"crashes": 1, "injury": 0, "fatal": 0, "pedestrian": 0, "bicycle": 0, "density": 0.2, "year_range": "unknown"}}, {"type": "Feature", "geometry": {"type": "Point", "coordinates": [-85.767568, 38.246847]}, "properties": {"crashes": 5, "injury": 0, "fatal": 0, "pedestrian": 0, "bicycle": 0, "density": 1.2, "year_range": "unknown"}}, {"type": "Feature", "geometry": {"type": "Point", "coordinates": [-85.672072, 38.189189]}, "properties": {"crashes": 1, "injury": 0, "fatal": 0, "pedestrian": 0, "bicycle": 0, "density": 0.2, "year_range": "unknown"}}, {"type": "Feature", "geometry": {"type": "Point", "coordinates": [-85.792793, 38.16036]}, "properties": {"crashes": 1, "injury": 0, "fatal": 0, "pedestrian": 0, "bicycle": 0, "density": 0.2, "year_range": "unknown"}}, {"type": "Feature", "geometry": {"type": "Point", "coordinates": [-85.693694, 38.151351]}, "properties": {"crashes": 3, "injury": 0, "fatal": 0, "pedestrian": 0, "bicycle": 0, "density": 0.8, "year_range": "unknown"}}, {"type": "Feature", "geometry": {"type": "Point", "coordinates": [-85.751351, 38.236036]}, "properties": {"crashes": 1, "injury": 0, "fatal": 0, "pedestrian": 0, "bicycle": 0, "density": 0.2, "year_range": "unknown"}}, {"type": "Feature", "geometry": {"type": "Point", "coordinates": [-85.69009, 38.117117]}, "properties": {"crashes": 1, "injury": 0, "fatal": 0, "pedestrian": 0, "bicycle": 0, "density": 0.2, "year_range": "unknown"}}, {"type": "Feature", "geometry": {"type": "Point", "coordinates": [-85.596396, 38.279279]}, "properties": {"crashes": 3, "injury": 0, "fatal": 0, "pedestrian": 0, "bicycle": 0, "density": 0.8, "year_range": "unknown"}}, {"type": "Feature", "geometry": {"type": "Point", "coordinates": [-85.632432, 38.230631]}, "properties": {"crashes": 5, "injury": 0, "fatal": 0, "pedestrian": 0, "bicycle": 0, "density": 1.2, "year_range": "unknown"}}, {"type": "Feature", "geometry": {"type": "Point", "coordinates": [-85.596396, 38.18018]}, "properties": {"crashes": 1, "injury": 0, "fatal": 0, "pedestrian": 0, "bicycle": 0, "density": 0.2, "year_range": "unknown"}}, {"type": "Feature", "geometry": {"type": "Point", "coordinates": [-85.540541, 38.299099]}, "properties": {"crashes": 2, "injury": 0, "fatal": 0, "pedestrian": 0, "bicycle": 0, "density": 0.5, "year_range": "unknown"}}, {"type": "Feature", "geometry": {"type": "Point", "coordinates": [-85.828829, 38.205405]}, "properties": {"crashes": 6, "injury": 0, "fatal": 0, "pedestrian": 0, "bicycle": 0, "density": 1.5, "year_range": "unknown"}}, {"type": "Feature", "geometry": {"type": "Point", "coordinates": [-85.76036, 38.162162]}, "properties": {"crashes": 1, "injury": 0, "fatal": 0, "pedestrian": 0, "bicycle": 0, "density": 0.2, "year_range": "unknown"}}, {"type": "Feature", "geometry": {"type": "Point", "coordinates": [-85.825225, 38.171171]}, "properties": {"crashes": 1, "injury": 0, "fatal": 0, "pedestrian": 0, "bicycle": 0, "density": 0.2, "year_range": "unknown"}}, {"type": "Feature", "geometry": {"type": "Point", "coordinates": [-85.828829, 38.212613]}, "properties": {"crashes": 1, "injury": 0, "fatal": 0, "pedestrian": 0, "bicycle": 0, "density": 0.2, "year_range": "unknown"}}, {"type": "Feature", "geometry": {"type": "Point", "coordinates": [-85.897297, 38.147748]}, "properties": {"crashes": 1, "injury": 0, "fatal": 0, "pedestrian": 0, "bicycle": 0, "density": 0.2, "year_range": "unknown"}}, {"type": "Feature", "geometry": {"type": "Point", "coordinates": [-85.545946, 38.145946]}, "properties": {"crashes": 1, "injury": 0, "fatal": 0, "pedestrian": 0, "bicycle": 0, "density": 0.2, "year_range": "unknown"}}, {"type": "Feature", "geometry": {"type": "Point", "coordinates": [-85.796396, 38.153153]}, "properties": {"crashes": 2, "injury": 0, "fatal": 0, "pedestrian": 0, "bicycle": 0, "density": 0.5, "year_range": "unknown"}}, {"type": "Feature", "geometry": {"type": "Point", "coordinates": [-85.785586, 38.187387]}, "properties": {"crashes": 1, "injury": 0, "fatal": 0, "pedestrian": 0, "bicycle": 0, "density": 0.2, "year_range": "unknown"}}, {"type": "Feature", "geometry": {"type": "Point", "coordinates": [-85.83964, 38.10991]}, "properties": {"crashes": 1, "injury": 0, "fatal": 0, "pedestrian": 0, "bicycle": 0, "density": 0.2, "year_range": "unknown"}}, {"type": "Feature", "geometry": {"type": "Point", "coordinates": [-85.771171, 38.189189]}, "properties": {"crashes": 1, "injury": 0, "fatal": 0, "pedestrian": 0, "bicycle": 0, "density": 0.2, "year_range": "unknown"}}, {"type": "Feature", "geometry": {"type": "Point", "coordinates": [-85.796396, 38.2]}, "properties": {"crashes": 2, "injury": 0, "fatal": 0, "pedestrian": 0, "bicycle": 0, "density": 0.5, "year_range": "unknown"}}, {"type": "Feature", "geometry": {"type": "Point", "coordinates": [-85.798198, 38.277477]}, "properties": {"crashes": 1, "injury": 0, "fatal": 0, "pedestrian": 0, "bicycle": 0, "density": 0.2, "year_range": "unknown"}}, {"type": "Feature", "geometry": {"type": "Point", "coordinates": [-85.706306, 38.167568]}, "properties": {"crashes": 2, "injury": 0, "fatal": 0, "pedestrian": 0, "bicycle": 0, "density": 0.5, "year_range": "unknown"}}, {"type": "Feature", "geometry": {"type": "Point", "coordinates": [-85.686486, 38.136937]}, "properties": {"crashes": 1, "injury": 0, "fatal": 0, "pedestrian": 0, "bicycle": 0, "density": 0.2, "year_range": "unknown"}}, {"type": "Feature", "geometry": {"type": "Point", "coordinates": [-85.792793, 38.266667]}, "properties": {"crashes": 2, "injury": 0, "fatal": 0, "pedestrian": 0, "bicycle": 0, "density": 0.5, "year_range": "unknown"}}, {"type": "Feature", "geometry": {"type": "Point", "coordinates": [-85.554955, 38.079279]}, "properties": {"crashes": 1, "injury": 0, "fatal": 0, "pedestrian": 0, "bicycle": 0, "density": 0.2, "year_range": "unknown"}}, {"type": "Feature", "geometry": {"type": "Point", "coordinates": [-85.854054, 38.181982]}, "properties": {"crashes": 3, "injury": 0, "fatal": 0, "pedestrian": 0, "bicycle": 0, "density": 0.8, "year_range": "unknown"}}, {"type": "Feature", "geometry": {"type": "Point", "coordinates": [-85.50991, 38.243243]}, "properties": {"crashes": 1, "injury": 0, "fatal": 0, "pedestrian": 0, "bicycle": 0, "density": 0.2, "year_range": "unknown"}}, {"type": "Feature", "geometry": {"type": "Point", "coordinates": [-85.868468, 38.104505]}, "properties": {"crashes": 2, "injury": 0, "fatal": 0, "pedestrian": 0, "bicycle": 0, "density": 0.5, "year_range": "unknown"}}, {"type": "Feature", "geometry": {"type": "Point", "coordinates": [-85.781982, 38.214414]}, "properties": {"crashes": 2, "injury": 0, "fatal": 0, "pedestrian": 0, "bicycle": 0, "density": 0.5, "year_range": "unknown"}}, {"type": "Feature", "geometry": {"type": "Point", "coordinates": [-85.637838, 38.162162]}, "properties": {"crashes": 1, "injury": 0, "fatal": 0, "pedestrian": 0, "bicycle": 0, "density": 0.2, "year_range": "unknown"}}, {"type": "Feature", "geometry": {"type": "Point", "coordinates": [-85.558559, 38.254054]}, "properties": {"crashes": 1, "injury": 0, "fatal": 0, "pedestrian": 0, "bicycle": 0, "density": 0.2, "year_range": "unknown"}}, {"type": "Feature", "geometry": {"type": "Point", "coordinates": [-85.691892, 38.241441]}, "properties": {"crashes": 1, "injury": 0, "fatal": 0, "pedestrian": 0, "bicycle": 0, "density": 0.2, "year_range": "unknown"}}, {"type": "Feature", "geometry": {"type": "Point", "coordinates": [-85.803604, 38.10991]}, "properties": {"crashes": 1, "injury": 0, "fatal": 0, "pedestrian": 0, "bicycle": 0, "density": 0.2, "year_range": "unknown"}}, {"type": "Feature", "geometry": {"type": "Point", "coordinates": [-85.684685, 38.10991]}, "properties": {"crashes": 1, "injury": 0, "fatal": 0, "pedestrian": 0, "bicycle": 0, "density": 0.2, "year_range": "unknown"}}, {"type": "Feature", "geometry": {"type": "Point", "coordinates": [-85.825225, 38.207207]}, "properties": {"crashes": 1, "injury": 0, "fatal": 0, "pedestrian": 0, "bicycle": 0, "density": 0.2, "year_range": "unknown"}}, {"type": "Feature", "geometry": {"type": "Point", "coordinates": [-85.836036, 38.144144]}, "properties": {"crashes": 3, "injury": 0, "fatal": 0, "pedestrian": 0, "bicycle": 0, "density": 0.8, "year_range": "unknown"}}, {"type": "Feature", "geometry": {"type": "Point", "coordinates": [-85.783784, 38.268468]}, "properties": {"crashes": 1, "injury": 0, "fatal": 0, "pedestrian": 0, "bicycle": 0, "density": 0.2, "year_range": "unknown"}}, {"type": "Feature", "geometry": {"type": "Point", "coordinates": [-85.763964, 38.203604]}, "properties": {"crashes": 3, "injury": 0, "fatal": 0, "pedestrian": 0, "bicycle": 0, "density": 0.8, "year_range": "unknown"}}, {"type": "Feature", "geometry": {"type": "Point", "coordinates": [-85.767568, 38.257658]}, "properties": {"crashes": 3, "injury": 0, "fatal": 0, "pedestrian": 0, "bicycle": 0, "density": 0.8, "year_range": "unknown"}}, {"type": "Feature", "geometry": {"type": "Point", "coordinates": [-85.641441, 38.162162]}, "properties": {"crashes": 1, "injury": 0, "fatal": 0, "pedestrian": 0, "bicycle": 0, "density": 0.2, "year_range": "unknown"}}, {"type": "Feature", "geometry": {"type": "Point", "coordinates": [-85.745946, 38.207207]}, "properties": {"crashes": 1, "injury": 0, "fatal": 0, "pedestrian": 0, "bicycle": 0, "density": 0.2, "year_range": "unknown"}}, {"type": "Feature", "geometry": {"type": "Point", "coordinates": [-85.544144, 38.243243]}, "properties": {"crashes": 1, "injury": 0, "fatal": 0, "pedestrian": 0, "bicycle": 0, "density": 0.2, "year_range": "unknown"}}, {"type": "Feature", "geometry": {"type": "Point", "coordinates": [-85.596396, 38.248649]}, "properties": {"crashes": 2, "injury": 0, "fatal": 0, "pedestrian": 0, "bicycle": 0, "density": 0.5, "year_range": "unknown"}}, {"type": "Feature", "geometry": {"type": "Point", "coordinates": [-85.859459, 38.117117]}, "properties": {"crashes": 1, "injury": 0, "fatal": 0, "pedestrian": 0, "bicycle": 0, "density": 0.2, "year_range": "unknown"}}, {"type": "Feature", "geometry": {"type": "Point", "coordinates": [-85.699099, 38.086486]}, "properties": {"crashes": 1, "injury": 0, "fatal": 0, "pedestrian": 0, "bicycle": 0, "density": 0.2, "year_range": "unknown"}}, {"type": "Feature", "geometry": {"type": "Point", "coordinates": [-85.927928, 38.012613]}, "properties": {"crashes": 4, "injury": 0, "fatal": 0, "pedestrian": 0, "bicycle": 0, "density": 1.0, "year_range": "unknown"}}, {"type": "Feature", "geometry": {"type": "Point", "coordinates": [-85.744144, 38.205405]}, "properties": {"crashes": 1, "injury": 0, "fatal": 0, "pedestrian": 0, "bicycle": 0, "density": 0.2, "year_range": "unknown"}}, {"type": "Feature", "geometry": {"type": "Point", "coordinates": [-85.751351, 38.189189]}, "properties": {"crashes": 2, "injury": 0, "fatal": 0, "pedestrian": 0, "bicycle": 0, "density": 0.5, "year_range": "unknown"}}, {"type": "Feature", "geometry": {"type": "Point", "coordinates": [-85.790991, 38.261261]}, "properties": {"crashes": 1, "injury": 0, "fatal": 0, "pedestrian": 0, "bicycle": 0, "density": 0.2, "year_range": "unknown"}}, {"type": "Feature", "geometry": {"type": "Point", "coordinates": [-85.78018, 38.254054]}, "properties": {"crashes": 3, "injury": 0, "fatal": 0, "pedestrian": 0, "bicycle": 0, "density": 0.8, "year_range": "unknown"}}, {"type": "Feature", "geometry": {"type": "Point", "coordinates": [-85.52973, 38.248649]}, "properties": {"crashes": 2, "injury": 0, "fatal": 0, "pedestrian": 0, "bicycle": 0, "density": 0.5, "year_range": "unknown"}}, {"type": "Feature", "geometry": {"type": "Point", "coordinates": [-85.574775, 38.221622]}, "properties": {"crashes": 1, "injury": 0, "fatal": 0, "pedestrian": 0, "bicycle": 0, "density": 0.2, "year_range": "unknown"}}, {"type": "Feature", "geometry": {"type": "Point", "coordinates": [-85.794595, 38.2]}, "properties": {"crashes": 4, "injury": 0, "fatal": 0, "pedestrian": 0, "bicycle": 0, "density": 1.0, "year_range": "unknown"}}, {"type": "Feature", "geometry": {"type": "Point", "coordinates": [-85.58018, 38.225225]}, "properties": {"crashes": 1, "injury": 0, "fatal": 0, "pedestrian": 0, "bicycle": 0, "density": 0.2, "year_range": "unknown"}}, {"type": "Feature", "geometry": {"type": "Point", "coordinates": [-85.58018, 38.133333]}, "properties": {"crashes": 2, "injury": 0, "fatal": 0, "pedestrian": 0, "bicycle": 0, "density": 0.5, "year_range": "unknown"}}, {"type": "Feature", "geometry": {"type": "Point", "coordinates": [-85.618018, 38.136937]}, "properties": {"crashes": 3, "injury": 0, "fatal": 0, "pedestrian": 0, "bicycle": 0, "density": 0.8, "year_range": "unknown"}}, {"type": "Feature", "geometry": {"type": "Point", "coordinates": [-85.592793, 38.281081]}, "properties": {"crashes": 1, "injury": 0, "fatal": 0, "pedestrian": 0, "bicycle": 0, "density": 0.2, "year_range": "unknown"}}, {"type": "Feature", "geometry": {"type": "Point", "coordinates": [-85.663063, 38.196396]}, "properties": {"crashes": 9, "injury": 0, "fatal": 0, "pedestrian": 0, "bicycle": 0, "density": 2.2, "year_range": "unknown"}}, {"type": "Feature", "geometry": {"type": "Point", "coordinates": [-85.807207, 38.153153]}, "properties": {"crashes": 4, "injury": 0, "fatal": 0, "pedestrian": 0, "bicycle": 0, "density": 1.0, "year_range": "unknown"}}, {"type": "Feature", "geometry": {"type": "Point", "coordinates": [-85.625225, 38.264865]}, "properties": {"crashes": 1, "injury": 0, "fatal": 0, "pedestrian": 0, "bicycle": 0, "density": 0.2, "year_range": "unknown"}}, {"type": "Feature", "geometry": {"type": "Point", "coordinates": [-85.771171, 38.212613]}, "properties": {"crashes": 1, "injury": 0, "fatal": 0, "pedestrian": 0, "bicycle": 0, "density": 0.2, "year_range": "unknown"}}, {"type": "Feature", "geometry": {"type": "Point", "coordinates": [-85.731532, 38.248649]}, "properties": {"crashes": 2, "injury": 0, "fatal": 0, "pedestrian": 0, "bicycle": 0, "density": 0.5, "year_range": "unknown"}}, {"type": "Feature", "geometry": {"type": "Point", "coordinates": [-85.877477, 38.106306]}, "properties": {"crashes": 1, "injury": 0, "fatal": 0, "pedestrian": 0, "bicycle": 0, "density": 0.2, "year_range": "unknown"}}, {"type": "Feature", "geometry": {"type": "Point", "coordinates": [-85.796396, 38.120721]}, "properties": {"crashes": 1, "injury": 0, "fatal": 0, "pedestrian": 0, "bicycle": 0, "density": 0.2, "year_range": "unknown"}}, {"type": "Feature", "geometry": {"type": "Point", "coordinates": [-85.767568, 38.174775]}, "properties": {"crashes": 1, "injury": 0, "fatal": 0, "pedestrian": 0, "bicycle": 0, "density": 0.2, "year_range": "unknown"}}, {"type": "Feature", "geometry": {"type": "Point", "coordinates": [-85.625225, 38.18018]}, "properties": {"crashes": 1, "injury": 0, "fatal": 0, "pedestrian": 0, "bicycle": 0, "density": 0.2, "year_range": "unknown"}}, {"type": "Feature", "geometry": {"type": "Point", "coordinates": [-85.524324, 38.189189]}, "properties": {"crashes": 1, "injury": 0, "fatal": 0, "pedestrian": 0, "bicycle": 0, "density": 0.2, "year_range": "unknown"}}, {"type": "Feature", "geometry": {"type": "Point", "coordinates": [-85.738739, 38.102703]}, "properties": {"crashes": 1, "injury": 0, "fatal": 0, "pedestrian": 0, "bicycle": 0, "density": 0.2, "year_range": "unknown"}}, {"type": "Feature", "geometry": {"type": "Point", "coordinates": [-85.576577, 38.23964]}, "properties": {"crashes": 3, "injury": 0, "fatal": 0, "pedestrian": 0, "bicycle": 0, "density": 0.8, "year_range": "unknown"}}, {"type": "Feature", "geometry": {"type": "Point", "coordinates": [-85.794595, 38.118919]}, "properties": {"crashes": 1, "injury": 0, "fatal": 0, "pedestrian": 0, "bicycle": 0, "density": 0.2, "year_range": "unknown"}}, {"type": "Feature", "geometry": {"type": "Point", "coordinates": [-85.809009, 38.236036]}, "properties": {"crashes": 1, "injury": 0, "fatal": 0, "pedestrian": 0, "bicycle": 0, "density": 0.2, "year_range": "unknown"}}, {"type": "Feature", "geometry": {"type": "Point", "coordinates": [-85.758559, 38.147748]}, "properties": {"crashes": 1, "injury": 0, "fatal": 0, "pedestrian": 0, "bicycle": 0, "density": 0.2, "year_range": "unknown"}}, {"type": "Feature", "geometry": {"type": "Point", "coordinates": [-85.542342, 38.230631]}, "properties": {"crashes": 1, "injury": 0, "fatal": 0, "pedestrian": 0, "bicycle": 0, "density": 0.2, "year_range": "unknown"}}, {"type": "Feature", "geometry": {"type": "Point", "coordinates": [-85.621622, 38.136937]}, "properties": {"crashes": 1, "injury": 0, "fatal": 0, "pedestrian": 0, "bicycle": 0, "density": 0.2, "year_range": "unknown"}}, {"type": "Feature", "geometry": {"type": "Point", "coordinates": [-85.693694, 38.277477]}, "properties": {"crashes": 5, "injury": 0, "fatal": 0, "pedestrian": 0, "bicycle": 0, "density": 1.2, "year_range": "unknown"}}, {"type": "Feature", "geometry": {"type": "Point", "coordinates": [-85.781982, 38.189189]}, "properties": {"crashes": 1, "injury": 0, "fatal": 0, "pedestrian": 0, "bicycle": 0, "density": 0.2, "year_range": "unknown"}}, {"type": "Feature", "geometry": {"type": "Point", "coordinates": [-85.76036, 38.190991]}, "properties": {"crashes": 2, "injury": 0, "fatal": 0, "pedestrian": 0, "bicycle": 0, "density": 0.5, "year_range": "unknown"}}, {"type": "Feature", "geometry": {"type": "Point", "coordinates": [-85.69009, 38.138739]}, "properties": {"crashes": 1, "injury": 0, "fatal": 0, "pedestrian": 0, "bicycle": 0, "density": 0.2, "year_range": "unknown"}}, {"type": "Feature", "geometry": {"type": "Point", "coordinates": [-85.787387, 38.228829]}, "properties": {"crashes": 2, "injury": 0, "fatal": 0, "pedestrian": 0, "bicycle": 0, "density": 0.5, "year_range": "unknown"}}, {"type": "Feature", "geometry": {"type": "Point", "coordinates": [-85.827027, 38.255856]}, "properties": {"crashes": 1, "injury": 0, "fatal": 0, "pedestrian": 0, "bicycle": 0, "density": 0.2, "year_range": "unknown"}}, {"type": "Feature", "geometry": {"type": "Point", "coordinates": [-85.713514, 38.156757]}, "properties": {"crashes": 2, "injury": 0, "fatal": 0, "pedestrian": 0, "bicycle": 0, "density": 0.5, "year_range": "unknown"}}, {"type": "Feature", "geometry": {"type": "Point", "coordinates": [-85.614414, 38.21982]}, "properties": {"crashes": 1, "injury": 0, "fatal": 0, "pedestrian": 0, "bicycle": 0, "density": 0.2, "year_range": "unknown"}}, {"type": "Feature", "geometry": {"type": "Point", "coordinates": [-85.76036, 38.147748]}, "properties": {"crashes": 1, "injury": 0, "fatal": 0, "pedestrian": 0, "bicycle": 0, "density": 0.2, "year_range": "unknown"}}, {"type": "Feature", "geometry": {"type": "Point", "coordinates": [-85.641441, 38.214414]}, "properties": {"crashes": 1, "injury": 0, "fatal": 0, "pedestrian": 0, "bicycle": 0, "density": 0.2, "year_range": "unknown"}}, {"type": "Feature", "geometry": {"type": "Point", "coordinates": [-85.69009, 38.120721]}, "properties": {"crashes": 1, "injury": 0, "fatal": 0, "pedestrian": 0, "bicycle": 0, "density": 0.2, "year_range": "unknown"}}, {"type": "Feature", "geometry": {"type": "Point", "coordinates": [-85.796396, 38.273874]}, "properties": {"crashes": 1, "injury": 0, "fatal": 0, "pedestrian": 0, "bicycle": 0, "density": 0.2, "year_range": "unknown"}}, {"type": "Feature", "geometry": {"type": "Point", "coordinates": [-85.789189, 38.117117]}, "properties": {"crashes": 1, "injury": 0, "fatal": 0, "pedestrian": 0, "bicycle": 0, "density": 0.2, "year_range": "unknown"}}, {"type": "Feature", "geometry": {"type": "Point", "coordinates": [-85.668468, 38.093694]}, "properties": {"crashes": 3, "injury": 0, "fatal": 0, "pedestrian": 0, "bicycle": 0, "density": 0.8, "year_range": "unknown"}}, {"type": "Feature", "geometry": {"type": "Point", "coordinates": [-85.900901, 38.061261]}, "properties": {"crashes": 1, "injury": 0, "fatal": 0, "pedestrian": 0, "bicycle": 0, "density": 0.2, "year_range": "unknown"}}, {"type": "Feature", "geometry": {"type": "Point", "coordinates": [-85.753153, 38.203604]}, "properties": {"crashes": 1, "injury": 0, "fatal": 0, "pedestrian": 0, "bicycle": 0, "density": 0.2, "year_range": "unknown"}}, {"type": "Feature", "geometry": {"type": "Point", "coordinates": [-85.616216, 38.162162]}, "properties": {"crashes": 2, "injury": 0, "fatal": 0, "pedestrian": 0, "bicycle": 0, "density": 0.5, "year_range": "unknown"}}, {"type": "Feature", "geometry": {"type": "Point", "coordinates": [-85.641441, 38.225225]}, "properties": {"crashes": 1, "injury": 0, "fatal": 0, "pedestrian": 0, "bicycle": 0, "density": 0.2, "year_range": "unknown"}}, {"type": "Feature", "geometry": {"type": "Point", "coordinates": [-85.832432, 38.185586]}, "properties": {"crashes": 1, "injury": 0, "fatal": 0, "pedestrian": 0, "bicycle": 0, "density": 0.2, "year_range": "unknown"}}, {"type": "Feature", "geometry": {"type": "Point", "coordinates": [-85.785586, 38.272072]}, "properties": {"crashes": 2, "injury": 0, "fatal": 0, "pedestrian": 0, "bicycle": 0, "density": 0.5, "year_range": "unknown"}}, {"type": "Feature", "geometry": {"type": "Point", "coordinates": [-85.645045, 38.190991]}, "properties": {"crashes": 3, "injury": 0, "fatal": 0, "pedestrian": 0, "bicycle": 0, "density": 0.8, "year_range": "unknown"}}, {"type": "Feature", "geometry": {"type": "Point", "coordinates": [-85.693694, 38.158559]}, "properties": {"crashes": 1, "injury": 0, "fatal": 0, "pedestrian": 0, "bicycle": 0, "density": 0.2, "year_range": "unknown"}}, {"type": "Feature", "geometry": {"type": "Point", "coordinates": [-85.652252, 38.178378]}, "properties": {"crashes": 2, "injury": 0, "fatal": 0, "pedestrian": 0, "bicycle": 0, "density": 0.5, "year_range": "unknown"}}, {"type": "Feature", "geometry": {"type": "Point", "coordinates": [-85.74955, 38.205405]}, "properties": {"crashes": 1, "injury": 0, "fatal": 0, "pedestrian": 0, "bicycle": 0, "density": 0.2, "year_range": "unknown"}}, {"type": "Feature", "geometry": {"type": "Point", "coordinates": [-85.76036, 38.23964]}, "properties": {"crashes": 2, "injury": 0, "fatal": 0, "pedestrian": 0, "bicycle": 0, "density": 0.5, "year_range": "unknown"}}, {"type": "Feature", "geometry": {"type": "Point", "coordinates": [-85.70991, 38.131532]}, "properties": {"crashes": 2, "injury": 0, "fatal": 0, "pedestrian": 0, "bicycle": 0, "density": 0.5, "year_range": "unknown"}}, {"type": "Feature", "geometry": {"type": "Point", "coordinates": [-85.940541, 38.003604]}, "properties": {"crashes": 1, "injury": 0, "fatal": 0, "pedestrian": 0, "bicycle": 0, "density": 0.2, "year_range": "unknown"}}, {"type": "Feature", "geometry": {"type": "Point", "coordinates": [-85.767568, 38.196396]}, "properties": {"crashes": 2, "injury": 0, "fatal": 0, "pedestrian": 0, "bicycle": 0, "density": 0.5, "year_range": "unknown"}}, {"type": "Feature", "geometry": {"type": "Point", "coordinates": [-85.765766, 38.243243]}, "properties": {"crashes": 1, "injury": 0, "fatal": 0, "pedestrian": 0, "bicycle": 0, "density": 0.2, "year_range": "unknown"}}, {"type": "Feature", "geometry": {"type": "Point", "coordinates": [-85.634234, 38.275676]}, "properties": {"crashes": 2, "injury": 0, "fatal": 0, "pedestrian": 0, "bicycle": 0, "density": 0.5, "year_range": "unknown"}}, {"type": "Feature", "geometry": {"type": "Point", "coordinates": [-85.663063, 38.302703]}, "properties": {"crashes": 1, "injury": 0, "fatal": 0, "pedestrian": 0, "bicycle": 0, "density": 0.2, "year_range": "unknown"}}, {"type": "Feature", "geometry": {"type": "Point", "coordinates": [-85.637838, 38.227027]}, "properties": {"crashes": 2, "injury": 0, "fatal": 0, "pedestrian": 0, "bicycle": 0, "density": 0.5, "year_range": "unknown"}}, {"type": "Feature", "geometry": {"type": "Point", "coordinates": [-85.740541, 38.241441]}, "properties": {"crashes": 1, "injury": 0, "fatal": 0, "pedestrian": 0, "bicycle": 0, "density": 0.2, "year_range": "unknown"}}, {"type": "Feature", "geometry": {"type": "Point", "coordinates": [-85.720721, 38.18018]}, "properties": {"crashes": 1, "injury": 0, "fatal": 0, "pedestrian": 0, "bicycle": 0, "density": 0.2, "year_range": "unknown"}}, {"type": "Feature", "geometry": {"type": "Point", "coordinates": [-85.783784, 38.190991]}, "properties": {"crashes": 2, "injury": 0, "fatal": 0, "pedestrian": 0, "bicycle": 0, "density": 0.5, "year_range": "unknown"}}, {"type": "Feature", "geometry": {"type": "Point", "coordinates": [-85.790991, 38.196396]}, "properties": {"crashes": 4, "injury": 0, "fatal": 0, "pedestrian": 0, "bicycle": 0, "density": 1.0, "year_range": "unknown"}}, {"type": "Feature", "geometry": {"type": "Point", "coordinates": [-85.508108, 38.266667]}, "properties": {"crashes": 1, "injury": 0, "fatal": 0, "pedestrian": 0, "bicycle": 0, "density": 0.2, "year_range": "unknown"}}, {"type": "Feature", "geometry": {"type": "Point", "coordinates": [-85.787387, 38.221622]}, "properties": {"crashes": 1, "injury": 0, "fatal": 0, "pedestrian": 0, "bicycle": 0, "density": 0.2, "year_range": "unknown"}}, {"type": "Feature", "geometry": {"type": "Point", "coordinates": [-85.610811, 38.320721]}, "properties": {"crashes": 2, "injury": 0, "fatal": 0, "pedestrian": 0, "bicycle": 0, "density": 0.5, "year_range": "unknown"}}, {"type": "Feature", "geometry": {"type": "Point", "coordinates": [-85.897297, 38.120721]}, "properties": {"crashes": 1, "injury": 0, "fatal": 0, "pedestrian": 0, "bicycle": 0, "density": 0.2, "year_range": "unknown"}}, {"type": "Feature", "geometry": {"type": "Point", "coordinates": [-85.790991, 38.176577]}, "properties": {"crashes": 1, "injury": 0, "fatal": 0, "pedestrian": 0, "bicycle": 0, "density": 0.2, "year_range": "unknown"}}, {"type": "Feature", "geometry": {"type": "Point", "coordinates": [-85.697297, 38.117117]}, "properties": {"crashes": 3, "injury": 0, "fatal": 0, "pedestrian": 0, "bicycle": 0, "density": 0.8, "year_range": "unknown"}}, {"type": "Feature", "geometry": {"type": "Point", "coordinates": [-85.812613, 38.241441]}, "properties": {"crashes": 2, "injury": 0, "fatal": 0, "pedestrian": 0, "bicycle": 0, "density": 0.5, "year_range": "unknown"}}, {"type": "Feature", "geometry": {"type": "Point", "coordinates": [-85.767568, 38.118919]}, "properties": {"crashes": 1, "injury": 0, "fatal": 0, "pedestrian": 0, "bicycle": 0, "density": 0.2, "year_range": "unknown"}}, {"type": "Feature", "geometry": {"type": "Point", "coordinates": [-85.610811, 38.356757]}, "properties": {"crashes": 2, "injury": 0, "fatal": 0, "pedestrian": 0, "bicycle": 0, "density": 0.5, "year_range": "unknown"}}, {"type": "Feature", "geometry": {"type": "Point", "coordinates": [-85.571171, 38.117117]}, "properties": {"crashes": 1, "injury": 0, "fatal": 0, "pedestrian": 0, "bicycle": 0, "density": 0.2, "year_range": "unknown"}}, {"type": "Feature", "geometry": {"type": "Point", "coordinates": [-85.547748, 38.230631]}, "properties": {"crashes": 1, "injury": 0, "fatal": 0, "pedestrian": 0, "bicycle": 0, "density": 0.2, "year_range": "unknown"}}, {"type": "Feature", "geometry": {"type": "Point", "coordinates": [-85.830631, 38.232432]}, "properties": {"crashes": 3, "injury": 0, "fatal": 0, "pedestrian": 0, "bicycle": 0, "density": 0.8, "year_range": "unknown"}}, {"type": "Feature", "geometry": {"type": "Point", "coordinates": [-85.704505, 38.243243]}, "properties": {"crashes": 2, "injury": 0, "fatal": 0, "pedestrian": 0, "bicycle": 0, "density": 0.5, "year_range": "unknown"}}, {"type": "Feature", "geometry": {"type": "Point", "coordinates": [-85.625225, 38.279279]}, "properties": {"crashes": 1, "injury": 0, "fatal": 0, "pedestrian": 0, "bicycle": 0, "density": 0.2, "year_range": "unknown"}}, {"type": "Feature", "geometry": {"type": "Point", "coordinates": [-85.702703, 38.254054]}, "properties": {"crashes": 1, "injury": 0, "fatal": 0, "pedestrian": 0, "bicycle": 0, "density": 0.2, "year_range": "unknown"}}, {"type": "Feature", "geometry": {"type": "Point", "coordinates": [-85.686486, 38.196396]}, "properties": {"crashes": 1, "injury": 0, "fatal": 0, "pedestrian": 0, "bicycle": 0, "density": 0.2, "year_range": "unknown"}}, {"type": "Feature", "geometry": {"type": "Point", "coordinates": [-85.823423, 38.252252]}, "properties": {"crashes": 1, "injury": 0, "fatal": 0, "pedestrian": 0, "bicycle": 0, "density": 0.2, "year_range": "unknown"}}, {"type": "Feature", "geometry": {"type": "Point", "coordinates": [-85.562162, 38.095495]}, "properties": {"crashes": 1, "injury": 0, "fatal": 0, "pedestrian": 0, "bicycle": 0, "density": 0.2, "year_range": "unknown"}}, {"type": "Feature", "geometry": {"type": "Point", "coordinates": [-85.821622, 38.254054]}, "properties": {"crashes": 1, "injury": 0, "fatal": 0, "pedestrian": 0, "bicycle": 0, "density": 0.2, "year_range": "unknown"}}, {"type": "Feature", "geometry": {"type": "Point", "coordinates": [-85.816216, 38.232432]}, "properties": {"crashes": 1, "injury": 0, "fatal": 0, "pedestrian": 0, "bicycle": 0, "density": 0.2, "year_range": "unknown"}}, {"type": "Feature", "geometry": {"type": "Point", "coordinates": [-85.845045, 38.144144]}, "properties": {"crashes": 2, "injury": 0, "fatal": 0, "pedestrian": 0, "bicycle": 0, "density": 0.5, "year_range": "unknown"}}, {"type": "Feature", "geometry": {"type": "Point", "coordinates": [-85.783784, 38.2]}, "properties": {"crashes": 1, "injury": 0, "fatal": 0, "pedestrian": 0, "bicycle": 0, "density": 0.2, "year_range": "unknown"}}, {"type": "Feature", "geometry": {"type": "Point", "coordinates": [-85.787387, 38.259459]}, "properties": {"crashes": 2, "injury": 0, "fatal": 0, "pedestrian": 0, "bicycle": 0, "density": 0.5, "year_range": "unknown"}}, {"type": "Feature", "geometry": {"type": "Point", "coordinates": [-85.625225, 38.234234]}, "properties": {"crashes": 2, "injury": 0, "fatal": 0, "pedestrian": 0, "bicycle": 0, "density": 0.5, "year_range": "unknown"}}, {"type": "Feature", "geometry": {"type": "Point", "coordinates": [-85.661261, 38.194595]}, "properties": {"crashes": 1, "injury": 0, "fatal": 0, "pedestrian": 0, "bicycle": 0, "density": 0.2, "year_range": "unknown"}}, {"type": "Feature", "geometry": {"type": "Point", "coordinates": [-85.706306, 38.194595]}, "properties": {"crashes": 5, "injury": 0, "fatal": 0, "pedestrian": 0, "bicycle": 0, "density": 1.2, "year_range": "unknown"}}, {"type": "Feature", "geometry": {"type": "Point", "coordinates": [-85.785586, 38.18018]}, "properties": {"crashes": 3, "injury": 0, "fatal": 0, "pedestrian": 0, "bicycle": 0, "density": 0.8, "year_range": "unknown"}}, {"type": "Feature", "geometry": {"type": "Point", "coordinates": [-85.648649, 38.288288]}, "properties": {"crashes": 2, "injury": 0, "fatal": 0, "pedestrian": 0, "bicycle": 0, "density": 0.5, "year_range": "unknown"}}, {"type": "Feature", "geometry": {"type": "Point", "coordinates": [-85.625225, 38.246847]}, "properties": {"crashes": 1, "injury": 0, "fatal": 0, "pedestrian": 0, "bicycle": 0, "density": 0.2, "year_range": "unknown"}}, {"type": "Feature", "geometry": {"type": "Point", "coordinates": [-85.798198, 38.259459]}, "properties": {"crashes": 4, "injury": 0, "fatal": 0, "pedestrian": 0, "bicycle": 0, "density": 1.0, "year_range": "unknown"}}, {"type": "Feature", "geometry": {"type": "Point", "coordinates": [-85.790991, 38.227027]}, "properties": {"crashes": 7, "injury": 0, "fatal": 0, "pedestrian": 0, "bicycle": 0, "density": 1.8, "year_range": "unknown"}}, {"type": "Feature", "geometry": {"type": "Point", "coordinates": [-85.596396, 38.176577]}, "properties": {"crashes": 1, "injury": 0, "fatal": 0, "pedestrian": 0, "bicycle": 0, "density": 0.2, "year_range": "unknown"}}, {"type": "Feature", "geometry": {"type": "Point", "coordinates": [-85.715315, 38.232432]}, "properties": {"crashes": 2, "injury": 0, "fatal": 0, "pedestrian": 0, "bicycle": 0, "density": 0.5, "year_range": "unknown"}}, {"type": "Feature", "geometry": {"type": "Point", "coordinates": [-85.926126, 38.014414]}, "properties": {"crashes": 1, "injury": 0, "fatal": 0, "pedestrian": 0, "bicycle": 0, "density": 0.2, "year_range": "unknown"}}, {"type": "Feature", "geometry": {"type": "Point", "coordinates": [-85.693694, 38.281081]}, "properties": {"crashes": 1, "injury": 0, "fatal": 0, "pedestrian": 0, "bicycle": 0, "density": 0.2, "year_range": "unknown"}}, {"type": "Feature", "geometry": {"type": "Point", "coordinates": [-85.502703, 38.252252]}, "properties": {"crashes": 1, "injury": 0, "fatal": 0, "pedestrian": 0, "bicycle": 0, "density": 0.2, "year_range": "unknown"}}, {"type": "Feature", "geometry": {"type": "Point", "coordinates": [-85.76036, 38.252252]}, "properties": {"crashes": 2, "injury": 0, "fatal": 0, "pedestrian": 0, "bicycle": 0, "density": 0.5, "year_range": "unknown"}}, {"type": "Feature", "geometry": {"type": "Point", "coordinates": [-85.704505, 38.165766]}, "properties": {"crashes": 1, "injury": 0, "fatal": 0, "pedestrian": 0, "bicycle": 0, "density": 0.2, "year_range": "unknown"}}, {"type": "Feature", "geometry": {"type": "Point", "coordinates": [-85.798198, 38.185586]}, "properties": {"crashes": 1, "injury": 0, "fatal": 0, "pedestrian": 0, "bicycle": 0, "density": 0.2, "year_range": "unknown"}}, {"type": "Feature", "geometry": {"type": "Point", "coordinates": [-85.693694, 38.12973]}, "properties": {"crashes": 1, "injury": 0, "fatal": 0, "pedestrian": 0, "bicycle": 0, "density": 0.2, "year_range": "unknown"}}, {"type": "Feature", "geometry": {"type": "Point", "coordinates": [-85.769369, 38.082883]}, "properties": {"crashes": 1, "injury": 0, "fatal": 0, "pedestrian": 0, "bicycle": 0, "density": 0.2, "year_range": "unknown"}}, {"type": "Feature", "geometry": {"type": "Point", "coordinates": [-85.763964, 38.172973]}, "properties": {"crashes": 3, "injury": 0, "fatal": 0, "pedestrian": 0, "bicycle": 0, "density": 0.8, "year_range": "unknown"}}, {"type": "Feature", "geometry": {"type": "Point", "coordinates": [-85.520721, 38.304505]}, "properties": {"crashes": 1, "injury": 0, "fatal": 0, "pedestrian": 0, "bicycle": 0, "density": 0.2, "year_range": "unknown"}}, {"type": "Feature", "geometry": {"type": "Point", "coordinates": [-85.502703, 38.255856]}, "properties": {"crashes": 1, "injury": 0, "fatal": 0, "pedestrian": 0, "bicycle": 0, "density": 0.2, "year_range": "unknown"}}, {"type": "Feature", "geometry": {"type": "Point", "coordinates": [-85.704505, 38.230631]}, "properties": {"crashes": 1, "injury": 0, "fatal": 0, "pedestrian": 0, "bicycle": 0, "density": 0.2, "year_range": "unknown"}}, {"type": "Feature", "geometry": {"type": "Point", "coordinates": [-85.78018, 38.230631]}, "properties": {"crashes": 1, "injury": 0, "fatal": 0, "pedestrian": 0, "bicycle": 0, "density": 0.2, "year_range": "unknown"}}, {"type": "Feature", "geometry": {"type": "Point", "coordinates": [-85.654054, 38.293694]}, "properties": {"crashes": 1, "injury": 0, "fatal": 0, "pedestrian": 0, "bicycle": 0, "density": 0.2, "year_range": "unknown"}}, {"type": "Feature", "geometry": {"type": "Point", "coordinates": [-85.798198, 38.245045]}, "properties": {"crashes": 2, "injury": 0, "fatal": 0, "pedestrian": 0, "bicycle": 0, "density": 0.5, "year_range": "unknown"}}, {"type": "Feature", "geometry": {"type": "Point", "coordinates": [-85.783784, 38.192793]}, "properties": {"crashes": 3, "injury": 0, "fatal": 0, "pedestrian": 0, "bicycle": 0, "density": 0.8, "year_range": "unknown"}}, {"type": "Feature", "geometry": {"type": "Point", "coordinates": [-85.628829, 38.29009]}, "properties": {"crashes": 1, "injury": 0, "fatal": 0, "pedestrian": 0, "bicycle": 0, "density": 0.2, "year_range": "unknown"}}, {"type": "Feature", "geometry": {"type": "Point", "coordinates": [-85.711712, 38.156757]}, "properties": {"crashes": 3, "injury": 0, "fatal": 0, "pedestrian": 0, "bicycle": 0, "density": 0.8, "year_range": "unknown"}}, {"type": "Feature", "geometry": {"type": "Point", "coordinates": [-85.785586, 38.214414]}, "properties": {"crashes": 1, "injury": 0, "fatal": 0, "pedestrian": 0, "bicycle": 0, "density": 0.2, "year_range": "unknown"}}, {"type": "Feature", "geometry": {"type": "Point", "coordinates": [-85.547748, 38.297297]}, "properties": {"crashes": 4, "injury": 0, "fatal": 0, "pedestrian": 0, "bicycle": 0, "density": 1.0, "year_range": "unknown"}}, {"type": "Feature", "geometry": {"type": "Point", "coordinates": [-85.81982, 38.176577]}, "properties": {"crashes": 2, "injury": 0, "fatal": 0, "pedestrian": 0, "bicycle": 0, "density": 0.5, "year_range": "unknown"}}, {"type": "Feature", "geometry": {"type": "Point", "coordinates": [-85.713514, 38.190991]}, "properties": {"crashes": 1, "injury": 0, "fatal": 0, "pedestrian": 0, "bicycle": 0, "density": 0.2, "year_range": "unknown"}}, {"type": "Feature", "geometry": {"type": "Point", "coordinates": [-85.500901, 38.282883]}, "properties": {"crashes": 1, "injury": 0, "fatal": 0, "pedestrian": 0, "bicycle": 0, "density": 0.2, "year_range": "unknown"}}, {"type": "Feature", "geometry": {"type": "Point", "coordinates": [-85.81982, 38.117117]}, "properties": {"crashes": 2, "injury": 0, "fatal": 0, "pedestrian": 0, "bicycle": 0, "density": 0.5, "year_range": "unknown"}}, {"type": "Feature", "geometry": {"type": "Point", "coordinates": [-85.717117, 38.12973]}, "properties": {"crashes": 1, "injury": 0, "fatal": 0, "pedestrian": 0, "bicycle": 0, "density": 0.2, "year_range": "unknown"}}, {"type": "Feature", "geometry": {"type": "Point", "coordinates": [-85.790991, 38.245045]}, "properties": {"crashes": 2, "injury": 0, "fatal": 0, "pedestrian": 0, "bicycle": 0, "density": 0.5, "year_range": "unknown"}}, {"type": "Feature", "geometry": {"type": "Point", "coordinates": [-85.794595, 38.113514]}, "properties": {"crashes": 4, "injury": 0, "fatal": 0, "pedestrian": 0, "bicycle": 0, "density": 1.0, "year_range": "unknown"}}, {"type": "Feature", "geometry": {"type": "Point", "coordinates": [-85.601802, 38.257658]}, "properties": {"crashes": 1, "injury": 0, "fatal": 0, "pedestrian": 0, "bicycle": 0, "density": 0.2, "year_range": "unknown"}}, {"type": "Feature", "geometry": {"type": "Point", "coordinates": [-85.794595, 38.259459]}, "properties": {"crashes": 4, "injury": 0, "fatal": 0, "pedestrian": 0, "bicycle": 0, "density": 1.0, "year_range": "unknown"}}, {"type": "Feature", "geometry": {"type": "Point", "coordinates": [-85.663063, 38.176577]}, "properties": {"crashes": 1, "injury": 0, "fatal": 0, "pedestrian": 0, "bicycle": 0, "density": 0.2, "year_range": "unknown"}}, {"type": "Feature", "geometry": {"type": "Point", "coordinates": [-85.747748, 38.259459]}, "properties": {"crashes": 1, "injury": 0, "fatal": 0, "pedestrian": 0, "bicycle": 0, "density": 0.2, "year_range": "unknown"}}, {"type": "Feature", "geometry": {"type": "Point", "coordinates": [-85.562162, 38.241441]}, "properties": {"crashes": 1, "injury": 0, "fatal": 0, "pedestrian": 0, "bicycle": 0, "density": 0.2, "year_range": "unknown"}}, {"type": "Feature", "geometry": {"type": "Point", "coordinates": [-85.772973, 38.252252]}, "properties": {"crashes": 3, "injury": 0, "fatal": 0, "pedestrian": 0, "bicycle": 0, "density": 0.8, "year_range": "unknown"}}, {"type": "Feature", "geometry": {"type": "Point", "coordinates": [-85.763964, 38.189189]}, "properties": {"crashes": 1, "injury": 0, "fatal": 0, "pedestrian": 0, "bicycle": 0, "density": 0.2, "year_range": "unknown"}}, {"type": "Feature", "geometry": {"type": "Point", "coordinates": [-85.733333, 38.243243]}, "properties": {"crashes": 1, "injury": 0, "fatal": 0, "pedestrian": 0, "bicycle": 0, "density": 0.2, "year_range": "unknown"}}, {"type": "Feature", "geometry": {"type": "Point", "coordinates": [-85.621622, 38.25045]}, "properties": {"crashes": 1, "injury": 0, "fatal": 0, "pedestrian": 0, "bicycle": 0, "density": 0.2, "year_range": "unknown"}}, {"type": "Feature", "geometry": {"type": "Point", "coordinates": [-85.562162, 38.190991]}, "properties": {"crashes": 1, "injury": 0, "fatal": 0, "pedestrian": 0, "bicycle": 0, "density": 0.2, "year_range": "unknown"}}, {"type": "Feature", "geometry": {"type": "Point", "coordinates": [-85.679279, 38.10991]}, "properties": {"crashes": 3, "injury": 0, "fatal": 0, "pedestrian": 0, "bicycle": 0, "density": 0.8, "year_range": "unknown"}}, {"type": "Feature", "geometry": {"type": "Point", "coordinates": [-85.792793, 38.264865]}, "properties": {"crashes": 1, "injury": 0, "fatal": 0, "pedestrian": 0, "bicycle": 0, "density": 0.2, "year_range": "unknown"}}, {"type": "Feature", "geometry": {"type": "Point", "coordinates": [-85.87027, 38.054054]}, "properties": {"crashes": 1, "injury": 0, "fatal": 0, "pedestrian": 0, "bicycle": 0, "density": 0.2, "year_range": "unknown"}}, {"type": "Feature", "geometry": {"type": "Point", "coordinates": [-85.565766, 38.273874]}, "properties": {"crashes": 1, "injury": 0, "fatal": 0, "pedestrian": 0, "bicycle": 0, "density": 0.2, "year_range": "unknown"}}, {"type": "Feature", "geometry": {"type": "Point", "coordinates": [-85.52973, 38.156757]}, "properties": {"crashes": 1, "injury": 0, "fatal": 0, "pedestrian": 0, "bicycle": 0, "density": 0.2, "year_range": "unknown"}}, {"type": "Feature", "geometry": {"type": "Point", "coordinates": [-85.664865, 38.214414]}, "properties": {"crashes": 2, "injury": 0, "fatal": 0, "pedestrian": 0, "bicycle": 0, "density": 0.5, "year_range": "unknown"}}, {"type": "Feature", "geometry": {"type": "Point", "coordinates": [-85.601802, 38.268468]}, "properties": {"crashes": 2, "injury": 0, "fatal": 0, "pedestrian": 0, "bicycle": 0, "density": 0.5, "year_range": "unknown"}}, {"type": "Feature", "geometry": {"type": "Point", "coordinates": [-85.772973, 38.246847]}, "properties": {"crashes": 1, "injury": 0, "fatal": 0, "pedestrian": 0, "bicycle": 0, "density": 0.2, "year_range": "unknown"}}, {"type": "Feature", "geometry": {"type": "Point", "coordinates": [-85.556757, 38.302703]}, "properties": {"crashes": 1, "injury": 0, "fatal": 0, "pedestrian": 0, "bicycle": 0, "density": 0.2, "year_range": "unknown"}}, {"type": "Feature", "geometry": {"type": "Point", "coordinates": [-85.778378, 38.23964]}, "properties": {"crashes": 2, "injury": 0, "fatal": 0, "pedestrian": 0, "bicycle": 0, "density": 0.5, "year_range": "unknown"}}, {"type": "Feature", "geometry": {"type": "Point", "coordinates": [-85.825225, 38.263063]}, "properties": {"crashes": 5, "injury": 0, "fatal": 0, "pedestrian": 0, "bicycle": 0, "density": 1.2, "year_range": "unknown"}}, {"type": "Feature", "geometry": {"type": "Point", "coordinates": [-85.8, 38.192793]}, "properties": {"crashes": 1, "injury": 0, "fatal": 0, "pedestrian": 0, "bicycle": 0, "density": 0.2, "year_range": "unknown"}}, {"type": "Feature", "geometry": {"type": "Point", "coordinates": [-85.700901, 38.09009]}, "properties": {"crashes": 4, "injury": 0, "fatal": 0, "pedestrian": 0, "bicycle": 0, "density": 1.0, "year_range": "unknown"}}, {"type": "Feature", "geometry": {"type": "Point", "coordinates": [-85.751351, 38.218018]}, "properties": {"crashes": 1, "injury": 0, "fatal": 0, "pedestrian": 0, "bicycle": 0, "density": 0.2, "year_range": "unknown"}}, {"type": "Feature", "geometry": {"type": "Point", "coordinates": [-85.783784, 38.261261]}, "properties": {"crashes": 2, "injury": 0, "fatal": 0, "pedestrian": 0, "bicycle": 0, "density": 0.5, "year_range": "unknown"}}, {"type": "Feature", "geometry": {"type": "Point", "coordinates": [-85.486486, 38.293694]}, "properties": {"crashes": 1, "injury": 0, "fatal": 0, "pedestrian": 0, "bicycle": 0, "density": 0.2, "year_range": "unknown"}}, {"type": "Feature", "geometry": {"type": "Point", "coordinates": [-85.643243, 38.138739]}, "properties": {"crashes": 1, "injury": 0, "fatal": 0, "pedestrian": 0, "bicycle": 0, "density": 0.2, "year_range": "unknown"}}, {"type": "Feature", "geometry": {"type": "Point", "coordinates": [-85.666667, 38.183784]}, "properties": {"crashes": 1, "injury": 0, "fatal": 0, "pedestrian": 0, "bicycle": 0, "density": 0.2, "year_range": "unknown"}}, {"type": "Feature", "geometry": {"type": "Point", "coordinates": [-85.574775, 38.317117]}, "properties": {"crashes": 2, "injury": 0, "fatal": 0, "pedestrian": 0, "bicycle": 0, "density": 0.5, "year_range": "unknown"}}, {"type": "Feature", "geometry": {"type": "Point", "coordinates": [-85.583784, 38.185586]}, "properties": {"crashes": 1, "injury": 0, "fatal": 0, "pedestrian": 0, "bicycle": 0, "density": 0.2, "year_range": "unknown"}}, {"type": "Feature", "geometry": {"type": "Point", "coordinates": [-85.807207, 38.254054]}, "properties": {"crashes": 5, "injury": 0, "fatal": 0, "pedestrian": 0, "bicycle": 0, "density": 1.2, "year_range": "unknown"}}, {"type": "Feature", "geometry": {"type": "Point", "coordinates": [-85.823423, 38.268468]}, "properties": {"crashes": 2, "injury": 0, "fatal": 0, "pedestrian": 0, "bicycle": 0, "density": 0.5, "year_range": "unknown"}}, {"type": "Feature", "geometry": {"type": "Point", "coordinates": [-85.801802, 38.230631]}, "properties": {"crashes": 1, "injury": 0, "fatal": 0, "pedestrian": 0, "bicycle": 0, "density": 0.2, "year_range": "unknown"}}, {"type": "Feature", "geometry": {"type": "Point", "coordinates": [-85.717117, 38.257658]}, "properties": {"crashes": 1, "injury": 0, "fatal": 0, "pedestrian": 0, "bicycle": 0, "density": 0.2, "year_range": "unknown"}}, {"type": "Feature", "geometry": {"type": "Point", "coordinates": [-85.868468, 38.172973]}, "properties": {"crashes": 2, "injury": 0, "fatal": 0, "pedestrian": 0, "bicycle": 0, "density": 0.5, "year_range": "unknown"}}, {"type": "Feature", "geometry": {"type": "Point", "coordinates": [-85.78018, 38.167568]}, "properties": {"crashes": 1, "injury": 0, "fatal": 0, "pedestrian": 0, "bicycle": 0, "density": 0.2, "year_range": "unknown"}}, {"type": "Feature", "geometry": {"type": "Point", "coordinates": [-85.67027, 38.2]}, "properties": {"crashes": 1, "injury": 0, "fatal": 0, "pedestrian": 0, "bicycle": 0, "density": 0.2, "year_range": "unknown"}}, {"type": "Feature", "geometry": {"type": "Point", "coordinates": [-85.684685, 38.2]}, "properties": {"crashes": 3, "injury": 0, "fatal": 0, "pedestrian": 0, "bicycle": 0, "density": 0.8, "year_range": "unknown"}}, {"type": "Feature", "geometry": {"type": "Point", "coordinates": [-85.652252, 38.248649]}, "properties": {"crashes": 1, "injury": 0, "fatal": 0, "pedestrian": 0, "bicycle": 0, "density": 0.2, "year_range": "unknown"}}, {"type": "Feature", "geometry": {"type": "Point", "coordinates": [-85.616216, 38.117117]}, "properties": {"crashes": 1, "injury": 0, "fatal": 0, "pedestrian": 0, "bicycle": 0, "density": 0.2, "year_range": "unknown"}}, {"type": "Feature", "geometry": {"type": "Point", "coordinates": [-85.585586, 38.218018]}, "properties": {"crashes": 1, "injury": 0, "fatal": 0, "pedestrian": 0, "bicycle": 0, "density": 0.2, "year_range": "unknown"}}, {"type": "Feature", "geometry": {"type": "Point", "coordinates": [-85.722523, 38.225225]}, "properties": {"crashes": 2, "injury": 0, "fatal": 0, "pedestrian": 0, "bicycle": 0, "density": 0.5, "year_range": "unknown"}}, {"type": "Feature", "geometry": {"type": "Point", "coordinates": [-85.857658, 38.144144]}, "properties": {"crashes": 1, "injury": 0, "fatal": 0, "pedestrian": 0, "bicycle": 0, "density": 0.2, "year_range": "unknown"}}, {"type": "Feature", "geometry": {"type": "Point", "coordinates": [-85.497297, 38.104505]}, "properties": {"crashes": 1, "injury": 0, "fatal": 0, "pedestrian": 0, "bicycle": 0, "density": 0.2, "year_range": "unknown"}}, {"type": "Feature", "geometry": {"type": "Point", "coordinates": [-85.634234, 38.214414]}, "properties": {"crashes": 1, "injury": 0, "fatal": 0, "pedestrian": 0, "bicycle": 0, "density": 0.2, "year_range": "unknown"}}, {"type": "Feature", "geometry": {"type": "Point", "coordinates": [-85.821622, 38.218018]}, "properties": {"crashes": 2, "injury": 0, "fatal": 0, "pedestrian": 0, "bicycle": 0, "density": 0.5, "year_range": "unknown"}}, {"type": "Feature", "geometry": {"type": "Point", "coordinates": [-85.735135, 38.189189]}, "properties": {"crashes": 3, "injury": 0, "fatal": 0, "pedestrian": 0, "bicycle": 0, "density": 0.8, "year_range": "unknown"}}, {"type": "Feature", "geometry": {"type": "Point", "coordinates": [-85.452252, 38.21982]}, "properties": {"crashes": 1, "injury": 0, "fatal": 0, "pedestrian": 0, "bicycle": 0, "density": 0.2, "year_range": "unknown"}}, {"type": "Feature", "geometry": {"type": "Point", "coordinates": [-85.704505, 38.255856]}, "properties": {"crashes": 1, "injury": 0, "fatal": 0, "pedestrian": 0, "bicycle": 0, "density": 0.2, "year_range": "unknown"}}, {"type": "Feature", "geometry": {"type": "Point", "coordinates": [-85.8, 38.223423]}, "properties": {"crashes": 2, "injury": 0, "fatal": 0, "pedestrian": 0, "bicycle": 0, "density": 0.5, "year_range": "unknown"}}, {"type": "Feature", "geometry": {"type": "Point", "coordinates": [-85.809009, 38.172973]}, "properties": {"crashes": 1, "injury": 0, "fatal": 0, "pedestrian": 0, "bicycle": 0, "density": 0.2, "year_range": "unknown"}}, {"type": "Feature", "geometry": {"type": "Point", "coordinates": [-85.740541, 38.120721]}, "properties": {"crashes": 1, "injury": 0, "fatal": 0, "pedestrian": 0, "bicycle": 0, "density": 0.2, "year_range": "unknown"}}, {"type": "Feature", "geometry": {"type": "Point", "coordinates": [-85.646847, 38.203604]}, "properties": {"crashes": 1, "injury": 0, "fatal": 0, "pedestrian": 0, "bicycle": 0, "density": 0.2, "year_range": "unknown"}}, {"type": "Feature", "geometry": {"type": "Point", "coordinates": [-85.756757, 38.255856]}, "properties": {"crashes": 2, "injury": 0, "fatal": 0, "pedestrian": 0, "bicycle": 0, "density": 0.5, "year_range": "unknown"}}, {"type": "Feature", "geometry": {"type": "Point", "coordinates": [-85.796396, 38.237838]}, "properties": {"crashes": 5, "injury": 0, "fatal": 0, "pedestrian": 0, "bicycle": 0, "density": 1.2, "year_range": "unknown"}}, {"type": "Feature", "geometry": {"type": "Point", "coordinates": [-85.863063, 38.165766]}, "properties": {"crashes": 1, "injury": 0, "fatal": 0, "pedestrian": 0, "bicycle": 0, "density": 0.2, "year_range": "unknown"}}, {"type": "Feature", "geometry": {"type": "Point", "coordinates": [-85.744144, 38.246847]}, "properties": {"crashes": 2, "injury": 0, "fatal": 0, "pedestrian": 0, "bicycle": 0, "density": 0.5, "year_range": "unknown"}}, {"type": "Feature", "geometry": {"type": "Point", "coordinates": [-85.875676, 38.093694]}, "properties": {"crashes": 8, "injury": 0, "fatal": 0, "pedestrian": 0, "bicycle": 0, "density": 2.0, "year_range": "unknown"}}, {"type": "Feature", "geometry": {"type": "Point", "coordinates": [-85.827027, 38.190991]}, "properties": {"crashes": 1, "injury": 0, "fatal": 0, "pedestrian": 0, "bicycle": 0, "density": 0.2, "year_range": "unknown"}}, {"type": "Feature", "geometry": {"type": "Point", "coordinates": [-85.827027, 38.227027]}, "properties": {"crashes": 1, "injury": 0, "fatal": 0, "pedestrian": 0, "bicycle": 0, "density": 0.2, "year_range": "unknown"}}, {"type": "Feature", "geometry": {"type": "Point", "coordinates": [-85.713514, 38.163964]}, "properties": {"crashes": 1, "injury": 0, "fatal": 0, "pedestrian": 0, "bicycle": 0, "density": 0.2, "year_range": "unknown"}}, {"type": "Feature", "geometry": {"type": "Point", "coordinates": [-85.724324, 38.237838]}, "properties": {"crashes": 1, "injury": 0, "fatal": 0, "pedestrian": 0, "bicycle": 0, "density": 0.2, "year_range": "unknown"}}, {"type": "Feature", "geometry": {"type": "Point", "coordinates": [-85.587387, 38.327928]}, "properties": {"crashes": 1, "injury": 0, "fatal": 0, "pedestrian": 0, "bicycle": 0, "density": 0.2, "year_range": "unknown"}}, {"type": "Feature", "geometry": {"type": "Point", "coordinates": [-85.785586, 38.266667]}, "properties": {"crashes": 2, "injury": 0, "fatal": 0, "pedestrian": 0, "bicycle": 0, "density": 0.5, "year_range": "unknown"}}, {"type": "Feature", "geometry": {"type": "Point", "coordinates": [-85.708108, 38.237838]}, "properties": {"crashes": 1, "injury": 0, "fatal": 0, "pedestrian": 0, "bicycle": 0, "density": 0.2, "year_range": "unknown"}}, {"type": "Feature", "geometry": {"type": "Point", "coordinates": [-85.794595, 38.216216]}, "properties": {"crashes": 7, "injury": 0, "fatal": 0, "pedestrian": 0, "bicycle": 0, "density": 1.8, "year_range": "unknown"}}, {"type": "Feature", "geometry": {"type": "Point", "coordinates": [-85.691892, 38.158559]}, "properties": {"crashes": 1, "injury": 0, "fatal": 0, "pedestrian": 0, "bicycle": 0, "density": 0.2, "year_range": "unknown"}}, {"type": "Feature", "geometry": {"type": "Point", "coordinates": [-85.58018, 38.136937]}, "properties": {"crashes": 1, "injury": 0, "fatal": 0, "pedestrian": 0, "bicycle": 0, "density": 0.2, "year_range": "unknown"}}, {"type": "Feature", "geometry": {"type": "Point", "coordinates": [-85.711712, 38.234234]}, "properties": {"crashes": 2, "injury": 0, "fatal": 0, "pedestrian": 0, "bicycle": 0, "density": 0.5, "year_range": "unknown"}}, {"type": "Feature", "geometry": {"type": "Point", "coordinates": [-85.828829, 38.169369]}, "properties": {"crashes": 6, "injury": 0, "fatal": 0, "pedestrian": 0, "bicycle": 0, "density": 1.5, "year_range": "unknown"}}, {"type": "Feature", "geometry": {"type": "Point", "coordinates": [-85.610811, 38.273874]}, "properties": {"crashes": 2, "injury": 0, "fatal": 0, "pedestrian": 0, "bicycle": 0, "density": 0.5, "year_range": "unknown"}}, {"type": "Feature", "geometry": {"type": "Point", "coordinates": [-85.708108, 38.169369]}, "properties": {"crashes": 2, "injury": 0, "fatal": 0, "pedestrian": 0, "bicycle": 0, "density": 0.5, "year_range": "unknown"}}, {"type": "Feature", "geometry": {"type": "Point", "coordinates": [-85.753153, 38.138739]}, "properties": {"crashes": 1, "injury": 0, "fatal": 0, "pedestrian": 0, "bicycle": 0, "density": 0.2, "year_range": "unknown"}}, {"type": "Feature", "geometry": {"type": "Point", "coordinates": [-85.868468, 38.136937]}, "properties": {"crashes": 1, "injury": 0, "fatal": 0, "pedestrian": 0, "bicycle": 0, "density": 0.2, "year_range": "unknown"}}, {"type": "Feature", "geometry": {"type": "Point", "coordinates": [-85.596396, 38.205405]}, "properties": {"crashes": 1, "injury": 0, "fatal": 0, "pedestrian": 0, "bicycle": 0, "density": 0.2, "year_range": "unknown"}}, {"type": "Feature", "geometry": {"type": "Point", "coordinates": [-85.630631, 38.326126]}, "properties": {"crashes": 1, "injury": 0, "fatal": 0, "pedestrian": 0, "bicycle": 0, "density": 0.2, "year_range": "unknown"}}, {"type": "Feature", "geometry": {"type": "Point", "coordinates": [-85.789189, 38.252252]}, "properties": {"crashes": 1, "injury": 0, "fatal": 0, "pedestrian": 0, "bicycle": 0, "density": 0.2, "year_range": "unknown"}}, {"type": "Feature", "geometry": {"type": "Point", "coordinates": [-85.801802, 38.196396]}, "properties": {"crashes": 3, "injury": 0, "fatal": 0, "pedestrian": 0, "bicycle": 0, "density": 0.8, "year_range": "unknown"}}, {"type": "Feature", "geometry": {"type": "Point", "coordinates": [-85.744144, 38.237838]}, "properties": {"crashes": 1, "injury": 0, "fatal": 0, "pedestrian": 0, "bicycle": 0, "density": 0.2, "year_range": "unknown"}}, {"type": "Feature", "geometry": {"type": "Point", "coordinates": [-85.556757, 38.142342]}, "properties": {"crashes": 1, "injury": 0, "fatal": 0, "pedestrian": 0, "bicycle": 0, "density": 0.2, "year_range": "unknown"}}, {"type": "Feature", "geometry": {"type": "Point", "coordinates": [-85.74955, 38.126126]}, "properties": {"crashes": 4, "injury": 0, "fatal": 0, "pedestrian": 0, "bicycle": 0, "density": 1.0, "year_range": "unknown"}}, {"type": "Feature", "geometry": {"type": "Point", "coordinates": [-85.679279, 38.194595]}, "properties": {"crashes": 2, "injury": 0, "fatal": 0, "pedestrian": 0, "bicycle": 0, "density": 0.5, "year_range": "unknown"}}, {"type": "Feature", "geometry": {"type": "Point", "coordinates": [-85.765766, 38.151351]}, "properties": {"crashes": 1, "injury": 0, "fatal": 0, "pedestrian": 0, "bicycle": 0, "density": 0.2, "year_range": "unknown"}}, {"type": "Feature", "geometry": {"type": "Point", "coordinates": [-85.733333, 38.2]}, "properties": {"crashes": 2, "injury": 0, "fatal": 0, "pedestrian": 0, "bicycle": 0, "density": 0.5, "year_range": "unknown"}}, {"type": "Feature", "geometry": {"type": "Point", "coordinates": [-85.753153, 38.257658]}, "properties": {"crashes": 3, "injury": 0, "fatal": 0, "pedestrian": 0, "bicycle": 0, "density": 0.8, "year_range": "unknown"}}, {"type": "Feature", "geometry": {"type": "Point", "coordinates": [-85.603604, 38.232432]}, "properties": {"crashes": 1, "injury": 0, "fatal": 0, "pedestrian": 0, "bicycle": 0, "density": 0.2, "year_range": "unknown"}}, {"type": "Feature", "geometry": {"type": "Point", "coordinates": [-85.801802, 38.192793]}, "properties": {"crashes": 1, "injury": 0, "fatal": 0, "pedestrian": 0, "bicycle": 0, "density": 0.2, "year_range": "unknown"}}, {"type": "Feature", "geometry": {"type": "Point", "coordinates": [-85.652252, 38.241441]}, "properties": {"crashes": 1, "injury": 0, "fatal": 0, "pedestrian": 0, "bicycle": 0, "density": 0.2, "year_range": "unknown"}}, {"type": "Feature", "geometry": {"type": "Point", "coordinates": [-85.812613, 38.117117]}, "properties": {"crashes": 2, "injury": 0, "fatal": 0, "pedestrian": 0, "bicycle": 0, "density": 0.5, "year_range": "unknown"}}, {"type": "Feature", "geometry": {"type": "Point", "coordinates": [-85.63964, 38.243243]}, "properties": {"crashes": 1, "injury": 0, "fatal": 0, "pedestrian": 0, "bicycle": 0, "density": 0.2, "year_range": "unknown"}}, {"type": "Feature", "geometry": {"type": "Point", "coordinates": [-85.893694, 38.162162]}, "properties": {"crashes": 1, "injury": 0, "fatal": 0, "pedestrian": 0, "bicycle": 0, "density": 0.2, "year_range": "unknown"}}, {"type": "Feature", "geometry": {"type": "Point", "coordinates": [-85.830631, 38.165766]}, "properties": {"crashes": 1, "injury": 0, "fatal": 0, "pedestrian": 0, "bicycle": 0, "density": 0.2, "year_range": "unknown"}}, {"type": "Feature", "geometry": {"type": "Point", "coordinates": [-85.603604, 38.230631]}, "properties": {"crashes": 3, "injury": 0, "fatal": 0, "pedestrian": 0, "bicycle": 0, "density": 0.8, "year_range": "unknown"}}, {"type": "Feature", "geometry": {"type": "Point", "coordinates": [-85.812613, 38.194595]}, "properties": {"crashes": 2, "injury": 0, "fatal": 0, "pedestrian": 0, "bicycle": 0, "density": 0.5, "year_range": "unknown"}}, {"type": "Feature", "geometry": {"type": "Point", "coordinates": [-85.663063, 38.082883]}, "properties": {"crashes": 1, "injury": 0, "fatal": 0, "pedestrian": 0, "bicycle": 0, "density": 0.2, "year_range": "unknown"}}, {"type": "Feature", "geometry": {"type": "Point", "coordinates": [-85.767568, 38.194595]}, "properties": {"crashes": 2, "injury": 0, "fatal": 0, "pedestrian": 0, "bicycle": 0, "density": 0.5, "year_range": "unknown"}}, {"type": "Feature", "geometry": {"type": "Point", "coordinates": [-85.733333, 38.225225]}, "properties": {"crashes": 1, "injury": 0, "fatal": 0, "pedestrian": 0, "bicycle": 0, "density": 0.2, "year_range": "unknown"}}, {"type": "Feature", "geometry": {"type": "Point", "coordinates": [-85.897297, 38.126126]}, "properties": {"crashes": 2, "injury": 0, "fatal": 0, "pedestrian": 0, "bicycle": 0, "density": 0.5, "year_range": "unknown"}}, {"type": "Feature", "geometry": {"type": "Point", "coordinates": [-85.778378, 38.120721]}, "properties": {"crashes": 1, "injury": 0, "fatal": 0, "pedestrian": 0, "bicycle": 0, "density": 0.2, "year_range": "unknown"}}, {"type": "Feature", "geometry": {"type": "Point", "coordinates": [-85.614414, 38.313514]}, "properties": {"crashes": 1, "injury": 0, "fatal": 0, "pedestrian": 0, "bicycle": 0, "density": 0.2, "year_range": "unknown"}}, {"type": "Feature", "geometry": {"type": "Point", "coordinates": [-85.702703, 38.187387]}, "properties": {"crashes": 1, "injury": 0, "fatal": 0, "pedestrian": 0, "bicycle": 0, "density": 0.2, "year_range": "unknown"}}, {"type": "Feature", "geometry": {"type": "Point", "coordinates": [-85.499099, 38.257658]}, "properties": {"crashes": 1, "injury": 0, "fatal": 0, "pedestrian": 0, "bicycle": 0, "density": 0.2, "year_range": "unknown"}}, {"type": "Feature", "geometry": {"type": "Point", "coordinates": [-85.430631, 38.218018]}, "properties": {"crashes": 2, "injury": 0, "fatal": 0, "pedestrian": 0, "bicycle": 0, "density": 0.5, "year_range": "unknown"}}, {"type": "Feature", "geometry": {"type": "Point", "coordinates": [-85.846847, 38.190991]}, "properties": {"crashes": 1, "injury": 0, "fatal": 0, "pedestrian": 0, "bicycle": 0, "density": 0.2, "year_range": "unknown"}}, {"type": "Feature", "geometry": {"type": "Point", "coordinates": [-85.763964, 38.108108]}, "properties": {"crashes": 1, "injury": 0, "fatal": 0, "pedestrian": 0, "bicycle": 0, "density": 0.2, "year_range": "unknown"}}, {"type": "Feature", "geometry": {"type": "Point", "coordinates": [-85.812613, 38.255856]}, "properties": {"crashes": 2, "injury": 0, "fatal": 0, "pedestrian": 0, "bicycle": 0, "density": 0.5, "year_range": "unknown"}}, {"type": "Feature", "geometry": {"type": "Point", "coordinates": [-85.772973, 38.136937]}, "properties": {"crashes": 3, "injury": 0, "fatal": 0, "pedestrian": 0, "bicycle": 0, "density": 0.8, "year_range": "unknown"}}, {"type": "Feature", "geometry": {"type": "Point", "coordinates": [-85.893694, 38.120721]}, "properties": {"crashes": 1, "injury": 0, "fatal": 0, "pedestrian": 0, "bicycle": 0, "density": 0.2, "year_range": "unknown"}}, {"type": "Feature", "geometry": {"type": "Point", "coordinates": [-85.695495, 38.181982]}, "properties": {"crashes": 1, "injury": 0, "fatal": 0, "pedestrian": 0, "bicycle": 0, "density": 0.2, "year_range": "unknown"}}, {"type": "Feature", "geometry": {"type": "Point", "coordinates": [-85.466667, 38.236036]}, "properties": {"crashes": 2, "injury": 0, "fatal": 0, "pedestrian": 0, "bicycle": 0, "density": 0.5, "year_range": "unknown"}}, {"type": "Feature", "geometry": {"type": "Point", "coordinates": [-85.805405, 38.10991]}, "properties": {"crashes": 1, "injury": 0, "fatal": 0, "pedestrian": 0, "bicycle": 0, "density": 0.2, "year_range": "unknown"}}, {"type": "Feature", "geometry": {"type": "Point", "coordinates": [-85.754955, 38.165766]}, "properties": {"crashes": 1, "injury": 0, "fatal": 0, "pedestrian": 0, "bicycle": 0, "density": 0.2, "year_range": "unknown"}}, {"type": "Feature", "geometry": {"type": "Point", "coordinates": [-85.89009, 38.055856]}, "properties": {"crashes": 4, "injury": 0, "fatal": 0, "pedestrian": 0, "bicycle": 0, "density": 1.0, "year_range": "unknown"}}, {"type": "Feature", "geometry": {"type": "Point", "coordinates": [-85.8, 38.203604]}, "properties": {"crashes": 2, "injury": 0, "fatal": 0, "pedestrian": 0, "bicycle": 0, "density": 0.5, "year_range": "unknown"}}, {"type": "Feature", "geometry": {"type": "Point", "coordinates": [-85.810811, 38.117117]}, "properties": {"crashes": 1, "injury": 0, "fatal": 0, "pedestrian": 0, "bicycle": 0, "density": 0.2, "year_range": "unknown"}}, {"type": "Feature", "geometry": {"type": "Point", "coordinates": [-85.699099, 38.091892]}, "properties": {"crashes": 1, "injury": 0, "fatal": 0, "pedestrian": 0, "bicycle": 0, "density": 0.2, "year_range": "unknown"}}, {"type": "Feature", "geometry": {"type": "Point", "coordinates": [-85.877477, 38.082883]}, "properties": {"crashes": 1, "injury": 0, "fatal": 0, "pedestrian": 0, "bicycle": 0, "density": 0.2, "year_range": "unknown"}}, {"type": "Feature", "geometry": {"type": "Point", "coordinates": [-85.830631, 38.245045]}, "properties": {"crashes": 1, "injury": 0, "fatal": 0, "pedestrian": 0, "bicycle": 0, "density": 0.2, "year_range": "unknown"}}, {"type": "Feature", "geometry": {"type": "Point", "coordinates": [-85.787387, 38.187387]}, "properties": {"crashes": 1, "injury": 0, "fatal": 0, "pedestrian": 0, "bicycle": 0, "density": 0.2, "year_range": "unknown"}}, {"type": "Feature", "geometry": {"type": "Point", "coordinates": [-85.836036, 38.176577]}, "properties": {"crashes": 1, "injury": 0, "fatal": 0, "pedestrian": 0, "bicycle": 0, "density": 0.2, "year_range": "unknown"}}, {"type": "Feature", "geometry": {"type": "Point", "coordinates": [-85.738739, 38.142342]}, "properties": {"crashes": 1, "injury": 0, "fatal": 0, "pedestrian": 0, "bicycle": 0, "density": 0.2, "year_range": "unknown"}}, {"type": "Feature", "geometry": {"type": "Point", "coordinates": [-85.830631, 38.081081]}, "properties": {"crashes": 2, "injury": 0, "fatal": 0, "pedestrian": 0, "bicycle": 0, "density": 0.5, "year_range": "unknown"}}, {"type": "Feature", "geometry": {"type": "Point", "coordinates": [-85.753153, 38.135135]}, "properties": {"crashes": 4, "injury": 0, "fatal": 0, "pedestrian": 0, "bicycle": 0, "density": 1.0, "year_range": "unknown"}}, {"type": "Feature", "geometry": {"type": "Point", "coordinates": [-85.672072, 38.104505]}, "properties": {"crashes": 1, "injury": 0, "fatal": 0, "pedestrian": 0, "bicycle": 0, "density": 0.2, "year_range": "unknown"}}, {"type": "Feature", "geometry": {"type": "Point", "coordinates": [-85.821622, 38.212613]}, "properties": {"crashes": 2, "injury": 0, "fatal": 0, "pedestrian": 0, "bicycle": 0, "density": 0.5, "year_range": "unknown"}}, {"type": "Feature", "geometry": {"type": "Point", "coordinates": [-85.627027, 38.232432]}, "properties": {"crashes": 1, "injury": 0, "fatal": 0, "pedestrian": 0, "bicycle": 0, "density": 0.2, "year_range": "unknown"}}, {"type": "Feature", "geometry": {"type": "Point", "coordinates": [-85.673874, 38.117117]}, "properties": {"crashes": 1, "injury": 0, "fatal": 0, "pedestrian": 0, "bicycle": 0, "density": 0.2, "year_range": "unknown"}}, {"type": "Feature", "geometry": {"type": "Point", "coordinates": [-85.486486, 38.221622]}, "properties": {"crashes": 1, "injury": 0, "fatal": 0, "pedestrian": 0, "bicycle": 0, "density": 0.2, "year_range": "unknown"}}, {"type": "Feature", "geometry": {"type": "Point", "coordinates": [-85.63964, 38.232432]}, "properties": {"crashes": 1, "injury": 0, "fatal": 0, "pedestrian": 0, "bicycle": 0, "density": 0.2, "year_range": "unknown"}}, {"type": "Feature", "geometry": {"type": "Point", "coordinates": [-85.8, 38.228829]}, "properties": {"crashes": 3, "injury": 0, "fatal": 0, "pedestrian": 0, "bicycle": 0, "density": 0.8, "year_range": "unknown"}}, {"type": "Feature", "geometry": {"type": "Point", "coordinates": [-85.720721, 38.16036]}, "properties": {"crashes": 1, "injury": 0, "fatal": 0, "pedestrian": 0, "bicycle": 0, "density": 0.2, "year_range": "unknown"}}, {"type": "Feature", "geometry": {"type": "Point", "coordinates": [-85.567568, 38.142342]}, "properties": {"crashes": 1, "injury": 0, "fatal": 0, "pedestrian": 0, "bicycle": 0, "density": 0.2, "year_range": "unknown"}}, {"type": "Feature", "geometry": {"type": "Point", "coordinates": [-85.771171, 38.248649]}, "properties": {"crashes": 1, "injury": 0, "fatal": 0, "pedestrian": 0, "bicycle": 0, "density": 0.2, "year_range": "unknown"}}, {"type": "Feature", "geometry": {"type": "Point", "coordinates": [-85.789189, 38.232432]}, "properties": {"crashes": 2, "injury": 0, "fatal": 0, "pedestrian": 0, "bicycle": 0, "density": 0.5, "year_range": "unknown"}}, {"type": "Feature", "geometry": {"type": "Point", "coordinates": [-85.747748, 38.120721]}, "properties": {"crashes": 1, "injury": 0, "fatal": 0, "pedestrian": 0, "bicycle": 0, "density": 0.2, "year_range": "unknown"}}, {"type": "Feature", "geometry": {"type": "Point", "coordinates": [-85.587387, 38.281081]}, "properties": {"crashes": 3, "injury": 0, "fatal": 0, "pedestrian": 0, "bicycle": 0, "density": 0.8, "year_range": "unknown"}}, {"type": "Feature", "geometry": {"type": "Point", "coordinates": [-85.821622, 38.151351]}, "properties": {"crashes": 6, "injury": 0, "fatal": 0, "pedestrian": 0, "bicycle": 0, "density": 1.5, "year_range": "unknown"}}, {"type": "Feature", "geometry": {"type": "Point", "coordinates": [-85.753153, 38.225225]}, "properties": {"crashes": 3, "injury": 0, "fatal": 0, "pedestrian": 0, "bicycle": 0, "density": 0.8, "year_range": "unknown"}}, {"type": "Feature", "geometry": {"type": "Point", "coordinates": [-85.545946, 38.327928]}, "properties": {"crashes": 2, "injury": 0, "fatal": 0, "pedestrian": 0, "bicycle": 0, "density": 0.5, "year_range": "unknown"}}, {"type": "Feature", "geometry": {"type": "Point", "coordinates": [-85.545946, 38.243243]}, "properties": {"crashes": 1, "injury": 0, "fatal": 0, "pedestrian": 0, "bicycle": 0, "density": 0.2, "year_range": "unknown"}}, {"type": "Feature", "geometry": {"type": "Point", "coordinates": [-85.769369, 38.261261]}, "properties": {"crashes": 5, "injury": 0, "fatal": 0, "pedestrian": 0, "bicycle": 0, "density": 1.2, "year_range": "unknown"}}, {"type": "Feature", "geometry": {"type": "Point", "coordinates": [-85.65045, 38.29009]}, "properties": {"crashes": 2, "injury": 0, "fatal": 0, "pedestrian": 0, "bicycle": 0, "density": 0.5, "year_range": "unknown"}}, {"type": "Feature", "geometry": {"type": "Point", "coordinates": [-85.659459, 38.306306]}, "properties": {"crashes": 1, "injury": 0, "fatal": 0, "pedestrian": 0, "bicycle": 0, "density": 0.2, "year_range": "unknown"}}, {"type": "Feature", "geometry": {"type": "Point", "coordinates": [-85.681081, 38.140541]}, "properties": {"crashes": 1, "injury": 0, "fatal": 0, "pedestrian": 0, "bicycle": 0, "density": 0.2, "year_range": "unknown"}}, {"type": "Feature", "geometry": {"type": "Point", "coordinates": [-85.679279, 38.156757]}, "properties": {"crashes": 2, "injury": 0, "fatal": 0, "pedestrian": 0, "bicycle": 0, "density": 0.5, "year_range": "unknown"}}, {"type": "Feature", "geometry": {"type": "Point", "coordinates": [-85.58018, 38.313514]}, "properties": {"crashes": 1, "injury": 0, "fatal": 0, "pedestrian": 0, "bicycle": 0, "density": 0.2, "year_range": "unknown"}}, {"type": "Feature", "geometry": {"type": "Point", "coordinates": [-85.54955, 38.326126]}, "properties": {"crashes": 1, "injury": 0, "fatal": 0, "pedestrian": 0, "bicycle": 0, "density": 0.2, "year_range": "unknown"}}, {"type": "Feature", "geometry": {"type": "Point", "coordinates": [-85.78018, 38.257658]}, "properties": {"crashes": 1, "injury": 0, "fatal": 0, "pedestrian": 0, "bicycle": 0, "density": 0.2, "year_range": "unknown"}}, {"type": "Feature", "geometry": {"type": "Point", "coordinates": [-85.682883, 38.12973]}, "properties": {"crashes": 4, "injury": 0, "fatal": 0, "pedestrian": 0, "bicycle": 0, "density": 1.0, "year_range": "unknown"}}, {"type": "Feature", "geometry": {"type": "Point", "coordinates": [-85.751351, 38.221622]}, "properties": {"crashes": 5, "injury": 0, "fatal": 0, "pedestrian": 0, "bicycle": 0, "density": 1.2, "year_range": "unknown"}}, {"type": "Feature", "geometry": {"type": "Point", "coordinates": [-85.776577, 38.172973]}, "properties": {"crashes": 2, "injury": 0, "fatal": 0, "pedestrian": 0, "bicycle": 0, "density": 0.5, "year_range": "unknown"}}, {"type": "Feature", "geometry": {"type": "Point", "coordinates": [-85.805405, 38.237838]}, "properties": {"crashes": 2, "injury": 0, "fatal": 0, "pedestrian": 0, "bicycle": 0, "density": 0.5, "year_range": "unknown"}}, {"type": "Feature", "geometry": {"type": "Point", "coordinates": [-85.893694, 38.104505]}, "properties": {"crashes": 3, "injury": 0, "fatal": 0, "pedestrian": 0, "bicycle": 0, "density": 0.8, "year_range": "unknown"}}, {"type": "Feature", "geometry": {"type": "Point", "coordinates": [-85.751351, 38.246847]}, "properties": {"crashes": 3, "injury": 0, "fatal": 0, "pedestrian": 0, "bicycle": 0, "density": 0.8, "year_range": "unknown"}}, {"type": "Feature", "geometry": {"type": "Point", "coordinates": [-85.78018, 38.227027]}, "properties": {"crashes": 1, "injury": 0, "fatal": 0, "pedestrian": 0, "bicycle": 0, "density": 0.2, "year_range": "unknown"}}, {"type": "Feature", "geometry": {"type": "Point", "coordinates": [-85.717117, 38.210811]}, "properties": {"crashes": 5, "injury": 0, "fatal": 0, "pedestrian": 0, "bicycle": 0, "density": 1.2, "year_range": "unknown"}}, {"type": "Feature", "geometry": {"type": "Point", "coordinates": [-85.778378, 38.241441]}, "properties": {"crashes": 1, "injury": 0, "fatal": 0, "pedestrian": 0, "bicycle": 0, "density": 0.2, "year_range": "unknown"}}, {"type": "Feature", "geometry": {"type": "Point", "coordinates": [-85.863063, 38.163964]}, "properties": {"crashes": 3, "injury": 0, "fatal": 0, "pedestrian": 0, "bicycle": 0, "density": 0.8, "year_range": "unknown"}}, {"type": "Feature", "geometry": {"type": "Point", "coordinates": [-85.765766, 38.196396]}, "properties": {"crashes": 2, "injury": 0, "fatal": 0, "pedestrian": 0, "bicycle": 0, "density": 0.5, "year_range": "unknown"}}, {"type": "Feature", "geometry": {"type": "Point", "coordinates": [-85.704505, 38.156757]}, "properties": {"crashes": 3, "injury": 0, "fatal": 0, "pedestrian": 0, "bicycle": 0, "density": 0.8, "year_range": "unknown"}}, {"type": "Feature", "geometry": {"type": "Point", "coordinates": [-85.627027, 38.25045]}, "properties": {"crashes": 1, "injury": 0, "fatal": 0, "pedestrian": 0, "bicycle": 0, "density": 0.2, "year_range": "unknown"}}, {"type": "Feature", "geometry": {"type": "Point", "coordinates": [-85.756757, 38.23964]}, "properties": {"crashes": 1, "injury": 0, "fatal": 0, "pedestrian": 0, "bicycle": 0, "density": 0.2, "year_range": "unknown"}}, {"type": "Feature", "geometry": {"type": "Point", "coordinates": [-85.578378, 38.317117]}, "properties": {"crashes": 1, "injury": 0, "fatal": 0, "pedestrian": 0, "bicycle": 0, "density": 0.2, "year_range": "unknown"}}, {"type": "Feature", "geometry": {"type": "Point", "coordinates": [-85.722523, 38.09009]}, "properties": {"crashes": 1, "injury": 0, "fatal": 0, "pedestrian": 0, "bicycle": 0, "density": 0.2, "year_range": "unknown"}}, {"type": "Feature", "geometry": {"type": "Point", "coordinates": [-85.827027, 38.201802]}, "properties": {"crashes": 6, "injury": 0, "fatal": 0, "pedestrian": 0, "bicycle": 0, "density": 1.5, "year_range": "unknown"}}, {"type": "Feature", "geometry": {"type": "Point", "coordinates": [-85.513514, 38.223423]}, "properties": {"crashes": 2, "injury": 0, "fatal": 0, "pedestrian": 0, "bicycle": 0, "density": 0.5, "year_range": "unknown"}}, {"type": "Feature", "geometry": {"type": "Point", "coordinates": [-85.769369, 38.18018]}, "properties": {"crashes": 1, "injury": 0, "fatal": 0, "pedestrian": 0, "bicycle": 0, "density": 0.2, "year_range": "unknown"}}, {"type": "Feature", "geometry": {"type": "Point", "coordinates": [-85.589189, 38.154955]}, "properties": {"crashes": 3, "injury": 0, "fatal": 0, "pedestrian": 0, "bicycle": 0, "density": 0.8, "year_range": "unknown"}}, {"type": "Feature", "geometry": {"type": "Point", "coordinates": [-85.920721, 38.01982]}, "properties": {"crashes": 1, "injury": 0, "fatal": 0, "pedestrian": 0, "bicycle": 0, "density": 0.2, "year_range": "unknown"}}, {"type": "Feature", "geometry": {"type": "Point", "coordinates": [-85.708108, 38.176577]}, "properties": {"crashes": 1, "injury": 0, "fatal": 0, "pedestrian": 0, "bicycle": 0, "density": 0.2, "year_range": "unknown"}}, {"type": "Feature", "geometry": {"type": "Point", "coordinates": [-85.434234, 38.21982]}, "properties": {"crashes": 2, "injury": 0, "fatal": 0, "pedestrian": 0, "bicycle": 0, "density": 0.5, "year_range": "unknown"}}, {"type": "Feature", "geometry": {"type": "Point", "coordinates": [-85.848649, 38.120721]}, "properties": {"crashes": 1, "injury": 0, "fatal": 0, "pedestrian": 0, "bicycle": 0, "density": 0.2, "year_range": "unknown"}}, {"type": "Feature", "geometry": {"type": "Point", "coordinates": [-85.574775, 38.228829]}, "properties": {"crashes": 1, "injury": 0, "fatal": 0, "pedestrian": 0, "bicycle": 0, "density": 0.2, "year_range": "unknown"}}, {"type": "Feature", "geometry": {"type": "Point", "coordinates": [-85.827027, 38.185586]}, "properties": {"crashes": 2, "injury": 0, "fatal": 0, "pedestrian": 0, "bicycle": 0, "density": 0.5, "year_range": "unknown"}}, {"type": "Feature", "geometry": {"type": "Point", "coordinates": [-85.852252, 38.178378]}, "properties": {"crashes": 1, "injury": 0, "fatal": 0, "pedestrian": 0, "bicycle": 0, "density": 0.2, "year_range": "unknown"}}, {"type": "Feature", "geometry": {"type": "Point", "coordinates": [-85.585586, 38.315315]}, "properties": {"crashes": 1, "injury": 0, "fatal": 0, "pedestrian": 0, "bicycle": 0, "density": 0.2, "year_range": "unknown"}}, {"type": "Feature", "geometry": {"type": "Point", "coordinates": [-85.796396, 38.214414]}, "properties": {"crashes": 6, "injury": 0, "fatal": 0, "pedestrian": 0, "bicycle": 0, "density": 1.5, "year_range": "unknown"}}, {"type": "Feature", "geometry": {"type": "Point", "coordinates": [-85.601802, 38.165766]}, "properties": {"crashes": 1, "injury": 0, "fatal": 0, "pedestrian": 0, "bicycle": 0, "density": 0.2, "year_range": "unknown"}}, {"type": "Feature", "geometry": {"type": "Point", "coordinates": [-85.472072, 38.236036]}, "properties": {"crashes": 1, "injury": 0, "fatal": 0, "pedestrian": 0, "bicycle": 0, "density": 0.2, "year_range": "unknown"}}, {"type": "Feature", "geometry": {"type": "Point", "coordinates": [-85.648649, 38.102703]}, "properties": {"crashes": 1, "injury": 0, "fatal": 0, "pedestrian": 0, "bicycle": 0, "density": 0.2, "year_range": "unknown"}}, {"type": "Feature", "geometry": {"type": "Point", "coordinates": [-85.643243, 38.221622]}, "properties": {"crashes": 1, "injury": 0, "fatal": 0, "pedestrian": 0, "bicycle": 0, "density": 0.2, "year_range": "unknown"}}, {"type": "Feature", "geometry": {"type": "Point", "coordinates": [-85.789189, 38.245045]}, "properties": {"crashes": 2, "injury": 0, "fatal": 0, "pedestrian": 0, "bicycle": 0, "density": 0.5, "year_range": "unknown"}}, {"type": "Feature", "geometry": {"type": "Point", "coordinates": [-85.767568, 38.210811]}, "properties": {"crashes": 3, "injury": 0, "fatal": 0, "pedestrian": 0, "bicycle": 0, "density": 0.8, "year_range": "unknown"}}, {"type": "Feature", "geometry": {"type": "Point", "coordinates": [-85.828829, 38.115315]}, "properties": {"crashes": 3, "injury": 0, "fatal": 0, "pedestrian": 0, "bicycle": 0, "density": 0.8, "year_range": "unknown"}}, {"type": "Feature", "geometry": {"type": "Point", "coordinates": [-85.646847, 38.257658]}, "properties": {"crashes": 2, "injury": 0, "fatal": 0, "pedestrian": 0, "bicycle": 0, "density": 0.5, "year_range": "unknown"}}, {"type": "Feature", "geometry": {"type": "Point", "coordinates": [-85.506306, 38.189189]}, "properties": {"crashes": 2, "injury": 0, "fatal": 0, "pedestrian": 0, "bicycle": 0, "density": 0.5, "year_range": "unknown"}}, {"type": "Feature", "geometry": {"type": "Point", "coordinates": [-85.767568, 38.198198]}, "properties": {"crashes": 3, "injury": 0, "fatal": 0, "pedestrian": 0, "bicycle": 0, "density": 0.8, "year_range": "unknown"}}, {"type": "Feature", "geometry": {"type": "Point", "coordinates": [-85.790991, 38.228829]}, "properties": {"crashes": 3, "injury": 0, "fatal": 0, "pedestrian": 0, "bicycle": 0, "density": 0.8, "year_range": "unknown"}}, {"type": "Feature", "geometry": {"type": "Point", "coordinates": [-85.818018, 38.216216]}, "properties": {"crashes": 1, "injury": 0, "fatal": 0, "pedestrian": 0, "bicycle": 0, "density": 0.2, "year_range": "unknown"}}, {"type": "Feature", "geometry": {"type": "Point", "coordinates": [-85.785586, 38.221622]}, "properties": {"crashes": 2, "injury": 0, "fatal": 0, "pedestrian": 0, "bicycle": 0, "density": 0.5, "year_range": "unknown"}}, {"type": "Feature", "geometry": {"type": "Point", "coordinates": [-85.742342, 38.252252]}, "properties": {"crashes": 2, "injury": 0, "fatal": 0, "pedestrian": 0, "bicycle": 0, "density": 0.5, "year_range": "unknown"}}, {"type": "Feature", "geometry": {"type": "Point", "coordinates": [-85.798198, 38.174775]}, "properties": {"crashes": 1, "injury": 0, "fatal": 0, "pedestrian": 0, "bicycle": 0, "density": 0.2, "year_range": "unknown"}}, {"type": "Feature", "geometry": {"type": "Point", "coordinates": [-85.816216, 38.275676]}, "properties": {"crashes": 1, "injury": 0, "fatal": 0, "pedestrian": 0, "bicycle": 0, "density": 0.2, "year_range": "unknown"}}, {"type": "Feature", "geometry": {"type": "Point", "coordinates": [-85.744144, 38.266667]}, "properties": {"crashes": 2, "injury": 0, "fatal": 0, "pedestrian": 0, "bicycle": 0, "density": 0.5, "year_range": "unknown"}}, {"type": "Feature", "geometry": {"type": "Point", "coordinates": [-85.807207, 38.113514]}, "properties": {"crashes": 1, "injury": 0, "fatal": 0, "pedestrian": 0, "bicycle": 0, "density": 0.2, "year_range": "unknown"}}, {"type": "Feature", "geometry": {"type": "Point", "coordinates": [-85.533333, 38.302703]}, "properties": {"crashes": 1, "injury": 0, "fatal": 0, "pedestrian": 0, "bicycle": 0, "density": 0.2, "year_range": "unknown"}}, {"type": "Feature", "geometry": {"type": "Point", "coordinates": [-85.727928, 38.207207]}, "properties": {"crashes": 1, "injury": 0, "fatal": 0, "pedestrian": 0, "bicycle": 0, "density": 0.2, "year_range": "unknown"}}, {"type": "Feature", "geometry": {"type": "Point", "coordinates": [-85.818018, 38.117117]}, "properties": {"crashes": 1, "injury": 0, "fatal": 0, "pedestrian": 0, "bicycle": 0, "density": 0.2, "year_range": "unknown"}}, {"type": "Feature", "geometry": {"type": "Point", "coordinates": [-85.551351, 38.245045]}, "properties": {"crashes": 1, "injury": 0, "fatal": 0, "pedestrian": 0, "bicycle": 0, "density": 0.2, "year_range": "unknown"}}, {"type": "Feature", "geometry": {"type": "Point", "coordinates": [-85.771171, 38.18018]}, "properties": {"crashes": 2, "injury": 0, "fatal": 0, "pedestrian": 0, "bicycle": 0, "density": 0.5, "year_range": "unknown"}}, {"type": "Feature", "geometry": {"type": "Point", "coordinates": [-85.828829, 38.176577]}, "properties": {"crashes": 1, "injury": 0, "fatal": 0, "pedestrian": 0, "bicycle": 0, "density": 0.2, "year_range": "unknown"}}, {"type": "Feature", "geometry": {"type": "Point", "coordinates": [-85.727928, 38.245045]}, "properties": {"crashes": 2, "injury": 0, "fatal": 0, "pedestrian": 0, "bicycle": 0, "density": 0.5, "year_range": "unknown"}}, {"type": "Feature", "geometry": {"type": "Point", "coordinates": [-85.486486, 38.279279]}, "properties": {"crashes": 1, "injury": 0, "fatal": 0, "pedestrian": 0, "bicycle": 0, "density": 0.2, "year_range": "unknown"}}, {"type": "Feature", "geometry": {"type": "Point", "coordinates": [-85.774775, 38.232432]}, "properties": {"crashes": 1, "injury": 0, "fatal": 0, "pedestrian": 0, "bicycle": 0, "density": 0.2, "year_range": "unknown"}}, {"type": "Feature", "geometry": {"type": "Point", "coordinates": [-85.646847, 38.194595]}, "properties": {"crashes": 1, "injury": 0, "fatal": 0, "pedestrian": 0, "bicycle": 0, "density": 0.2, "year_range": "unknown"}}, {"type": "Feature", "geometry": {"type": "Point", "coordinates": [-85.821622, 38.223423]}, "properties": {"crashes": 7, "injury": 0, "fatal": 0, "pedestrian": 0, "bicycle": 0, "density": 1.8, "year_range": "unknown"}}, {"type": "Feature", "geometry": {"type": "Point", "coordinates": [-85.798198, 38.254054]}, "properties": {"crashes": 3, "injury": 0, "fatal": 0, "pedestrian": 0, "bicycle": 0, "density": 0.8, "year_range": "unknown"}}, {"type": "Feature", "geometry": {"type": "Point", "coordinates": [-85.535135, 38.153153]}, "properties": {"crashes": 1, "injury": 0, "fatal": 0, "pedestrian": 0, "bicycle": 0, "density": 0.2, "year_range": "unknown"}}, {"type": "Feature", "geometry": {"type": "Point", "coordinates": [-85.592793, 38.154955]}, "properties": {"crashes": 1, "injury": 0, "fatal": 0, "pedestrian": 0, "bicycle": 0, "density": 0.2, "year_range": "unknown"}}, {"type": "Feature", "geometry": {"type": "Point", "coordinates": [-85.744144, 38.25045]}, "properties": {"crashes": 1, "injury": 0, "fatal": 0, "pedestrian": 0, "bicycle": 0, "density": 0.2, "year_range": "unknown"}}, {"type": "Feature", "geometry": {"type": "Point", "coordinates": [-85.702703, 38.126126]}, "properties": {"crashes": 2, "injury": 0, "fatal": 0, "pedestrian": 0, "bicycle": 0, "density": 0.5, "year_range": "unknown"}}, {"type": "Feature", "geometry": {"type": "Point", "coordinates": [-85.527928, 38.243243]}, "properties": {"crashes": 1, "injury": 0, "fatal": 0, "pedestrian": 0, "bicycle": 0, "density": 0.2, "year_range": "unknown"}}, {"type": "Feature", "geometry": {"type": "Point", "coordinates": [-85.893694, 38.097297]}, "properties": {"crashes": 1, "injury": 0, "fatal": 0, "pedestrian": 0, "bicycle": 0, "density": 0.2, "year_range": "unknown"}}, {"type": "Feature", "geometry": {"type": "Point", "coordinates": [-85.810811, 38.25045]}, "properties": {"crashes": 3, "injury": 0, "fatal": 0, "pedestrian": 0, "bicycle": 0, "density": 0.8, "year_range": "unknown"}}, {"type": "Feature", "geometry": {"type": "Point", "coordinates": [-85.738739, 38.216216]}, "properties": {"crashes": 1, "injury": 0, "fatal": 0, "pedestrian": 0, "bicycle": 0, "density": 0.2, "year_range": "unknown"}}, {"type": "Feature", "geometry": {"type": "Point", "coordinates": [-85.801802, 38.261261]}, "properties": {"crashes": 1, "injury": 0, "fatal": 0, "pedestrian": 0, "bicycle": 0, "density": 0.2, "year_range": "unknown"}}, {"type": "Feature", "geometry": {"type": "Point", "coordinates": [-85.778378, 38.218018]}, "properties": {"crashes": 2, "injury": 0, "fatal": 0, "pedestrian": 0, "bicycle": 0, "density": 0.5, "year_range": "unknown"}}, {"type": "Feature", "geometry": {"type": "Point", "coordinates": [-85.772973, 38.259459]}, "properties": {"crashes": 2, "injury": 0, "fatal": 0, "pedestrian": 0, "bicycle": 0, "density": 0.5, "year_range": "unknown"}}, {"type": "Feature", "geometry": {"type": "Point", "coordinates": [-85.569369, 38.223423]}, "properties": {"crashes": 1, "injury": 0, "fatal": 0, "pedestrian": 0, "bicycle": 0, "density": 0.2, "year_range": "unknown"}}, {"type": "Feature", "geometry": {"type": "Point", "coordinates": [-85.630631, 38.158559]}, "properties": {"crashes": 1, "injury": 0, "fatal": 0, "pedestrian": 0, "bicycle": 0, "density": 0.2, "year_range": "unknown"}}, {"type": "Feature", "geometry": {"type": "Point", "coordinates": [-85.538739, 38.30991]}, "properties": {"crashes": 3, "injury": 0, "fatal": 0, "pedestrian": 0, "bicycle": 0, "density": 0.8, "year_range": "unknown"}}, {"type": "Feature", "geometry": {"type": "Point", "coordinates": [-85.87027, 38.167568]}, "properties": {"crashes": 1, "injury": 0, "fatal": 0, "pedestrian": 0, "bicycle": 0, "density": 0.2, "year_range": "unknown"}}, {"type": "Feature", "geometry": {"type": "Point", "coordinates": [-85.484685, 38.190991]}, "properties": {"crashes": 1, "injury": 0, "fatal": 0, "pedestrian": 0, "bicycle": 0, "density": 0.2, "year_range": "unknown"}}, {"type": "Feature", "geometry": {"type": "Point", "coordinates": [-85.592793, 38.266667]}, "properties": {"crashes": 1, "injury": 0, "fatal": 0, "pedestrian": 0, "bicycle": 0, "density": 0.2, "year_range": "unknown"}}, {"type": "Feature", "geometry": {"type": "Point", "coordinates": [-85.789189, 38.254054]}, "properties": {"crashes": 1, "injury": 0, "fatal": 0, "pedestrian": 0, "bicycle": 0, "density": 0.2, "year_range": "unknown"}}, {"type": "Feature", "geometry": {"type": "Point", "coordinates": [-85.866667, 38.172973]}, "properties": {"crashes": 1, "injury": 0, "fatal": 0, "pedestrian": 0, "bicycle": 0, "density": 0.2, "year_range": "unknown"}}, {"type": "Feature", "geometry": {"type": "Point", "coordinates": [-85.781982, 38.216216]}, "properties": {"crashes": 4, "injury": 0, "fatal": 0, "pedestrian": 0, "bicycle": 0, "density": 1.0, "year_range": "unknown"}}, {"type": "Feature", "geometry": {"type": "Point", "coordinates": [-85.571171, 38.30991]}, "properties": {"crashes": 1, "injury": 0, "fatal": 0, "pedestrian": 0, "bicycle": 0, "density": 0.2, "year_range": "unknown"}}, {"type": "Feature", "geometry": {"type": "Point", "coordinates": [-85.657658, 38.2]}, "properties": {"crashes": 1, "injury": 0, "fatal": 0, "pedestrian": 0, "bicycle": 0, "density": 0.2, "year_range": "unknown"}}, {"type": "Feature", "geometry": {"type": "Point", "coordinates": [-85.58018, 38.246847]}, "properties": {"crashes": 1, "injury": 0, "fatal": 0, "pedestrian": 0, "bicycle": 0, "density": 0.2, "year_range": "unknown"}}, {"type": "Feature", "geometry": {"type": "Point", "coordinates": [-85.859459, 38.209009]}, "properties": {"crashes": 1, "injury": 0, "fatal": 0, "pedestrian": 0, "bicycle": 0, "density": 0.2, "year_range": "unknown"}}, {"type": "Feature", "geometry": {"type": "Point", "coordinates": [-85.753153, 38.237838]}, "properties": {"crashes": 2, "injury": 0, "fatal": 0, "pedestrian": 0, "bicycle": 0, "density": 0.5, "year_range": "unknown"}}, {"type": "Feature", "geometry": {"type": "Point", "coordinates": [-85.783784, 38.272072]}, "properties": {"crashes": 2, "injury": 0, "fatal": 0, "pedestrian": 0, "bicycle": 0, "density": 0.5, "year_range": "unknown"}}, {"type": "Feature", "geometry": {"type": "Point", "coordinates": [-85.781982, 38.169369]}, "properties": {"crashes": 3, "injury": 0, "fatal": 0, "pedestrian": 0, "bicycle": 0, "density": 0.8, "year_range": "unknown"}}, {"type": "Feature", "geometry": {"type": "Point", "coordinates": [-85.681081, 38.196396]}, "properties": {"crashes": 1, "injury": 0, "fatal": 0, "pedestrian": 0, "bicycle": 0, "density": 0.2, "year_range": "unknown"}}, {"type": "Feature", "geometry": {"type": "Point", "coordinates": [-85.809009, 38.189189]}, "properties": {"crashes": 2, "injury": 0, "fatal": 0, "pedestrian": 0, "bicycle": 0, "density": 0.5, "year_range": "unknown"}}, {"type": "Feature", "geometry": {"type": "Point", "coordinates": [-85.852252, 38.198198]}, "properties": {"crashes": 1, "injury": 0, "fatal": 0, "pedestrian": 0, "bicycle": 0, "density": 0.2, "year_range": "unknown"}}, {"type": "Feature", "geometry": {"type": "Point", "coordinates": [-85.556757, 38.088288]}, "properties": {"crashes": 1, "injury": 0, "fatal": 0, "pedestrian": 0, "bicycle": 0, "density": 0.2, "year_range": "unknown"}}, {"type": "Feature", "geometry": {"type": "Point", "coordinates": [-85.554955, 38.153153]}, "properties": {"crashes": 1, "injury": 0, "fatal": 0, "pedestrian": 0, "bicycle": 0, "density": 0.2, "year_range": "unknown"}}, {"type": "Feature", "geometry": {"type": "Point", "coordinates": [-85.796396, 38.236036]}, "properties": {"crashes": 1, "injury": 0, "fatal": 0, "pedestrian": 0, "bicycle": 0, "density": 0.2, "year_range": "unknown"}}, {"type": "Feature", "geometry": {"type": "Point", "coordinates": [-85.576577, 38.127928]}, "properties": {"crashes": 1, "injury": 0, "fatal": 0, "pedestrian": 0, "bicycle": 0, "density": 0.2, "year_range": "unknown"}}, {"type": "Feature", "geometry": {"type": "Point", "coordinates": [-85.852252, 38.18018]}, "properties": {"crashes": 4, "injury": 0, "fatal": 0, "pedestrian": 0, "bicycle": 0, "density": 1.0, "year_range": "unknown"}}, {"type": "Feature", "geometry": {"type": "Point", "coordinates": [-85.790991, 38.232432]}, "properties": {"crashes": 2, "injury": 0, "fatal": 0, "pedestrian": 0, "bicycle": 0, "density": 0.5, "year_range": "unknown"}}, {"type": "Feature", "geometry": {"type": "Point", "coordinates": [-85.572973, 38.27027]}, "properties": {"crashes": 1, "injury": 0, "fatal": 0, "pedestrian": 0, "bicycle": 0, "density": 0.2, "year_range": "unknown"}}, {"type": "Feature", "geometry": {"type": "Point", "coordinates": [-85.578378, 38.133333]}, "properties": {"crashes": 1, "injury": 0, "fatal": 0, "pedestrian": 0, "bicycle": 0, "density": 0.2, "year_range": "unknown"}}, {"type": "Feature", "geometry": {"type": "Point", "coordinates": [-85.765766, 38.207207]}, "properties": {"crashes": 2, "injury": 0, "fatal": 0, "pedestrian": 0, "bicycle": 0, "density": 0.5, "year_range": "unknown"}}, {"type": "Feature", "geometry": {"type": "Point", "coordinates": [-85.655856, 38.252252]}, "properties": {"crashes": 2, "injury": 0, "fatal": 0, "pedestrian": 0, "bicycle": 0, "density": 0.5, "year_range": "unknown"}}, {"type": "Feature", "geometry": {"type": "Point", "coordinates": [-85.917117, 38.027027]}, "properties": {"crashes": 2, "injury": 0, "fatal": 0, "pedestrian": 0, "bicycle": 0, "density": 0.5, "year_range": "unknown"}}, {"type": "Feature", "geometry": {"type": "Point", "coordinates": [-85.574775, 38.293694]}, "properties": {"crashes": 1, "injury": 0, "fatal": 0, "pedestrian": 0, "bicycle": 0, "density": 0.2, "year_range": "unknown"}}, {"type": "Feature", "geometry": {"type": "Point", "coordinates": [-85.61982, 38.254054]}, "properties": {"crashes": 2, "injury": 0, "fatal": 0, "pedestrian": 0, "bicycle": 0, "density": 0.5, "year_range": "unknown"}}, {"type": "Feature", "geometry": {"type": "Point", "coordinates": [-85.772973, 38.248649]}, "properties": {"crashes": 4, "injury": 0, "fatal": 0, "pedestrian": 0, "bicycle": 0, "density": 1.0, "year_range": "unknown"}}, {"type": "Feature", "geometry": {"type": "Point", "coordinates": [-85.473874, 38.236036]}, "properties": {"crashes": 1, "injury": 0, "fatal": 0, "pedestrian": 0, "bicycle": 0, "density": 0.2, "year_range": "unknown"}}, {"type": "Feature", "geometry": {"type": "Point", "coordinates": [-85.668468, 38.165766]}, "properties": {"crashes": 1, "injury": 0, "fatal": 0, "pedestrian": 0, "bicycle": 0, "density": 0.2, "year_range": "unknown"}}, {"type": "Feature", "geometry": {"type": "Point", "coordinates": [-85.533333, 38.216216]}, "properties": {"crashes": 2, "injury": 0, "fatal": 0, "pedestrian": 0, "bicycle": 0, "density": 0.5, "year_range": "unknown"}}, {"type": "Feature", "geometry": {"type": "Point", "coordinates": [-85.816216, 38.185586]}, "properties": {"crashes": 3, "injury": 0, "fatal": 0, "pedestrian": 0, "bicycle": 0, "density": 0.8, "year_range": "unknown"}}, {"type": "Feature", "geometry": {"type": "Point", "coordinates": [-85.821622, 38.221622]}, "properties": {"crashes": 2, "injury": 0, "fatal": 0, "pedestrian": 0, "bicycle": 0, "density": 0.5, "year_range": "unknown"}}, {"type": "Feature", "geometry": {"type": "Point", "coordinates": [-85.646847, 38.236036]}, "properties": {"crashes": 2, "injury": 0, "fatal": 0, "pedestrian": 0, "bicycle": 0, "density": 0.5, "year_range": "unknown"}}, {"type": "Feature", "geometry": {"type": "Point", "coordinates": [-85.778378, 38.142342]}, "properties": {"crashes": 1, "injury": 0, "fatal": 0, "pedestrian": 0, "bicycle": 0, "density": 0.2, "year_range": "unknown"}}, {"type": "Feature", "geometry": {"type": "Point", "coordinates": [-85.625225, 38.266667]}, "properties": {"crashes": 1, "injury": 0, "fatal": 0, "pedestrian": 0, "bicycle": 0, "density": 0.2, "year_range": "unknown"}}, {"type": "Feature", "geometry": {"type": "Point", "coordinates": [-85.855856, 38.154955]}, "properties": {"crashes": 1, "injury": 0, "fatal": 0, "pedestrian": 0, "bicycle": 0, "density": 0.2, "year_range": "unknown"}}, {"type": "Feature", "geometry": {"type": "Point", "coordinates": [-85.572973, 38.201802]}, "properties": {"crashes": 2, "injury": 0, "fatal": 0, "pedestrian": 0, "bicycle": 0, "density": 0.5, "year_range": "unknown"}}, {"type": "Feature", "geometry": {"type": "Point", "coordinates": [-85.863063, 38.178378]}, "properties": {"crashes": 1, "injury": 0, "fatal": 0, "pedestrian": 0, "bicycle": 0, "density": 0.2, "year_range": "unknown"}}, {"type": "Feature", "geometry": {"type": "Point", "coordinates": [-85.663063, 38.158559]}, "properties": {"crashes": 2, "injury": 0, "fatal": 0, "pedestrian": 0, "bicycle": 0, "density": 0.5, "year_range": "unknown"}}, {"type": "Feature", "geometry": {"type": "Point", "coordinates": [-85.796396, 38.198198]}, "properties": {"crashes": 1, "injury": 0, "fatal": 0, "pedestrian": 0, "bicycle": 0, "density": 0.2, "year_range": "unknown"}}, {"type": "Feature", "geometry": {"type": "Point", "coordinates": [-85.917117, 38.023423]}, "properties": {"crashes": 1, "injury": 0, "fatal": 0, "pedestrian": 0, "bicycle": 0, "density": 0.2, "year_range": "unknown"}}, {"type": "Feature", "geometry": {"type": "Point", "coordinates": [-85.758559, 38.221622]}, "properties": {"crashes": 1, "injury": 0, "fatal": 0, "pedestrian": 0, "bicycle": 0, "density": 0.2, "year_range": "unknown"}}, {"type": "Feature", "geometry": {"type": "Point", "coordinates": [-85.681081, 38.127928]}, "properties": {"crashes": 1, "injury": 0, "fatal": 0, "pedestrian": 0, "bicycle": 0, "density": 0.2, "year_range": "unknown"}}, {"type": "Feature", "geometry": {"type": "Point", "coordinates": [-85.69009, 38.201802]}, "properties": {"crashes": 1, "injury": 0, "fatal": 0, "pedestrian": 0, "bicycle": 0, "density": 0.2, "year_range": "unknown"}}, {"type": "Feature", "geometry": {"type": "Point", "coordinates": [-85.803604, 38.189189]}, "properties": {"crashes": 1, "injury": 0, "fatal": 0, "pedestrian": 0, "bicycle": 0, "density": 0.2, "year_range": "unknown"}}, {"type": "Feature", "geometry": {"type": "Point", "coordinates": [-85.50991, 38.223423]}, "properties": {"crashes": 2, "injury": 0, "fatal": 0, "pedestrian": 0, "bicycle": 0, "density": 0.5, "year_range": "unknown"}}, {"type": "Feature", "geometry": {"type": "Point", "coordinates": [-85.67027, 38.210811]}, "properties": {"crashes": 3, "injury": 0, "fatal": 0, "pedestrian": 0, "bicycle": 0, "density": 0.8, "year_range": "unknown"}}, {"type": "Feature", "geometry": {"type": "Point", "coordinates": [-85.684685, 38.133333]}, "properties": {"crashes": 1, "injury": 0, "fatal": 0, "pedestrian": 0, "bicycle": 0, "density": 0.2, "year_range": "unknown"}}, {"type": "Feature", "geometry": {"type": "Point", "coordinates": [-85.544144, 38.299099]}, "properties": {"crashes": 2, "injury": 0, "fatal": 0, "pedestrian": 0, "bicycle": 0, "density": 0.5, "year_range": "unknown"}}, {"type": "Feature", "geometry": {"type": "Point", "coordinates": [-85.787387, 38.153153]}, "properties": {"crashes": 2, "injury": 0, "fatal": 0, "pedestrian": 0, "bicycle": 0, "density": 0.5, "year_range": "unknown"}}, {"type": "Feature", "geometry": {"type": "Point", "coordinates": [-85.809009, 38.243243]}, "properties": {"crashes": 1, "injury": 0, "fatal": 0, "pedestrian": 0, "bicycle": 0, "density": 0.2, "year_range": "unknown"}}, {"type": "Feature", "geometry": {"type": "Point", "coordinates": [-85.717117, 38.228829]}, "properties": {"crashes": 2, "injury": 0, "fatal": 0, "pedestrian": 0, "bicycle": 0, "density": 0.5, "year_range": "unknown"}}, {"type": "Feature", "geometry": {"type": "Point", "coordinates": [-85.740541, 38.216216]}, "properties": {"crashes": 1, "injury": 0, "fatal": 0, "pedestrian": 0, "bicycle": 0, "density": 0.2, "year_range": "unknown"}}, {"type": "Feature", "geometry": {"type": "Point", "coordinates": [-85.432432, 38.252252]}, "properties": {"crashes": 1, "injury": 0, "fatal": 0, "pedestrian": 0, "bicycle": 0, "density": 0.2, "year_range": "unknown"}}, {"type": "Feature", "geometry": {"type": "Point", "coordinates": [-85.8, 38.245045]}, "properties": {"crashes": 1, "injury": 0, "fatal": 0, "pedestrian": 0, "bicycle": 0, "density": 0.2, "year_range": "unknown"}}, {"type": "Feature", "geometry": {"type": "Point", "coordinates": [-85.700901, 38.104505]}, "properties": {"crashes": 2, "injury": 0, "fatal": 0, "pedestrian": 0, "bicycle": 0, "density": 0.5, "year_range": "unknown"}}, {"type": "Feature", "geometry": {"type": "Point", "coordinates": [-85.563964, 38.189189]}, "properties": {"crashes": 2, "injury": 0, "fatal": 0, "pedestrian": 0, "bicycle": 0, "density": 0.5, "year_range": "unknown"}}, {"type": "Feature", "geometry": {"type": "Point", "coordinates": [-85.547748, 38.295495]}, "properties": {"crashes": 1, "injury": 0, "fatal": 0, "pedestrian": 0, "bicycle": 0, "density": 0.2, "year_range": "unknown"}}, {"type": "Feature", "geometry": {"type": "Point", "coordinates": [-85.765766, 38.210811]}, "properties": {"crashes": 1, "injury": 0, "fatal": 0, "pedestrian": 0, "bicycle": 0, "density": 0.2, "year_range": "unknown"}}, {"type": "Feature", "geometry": {"type": "Point", "coordinates": [-85.54955, 38.165766]}, "properties": {"crashes": 1, "injury": 0, "fatal": 0, "pedestrian": 0, "bicycle": 0, "density": 0.2, "year_range": "unknown"}}, {"type": "Feature", "geometry": {"type": "Point", "coordinates": [-85.556757, 38.27027]}, "properties": {"crashes": 1, "injury": 0, "fatal": 0, "pedestrian": 0, "bicycle": 0, "density": 0.2, "year_range": "unknown"}}, {"type": "Feature", "geometry": {"type": "Point", "coordinates": [-85.809009, 38.25045]}, "properties": {"crashes": 4, "injury": 0, "fatal": 0, "pedestrian": 0, "bicycle": 0, "density": 1.0, "year_range": "unknown"}}, {"type": "Feature", "geometry": {"type": "Point", "coordinates": [-85.668468, 38.264865]}, "properties": {"crashes": 1, "injury": 0, "fatal": 0, "pedestrian": 0, "bicycle": 0, "density": 0.2, "year_range": "unknown"}}, {"type": "Feature", "geometry": {"type": "Point", "coordinates": [-85.603604, 38.198198]}, "properties": {"crashes": 1, "injury": 0, "fatal": 0, "pedestrian": 0, "bicycle": 0, "density": 0.2, "year_range": "unknown"}}, {"type": "Feature", "geometry": {"type": "Point", "coordinates": [-85.882883, 38.079279]}, "properties": {"crashes": 3, "injury": 0, "fatal": 0, "pedestrian": 0, "bicycle": 0, "density": 0.8, "year_range": "unknown"}}, {"type": "Feature", "geometry": {"type": "Point", "coordinates": [-85.515315, 38.286486]}, "properties": {"crashes": 1, "injury": 0, "fatal": 0, "pedestrian": 0, "bicycle": 0, "density": 0.2, "year_range": "unknown"}}, {"type": "Feature", "geometry": {"type": "Point", "coordinates": [-85.902703, 38.075676]}, "properties": {"crashes": 1, "injury": 0, "fatal": 0, "pedestrian": 0, "bicycle": 0, "density": 0.2, "year_range": "unknown"}}, {"type": "Feature", "geometry": {"type": "Point", "coordinates": [-85.809009, 38.27027]}, "properties": {"crashes": 2, "injury": 0, "fatal": 0, "pedestrian": 0, "bicycle": 0, "density": 0.5, "year_range": "unknown"}}, {"type": "Feature", "geometry": {"type": "Point", "coordinates": [-85.666667, 38.299099]}, "properties": {"crashes": 1, "injury": 0, "fatal": 0, "pedestrian": 0, "bicycle": 0, "density": 0.2, "year_range": "unknown"}}, {"type": "Feature", "geometry": {"type": "Point", "coordinates": [-85.632432, 38.277477]}, "properties": {"crashes": 1, "injury": 0, "fatal": 0, "pedestrian": 0, "bicycle": 0, "density": 0.2, "year_range": "unknown"}}, {"type": "Feature", "geometry": {"type": "Point", "coordinates": [-85.445045, 38.151351]}, "properties": {"crashes": 1, "injury": 0, "fatal": 0, "pedestrian": 0, "bicycle": 0, "density": 0.2, "year_range": "unknown"}}, {"type": "Feature", "geometry": {"type": "Point", "coordinates": [-85.803604, 38.185586]}, "properties": {"crashes": 2, "injury": 0, "fatal": 0, "pedestrian": 0, "bicycle": 0, "density": 0.5, "year_range": "unknown"}}, {"type": "Feature", "geometry": {"type": "Point", "coordinates": [-85.643243, 38.225225]}, "properties": {"crashes": 3, "injury": 0, "fatal": 0, "pedestrian": 0, "bicycle": 0, "density": 0.8, "year_range": "unknown"}}, {"type": "Feature", "geometry": {"type": "Point", "coordinates": [-85.825225, 38.174775]}, "properties": {"crashes": 3, "injury": 0, "fatal": 0, "pedestrian": 0, "bicycle": 0, "density": 0.8, "year_range": "unknown"}}, {"type": "Feature", "geometry": {"type": "Point", "coordinates": [-85.572973, 38.158559]}, "properties": {"crashes": 1, "injury": 0, "fatal": 0, "pedestrian": 0, "bicycle": 0, "density": 0.2, "year_range": "unknown"}}, {"type": "Feature", "geometry": {"type": "Point", "coordinates": [-85.783784, 38.194595]}, "properties": {"crashes": 2, "injury": 0, "fatal": 0, "pedestrian": 0, "bicycle": 0, "density": 0.5, "year_range": "unknown"}}, {"type": "Feature", "geometry": {"type": "Point", "coordinates": [-85.715315, 38.190991]}, "properties": {"crashes": 2, "injury": 0, "fatal": 0, "pedestrian": 0, "bicycle": 0, "density": 0.5, "year_range": "unknown"}}, {"type": "Feature", "geometry": {"type": "Point", "coordinates": [-85.596396, 38.299099]}, "properties": {"crashes": 1, "injury": 0, "fatal": 0, "pedestrian": 0, "bicycle": 0, "density": 0.2, "year_range": "unknown"}}, {"type": "Feature", "geometry": {"type": "Point", "coordinates": [-85.821622, 38.100901]}, "properties": {"crashes": 1, "injury": 0, "fatal": 0, "pedestrian": 0, "bicycle": 0, "density": 0.2, "year_range": "unknown"}}, {"type": "Feature", "geometry": {"type": "Point", "coordinates": [-85.609009, 38.273874]}, "properties": {"crashes": 5, "injury": 0, "fatal": 0, "pedestrian": 0, "bicycle": 0, "density": 1.2, "year_range": "unknown"}}, {"type": "Feature", "geometry": {"type": "Point", "coordinates": [-85.762162, 38.212613]}, "properties": {"crashes": 1, "injury": 0, "fatal": 0, "pedestrian": 0, "bicycle": 0, "density": 0.2, "year_range": "unknown"}}, {"type": "Feature", "geometry": {"type": "Point", "coordinates": [-85.654054, 38.223423]}, "properties": {"crashes": 2, "injury": 0, "fatal": 0, "pedestrian": 0, "bicycle": 0, "density": 0.5, "year_range": "unknown"}}, {"type": "Feature", "geometry": {"type": "Point", "coordinates": [-85.569369, 38.311712]}, "properties": {"crashes": 2, "injury": 0, "fatal": 0, "pedestrian": 0, "bicycle": 0, "density": 0.5, "year_range": "unknown"}}, {"type": "Feature", "geometry": {"type": "Point", "coordinates": [-85.531532, 38.317117]}, "properties": {"crashes": 1, "injury": 0, "fatal": 0, "pedestrian": 0, "bicycle": 0, "density": 0.2, "year_range": "unknown"}}, {"type": "Feature", "geometry": {"type": "Point", "coordinates": [-85.736937, 38.218018]}, "properties": {"crashes": 2, "injury": 0, "fatal": 0, "pedestrian": 0, "bicycle": 0, "density": 0.5, "year_range": "unknown"}}, {"type": "Feature", "geometry": {"type": "Point", "coordinates": [-85.774775, 38.216216]}, "properties": {"crashes": 1, "injury": 0, "fatal": 0, "pedestrian": 0, "bicycle": 0, "density": 0.2, "year_range": "unknown"}}, {"type": "Feature", "geometry": {"type": "Point", "coordinates": [-85.502703, 38.257658]}, "properties": {"crashes": 3, "injury": 0, "fatal": 0, "pedestrian": 0, "bicycle": 0, "density": 0.8, "year_range": "unknown"}}, {"type": "Feature", "geometry": {"type": "Point", "coordinates": [-85.767568, 38.255856]}, "properties": {"crashes": 2, "injury": 0, "fatal": 0, "pedestrian": 0, "bicycle": 0, "density": 0.5, "year_range": "unknown"}}, {"type": "Feature", "geometry": {"type": "Point", "coordinates": [-85.634234, 38.281081]}, "properties": {"crashes": 2, "injury": 0, "fatal": 0, "pedestrian": 0, "bicycle": 0, "density": 0.5, "year_range": "unknown"}}, {"type": "Feature", "geometry": {"type": "Point", "coordinates": [-85.798198, 38.236036]}, "properties": {"crashes": 3, "injury": 0, "fatal": 0, "pedestrian": 0, "bicycle": 0, "density": 0.8, "year_range": "unknown"}}, {"type": "Feature", "geometry": {"type": "Point", "coordinates": [-85.809009, 38.248649]}, "properties": {"crashes": 1, "injury": 0, "fatal": 0, "pedestrian": 0, "bicycle": 0, "density": 0.2, "year_range": "unknown"}}, {"type": "Feature", "geometry": {"type": "Point", "coordinates": [-85.648649, 38.185586]}, "properties": {"crashes": 1, "injury": 0, "fatal": 0, "pedestrian": 0, "bicycle": 0, "density": 0.2, "year_range": "unknown"}}, {"type": "Feature", "geometry": {"type": "Point", "coordinates": [-85.69009, 38.144144]}, "properties": {"crashes": 2, "injury": 0, "fatal": 0, "pedestrian": 0, "bicycle": 0, "density": 0.5, "year_range": "unknown"}}, {"type": "Feature", "geometry": {"type": "Point", "coordinates": [-85.736937, 38.145946]}, "properties": {"crashes": 1, "injury": 0, "fatal": 0, "pedestrian": 0, "bicycle": 0, "density": 0.2, "year_range": "unknown"}}, {"type": "Feature", "geometry": {"type": "Point", "coordinates": [-85.500901, 38.264865]}, "properties": {"crashes": 1, "injury": 0, "fatal": 0, "pedestrian": 0, "bicycle": 0, "density": 0.2, "year_range": "unknown"}}, {"type": "Feature", "geometry": {"type": "Point", "coordinates": [-85.744144, 38.257658]}, "properties": {"crashes": 2, "injury": 0, "fatal": 0, "pedestrian": 0, "bicycle": 0, "density": 0.5, "year_range": "unknown"}}, {"type": "Feature", "geometry": {"type": "Point", "coordinates": [-85.572973, 38.30991]}, "properties": {"crashes": 1, "injury": 0, "fatal": 0, "pedestrian": 0, "bicycle": 0, "density": 0.2, "year_range": "unknown"}}, {"type": "Feature", "geometry": {"type": "Point", "coordinates": [-85.798198, 38.248649]}, "properties": {"crashes": 2, "injury": 0, "fatal": 0, "pedestrian": 0, "bicycle": 0, "density": 0.5, "year_range": "unknown"}}, {"type": "Feature", "geometry": {"type": "Point", "coordinates": [-85.645045, 38.29009]}, "properties": {"crashes": 1, "injury": 0, "fatal": 0, "pedestrian": 0, "bicycle": 0, "density": 0.2, "year_range": "unknown"}}, {"type": "Feature", "geometry": {"type": "Point", "coordinates": [-85.900901, 38.077477]}, "properties": {"crashes": 2, "injury": 0, "fatal": 0, "pedestrian": 0, "bicycle": 0, "density": 0.5, "year_range": "unknown"}}, {"type": "Feature", "geometry": {"type": "Point", "coordinates": [-85.787387, 38.266667]}, "properties": {"crashes": 1, "injury": 0, "fatal": 0, "pedestrian": 0, "bicycle": 0, "density": 0.2, "year_range": "unknown"}}, {"type": "Feature", "geometry": {"type": "Point", "coordinates": [-85.625225, 38.194595]}, "properties": {"crashes": 5, "injury": 0, "fatal": 0, "pedestrian": 0, "bicycle": 0, "density": 1.2, "year_range": "unknown"}}, {"type": "Feature", "geometry": {"type": "Point", "coordinates": [-85.776577, 38.145946]}, "properties": {"crashes": 1, "injury": 0, "fatal": 0, "pedestrian": 0, "bicycle": 0, "density": 0.2, "year_range": "unknown"}}, {"type": "Feature", "geometry": {"type": "Point", "coordinates": [-85.621622, 38.335135]}, "properties": {"crashes": 2, "injury": 0, "fatal": 0, "pedestrian": 0, "bicycle": 0, "density": 0.5, "year_range": "unknown"}}, {"type": "Feature", "geometry": {"type": "Point", "coordinates": [-85.562162, 38.27027]}, "properties": {"crashes": 1, "injury": 0, "fatal": 0, "pedestrian": 0, "bicycle": 0, "density": 0.2, "year_range": "unknown"}}, {"type": "Feature", "geometry": {"type": "Point", "coordinates": [-85.565766, 38.306306]}, "properties": {"crashes": 2, "injury": 0, "fatal": 0, "pedestrian": 0, "bicycle": 0, "density": 0.5, "year_range": "unknown"}}, {"type": "Feature", "geometry": {"type": "Point", "coordinates": [-85.69009, 38.118919]}, "properties": {"crashes": 3, "injury": 0, "fatal": 0, "pedestrian": 0, "bicycle": 0, "density": 0.8, "year_range": "unknown"}}, {"type": "Feature", "geometry": {"type": "Point", "coordinates": [-85.859459, 38.176577]}, "properties": {"crashes": 1, "injury": 0, "fatal": 0, "pedestrian": 0, "bicycle": 0, "density": 0.2, "year_range": "unknown"}}, {"type": "Feature", "geometry": {"type": "Point", "coordinates": [-85.535135, 38.248649]}, "properties": {"crashes": 1, "injury": 0, "fatal": 0, "pedestrian": 0, "bicycle": 0, "density": 0.2, "year_range": "unknown"}}, {"type": "Feature", "geometry": {"type": "Point", "coordinates": [-85.686486, 38.201802]}, "properties": {"crashes": 1, "injury": 0, "fatal": 0, "pedestrian": 0, "bicycle": 0, "density": 0.2, "year_range": "unknown"}}, {"type": "Feature", "geometry": {"type": "Point", "coordinates": [-85.81982, 38.275676]}, "properties": {"crashes": 4, "injury": 0, "fatal": 0, "pedestrian": 0, "bicycle": 0, "density": 1.0, "year_range": "unknown"}}, {"type": "Feature", "geometry": {"type": "Point", "coordinates": [-85.681081, 38.088288]}, "properties": {"crashes": 1, "injury": 0, "fatal": 0, "pedestrian": 0, "bicycle": 0, "density": 0.2, "year_range": "unknown"}}, {"type": "Feature", "geometry": {"type": "Point", "coordinates": [-85.700901, 38.10991]}, "properties": {"crashes": 1, "injury": 0, "fatal": 0, "pedestrian": 0, "bicycle": 0, "density": 0.2, "year_range": "unknown"}}, {"type": "Feature", "geometry": {"type": "Point", "coordinates": [-85.753153, 38.259459]}, "properties": {"crashes": 5, "injury": 0, "fatal": 0, "pedestrian": 0, "bicycle": 0, "density": 1.2, "year_range": "unknown"}}, {"type": "Feature", "geometry": {"type": "Point", "coordinates": [-85.700901, 38.272072]}, "properties": {"crashes": 1, "injury": 0, "fatal": 0, "pedestrian": 0, "bicycle": 0, "density": 0.2, "year_range": "unknown"}}, {"type": "Feature", "geometry": {"type": "Point", "coordinates": [-85.794595, 38.153153]}, "properties": {"crashes": 1, "injury": 0, "fatal": 0, "pedestrian": 0, "bicycle": 0, "density": 0.2, "year_range": "unknown"}}, {"type": "Feature", "geometry": {"type": "Point", "coordinates": [-85.78018, 38.198198]}, "properties": {"crashes": 1, "injury": 0, "fatal": 0, "pedestrian": 0, "bicycle": 0, "density": 0.2, "year_range": "unknown"}}, {"type": "Feature", "geometry": {"type": "Point", "coordinates": [-85.544144, 38.232432]}, "properties": {"crashes": 1, "injury": 0, "fatal": 0, "pedestrian": 0, "bicycle": 0, "density": 0.2, "year_range": "unknown"}}, {"type": "Feature", "geometry": {"type": "Point", "coordinates": [-85.531532, 38.216216]}, "properties": {"crashes": 2, "injury": 0, "fatal": 0, "pedestrian": 0, "bicycle": 0, "density": 0.5, "year_range": "unknown"}}, {"type": "Feature", "geometry": {"type": "Point", "coordinates": [-85.621622, 38.236036]}, "properties": {"crashes": 1, "injury": 0, "fatal": 0, "pedestrian": 0, "bicycle": 0, "density": 0.2, "year_range": "unknown"}}, {"type": "Feature", "geometry": {"type": "Point", "coordinates": [-85.630631, 38.293694]}, "properties": {"crashes": 1, "injury": 0, "fatal": 0, "pedestrian": 0, "bicycle": 0, "density": 0.2, "year_range": "unknown"}}, {"type": "Feature", "geometry": {"type": "Point", "coordinates": [-85.735135, 38.10991]}, "properties": {"crashes": 1, "injury": 0, "fatal": 0, "pedestrian": 0, "bicycle": 0, "density": 0.2, "year_range": "unknown"}}, {"type": "Feature", "geometry": {"type": "Point", "coordinates": [-85.616216, 38.25045]}, "properties": {"crashes": 1, "injury": 0, "fatal": 0, "pedestrian": 0, "bicycle": 0, "density": 0.2, "year_range": "unknown"}}, {"type": "Feature", "geometry": {"type": "Point", "coordinates": [-85.562162, 38.223423]}, "properties": {"crashes": 1, "injury": 0, "fatal": 0, "pedestrian": 0, "bicycle": 0, "density": 0.2, "year_range": "unknown"}}, {"type": "Feature", "geometry": {"type": "Point", "coordinates": [-85.765766, 38.209009]}, "properties": {"crashes": 1, "injury": 0, "fatal": 0, "pedestrian": 0, "bicycle": 0, "density": 0.2, "year_range": "unknown"}}, {"type": "Feature", "geometry": {"type": "Point", "coordinates": [-85.864865, 38.111712]}, "properties": {"crashes": 3, "injury": 0, "fatal": 0, "pedestrian": 0, "bicycle": 0, "density": 0.8, "year_range": "unknown"}}, {"type": "Feature", "geometry": {"type": "Point", "coordinates": [-85.693694, 38.18018]}, "properties": {"crashes": 2, "injury": 0, "fatal": 0, "pedestrian": 0, "bicycle": 0, "density": 0.5, "year_range": "unknown"}}, {"type": "Feature", "geometry": {"type": "Point", "coordinates": [-85.733333, 38.196396]}, "properties": {"crashes": 1, "injury": 0, "fatal": 0, "pedestrian": 0, "bicycle": 0, "density": 0.2, "year_range": "unknown"}}, {"type": "Feature", "geometry": {"type": "Point", "coordinates": [-85.618018, 38.124324]}, "properties": {"crashes": 1, "injury": 0, "fatal": 0, "pedestrian": 0, "bicycle": 0, "density": 0.2, "year_range": "unknown"}}, {"type": "Feature", "geometry": {"type": "Point", "coordinates": [-85.594595, 38.279279]}, "properties": {"crashes": 1, "injury": 0, "fatal": 0, "pedestrian": 0, "bicycle": 0, "density": 0.2, "year_range": "unknown"}}, {"type": "Feature", "geometry": {"type": "Point", "coordinates": [-85.571171, 38.16036]}, "properties": {"crashes": 1, "injury": 0, "fatal": 0, "pedestrian": 0, "bicycle": 0, "density": 0.2, "year_range": "unknown"}}, {"type": "Feature", "geometry": {"type": "Point", "coordinates": [-85.751351, 38.203604]}, "properties": {"crashes": 2, "injury": 0, "fatal": 0, "pedestrian": 0, "bicycle": 0, "density": 0.5, "year_range": "unknown"}}, {"type": "Feature", "geometry": {"type": "Point", "coordinates": [-85.681081, 38.138739]}, "properties": {"crashes": 2, "injury": 0, "fatal": 0, "pedestrian": 0, "bicycle": 0, "density": 0.5, "year_range": "unknown"}}, {"type": "Feature", "geometry": {"type": "Point", "coordinates": [-85.857658, 38.162162]}, "properties": {"crashes": 1, "injury": 0, "fatal": 0, "pedestrian": 0, "bicycle": 0, "density": 0.2, "year_range": "unknown"}}, {"type": "Feature", "geometry": {"type": "Point", "coordinates": [-85.767568, 38.178378]}, "properties": {"crashes": 1, "injury": 0, "fatal": 0, "pedestrian": 0, "bicycle": 0, "density": 0.2, "year_range": "unknown"}}, {"type": "Feature", "geometry": {"type": "Point", "coordinates": [-85.544144, 38.147748]}, "properties": {"crashes": 1, "injury": 0, "fatal": 0, "pedestrian": 0, "bicycle": 0, "density": 0.2, "year_range": "unknown"}}, {"type": "Feature", "geometry": {"type": "Point", "coordinates": [-85.787387, 38.135135]}, "properties": {"crashes": 1, "injury": 0, "fatal": 0, "pedestrian": 0, "bicycle": 0, "density": 0.2, "year_range": "unknown"}}, {"type": "Feature", "geometry": {"type": "Point", "coordinates": [-85.814414, 38.246847]}, "properties": {"crashes": 2, "injury": 0, "fatal": 0, "pedestrian": 0, "bicycle": 0, "density": 0.5, "year_range": "unknown"}}, {"type": "Feature", "geometry": {"type": "Point", "coordinates": [-85.767568, 38.192793]}, "properties": {"crashes": 3, "injury": 0, "fatal": 0, "pedestrian": 0, "bicycle": 0, "density": 0.8, "year_range": "unknown"}}, {"type": "Feature", "geometry": {"type": "Point", "coordinates": [-85.659459, 38.174775]}, "properties": {"crashes": 1, "injury": 0, "fatal": 0, "pedestrian": 0, "bicycle": 0, "density": 0.2, "year_range": "unknown"}}, {"type": "Feature", "geometry": {"type": "Point", "coordinates": [-85.879279, 38.064865]}, "properties": {"crashes": 1, "injury": 0, "fatal": 0, "pedestrian": 0, "bicycle": 0, "density": 0.2, "year_range": "unknown"}}, {"type": "Feature", "geometry": {"type": "Point", "coordinates": [-85.688288, 38.190991]}, "properties": {"crashes": 1, "injury": 0, "fatal": 0, "pedestrian": 0, "bicycle": 0, "density": 0.2, "year_range": "unknown"}}, {"type": "Feature", "geometry": {"type": "Point", "coordinates": [-85.796396, 38.248649]}, "properties": {"crashes": 1, "injury": 0, "fatal": 0, "pedestrian": 0, "bicycle": 0, "density": 0.2, "year_range": "unknown"}}, {"type": "Feature", "geometry": {"type": "Point", "coordinates": [-85.515315, 38.264865]}, "properties": {"crashes": 2, "injury": 0, "fatal": 0, "pedestrian": 0, "bicycle": 0, "density": 0.5, "year_range": "unknown"}}, {"type": "Feature", "geometry": {"type": "Point", "coordinates": [-85.781982, 38.259459]}, "properties": {"crashes": 1, "injury": 0, "fatal": 0, "pedestrian": 0, "bicycle": 0, "density": 0.2, "year_range": "unknown"}}, {"type": "Feature", "geometry": {"type": "Point", "coordinates": [-85.758559, 38.227027]}, "properties": {"crashes": 1, "injury": 0, "fatal": 0, "pedestrian": 0, "bicycle": 0, "density": 0.2, "year_range": "unknown"}}, {"type": "Feature", "geometry": {"type": "Point", "coordinates": [-85.771171, 38.165766]}, "properties": {"crashes": 1, "injury": 0, "fatal": 0, "pedestrian": 0, "bicycle": 0, "density": 0.2, "year_range": "unknown"}}, {"type": "Feature", "geometry": {"type": "Point", "coordinates": [-85.830631, 38.176577]}, "properties": {"crashes": 1, "injury": 0, "fatal": 0, "pedestrian": 0, "bicycle": 0, "density": 0.2, "year_range": "unknown"}}, {"type": "Feature", "geometry": {"type": "Point", "coordinates": [-85.592793, 38.194595]}, "properties": {"crashes": 1, "injury": 0, "fatal": 0, "pedestrian": 0, "bicycle": 0, "density": 0.2, "year_range": "unknown"}}, {"type": "Feature", "geometry": {"type": "Point", "coordinates": [-85.574775, 38.299099]}, "properties": {"crashes": 1, "injury": 0, "fatal": 0, "pedestrian": 0, "bicycle": 0, "density": 0.2, "year_range": "unknown"}}, {"type": "Feature", "geometry": {"type": "Point", "coordinates": [-85.704505, 38.254054]}, "properties": {"crashes": 4, "injury": 0, "fatal": 0, "pedestrian": 0, "bicycle": 0, "density": 1.0, "year_range": "unknown"}}, {"type": "Feature", "geometry": {"type": "Point", "coordinates": [-85.654054, 38.236036]}, "properties": {"crashes": 1, "injury": 0, "fatal": 0, "pedestrian": 0, "bicycle": 0, "density": 0.2, "year_range": "unknown"}}, {"type": "Feature", "geometry": {"type": "Point", "coordinates": [-85.81982, 38.212613]}, "properties": {"crashes": 2, "injury": 0, "fatal": 0, "pedestrian": 0, "bicycle": 0, "density": 0.5, "year_range": "unknown"}}, {"type": "Feature", "geometry": {"type": "Point", "coordinates": [-85.845045, 38.135135]}, "properties": {"crashes": 1, "injury": 0, "fatal": 0, "pedestrian": 0, "bicycle": 0, "density": 0.2, "year_range": "unknown"}}, {"type": "Feature", "geometry": {"type": "Point", "coordinates": [-85.6, 38.306306]}, "properties": {"crashes": 1, "injury": 0, "fatal": 0, "pedestrian": 0, "bicycle": 0, "density": 0.2, "year_range": "unknown"}}, {"type": "Feature", "geometry": {"type": "Point", "coordinates": [-85.747748, 38.115315]}, "properties": {"crashes": 1, "injury": 0, "fatal": 0, "pedestrian": 0, "bicycle": 0, "density": 0.2, "year_range": "unknown"}}, {"type": "Feature", "geometry": {"type": "Point", "coordinates": [-85.641441, 38.227027]}, "properties": {"crashes": 1, "injury": 0, "fatal": 0, "pedestrian": 0, "bicycle": 0, "density": 0.2, "year_range": "unknown"}}, {"type": "Feature", "geometry": {"type": "Point", "coordinates": [-85.67027, 38.165766]}, "properties": {"crashes": 2, "injury": 0, "fatal": 0, "pedestrian": 0, "bicycle": 0, "density": 0.5, "year_range": "unknown"}}, {"type": "Feature", "geometry": {"type": "Point", "coordinates": [-85.754955, 38.254054]}, "properties": {"crashes": 2, "injury": 0, "fatal": 0, "pedestrian": 0, "bicycle": 0, "density": 0.5, "year_range": "unknown"}}, {"type": "Feature", "geometry": {"type": "Point", "coordinates": [-85.630631, 38.273874]}, "properties": {"crashes": 1, "injury": 0, "fatal": 0, "pedestrian": 0, "bicycle": 0, "density": 0.2, "year_range": "unknown"}}, {"type": "Feature", "geometry": {"type": "Point", "coordinates": [-85.816216, 38.273874]}, "properties": {"crashes": 1, "injury": 0, "fatal": 0, "pedestrian": 0, "bicycle": 0, "density": 0.2, "year_range": "unknown"}}, {"type": "Feature", "geometry": {"type": "Point", "coordinates": [-85.810811, 38.237838]}, "properties": {"crashes": 1, "injury": 0, "fatal": 0, "pedestrian": 0, "bicycle": 0, "density": 0.2, "year_range": "unknown"}}, {"type": "Feature", "geometry": {"type": "Point", "coordinates": [-85.873874, 38.156757]}, "properties": {"crashes": 1, "injury": 0, "fatal": 0, "pedestrian": 0, "bicycle": 0, "density": 0.2, "year_range": "unknown"}}, {"type": "Feature", "geometry": {"type": "Point", "coordinates": [-85.731532, 38.23964]}, "properties": {"crashes": 1, "injury": 0, "fatal": 0, "pedestrian": 0, "bicycle": 0, "density": 0.2, "year_range": "unknown"}}, {"type": "Feature", "geometry": {"type": "Point", "coordinates": [-85.634234, 38.210811]}, "properties": {"crashes": 1, "injury": 0, "fatal": 0, "pedestrian": 0, "bicycle": 0, "density": 0.2, "year_range": "unknown"}}, {"type": "Feature", "geometry": {"type": "Point", "coordinates": [-85.679279, 38.223423]}, "properties": {"crashes": 1, "injury": 0, "fatal": 0, "pedestrian": 0, "bicycle": 0, "density": 0.2, "year_range": "unknown"}}, {"type": "Feature", "geometry": {"type": "Point", "coordinates": [-85.789189, 38.135135]}, "properties": {"crashes": 1, "injury": 0, "fatal": 0, "pedestrian": 0, "bicycle": 0, "density": 0.2, "year_range": "unknown"}}, {"type": "Feature", "geometry": {"type": "Point", "coordinates": [-85.89009, 38.10991]}, "properties": {"crashes": 1, "injury": 0, "fatal": 0, "pedestrian": 0, "bicycle": 0, "density": 0.2, "year_range": "unknown"}}, {"type": "Feature", "geometry": {"type": "Point", "coordinates": [-85.873874, 38.095495]}, "properties": {"crashes": 1, "injury": 0, "fatal": 0, "pedestrian": 0, "bicycle": 0, "density": 0.2, "year_range": "unknown"}}, {"type": "Feature", "geometry": {"type": "Point", "coordinates": [-85.56036, 38.300901]}, "properties": {"crashes": 1, "injury": 0, "fatal": 0, "pedestrian": 0, "bicycle": 0, "density": 0.2, "year_range": "unknown"}}, {"type": "Feature", "geometry": {"type": "Point", "coordinates": [-85.8, 38.23964]}, "properties": {"crashes": 1, "injury": 0, "fatal": 0, "pedestrian": 0, "bicycle": 0, "density": 0.2, "year_range": "unknown"}}, {"type": "Feature", "geometry": {"type": "Point", "coordinates": [-85.634234, 38.228829]}, "properties": {"crashes": 2, "injury": 0, "fatal": 0, "pedestrian": 0, "bicycle": 0, "density": 0.5, "year_range": "unknown"}}, {"type": "Feature", "geometry": {"type": "Point", "coordinates": [-85.805405, 38.190991]}, "properties": {"crashes": 1, "injury": 0, "fatal": 0, "pedestrian": 0, "bicycle": 0, "density": 0.2, "year_range": "unknown"}}, {"type": "Feature", "geometry": {"type": "Point", "coordinates": [-85.886486, 38.064865]}, "properties": {"crashes": 1, "injury": 0, "fatal": 0, "pedestrian": 0, "bicycle": 0, "density": 0.2, "year_range": "unknown"}}, {"type": "Feature", "geometry": {"type": "Point", "coordinates": [-85.715315, 38.113514]}, "properties": {"crashes": 1, "injury": 0, "fatal": 0, "pedestrian": 0, "bicycle": 0, "density": 0.2, "year_range": "unknown"}}, {"type": "Feature", "geometry": {"type": "Point", "coordinates": [-85.569369, 38.27027]}, "properties": {"crashes": 2, "injury": 0, "fatal": 0, "pedestrian": 0, "bicycle": 0, "density": 0.5, "year_range": "unknown"}}, {"type": "Feature", "geometry": {"type": "Point", "coordinates": [-85.733333, 38.198198]}, "properties": {"crashes": 2, "injury": 0, "fatal": 0, "pedestrian": 0, "bicycle": 0, "density": 0.5, "year_range": "unknown"}}, {"type": "Feature", "geometry": {"type": "Point", "coordinates": [-85.637838, 38.279279]}, "properties": {"crashes": 1, "injury": 0, "fatal": 0, "pedestrian": 0, "bicycle": 0, "density": 0.2, "year_range": "unknown"}}, {"type": "Feature", "geometry": {"type": "Point", "coordinates": [-85.682883, 38.252252]}, "properties": {"crashes": 2, "injury": 0, "fatal": 0, "pedestrian": 0, "bicycle": 0, "density": 0.5, "year_range": "unknown"}}, {"type": "Feature", "geometry": {"type": "Point", "coordinates": [-85.891892, 38.127928]}, "properties": {"crashes": 1, "injury": 0, "fatal": 0, "pedestrian": 0, "bicycle": 0, "density": 0.2, "year_range": "unknown"}}, {"type": "Feature", "geometry": {"type": "Point", "coordinates": [-85.666667, 38.190991]}, "properties": {"crashes": 2, "injury": 0, "fatal": 0, "pedestrian": 0, "bicycle": 0, "density": 0.5, "year_range": "unknown"}}, {"type": "Feature", "geometry": {"type": "Point", "coordinates": [-85.774775, 38.127928]}, "properties": {"crashes": 1, "injury": 0, "fatal": 0, "pedestrian": 0, "bicycle": 0, "density": 0.2, "year_range": "unknown"}}, {"type": "Feature", "geometry": {"type": "Point", "coordinates": [-85.852252, 38.133333]}, "properties": {"crashes": 1, "injury": 0, "fatal": 0, "pedestrian": 0, "bicycle": 0, "density": 0.2, "year_range": "unknown"}}, {"type": "Feature", "geometry": {"type": "Point", "coordinates": [-85.837838, 38.151351]}, "properties": {"crashes": 1, "injury": 0, "fatal": 0, "pedestrian": 0, "bicycle": 0, "density": 0.2, "year_range": "unknown"}}, {"type": "Feature", "geometry": {"type": "Point", "coordinates": [-85.843243, 38.198198]}, "properties": {"crashes": 1, "injury": 0, "fatal": 0, "pedestrian": 0, "bicycle": 0, "density": 0.2, "year_range": "unknown"}}, {"type": "Feature", "geometry": {"type": "Point", "coordinates": [-85.65045, 38.135135]}, "properties": {"crashes": 3, "injury": 0, "fatal": 0, "pedestrian": 0, "bicycle": 0, "density": 0.8, "year_range": "unknown"}}, {"type": "Feature", "geometry": {"type": "Point", "coordinates": [-85.805405, 38.266667]}, "properties": {"crashes": 1, "injury": 0, "fatal": 0, "pedestrian": 0, "bicycle": 0, "density": 0.2, "year_range": "unknown"}}, {"type": "Feature", "geometry": {"type": "Point", "coordinates": [-85.805405, 38.272072]}, "properties": {"crashes": 2, "injury": 0, "fatal": 0, "pedestrian": 0, "bicycle": 0, "density": 0.5, "year_range": "unknown"}}, {"type": "Feature", "geometry": {"type": "Point", "coordinates": [-85.724324, 38.261261]}, "properties": {"crashes": 1, "injury": 0, "fatal": 0, "pedestrian": 0, "bicycle": 0, "density": 0.2, "year_range": "unknown"}}, {"type": "Feature", "geometry": {"type": "Point", "coordinates": [-85.8, 38.25045]}, "properties": {"crashes": 2, "injury": 0, "fatal": 0, "pedestrian": 0, "bicycle": 0, "density": 0.5, "year_range": "unknown"}}, {"type": "Feature", "geometry": {"type": "Point", "coordinates": [-85.637838, 38.268468]}, "properties": {"crashes": 1, "injury": 0, "fatal": 0, "pedestrian": 0, "bicycle": 0, "density": 0.2, "year_range": "unknown"}}, {"type": "Feature", "geometry": {"type": "Point", "coordinates": [-85.502703, 38.29009]}, "properties": {"crashes": 1, "injury": 0, "fatal": 0, "pedestrian": 0, "bicycle": 0, "density": 0.2, "year_range": "unknown"}}, {"type": "Feature", "geometry": {"type": "Point", "coordinates": [-85.790991, 38.133333]}, "properties": {"crashes": 1, "injury": 0, "fatal": 0, "pedestrian": 0, "bicycle": 0, "density": 0.2, "year_range": "unknown"}}, {"type": "Feature", "geometry": {"type": "Point", "coordinates": [-85.699099, 38.228829]}, "properties": {"crashes": 1, "injury": 0, "fatal": 0, "pedestrian": 0, "bicycle": 0, "density": 0.2, "year_range": "unknown"}}, {"type": "Feature", "geometry": {"type": "Point", "coordinates": [-85.63964, 38.252252]}, "properties": {"crashes": 2, "injury": 0, "fatal": 0, "pedestrian": 0, "bicycle": 0, "density": 0.5, "year_range": "unknown"}}, {"type": "Feature", "geometry": {"type": "Point", "coordinates": [-85.515315, 38.243243]}, "properties": {"crashes": 1, "injury": 0, "fatal": 0, "pedestrian": 0, "bicycle": 0, "density": 0.2, "year_range": "unknown"}}, {"type": "Feature", "geometry": {"type": "Point", "coordinates": [-85.720721, 38.162162]}, "properties": {"crashes": 2, "injury": 0, "fatal": 0, "pedestrian": 0, "bicycle": 0, "density": 0.5, "year_range": "unknown"}}, {"type": "Feature", "geometry": {"type": "Point", "coordinates": [-85.72973, 38.194595]}, "properties": {"crashes": 2, "injury": 0, "fatal": 0, "pedestrian": 0, "bicycle": 0, "density": 0.5, "year_range": "unknown"}}, {"type": "Feature", "geometry": {"type": "Point", "coordinates": [-85.657658, 38.138739]}, "properties": {"crashes": 1, "injury": 0, "fatal": 0, "pedestrian": 0, "bicycle": 0, "density": 0.2, "year_range": "unknown"}}, {"type": "Feature", "geometry": {"type": "Point", "coordinates": [-85.637838, 38.158559]}, "properties": {"crashes": 1, "injury": 0, "fatal": 0, "pedestrian": 0, "bicycle": 0, "density": 0.2, "year_range": "unknown"}}, {"type": "Feature", "geometry": {"type": "Point", "coordinates": [-85.731532, 38.156757]}, "properties": {"crashes": 1, "injury": 0, "fatal": 0, "pedestrian": 0, "bicycle": 0, "density": 0.2, "year_range": "unknown"}}, {"type": "Feature", "geometry": {"type": "Point", "coordinates": [-85.468468, 38.12973]}, "properties": {"crashes": 1, "injury": 0, "fatal": 0, "pedestrian": 0, "bicycle": 0, "density": 0.2, "year_range": "unknown"}}, {"type": "Feature", "geometry": {"type": "Point", "coordinates": [-85.70991, 38.144144]}, "properties": {"crashes": 1, "injury": 0, "fatal": 0, "pedestrian": 0, "bicycle": 0, "density": 0.2, "year_range": "unknown"}}, {"type": "Feature", "geometry": {"type": "Point", "coordinates": [-85.852252, 38.187387]}, "properties": {"crashes": 2, "injury": 0, "fatal": 0, "pedestrian": 0, "bicycle": 0, "density": 0.5, "year_range": "unknown"}}, {"type": "Feature", "geometry": {"type": "Point", "coordinates": [-85.49009, 38.196396]}, "properties": {"crashes": 1, "injury": 0, "fatal": 0, "pedestrian": 0, "bicycle": 0, "density": 0.2, "year_range": "unknown"}}, {"type": "Feature", "geometry": {"type": "Point", "coordinates": [-85.855856, 38.106306]}, "properties": {"crashes": 2, "injury": 0, "fatal": 0, "pedestrian": 0, "bicycle": 0, "density": 0.5, "year_range": "unknown"}}, {"type": "Feature", "geometry": {"type": "Point", "coordinates": [-85.731532, 38.243243]}, "properties": {"crashes": 1, "injury": 0, "fatal": 0, "pedestrian": 0, "bicycle": 0, "density": 0.2, "year_range": "unknown"}}, {"type": "Feature", "geometry": {"type": "Point", "coordinates": [-85.664865, 38.138739]}, "properties": {"crashes": 3, "injury": 0, "fatal": 0, "pedestrian": 0, "bicycle": 0, "density": 0.8, "year_range": "unknown"}}, {"type": "Feature", "geometry": {"type": "Point", "coordinates": [-85.646847, 38.10991]}, "properties": {"crashes": 1, "injury": 0, "fatal": 0, "pedestrian": 0, "bicycle": 0, "density": 0.2, "year_range": "unknown"}}, {"type": "Feature", "geometry": {"type": "Point", "coordinates": [-85.787387, 38.234234]}, "properties": {"crashes": 1, "injury": 0, "fatal": 0, "pedestrian": 0, "bicycle": 0, "density": 0.2, "year_range": "unknown"}}, {"type": "Feature", "geometry": {"type": "Point", "coordinates": [-85.809009, 38.241441]}, "properties": {"crashes": 1, "injury": 0, "fatal": 0, "pedestrian": 0, "bicycle": 0, "density": 0.2, "year_range": "unknown"}}, {"type": "Feature", "geometry": {"type": "Point", "coordinates": [-85.720721, 38.257658]}, "properties": {"crashes": 1, "injury": 0, "fatal": 0, "pedestrian": 0, "bicycle": 0, "density": 0.2, "year_range": "unknown"}}, {"type": "Feature", "geometry": {"type": "Point", "coordinates": [-85.771171, 38.196396]}, "properties": {"crashes": 1, "injury": 0, "fatal": 0, "pedestrian": 0, "bicycle": 0, "density": 0.2, "year_range": "unknown"}}, {"type": "Feature", "geometry": {"type": "Point", "coordinates": [-85.738739, 38.117117]}, "properties": {"crashes": 1, "injury": 0, "fatal": 0, "pedestrian": 0, "bicycle": 0, "density": 0.2, "year_range": "unknown"}}, {"type": "Feature", "geometry": {"type": "Point", "coordinates": [-85.918919, 38.021622]}, "properties": {"crashes": 1, "injury": 0, "fatal": 0, "pedestrian": 0, "bicycle": 0, "density": 0.2, "year_range": "unknown"}}, {"type": "Feature", "geometry": {"type": "Point", "coordinates": [-85.65045, 38.138739]}, "properties": {"crashes": 4, "injury": 0, "fatal": 0, "pedestrian": 0, "bicycle": 0, "density": 1.0, "year_range": "unknown"}}, {"type": "Feature", "geometry": {"type": "Point", "coordinates": [-85.722523, 38.207207]}, "properties": {"crashes": 1, "injury": 0, "fatal": 0, "pedestrian": 0, "bicycle": 0, "density": 0.2, "year_range": "unknown"}}, {"type": "Feature", "geometry": {"type": "Point", "coordinates": [-85.790991, 38.18018]}, "properties": {"crashes": 1, "injury": 0, "fatal": 0, "pedestrian": 0, "bicycle": 0, "density": 0.2, "year_range": "unknown"}}, {"type": "Feature", "geometry": {"type": "Point", "coordinates": [-85.627027, 38.218018]}, "properties": {"crashes": 1, "injury": 0, "fatal": 0, "pedestrian": 0, "bicycle": 0, "density": 0.2, "year_range": "unknown"}}, {"type": "Feature", "geometry": {"type": "Point", "coordinates": [-85.663063, 38.156757]}, "properties": {"crashes": 1, "injury": 0, "fatal": 0, "pedestrian": 0, "bicycle": 0, "density": 0.2, "year_range": "unknown"}}, {"type": "Feature", "geometry": {"type": "Point", "coordinates": [-85.711712, 38.115315]}, "properties": {"crashes": 2, "injury": 0, "fatal": 0, "pedestrian": 0, "bicycle": 0, "density": 0.5, "year_range": "unknown"}}, {"type": "Feature", "geometry": {"type": "Point", "coordinates": [-85.756757, 38.117117]}, "properties": {"crashes": 1, "injury": 0, "fatal": 0, "pedestrian": 0, "bicycle": 0, "density": 0.2, "year_range": "unknown"}}, {"type": "Feature", "geometry": {"type": "Point", "coordinates": [-85.702703, 38.136937]}, "properties": {"crashes": 1, "injury": 0, "fatal": 0, "pedestrian": 0, "bicycle": 0, "density": 0.2, "year_range": "unknown"}}, {"type": "Feature", "geometry": {"type": "Point", "coordinates": [-85.67027, 38.237838]}, "properties": {"crashes": 2, "injury": 0, "fatal": 0, "pedestrian": 0, "bicycle": 0, "density": 0.5, "year_range": "unknown"}}, {"type": "Feature", "geometry": {"type": "Point", "coordinates": [-85.738739, 38.144144]}, "properties": {"crashes": 1, "injury": 0, "fatal": 0, "pedestrian": 0, "bicycle": 0, "density": 0.2, "year_range": "unknown"}}, {"type": "Feature", "geometry": {"type": "Point", "coordinates": [-85.778378, 38.144144]}, "properties": {"crashes": 1, "injury": 0, "fatal": 0, "pedestrian": 0, "bicycle": 0, "density": 0.2, "year_range": "unknown"}}, {"type": "Feature", "geometry": {"type": "Point", "coordinates": [-85.625225, 38.158559]}, "properties": {"crashes": 1, "injury": 0, "fatal": 0, "pedestrian": 0, "bicycle": 0, "density": 0.2, "year_range": "unknown"}}, {"type": "Feature", "geometry": {"type": "Point", "coordinates": [-85.781982, 38.126126]}, "properties": {"crashes": 1, "injury": 0, "fatal": 0, "pedestrian": 0, "bicycle": 0, "density": 0.2, "year_range": "unknown"}}, {"type": "Feature", "geometry": {"type": "Point", "coordinates": [-85.848649, 38.178378]}, "properties": {"crashes": 1, "injury": 0, "fatal": 0, "pedestrian": 0, "bicycle": 0, "density": 0.2, "year_range": "unknown"}}, {"type": "Feature", "geometry": {"type": "Point", "coordinates": [-85.72973, 38.225225]}, "properties": {"crashes": 1, "injury": 0, "fatal": 0, "pedestrian": 0, "bicycle": 0, "density": 0.2, "year_range": "unknown"}}, {"type": "Feature", "geometry": {"type": "Point", "coordinates": [-85.688288, 38.088288]}, "properties": {"crashes": 1, "injury": 0, "fatal": 0, "pedestrian": 0, "bicycle": 0, "density": 0.2, "year_range": "unknown"}}, {"type": "Feature", "geometry": {"type": "Point", "coordinates": [-85.686486, 38.286486]}, "properties": {"crashes": 1, "injury": 0, "fatal": 0, "pedestrian": 0, "bicycle": 0, "density": 0.2, "year_range": "unknown"}}, {"type": "Feature", "geometry": {"type": "Point", "coordinates": [-85.54955, 38.297297]}, "properties": {"crashes": 2, "injury": 0, "fatal": 0, "pedestrian": 0, "bicycle": 0, "density": 0.5, "year_range": "unknown"}}, {"type": "Feature", "geometry": {"type": "Point", "coordinates": [-85.745946, 38.189189]}, "properties": {"crashes": 1, "injury": 0, "fatal": 0, "pedestrian": 0, "bicycle": 0, "density": 0.2, "year_range": "unknown"}}, {"type": "Feature", "geometry": {"type": "Point", "coordinates": [-85.738739, 38.100901]}, "properties": {"crashes": 1, "injury": 0, "fatal": 0, "pedestrian": 0, "bicycle": 0, "density": 0.2, "year_range": "unknown"}}, {"type": "Feature", "geometry": {"type": "Point", "coordinates": [-85.810811, 38.248649]}, "properties": {"crashes": 1, "injury": 0, "fatal": 0, "pedestrian": 0, "bicycle": 0, "density": 0.2, "year_range": "unknown"}}, {"type": "Feature", "geometry": {"type": "Point", "coordinates": [-85.810811, 38.142342]}, "properties": {"crashes": 1, "injury": 0, "fatal": 0, "pedestrian": 0, "bicycle": 0, "density": 0.2, "year_range": "unknown"}}, {"type": "Feature", "geometry": {"type": "Point", "coordinates": [-85.859459, 38.18018]}, "properties": {"crashes": 2, "injury": 0, "fatal": 0, "pedestrian": 0, "bicycle": 0, "density": 0.5, "year_range": "unknown"}}, {"type": "Feature", "geometry": {"type": "Point", "coordinates": [-85.823423, 38.223423]}, "properties": {"crashes": 1, "injury": 0, "fatal": 0, "pedestrian": 0, "bicycle": 0, "density": 0.2, "year_range": "unknown"}}, {"type": "Feature", "geometry": {"type": "Point", "coordinates": [-85.686486, 38.223423]}, "properties": {"crashes": 1, "injury": 0, "fatal": 0, "pedestrian": 0, "bicycle": 0, "density": 0.2, "year_range": "unknown"}}, {"type": "Feature", "geometry": {"type": "Point", "coordinates": [-85.769369, 38.209009]}, "properties": {"crashes": 1, "injury": 0, "fatal": 0, "pedestrian": 0, "bicycle": 0, "density": 0.2, "year_range": "unknown"}}, {"type": "Feature", "geometry": {"type": "Point", "coordinates": [-85.805405, 38.245045]}, "properties": {"crashes": 1, "injury": 0, "fatal": 0, "pedestrian": 0, "bicycle": 0, "density": 0.2, "year_range": "unknown"}}, {"type": "Feature", "geometry": {"type": "Point", "coordinates": [-85.659459, 38.151351]}, "properties": {"crashes": 4, "injury": 0, "fatal": 0, "pedestrian": 0, "bicycle": 0, "density": 1.0, "year_range": "unknown"}}, {"type": "Feature", "geometry": {"type": "Point", "coordinates": [-85.906306, 38.03964]}, "properties": {"crashes": 2, "injury": 0, "fatal": 0, "pedestrian": 0, "bicycle": 0, "density": 0.5, "year_range": "unknown"}}, {"type": "Feature", "geometry": {"type": "Point", "coordinates": [-85.769369, 38.189189]}, "properties": {"crashes": 1, "injury": 0, "fatal": 0, "pedestrian": 0, "bicycle": 0, "density": 0.2, "year_range": "unknown"}}, {"type": "Feature", "geometry": {"type": "Point", "coordinates": [-85.785586, 38.194595]}, "properties": {"crashes": 1, "injury": 0, "fatal": 0, "pedestrian": 0, "bicycle": 0, "density": 0.2, "year_range": "unknown"}}, {"type": "Feature", "geometry": {"type": "Point", "coordinates": [-85.834234, 38.108108]}, "properties": {"crashes": 1, "injury": 0, "fatal": 0, "pedestrian": 0, "bicycle": 0, "density": 0.2, "year_range": "unknown"}}, {"type": "Feature", "geometry": {"type": "Point", "coordinates": [-85.682883, 38.10991]}, "properties": {"crashes": 1, "injury": 0, "fatal": 0, "pedestrian": 0, "bicycle": 0, "density": 0.2, "year_range": "unknown"}}, {"type": "Feature", "geometry": {"type": "Point", "coordinates": [-85.535135, 38.317117]}, "properties": {"crashes": 1, "injury": 0, "fatal": 0, "pedestrian": 0, "bicycle": 0, "density": 0.2, "year_range": "unknown"}}, {"type": "Feature", "geometry": {"type": "Point", "coordinates": [-85.805405, 38.120721]}, "properties": {"crashes": 1, "injury": 0, "fatal": 0, "pedestrian": 0, "bicycle": 0, "density": 0.2, "year_range": "unknown"}}, {"type": "Feature", "geometry": {"type": "Point", "coordinates": [-85.754955, 38.214414]}, "properties": {"crashes": 1, "injury": 0, "fatal": 0, "pedestrian": 0, "bicycle": 0, "density": 0.2, "year_range": "unknown"}}, {"type": "Feature", "geometry": {"type": "Point", "coordinates": [-85.592793, 38.317117]}, "properties": {"crashes": 1, "injury": 0, "fatal": 0, "pedestrian": 0, "bicycle": 0, "density": 0.2, "year_range": "unknown"}}, {"type": "Feature", "geometry": {"type": "Point", "coordinates": [-85.598198, 38.246847]}, "properties": {"crashes": 1, "injury": 0, "fatal": 0, "pedestrian": 0, "bicycle": 0, "density": 0.2, "year_range": "unknown"}}, {"type": "Feature", "geometry": {"type": "Point", "coordinates": [-85.589189, 38.281081]}, "properties": {"crashes": 2, "injury": 0, "fatal": 0, "pedestrian": 0, "bicycle": 0, "density": 0.5, "year_range": "unknown"}}, {"type": "Feature", "geometry": {"type": "Point", "coordinates": [-85.702703, 38.228829]}, "properties": {"crashes": 1, "injury": 0, "fatal": 0, "pedestrian": 0, "bicycle": 0, "density": 0.2, "year_range": "unknown"}}, {"type": "Feature", "geometry": {"type": "Point", "coordinates": [-85.688288, 38.111712]}, "properties": {"crashes": 1, "injury": 0, "fatal": 0, "pedestrian": 0, "bicycle": 0, "density": 0.2, "year_range": "unknown"}}, {"type": "Feature", "geometry": {"type": "Point", "coordinates": [-85.69009, 38.158559]}, "properties": {"crashes": 4, "injury": 0, "fatal": 0, "pedestrian": 0, "bicycle": 0, "density": 1.0, "year_range": "unknown"}}, {"type": "Feature", "geometry": {"type": "Point", "coordinates": [-85.735135, 38.151351]}, "properties": {"crashes": 2, "injury": 0, "fatal": 0, "pedestrian": 0, "bicycle": 0, "density": 0.5, "year_range": "unknown"}}, {"type": "Feature", "geometry": {"type": "Point", "coordinates": [-85.661261, 38.156757]}, "properties": {"crashes": 3, "injury": 0, "fatal": 0, "pedestrian": 0, "bicycle": 0, "density": 0.8, "year_range": "unknown"}}, {"type": "Feature", "geometry": {"type": "Point", "coordinates": [-85.738739, 38.214414]}, "properties": {"crashes": 1, "injury": 0, "fatal": 0, "pedestrian": 0, "bicycle": 0, "density": 0.2, "year_range": "unknown"}}, {"type": "Feature", "geometry": {"type": "Point", "coordinates": [-85.745946, 38.117117]}, "properties": {"crashes": 1, "injury": 0, "fatal": 0, "pedestrian": 0, "bicycle": 0, "density": 0.2, "year_range": "unknown"}}, {"type": "Feature", "geometry": {"type": "Point", "coordinates": [-85.506306, 38.227027]}, "properties": {"crashes": 1, "injury": 0, "fatal": 0, "pedestrian": 0, "bicycle": 0, "density": 0.2, "year_range": "unknown"}}, {"type": "Feature", "geometry": {"type": "Point", "coordinates": [-85.774775, 38.214414]}, "properties": {"crashes": 1, "injury": 0, "fatal": 0, "pedestrian": 0, "bicycle": 0, "density": 0.2, "year_range": "unknown"}}, {"type": "Feature", "geometry": {"type": "Point", "coordinates": [-85.738739, 38.207207]}, "properties": {"crashes": 1, "injury": 0, "fatal": 0, "pedestrian": 0, "bicycle": 0, "density": 0.2, "year_range": "unknown"}}, {"type": "Feature", "geometry": {"type": "Point", "coordinates": [-85.504505, 38.299099]}, "properties": {"crashes": 1, "injury": 0, "fatal": 0, "pedestrian": 0, "bicycle": 0, "density": 0.2, "year_range": "unknown"}}, {"type": "Feature", "geometry": {"type": "Point", "coordinates": [-85.789189, 38.228829]}, "properties": {"crashes": 2, "injury": 0, "fatal": 0, "pedestrian": 0, "bicycle": 0, "density": 0.5, "year_range": "unknown"}}, {"type": "Feature", "geometry": {"type": "Point", "coordinates": [-85.87027, 38.100901]}, "properties": {"crashes": 1, "injury": 0, "fatal": 0, "pedestrian": 0, "bicycle": 0, "density": 0.2, "year_range": "unknown"}}, {"type": "Feature", "geometry": {"type": "Point", "coordinates": [-85.789189, 38.126126]}, "properties": {"crashes": 1, "injury": 0, "fatal": 0, "pedestrian": 0, "bicycle": 0, "density": 0.2, "year_range": "unknown"}}, {"type": "Feature", "geometry": {"type": "Point", "coordinates": [-85.774775, 38.138739]}, "properties": {"crashes": 1, "injury": 0, "fatal": 0, "pedestrian": 0, "bicycle": 0, "density": 0.2, "year_range": "unknown"}}, {"type": "Feature", "geometry": {"type": "Point", "coordinates": [-85.81982, 38.138739]}, "properties": {"crashes": 1, "injury": 0, "fatal": 0, "pedestrian": 0, "bicycle": 0, "density": 0.2, "year_range": "unknown"}}, {"type": "Feature", "geometry": {"type": "Point", "coordinates": [-85.702703, 38.214414]}, "properties": {"crashes": 2, "injury": 0, "fatal": 0, "pedestrian": 0, "bicycle": 0, "density": 0.5, "year_range": "unknown"}}, {"type": "Feature", "geometry": {"type": "Point", "coordinates": [-85.700901, 38.245045]}, "properties": {"crashes": 4, "injury": 0, "fatal": 0, "pedestrian": 0, "bicycle": 0, "density": 1.0, "year_range": "unknown"}}, {"type": "Feature", "geometry": {"type": "Point", "coordinates": [-85.551351, 38.077477]}, "properties": {"crashes": 1, "injury": 0, "fatal": 0, "pedestrian": 0, "bicycle": 0, "density": 0.2, "year_range": "unknown"}}, {"type": "Feature", "geometry": {"type": "Point", "coordinates": [-85.605405, 38.225225]}, "properties": {"crashes": 1, "injury": 0, "fatal": 0, "pedestrian": 0, "bicycle": 0, "density": 0.2, "year_range": "unknown"}}, {"type": "Feature", "geometry": {"type": "Point", "coordinates": [-85.704505, 38.190991]}, "properties": {"crashes": 2, "injury": 0, "fatal": 0, "pedestrian": 0, "bicycle": 0, "density": 0.5, "year_range": "unknown"}}, {"type": "Feature", "geometry": {"type": "Point", "coordinates": [-85.517117, 38.223423]}, "properties": {"crashes": 1, "injury": 0, "fatal": 0, "pedestrian": 0, "bicycle": 0, "density": 0.2, "year_range": "unknown"}}, {"type": "Feature", "geometry": {"type": "Point", "coordinates": [-85.814414, 38.194595]}, "properties": {"crashes": 1, "injury": 0, "fatal": 0, "pedestrian": 0, "bicycle": 0, "density": 0.2, "year_range": "unknown"}}, {"type": "Feature", "geometry": {"type": "Point", "coordinates": [-85.736937, 38.100901]}, "properties": {"crashes": 1, "injury": 0, "fatal": 0, "pedestrian": 0, "bicycle": 0, "density": 0.2, "year_range": "unknown"}}, {"type": "Feature", "geometry": {"type": "Point", "coordinates": [-85.625225, 38.122523]}, "properties": {"crashes": 1, "injury": 0, "fatal": 0, "pedestrian": 0, "bicycle": 0, "density": 0.2, "year_range": "unknown"}}, {"type": "Feature", "geometry": {"type": "Point", "coordinates": [-85.659459, 38.172973]}, "properties": {"crashes": 1, "injury": 0, "fatal": 0, "pedestrian": 0, "bicycle": 0, "density": 0.2, "year_range": "unknown"}}, {"type": "Feature", "geometry": {"type": "Point", "coordinates": [-85.758559, 38.225225]}, "properties": {"crashes": 3, "injury": 0, "fatal": 0, "pedestrian": 0, "bicycle": 0, "density": 0.8, "year_range": "unknown"}}, {"type": "Feature", "geometry": {"type": "Point", "coordinates": [-85.700901, 38.263063]}, "properties": {"crashes": 1, "injury": 0, "fatal": 0, "pedestrian": 0, "bicycle": 0, "density": 0.2, "year_range": "unknown"}}, {"type": "Feature", "geometry": {"type": "Point", "coordinates": [-85.621622, 38.181982]}, "properties": {"crashes": 1, "injury": 0, "fatal": 0, "pedestrian": 0, "bicycle": 0, "density": 0.2, "year_range": "unknown"}}, {"type": "Feature", "geometry": {"type": "Point", "coordinates": [-85.572973, 38.176577]}, "properties": {"crashes": 1, "injury": 0, "fatal": 0, "pedestrian": 0, "bicycle": 0, "density": 0.2, "year_range": "unknown"}}, {"type": "Feature", "geometry": {"type": "Point", "coordinates": [-85.726126, 38.133333]}, "properties": {"crashes": 1, "injury": 0, "fatal": 0, "pedestrian": 0, "bicycle": 0, "density": 0.2, "year_range": "unknown"}}, {"type": "Feature", "geometry": {"type": "Point", "coordinates": [-85.753153, 38.205405]}, "properties": {"crashes": 1, "injury": 0, "fatal": 0, "pedestrian": 0, "bicycle": 0, "density": 0.2, "year_range": "unknown"}}, {"type": "Feature", "geometry": {"type": "Point", "coordinates": [-85.700901, 38.257658]}, "properties": {"crashes": 1, "injury": 0, "fatal": 0, "pedestrian": 0, "bicycle": 0, "density": 0.2, "year_range": "unknown"}}, {"type": "Feature", "geometry": {"type": "Point", "coordinates": [-85.76036, 38.117117]}, "properties": {"crashes": 1, "injury": 0, "fatal": 0, "pedestrian": 0, "bicycle": 0, "density": 0.2, "year_range": "unknown"}}, {"type": "Feature", "geometry": {"type": "Point", "coordinates": [-85.576577, 38.245045]}, "properties": {"crashes": 1, "injury": 0, "fatal": 0, "pedestrian": 0, "bicycle": 0, "density": 0.2, "year_range": "unknown"}}, {"type": "Feature", "geometry": {"type": "Point", "coordinates": [-85.810811, 38.172973]}, "properties": {"crashes": 1, "injury": 0, "fatal": 0, "pedestrian": 0, "bicycle": 0, "density": 0.2, "year_range": "unknown"}}, {"type": "Feature", "geometry": {"type": "Point", "coordinates": [-85.796396, 38.122523]}, "properties": {"crashes": 1, "injury": 0, "fatal": 0, "pedestrian": 0, "bicycle": 0, "density": 0.2, "year_range": "unknown"}}, {"type": "Feature", "geometry": {"type": "Point", "coordinates": [-85.663063, 38.216216]}, "properties": {"crashes": 1, "injury": 0, "fatal": 0, "pedestrian": 0, "bicycle": 0, "density": 0.2, "year_range": "unknown"}}, {"type": "Feature", "geometry": {"type": "Point", "coordinates": [-85.854054, 38.122523]}, "properties": {"crashes": 1, "injury": 0, "fatal": 0, "pedestrian": 0, "bicycle": 0, "density": 0.2, "year_range": "unknown"}}, {"type": "Feature", "geometry": {"type": "Point", "coordinates": [-85.628829, 38.237838]}, "properties": {"crashes": 1, "injury": 0, "fatal": 0, "pedestrian": 0, "bicycle": 0, "density": 0.2, "year_range": "unknown"}}, {"type": "Feature", "geometry": {"type": "Point", "coordinates": [-85.61982, 38.246847]}, "properties": {"crashes": 2, "injury": 0, "fatal": 0, "pedestrian": 0, "bicycle": 0, "density": 0.5, "year_range": "unknown"}}, {"type": "Feature", "geometry": {"type": "Point", "coordinates": [-85.805405, 38.228829]}, "properties": {"crashes": 1, "injury": 0, "fatal": 0, "pedestrian": 0, "bicycle": 0, "density": 0.2, "year_range": "unknown"}}, {"type": "Feature", "geometry": {"type": "Point", "coordinates": [-85.54955, 38.14955]}, "properties": {"crashes": 1, "injury": 0, "fatal": 0, "pedestrian": 0, "bicycle": 0, "density": 0.2, "year_range": "unknown"}}, {"type": "Feature", "geometry": {"type": "Point", "coordinates": [-85.563964, 38.266667]}, "properties": {"crashes": 1, "injury": 0, "fatal": 0, "pedestrian": 0, "bicycle": 0, "density": 0.2, "year_range": "unknown"}}, {"type": "Feature", "geometry": {"type": "Point", "coordinates": [-85.627027, 38.120721]}, "properties": {"crashes": 1, "injury": 0, "fatal": 0, "pedestrian": 0, "bicycle": 0, "density": 0.2, "year_range": "unknown"}}, {"type": "Feature", "geometry": {"type": "Point", "coordinates": [-85.614414, 38.27027]}, "properties": {"crashes": 5, "injury": 0, "fatal": 0, "pedestrian": 0, "bicycle": 0, "density": 1.2, "year_range": "unknown"}}, {"type": "Feature", "geometry": {"type": "Point", "coordinates": [-85.843243, 38.176577]}, "properties": {"crashes": 2, "injury": 0, "fatal": 0, "pedestrian": 0, "bicycle": 0, "density": 0.5, "year_range": "unknown"}}, {"type": "Feature", "geometry": {"type": "Point", "coordinates": [-85.659459, 38.171171]}, "properties": {"crashes": 2, "injury": 0, "fatal": 0, "pedestrian": 0, "bicycle": 0, "density": 0.5, "year_range": "unknown"}}, {"type": "Feature", "geometry": {"type": "Point", "coordinates": [-85.76036, 38.194595]}, "properties": {"crashes": 1, "injury": 0, "fatal": 0, "pedestrian": 0, "bicycle": 0, "density": 0.2, "year_range": "unknown"}}, {"type": "Feature", "geometry": {"type": "Point", "coordinates": [-85.708108, 38.136937]}, "properties": {"crashes": 2, "injury": 0, "fatal": 0, "pedestrian": 0, "bicycle": 0, "density": 0.5, "year_range": "unknown"}}, {"type": "Feature", "geometry": {"type": "Point", "coordinates": [-85.796396, 38.277477]}, "properties": {"crashes": 3, "injury": 0, "fatal": 0, "pedestrian": 0, "bicycle": 0, "density": 0.8, "year_range": "unknown"}}, {"type": "Feature", "geometry": {"type": "Point", "coordinates": [-85.666667, 38.16036]}, "properties": {"crashes": 1, "injury": 0, "fatal": 0, "pedestrian": 0, "bicycle": 0, "density": 0.2, "year_range": "unknown"}}, {"type": "Feature", "geometry": {"type": "Point", "coordinates": [-85.499099, 38.286486]}, "properties": {"crashes": 1, "injury": 0, "fatal": 0, "pedestrian": 0, "bicycle": 0, "density": 0.2, "year_range": "unknown"}}, {"type": "Feature", "geometry": {"type": "Point", "coordinates": [-85.771171, 38.252252]}, "properties": {"crashes": 1, "injury": 0, "fatal": 0, "pedestrian": 0, "bicycle": 0, "density": 0.2, "year_range": "unknown"}}, {"type": "Feature", "geometry": {"type": "Point", "coordinates": [-85.740541, 38.102703]}, "properties": {"crashes": 1, "injury": 0, "fatal": 0, "pedestrian": 0, "bicycle": 0, "density": 0.2, "year_range": "unknown"}}, {"type": "Feature", "geometry": {"type": "Point", "coordinates": [-85.686486, 38.099099]}, "properties": {"crashes": 1, "injury": 0, "fatal": 0, "pedestrian": 0, "bicycle": 0, "density": 0.2, "year_range": "unknown"}}, {"type": "Feature", "geometry": {"type": "Point", "coordinates": [-85.554955, 38.223423]}, "properties": {"crashes": 1, "injury": 0, "fatal": 0, "pedestrian": 0, "bicycle": 0, "density": 0.2, "year_range": "unknown"}}, {"type": "Feature", "geometry": {"type": "Point", "coordinates": [-85.868468, 38.102703]}, "properties": {"crashes": 1, "injury": 0, "fatal": 0, "pedestrian": 0, "bicycle": 0, "density": 0.2, "year_range": "unknown"}}, {"type": "Feature", "geometry": {"type": "Point", "coordinates": [-85.663063, 38.237838]}, "properties": {"crashes": 1, "injury": 0, "fatal": 0, "pedestrian": 0, "bicycle": 0, "density": 0.2, "year_range": "unknown"}}, {"type": "Feature", "geometry": {"type": "Point", "coordinates": [-85.765766, 38.183784]}, "properties": {"crashes": 2, "injury": 0, "fatal": 0, "pedestrian": 0, "bicycle": 0, "density": 0.5, "year_range": "unknown"}}, {"type": "Feature", "geometry": {"type": "Point", "coordinates": [-85.789189, 38.223423]}, "properties": {"crashes": 2, "injury": 0, "fatal": 0, "pedestrian": 0, "bicycle": 0, "density": 0.5, "year_range": "unknown"}}, {"type": "Feature", "geometry": {"type": "Point", "coordinates": [-85.58018, 38.151351]}, "properties": {"crashes": 1, "injury": 0, "fatal": 0, "pedestrian": 0, "bicycle": 0, "density": 0.2, "year_range": "unknown"}}, {"type": "Feature", "geometry": {"type": "Point", "coordinates": [-85.769369, 38.14955]}, "properties": {"crashes": 2, "injury": 0, "fatal": 0, "pedestrian": 0, "bicycle": 0, "density": 0.5, "year_range": "unknown"}}, {"type": "Feature", "geometry": {"type": "Point", "coordinates": [-85.542342, 38.245045]}, "properties": {"crashes": 2, "injury": 0, "fatal": 0, "pedestrian": 0, "bicycle": 0, "density": 0.5, "year_range": "unknown"}}, {"type": "Feature", "geometry": {"type": "Point", "coordinates": [-85.843243, 38.203604]}, "properties": {"crashes": 1, "injury": 0, "fatal": 0, "pedestrian": 0, "bicycle": 0, "density": 0.2, "year_range": "unknown"}}, {"type": "Feature", "geometry": {"type": "Point", "coordinates": [-85.486486, 38.223423]}, "properties": {"crashes": 1, "injury": 0, "fatal": 0, "pedestrian": 0, "bicycle": 0, "density": 0.2, "year_range": "unknown"}}, {"type": "Feature", "geometry": {"type": "Point", "coordinates": [-85.627027, 38.214414]}, "properties": {"crashes": 2, "injury": 0, "fatal": 0, "pedestrian": 0, "bicycle": 0, "density": 0.5, "year_range": "unknown"}}, {"type": "Feature", "geometry": {"type": "Point", "coordinates": [-85.697297, 38.272072]}, "properties": {"crashes": 1, "injury": 0, "fatal": 0, "pedestrian": 0, "bicycle": 0, "density": 0.2, "year_range": "unknown"}}, {"type": "Feature", "geometry": {"type": "Point", "coordinates": [-85.641441, 38.284685]}, "properties": {"crashes": 1, "injury": 0, "fatal": 0, "pedestrian": 0, "bicycle": 0, "density": 0.2, "year_range": "unknown"}}, {"type": "Feature", "geometry": {"type": "Point", "coordinates": [-85.772973, 38.171171]}, "properties": {"crashes": 2, "injury": 0, "fatal": 0, "pedestrian": 0, "bicycle": 0, "density": 0.5, "year_range": "unknown"}}, {"type": "Feature", "geometry": {"type": "Point", "coordinates": [-85.691892, 38.203604]}, "properties": {"crashes": 1, "injury": 0, "fatal": 0, "pedestrian": 0, "bicycle": 0, "density": 0.2, "year_range": "unknown"}}, {"type": "Feature", "geometry": {"type": "Point", "coordinates": [-85.745946, 38.245045]}, "properties": {"crashes": 3, "injury": 0, "fatal": 0, "pedestrian": 0, "bicycle": 0, "density": 0.8, "year_range": "unknown"}}, {"type": "Feature", "geometry": {"type": "Point", "coordinates": [-85.661261, 38.192793]}, "properties": {"crashes": 1, "injury": 0, "fatal": 0, "pedestrian": 0, "bicycle": 0, "density": 0.2, "year_range": "unknown"}}, {"type": "Feature", "geometry": {"type": "Point", "coordinates": [-85.508108, 38.241441]}, "properties": {"crashes": 1, "injury": 0, "fatal": 0, "pedestrian": 0, "bicycle": 0, "density": 0.2, "year_range": "unknown"}}, {"type": "Feature", "geometry": {"type": "Point", "coordinates": [-85.816216, 38.243243]}, "properties": {"crashes": 1, "injury": 0, "fatal": 0, "pedestrian": 0, "bicycle": 0, "density": 0.2, "year_range": "unknown"}}, {"type": "Feature", "geometry": {"type": "Point", "coordinates": [-85.747748, 38.243243]}, "properties": {"crashes": 1, "injury": 0, "fatal": 0, "pedestrian": 0, "bicycle": 0, "density": 0.2, "year_range": "unknown"}}, {"type": "Feature", "geometry": {"type": "Point", "coordinates": [-85.563964, 38.192793]}, "properties": {"crashes": 2, "injury": 0, "fatal": 0, "pedestrian": 0, "bicycle": 0, "density": 0.5, "year_range": "unknown"}}, {"type": "Feature", "geometry": {"type": "Point", "coordinates": [-85.731532, 38.117117]}, "properties": {"crashes": 1, "injury": 0, "fatal": 0, "pedestrian": 0, "bicycle": 0, "density": 0.2, "year_range": "unknown"}}, {"type": "Feature", "geometry": {"type": "Point", "coordinates": [-85.769369, 38.169369]}, "properties": {"crashes": 1, "injury": 0, "fatal": 0, "pedestrian": 0, "bicycle": 0, "density": 0.2, "year_range": "unknown"}}, {"type": "Feature", "geometry": {"type": "Point", "coordinates": [-85.733333, 38.218018]}, "properties": {"crashes": 1, "injury": 0, "fatal": 0, "pedestrian": 0, "bicycle": 0, "density": 0.2, "year_range": "unknown"}}, {"type": "Feature", "geometry": {"type": "Point", "coordinates": [-85.641441, 38.181982]}, "properties": {"crashes": 1, "injury": 0, "fatal": 0, "pedestrian": 0, "bicycle": 0, "density": 0.2, "year_range": "unknown"}}, {"type": "Feature", "geometry": {"type": "Point", "coordinates": [-85.643243, 38.126126]}, "properties": {"crashes": 2, "injury": 0, "fatal": 0, "pedestrian": 0, "bicycle": 0, "density": 0.5, "year_range": "unknown"}}, {"type": "Feature", "geometry": {"type": "Point", "coordinates": [-85.81982, 38.214414]}, "properties": {"crashes": 1, "injury": 0, "fatal": 0, "pedestrian": 0, "bicycle": 0, "density": 0.2, "year_range": "unknown"}}, {"type": "Feature", "geometry": {"type": "Point", "coordinates": [-85.625225, 38.189189]}, "properties": {"crashes": 1, "injury": 0, "fatal": 0, "pedestrian": 0, "bicycle": 0, "density": 0.2, "year_range": "unknown"}}, {"type": "Feature", "geometry": {"type": "Point", "coordinates": [-85.830631, 38.194595]}, "properties": {"crashes": 1, "injury": 0, "fatal": 0, "pedestrian": 0, "bicycle": 0, "density": 0.2, "year_range": "unknown"}}, {"type": "Feature", "geometry": {"type": "Point", "coordinates": [-85.81982, 38.093694]}, "properties": {"crashes": 1, "injury": 0, "fatal": 0, "pedestrian": 0, "bicycle": 0, "density": 0.2, "year_range": "unknown"}}, {"type": "Feature", "geometry": {"type": "Point", "coordinates": [-85.522523, 38.304505]}, "properties": {"crashes": 1, "injury": 0, "fatal": 0, "pedestrian": 0, "bicycle": 0, "density": 0.2, "year_range": "unknown"}}, {"type": "Feature", "geometry": {"type": "Point", "coordinates": [-85.720721, 38.25045]}, "properties": {"crashes": 2, "injury": 0, "fatal": 0, "pedestrian": 0, "bicycle": 0, "density": 0.5, "year_range": "unknown"}}, {"type": "Feature", "geometry": {"type": "Point", "coordinates": [-85.801802, 38.254054]}, "properties": {"crashes": 1, "injury": 0, "fatal": 0, "pedestrian": 0, "bicycle": 0, "density": 0.2, "year_range": "unknown"}}, {"type": "Feature", "geometry": {"type": "Point", "coordinates": [-85.778378, 38.106306]}, "properties": {"crashes": 2, "injury": 0, "fatal": 0, "pedestrian": 0, "bicycle": 0, "density": 0.5, "year_range": "unknown"}}, {"type": "Feature", "geometry": {"type": "Point", "coordinates": [-85.63964, 38.174775]}, "properties": {"crashes": 1, "injury": 0, "fatal": 0, "pedestrian": 0, "bicycle": 0, "density": 0.2, "year_range": "unknown"}}, {"type": "Feature", "geometry": {"type": "Point", "coordinates": [-85.805405, 38.194595]}, "properties": {"crashes": 2, "injury": 0, "fatal": 0, "pedestrian": 0, "bicycle": 0, "density": 0.5, "year_range": "unknown"}}, {"type": "Feature", "geometry": {"type": "Point", "coordinates": [-85.828829, 38.209009]}, "properties": {"crashes": 1, "injury": 0, "fatal": 0, "pedestrian": 0, "bicycle": 0, "density": 0.2, "year_range": "unknown"}}, {"type": "Feature", "geometry": {"type": "Point", "coordinates": [-85.607207, 38.338739]}, "properties": {"crashes": 1, "injury": 0, "fatal": 0, "pedestrian": 0, "bicycle": 0, "density": 0.2, "year_range": "unknown"}}, {"type": "Feature", "geometry": {"type": "Point", "coordinates": [-85.727928, 38.263063]}, "properties": {"crashes": 1, "injury": 0, "fatal": 0, "pedestrian": 0, "bicycle": 0, "density": 0.2, "year_range": "unknown"}}, {"type": "Feature", "geometry": {"type": "Point", "coordinates": [-85.825225, 38.194595]}, "properties": {"crashes": 2, "injury": 0, "fatal": 0, "pedestrian": 0, "bicycle": 0, "density": 0.5, "year_range": "unknown"}}, {"type": "Feature", "geometry": {"type": "Point", "coordinates": [-85.783784, 38.209009]}, "properties": {"crashes": 1, "injury": 0, "fatal": 0, "pedestrian": 0, "bicycle": 0, "density": 0.2, "year_range": "unknown"}}, {"type": "Feature", "geometry": {"type": "Point", "coordinates": [-85.796396, 38.255856]}, "properties": {"crashes": 1, "injury": 0, "fatal": 0, "pedestrian": 0, "bicycle": 0, "density": 0.2, "year_range": "unknown"}}, {"type": "Feature", "geometry": {"type": "Point", "coordinates": [-85.677477, 38.16036]}, "properties": {"crashes": 1, "injury": 0, "fatal": 0, "pedestrian": 0, "bicycle": 0, "density": 0.2, "year_range": "unknown"}}, {"type": "Feature", "geometry": {"type": "Point", "coordinates": [-85.899099, 38.147748]}, "properties": {"crashes": 2, "injury": 0, "fatal": 0, "pedestrian": 0, "bicycle": 0, "density": 0.5, "year_range": "unknown"}}, {"type": "Feature", "geometry": {"type": "Point", "coordinates": [-85.518919, 38.277477]}, "properties": {"crashes": 2, "injury": 0, "fatal": 0, "pedestrian": 0, "bicycle": 0, "density": 0.5, "year_range": "unknown"}}, {"type": "Feature", "geometry": {"type": "Point", "coordinates": [-85.810811, 38.194595]}, "properties": {"crashes": 1, "injury": 0, "fatal": 0, "pedestrian": 0, "bicycle": 0, "density": 0.2, "year_range": "unknown"}}, {"type": "Feature", "geometry": {"type": "Point", "coordinates": [-85.785586, 38.207207]}, "properties": {"crashes": 1, "injury": 0, "fatal": 0, "pedestrian": 0, "bicycle": 0, "density": 0.2, "year_range": "unknown"}}, {"type": "Feature", "geometry": {"type": "Point", "coordinates": [-85.659459, 38.144144]}, "properties": {"crashes": 5, "injury": 0, "fatal": 0, "pedestrian": 0, "bicycle": 0, "density": 1.2, "year_range": "unknown"}}, {"type": "Feature", "geometry": {"type": "Point", "coordinates": [-85.675676, 38.29009]}, "properties": {"crashes": 2, "injury": 0, "fatal": 0, "pedestrian": 0, "bicycle": 0, "density": 0.5, "year_range": "unknown"}}, {"type": "Feature", "geometry": {"type": "Point", "coordinates": [-85.594595, 38.264865]}, "properties": {"crashes": 1, "injury": 0, "fatal": 0, "pedestrian": 0, "bicycle": 0, "density": 0.2, "year_range": "unknown"}}, {"type": "Feature", "geometry": {"type": "Point", "coordinates": [-85.76036, 38.16036]}, "properties": {"crashes": 1, "injury": 0, "fatal": 0, "pedestrian": 0, "bicycle": 0, "density": 0.2, "year_range": "unknown"}}, {"type": "Feature", "geometry": {"type": "Point", "coordinates": [-85.700901, 38.117117]}, "properties": {"crashes": 1, "injury": 0, "fatal": 0, "pedestrian": 0, "bicycle": 0, "density": 0.2, "year_range": "unknown"}}, {"type": "Feature", "geometry": {"type": "Point", "coordinates": [-85.452252, 38.221622]}, "properties": {"crashes": 1, "injury": 0, "fatal": 0, "pedestrian": 0, "bicycle": 0, "density": 0.2, "year_range": "unknown"}}, {"type": "Feature", "geometry": {"type": "Point", "coordinates": [-85.618018, 38.223423]}, "properties": {"crashes": 1, "injury": 0, "fatal": 0, "pedestrian": 0, "bicycle": 0, "density": 0.2, "year_range": "unknown"}}, {"type": "Feature", "geometry": {"type": "Point", "coordinates": [-85.641441, 38.138739]}, "properties": {"crashes": 1, "injury": 0, "fatal": 0, "pedestrian": 0, "bicycle": 0, "density": 0.2, "year_range": "unknown"}}, {"type": "Feature", "geometry": {"type": "Point", "coordinates": [-85.500901, 38.281081]}, "properties": {"crashes": 1, "injury": 0, "fatal": 0, "pedestrian": 0, "bicycle": 0, "density": 0.2, "year_range": "unknown"}}, {"type": "Feature", "geometry": {"type": "Point", "coordinates": [-85.688288, 38.254054]}, "properties": {"crashes": 3, "injury": 0, "fatal": 0, "pedestrian": 0, "bicycle": 0, "density": 0.8, "year_range": "unknown"}}, {"type": "Feature", "geometry": {"type": "Point", "coordinates": [-85.825225, 38.264865]}, "properties": {"crashes": 1, "injury": 0, "fatal": 0, "pedestrian": 0, "bicycle": 0, "density": 0.2, "year_range": "unknown"}}, {"type": "Feature", "geometry": {"type": "Point", "coordinates": [-85.821622, 38.27027]}, "properties": {"crashes": 1, "injury": 0, "fatal": 0, "pedestrian": 0, "bicycle": 0, "density": 0.2, "year_range": "unknown"}}, {"type": "Feature", "geometry": {"type": "Point", "coordinates": [-85.571171, 38.264865]}, "properties": {"crashes": 1, "injury": 0, "fatal": 0, "pedestrian": 0, "bicycle": 0, "density": 0.2, "year_range": "unknown"}}, {"type": "Feature", "geometry": {"type": "Point", "coordinates": [-85.735135, 38.198198]}, "properties": {"crashes": 1, "injury": 0, "fatal": 0, "pedestrian": 0, "bicycle": 0, "density": 0.2, "year_range": "unknown"}}, {"type": "Feature", "geometry": {"type": "Point", "coordinates": [-85.636036, 38.084685]}, "properties": {"crashes": 1, "injury": 0, "fatal": 0, "pedestrian": 0, "bicycle": 0, "density": 0.2, "year_range": "unknown"}}, {"type": "Feature", "geometry": {"type": "Point", "coordinates": [-85.648649, 38.156757]}, "properties": {"crashes": 2, "injury": 0, "fatal": 0, "pedestrian": 0, "bicycle": 0, "density": 0.5, "year_range": "unknown"}}, {"type": "Feature", "geometry": {"type": "Point", "coordinates": [-85.641441, 38.326126]}, "properties": {"crashes": 1, "injury": 0, "fatal": 0, "pedestrian": 0, "bicycle": 0, "density": 0.2, "year_range": "unknown"}}, {"type": "Feature", "geometry": {"type": "Point", "coordinates": [-85.726126, 38.189189]}, "properties": {"crashes": 1, "injury": 0, "fatal": 0, "pedestrian": 0, "bicycle": 0, "density": 0.2, "year_range": "unknown"}}, {"type": "Feature", "geometry": {"type": "Point", "coordinates": [-85.796396, 38.25045]}, "properties": {"crashes": 1, "injury": 0, "fatal": 0, "pedestrian": 0, "bicycle": 0, "density": 0.2, "year_range": "unknown"}}, {"type": "Feature", "geometry": {"type": "Point", "coordinates": [-85.783784, 38.176577]}, "properties": {"crashes": 1, "injury": 0, "fatal": 0, "pedestrian": 0, "bicycle": 0, "density": 0.2, "year_range": "unknown"}}, {"type": "Feature", "geometry": {"type": "Point", "coordinates": [-85.727928, 38.243243]}, "properties": {"crashes": 3, "injury": 0, "fatal": 0, "pedestrian": 0, "bicycle": 0, "density": 0.8, "year_range": "unknown"}}, {"type": "Feature", "geometry": {"type": "Point", "coordinates": [-85.740541, 38.259459]}, "properties": {"crashes": 4, "injury": 0, "fatal": 0, "pedestrian": 0, "bicycle": 0, "density": 1.0, "year_range": "unknown"}}, {"type": "Feature", "geometry": {"type": "Point", "coordinates": [-85.72973, 38.223423]}, "properties": {"crashes": 2, "injury": 0, "fatal": 0, "pedestrian": 0, "bicycle": 0, "density": 0.5, "year_range": "unknown"}}, {"type": "Feature", "geometry": {"type": "Point", "coordinates": [-85.756757, 38.145946]}, "properties": {"crashes": 3, "injury": 0, "fatal": 0, "pedestrian": 0, "bicycle": 0, "density": 0.8, "year_range": "unknown"}}, {"type": "Feature", "geometry": {"type": "Point", "coordinates": [-85.637838, 38.181982]}, "properties": {"crashes": 3, "injury": 0, "fatal": 0, "pedestrian": 0, "bicycle": 0, "density": 0.8, "year_range": "unknown"}}, {"type": "Feature", "geometry": {"type": "Point", "coordinates": [-85.810811, 38.187387]}, "properties": {"crashes": 3, "injury": 0, "fatal": 0, "pedestrian": 0, "bicycle": 0, "density": 0.8, "year_range": "unknown"}}, {"type": "Feature", "geometry": {"type": "Point", "coordinates": [-85.522523, 38.288288]}, "properties": {"crashes": 1, "injury": 0, "fatal": 0, "pedestrian": 0, "bicycle": 0, "density": 0.2, "year_range": "unknown"}}, {"type": "Feature", "geometry": {"type": "Point", "coordinates": [-85.774775, 38.261261]}, "properties": {"crashes": 1, "injury": 0, "fatal": 0, "pedestrian": 0, "bicycle": 0, "density": 0.2, "year_range": "unknown"}}, {"type": "Feature", "geometry": {"type": "Point", "coordinates": [-85.774775, 38.263063]}, "properties": {"crashes": 1, "injury": 0, "fatal": 0, "pedestrian": 0, "bicycle": 0, "density": 0.2, "year_range": "unknown"}}, {"type": "Feature", "geometry": {"type": "Point", "coordinates": [-85.6, 38.248649]}, "properties": {"crashes": 2, "injury": 0, "fatal": 0, "pedestrian": 0, "bicycle": 0, "density": 0.5, "year_range": "unknown"}}, {"type": "Feature", "geometry": {"type": "Point", "coordinates": [-85.781982, 38.255856]}, "properties": {"crashes": 1, "injury": 0, "fatal": 0, "pedestrian": 0, "bicycle": 0, "density": 0.2, "year_range": "unknown"}}, {"type": "Feature", "geometry": {"type": "Point", "coordinates": [-85.756757, 38.190991]}, "properties": {"crashes": 2, "injury": 0, "fatal": 0, "pedestrian": 0, "bicycle": 0, "density": 0.5, "year_range": "unknown"}}, {"type": "Feature", "geometry": {"type": "Point", "coordinates": [-85.527928, 38.223423]}, "properties": {"crashes": 1, "injury": 0, "fatal": 0, "pedestrian": 0, "bicycle": 0, "density": 0.2, "year_range": "unknown"}}, {"type": "Feature", "geometry": {"type": "Point", "coordinates": [-85.747748, 38.241441]}, "properties": {"crashes": 1, "injury": 0, "fatal": 0, "pedestrian": 0, "bicycle": 0, "density": 0.2, "year_range": "unknown"}}, {"type": "Feature", "geometry": {"type": "Point", "coordinates": [-85.621622, 38.324324]}, "properties": {"crashes": 1, "injury": 0, "fatal": 0, "pedestrian": 0, "bicycle": 0, "density": 0.2, "year_range": "unknown"}}, {"type": "Feature", "geometry": {"type": "Point", "coordinates": [-85.691892, 38.201802]}, "properties": {"crashes": 3, "injury": 0, "fatal": 0, "pedestrian": 0, "bicycle": 0, "density": 0.8, "year_range": "unknown"}}, {"type": "Feature", "geometry": {"type": "Point", "coordinates": [-85.531532, 38.288288]}, "properties": {"crashes": 2, "injury": 0, "fatal": 0, "pedestrian": 0, "bicycle": 0, "density": 0.5, "year_range": "unknown"}}, {"type": "Feature", "geometry": {"type": "Point", "coordinates": [-85.576577, 38.313514]}, "properties": {"crashes": 1, "injury": 0, "fatal": 0, "pedestrian": 0, "bicycle": 0, "density": 0.2, "year_range": "unknown"}}, {"type": "Feature", "geometry": {"type": "Point", "coordinates": [-85.554955, 38.295495]}, "properties": {"crashes": 3, "injury": 0, "fatal": 0, "pedestrian": 0, "bicycle": 0, "density": 0.8, "year_range": "unknown"}}, {"type": "Feature", "geometry": {"type": "Point", "coordinates": [-85.475676, 38.190991]}, "properties": {"crashes": 2, "injury": 0, "fatal": 0, "pedestrian": 0, "bicycle": 0, "density": 0.5, "year_range": "unknown"}}, {"type": "Feature", "geometry": {"type": "Point", "coordinates": [-85.753153, 38.190991]}, "properties": {"crashes": 1, "injury": 0, "fatal": 0, "pedestrian": 0, "bicycle": 0, "density": 0.2, "year_range": "unknown"}}, {"type": "Feature", "geometry": {"type": "Point", "coordinates": [-85.724324, 38.091892]}, "properties": {"crashes": 1, "injury": 0, "fatal": 0, "pedestrian": 0, "bicycle": 0, "density": 0.2, "year_range": "unknown"}}, {"type": "Feature", "geometry": {"type": "Point", "coordinates": [-85.672072, 38.10991]}, "properties": {"crashes": 1, "injury": 0, "fatal": 0, "pedestrian": 0, "bicycle": 0, "density": 0.2, "year_range": "unknown"}}, {"type": "Feature", "geometry": {"type": "Point", "coordinates": [-85.695495, 38.201802]}, "properties": {"crashes": 1, "injury": 0, "fatal": 0, "pedestrian": 0, "bicycle": 0, "density": 0.2, "year_range": "unknown"}}, {"type": "Feature", "geometry": {"type": "Point", "coordinates": [-85.794595, 38.227027]}, "properties": {"crashes": 1, "injury": 0, "fatal": 0, "pedestrian": 0, "bicycle": 0, "density": 0.2, "year_range": "unknown"}}, {"type": "Feature", "geometry": {"type": "Point", "coordinates": [-85.827027, 38.169369]}, "properties": {"crashes": 2, "injury": 0, "fatal": 0, "pedestrian": 0, "bicycle": 0, "density": 0.5, "year_range": "unknown"}}, {"type": "Feature", "geometry": {"type": "Point", "coordinates": [-85.711712, 38.225225]}, "properties": {"crashes": 1, "injury": 0, "fatal": 0, "pedestrian": 0, "bicycle": 0, "density": 0.2, "year_range": "unknown"}}, {"type": "Feature", "geometry": {"type": "Point", "coordinates": [-85.607207, 38.362162]}, "properties": {"crashes": 1, "injury": 0, "fatal": 0, "pedestrian": 0, "bicycle": 0, "density": 0.2, "year_range": "unknown"}}, {"type": "Feature", "geometry": {"type": "Point", "coordinates": [-85.583784, 38.302703]}, "properties": {"crashes": 2, "injury": 0, "fatal": 0, "pedestrian": 0, "bicycle": 0, "density": 0.5, "year_range": "unknown"}}, {"type": "Feature", "geometry": {"type": "Point", "coordinates": [-85.754955, 38.252252]}, "properties": {"crashes": 1, "injury": 0, "fatal": 0, "pedestrian": 0, "bicycle": 0, "density": 0.2, "year_range": "unknown"}}, {"type": "Feature", "geometry": {"type": "Point", "coordinates": [-85.736937, 38.095495]}, "properties": {"crashes": 1, "injury": 0, "fatal": 0, "pedestrian": 0, "bicycle": 0, "density": 0.2, "year_range": "unknown"}}, {"type": "Feature", "geometry": {"type": "Point", "coordinates": [-85.843243, 38.196396]}, "properties": {"crashes": 1, "injury": 0, "fatal": 0, "pedestrian": 0, "bicycle": 0, "density": 0.2, "year_range": "unknown"}}, {"type": "Feature", "geometry": {"type": "Point", "coordinates": [-85.733333, 38.210811]}, "properties": {"crashes": 1, "injury": 0, "fatal": 0, "pedestrian": 0, "bicycle": 0, "density": 0.2, "year_range": "unknown"}}, {"type": "Feature", "geometry": {"type": "Point", "coordinates": [-85.576577, 38.142342]}, "properties": {"crashes": 2, "injury": 0, "fatal": 0, "pedestrian": 0, "bicycle": 0, "density": 0.5, "year_range": "unknown"}}, {"type": "Feature", "geometry": {"type": "Point", "coordinates": [-85.866667, 38.05045]}, "properties": {"crashes": 1, "injury": 0, "fatal": 0, "pedestrian": 0, "bicycle": 0, "density": 0.2, "year_range": "unknown"}}, {"type": "Feature", "geometry": {"type": "Point", "coordinates": [-85.67027, 38.172973]}, "properties": {"crashes": 2, "injury": 0, "fatal": 0, "pedestrian": 0, "bicycle": 0, "density": 0.5, "year_range": "unknown"}}, {"type": "Feature", "geometry": {"type": "Point", "coordinates": [-85.789189, 38.257658]}, "properties": {"crashes": 1, "injury": 0, "fatal": 0, "pedestrian": 0, "bicycle": 0, "density": 0.2, "year_range": "unknown"}}, {"type": "Feature", "geometry": {"type": "Point", "coordinates": [-85.81982, 38.115315]}, "properties": {"crashes": 1, "injury": 0, "fatal": 0, "pedestrian": 0, "bicycle": 0, "density": 0.2, "year_range": "unknown"}}, {"type": "Feature", "geometry": {"type": "Point", "coordinates": [-85.742342, 38.117117]}, "properties": {"crashes": 2, "injury": 0, "fatal": 0, "pedestrian": 0, "bicycle": 0, "density": 0.5, "year_range": "unknown"}}, {"type": "Feature", "geometry": {"type": "Point", "coordinates": [-85.679279, 38.147748]}, "properties": {"crashes": 1, "injury": 0, "fatal": 0, "pedestrian": 0, "bicycle": 0, "density": 0.2, "year_range": "unknown"}}, {"type": "Feature", "geometry": {"type": "Point", "coordinates": [-85.745946, 38.246847]}, "properties": {"crashes": 2, "injury": 0, "fatal": 0, "pedestrian": 0, "bicycle": 0, "density": 0.5, "year_range": "unknown"}}, {"type": "Feature", "geometry": {"type": "Point", "coordinates": [-85.731532, 38.196396]}, "properties": {"crashes": 1, "injury": 0, "fatal": 0, "pedestrian": 0, "bicycle": 0, "density": 0.2, "year_range": "unknown"}}, {"type": "Feature", "geometry": {"type": "Point", "coordinates": [-85.733333, 38.12973]}, "properties": {"crashes": 1, "injury": 0, "fatal": 0, "pedestrian": 0, "bicycle": 0, "density": 0.2, "year_range": "unknown"}}, {"type": "Feature", "geometry": {"type": "Point", "coordinates": [-85.654054, 38.183784]}, "properties": {"crashes": 1, "injury": 0, "fatal": 0, "pedestrian": 0, "bicycle": 0, "density": 0.2, "year_range": "unknown"}}, {"type": "Feature", "geometry": {"type": "Point", "coordinates": [-85.531532, 38.2]}, "properties": {"crashes": 1, "injury": 0, "fatal": 0, "pedestrian": 0, "bicycle": 0, "density": 0.2, "year_range": "unknown"}}, {"type": "Feature", "geometry": {"type": "Point", "coordinates": [-85.834234, 38.115315]}, "properties": {"crashes": 2, "injury": 0, "fatal": 0, "pedestrian": 0, "bicycle": 0, "density": 0.5, "year_range": "unknown"}}, {"type": "Feature", "geometry": {"type": "Point", "coordinates": [-85.684685, 38.203604]}, "properties": {"crashes": 2, "injury": 0, "fatal": 0, "pedestrian": 0, "bicycle": 0, "density": 0.5, "year_range": "unknown"}}, {"type": "Feature", "geometry": {"type": "Point", "coordinates": [-85.825225, 38.227027]}, "properties": {"crashes": 2, "injury": 0, "fatal": 0, "pedestrian": 0, "bicycle": 0, "density": 0.5, "year_range": "unknown"}}, {"type": "Feature", "geometry": {"type": "Point", "coordinates": [-85.637838, 38.183784]}, "properties": {"crashes": 1, "injury": 0, "fatal": 0, "pedestrian": 0, "bicycle": 0, "density": 0.2, "year_range": "unknown"}}, {"type": "Feature", "geometry": {"type": "Point", "coordinates": [-85.628829, 38.232432]}, "properties": {"crashes": 1, "injury": 0, "fatal": 0, "pedestrian": 0, "bicycle": 0, "density": 0.2, "year_range": "unknown"}}, {"type": "Feature", "geometry": {"type": "Point", "coordinates": [-85.594595, 38.300901]}, "properties": {"crashes": 1, "injury": 0, "fatal": 0, "pedestrian": 0, "bicycle": 0, "density": 0.2, "year_range": "unknown"}}, {"type": "Feature", "geometry": {"type": "Point", "coordinates": [-85.708108, 38.259459]}, "properties": {"crashes": 1, "injury": 0, "fatal": 0, "pedestrian": 0, "bicycle": 0, "density": 0.2, "year_range": "unknown"}}, {"type": "Feature", "geometry": {"type": "Point", "coordinates": [-85.695495, 38.136937]}, "properties": {"crashes": 2, "injury": 0, "fatal": 0, "pedestrian": 0, "bicycle": 0, "density": 0.5, "year_range": "unknown"}}, {"type": "Feature", "geometry": {"type": "Point", "coordinates": [-85.85045, 38.104505]}, "properties": {"crashes": 1, "injury": 0, "fatal": 0, "pedestrian": 0, "bicycle": 0, "density": 0.2, "year_range": "unknown"}}, {"type": "Feature", "geometry": {"type": "Point", "coordinates": [-85.765766, 38.162162]}, "properties": {"crashes": 1, "injury": 0, "fatal": 0, "pedestrian": 0, "bicycle": 0, "density": 0.2, "year_range": "unknown"}}, {"type": "Feature", "geometry": {"type": "Point", "coordinates": [-85.762162, 38.174775]}, "properties": {"crashes": 1, "injury": 0, "fatal": 0, "pedestrian": 0, "bicycle": 0, "density": 0.2, "year_range": "unknown"}}, {"type": "Feature", "geometry": {"type": "Point", "coordinates": [-85.50991, 38.245045]}, "properties": {"crashes": 1, "injury": 0, "fatal": 0, "pedestrian": 0, "bicycle": 0, "density": 0.2, "year_range": "unknown"}}, {"type": "Feature", "geometry": {"type": "Point", "coordinates": [-85.823423, 38.095495]}, "properties": {"crashes": 1, "injury": 0, "fatal": 0, "pedestrian": 0, "bicycle": 0, "density": 0.2, "year_range": "unknown"}}, {"type": "Feature", "geometry": {"type": "Point", "coordinates": [-85.765766, 38.223423]}, "properties": {"crashes": 2, "injury": 0, "fatal": 0, "pedestrian": 0, "bicycle": 0, "density": 0.5, "year_range": "unknown"}}, {"type": "Feature", "geometry": {"type": "Point", "coordinates": [-85.708108, 38.227027]}, "properties": {"crashes": 3, "injury": 0, "fatal": 0, "pedestrian": 0, "bicycle": 0, "density": 0.8, "year_range": "unknown"}}, {"type": "Feature", "geometry": {"type": "Point", "coordinates": [-85.762162, 38.257658]}, "properties": {"crashes": 1, "injury": 0, "fatal": 0, "pedestrian": 0, "bicycle": 0, "density": 0.2, "year_range": "unknown"}}, {"type": "Feature", "geometry": {"type": "Point", "coordinates": [-85.711712, 38.230631]}, "properties": {"crashes": 5, "injury": 0, "fatal": 0, "pedestrian": 0, "bicycle": 0, "density": 1.2, "year_range": "unknown"}}, {"type": "Feature", "geometry": {"type": "Point", "coordinates": [-85.661261, 38.102703]}, "properties": {"crashes": 1, "injury": 0, "fatal": 0, "pedestrian": 0, "bicycle": 0, "density": 0.2, "year_range": "unknown"}}, {"type": "Feature", "geometry": {"type": "Point", "coordinates": [-85.70991, 38.156757]}, "properties": {"crashes": 2, "injury": 0, "fatal": 0, "pedestrian": 0, "bicycle": 0, "density": 0.5, "year_range": "unknown"}}, {"type": "Feature", "geometry": {"type": "Point", "coordinates": [-85.711712, 38.135135]}, "properties": {"crashes": 1, "injury": 0, "fatal": 0, "pedestrian": 0, "bicycle": 0, "density": 0.2, "year_range": "unknown"}}, {"type": "Feature", "geometry": {"type": "Point", "coordinates": [-85.818018, 38.181982]}, "properties": {"crashes": 1, "injury": 0, "fatal": 0, "pedestrian": 0, "bicycle": 0, "density": 0.2, "year_range": "unknown"}}, {"type": "Feature", "geometry": {"type": "Point", "coordinates": [-85.663063, 38.254054]}, "properties": {"crashes": 1, "injury": 0, "fatal": 0, "pedestrian": 0, "bicycle": 0, "density": 0.2, "year_range": "unknown"}}, {"type": "Feature", "geometry": {"type": "Point", "coordinates": [-85.792793, 38.21982]}, "properties": {"crashes": 1, "injury": 0, "fatal": 0, "pedestrian": 0, "bicycle": 0, "density": 0.2, "year_range": "unknown"}}, {"type": "Feature", "geometry": {"type": "Point", "coordinates": [-85.547748, 38.187387]}, "properties": {"crashes": 2, "injury": 0, "fatal": 0, "pedestrian": 0, "bicycle": 0, "density": 0.5, "year_range": "unknown"}}, {"type": "Feature", "geometry": {"type": "Point", "coordinates": [-85.520721, 38.243243]}, "properties": {"crashes": 5, "injury": 0, "fatal": 0, "pedestrian": 0, "bicycle": 0, "density": 1.2, "year_range": "unknown"}}, {"type": "Feature", "geometry": {"type": "Point", "coordinates": [-85.607207, 38.171171]}, "properties": {"crashes": 1, "injury": 0, "fatal": 0, "pedestrian": 0, "bicycle": 0, "density": 0.2, "year_range": "unknown"}}, {"type": "Feature", "geometry": {"type": "Point", "coordinates": [-85.585586, 38.140541]}, "properties": {"crashes": 1, "injury": 0, "fatal": 0, "pedestrian": 0, "bicycle": 0, "density": 0.2, "year_range": "unknown"}}, {"type": "Feature", "geometry": {"type": "Point", "coordinates": [-85.587387, 38.140541]}, "properties": {"crashes": 1, "injury": 0, "fatal": 0, "pedestrian": 0, "bicycle": 0, "density": 0.2, "year_range": "unknown"}}, {"type": "Feature", "geometry": {"type": "Point", "coordinates": [-85.794595, 38.201802]}, "properties": {"crashes": 3, "injury": 0, "fatal": 0, "pedestrian": 0, "bicycle": 0, "density": 0.8, "year_range": "unknown"}}, {"type": "Feature", "geometry": {"type": "Point", "coordinates": [-85.774775, 38.194595]}, "properties": {"crashes": 1, "injury": 0, "fatal": 0, "pedestrian": 0, "bicycle": 0, "density": 0.2, "year_range": "unknown"}}, {"type": "Feature", "geometry": {"type": "Point", "coordinates": [-85.702703, 38.189189]}, "properties": {"crashes": 1, "injury": 0, "fatal": 0, "pedestrian": 0, "bicycle": 0, "density": 0.2, "year_range": "unknown"}}, {"type": "Feature", "geometry": {"type": "Point", "coordinates": [-85.733333, 38.263063]}, "properties": {"crashes": 1, "injury": 0, "fatal": 0, "pedestrian": 0, "bicycle": 0, "density": 0.2, "year_range": "unknown"}}, {"type": "Feature", "geometry": {"type": "Point", "coordinates": [-85.596396, 38.135135]}, "properties": {"crashes": 2, "injury": 0, "fatal": 0, "pedestrian": 0, "bicycle": 0, "density": 0.5, "year_range": "unknown"}}, {"type": "Feature", "geometry": {"type": "Point", "coordinates": [-85.578378, 38.304505]}, "properties": {"crashes": 1, "injury": 0, "fatal": 0, "pedestrian": 0, "bicycle": 0, "density": 0.2, "year_range": "unknown"}}, {"type": "Feature", "geometry": {"type": "Point", "coordinates": [-85.699099, 38.158559]}, "properties": {"crashes": 2, "injury": 0, "fatal": 0, "pedestrian": 0, "bicycle": 0, "density": 0.5, "year_range": "unknown"}}, {"type": "Feature", "geometry": {"type": "Point", "coordinates": [-85.562162, 38.315315]}, "properties": {"crashes": 1, "injury": 0, "fatal": 0, "pedestrian": 0, "bicycle": 0, "density": 0.2, "year_range": "unknown"}}, {"type": "Feature", "geometry": {"type": "Point", "coordinates": [-85.744144, 38.218018]}, "properties": {"crashes": 2, "injury": 0, "fatal": 0, "pedestrian": 0, "bicycle": 0, "density": 0.5, "year_range": "unknown"}}, {"type": "Feature", "geometry": {"type": "Point", "coordinates": [-85.798198, 38.223423]}, "properties": {"crashes": 2, "injury": 0, "fatal": 0, "pedestrian": 0, "bicycle": 0, "density": 0.5, "year_range": "unknown"}}, {"type": "Feature", "geometry": {"type": "Point", "coordinates": [-85.590991, 38.317117]}, "properties": {"crashes": 1, "injury": 0, "fatal": 0, "pedestrian": 0, "bicycle": 0, "density": 0.2, "year_range": "unknown"}}, {"type": "Feature", "geometry": {"type": "Point", "coordinates": [-85.695495, 38.210811]}, "properties": {"crashes": 1, "injury": 0, "fatal": 0, "pedestrian": 0, "bicycle": 0, "density": 0.2, "year_range": "unknown"}}, {"type": "Feature", "geometry": {"type": "Point", "coordinates": [-85.792793, 38.140541]}, "properties": {"crashes": 1, "injury": 0, "fatal": 0, "pedestrian": 0, "bicycle": 0, "density": 0.2, "year_range": "unknown"}}, {"type": "Feature", "geometry": {"type": "Point", "coordinates": [-85.821622, 38.210811]}, "properties": {"crashes": 1, "injury": 0, "fatal": 0, "pedestrian": 0, "bicycle": 0, "density": 0.2, "year_range": "unknown"}}, {"type": "Feature", "geometry": {"type": "Point", "coordinates": [-85.758559, 38.18018]}, "properties": {"crashes": 1, "injury": 0, "fatal": 0, "pedestrian": 0, "bicycle": 0, "density": 0.2, "year_range": "unknown"}}, {"type": "Feature", "geometry": {"type": "Point", "coordinates": [-85.682883, 38.138739]}, "properties": {"crashes": 1, "injury": 0, "fatal": 0, "pedestrian": 0, "bicycle": 0, "density": 0.2, "year_range": "unknown"}}, {"type": "Feature", "geometry": {"type": "Point", "coordinates": [-85.673874, 38.248649]}, "properties": {"crashes": 1, "injury": 0, "fatal": 0, "pedestrian": 0, "bicycle": 0, "density": 0.2, "year_range": "unknown"}}, {"type": "Feature", "geometry": {"type": "Point", "coordinates": [-85.747748, 38.248649]}, "properties": {"crashes": 1, "injury": 0, "fatal": 0, "pedestrian": 0, "bicycle": 0, "density": 0.2, "year_range": "unknown"}}, {"type": "Feature", "geometry": {"type": "Point", "coordinates": [-85.754955, 38.192793]}, "properties": {"crashes": 1, "injury": 0, "fatal": 0, "pedestrian": 0, "bicycle": 0, "density": 0.2, "year_range": "unknown"}}, {"type": "Feature", "geometry": {"type": "Point", "coordinates": [-85.702703, 38.118919]}, "properties": {"crashes": 1, "injury": 0, "fatal": 0, "pedestrian": 0, "bicycle": 0, "density": 0.2, "year_range": "unknown"}}, {"type": "Feature", "geometry": {"type": "Point", "coordinates": [-85.790991, 38.255856]}, "properties": {"crashes": 1, "injury": 0, "fatal": 0, "pedestrian": 0, "bicycle": 0, "density": 0.2, "year_range": "unknown"}}, {"type": "Feature", "geometry": {"type": "Point", "coordinates": [-85.592793, 38.30991]}, "properties": {"crashes": 2, "injury": 0, "fatal": 0, "pedestrian": 0, "bicycle": 0, "density": 0.5, "year_range": "unknown"}}, {"type": "Feature", "geometry": {"type": "Point", "coordinates": [-85.744144, 38.252252]}, "properties": {"crashes": 1, "injury": 0, "fatal": 0, "pedestrian": 0, "bicycle": 0, "density": 0.2, "year_range": "unknown"}}, {"type": "Feature", "geometry": {"type": "Point", "coordinates": [-85.855856, 38.12973]}, "properties": {"crashes": 1, "injury": 0, "fatal": 0, "pedestrian": 0, "bicycle": 0, "density": 0.2, "year_range": "unknown"}}, {"type": "Feature", "geometry": {"type": "Point", "coordinates": [-85.679279, 38.151351]}, "properties": {"crashes": 1, "injury": 0, "fatal": 0, "pedestrian": 0, "bicycle": 0, "density": 0.2, "year_range": "unknown"}}, {"type": "Feature", "geometry": {"type": "Point", "coordinates": [-85.762162, 38.14955]}, "properties": {"crashes": 1, "injury": 0, "fatal": 0, "pedestrian": 0, "bicycle": 0, "density": 0.2, "year_range": "unknown"}}, {"type": "Feature", "geometry": {"type": "Point", "coordinates": [-85.904505, 38.072072]}, "properties": {"crashes": 1, "injury": 0, "fatal": 0, "pedestrian": 0, "bicycle": 0, "density": 0.2, "year_range": "unknown"}}, {"type": "Feature", "geometry": {"type": "Point", "coordinates": [-85.774775, 38.259459]}, "properties": {"crashes": 1, "injury": 0, "fatal": 0, "pedestrian": 0, "bicycle": 0, "density": 0.2, "year_range": "unknown"}}, {"type": "Feature", "geometry": {"type": "Point", "coordinates": [-85.520721, 38.245045]}, "properties": {"crashes": 1, "injury": 0, "fatal": 0, "pedestrian": 0, "bicycle": 0, "density": 0.2, "year_range": "unknown"}}, {"type": "Feature", "geometry": {"type": "Point", "coordinates": [-85.563964, 38.246847]}, "properties": {"crashes": 1, "injury": 0, "fatal": 0, "pedestrian": 0, "bicycle": 0, "density": 0.2, "year_range": "unknown"}}, {"type": "Feature", "geometry": {"type": "Point", "coordinates": [-85.536937, 38.263063]}, "properties": {"crashes": 1, "injury": 0, "fatal": 0, "pedestrian": 0, "bicycle": 0, "density": 0.2, "year_range": "unknown"}}, {"type": "Feature", "geometry": {"type": "Point", "coordinates": [-85.558559, 38.293694]}, "properties": {"crashes": 2, "injury": 0, "fatal": 0, "pedestrian": 0, "bicycle": 0, "density": 0.5, "year_range": "unknown"}}, {"type": "Feature", "geometry": {"type": "Point", "coordinates": [-85.74955, 38.171171]}, "properties": {"crashes": 1, "injury": 0, "fatal": 0, "pedestrian": 0, "bicycle": 0, "density": 0.2, "year_range": "unknown"}}, {"type": "Feature", "geometry": {"type": "Point", "coordinates": [-85.628829, 38.14955]}, "properties": {"crashes": 1, "injury": 0, "fatal": 0, "pedestrian": 0, "bicycle": 0, "density": 0.2, "year_range": "unknown"}}, {"type": "Feature", "geometry": {"type": "Point", "coordinates": [-85.614414, 38.118919]}, "properties": {"crashes": 1, "injury": 0, "fatal": 0, "pedestrian": 0, "bicycle": 0, "density": 0.2, "year_range": "unknown"}}, {"type": "Feature", "geometry": {"type": "Point", "coordinates": [-85.751351, 38.214414]}, "properties": {"crashes": 1, "injury": 0, "fatal": 0, "pedestrian": 0, "bicycle": 0, "density": 0.2, "year_range": "unknown"}}, {"type": "Feature", "geometry": {"type": "Point", "coordinates": [-85.798198, 38.268468]}, "properties": {"crashes": 2, "injury": 0, "fatal": 0, "pedestrian": 0, "bicycle": 0, "density": 0.5, "year_range": "unknown"}}, {"type": "Feature", "geometry": {"type": "Point", "coordinates": [-85.776577, 38.120721]}, "properties": {"crashes": 1, "injury": 0, "fatal": 0, "pedestrian": 0, "bicycle": 0, "density": 0.2, "year_range": "unknown"}}, {"type": "Feature", "geometry": {"type": "Point", "coordinates": [-85.805405, 38.25045]}, "properties": {"crashes": 1, "injury": 0, "fatal": 0, "pedestrian": 0, "bicycle": 0, "density": 0.2, "year_range": "unknown"}}, {"type": "Feature", "geometry": {"type": "Point", "coordinates": [-85.648649, 38.09009]}, "properties": {"crashes": 3, "injury": 0, "fatal": 0, "pedestrian": 0, "bicycle": 0, "density": 0.8, "year_range": "unknown"}}, {"type": "Feature", "geometry": {"type": "Point", "coordinates": [-85.763964, 38.165766]}, "properties": {"crashes": 2, "injury": 0, "fatal": 0, "pedestrian": 0, "bicycle": 0, "density": 0.5, "year_range": "unknown"}}, {"type": "Feature", "geometry": {"type": "Point", "coordinates": [-85.558559, 38.212613]}, "properties": {"crashes": 1, "injury": 0, "fatal": 0, "pedestrian": 0, "bicycle": 0, "density": 0.2, "year_range": "unknown"}}, {"type": "Feature", "geometry": {"type": "Point", "coordinates": [-85.699099, 38.136937]}, "properties": {"crashes": 1, "injury": 0, "fatal": 0, "pedestrian": 0, "bicycle": 0, "density": 0.2, "year_range": "unknown"}}, {"type": "Feature", "geometry": {"type": "Point", "coordinates": [-85.585586, 38.198198]}, "properties": {"crashes": 1, "injury": 0, "fatal": 0, "pedestrian": 0, "bicycle": 0, "density": 0.2, "year_range": "unknown"}}, {"type": "Feature", "geometry": {"type": "Point", "coordinates": [-85.762162, 38.248649]}, "properties": {"crashes": 1, "injury": 0, "fatal": 0, "pedestrian": 0, "bicycle": 0, "density": 0.2, "year_range": "unknown"}}, {"type": "Feature", "geometry": {"type": "Point", "coordinates": [-85.596396, 38.133333]}, "properties": {"crashes": 1, "injury": 0, "fatal": 0, "pedestrian": 0, "bicycle": 0, "density": 0.2, "year_range": "unknown"}}, {"type": "Feature", "geometry": {"type": "Point", "coordinates": [-85.832432, 38.162162]}, "properties": {"crashes": 3, "injury": 0, "fatal": 0, "pedestrian": 0, "bicycle": 0, "density": 0.8, "year_range": "unknown"}}, {"type": "Feature", "geometry": {"type": "Point", "coordinates": [-85.572973, 38.315315]}, "properties": {"crashes": 1, "injury": 0, "fatal": 0, "pedestrian": 0, "bicycle": 0, "density": 0.2, "year_range": "unknown"}}, {"type": "Feature", "geometry": {"type": "Point", "coordinates": [-85.502703, 38.241441]}, "properties": {"crashes": 1, "injury": 0, "fatal": 0, "pedestrian": 0, "bicycle": 0, "density": 0.2, "year_range": "unknown"}}, {"type": "Feature", "geometry": {"type": "Point", "coordinates": [-85.868468, 38.176577]}, "properties": {"crashes": 2, "injury": 0, "fatal": 0, "pedestrian": 0, "bicycle": 0, "density": 0.5, "year_range": "unknown"}}, {"type": "Feature", "geometry": {"type": "Point", "coordinates": [-85.814414, 38.255856]}, "properties": {"crashes": 1, "injury": 0, "fatal": 0, "pedestrian": 0, "bicycle": 0, "density": 0.2, "year_range": "unknown"}}, {"type": "Feature", "geometry": {"type": "Point", "coordinates": [-85.654054, 38.178378]}, "properties": {"crashes": 1, "injury": 0, "fatal": 0, "pedestrian": 0, "bicycle": 0, "density": 0.2, "year_range": "unknown"}}, {"type": "Feature", "geometry": {"type": "Point", "coordinates": [-85.655856, 38.21982]}, "properties": {"crashes": 2, "injury": 0, "fatal": 0, "pedestrian": 0, "bicycle": 0, "density": 0.5, "year_range": "unknown"}}, {"type": "Feature", "geometry": {"type": "Point", "coordinates": [-85.875676, 38.104505]}, "properties": {"crashes": 1, "injury": 0, "fatal": 0, "pedestrian": 0, "bicycle": 0, "density": 0.2, "year_range": "unknown"}}, {"type": "Feature", "geometry": {"type": "Point", "coordinates": [-85.720721, 38.236036]}, "properties": {"crashes": 1, "injury": 0, "fatal": 0, "pedestrian": 0, "bicycle": 0, "density": 0.2, "year_range": "unknown"}}, {"type": "Feature", "geometry": {"type": "Point", "coordinates": [-85.753153, 38.117117]}, "properties": {"crashes": 1, "injury": 0, "fatal": 0, "pedestrian": 0, "bicycle": 0, "density": 0.2, "year_range": "unknown"}}, {"type": "Feature", "geometry": {"type": "Point", "coordinates": [-85.836036, 38.117117]}, "properties": {"crashes": 1, "injury": 0, "fatal": 0, "pedestrian": 0, "bicycle": 0, "density": 0.2, "year_range": "unknown"}}, {"type": "Feature", "geometry": {"type": "Point", "coordinates": [-85.765766, 38.10991]}, "properties": {"crashes": 1, "injury": 0, "fatal": 0, "pedestrian": 0, "bicycle": 0, "density": 0.2, "year_range": "unknown"}}, {"type": "Feature", "geometry": {"type": "Point", "coordinates": [-85.610811, 38.172973]}, "properties": {"crashes": 1, "injury": 0, "fatal": 0, "pedestrian": 0, "bicycle": 0, "density": 0.2, "year_range": "unknown"}}, {"type": "Feature", "geometry": {"type": "Point", "coordinates": [-85.812613, 38.228829]}, "properties": {"crashes": 1, "injury": 0, "fatal": 0, "pedestrian": 0, "bicycle": 0, "density": 0.2, "year_range": "unknown"}}, {"type": "Feature", "geometry": {"type": "Point", "coordinates": [-85.805405, 38.263063]}, "properties": {"crashes": 1, "injury": 0, "fatal": 0, "pedestrian": 0, "bicycle": 0, "density": 0.2, "year_range": "unknown"}}, {"type": "Feature", "geometry": {"type": "Point", "coordinates": [-85.776577, 38.243243]}, "properties": {"crashes": 1, "injury": 0, "fatal": 0, "pedestrian": 0, "bicycle": 0, "density": 0.2, "year_range": "unknown"}}, {"type": "Feature", "geometry": {"type": "Point", "coordinates": [-85.515315, 38.284685]}, "properties": {"crashes": 1, "injury": 0, "fatal": 0, "pedestrian": 0, "bicycle": 0, "density": 0.2, "year_range": "unknown"}}, {"type": "Feature", "geometry": {"type": "Point", "coordinates": [-85.81982, 38.234234]}, "properties": {"crashes": 1, "injury": 0, "fatal": 0, "pedestrian": 0, "bicycle": 0, "density": 0.2, "year_range": "unknown"}}, {"type": "Feature", "geometry": {"type": "Point", "coordinates": [-85.776577, 38.259459]}, "properties": {"crashes": 2, "injury": 0, "fatal": 0, "pedestrian": 0, "bicycle": 0, "density": 0.5, "year_range": "unknown"}}, {"type": "Feature", "geometry": {"type": "Point", "coordinates": [-85.827027, 38.181982]}, "properties": {"crashes": 1, "injury": 0, "fatal": 0, "pedestrian": 0, "bicycle": 0, "density": 0.2, "year_range": "unknown"}}, {"type": "Feature", "geometry": {"type": "Point", "coordinates": [-85.763964, 38.118919]}, "properties": {"crashes": 1, "injury": 0, "fatal": 0, "pedestrian": 0, "bicycle": 0, "density": 0.2, "year_range": "unknown"}}, {"type": "Feature", "geometry": {"type": "Point", "coordinates": [-85.832432, 38.203604]}, "properties": {"crashes": 1, "injury": 0, "fatal": 0, "pedestrian": 0, "bicycle": 0, "density": 0.2, "year_range": "unknown"}}, {"type": "Feature", "geometry": {"type": "Point", "coordinates": [-85.612613, 38.144144]}, "properties": {"crashes": 1, "injury": 0, "fatal": 0, "pedestrian": 0, "bicycle": 0, "density": 0.2, "year_range": "unknown"}}, {"type": "Feature", "geometry": {"type": "Point", "coordinates": [-85.772973, 38.196396]}, "properties": {"crashes": 1, "injury": 0, "fatal": 0, "pedestrian": 0, "bicycle": 0, "density": 0.2, "year_range": "unknown"}}, {"type": "Feature", "geometry": {"type": "Point", "coordinates": [-85.455856, 38.221622]}, "properties": {"crashes": 1, "injury": 0, "fatal": 0, "pedestrian": 0, "bicycle": 0, "density": 0.2, "year_range": "unknown"}}, {"type": "Feature", "geometry": {"type": "Point", "coordinates": [-85.789189, 38.196396]}, "properties": {"crashes": 1, "injury": 0, "fatal": 0, "pedestrian": 0, "bicycle": 0, "density": 0.2, "year_range": "unknown"}}, {"type": "Feature", "geometry": {"type": "Point", "coordinates": [-85.693694, 38.133333]}, "properties": {"crashes": 1, "injury": 0, "fatal": 0, "pedestrian": 0, "bicycle": 0, "density": 0.2, "year_range": "unknown"}}, {"type": "Feature", "geometry": {"type": "Point", "coordinates": [-85.527928, 38.198198]}, "properties": {"crashes": 1, "injury": 0, "fatal": 0, "pedestrian": 0, "bicycle": 0, "density": 0.2, "year_range": "unknown"}}, {"type": "Feature", "geometry": {"type": "Point", "coordinates": [-85.774775, 38.207207]}, "properties": {"crashes": 1, "injury": 0, "fatal": 0, "pedestrian": 0, "bicycle": 0, "density": 0.2, "year_range": "unknown"}}, {"type": "Feature", "geometry": {"type": "Point", "coordinates": [-85.751351, 38.223423]}, "properties": {"crashes": 2, "injury": 0, "fatal": 0, "pedestrian": 0, "bicycle": 0, "density": 0.5, "year_range": "unknown"}}, {"type": "Feature", "geometry": {"type": "Point", "coordinates": [-85.508108, 38.243243]}, "properties": {"crashes": 2, "injury": 0, "fatal": 0, "pedestrian": 0, "bicycle": 0, "density": 0.5, "year_range": "unknown"}}, {"type": "Feature", "geometry": {"type": "Point", "coordinates": [-85.805405, 38.111712]}, "properties": {"crashes": 2, "injury": 0, "fatal": 0, "pedestrian": 0, "bicycle": 0, "density": 0.5, "year_range": "unknown"}}, {"type": "Feature", "geometry": {"type": "Point", "coordinates": [-85.567568, 38.10991]}, "properties": {"crashes": 3, "injury": 0, "fatal": 0, "pedestrian": 0, "bicycle": 0, "density": 0.8, "year_range": "unknown"}}, {"type": "Feature", "geometry": {"type": "Point", "coordinates": [-85.713514, 38.124324]}, "properties": {"crashes": 1, "injury": 0, "fatal": 0, "pedestrian": 0, "bicycle": 0, "density": 0.2, "year_range": "unknown"}}, {"type": "Feature", "geometry": {"type": "Point", "coordinates": [-85.771171, 38.176577]}, "properties": {"crashes": 2, "injury": 0, "fatal": 0, "pedestrian": 0, "bicycle": 0, "density": 0.5, "year_range": "unknown"}}, {"type": "Feature", "geometry": {"type": "Point", "coordinates": [-85.790991, 38.259459]}, "properties": {"crashes": 1, "injury": 0, "fatal": 0, "pedestrian": 0, "bicycle": 0, "density": 0.2, "year_range": "unknown"}}, {"type": "Feature", "geometry": {"type": "Point", "coordinates": [-85.772973, 38.257658]}, "properties": {"crashes": 1, "injury": 0, "fatal": 0, "pedestrian": 0, "bicycle": 0, "density": 0.2, "year_range": "unknown"}}, {"type": "Feature", "geometry": {"type": "Point", "coordinates": [-85.56036, 38.189189]}, "properties": {"crashes": 1, "injury": 0, "fatal": 0, "pedestrian": 0, "bicycle": 0, "density": 0.2, "year_range": "unknown"}}, {"type": "Feature", "geometry": {"type": "Point", "coordinates": [-85.614414, 38.347748]}, "properties": {"crashes": 2, "injury": 0, "fatal": 0, "pedestrian": 0, "bicycle": 0, "density": 0.5, "year_range": "unknown"}}, {"type": "Feature", "geometry": {"type": "Point", "coordinates": [-85.792793, 38.192793]}, "properties": {"crashes": 1, "injury": 0, "fatal": 0, "pedestrian": 0, "bicycle": 0, "density": 0.2, "year_range": "unknown"}}, {"type": "Feature", "geometry": {"type": "Point", "coordinates": [-85.61982, 38.322523]}, "properties": {"crashes": 1, "injury": 0, "fatal": 0, "pedestrian": 0, "bicycle": 0, "density": 0.2, "year_range": "unknown"}}, {"type": "Feature", "geometry": {"type": "Point", "coordinates": [-85.643243, 38.189189]}, "properties": {"crashes": 1, "injury": 0, "fatal": 0, "pedestrian": 0, "bicycle": 0, "density": 0.2, "year_range": "unknown"}}, {"type": "Feature", "geometry": {"type": "Point", "coordinates": [-85.803604, 38.237838]}, "properties": {"crashes": 1, "injury": 0, "fatal": 0, "pedestrian": 0, "bicycle": 0, "density": 0.2, "year_range": "unknown"}}, {"type": "Feature", "geometry": {"type": "Point", "coordinates": [-85.814414, 38.21982]}, "properties": {"crashes": 1, "injury": 0, "fatal": 0, "pedestrian": 0, "bicycle": 0, "density": 0.2, "year_range": "unknown"}}, {"type": "Feature", "geometry": {"type": "Point", "coordinates": [-85.569369, 38.176577]}, "properties": {"crashes": 1, "injury": 0, "fatal": 0, "pedestrian": 0, "bicycle": 0, "density": 0.2, "year_range": "unknown"}}, {"type": "Feature", "geometry": {"type": "Point", "coordinates": [-85.796396, 38.257658]}, "properties": {"crashes": 1, "injury": 0, "fatal": 0, "pedestrian": 0, "bicycle": 0, "density": 0.2, "year_range": "unknown"}}, {"type": "Feature", "geometry": {"type": "Point", "coordinates": [-85.643243, 38.131532]}, "properties": {"crashes": 2, "injury": 0, "fatal": 0, "pedestrian": 0, "bicycle": 0, "density": 0.5, "year_range": "unknown"}}, {"type": "Feature", "geometry": {"type": "Point", "coordinates": [-85.522523, 38.313514]}, "properties": {"crashes": 1, "injury": 0, "fatal": 0, "pedestrian": 0, "bicycle": 0, "density": 0.2, "year_range": "unknown"}}, {"type": "Feature", "geometry": {"type": "Point", "coordinates": [-85.873874, 38.176577]}, "properties": {"crashes": 1, "injury": 0, "fatal": 0, "pedestrian": 0, "bicycle": 0, "density": 0.2, "year_range": "unknown"}}, {"type": "Feature", "geometry": {"type": "Point", "coordinates": [-85.753153, 38.248649]}, "properties": {"crashes": 2, "injury": 0, "fatal": 0, "pedestrian": 0, "bicycle": 0, "density": 0.5, "year_range": "unknown"}}, {"type": "Feature", "geometry": {"type": "Point", "coordinates": [-85.781982, 38.172973]}, "properties": {"crashes": 4, "injury": 0, "fatal": 0, "pedestrian": 0, "bicycle": 0, "density": 1.0, "year_range": "unknown"}}, {"type": "Feature", "geometry": {"type": "Point", "coordinates": [-85.50991, 38.221622]}, "properties": {"crashes": 1, "injury": 0, "fatal": 0, "pedestrian": 0, "bicycle": 0, "density": 0.2, "year_range": "unknown"}}, {"type": "Feature", "geometry": {"type": "Point", "coordinates": [-85.607207, 38.174775]}, "properties": {"crashes": 1, "injury": 0, "fatal": 0, "pedestrian": 0, "bicycle": 0, "density": 0.2, "year_range": "unknown"}}, {"type": "Feature", "geometry": {"type": "Point", "coordinates": [-85.774775, 38.142342]}, "properties": {"crashes": 1, "injury": 0, "fatal": 0, "pedestrian": 0, "bicycle": 0, "density": 0.2, "year_range": "unknown"}}, {"type": "Feature", "geometry": {"type": "Point", "coordinates": [-85.645045, 38.221622]}, "properties": {"crashes": 1, "injury": 0, "fatal": 0, "pedestrian": 0, "bicycle": 0, "density": 0.2, "year_range": "unknown"}}, {"type": "Feature", "geometry": {"type": "Point", "coordinates": [-85.792793, 38.158559]}, "properties": {"crashes": 1, "injury": 0, "fatal": 0, "pedestrian": 0, "bicycle": 0, "density": 0.2, "year_range": "unknown"}}, {"type": "Feature", "geometry": {"type": "Point", "coordinates": [-85.758559, 38.245045]}, "properties": {"crashes": 1, "injury": 0, "fatal": 0, "pedestrian": 0, "bicycle": 0, "density": 0.2, "year_range": "unknown"}}, {"type": "Feature", "geometry": {"type": "Point", "coordinates": [-85.544144, 38.300901]}, "properties": {"crashes": 2, "injury": 0, "fatal": 0, "pedestrian": 0, "bicycle": 0, "density": 0.5, "year_range": "unknown"}}, {"type": "Feature", "geometry": {"type": "Point", "coordinates": [-85.517117, 38.187387]}, "properties": {"crashes": 1, "injury": 0, "fatal": 0, "pedestrian": 0, "bicycle": 0, "density": 0.2, "year_range": "unknown"}}, {"type": "Feature", "geometry": {"type": "Point", "coordinates": [-85.753153, 38.172973]}, "properties": {"crashes": 1, "injury": 0, "fatal": 0, "pedestrian": 0, "bicycle": 0, "density": 0.2, "year_range": "unknown"}}, {"type": "Feature", "geometry": {"type": "Point", "coordinates": [-85.621622, 38.320721]}, "properties": {"crashes": 1, "injury": 0, "fatal": 0, "pedestrian": 0, "bicycle": 0, "density": 0.2, "year_range": "unknown"}}, {"type": "Feature", "geometry": {"type": "Point", "coordinates": [-85.681081, 38.10991]}, "properties": {"crashes": 2, "injury": 0, "fatal": 0, "pedestrian": 0, "bicycle": 0, "density": 0.5, "year_range": "unknown"}}, {"type": "Feature", "geometry": {"type": "Point", "coordinates": [-85.736937, 38.236036]}, "properties": {"crashes": 1, "injury": 0, "fatal": 0, "pedestrian": 0, "bicycle": 0, "density": 0.2, "year_range": "unknown"}}, {"type": "Feature", "geometry": {"type": "Point", "coordinates": [-85.538739, 38.218018]}, "properties": {"crashes": 1, "injury": 0, "fatal": 0, "pedestrian": 0, "bicycle": 0, "density": 0.2, "year_range": "unknown"}}, {"type": "Feature", "geometry": {"type": "Point", "coordinates": [-85.753153, 38.252252]}, "properties": {"crashes": 2, "injury": 0, "fatal": 0, "pedestrian": 0, "bicycle": 0, "density": 0.5, "year_range": "unknown"}}, {"type": "Feature", "geometry": {"type": "Point", "coordinates": [-85.645045, 38.288288]}, "properties": {"crashes": 1, "injury": 0, "fatal": 0, "pedestrian": 0, "bicycle": 0, "density": 0.2, "year_range": "unknown"}}, {"type": "Feature", "geometry": {"type": "Point", "coordinates": [-85.636036, 38.230631]}, "properties": {"crashes": 1, "injury": 0, "fatal": 0, "pedestrian": 0, "bicycle": 0, "density": 0.2, "year_range": "unknown"}}, {"type": "Feature", "geometry": {"type": "Point", "coordinates": [-85.553153, 38.079279]}, "properties": {"crashes": 1, "injury": 0, "fatal": 0, "pedestrian": 0, "bicycle": 0, "density": 0.2, "year_range": "unknown"}}, {"type": "Feature", "geometry": {"type": "Point", "coordinates": [-85.677477, 38.218018]}, "properties": {"crashes": 1, "injury": 0, "fatal": 0, "pedestrian": 0, "bicycle": 0, "density": 0.2, "year_range": "unknown"}}, {"type": "Feature", "geometry": {"type": "Point", "coordinates": [-85.763964, 38.255856]}, "properties": {"crashes": 1, "injury": 0, "fatal": 0, "pedestrian": 0, "bicycle": 0, "density": 0.2, "year_range": "unknown"}}, {"type": "Feature", "geometry": {"type": "Point", "coordinates": [-85.776577, 38.255856]}, "properties": {"crashes": 1, "injury": 0, "fatal": 0, "pedestrian": 0, "bicycle": 0, "density": 0.2, "year_range": "unknown"}}, {"type": "Feature", "geometry": {"type": "Point", "coordinates": [-85.632432, 38.16036]}, "properties": {"crashes": 1, "injury": 0, "fatal": 0, "pedestrian": 0, "bicycle": 0, "density": 0.2, "year_range": "unknown"}}, {"type": "Feature", "geometry": {"type": "Point", "coordinates": [-85.641441, 38.104505]}, "properties": {"crashes": 1, "injury": 0, "fatal": 0, "pedestrian": 0, "bicycle": 0, "density": 0.2, "year_range": "unknown"}}, {"type": "Feature", "geometry": {"type": "Point", "coordinates": [-85.581982, 38.142342]}, "properties": {"crashes": 1, "injury": 0, "fatal": 0, "pedestrian": 0, "bicycle": 0, "density": 0.2, "year_range": "unknown"}}, {"type": "Feature", "geometry": {"type": "Point", "coordinates": [-85.697297, 38.241441]}, "properties": {"crashes": 1, "injury": 0, "fatal": 0, "pedestrian": 0, "bicycle": 0, "density": 0.2, "year_range": "unknown"}}, {"type": "Feature", "geometry": {"type": "Point", "coordinates": [-85.771171, 38.185586]}, "properties": {"crashes": 1, "injury": 0, "fatal": 0, "pedestrian": 0, "bicycle": 0, "density": 0.2, "year_range": "unknown"}}, {"type": "Feature", "geometry": {"type": "Point", "coordinates": [-85.774775, 38.225225]}, "properties": {"crashes": 1, "injury": 0, "fatal": 0, "pedestrian": 0, "bicycle": 0, "density": 0.2, "year_range": "unknown"}}, {"type": "Feature", "geometry": {"type": "Point", "coordinates": [-85.740541, 38.203604]}, "properties": {"crashes": 1, "injury": 0, "fatal": 0, "pedestrian": 0, "bicycle": 0, "density": 0.2, "year_range": "unknown"}}, {"type": "Feature", "geometry": {"type": "Point", "coordinates": [-85.663063, 38.201802]}, "properties": {"crashes": 1, "injury": 0, "fatal": 0, "pedestrian": 0, "bicycle": 0, "density": 0.2, "year_range": "unknown"}}, {"type": "Feature", "geometry": {"type": "Point", "coordinates": [-85.625225, 38.144144]}, "properties": {"crashes": 2, "injury": 0, "fatal": 0, "pedestrian": 0, "bicycle": 0, "density": 0.5, "year_range": "unknown"}}, {"type": "Feature", "geometry": {"type": "Point", "coordinates": [-85.769369, 38.118919]}, "properties": {"crashes": 2, "injury": 0, "fatal": 0, "pedestrian": 0, "bicycle": 0, "density": 0.5, "year_range": "unknown"}}, {"type": "Feature", "geometry": {"type": "Point", "coordinates": [-85.859459, 38.140541]}, "properties": {"crashes": 1, "injury": 0, "fatal": 0, "pedestrian": 0, "bicycle": 0, "density": 0.2, "year_range": "unknown"}}, {"type": "Feature", "geometry": {"type": "Point", "coordinates": [-85.643243, 38.120721]}, "properties": {"crashes": 2, "injury": 0, "fatal": 0, "pedestrian": 0, "bicycle": 0, "density": 0.5, "year_range": "unknown"}}, {"type": "Feature", "geometry": {"type": "Point", "coordinates": [-85.834234, 38.093694]}, "properties": {"crashes": 2, "injury": 0, "fatal": 0, "pedestrian": 0, "bicycle": 0, "density": 0.5, "year_range": "unknown"}}, {"type": "Feature", "geometry": {"type": "Point", "coordinates": [-85.781982, 38.171171]}, "properties": {"crashes": 1, "injury": 0, "fatal": 0, "pedestrian": 0, "bicycle": 0, "density": 0.2, "year_range": "unknown"}}, {"type": "Feature", "geometry": {"type": "Point", "coordinates": [-85.790991, 38.254054]}, "properties": {"crashes": 1, "injury": 0, "fatal": 0, "pedestrian": 0, "bicycle": 0, "density": 0.2, "year_range": "unknown"}}, {"type": "Feature", "geometry": {"type": "Point", "coordinates": [-85.636036, 38.252252]}, "properties": {"crashes": 2, "injury": 0, "fatal": 0, "pedestrian": 0, "bicycle": 0, "density": 0.5, "year_range": "unknown"}}, {"type": "Feature", "geometry": {"type": "Point", "coordinates": [-85.735135, 38.263063]}, "properties": {"crashes": 2, "injury": 0, "fatal": 0, "pedestrian": 0, "bicycle": 0, "density": 0.5, "year_range": "unknown"}}, {"type": "Feature", "geometry": {"type": "Point", "coordinates": [-85.812613, 38.183784]}, "properties": {"crashes": 2, "injury": 0, "fatal": 0, "pedestrian": 0, "bicycle": 0, "density": 0.5, "year_range": "unknown"}}, {"type": "Feature", "geometry": {"type": "Point", "coordinates": [-85.881081, 38.108108]}, "properties": {"crashes": 1, "injury": 0, "fatal": 0, "pedestrian": 0, "bicycle": 0, "density": 0.2, "year_range": "unknown"}}, {"type": "Feature", "geometry": {"type": "Point", "coordinates": [-85.789189, 38.259459]}, "properties": {"crashes": 3, "injury": 0, "fatal": 0, "pedestrian": 0, "bicycle": 0, "density": 0.8, "year_range": "unknown"}}, {"type": "Feature", "geometry": {"type": "Point", "coordinates": [-85.556757, 38.322523]}, "properties": {"crashes": 1, "injury": 0, "fatal": 0, "pedestrian": 0, "bicycle": 0, "density": 0.2, "year_range": "unknown"}}, {"type": "Feature", "geometry": {"type": "Point", "coordinates": [-85.767568, 38.23964]}, "properties": {"crashes": 2, "injury": 0, "fatal": 0, "pedestrian": 0, "bicycle": 0, "density": 0.5, "year_range": "unknown"}}, {"type": "Feature", "geometry": {"type": "Point", "coordinates": [-85.641441, 38.234234]}, "properties": {"crashes": 2, "injury": 0, "fatal": 0, "pedestrian": 0, "bicycle": 0, "density": 0.5, "year_range": "unknown"}}, {"type": "Feature", "geometry": {"type": "Point", "coordinates": [-85.646847, 38.190991]}, "properties": {"crashes": 1, "injury": 0, "fatal": 0, "pedestrian": 0, "bicycle": 0, "density": 0.2, "year_range": "unknown"}}, {"type": "Feature", "geometry": {"type": "Point", "coordinates": [-85.789189, 38.246847]}, "properties": {"crashes": 1, "injury": 0, "fatal": 0, "pedestrian": 0, "bicycle": 0, "density": 0.2, "year_range": "unknown"}}, {"type": "Feature", "geometry": {"type": "Point", "coordinates": [-85.706306, 38.261261]}, "properties": {"crashes": 1, "injury": 0, "fatal": 0, "pedestrian": 0, "bicycle": 0, "density": 0.2, "year_range": "unknown"}}, {"type": "Feature", "geometry": {"type": "Point", "coordinates": [-85.70991, 38.243243]}, "properties": {"crashes": 1, "injury": 0, "fatal": 0, "pedestrian": 0, "bicycle": 0, "density": 0.2, "year_range": "unknown"}}, {"type": "Feature", "geometry": {"type": "Point", "coordinates": [-85.493694, 38.221622]}, "properties": {"crashes": 1, "injury": 0, "fatal": 0, "pedestrian": 0, "bicycle": 0, "density": 0.2, "year_range": "unknown"}}, {"type": "Feature", "geometry": {"type": "Point", "coordinates": [-85.590991, 38.266667]}, "properties": {"crashes": 1, "injury": 0, "fatal": 0, "pedestrian": 0, "bicycle": 0, "density": 0.2, "year_range": "unknown"}}, {"type": "Feature", "geometry": {"type": "Point", "coordinates": [-85.818018, 38.248649]}, "properties": {"crashes": 1, "injury": 0, "fatal": 0, "pedestrian": 0, "bicycle": 0, "density": 0.2, "year_range": "unknown"}}, {"type": "Feature", "geometry": {"type": "Point", "coordinates": [-85.625225, 38.190991]}, "properties": {"crashes": 2, "injury": 0, "fatal": 0, "pedestrian": 0, "bicycle": 0, "density": 0.5, "year_range": "unknown"}}, {"type": "Feature", "geometry": {"type": "Point", "coordinates": [-85.765766, 38.18018]}, "properties": {"crashes": 1, "injury": 0, "fatal": 0, "pedestrian": 0, "bicycle": 0, "density": 0.2, "year_range": "unknown"}}, {"type": "Feature", "geometry": {"type": "Point", "coordinates": [-85.574775, 38.306306]}, "properties": {"crashes": 1, "injury": 0, "fatal": 0, "pedestrian": 0, "bicycle": 0, "density": 0.2, "year_range": "unknown"}}, {"type": "Feature", "geometry": {"type": "Point", "coordinates": [-85.727928, 38.187387]}, "properties": {"crashes": 1, "injury": 0, "fatal": 0, "pedestrian": 0, "bicycle": 0, "density": 0.2, "year_range": "unknown"}}, {"type": "Feature", "geometry": {"type": "Point", "coordinates": [-85.466667, 38.221622]}, "properties": {"crashes": 1, "injury": 0, "fatal": 0, "pedestrian": 0, "bicycle": 0, "density": 0.2, "year_range": "unknown"}}, {"type": "Feature", "geometry": {"type": "Point", "coordinates": [-85.675676, 38.140541]}, "properties": {"crashes": 1, "injury": 0, "fatal": 0, "pedestrian": 0, "bicycle": 0, "density": 0.2, "year_range": "unknown"}}, {"type": "Feature", "geometry": {"type": "Point", "coordinates": [-85.545946, 38.324324]}, "properties": {"crashes": 1, "injury": 0, "fatal": 0, "pedestrian": 0, "bicycle": 0, "density": 0.2, "year_range": "unknown"}}, {"type": "Feature", "geometry": {"type": "Point", "coordinates": [-85.576577, 38.304505]}, "properties": {"crashes": 3, "injury": 0, "fatal": 0, "pedestrian": 0, "bicycle": 0, "density": 0.8, "year_range": "unknown"}}, {"type": "Feature", "geometry": {"type": "Point", "coordinates": [-85.787387, 38.245045]}, "properties": {"crashes": 1, "injury": 0, "fatal": 0, "pedestrian": 0, "bicycle": 0, "density": 0.2, "year_range": "unknown"}}, {"type": "Feature", "geometry": {"type": "Point", "coordinates": [-85.772973, 38.133333]}, "properties": {"crashes": 3, "injury": 0, "fatal": 0, "pedestrian": 0, "bicycle": 0, "density": 0.8, "year_range": "unknown"}}, {"type": "Feature", "geometry": {"type": "Point", "coordinates": [-85.807207, 38.234234]}, "properties": {"crashes": 1, "injury": 0, "fatal": 0, "pedestrian": 0, "bicycle": 0, "density": 0.2, "year_range": "unknown"}}, {"type": "Feature", "geometry": {"type": "Point", "coordinates": [-85.632432, 38.086486]}, "properties": {"crashes": 1, "injury": 0, "fatal": 0, "pedestrian": 0, "bicycle": 0, "density": 0.2, "year_range": "unknown"}}, {"type": "Feature", "geometry": {"type": "Point", "coordinates": [-85.637838, 38.236036]}, "properties": {"crashes": 1, "injury": 0, "fatal": 0, "pedestrian": 0, "bicycle": 0, "density": 0.2, "year_range": "unknown"}}, {"type": "Feature", "geometry": {"type": "Point", "coordinates": [-85.767568, 38.111712]}, "properties": {"crashes": 3, "injury": 0, "fatal": 0, "pedestrian": 0, "bicycle": 0, "density": 0.8, "year_range": "unknown"}}, {"type": "Feature", "geometry": {"type": "Point", "coordinates": [-85.562162, 38.320721]}, "properties": {"crashes": 2, "injury": 0, "fatal": 0, "pedestrian": 0, "bicycle": 0, "density": 0.5, "year_range": "unknown"}}, {"type": "Feature", "geometry": {"type": "Point", "coordinates": [-85.675676, 38.254054]}, "properties": {"crashes": 2, "injury": 0, "fatal": 0, "pedestrian": 0, "bicycle": 0, "density": 0.5, "year_range": "unknown"}}, {"type": "Feature", "geometry": {"type": "Point", "coordinates": [-85.515315, 38.300901]}, "properties": {"crashes": 1, "injury": 0, "fatal": 0, "pedestrian": 0, "bicycle": 0, "density": 0.2, "year_range": "unknown"}}, {"type": "Feature", "geometry": {"type": "Point", "coordinates": [-85.61982, 38.16036]}, "properties": {"crashes": 1, "injury": 0, "fatal": 0, "pedestrian": 0, "bicycle": 0, "density": 0.2, "year_range": "unknown"}}, {"type": "Feature", "geometry": {"type": "Point", "coordinates": [-85.524324, 38.268468]}, "properties": {"crashes": 1, "injury": 0, "fatal": 0, "pedestrian": 0, "bicycle": 0, "density": 0.2, "year_range": "unknown"}}, {"type": "Feature", "geometry": {"type": "Point", "coordinates": [-85.56036, 38.201802]}, "properties": {"crashes": 2, "injury": 0, "fatal": 0, "pedestrian": 0, "bicycle": 0, "density": 0.5, "year_range": "unknown"}}, {"type": "Feature", "geometry": {"type": "Point", "coordinates": [-85.664865, 38.185586]}, "properties": {"crashes": 1, "injury": 0, "fatal": 0, "pedestrian": 0, "bicycle": 0, "density": 0.2, "year_range": "unknown"}}, {"type": "Feature", "geometry": {"type": "Point", "coordinates": [-85.565766, 38.102703]}, "properties": {"crashes": 2, "injury": 0, "fatal": 0, "pedestrian": 0, "bicycle": 0, "density": 0.5, "year_range": "unknown"}}, {"type": "Feature", "geometry": {"type": "Point", "coordinates": [-85.841441, 38.165766]}, "properties": {"crashes": 1, "injury": 0, "fatal": 0, "pedestrian": 0, "bicycle": 0, "density": 0.2, "year_range": "unknown"}}, {"type": "Feature", "geometry": {"type": "Point", "coordinates": [-85.547748, 38.136937]}, "properties": {"crashes": 1, "injury": 0, "fatal": 0, "pedestrian": 0, "bicycle": 0, "density": 0.2, "year_range": "unknown"}}, {"type": "Feature", "geometry": {"type": "Point", "coordinates": [-85.618018, 38.342342]}, "properties": {"crashes": 1, "injury": 0, "fatal": 0, "pedestrian": 0, "bicycle": 0, "density": 0.2, "year_range": "unknown"}}, {"type": "Feature", "geometry": {"type": "Point", "coordinates": [-85.603604, 38.318919]}, "properties": {"crashes": 1, "injury": 0, "fatal": 0, "pedestrian": 0, "bicycle": 0, "density": 0.2, "year_range": "unknown"}}, {"type": "Feature", "geometry": {"type": "Point", "coordinates": [-85.726126, 38.264865]}, "properties": {"crashes": 2, "injury": 0, "fatal": 0, "pedestrian": 0, "bicycle": 0, "density": 0.5, "year_range": "unknown"}}, {"type": "Feature", "geometry": {"type": "Point", "coordinates": [-85.796396, 38.263063]}, "properties": {"crashes": 1, "injury": 0, "fatal": 0, "pedestrian": 0, "bicycle": 0, "density": 0.2, "year_range": "unknown"}}, {"type": "Feature", "geometry": {"type": "Point", "coordinates": [-85.56036, 38.2]}, "properties": {"crashes": 1, "injury": 0, "fatal": 0, "pedestrian": 0, "bicycle": 0, "density": 0.2, "year_range": "unknown"}}, {"type": "Feature", "geometry": {"type": "Point", "coordinates": [-85.634234, 38.225225]}, "properties": {"crashes": 1, "injury": 0, "fatal": 0, "pedestrian": 0, "bicycle": 0, "density": 0.2, "year_range": "unknown"}}, {"type": "Feature", "geometry": {"type": "Point", "coordinates": [-85.772973, 38.135135]}, "properties": {"crashes": 1, "injury": 0, "fatal": 0, "pedestrian": 0, "bicycle": 0, "density": 0.2, "year_range": "unknown"}}, {"type": "Feature", "geometry": {"type": "Point", "coordinates": [-85.609009, 38.358559]}, "properties": {"crashes": 1, "injury": 0, "fatal": 0, "pedestrian": 0, "bicycle": 0, "density": 0.2, "year_range": "unknown"}}, {"type": "Feature", "geometry": {"type": "Point", "coordinates": [-85.783784, 38.243243]}, "properties": {"crashes": 2, "injury": 0, "fatal": 0, "pedestrian": 0, "bicycle": 0, "density": 0.5, "year_range": "unknown"}}, {"type": "Feature", "geometry": {"type": "Point", "coordinates": [-85.646847, 38.138739]}, "properties": {"crashes": 1, "injury": 0, "fatal": 0, "pedestrian": 0, "bicycle": 0, "density": 0.2, "year_range": "unknown"}}, {"type": "Feature", "geometry": {"type": "Point", "coordinates": [-85.699099, 38.254054]}, "properties": {"crashes": 1, "injury": 0, "fatal": 0, "pedestrian": 0, "bicycle": 0, "density": 0.2, "year_range": "unknown"}}, {"type": "Feature", "geometry": {"type": "Point", "coordinates": [-85.672072, 38.113514]}, "properties": {"crashes": 1, "injury": 0, "fatal": 0, "pedestrian": 0, "bicycle": 0, "density": 0.2, "year_range": "unknown"}}, {"type": "Feature", "geometry": {"type": "Point", "coordinates": [-85.459459, 38.221622]}, "properties": {"crashes": 1, "injury": 0, "fatal": 0, "pedestrian": 0, "bicycle": 0, "density": 0.2, "year_range": "unknown"}}, {"type": "Feature", "geometry": {"type": "Point", "coordinates": [-85.83964, 38.183784]}, "properties": {"crashes": 1, "injury": 0, "fatal": 0, "pedestrian": 0, "bicycle": 0, "density": 0.2, "year_range": "unknown"}}, {"type": "Feature", "geometry": {"type": "Point", "coordinates": [-85.659459, 38.167568]}, "properties": {"crashes": 1, "injury": 0, "fatal": 0, "pedestrian": 0, "bicycle": 0, "density": 0.2, "year_range": "unknown"}}, {"type": "Feature", "geometry": {"type": "Point", "coordinates": [-85.652252, 38.190991]}, "properties": {"crashes": 1, "injury": 0, "fatal": 0, "pedestrian": 0, "bicycle": 0, "density": 0.2, "year_range": "unknown"}}, {"type": "Feature", "geometry": {"type": "Point", "coordinates": [-85.810811, 38.232432]}, "properties": {"crashes": 1, "injury": 0, "fatal": 0, "pedestrian": 0, "bicycle": 0, "density": 0.2, "year_range": "unknown"}}, {"type": "Feature", "geometry": {"type": "Point", "coordinates": [-85.718919, 38.156757]}, "properties": {"crashes": 1, "injury": 0, "fatal": 0, "pedestrian": 0, "bicycle": 0, "density": 0.2, "year_range": "unknown"}}, {"type": "Feature", "geometry": {"type": "Point", "coordinates": [-85.790991, 38.225225]}, "properties": {"crashes": 1, "injury": 0, "fatal": 0, "pedestrian": 0, "bicycle": 0, "density": 0.2, "year_range": "unknown"}}, {"type": "Feature", "geometry": {"type": "Point", "coordinates": [-85.798198, 38.252252]}, "properties": {"crashes": 1, "injury": 0, "fatal": 0, "pedestrian": 0, "bicycle": 0, "density": 0.2, "year_range": "unknown"}}, {"type": "Feature", "geometry": {"type": "Point", "coordinates": [-85.688288, 38.131532]}, "properties": {"crashes": 1, "injury": 0, "fatal": 0, "pedestrian": 0, "bicycle": 0, "density": 0.2, "year_range": "unknown"}}, {"type": "Feature", "geometry": {"type": "Point", "coordinates": [-85.735135, 38.203604]}, "properties": {"crashes": 1, "injury": 0, "fatal": 0, "pedestrian": 0, "bicycle": 0, "density": 0.2, "year_range": "unknown"}}, {"type": "Feature", "geometry": {"type": "Point", "coordinates": [-85.789189, 38.216216]}, "properties": {"crashes": 1, "injury": 0, "fatal": 0, "pedestrian": 0, "bicycle": 0, "density": 0.2, "year_range": "unknown"}}, {"type": "Feature", "geometry": {"type": "Point", "coordinates": [-85.751351, 38.126126]}, "properties": {"crashes": 1, "injury": 0, "fatal": 0, "pedestrian": 0, "bicycle": 0, "density": 0.2, "year_range": "unknown"}}, {"type": "Feature", "geometry": {"type": "Point", "coordinates": [-85.657658, 38.115315]}, "properties": {"crashes": 1, "injury": 0, "fatal": 0, "pedestrian": 0, "bicycle": 0, "density": 0.2, "year_range": "unknown"}}, {"type": "Feature", "geometry": {"type": "Point", "coordinates": [-85.832432, 38.194595]}, "properties": {"crashes": 1, "injury": 0, "fatal": 0, "pedestrian": 0, "bicycle": 0, "density": 0.2, "year_range": "unknown"}}, {"type": "Feature", "geometry": {"type": "Point", "coordinates": [-85.794595, 38.225225]}, "properties": {"crashes": 1, "injury": 0, "fatal": 0, "pedestrian": 0, "bicycle": 0, "density": 0.2, "year_range": "unknown"}}, {"type": "Feature", "geometry": {"type": "Point", "coordinates": [-85.691892, 38.113514]}, "properties": {"crashes": 1, "injury": 0, "fatal": 0, "pedestrian": 0, "bicycle": 0, "density": 0.2, "year_range": "unknown"}}, {"type": "Feature", "geometry": {"type": "Point", "coordinates": [-85.904505, 38.068468]}, "properties": {"crashes": 1, "injury": 0, "fatal": 0, "pedestrian": 0, "bicycle": 0, "density": 0.2, "year_range": "unknown"}}, {"type": "Feature", "geometry": {"type": "Point", "coordinates": [-85.63964, 38.187387]}, "properties": {"crashes": 1, "injury": 0, "fatal": 0, "pedestrian": 0, "bicycle": 0, "density": 0.2, "year_range": "unknown"}}, {"type": "Feature", "geometry": {"type": "Point", "coordinates": [-85.664865, 38.156757]}, "properties": {"crashes": 1, "injury": 0, "fatal": 0, "pedestrian": 0, "bicycle": 0, "density": 0.2, "year_range": "unknown"}}, {"type": "Feature", "geometry": {"type": "Point", "coordinates": [-85.569369, 38.113514]}, "properties": {"crashes": 1, "injury": 0, "fatal": 0, "pedestrian": 0, "bicycle": 0, "density": 0.2, "year_range": "unknown"}}, {"type": "Feature", "geometry": {"type": "Point", "coordinates": [-85.448649, 38.218018]}, "properties": {"crashes": 1, "injury": 0, "fatal": 0, "pedestrian": 0, "bicycle": 0, "density": 0.2, "year_range": "unknown"}}, {"type": "Feature", "geometry": {"type": "Point", "coordinates": [-85.627027, 38.308108]}, "properties": {"crashes": 1, "injury": 0, "fatal": 0, "pedestrian": 0, "bicycle": 0, "density": 0.2, "year_range": "unknown"}}, {"type": "Feature", "geometry": {"type": "Point", "coordinates": [-85.515315, 38.259459]}, "properties": {"crashes": 1, "injury": 0, "fatal": 0, "pedestrian": 0, "bicycle": 0, "density": 0.2, "year_range": "unknown"}}, {"type": "Feature", "geometry": {"type": "Point", "coordinates": [-85.74955, 38.236036]}, "properties": {"crashes": 1, "injury": 0, "fatal": 0, "pedestrian": 0, "bicycle": 0, "density": 0.2, "year_range": "unknown"}}, {"type": "Feature", "geometry": {"type": "Point", "coordinates": [-85.78018, 38.252252]}, "properties": {"crashes": 1, "injury": 0, "fatal": 0, "pedestrian": 0, "bicycle": 0, "density": 0.2, "year_range": "unknown"}}, {"type": "Feature", "geometry": {"type": "Point", "coordinates": [-85.466667, 38.171171]}, "properties": {"crashes": 2, "injury": 0, "fatal": 0, "pedestrian": 0, "bicycle": 0, "density": 0.5, "year_range": "unknown"}}, {"type": "Feature", "geometry": {"type": "Point", "coordinates": [-85.715315, 38.151351]}, "properties": {"crashes": 2, "injury": 0, "fatal": 0, "pedestrian": 0, "bicycle": 0, "density": 0.5, "year_range": "unknown"}}, {"type": "Feature", "geometry": {"type": "Point", "coordinates": [-85.708108, 38.243243]}, "properties": {"crashes": 1, "injury": 0, "fatal": 0, "pedestrian": 0, "bicycle": 0, "density": 0.2, "year_range": "unknown"}}, {"type": "Feature", "geometry": {"type": "Point", "coordinates": [-85.697297, 38.273874]}, "properties": {"crashes": 1, "injury": 0, "fatal": 0, "pedestrian": 0, "bicycle": 0, "density": 0.2, "year_range": "unknown"}}, {"type": "Feature", "geometry": {"type": "Point", "coordinates": [-85.610811, 38.255856]}, "properties": {"crashes": 1, "injury": 0, "fatal": 0, "pedestrian": 0, "bicycle": 0, "density": 0.2, "year_range": "unknown"}}, {"type": "Feature", "geometry": {"type": "Point", "coordinates": [-85.553153, 38.169369]}, "properties": {"crashes": 1, "injury": 0, "fatal": 0, "pedestrian": 0, "bicycle": 0, "density": 0.2, "year_range": "unknown"}}, {"type": "Feature", "geometry": {"type": "Point", "coordinates": [-85.652252, 38.135135]}, "properties": {"crashes": 1, "injury": 0, "fatal": 0, "pedestrian": 0, "bicycle": 0, "density": 0.2, "year_range": "unknown"}}, {"type": "Feature", "geometry": {"type": "Point", "coordinates": [-85.673874, 38.241441]}, "properties": {"crashes": 1, "injury": 0, "fatal": 0, "pedestrian": 0, "bicycle": 0, "density": 0.2, "year_range": "unknown"}}, {"type": "Feature", "geometry": {"type": "Point", "coordinates": [-85.78018, 38.255856]}, "properties": {"crashes": 2, "injury": 0, "fatal": 0, "pedestrian": 0, "bicycle": 0, "density": 0.5, "year_range": "unknown"}}, {"type": "Feature", "geometry": {"type": "Point", "coordinates": [-85.785586, 38.248649]}, "properties": {"crashes": 1, "injury": 0, "fatal": 0, "pedestrian": 0, "bicycle": 0, "density": 0.2, "year_range": "unknown"}}, {"type": "Feature", "geometry": {"type": "Point", "coordinates": [-85.78018, 38.120721]}, "properties": {"crashes": 1, "injury": 0, "fatal": 0, "pedestrian": 0, "bicycle": 0, "density": 0.2, "year_range": "unknown"}}, {"type": "Feature", "geometry": {"type": "Point", "coordinates": [-85.508108, 38.203604]}, "properties": {"crashes": 2, "injury": 0, "fatal": 0, "pedestrian": 0, "bicycle": 0, "density": 0.5, "year_range": "unknown"}}, {"type": "Feature", "geometry": {"type": "Point", "coordinates": [-85.861261, 38.209009]}, "properties": {"crashes": 1, "injury": 0, "fatal": 0, "pedestrian": 0, "bicycle": 0, "density": 0.2, "year_range": "unknown"}}, {"type": "Feature", "geometry": {"type": "Point", "coordinates": [-85.58018, 38.255856]}, "properties": {"crashes": 2, "injury": 0, "fatal": 0, "pedestrian": 0, "bicycle": 0, "density": 0.5, "year_range": "unknown"}}, {"type": "Feature", "geometry": {"type": "Point", "coordinates": [-85.803604, 38.272072]}, "properties": {"crashes": 1, "injury": 0, "fatal": 0, "pedestrian": 0, "bicycle": 0, "density": 0.2, "year_range": "unknown"}}, {"type": "Feature", "geometry": {"type": "Point", "coordinates": [-85.504505, 38.237838]}, "properties": {"crashes": 1, "injury": 0, "fatal": 0, "pedestrian": 0, "bicycle": 0, "density": 0.2, "year_range": "unknown"}}, {"type": "Feature", "geometry": {"type": "Point", "coordinates": [-85.708108, 38.230631]}, "properties": {"crashes": 1, "injury": 0, "fatal": 0, "pedestrian": 0, "bicycle": 0, "density": 0.2, "year_range": "unknown"}}, {"type": "Feature", "geometry": {"type": "Point", "coordinates": [-85.67027, 38.248649]}, "properties": {"crashes": 1, "injury": 0, "fatal": 0, "pedestrian": 0, "bicycle": 0, "density": 0.2, "year_range": "unknown"}}, {"type": "Feature", "geometry": {"type": "Point", "coordinates": [-85.673874, 38.223423]}, "properties": {"crashes": 1, "injury": 0, "fatal": 0, "pedestrian": 0, "bicycle": 0, "density": 0.2, "year_range": "unknown"}}, {"type": "Feature", "geometry": {"type": "Point", "coordinates": [-85.684685, 38.261261]}, "properties": {"crashes": 1, "injury": 0, "fatal": 0, "pedestrian": 0, "bicycle": 0, "density": 0.2, "year_range": "unknown"}}, {"type": "Feature", "geometry": {"type": "Point", "coordinates": [-85.747748, 38.254054]}, "properties": {"crashes": 1, "injury": 0, "fatal": 0, "pedestrian": 0, "bicycle": 0, "density": 0.2, "year_range": "unknown"}}, {"type": "Feature", "geometry": {"type": "Point", "coordinates": [-85.787387, 38.268468]}, "properties": {"crashes": 1, "injury": 0, "fatal": 0, "pedestrian": 0, "bicycle": 0, "density": 0.2, "year_range": "unknown"}}, {"type": "Feature", "geometry": {"type": "Point", "coordinates": [-85.648649, 38.255856]}, "properties": {"crashes": 1, "injury": 0, "fatal": 0, "pedestrian": 0, "bicycle": 0, "density": 0.2, "year_range": "unknown"}}, {"type": "Feature", "geometry": {"type": "Point", "coordinates": [-85.78018, 38.203604]}, "properties": {"crashes": 1, "injury": 0, "fatal": 0, "pedestrian": 0, "bicycle": 0, "density": 0.2, "year_range": "unknown"}}, {"type": "Feature", "geometry": {"type": "Point", "coordinates": [-85.751351, 38.261261]}, "properties": {"crashes": 2, "injury": 0, "fatal": 0, "pedestrian": 0, "bicycle": 0, "density": 0.5, "year_range": "unknown"}}, {"type": "Feature", "geometry": {"type": "Point", "coordinates": [-85.67027, 38.09009]}, "properties": {"crashes": 1, "injury": 0, "fatal": 0, "pedestrian": 0, "bicycle": 0, "density": 0.2, "year_range": "unknown"}}, {"type": "Feature", "geometry": {"type": "Point", "coordinates": [-85.868468, 38.106306]}, "properties": {"crashes": 1, "injury": 0, "fatal": 0, "pedestrian": 0, "bicycle": 0, "density": 0.2, "year_range": "unknown"}}, {"type": "Feature", "geometry": {"type": "Point", "coordinates": [-85.855856, 38.088288]}, "properties": {"crashes": 4, "injury": 0, "fatal": 0, "pedestrian": 0, "bicycle": 0, "density": 1.0, "year_range": "unknown"}}, {"type": "Feature", "geometry": {"type": "Point", "coordinates": [-85.81982, 38.266667]}, "properties": {"crashes": 1, "injury": 0, "fatal": 0, "pedestrian": 0, "bicycle": 0, "density": 0.2, "year_range": "unknown"}}, {"type": "Feature", "geometry": {"type": "Point", "coordinates": [-85.682883, 38.273874]}, "properties": {"crashes": 1, "injury": 0, "fatal": 0, "pedestrian": 0, "bicycle": 0, "density": 0.2, "year_range": "unknown"}}, {"type": "Feature", "geometry": {"type": "Point", "coordinates": [-85.771171, 38.207207]}, "properties": {"crashes": 1, "injury": 0, "fatal": 0, "pedestrian": 0, "bicycle": 0, "density": 0.2, "year_range": "unknown"}}, {"type": "Feature", "geometry": {"type": "Point", "coordinates": [-85.8, 38.181982]}, "properties": {"crashes": 1, "injury": 0, "fatal": 0, "pedestrian": 0, "bicycle": 0, "density": 0.2, "year_range": "unknown"}}, {"type": "Feature", "geometry": {"type": "Point", "coordinates": [-85.688288, 38.106306]}, "properties": {"crashes": 3, "injury": 0, "fatal": 0, "pedestrian": 0, "bicycle": 0, "density": 0.8, "year_range": "unknown"}}, {"type": "Feature", "geometry": {"type": "Point", "coordinates": [-85.8, 38.185586]}, "properties": {"crashes": 1, "injury": 0, "fatal": 0, "pedestrian": 0, "bicycle": 0, "density": 0.2, "year_range": "unknown"}}, {"type": "Feature", "geometry": {"type": "Point", "coordinates": [-85.668468, 38.131532]}, "properties": {"crashes": 1, "injury": 0, "fatal": 0, "pedestrian": 0, "bicycle": 0, "density": 0.2, "year_range": "unknown"}}, {"type": "Feature", "geometry": {"type": "Point", "coordinates": [-85.781982, 38.264865]}, "properties": {"crashes": 1, "injury": 0, "fatal": 0, "pedestrian": 0, "bicycle": 0, "density": 0.2, "year_range": "unknown"}}, {"type": "Feature", "geometry": {"type": "Point", "coordinates": [-85.52973, 38.302703]}, "properties": {"crashes": 1, "injury": 0, "fatal": 0, "pedestrian": 0, "bicycle": 0, "density": 0.2, "year_range": "unknown"}}, {"type": "Feature", "geometry": {"type": "Point", "coordinates": [-85.601802, 38.205405]}, "properties": {"crashes": 1, "injury": 0, "fatal": 0, "pedestrian": 0, "bicycle": 0, "density": 0.2, "year_range": "unknown"}}, {"type": "Feature", "geometry": {"type": "Point", "coordinates": [-85.827027, 38.203604]}, "properties": {"crashes": 2, "injury": 0, "fatal": 0, "pedestrian": 0, "bicycle": 0, "density": 0.5, "year_range": "unknown"}}, {"type": "Feature", "geometry": {"type": "Point", "coordinates": [-85.428829, 38.151351]}, "properties": {"crashes": 2, "injury": 0, "fatal": 0, "pedestrian": 0, "bicycle": 0, "density": 0.5, "year_range": "unknown"}}, {"type": "Feature", "geometry": {"type": "Point", "coordinates": [-85.70991, 38.228829]}, "properties": {"crashes": 1, "injury": 0, "fatal": 0, "pedestrian": 0, "bicycle": 0, "density": 0.2, "year_range": "unknown"}}, {"type": "Feature", "geometry": {"type": "Point", "coordinates": [-85.763964, 38.201802]}, "properties": {"crashes": 1, "injury": 0, "fatal": 0, "pedestrian": 0, "bicycle": 0, "density": 0.2, "year_range": "unknown"}}, {"type": "Feature", "geometry": {"type": "Point", "coordinates": [-85.899099, 38.046847]}, "properties": {"crashes": 1, "injury": 0, "fatal": 0, "pedestrian": 0, "bicycle": 0, "density": 0.2, "year_range": "unknown"}}, {"type": "Feature", "geometry": {"type": "Point", "coordinates": [-85.830631, 38.190991]}, "properties": {"crashes": 1, "injury": 0, "fatal": 0, "pedestrian": 0, "bicycle": 0, "density": 0.2, "year_range": "unknown"}}, {"type": "Feature", "geometry": {"type": "Point", "coordinates": [-85.652252, 38.25045]}, "properties": {"crashes": 1, "injury": 0, "fatal": 0, "pedestrian": 0, "bicycle": 0, "density": 0.2, "year_range": "unknown"}}, {"type": "Feature", "geometry": {"type": "Point", "coordinates": [-85.699099, 38.245045]}, "properties": {"crashes": 1, "injury": 0, "fatal": 0, "pedestrian": 0, "bicycle": 0, "density": 0.2, "year_range": "unknown"}}, {"type": "Feature", "geometry": {"type": "Point", "coordinates": [-85.657658, 38.156757]}, "properties": {"crashes": 1, "injury": 0, "fatal": 0, "pedestrian": 0, "bicycle": 0, "density": 0.2, "year_range": "unknown"}}, {"type": "Feature", "geometry": {"type": "Point", "coordinates": [-85.902703, 38.061261]}, "properties": {"crashes": 3, "injury": 0, "fatal": 0, "pedestrian": 0, "bicycle": 0, "density": 0.8, "year_range": "unknown"}}, {"type": "Feature", "geometry": {"type": "Point", "coordinates": [-85.816216, 38.189189]}, "properties": {"crashes": 1, "injury": 0, "fatal": 0, "pedestrian": 0, "bicycle": 0, "density": 0.2, "year_range": "unknown"}}, {"type": "Feature", "geometry": {"type": "Point", "coordinates": [-85.861261, 38.106306]}, "properties": {"crashes": 1, "injury": 0, "fatal": 0, "pedestrian": 0, "bicycle": 0, "density": 0.2, "year_range": "unknown"}}, {"type": "Feature", "geometry": {"type": "Point", "coordinates": [-85.87027, 38.144144]}, "properties": {"crashes": 1, "injury": 0, "fatal": 0, "pedestrian": 0, "bicycle": 0, "density": 0.2, "year_range": "unknown"}}, {"type": "Feature", "geometry": {"type": "Point", "coordinates": [-85.58018, 38.221622]}, "properties": {"crashes": 1, "injury": 0, "fatal": 0, "pedestrian": 0, "bicycle": 0, "density": 0.2, "year_range": "unknown"}}, {"type": "Feature", "geometry": {"type": "Point", "coordinates": [-85.738739, 38.259459]}, "properties": {"crashes": 1, "injury": 0, "fatal": 0, "pedestrian": 0, "bicycle": 0, "density": 0.2, "year_range": "unknown"}}, {"type": "Feature", "geometry": {"type": "Point", "coordinates": [-85.704505, 38.113514]}, "properties": {"crashes": 1, "injury": 0, "fatal": 0, "pedestrian": 0, "bicycle": 0, "density": 0.2, "year_range": "unknown"}}, {"type": "Feature", "geometry": {"type": "Point", "coordinates": [-85.682883, 38.172973]}, "properties": {"crashes": 1, "injury": 0, "fatal": 0, "pedestrian": 0, "bicycle": 0, "density": 0.2, "year_range": "unknown"}}, {"type": "Feature", "geometry": {"type": "Point", "coordinates": [-85.857658, 38.104505]}, "properties": {"crashes": 1, "injury": 0, "fatal": 0, "pedestrian": 0, "bicycle": 0, "density": 0.2, "year_range": "unknown"}}, {"type": "Feature", "geometry": {"type": "Point", "coordinates": [-85.893694, 38.061261]}, "properties": {"crashes": 1, "injury": 0, "fatal": 0, "pedestrian": 0, "bicycle": 0, "density": 0.2, "year_range": "unknown"}}, {"type": "Feature", "geometry": {"type": "Point", "coordinates": [-85.864865, 38.106306]}, "properties": {"crashes": 1, "injury": 0, "fatal": 0, "pedestrian": 0, "bicycle": 0, "density": 0.2, "year_range": "unknown"}}, {"type": "Feature", "geometry": {"type": "Point", "coordinates": [-85.715315, 38.255856]}, "properties": {"crashes": 1, "injury": 0, "fatal": 0, "pedestrian": 0, "bicycle": 0, "density": 0.2, "year_range": "unknown"}}, {"type": "Feature", "geometry": {"type": "Point", "coordinates": [-85.693694, 38.14955]}, "properties": {"crashes": 1, "injury": 0, "fatal": 0, "pedestrian": 0, "bicycle": 0, "density": 0.2, "year_range": "unknown"}}, {"type": "Feature", "geometry": {"type": "Point", "coordinates": [-85.731532, 38.236036]}, "properties": {"crashes": 1, "injury": 0, "fatal": 0, "pedestrian": 0, "bicycle": 0, "density": 0.2, "year_range": "unknown"}}, {"type": "Feature", "geometry": {"type": "Point", "coordinates": [-85.684685, 38.156757]}, "properties": {"crashes": 1, "injury": 0, "fatal": 0, "pedestrian": 0, "bicycle": 0, "density": 0.2, "year_range": "unknown"}}, {"type": "Feature", "geometry": {"type": "Point", "coordinates": [-85.634234, 38.162162]}, "properties": {"crashes": 3, "injury": 0, "fatal": 0, "pedestrian": 0, "bicycle": 0, "density": 0.8, "year_range": "unknown"}}, {"type": "Feature", "geometry": {"type": "Point", "coordinates": [-85.623423, 38.261261]}, "properties": {"crashes": 1, "injury": 0, "fatal": 0, "pedestrian": 0, "bicycle": 0, "density": 0.2, "year_range": "unknown"}}, {"type": "Feature", "geometry": {"type": "Point", "coordinates": [-85.581982, 38.286486]}, "properties": {"crashes": 1, "injury": 0, "fatal": 0, "pedestrian": 0, "bicycle": 0, "density": 0.2, "year_range": "unknown"}}, {"type": "Feature", "geometry": {"type": "Point", "coordinates": [-85.711712, 38.136937]}, "properties": {"crashes": 2, "injury": 0, "fatal": 0, "pedestrian": 0, "bicycle": 0, "density": 0.5, "year_range": "unknown"}}, {"type": "Feature", "geometry": {"type": "Point", "coordinates": [-85.609009, 38.138739]}, "properties": {"crashes": 1, "injury": 0, "fatal": 0, "pedestrian": 0, "bicycle": 0, "density": 0.2, "year_range": "unknown"}}, {"type": "Feature", "geometry": {"type": "Point", "coordinates": [-85.827027, 38.154955]}, "properties": {"crashes": 1, "injury": 0, "fatal": 0, "pedestrian": 0, "bicycle": 0, "density": 0.2, "year_range": "unknown"}}, {"type": "Feature", "geometry": {"type": "Point", "coordinates": [-85.881081, 38.111712]}, "properties": {"crashes": 1, "injury": 0, "fatal": 0, "pedestrian": 0, "bicycle": 0, "density": 0.2, "year_range": "unknown"}}, {"type": "Feature", "geometry": {"type": "Point", "coordinates": [-85.859459, 38.124324]}, "properties": {"crashes": 1, "injury": 0, "fatal": 0, "pedestrian": 0, "bicycle": 0, "density": 0.2, "year_range": "unknown"}}, {"type": "Feature", "geometry": {"type": "Point", "coordinates": [-85.628829, 38.210811]}, "properties": {"crashes": 1, "injury": 0, "fatal": 0, "pedestrian": 0, "bicycle": 0, "density": 0.2, "year_range": "unknown"}}, {"type": "Feature", "geometry": {"type": "Point", "coordinates": [-85.704505, 38.248649]}, "properties": {"crashes": 1, "injury": 0, "fatal": 0, "pedestrian": 0, "bicycle": 0, "density": 0.2, "year_range": "unknown"}}, {"type": "Feature", "geometry": {"type": "Point", "coordinates": [-85.454054, 38.169369]}, "properties": {"crashes": 2, "injury": 0, "fatal": 0, "pedestrian": 0, "bicycle": 0, "density": 0.5, "year_range": "unknown"}}, {"type": "Feature", "geometry": {"type": "Point", "coordinates": [-85.722523, 38.133333]}, "properties": {"crashes": 1, "injury": 0, "fatal": 0, "pedestrian": 0, "bicycle": 0, "density": 0.2, "year_range": "unknown"}}, {"type": "Feature", "geometry": {"type": "Point", "coordinates": [-85.603604, 38.169369]}, "properties": {"crashes": 1, "injury": 0, "fatal": 0, "pedestrian": 0, "bicycle": 0, "density": 0.2, "year_range": "unknown"}}, {"type": "Feature", "geometry": {"type": "Point", "coordinates": [-85.751351, 38.201802]}, "properties": {"crashes": 1, "injury": 0, "fatal": 0, "pedestrian": 0, "bicycle": 0, "density": 0.2, "year_range": "unknown"}}, {"type": "Feature", "geometry": {"type": "Point", "coordinates": [-85.486486, 38.237838]}, "properties": {"crashes": 1, "injury": 0, "fatal": 0, "pedestrian": 0, "bicycle": 0, "density": 0.2, "year_range": "unknown"}}, {"type": "Feature", "geometry": {"type": "Point", "coordinates": [-85.63964, 38.189189]}, "properties": {"crashes": 2, "injury": 0, "fatal": 0, "pedestrian": 0, "bicycle": 0, "density": 0.5, "year_range": "unknown"}}, {"type": "Feature", "geometry": {"type": "Point", "coordinates": [-85.798198, 38.178378]}, "properties": {"crashes": 1, "injury": 0, "fatal": 0, "pedestrian": 0, "bicycle": 0, "density": 0.2, "year_range": "unknown"}}, {"type": "Feature", "geometry": {"type": "Point", "coordinates": [-85.762162, 38.210811]}, "properties": {"crashes": 2, "injury": 0, "fatal": 0, "pedestrian": 0, "bicycle": 0, "density": 0.5, "year_range": "unknown"}}, {"type": "Feature", "geometry": {"type": "Point", "coordinates": [-85.718919, 38.210811]}, "properties": {"crashes": 1, "injury": 0, "fatal": 0, "pedestrian": 0, "bicycle": 0, "density": 0.2, "year_range": "unknown"}}, {"type": "Feature", "geometry": {"type": "Point", "coordinates": [-85.630631, 38.227027]}, "properties": {"crashes": 1, "injury": 0, "fatal": 0, "pedestrian": 0, "bicycle": 0, "density": 0.2, "year_range": "unknown"}}, {"type": "Feature", "geometry": {"type": "Point", "coordinates": [-85.645045, 38.286486]}, "properties": {"crashes": 1, "injury": 0, "fatal": 0, "pedestrian": 0, "bicycle": 0, "density": 0.2, "year_range": "unknown"}}, {"type": "Feature", "geometry": {"type": "Point", "coordinates": [-85.688288, 38.21982]}, "properties": {"crashes": 2, "injury": 0, "fatal": 0, "pedestrian": 0, "bicycle": 0, "density": 0.5, "year_range": "unknown"}}, {"type": "Feature", "geometry": {"type": "Point", "coordinates": [-85.857658, 38.2]}, "properties": {"crashes": 1, "injury": 0, "fatal": 0, "pedestrian": 0, "bicycle": 0, "density": 0.2, "year_range": "unknown"}}, {"type": "Feature", "geometry": {"type": "Point", "coordinates": [-85.567568, 38.189189]}, "properties": {"crashes": 1, "injury": 0, "fatal": 0, "pedestrian": 0, "bicycle": 0, "density": 0.2, "year_range": "unknown"}}, {"type": "Feature", "geometry": {"type": "Point", "coordinates": [-85.89009, 38.095495]}, "properties": {"crashes": 1, "injury": 0, "fatal": 0, "pedestrian": 0, "bicycle": 0, "density": 0.2, "year_range": "unknown"}}, {"type": "Feature", "geometry": {"type": "Point", "coordinates": [-85.675676, 38.118919]}, "properties": {"crashes": 1, "injury": 0, "fatal": 0, "pedestrian": 0, "bicycle": 0, "density": 0.2, "year_range": "unknown"}}, {"type": "Feature", "geometry": {"type": "Point", "coordinates": [-85.866667, 38.16036]}, "properties": {"crashes": 2, "injury": 0, "fatal": 0, "pedestrian": 0, "bicycle": 0, "density": 0.5, "year_range": "unknown"}}, {"type": "Feature", "geometry": {"type": "Point", "coordinates": [-85.533333, 38.288288]}, "properties": {"crashes": 1, "injury": 0, "fatal": 0, "pedestrian": 0, "bicycle": 0, "density": 0.2, "year_range": "unknown"}}, {"type": "Feature", "geometry": {"type": "Point", "coordinates": [-85.609009, 38.2]}, "properties": {"crashes": 1, "injury": 0, "fatal": 0, "pedestrian": 0, "bicycle": 0, "density": 0.2, "year_range": "unknown"}}, {"type": "Feature", "geometry": {"type": "Point", "coordinates": [-85.607207, 38.167568]}, "properties": {"crashes": 1, "injury": 0, "fatal": 0, "pedestrian": 0, "bicycle": 0, "density": 0.2, "year_range": "unknown"}}, {"type": "Feature", "geometry": {"type": "Point", "coordinates": [-85.881081, 38.174775]}, "properties": {"crashes": 1, "injury": 0, "fatal": 0, "pedestrian": 0, "bicycle": 0, "density": 0.2, "year_range": "unknown"}}, {"type": "Feature", "geometry": {"type": "Point", "coordinates": [-85.637838, 38.118919]}, "properties": {"crashes": 1, "injury": 0, "fatal": 0, "pedestrian": 0, "bicycle": 0, "density": 0.2, "year_range": "unknown"}}, {"type": "Feature", "geometry": {"type": "Point", "coordinates": [-85.731532, 38.261261]}, "properties": {"crashes": 1, "injury": 0, "fatal": 0, "pedestrian": 0, "bicycle": 0, "density": 0.2, "year_range": "unknown"}}, {"type": "Feature", "geometry": {"type": "Point", "coordinates": [-85.506306, 38.218018]}, "properties": {"crashes": 1, "injury": 0, "fatal": 0, "pedestrian": 0, "bicycle": 0, "density": 0.2, "year_range": "unknown"}}, {"type": "Feature", "geometry": {"type": "Point", "coordinates": [-85.69009, 38.284685]}, "properties": {"crashes": 1, "injury": 0, "fatal": 0, "pedestrian": 0, "bicycle": 0, "density": 0.2, "year_range": "unknown"}}, {"type": "Feature", "geometry": {"type": "Point", "coordinates": [-85.756757, 38.2]}, "properties": {"crashes": 1, "injury": 0, "fatal": 0, "pedestrian": 0, "bicycle": 0, "density": 0.2, "year_range": "unknown"}}, {"type": "Feature", "geometry": {"type": "Point", "coordinates": [-85.681081, 38.228829]}, "properties": {"crashes": 1, "injury": 0, "fatal": 0, "pedestrian": 0, "bicycle": 0, "density": 0.2, "year_range": "unknown"}}, {"type": "Feature", "geometry": {"type": "Point", "coordinates": [-85.726126, 38.241441]}, "properties": {"crashes": 1, "injury": 0, "fatal": 0, "pedestrian": 0, "bicycle": 0, "density": 0.2, "year_range": "unknown"}}, {"type": "Feature", "geometry": {"type": "Point", "coordinates": [-85.542342, 38.16036]}, "properties": {"crashes": 1, "injury": 0, "fatal": 0, "pedestrian": 0, "bicycle": 0, "density": 0.2, "year_range": "unknown"}}, {"type": "Feature", "geometry": {"type": "Point", "coordinates": [-85.834234, 38.106306]}, "properties": {"crashes": 3, "injury": 0, "fatal": 0, "pedestrian": 0, "bicycle": 0, "density": 0.8, "year_range": "unknown"}}, {"type": "Feature", "geometry": {"type": "Point", "coordinates": [-85.616216, 38.111712]}, "properties": {"crashes": 1, "injury": 0, "fatal": 0, "pedestrian": 0, "bicycle": 0, "density": 0.2, "year_range": "unknown"}}, {"type": "Feature", "geometry": {"type": "Point", "coordinates": [-85.700901, 38.108108]}, "properties": {"crashes": 1, "injury": 0, "fatal": 0, "pedestrian": 0, "bicycle": 0, "density": 0.2, "year_range": "unknown"}}, {"type": "Feature", "geometry": {"type": "Point", "coordinates": [-85.897297, 38.127928]}, "properties": {"crashes": 1, "injury": 0, "fatal": 0, "pedestrian": 0, "bicycle": 0, "density": 0.2, "year_range": "unknown"}}, {"type": "Feature", "geometry": {"type": "Point", "coordinates": [-85.493694, 38.190991]}, "properties": {"crashes": 1, "injury": 0, "fatal": 0, "pedestrian": 0, "bicycle": 0, "density": 0.2, "year_range": "unknown"}}, {"type": "Feature", "geometry": {"type": "Point", "coordinates": [-85.65045, 38.09009]}, "properties": {"crashes": 1, "injury": 0, "fatal": 0, "pedestrian": 0, "bicycle": 0, "density": 0.2, "year_range": "unknown"}}, {"type": "Feature", "geometry": {"type": "Point", "coordinates": [-85.578378, 38.259459]}, "properties": {"crashes": 2, "injury": 0, "fatal": 0, "pedestrian": 0, "bicycle": 0, "density": 0.5, "year_range": "unknown"}}, {"type": "Feature", "geometry": {"type": "Point", "coordinates": [-85.693694, 38.223423]}, "properties": {"crashes": 1, "injury": 0, "fatal": 0, "pedestrian": 0, "bicycle": 0, "density": 0.2, "year_range": "unknown"}}, {"type": "Feature", "geometry": {"type": "Point", "coordinates": [-85.845045, 38.207207]}, "properties": {"crashes": 1, "injury": 0, "fatal": 0, "pedestrian": 0, "bicycle": 0, "density": 0.2, "year_range": "unknown"}}, {"type": "Feature", "geometry": {"type": "Point", "coordinates": [-85.540541, 38.185586]}, "properties": {"crashes": 1, "injury": 0, "fatal": 0, "pedestrian": 0, "bicycle": 0, "density": 0.2, "year_range": "unknown"}}, {"type": "Feature", "geometry": {"type": "Point", "coordinates": [-85.868468, 38.144144]}, "properties": {"crashes": 2, "injury": 0, "fatal": 0, "pedestrian": 0, "bicycle": 0, "density": 0.5, "year_range": "unknown"}}, {"type": "Feature", "geometry": {"type": "Point", "coordinates": [-85.805405, 38.257658]}, "properties": {"crashes": 1, "injury": 0, "fatal": 0, "pedestrian": 0, "bicycle": 0, "density": 0.2, "year_range": "unknown"}}, {"type": "Feature", "geometry": {"type": "Point", "coordinates": [-85.625225, 38.126126]}, "properties": {"crashes": 3, "injury": 0, "fatal": 0, "pedestrian": 0, "bicycle": 0, "density": 0.8, "year_range": "unknown"}}, {"type": "Feature", "geometry": {"type": "Point", "coordinates": [-85.882883, 38.081081]}, "properties": {"crashes": 1, "injury": 0, "fatal": 0, "pedestrian": 0, "bicycle": 0, "density": 0.2, "year_range": "unknown"}}, {"type": "Feature", "geometry": {"type": "Point", "coordinates": [-85.790991, 38.216216]}, "properties": {"crashes": 1, "injury": 0, "fatal": 0, "pedestrian": 0, "bicycle": 0, "density": 0.2, "year_range": "unknown"}}, {"type": "Feature", "geometry": {"type": "Point", "coordinates": [-85.789189, 38.266667]}, "properties": {"crashes": 1, "injury": 0, "fatal": 0, "pedestrian": 0, "bicycle": 0, "density": 0.2, "year_range": "unknown"}}, {"type": "Feature", "geometry": {"type": "Point", "coordinates": [-85.700901, 38.254054]}, "properties": {"crashes": 1, "injury": 0, "fatal": 0, "pedestrian": 0, "bicycle": 0, "density": 0.2, "year_range": "unknown"}}, {"type": "Feature", "geometry": {"type": "Point", "coordinates": [-85.551351, 38.264865]}, "properties": {"crashes": 1, "injury": 0, "fatal": 0, "pedestrian": 0, "bicycle": 0, "density": 0.2, "year_range": "unknown"}}, {"type": "Feature", "geometry": {"type": "Point", "coordinates": [-85.722523, 38.158559]}, "properties": {"crashes": 1, "injury": 0, "fatal": 0, "pedestrian": 0, "bicycle": 0, "density": 0.2, "year_range": "unknown"}}, {"type": "Feature", "geometry": {"type": "Point", "coordinates": [-85.675676, 38.192793]}, "properties": {"crashes": 1, "injury": 0, "fatal": 0, "pedestrian": 0, "bicycle": 0, "density": 0.2, "year_range": "unknown"}}, {"type": "Feature", "geometry": {"type": "Point", "coordinates": [-85.69009, 38.127928]}, "properties": {"crashes": 1, "injury": 0, "fatal": 0, "pedestrian": 0, "bicycle": 0, "density": 0.2, "year_range": "unknown"}}, {"type": "Feature", "geometry": {"type": "Point", "coordinates": [-85.884685, 38.064865]}, "properties": {"crashes": 1, "injury": 0, "fatal": 0, "pedestrian": 0, "bicycle": 0, "density": 0.2, "year_range": "unknown"}}, {"type": "Feature", "geometry": {"type": "Point", "coordinates": [-85.855856, 38.111712]}, "properties": {"crashes": 1, "injury": 0, "fatal": 0, "pedestrian": 0, "bicycle": 0, "density": 0.2, "year_range": "unknown"}}, {"type": "Feature", "geometry": {"type": "Point", "coordinates": [-85.720721, 38.167568]}, "properties": {"crashes": 5, "injury": 0, "fatal": 0, "pedestrian": 0, "bicycle": 0, "density": 1.2, "year_range": "unknown"}}, {"type": "Feature", "geometry": {"type": "Point", "coordinates": [-85.834234, 38.194595]}, "properties": {"crashes": 1, "injury": 0, "fatal": 0, "pedestrian": 0, "bicycle": 0, "density": 0.2, "year_range": "unknown"}}, {"type": "Feature", "geometry": {"type": "Point", "coordinates": [-85.63964, 38.210811]}, "properties": {"crashes": 1, "injury": 0, "fatal": 0, "pedestrian": 0, "bicycle": 0, "density": 0.2, "year_range": "unknown"}}, {"type": "Feature", "geometry": {"type": "Point", "coordinates": [-85.809009, 38.273874]}, "properties": {"crashes": 2, "injury": 0, "fatal": 0, "pedestrian": 0, "bicycle": 0, "density": 0.5, "year_range": "unknown"}}, {"type": "Feature", "geometry": {"type": "Point", "coordinates": [-85.778378, 38.234234]}, "properties": {"crashes": 1, "injury": 0, "fatal": 0, "pedestrian": 0, "bicycle": 0, "density": 0.2, "year_range": "unknown"}}, {"type": "Feature", "geometry": {"type": "Point", "coordinates": [-85.70991, 38.25045]}, "properties": {"crashes": 1, "injury": 0, "fatal": 0, "pedestrian": 0, "bicycle": 0, "density": 0.2, "year_range": "unknown"}}, {"type": "Feature", "geometry": {"type": "Point", "coordinates": [-85.810811, 38.268468]}, "properties": {"crashes": 2, "injury": 0, "fatal": 0, "pedestrian": 0, "bicycle": 0, "density": 0.5, "year_range": "unknown"}}, {"type": "Feature", "geometry": {"type": "Point", "coordinates": [-85.684685, 38.138739]}, "properties": {"crashes": 1, "injury": 0, "fatal": 0, "pedestrian": 0, "bicycle": 0, "density": 0.2, "year_range": "unknown"}}, {"type": "Feature", "geometry": {"type": "Point", "coordinates": [-85.818018, 38.158559]}, "properties": {"crashes": 1, "injury": 0, "fatal": 0, "pedestrian": 0, "bicycle": 0, "density": 0.2, "year_range": "unknown"}}, {"type": "Feature", "geometry": {"type": "Point", "coordinates": [-85.472072, 38.16036]}, "properties": {"crashes": 1, "injury": 0, "fatal": 0, "pedestrian": 0, "bicycle": 0, "density": 0.2, "year_range": "unknown"}}, {"type": "Feature", "geometry": {"type": "Point", "coordinates": [-85.518919, 38.223423]}, "properties": {"crashes": 1, "injury": 0, "fatal": 0, "pedestrian": 0, "bicycle": 0, "density": 0.2, "year_range": "unknown"}}, {"type": "Feature", "geometry": {"type": "Point", "coordinates": [-85.836036, 38.111712]}, "properties": {"crashes": 1, "injury": 0, "fatal": 0, "pedestrian": 0, "bicycle": 0, "density": 0.2, "year_range": "unknown"}}, {"type": "Feature", "geometry": {"type": "Point", "coordinates": [-85.673874, 38.108108]}, "properties": {"crashes": 2, "injury": 0, "fatal": 0, "pedestrian": 0, "bicycle": 0, "density": 0.5, "year_range": "unknown"}}, {"type": "Feature", "geometry": {"type": "Point", "coordinates": [-85.61982, 38.338739]}, "properties": {"crashes": 1, "injury": 0, "fatal": 0, "pedestrian": 0, "bicycle": 0, "density": 0.2, "year_range": "unknown"}}, {"type": "Feature", "geometry": {"type": "Point", "coordinates": [-85.536937, 38.23964]}, "properties": {"crashes": 1, "injury": 0, "fatal": 0, "pedestrian": 0, "bicycle": 0, "density": 0.2, "year_range": "unknown"}}, {"type": "Feature", "geometry": {"type": "Point", "coordinates": [-85.827027, 38.264865]}, "properties": {"crashes": 1, "injury": 0, "fatal": 0, "pedestrian": 0, "bicycle": 0, "density": 0.2, "year_range": "unknown"}}, {"type": "Feature", "geometry": {"type": "Point", "coordinates": [-85.736937, 38.111712]}, "properties": {"crashes": 1, "injury": 0, "fatal": 0, "pedestrian": 0, "bicycle": 0, "density": 0.2, "year_range": "unknown"}}, {"type": "Feature", "geometry": {"type": "Point", "coordinates": [-85.700901, 38.136937]}, "properties": {"crashes": 2, "injury": 0, "fatal": 0, "pedestrian": 0, "bicycle": 0, "density": 0.5, "year_range": "unknown"}}, {"type": "Feature", "geometry": {"type": "Point", "coordinates": [-85.85045, 38.18018]}, "properties": {"crashes": 1, "injury": 0, "fatal": 0, "pedestrian": 0, "bicycle": 0, "density": 0.2, "year_range": "unknown"}}, {"type": "Feature", "geometry": {"type": "Point", "coordinates": [-85.794595, 38.254054]}, "properties": {"crashes": 1, "injury": 0, "fatal": 0, "pedestrian": 0, "bicycle": 0, "density": 0.2, "year_range": "unknown"}}, {"type": "Feature", "geometry": {"type": "Point", "coordinates": [-85.794595, 38.234234]}, "properties": {"crashes": 1, "injury": 0, "fatal": 0, "pedestrian": 0, "bicycle": 0, "density": 0.2, "year_range": "unknown"}}, {"type": "Feature", "geometry": {"type": "Point", "coordinates": [-85.816216, 38.241441]}, "properties": {"crashes": 1, "injury": 0, "fatal": 0, "pedestrian": 0, "bicycle": 0, "density": 0.2, "year_range": "unknown"}}, {"type": "Feature", "geometry": {"type": "Point", "coordinates": [-85.455856, 38.234234]}, "properties": {"crashes": 1, "injury": 0, "fatal": 0, "pedestrian": 0, "bicycle": 0, "density": 0.2, "year_range": "unknown"}}, {"type": "Feature", "geometry": {"type": "Point", "coordinates": [-85.515315, 38.187387]}, "properties": {"crashes": 2, "injury": 0, "fatal": 0, "pedestrian": 0, "bicycle": 0, "density": 0.5, "year_range": "unknown"}}, {"type": "Feature", "geometry": {"type": "Point", "coordinates": [-85.563964, 38.264865]}, "properties": {"crashes": 1, "injury": 0, "fatal": 0, "pedestrian": 0, "bicycle": 0, "density": 0.2, "year_range": "unknown"}}, {"type": "Feature", "geometry": {"type": "Point", "coordinates": [-85.724324, 38.216216]}, "properties": {"crashes": 1, "injury": 0, "fatal": 0, "pedestrian": 0, "bicycle": 0, "density": 0.2, "year_range": "unknown"}}, {"type": "Feature", "geometry": {"type": "Point", "coordinates": [-85.697297, 38.174775]}, "properties": {"crashes": 1, "injury": 0, "fatal": 0, "pedestrian": 0, "bicycle": 0, "density": 0.2, "year_range": "unknown"}}, {"type": "Feature", "geometry": {"type": "Point", "coordinates": [-85.52973, 38.263063]}, "properties": {"crashes": 1, "injury": 0, "fatal": 0, "pedestrian": 0, "bicycle": 0, "density": 0.2, "year_range": "unknown"}}, {"type": "Feature", "geometry": {"type": "Point", "coordinates": [-85.774775, 38.248649]}, "properties": {"crashes": 2, "injury": 0, "fatal": 0, "pedestrian": 0, "bicycle": 0, "density": 0.5, "year_range": "unknown"}}, {"type": "Feature", "geometry": {"type": "Point", "coordinates": [-85.618018, 38.279279]}, "properties": {"crashes": 1, "injury": 0, "fatal": 0, "pedestrian": 0, "bicycle": 0, "density": 0.2, "year_range": "unknown"}}, {"type": "Feature", "geometry": {"type": "Point", "coordinates": [-85.646847, 38.263063]}, "properties": {"crashes": 1, "injury": 0, "fatal": 0, "pedestrian": 0, "bicycle": 0, "density": 0.2, "year_range": "unknown"}}, {"type": "Feature", "geometry": {"type": "Point", "coordinates": [-85.781982, 38.252252]}, "properties": {"crashes": 1, "injury": 0, "fatal": 0, "pedestrian": 0, "bicycle": 0, "density": 0.2, "year_range": "unknown"}}, {"type": "Feature", "geometry": {"type": "Point", "coordinates": [-85.646847, 38.104505]}, "properties": {"crashes": 2, "injury": 0, "fatal": 0, "pedestrian": 0, "bicycle": 0, "density": 0.5, "year_range": "unknown"}}, {"type": "Feature", "geometry": {"type": "Point", "coordinates": [-85.464865, 38.176577]}, "properties": {"crashes": 1, "injury": 0, "fatal": 0, "pedestrian": 0, "bicycle": 0, "density": 0.2, "year_range": "unknown"}}, {"type": "Feature", "geometry": {"type": "Point", "coordinates": [-85.756757, 38.192793]}, "properties": {"crashes": 1, "injury": 0, "fatal": 0, "pedestrian": 0, "bicycle": 0, "density": 0.2, "year_range": "unknown"}}, {"type": "Feature", "geometry": {"type": "Point", "coordinates": [-85.774775, 38.25045]}, "properties": {"crashes": 1, "injury": 0, "fatal": 0, "pedestrian": 0, "bicycle": 0, "density": 0.2, "year_range": "unknown"}}, {"type": "Feature", "geometry": {"type": "Point", "coordinates": [-85.744144, 38.225225]}, "properties": {"crashes": 1, "injury": 0, "fatal": 0, "pedestrian": 0, "bicycle": 0, "density": 0.2, "year_range": "unknown"}}, {"type": "Feature", "geometry": {"type": "Point", "coordinates": [-85.87027, 38.147748]}, "properties": {"crashes": 1, "injury": 0, "fatal": 0, "pedestrian": 0, "bicycle": 0, "density": 0.2, "year_range": "unknown"}}, {"type": "Feature", "geometry": {"type": "Point", "coordinates": [-85.836036, 38.169369]}, "properties": {"crashes": 1, "injury": 0, "fatal": 0, "pedestrian": 0, "bicycle": 0, "density": 0.2, "year_range": "unknown"}}, {"type": "Feature", "geometry": {"type": "Point", "coordinates": [-85.783784, 38.237838]}, "properties": {"crashes": 1, "injury": 0, "fatal": 0, "pedestrian": 0, "bicycle": 0, "density": 0.2, "year_range": "unknown"}}, {"type": "Feature", "geometry": {"type": "Point", "coordinates": [-85.616216, 38.196396]}, "properties": {"crashes": 1, "injury": 0, "fatal": 0, "pedestrian": 0, "bicycle": 0, "density": 0.2, "year_range": "unknown"}}, {"type": "Feature", "geometry": {"type": "Point", "coordinates": [-85.812613, 38.185586]}, "properties": {"crashes": 1, "injury": 0, "fatal": 0, "pedestrian": 0, "bicycle": 0, "density": 0.2, "year_range": "unknown"}}, {"type": "Feature", "geometry": {"type": "Point", "coordinates": [-85.803604, 38.198198]}, "properties": {"crashes": 3, "injury": 0, "fatal": 0, "pedestrian": 0, "bicycle": 0, "density": 0.8, "year_range": "unknown"}}, {"type": "Feature", "geometry": {"type": "Point", "coordinates": [-85.881081, 38.176577]}, "properties": {"crashes": 1, "injury": 0, "fatal": 0, "pedestrian": 0, "bicycle": 0, "density": 0.2, "year_range": "unknown"}}, {"type": "Feature", "geometry": {"type": "Point", "coordinates": [-85.718919, 38.232432]}, "properties": {"crashes": 1, "injury": 0, "fatal": 0, "pedestrian": 0, "bicycle": 0, "density": 0.2, "year_range": "unknown"}}, {"type": "Feature", "geometry": {"type": "Point", "coordinates": [-85.733333, 38.245045]}, "properties": {"crashes": 2, "injury": 0, "fatal": 0, "pedestrian": 0, "bicycle": 0, "density": 0.5, "year_range": "unknown"}}, {"type": "Feature", "geometry": {"type": "Point", "coordinates": [-85.841441, 38.183784]}, "properties": {"crashes": 1, "injury": 0, "fatal": 0, "pedestrian": 0, "bicycle": 0, "density": 0.2, "year_range": "unknown"}}, {"type": "Feature", "geometry": {"type": "Point", "coordinates": [-85.563964, 38.163964]}, "properties": {"crashes": 1, "injury": 0, "fatal": 0, "pedestrian": 0, "bicycle": 0, "density": 0.2, "year_range": "unknown"}}, {"type": "Feature", "geometry": {"type": "Point", "coordinates": [-85.499099, 38.27027]}, "properties": {"crashes": 1, "injury": 0, "fatal": 0, "pedestrian": 0, "bicycle": 0, "density": 0.2, "year_range": "unknown"}}, {"type": "Feature", "geometry": {"type": "Point", "coordinates": [-85.695495, 38.088288]}, "properties": {"crashes": 1, "injury": 0, "fatal": 0, "pedestrian": 0, "bicycle": 0, "density": 0.2, "year_range": "unknown"}}, {"type": "Feature", "geometry": {"type": "Point", "coordinates": [-85.679279, 38.12973]}, "properties": {"crashes": 1, "injury": 0, "fatal": 0, "pedestrian": 0, "bicycle": 0, "density": 0.2, "year_range": "unknown"}}, {"type": "Feature", "geometry": {"type": "Point", "coordinates": [-85.500901, 38.23964]}, "properties": {"crashes": 1, "injury": 0, "fatal": 0, "pedestrian": 0, "bicycle": 0, "density": 0.2, "year_range": "unknown"}}, {"type": "Feature", "geometry": {"type": "Point", "coordinates": [-85.763964, 38.111712]}, "properties": {"crashes": 1, "injury": 0, "fatal": 0, "pedestrian": 0, "bicycle": 0, "density": 0.2, "year_range": "unknown"}}, {"type": "Feature", "geometry": {"type": "Point", "coordinates": [-85.695495, 38.153153]}, "properties": {"crashes": 3, "injury": 0, "fatal": 0, "pedestrian": 0, "bicycle": 0, "density": 0.8, "year_range": "unknown"}}, {"type": "Feature", "geometry": {"type": "Point", "coordinates": [-85.632432, 38.120721]}, "properties": {"crashes": 1, "injury": 0, "fatal": 0, "pedestrian": 0, "bicycle": 0, "density": 0.2, "year_range": "unknown"}}, {"type": "Feature", "geometry": {"type": "Point", "coordinates": [-85.666667, 38.156757]}, "properties": {"crashes": 1, "injury": 0, "fatal": 0, "pedestrian": 0, "bicycle": 0, "density": 0.2, "year_range": "unknown"}}, {"type": "Feature", "geometry": {"type": "Point", "coordinates": [-85.636036, 38.124324]}, "properties": {"crashes": 1, "injury": 0, "fatal": 0, "pedestrian": 0, "bicycle": 0, "density": 0.2, "year_range": "unknown"}}, {"type": "Feature", "geometry": {"type": "Point", "coordinates": [-85.583784, 38.246847]}, "properties": {"crashes": 1, "injury": 0, "fatal": 0, "pedestrian": 0, "bicycle": 0, "density": 0.2, "year_range": "unknown"}}, {"type": "Feature", "geometry": {"type": "Point", "coordinates": [-85.751351, 38.259459]}, "properties": {"crashes": 1, "injury": 0, "fatal": 0, "pedestrian": 0, "bicycle": 0, "density": 0.2, "year_range": "unknown"}}, {"type": "Feature", "geometry": {"type": "Point", "coordinates": [-85.551351, 38.318919]}, "properties": {"crashes": 1, "injury": 0, "fatal": 0, "pedestrian": 0, "bicycle": 0, "density": 0.2, "year_range": "unknown"}}, {"type": "Feature", "geometry": {"type": "Point", "coordinates": [-85.605405, 38.174775]}, "properties": {"crashes": 1, "injury": 0, "fatal": 0, "pedestrian": 0, "bicycle": 0, "density": 0.2, "year_range": "unknown"}}, {"type": "Feature", "geometry": {"type": "Point", "coordinates": [-85.837838, 38.192793]}, "properties": {"crashes": 1, "injury": 0, "fatal": 0, "pedestrian": 0, "bicycle": 0, "density": 0.2, "year_range": "unknown"}}, {"type": "Feature", "geometry": {"type": "Point", "coordinates": [-85.553153, 38.275676]}, "properties": {"crashes": 1, "injury": 0, "fatal": 0, "pedestrian": 0, "bicycle": 0, "density": 0.2, "year_range": "unknown"}}, {"type": "Feature", "geometry": {"type": "Point", "coordinates": [-85.72973, 38.243243]}, "properties": {"crashes": 1, "injury": 0, "fatal": 0, "pedestrian": 0, "bicycle": 0, "density": 0.2, "year_range": "unknown"}}, {"type": "Feature", "geometry": {"type": "Point", "coordinates": [-85.686486, 38.145946]}, "properties": {"crashes": 1, "injury": 0, "fatal": 0, "pedestrian": 0, "bicycle": 0, "density": 0.2, "year_range": "unknown"}}, {"type": "Feature", "geometry": {"type": "Point", "coordinates": [-85.735135, 38.14955]}, "properties": {"crashes": 1, "injury": 0, "fatal": 0, "pedestrian": 0, "bicycle": 0, "density": 0.2, "year_range": "unknown"}}, {"type": "Feature", "geometry": {"type": "Point", "coordinates": [-85.61982, 38.288288]}, "properties": {"crashes": 1, "injury": 0, "fatal": 0, "pedestrian": 0, "bicycle": 0, "density": 0.2, "year_range": "unknown"}}, {"type": "Feature", "geometry": {"type": "Point", "coordinates": [-85.500901, 38.275676]}, "properties": {"crashes": 2, "injury": 0, "fatal": 0, "pedestrian": 0, "bicycle": 0, "density": 0.5, "year_range": "unknown"}}, {"type": "Feature", "geometry": {"type": "Point", "coordinates": [-85.601802, 38.207207]}, "properties": {"crashes": 1, "injury": 0, "fatal": 0, "pedestrian": 0, "bicycle": 0, "density": 0.2, "year_range": "unknown"}}, {"type": "Feature", "geometry": {"type": "Point", "coordinates": [-85.753153, 38.246847]}, "properties": {"crashes": 3, "injury": 0, "fatal": 0, "pedestrian": 0, "bicycle": 0, "density": 0.8, "year_range": "unknown"}}, {"type": "Feature", "geometry": {"type": "Point", "coordinates": [-85.745946, 38.163964]}, "properties": {"crashes": 1, "injury": 0, "fatal": 0, "pedestrian": 0, "bicycle": 0, "density": 0.2, "year_range": "unknown"}}, {"type": "Feature", "geometry": {"type": "Point", "coordinates": [-85.54955, 38.295495]}, "properties": {"crashes": 1, "injury": 0, "fatal": 0, "pedestrian": 0, "bicycle": 0, "density": 0.2, "year_range": "unknown"}}, {"type": "Feature", "geometry": {"type": "Point", "coordinates": [-85.727928, 38.189189]}, "properties": {"crashes": 2, "injury": 0, "fatal": 0, "pedestrian": 0, "bicycle": 0, "density": 0.5, "year_range": "unknown"}}, {"type": "Feature", "geometry": {"type": "Point", "coordinates": [-85.828829, 38.25045]}, "properties": {"crashes": 2, "injury": 0, "fatal": 0, "pedestrian": 0, "bicycle": 0, "density": 0.5, "year_range": "unknown"}}, {"type": "Feature", "geometry": {"type": "Point", "coordinates": [-85.700901, 38.099099]}, "properties": {"crashes": 1, "injury": 0, "fatal": 0, "pedestrian": 0, "bicycle": 0, "density": 0.2, "year_range": "unknown"}}, {"type": "Feature", "geometry": {"type": "Point", "coordinates": [-85.717117, 38.236036]}, "properties": {"crashes": 1, "injury": 0, "fatal": 0, "pedestrian": 0, "bicycle": 0, "density": 0.2, "year_range": "unknown"}}, {"type": "Feature", "geometry": {"type": "Point", "coordinates": [-85.643243, 38.198198]}, "properties": {"crashes": 1, "injury": 0, "fatal": 0, "pedestrian": 0, "bicycle": 0, "density": 0.2, "year_range": "unknown"}}, {"type": "Feature", "geometry": {"type": "Point", "coordinates": [-85.825225, 38.255856]}, "properties": {"crashes": 1, "injury": 0, "fatal": 0, "pedestrian": 0, "bicycle": 0, "density": 0.2, "year_range": "unknown"}}, {"type": "Feature", "geometry": {"type": "Point", "coordinates": [-85.455856, 38.171171]}, "properties": {"crashes": 2, "injury": 0, "fatal": 0, "pedestrian": 0, "bicycle": 0, "density": 0.5, "year_range": "unknown"}}, {"type": "Feature", "geometry": {"type": "Point", "coordinates": [-85.936937, 38.007207]}, "properties": {"crashes": 1, "injury": 0, "fatal": 0, "pedestrian": 0, "bicycle": 0, "density": 0.2, "year_range": "unknown"}}, {"type": "Feature", "geometry": {"type": "Point", "coordinates": [-85.565766, 38.245045]}, "properties": {"crashes": 1, "injury": 0, "fatal": 0, "pedestrian": 0, "bicycle": 0, "density": 0.2, "year_range": "unknown"}}, {"type": "Feature", "geometry": {"type": "Point", "coordinates": [-85.718919, 38.252252]}, "properties": {"crashes": 1, "injury": 0, "fatal": 0, "pedestrian": 0, "bicycle": 0, "density": 0.2, "year_range": "unknown"}}, {"type": "Feature", "geometry": {"type": "Point", "coordinates": [-85.668468, 38.118919]}, "properties": {"crashes": 1, "injury": 0, "fatal": 0, "pedestrian": 0, "bicycle": 0, "density": 0.2, "year_range": "unknown"}}, {"type": "Feature", "geometry": {"type": "Point", "coordinates": [-85.76036, 38.232432]}, "properties": {"crashes": 1, "injury": 0, "fatal": 0, "pedestrian": 0, "bicycle": 0, "density": 0.2, "year_range": "unknown"}}, {"type": "Feature", "geometry": {"type": "Point", "coordinates": [-85.762162, 38.214414]}, "properties": {"crashes": 1, "injury": 0, "fatal": 0, "pedestrian": 0, "bicycle": 0, "density": 0.2, "year_range": "unknown"}}, {"type": "Feature", "geometry": {"type": "Point", "coordinates": [-85.511712, 38.25045]}, "properties": {"crashes": 1, "injury": 0, "fatal": 0, "pedestrian": 0, "bicycle": 0, "density": 0.2, "year_range": "unknown"}}, {"type": "Feature", "geometry": {"type": "Point", "coordinates": [-85.720721, 38.174775]}, "properties": {"crashes": 1, "injury": 0, "fatal": 0, "pedestrian": 0, "bicycle": 0, "density": 0.2, "year_range": "unknown"}}, {"type": "Feature", "geometry": {"type": "Point", "coordinates": [-85.695495, 38.113514]}, "properties": {"crashes": 1, "injury": 0, "fatal": 0, "pedestrian": 0, "bicycle": 0, "density": 0.2, "year_range": "unknown"}}, {"type": "Feature", "geometry": {"type": "Point", "coordinates": [-85.756757, 38.136937]}, "properties": {"crashes": 1, "injury": 0, "fatal": 0, "pedestrian": 0, "bicycle": 0, "density": 0.2, "year_range": "unknown"}}, {"type": "Feature", "geometry": {"type": "Point", "coordinates": [-85.502703, 38.297297]}, "properties": {"crashes": 1, "injury": 0, "fatal": 0, "pedestrian": 0, "bicycle": 0, "density": 0.2, "year_range": "unknown"}}, {"type": "Feature", "geometry": {"type": "Point", "coordinates": [-85.590991, 38.311712]}, "properties": {"crashes": 1, "injury": 0, "fatal": 0, "pedestrian": 0, "bicycle": 0, "density": 0.2, "year_range": "unknown"}}, {"type": "Feature", "geometry": {"type": "Point", "coordinates": [-85.807207, 38.257658]}, "properties": {"crashes": 2, "injury": 0, "fatal": 0, "pedestrian": 0, "bicycle": 0, "density": 0.5, "year_range": "unknown"}}, {"type": "Feature", "geometry": {"type": "Point", "coordinates": [-85.827027, 38.174775]}, "properties": {"crashes": 1, "injury": 0, "fatal": 0, "pedestrian": 0, "bicycle": 0, "density": 0.2, "year_range": "unknown"}}, {"type": "Feature", "geometry": {"type": "Point", "coordinates": [-85.603604, 38.297297]}, "properties": {"crashes": 1, "injury": 0, "fatal": 0, "pedestrian": 0, "bicycle": 0, "density": 0.2, "year_range": "unknown"}}, {"type": "Feature", "geometry": {"type": "Point", "coordinates": [-85.648649, 38.133333]}, "properties": {"crashes": 1, "injury": 0, "fatal": 0, "pedestrian": 0, "bicycle": 0, "density": 0.2, "year_range": "unknown"}}, {"type": "Feature", "geometry": {"type": "Point", "coordinates": [-85.623423, 38.277477]}, "properties": {"crashes": 1, "injury": 0, "fatal": 0, "pedestrian": 0, "bicycle": 0, "density": 0.2, "year_range": "unknown"}}, {"type": "Feature", "geometry": {"type": "Point", "coordinates": [-85.563964, 38.221622]}, "properties": {"crashes": 1, "injury": 0, "fatal": 0, "pedestrian": 0, "bicycle": 0, "density": 0.2, "year_range": "unknown"}}, {"type": "Feature", "geometry": {"type": "Point", "coordinates": [-85.672072, 38.248649]}, "properties": {"crashes": 1, "injury": 0, "fatal": 0, "pedestrian": 0, "bicycle": 0, "density": 0.2, "year_range": "unknown"}}, {"type": "Feature", "geometry": {"type": "Point", "coordinates": [-85.574775, 38.263063]}, "properties": {"crashes": 1, "injury": 0, "fatal": 0, "pedestrian": 0, "bicycle": 0, "density": 0.2, "year_range": "unknown"}}, {"type": "Feature", "geometry": {"type": "Point", "coordinates": [-85.486486, 38.241441]}, "properties": {"crashes": 1, "injury": 0, "fatal": 0, "pedestrian": 0, "bicycle": 0, "density": 0.2, "year_range": "unknown"}}, {"type": "Feature", "geometry": {"type": "Point", "coordinates": [-85.751351, 38.234234]}, "properties": {"crashes": 1, "injury": 0, "fatal": 0, "pedestrian": 0, "bicycle": 0, "density": 0.2, "year_range": "unknown"}}, {"type": "Feature", "geometry": {"type": "Point", "coordinates": [-85.736937, 38.203604]}, "properties": {"crashes": 1, "injury": 0, "fatal": 0, "pedestrian": 0, "bicycle": 0, "density": 0.2, "year_range": "unknown"}}, {"type": "Feature", "geometry": {"type": "Point", "coordinates": [-85.612613, 38.136937]}, "properties": {"crashes": 1, "injury": 0, "fatal": 0, "pedestrian": 0, "bicycle": 0, "density": 0.2, "year_range": "unknown"}}, {"type": "Feature", "geometry": {"type": "Point", "coordinates": [-85.825225, 38.154955]}, "properties": {"crashes": 1, "injury": 0, "fatal": 0, "pedestrian": 0, "bicycle": 0, "density": 0.2, "year_range": "unknown"}}, {"type": "Feature", "geometry": {"type": "Point", "coordinates": [-85.738739, 38.201802]}, "properties": {"crashes": 1, "injury": 0, "fatal": 0, "pedestrian": 0, "bicycle": 0, "density": 0.2, "year_range": "unknown"}}, {"type": "Feature", "geometry": {"type": "Point", "coordinates": [-85.567568, 38.225225]}, "properties": {"crashes": 1, "injury": 0, "fatal": 0, "pedestrian": 0, "bicycle": 0, "density": 0.2, "year_range": "unknown"}}, {"type": "Feature", "geometry": {"type": "Point", "coordinates": [-85.899099, 38.082883]}, "properties": {"crashes": 3, "injury": 0, "fatal": 0, "pedestrian": 0, "bicycle": 0, "density": 0.8, "year_range": "unknown"}}, {"type": "Feature", "geometry": {"type": "Point", "coordinates": [-85.645045, 38.138739]}, "properties": {"crashes": 1, "injury": 0, "fatal": 0, "pedestrian": 0, "bicycle": 0, "density": 0.2, "year_range": "unknown"}}, {"type": "Feature", "geometry": {"type": "Point", "coordinates": [-85.745946, 38.255856]}, "properties": {"crashes": 1, "injury": 0, "fatal": 0, "pedestrian": 0, "bicycle": 0, "density": 0.2, "year_range": "unknown"}}, {"type": "Feature", "geometry": {"type": "Point", "coordinates": [-85.661261, 38.190991]}, "properties": {"crashes": 1, "injury": 0, "fatal": 0, "pedestrian": 0, "bicycle": 0, "density": 0.2, "year_range": "unknown"}}, {"type": "Feature", "geometry": {"type": "Point", "coordinates": [-85.762162, 38.117117]}, "properties": {"crashes": 1, "injury": 0, "fatal": 0, "pedestrian": 0, "bicycle": 0, "density": 0.2, "year_range": "unknown"}}, {"type": "Feature", "geometry": {"type": "Point", "coordinates": [-85.792793, 38.131532]}, "properties": {"crashes": 1, "injury": 0, "fatal": 0, "pedestrian": 0, "bicycle": 0, "density": 0.2, "year_range": "unknown"}}, {"type": "Feature", "geometry": {"type": "Point", "coordinates": [-85.472072, 38.158559]}, "properties": {"crashes": 1, "injury": 0, "fatal": 0, "pedestrian": 0, "bicycle": 0, "density": 0.2, "year_range": "unknown"}}, {"type": "Feature", "geometry": {"type": "Point", "coordinates": [-85.830631, 38.115315]}, "properties": {"crashes": 2, "injury": 0, "fatal": 0, "pedestrian": 0, "bicycle": 0, "density": 0.5, "year_range": "unknown"}}, {"type": "Feature", "geometry": {"type": "Point", "coordinates": [-85.785586, 38.264865]}, "properties": {"crashes": 1, "injury": 0, "fatal": 0, "pedestrian": 0, "bicycle": 0, "density": 0.2, "year_range": "unknown"}}, {"type": "Feature", "geometry": {"type": "Point", "coordinates": [-85.776577, 38.117117]}, "properties": {"crashes": 1, "injury": 0, "fatal": 0, "pedestrian": 0, "bicycle": 0, "density": 0.2, "year_range": "unknown"}}, {"type": "Feature", "geometry": {"type": "Point", "coordinates": [-85.672072, 38.136937]}, "properties": {"crashes": 1, "injury": 0, "fatal": 0, "pedestrian": 0, "bicycle": 0, "density": 0.2, "year_range": "unknown"}}, {"type": "Feature", "geometry": {"type": "Point", "coordinates": [-85.78018, 38.140541]}, "properties": {"crashes": 1, "injury": 0, "fatal": 0, "pedestrian": 0, "bicycle": 0, "density": 0.2, "year_range": "unknown"}}, {"type": "Feature", "geometry": {"type": "Point", "coordinates": [-85.837838, 38.147748]}, "properties": {"crashes": 1, "injury": 0, "fatal": 0, "pedestrian": 0, "bicycle": 0, "density": 0.2, "year_range": "unknown"}}, {"type": "Feature", "geometry": {"type": "Point", "coordinates": [-85.594595, 38.216216]}, "properties": {"crashes": 1, "injury": 0, "fatal": 0, "pedestrian": 0, "bicycle": 0, "density": 0.2, "year_range": "unknown"}}, {"type": "Feature", "geometry": {"type": "Point", "coordinates": [-85.515315, 38.29009]}, "properties": {"crashes": 2, "injury": 0, "fatal": 0, "pedestrian": 0, "bicycle": 0, "density": 0.5, "year_range": "unknown"}}, {"type": "Feature", "geometry": {"type": "Point", "coordinates": [-85.74955, 38.252252]}, "properties": {"crashes": 1, "injury": 0, "fatal": 0, "pedestrian": 0, "bicycle": 0, "density": 0.2, "year_range": "unknown"}}, {"type": "Feature", "geometry": {"type": "Point", "coordinates": [-85.65045, 38.198198]}, "properties": {"crashes": 1, "injury": 0, "fatal": 0, "pedestrian": 0, "bicycle": 0, "density": 0.2, "year_range": "unknown"}}, {"type": "Feature", "geometry": {"type": "Point", "coordinates": [-85.664865, 38.25045]}, "properties": {"crashes": 2, "injury": 0, "fatal": 0, "pedestrian": 0, "bicycle": 0, "density": 0.5, "year_range": "unknown"}}, {"type": "Feature", "geometry": {"type": "Point", "coordinates": [-85.607207, 38.138739]}, "properties": {"crashes": 1, "injury": 0, "fatal": 0, "pedestrian": 0, "bicycle": 0, "density": 0.2, "year_range": "unknown"}}, {"type": "Feature", "geometry": {"type": "Point", "coordinates": [-85.648649, 38.106306]}, "properties": {"crashes": 1, "injury": 0, "fatal": 0, "pedestrian": 0, "bicycle": 0, "density": 0.2, "year_range": "unknown"}}, {"type": "Feature", "geometry": {"type": "Point", "coordinates": [-85.634234, 38.230631]}, "properties": {"crashes": 1, "injury": 0, "fatal": 0, "pedestrian": 0, "bicycle": 0, "density": 0.2, "year_range": "unknown"}}, {"type": "Feature", "geometry": {"type": "Point", "coordinates": [-85.717117, 38.232432]}, "properties": {"crashes": 1, "injury": 0, "fatal": 0, "pedestrian": 0, "bicycle": 0, "density": 0.2, "year_range": "unknown"}}, {"type": "Feature", "geometry": {"type": "Point", "coordinates": [-85.448649, 38.27027]}, "properties": {"crashes": 1, "injury": 0, "fatal": 0, "pedestrian": 0, "bicycle": 0, "density": 0.2, "year_range": "unknown"}}, {"type": "Feature", "geometry": {"type": "Point", "coordinates": [-85.83964, 38.176577]}, "properties": {"crashes": 1, "injury": 0, "fatal": 0, "pedestrian": 0, "bicycle": 0, "density": 0.2, "year_range": "unknown"}}, {"type": "Feature", "geometry": {"type": "Point", "coordinates": [-85.776577, 38.122523]}, "properties": {"crashes": 1, "injury": 0, "fatal": 0, "pedestrian": 0, "bicycle": 0, "density": 0.2, "year_range": "unknown"}}, {"type": "Feature", "geometry": {"type": "Point", "coordinates": [-85.827027, 38.207207]}, "properties": {"crashes": 1, "injury": 0, "fatal": 0, "pedestrian": 0, "bicycle": 0, "density": 0.2, "year_range": "unknown"}}, {"type": "Feature", "geometry": {"type": "Point", "coordinates": [-85.796396, 38.243243]}, "properties": {"crashes": 1, "injury": 0, "fatal": 0, "pedestrian": 0, "bicycle": 0, "density": 0.2, "year_range": "unknown"}}, {"type": "Feature", "geometry": {"type": "Point", "coordinates": [-85.654054, 38.221622]}, "properties": {"crashes": 1, "injury": 0, "fatal": 0, "pedestrian": 0, "bicycle": 0, "density": 0.2, "year_range": "unknown"}}, {"type": "Feature", "geometry": {"type": "Point", "coordinates": [-85.69009, 38.10991]}, "properties": {"crashes": 1, "injury": 0, "fatal": 0, "pedestrian": 0, "bicycle": 0, "density": 0.2, "year_range": "unknown"}}, {"type": "Feature", "geometry": {"type": "Point", "coordinates": [-85.572973, 38.216216]}, "properties": {"crashes": 1, "injury": 0, "fatal": 0, "pedestrian": 0, "bicycle": 0, "density": 0.2, "year_range": "unknown"}}, {"type": "Feature", "geometry": {"type": "Point", "coordinates": [-85.747748, 38.23964]}, "properties": {"crashes": 1, "injury": 0, "fatal": 0, "pedestrian": 0, "bicycle": 0, "density": 0.2, "year_range": "unknown"}}, {"type": "Feature", "geometry": {"type": "Point", "coordinates": [-85.627027, 38.140541]}, "properties": {"crashes": 1, "injury": 0, "fatal": 0, "pedestrian": 0, "bicycle": 0, "density": 0.2, "year_range": "unknown"}}, {"type": "Feature", "geometry": {"type": "Point", "coordinates": [-85.893694, 38.052252]}, "properties": {"crashes": 1, "injury": 0, "fatal": 0, "pedestrian": 0, "bicycle": 0, "density": 0.2, "year_range": "unknown"}}, {"type": "Feature", "geometry": {"type": "Point", "coordinates": [-85.538739, 38.300901]}, "properties": {"crashes": 1, "injury": 0, "fatal": 0, "pedestrian": 0, "bicycle": 0, "density": 0.2, "year_range": "unknown"}}, {"type": "Feature", "geometry": {"type": "Point", "coordinates": [-85.623423, 38.169369]}, "properties": {"crashes": 1, "injury": 0, "fatal": 0, "pedestrian": 0, "bicycle": 0, "density": 0.2, "year_range": "unknown"}}, {"type": "Feature", "geometry": {"type": "Point", "coordinates": [-85.556757, 38.223423]}, "properties": {"crashes": 1, "injury": 0, "fatal": 0, "pedestrian": 0, "bicycle": 0, "density": 0.2, "year_range": "unknown"}}, {"type": "Feature", "geometry": {"type": "Point", "coordinates": [-85.859459, 38.131532]}, "properties": {"crashes": 1, "injury": 0, "fatal": 0, "pedestrian": 0, "bicycle": 0, "density": 0.2, "year_range": "unknown"}}, {"type": "Feature", "geometry": {"type": "Point", "coordinates": [-85.661261, 38.221622]}, "properties": {"crashes": 2, "injury": 0, "fatal": 0, "pedestrian": 0, "bicycle": 0, "density": 0.5, "year_range": "unknown"}}, {"type": "Feature", "geometry": {"type": "Point", "coordinates": [-85.899099, 38.045045]}, "properties": {"crashes": 1, "injury": 0, "fatal": 0, "pedestrian": 0, "bicycle": 0, "density": 0.2, "year_range": "unknown"}}, {"type": "Feature", "geometry": {"type": "Point", "coordinates": [-85.807207, 38.266667]}, "properties": {"crashes": 1, "injury": 0, "fatal": 0, "pedestrian": 0, "bicycle": 0, "density": 0.2, "year_range": "unknown"}}, {"type": "Feature", "geometry": {"type": "Point", "coordinates": [-85.8, 38.117117]}, "properties": {"crashes": 1, "injury": 0, "fatal": 0, "pedestrian": 0, "bicycle": 0, "density": 0.2, "year_range": "unknown"}}, {"type": "Feature", "geometry": {"type": "Point", "coordinates": [-85.637838, 38.281081]}, "properties": {"crashes": 1, "injury": 0, "fatal": 0, "pedestrian": 0, "bicycle": 0, "density": 0.2, "year_range": "unknown"}}, {"type": "Feature", "geometry": {"type": "Point", "coordinates": [-85.875676, 38.171171]}, "properties": {"crashes": 1, "injury": 0, "fatal": 0, "pedestrian": 0, "bicycle": 0, "density": 0.2, "year_range": "unknown"}}, {"type": "Feature", "geometry": {"type": "Point", "coordinates": [-85.54955, 38.268468]}, "properties": {"crashes": 1, "injury": 0, "fatal": 0, "pedestrian": 0, "bicycle": 0, "density": 0.2, "year_range": "unknown"}}, {"type": "Feature", "geometry": {"type": "Point", "coordinates": [-85.664865, 38.237838]}, "properties": {"crashes": 1, "injury": 0, "fatal": 0, "pedestrian": 0, "bicycle": 0, "density": 0.2, "year_range": "unknown"}}, {"type": "Feature", "geometry": {"type": "Point", "coordinates": [-85.812613, 38.245045]}, "properties": {"crashes": 1, "injury": 0, "fatal": 0, "pedestrian": 0, "bicycle": 0, "density": 0.2, "year_range": "unknown"}}, {"type": "Feature", "geometry": {"type": "Point", "coordinates": [-85.610811, 38.259459]}, "properties": {"crashes": 1, "injury": 0, "fatal": 0, "pedestrian": 0, "bicycle": 0, "density": 0.2, "year_range": "unknown"}}, {"type": "Feature", "geometry": {"type": "Point", "coordinates": [-85.587387, 38.293694]}, "properties": {"crashes": 2, "injury": 0, "fatal": 0, "pedestrian": 0, "bicycle": 0, "density": 0.5, "year_range": "unknown"}}, {"type": "Feature", "geometry": {"type": "Point", "coordinates": [-85.49009, 38.198198]}, "properties": {"crashes": 1, "injury": 0, "fatal": 0, "pedestrian": 0, "bicycle": 0, "density": 0.2, "year_range": "unknown"}}, {"type": "Feature", "geometry": {"type": "Point", "coordinates": [-85.699099, 38.259459]}, "properties": {"crashes": 1, "injury": 0, "fatal": 0, "pedestrian": 0, "bicycle": 0, "density": 0.2, "year_range": "unknown"}}, {"type": "Feature", "geometry": {"type": "Point", "coordinates": [-85.511712, 38.245045]}, "properties": {"crashes": 1, "injury": 0, "fatal": 0, "pedestrian": 0, "bicycle": 0, "density": 0.2, "year_range": "unknown"}}, {"type": "Feature", "geometry": {"type": "Point", "coordinates": [-85.832432, 38.115315]}, "properties": {"crashes": 1, "injury": 0, "fatal": 0, "pedestrian": 0, "bicycle": 0, "density": 0.2, "year_range": "unknown"}}, {"type": "Feature", "geometry": {"type": "Point", "coordinates": [-85.814414, 38.154955]}, "properties": {"crashes": 1, "injury": 0, "fatal": 0, "pedestrian": 0, "bicycle": 0, "density": 0.2, "year_range": "unknown"}}, {"type": "Feature", "geometry": {"type": "Point", "coordinates": [-85.668468, 38.187387]}, "properties": {"crashes": 1, "injury": 0, "fatal": 0, "pedestrian": 0, "bicycle": 0, "density": 0.2, "year_range": "unknown"}}, {"type": "Feature", "geometry": {"type": "Point", "coordinates": [-85.544144, 38.153153]}, "properties": {"crashes": 1, "injury": 0, "fatal": 0, "pedestrian": 0, "bicycle": 0, "density": 0.2, "year_range": "unknown"}}, {"type": "Feature", "geometry": {"type": "Point", "coordinates": [-85.702703, 38.113514]}, "properties": {"crashes": 1, "injury": 0, "fatal": 0, "pedestrian": 0, "bicycle": 0, "density": 0.2, "year_range": "unknown"}}, {"type": "Feature", "geometry": {"type": "Point", "coordinates": [-85.763964, 38.169369]}, "properties": {"crashes": 2, "injury": 0, "fatal": 0, "pedestrian": 0, "bicycle": 0, "density": 0.5, "year_range": "unknown"}}, {"type": "Feature", "geometry": {"type": "Point", "coordinates": [-85.769369, 38.194595]}, "properties": {"crashes": 1, "injury": 0, "fatal": 0, "pedestrian": 0, "bicycle": 0, "density": 0.2, "year_range": "unknown"}}, {"type": "Feature", "geometry": {"type": "Point", "coordinates": [-85.738739, 38.243243]}, "properties": {"crashes": 3, "injury": 0, "fatal": 0, "pedestrian": 0, "bicycle": 0, "density": 0.8, "year_range": "unknown"}}, {"type": "Feature", "geometry": {"type": "Point", "coordinates": [-85.810811, 38.246847]}, "properties": {"crashes": 1, "injury": 0, "fatal": 0, "pedestrian": 0, "bicycle": 0, "density": 0.2, "year_range": "unknown"}}, {"type": "Feature", "geometry": {"type": "Point", "coordinates": [-85.630631, 38.115315]}, "properties": {"crashes": 1, "injury": 0, "fatal": 0, "pedestrian": 0, "bicycle": 0, "density": 0.2, "year_range": "unknown"}}, {"type": "Feature", "geometry": {"type": "Point", "coordinates": [-85.545946, 38.198198]}, "properties": {"crashes": 1, "injury": 0, "fatal": 0, "pedestrian": 0, "bicycle": 0, "density": 0.2, "year_range": "unknown"}}, {"type": "Feature", "geometry": {"type": "Point", "coordinates": [-85.816216, 38.18018]}, "properties": {"crashes": 1, "injury": 0, "fatal": 0, "pedestrian": 0, "bicycle": 0, "density": 0.2, "year_range": "unknown"}}, {"type": "Feature", "geometry": {"type": "Point", "coordinates": [-85.531532, 38.29009]}, "properties": {"crashes": 1, "injury": 0, "fatal": 0, "pedestrian": 0, "bicycle": 0, "density": 0.2, "year_range": "unknown"}}, {"type": "Feature", "geometry": {"type": "Point", "coordinates": [-85.645045, 38.264865]}, "properties": {"crashes": 1, "injury": 0, "fatal": 0, "pedestrian": 0, "bicycle": 0, "density": 0.2, "year_range": "unknown"}}, {"type": "Feature", "geometry": {"type": "Point", "coordinates": [-85.652252, 38.27027]}, "properties": {"crashes": 1, "injury": 0, "fatal": 0, "pedestrian": 0, "bicycle": 0, "density": 0.2, "year_range": "unknown"}}, {"type": "Feature", "geometry": {"type": "Point", "coordinates": [-85.897297, 38.138739]}, "properties": {"crashes": 1, "injury": 0, "fatal": 0, "pedestrian": 0, "bicycle": 0, "density": 0.2, "year_range": "unknown"}}, {"type": "Feature", "geometry": {"type": "Point", "coordinates": [-85.805405, 38.172973]}, "properties": {"crashes": 1, "injury": 0, "fatal": 0, "pedestrian": 0, "bicycle": 0, "density": 0.2, "year_range": "unknown"}}, {"type": "Feature", "geometry": {"type": "Point", "coordinates": [-85.792793, 38.201802]}, "properties": {"crashes": 2, "injury": 0, "fatal": 0, "pedestrian": 0, "bicycle": 0, "density": 0.5, "year_range": "unknown"}}, {"type": "Feature", "geometry": {"type": "Point", "coordinates": [-85.783784, 38.21982]}, "properties": {"crashes": 1, "injury": 0, "fatal": 0, "pedestrian": 0, "bicycle": 0, "density": 0.2, "year_range": "unknown"}}, {"type": "Feature", "geometry": {"type": "Point", "coordinates": [-85.821622, 38.185586]}, "properties": {"crashes": 1, "injury": 0, "fatal": 0, "pedestrian": 0, "bicycle": 0, "density": 0.2, "year_range": "unknown"}}, {"type": "Feature", "geometry": {"type": "Point", "coordinates": [-85.702703, 38.185586]}, "properties": {"crashes": 1, "injury": 0, "fatal": 0, "pedestrian": 0, "bicycle": 0, "density": 0.2, "year_range": "unknown"}}, {"type": "Feature", "geometry": {"type": "Point", "coordinates": [-85.686486, 38.273874]}, "properties": {"crashes": 1, "injury": 0, "fatal": 0, "pedestrian": 0, "bicycle": 0, "density": 0.2, "year_range": "unknown"}}, {"type": "Feature", "geometry": {"type": "Point", "coordinates": [-85.816216, 38.187387]}, "properties": {"crashes": 1, "injury": 0, "fatal": 0, "pedestrian": 0, "bicycle": 0, "density": 0.2, "year_range": "unknown"}}, {"type": "Feature", "geometry": {"type": "Point", "coordinates": [-85.632432, 38.21982]}, "properties": {"crashes": 1, "injury": 0, "fatal": 0, "pedestrian": 0, "bicycle": 0, "density": 0.2, "year_range": "unknown"}}, {"type": "Feature", "geometry": {"type": "Point", "coordinates": [-85.641441, 38.201802]}, "properties": {"crashes": 1, "injury": 0, "fatal": 0, "pedestrian": 0, "bicycle": 0, "density": 0.2, "year_range": "unknown"}}, {"type": "Feature", "geometry": {"type": "Point", "coordinates": [-85.814414, 38.205405]}, "properties": {"crashes": 1, "injury": 0, "fatal": 0, "pedestrian": 0, "bicycle": 0, "density": 0.2, "year_range": "unknown"}}, {"type": "Feature", "geometry": {"type": "Point", "coordinates": [-85.818018, 38.18018]}, "properties": {"crashes": 1, "injury": 0, "fatal": 0, "pedestrian": 0, "bicycle": 0, "density": 0.2, "year_range": "unknown"}}, {"type": "Feature", "geometry": {"type": "Point", "coordinates": [-85.756757, 38.245045]}, "properties": {"crashes": 1, "injury": 0, "fatal": 0, "pedestrian": 0, "bicycle": 0, "density": 0.2, "year_range": "unknown"}}, {"type": "Feature", "geometry": {"type": "Point", "coordinates": [-85.796396, 38.23964]}, "properties": {"crashes": 1, "injury": 0, "fatal": 0, "pedestrian": 0, "bicycle": 0, "density": 0.2, "year_range": "unknown"}}, {"type": "Feature", "geometry": {"type": "Point", "coordinates": [-85.576577, 38.216216]}, "properties": {"crashes": 1, "injury": 0, "fatal": 0, "pedestrian": 0, "bicycle": 0, "density": 0.2, "year_range": "unknown"}}, {"type": "Feature", "geometry": {"type": "Point", "coordinates": [-85.841441, 38.144144]}, "properties": {"crashes": 1, "injury": 0, "fatal": 0, "pedestrian": 0, "bicycle": 0, "density": 0.2, "year_range": "unknown"}}, {"type": "Feature", "geometry": {"type": "Point", "coordinates": [-85.787387, 38.227027]}, "properties": {"crashes": 1, "injury": 0, "fatal": 0, "pedestrian": 0, "bicycle": 0, "density": 0.2, "year_range": "unknown"}}, {"type": "Feature", "geometry": {"type": "Point", "coordinates": [-85.63964, 38.176577]}, "properties": {"crashes": 2, "injury": 0, "fatal": 0, "pedestrian": 0, "bicycle": 0, "density": 0.5, "year_range": "unknown"}}, {"type": "Feature", "geometry": {"type": "Point", "coordinates": [-85.74955, 38.25045]}, "properties": {"crashes": 1, "injury": 0, "fatal": 0, "pedestrian": 0, "bicycle": 0, "density": 0.2, "year_range": "unknown"}}, {"type": "Feature", "geometry": {"type": "Point", "coordinates": [-85.654054, 38.196396]}, "properties": {"crashes": 1, "injury": 0, "fatal": 0, "pedestrian": 0, "bicycle": 0, "density": 0.2, "year_range": "unknown"}}, {"type": "Feature", "geometry": {"type": "Point", "coordinates": [-85.67027, 38.097297]}, "properties": {"crashes": 1, "injury": 0, "fatal": 0, "pedestrian": 0, "bicycle": 0, "density": 0.2, "year_range": "unknown"}}, {"type": "Feature", "geometry": {"type": "Point", "coordinates": [-85.666667, 38.124324]}, "properties": {"crashes": 1, "injury": 0, "fatal": 0, "pedestrian": 0, "bicycle": 0, "density": 0.2, "year_range": "unknown"}}, {"type": "Feature", "geometry": {"type": "Point", "coordinates": [-85.630631, 38.236036]}, "properties": {"crashes": 1, "injury": 0, "fatal": 0, "pedestrian": 0, "bicycle": 0, "density": 0.2, "year_range": "unknown"}}, {"type": "Feature", "geometry": {"type": "Point", "coordinates": [-85.78018, 38.176577]}, "properties": {"crashes": 1, "injury": 0, "fatal": 0, "pedestrian": 0, "bicycle": 0, "density": 0.2, "year_range": "unknown"}}, {"type": "Feature", "geometry": {"type": "Point", "coordinates": [-85.81982, 38.095495]}, "properties": {"crashes": 1, "injury": 0, "fatal": 0, "pedestrian": 0, "bicycle": 0, "density": 0.2, "year_range": "unknown"}}, {"type": "Feature", "geometry": {"type": "Point", "coordinates": [-85.796396, 38.196396]}, "properties": {"crashes": 1, "injury": 0, "fatal": 0, "pedestrian": 0, "bicycle": 0, "density": 0.2, "year_range": "unknown"}}, {"type": "Feature", "geometry": {"type": "Point", "coordinates": [-85.70991, 38.232432]}, "properties": {"crashes": 1, "injury": 0, "fatal": 0, "pedestrian": 0, "bicycle": 0, "density": 0.2, "year_range": "unknown"}}, {"type": "Feature", "geometry": {"type": "Point", "coordinates": [-85.551351, 38.324324]}, "properties": {"crashes": 1, "injury": 0, "fatal": 0, "pedestrian": 0, "bicycle": 0, "density": 0.2, "year_range": "unknown"}}, {"type": "Feature", "geometry": {"type": "Point", "coordinates": [-85.875676, 38.140541]}, "properties": {"crashes": 1, "injury": 0, "fatal": 0, "pedestrian": 0, "bicycle": 0, "density": 0.2, "year_range": "unknown"}}, {"type": "Feature", "geometry": {"type": "Point", "coordinates": [-85.554955, 38.317117]}, "properties": {"crashes": 1, "injury": 0, "fatal": 0, "pedestrian": 0, "bicycle": 0, "density": 0.2, "year_range": "unknown"}}, {"type": "Feature", "geometry": {"type": "Point", "coordinates": [-85.845045, 38.068468]}, "properties": {"crashes": 1, "injury": 0, "fatal": 0, "pedestrian": 0, "bicycle": 0, "density": 0.2, "year_range": "unknown"}}, {"type": "Feature", "geometry": {"type": "Point", "coordinates": [-85.574775, 38.308108]}, "properties": {"crashes": 1, "injury": 0, "fatal": 0, "pedestrian": 0, "bicycle": 0, "density": 0.2, "year_range": "unknown"}}, {"type": "Feature", "geometry": {"type": "Point", "coordinates": [-85.855856, 38.104505]}, "properties": {"crashes": 1, "injury": 0, "fatal": 0, "pedestrian": 0, "bicycle": 0, "density": 0.2, "year_range": "unknown"}}, {"type": "Feature", "geometry": {"type": "Point", "coordinates": [-85.738739, 38.241441]}, "properties": {"crashes": 1, "injury": 0, "fatal": 0, "pedestrian": 0, "bicycle": 0, "density": 0.2, "year_range": "unknown"}}, {"type": "Feature", "geometry": {"type": "Point", "coordinates": [-85.823423, 38.14955]}, "properties": {"crashes": 1, "injury": 0, "fatal": 0, "pedestrian": 0, "bicycle": 0, "density": 0.2, "year_range": "unknown"}}, {"type": "Feature", "geometry": {"type": "Point", "coordinates": [-85.792793, 38.272072]}, "properties": {"crashes": 1, "injury": 0, "fatal": 0, "pedestrian": 0, "bicycle": 0, "density": 0.2, "year_range": "unknown"}}, {"type": "Feature", "geometry": {"type": "Point", "coordinates": [-85.637838, 38.136937]}, "properties": {"crashes": 1, "injury": 0, "fatal": 0, "pedestrian": 0, "bicycle": 0, "density": 0.2, "year_range": "unknown"}}, {"type": "Feature", "geometry": {"type": "Point", "coordinates": [-85.497297, 38.234234]}, "properties": {"crashes": 1, "injury": 0, "fatal": 0, "pedestrian": 0, "bicycle": 0, "density": 0.2, "year_range": "unknown"}}, {"type": "Feature", "geometry": {"type": "Point", "coordinates": [-85.693694, 38.117117]}, "properties": {"crashes": 1, "injury": 0, "fatal": 0, "pedestrian": 0, "bicycle": 0, "density": 0.2, "year_range": "unknown"}}, {"type": "Feature", "geometry": {"type": "Point", "coordinates": [-85.931532, 38.009009]}, "properties": {"crashes": 1, "injury": 0, "fatal": 0, "pedestrian": 0, "bicycle": 0, "density": 0.2, "year_range": "unknown"}}, {"type": "Feature", "geometry": {"type": "Point", "coordinates": [-85.69009, 38.223423]}, "properties": {"crashes": 2, "injury": 0, "fatal": 0, "pedestrian": 0, "bicycle": 0, "density": 0.5, "year_range": "unknown"}}, {"type": "Feature", "geometry": {"type": "Point", "coordinates": [-85.805405, 38.230631]}, "properties": {"crashes": 1, "injury": 0, "fatal": 0, "pedestrian": 0, "bicycle": 0, "density": 0.2, "year_range": "unknown"}}, {"type": "Feature", "geometry": {"type": "Point", "coordinates": [-85.787387, 38.263063]}, "properties": {"crashes": 1, "injury": 0, "fatal": 0, "pedestrian": 0, "bicycle": 0, "density": 0.2, "year_range": "unknown"}}, {"type": "Feature", "geometry": {"type": "Point", "coordinates": [-85.891892, 38.172973]}, "properties": {"crashes": 2, "injury": 0, "fatal": 0, "pedestrian": 0, "bicycle": 0, "density": 0.5, "year_range": "unknown"}}]}