{"type": "FeatureCollection", "features": [{"type": "Feature", "geometry": {"type": "Point", "coordinates": [-96.978378, 28.765766]}, "properties": {"crashes": 1, "injury": 1, "fatal": 0, "pedestrian": 0, "bicycle": 1, "density": 0.2, "year_range": "2010-2024"}}, {"type": "Feature", "geometry": {"type": "Point", "coordinates": [-97.135135, 32.663063]}, "properties": {"crashes": 1, "injury": 1, "fatal": 0, "pedestrian": 0, "bicycle": 1, "density": 0.2, "year_range": "2010-2024"}}, {"type": "Feature", "geometry": {"type": "Point", "coordinates": [-97.49009, 25.924324]}, "properties": {"crashes": 1, "injury": 1, "fatal": 0, "pedestrian": 0, "bicycle": 1, "density": 0.2, "year_range": "2010-2024"}}, {"type": "Feature", "geometry": {"type": "Point", "coordinates": [-97.282883, 32.684685]}, "properties": {"crashes": 1, "injury": 1, "fatal": 0, "pedestrian": 0, "bicycle": 1, "density": 0.2, "year_range": "2010-2024"}}, {"type": "Feature", "geometry": {"type": "Point", "coordinates": [-99.742342, 32.401802]}, "properties": {"crashes": 1, "injury": 1, "fatal": 0, "pedestrian": 0, "bicycle": 1, "density": 0.2, "year_range": "2010-2024"}}, {"type": "Feature", "geometry": {"type": "Point", "coordinates": [-98.49009, 33.908108]}, "properties": {"crashes": 1, "injury": 0, "fatal": 0, "pedestrian": 0, "bicycle": 1, "density": 0.2, "year_range": "2010-2024"}}, {"type": "Feature", "geometry": {"type": "Point", "coordinates": [-96.733333, 33.194595]}, "properties": {"crashes": 1, "injury": 0, "fatal": 0, "pedestrian": 0, "bicycle": 1, "density": 0.2, "year_range": "2010-2024"}}, {"type": "Feature", "geometry": {"type": "Point", "coordinates": [-96.872072, 32.659459]}, "properties": {"crashes": 1, "injury": 1, "fatal": 0, "pedestrian": 0, "bicycle": 1, "density": 0.2, "year_range": "2010-2024"}}, {"type": "Feature", "geometry": {"type": "Point", "coordinates": [-102.207207, 31.985586]}, "properties": {"crashes": 1, "injury": 1, "fatal": 1, "pedestrian": 0, "bicycle": 1, "density": 0.2, "year_range": "2010-2024"}}, {"type": "Feature", "geometry": {"type": "Point", "coordinates": [-95.587387, 30.196396]}, "properties": {"crashes": 1, "injury": 1, "fatal": 0, "pedestrian": 0, "bicycle": 1, "density": 0.2, "year_range": "2010-2024"}}, {"type": "Feature", "geometry": {"type": "Point", "coordinates": [-97.736937, 30.261261]}, "properties": {"crashes": 9, "injury": 8, "fatal": 0, "pedestrian": 0, "bicycle": 9, "density": 2.2, "year_range": "2010-2024"}}, {"type": "Feature", "geometry": {"type": "Point", "coordinates": [-98.052252, 26.181982]}, "properties": {"crashes": 1, "injury": 1, "fatal": 0, "pedestrian": 0, "bicycle": 1, "density": 0.2, "year_range": "2010-2024"}}, {"type": "Feature", "geometry": {"type": "Point", "coordinates": [-100.45045, 31.466667]}, "properties": {"crashes": 1, "injury": 0, "fatal": 0, "pedestrian": 0, "bicycle": 1, "density": 0.2, "year_range": "2010-2024"}}, {"type": "Feature", "geometry": {"type": "Point", "coordinates": [-99.708108, 32.405405]}, "properties": {"crashes": 1, "injury": 1, "fatal": 0, "pedestrian": 0, "bicycle": 1, "density": 0.2, "year_range": "2010-2024"}}, {"type": "Feature", "geometry": {"type": "Point", "coordinates": [-97.097297, 32.738739]}, "properties": {"crashes": 3, "injury": 3, "fatal": 1, "pedestrian": 0, "bicycle": 3, "density": 0.8, "year_range": "2010-2024"}}, {"type": "Feature", "geometry": {"type": "Point", "coordinates": [-95.41982, 29.686486]}, "properties": {"crashes": 1, "injury": 1, "fatal": 0, "pedestrian": 0, "bicycle": 1, "density": 0.2, "year_range": "2010-2024"}}, {"type": "Feature", "geometry": {"type": "Point", "coordinates": [-95.688288, 29.785586]}, "properties": {"crashes": 1, "injury": 1, "fatal": 0, "pedestrian": 0, "bicycle": 1, "density": 0.2, "year_range": "2010-2024"}}, {"type": "Feature", "geometry": {"type": "Point", "coordinates": [-97.409009, 30.572973]}, "properties": {"crashes": 1, "injury": 1, "fatal": 1, "pedestrian": 0, "bicycle": 1, "density": 0.2, "year_range": "2010-2024"}}, {"type": "Feature", "geometry": {"type": "Point", "coordinates": [-94.102703, 30.075676]}, "properties": {"crashes": 1, "injury": 1, "fatal": 0, "pedestrian": 0, "bicycle": 1, "density": 0.2, "year_range": "2010-2024"}}, {"type": "Feature", "geometry": {"type": "Point", "coordinates": [-97.131532, 33.245045]}, "properties": {"crashes": 3, "injury": 2, "fatal": 0, "pedestrian": 0, "bicycle": 3, "density": 0.8, "year_range": "2010-2024"}}, {"type": "Feature", "geometry": {"type": "Point", "coordinates": [-99.18018, 30.066667]}, "properties": {"crashes": 1, "injury": 0, "fatal": 0, "pedestrian": 0, "bicycle": 1, "density": 0.2, "year_range": "2010-2024"}}, {"type": "Feature", "geometry": {"type": "Point", "coordinates": [-97.616216, 30.252252]}, "properties": {"crashes": 1, "injury": 1, "fatal": 0, "pedestrian": 0, "bicycle": 1, "density": 0.2, "year_range": "2010-2024"}}, {"type": "Feature", "geometry": {"type": "Point", "coordinates": [-97.144144, 31.551351]}, "properties": {"crashes": 2, "injury": 2, "fatal": 1, "pedestrian": 0, "bicycle": 2, "density": 0.5, "year_range": "2010-2024"}}, {"type": "Feature", "geometry": {"type": "Point", "coordinates": [-97.697297, 30.144144]}, "properties": {"crashes": 1, "injury": 1, "fatal": 0, "pedestrian": 0, "bicycle": 1, "density": 0.2, "year_range": "2010-2024"}}, {"type": "Feature", "geometry": {"type": "Point", "coordinates": [-97.778378, 30.246847]}, "properties": {"crashes": 1, "injury": 1, "fatal": 0, "pedestrian": 0, "bicycle": 1, "density": 0.2, "year_range": "2010-2024"}}, {"type": "Feature", "geometry": {"type": "Point", "coordinates": [-97.772973, 30.491892]}, "properties": {"crashes": 1, "injury": 1, "fatal": 0, "pedestrian": 0, "bicycle": 1, "density": 0.2, "year_range": "2010-2024"}}, {"type": "Feature", "geometry": {"type": "Point", "coordinates": [-95.410811, 29.841441]}, "properties": {"crashes": 1, "injury": 1, "fatal": 0, "pedestrian": 0, "bicycle": 1, "density": 0.2, "year_range": "2010-2024"}}, {"type": "Feature", "geometry": {"type": "Point", "coordinates": [-97.372973, 31.111712]}, "properties": {"crashes": 1, "injury": 1, "fatal": 0, "pedestrian": 0, "bicycle": 1, "density": 0.2, "year_range": "2010-2024"}}, {"type": "Feature", "geometry": {"type": "Point", "coordinates": [-97.165766, 30.007207]}, "properties": {"crashes": 1, "injury": 1, "fatal": 0, "pedestrian": 0, "bicycle": 1, "density": 0.2, "year_range": "2010-2024"}}, {"type": "Feature", "geometry": {"type": "Point", "coordinates": [-97.735135, 28.387387]}, "properties": {"crashes": 1, "injury": 0, "fatal": 0, "pedestrian": 0, "bicycle": 1, "density": 0.2, "year_range": "2010-2024"}}, {"type": "Feature", "geometry": {"type": "Point", "coordinates": [-98.252252, 29.533333]}, "properties": {"crashes": 1, "injury": 1, "fatal": 0, "pedestrian": 0, "bicycle": 1, "density": 0.2, "year_range": "2010-2024"}}, {"type": "Feature", "geometry": {"type": "Point", "coordinates": [-98.618018, 33.18018]}, "properties": {"crashes": 1, "injury": 1, "fatal": 0, "pedestrian": 0, "bicycle": 1, "density": 0.2, "year_range": "2010-2024"}}, {"type": "Feature", "geometry": {"type": "Point", "coordinates": [-97.693694, 30.414414]}, "properties": {"crashes": 1, "injury": 1, "fatal": 0, "pedestrian": 0, "bicycle": 1, "density": 0.2, "year_range": "2010-2024"}}, {"type": "Feature", "geometry": {"type": "Point", "coordinates": [-97.745946, 30.389189]}, "properties": {"crashes": 2, "injury": 2, "fatal": 0, "pedestrian": 0, "bicycle": 2, "density": 0.5, "year_range": "2010-2024"}}, {"type": "Feature", "geometry": {"type": "Point", "coordinates": [-97.142342, 33.228829]}, "properties": {"crashes": 2, "injury": 2, "fatal": 0, "pedestrian": 0, "bicycle": 2, "density": 0.5, "year_range": "2010-2024"}}, {"type": "Feature", "geometry": {"type": "Point", "coordinates": [-95.801802, 29.785586]}, "properties": {"crashes": 1, "injury": 1, "fatal": 0, "pedestrian": 0, "bicycle": 1, "density": 0.2, "year_range": "2010-2024"}}, {"type": "Feature", "geometry": {"type": "Point", "coordinates": [-95.565766, 29.645045]}, "properties": {"crashes": 1, "injury": 0, "fatal": 0, "pedestrian": 0, "bicycle": 1, "density": 0.2, "year_range": "2010-2024"}}, {"type": "Feature", "geometry": {"type": "Point", "coordinates": [-98.410811, 29.518919]}, "properties": {"crashes": 2, "injury": 2, "fatal": 0, "pedestrian": 0, "bicycle": 2, "density": 0.5, "year_range": "2010-2024"}}, {"type": "Feature", "geometry": {"type": "Point", "coordinates": [-93.747748, 30.106306]}, "properties": {"crashes": 1, "injury": 1, "fatal": 0, "pedestrian": 0, "bicycle": 1, "density": 0.2, "year_range": "2010-2024"}}, {"type": "Feature", "geometry": {"type": "Point", "coordinates": [-97.234234, 32.935135]}, "properties": {"crashes": 1, "injury": 1, "fatal": 0, "pedestrian": 0, "bicycle": 1, "density": 0.2, "year_range": "2010-2024"}}, {"type": "Feature", "geometry": {"type": "Point", "coordinates": [-97.407207, 32.731532]}, "properties": {"crashes": 1, "injury": 0, "fatal": 0, "pedestrian": 0, "bicycle": 1, "density": 0.2, "year_range": "2010-2024"}}, {"type": "Feature", "geometry": {"type": "Point", "coordinates": [-94.772973, 29.304505]}, "properties": {"crashes": 3, "injury": 1, "fatal": 0, "pedestrian": 0, "bicycle": 3, "density": 0.8, "year_range": "2010-2024"}}, {"type": "Feature", "geometry": {"type": "Point", "coordinates": [-95.448649, 30.014414]}, "properties": {"crashes": 1, "injury": 1, "fatal": 0, "pedestrian": 0, "bicycle": 1, "density": 0.2, "year_range": "2010-2024"}}, {"type": "Feature", "geometry": {"type": "Point", "coordinates": [-102.145946, 32.028829]}, "properties": {"crashes": 1, "injury": 1, "fatal": 0, "pedestrian": 0, "bicycle": 1, "density": 0.2, "year_range": "2010-2024"}}, {"type": "Feature", "geometry": {"type": "Point", "coordinates": [-94.827027, 29.291892]}, "properties": {"crashes": 5, "injury": 1, "fatal": 0, "pedestrian": 0, "bicycle": 5, "density": 1.2, "year_range": "2010-2024"}}, {"type": "Feature", "geometry": {"type": "Point", "coordinates": [-95.527928, 30.227027]}, "properties": {"crashes": 1, "injury": 1, "fatal": 1, "pedestrian": 0, "bicycle": 1, "density": 0.2, "year_range": "2010-2024"}}, {"type": "Feature", "geometry": {"type": "Point", "coordinates": [-99.502703, 27.531532]}, "properties": {"crashes": 3, "injury": 2, "fatal": 0, "pedestrian": 0, "bicycle": 3, "density": 0.8, "year_range": "2010-2024"}}, {"type": "Feature", "geometry": {"type": "Point", "coordinates": [-98.374775, 33.765766]}, "properties": {"crashes": 1, "injury": 0, "fatal": 0, "pedestrian": 0, "bicycle": 1, "density": 0.2, "year_range": "2010-2024"}}, {"type": "Feature", "geometry": {"type": "Point", "coordinates": [-95.356757, 29.681081]}, "properties": {"crashes": 2, "injury": 2, "fatal": 0, "pedestrian": 0, "bicycle": 2, "density": 0.5, "year_range": "2010-2024"}}, {"type": "Feature", "geometry": {"type": "Point", "coordinates": [-96.607207, 32.677477]}, "properties": {"crashes": 1, "injury": 1, "fatal": 0, "pedestrian": 0, "bicycle": 1, "density": 0.2, "year_range": "2010-2024"}}, {"type": "Feature", "geometry": {"type": "Point", "coordinates": [-101.87027, 33.632432]}, "properties": {"crashes": 1, "injury": 0, "fatal": 0, "pedestrian": 0, "bicycle": 1, "density": 0.2, "year_range": "2010-2024"}}, {"type": "Feature", "geometry": {"type": "Point", "coordinates": [-95.111712, 29.542342]}, "properties": {"crashes": 1, "injury": 0, "fatal": 0, "pedestrian": 0, "bicycle": 1, "density": 0.2, "year_range": "2010-2024"}}, {"type": "Feature", "geometry": {"type": "Point", "coordinates": [-97.225225, 33.259459]}, "properties": {"crashes": 1, "injury": 1, "fatal": 0, "pedestrian": 0, "bicycle": 1, "density": 0.2, "year_range": "2010-2024"}}, {"type": "Feature", "geometry": {"type": "Point", "coordinates": [-94.985586, 29.506306]}, "properties": {"crashes": 1, "injury": 1, "fatal": 0, "pedestrian": 0, "bicycle": 1, "density": 0.2, "year_range": "2010-2024"}}, {"type": "Feature", "geometry": {"type": "Point", "coordinates": [-98.513514, 29.553153]}, "properties": {"crashes": 1, "injury": 0, "fatal": 0, "pedestrian": 0, "bicycle": 1, "density": 0.2, "year_range": "2010-2024"}}, {"type": "Feature", "geometry": {"type": "Point", "coordinates": [-97.686486, 30.381982]}, "properties": {"crashes": 1, "injury": 1, "fatal": 0, "pedestrian": 0, "bicycle": 1, "density": 0.2, "year_range": "2010-2024"}}, {"type": "Feature", "geometry": {"type": "Point", "coordinates": [-96.893694, 32.863063]}, "properties": {"crashes": 2, "injury": 2, "fatal": 1, "pedestrian": 0, "bicycle": 2, "density": 0.5, "year_range": "2010-2024"}}, {"type": "Feature", "geometry": {"type": "Point", "coordinates": [-98.286486, 31.131532]}, "properties": {"crashes": 1, "injury": 1, "fatal": 0, "pedestrian": 0, "bicycle": 1, "density": 0.2, "year_range": "2010-2024"}}, {"type": "Feature", "geometry": {"type": "Point", "coordinates": [-98.554955, 29.457658]}, "properties": {"crashes": 1, "injury": 1, "fatal": 0, "pedestrian": 0, "bicycle": 1, "density": 0.2, "year_range": "2010-2024"}}, {"type": "Feature", "geometry": {"type": "Point", "coordinates": [-102.115315, 32.001802]}, "properties": {"crashes": 1, "injury": 1, "fatal": 0, "pedestrian": 0, "bicycle": 1, "density": 0.2, "year_range": "2010-2024"}}, {"type": "Feature", "geometry": {"type": "Point", "coordinates": [-98.513514, 29.356757]}, "properties": {"crashes": 1, "injury": 0, "fatal": 0, "pedestrian": 0, "bicycle": 1, "density": 0.2, "year_range": "2010-2024"}}, {"type": "Feature", "geometry": {"type": "Point", "coordinates": [-94.654054, 31.636036]}, "properties": {"crashes": 1, "injury": 1, "fatal": 0, "pedestrian": 0, "bicycle": 1, "density": 0.2, "year_range": "2010-2024"}}, {"type": "Feature", "geometry": {"type": "Point", "coordinates": [-95.969369, 28.978378]}, "properties": {"crashes": 1, "injury": 1, "fatal": 0, "pedestrian": 0, "bicycle": 1, "density": 0.2, "year_range": "2010-2024"}}, {"type": "Feature", "geometry": {"type": "Point", "coordinates": [-97.803604, 32.758559]}, "properties": {"crashes": 1, "injury": 1, "fatal": 0, "pedestrian": 0, "bicycle": 1, "density": 0.2, "year_range": "2010-2024"}}, {"type": "Feature", "geometry": {"type": "Point", "coordinates": [-97.169369, 31.49009]}, "properties": {"crashes": 1, "injury": 1, "fatal": 0, "pedestrian": 0, "bicycle": 1, "density": 0.2, "year_range": "2010-2024"}}, {"type": "Feature", "geometry": {"type": "Point", "coordinates": [-94.111712, 30.086486]}, "properties": {"crashes": 2, "injury": 2, "fatal": 0, "pedestrian": 0, "bicycle": 2, "density": 0.5, "year_range": "2010-2024"}}, {"type": "Feature", "geometry": {"type": "Point", "coordinates": [-96.394595, 30.16036]}, "properties": {"crashes": 1, "injury": 1, "fatal": 0, "pedestrian": 0, "bicycle": 1, "density": 0.2, "year_range": "2010-2024"}}, {"type": "Feature", "geometry": {"type": "Point", "coordinates": [-94.796396, 29.299099]}, "properties": {"crashes": 4, "injury": 4, "fatal": 0, "pedestrian": 0, "bicycle": 4, "density": 1.0, "year_range": "2010-2024"}}, {"type": "Feature", "geometry": {"type": "Point", "coordinates": [-94.70991, 32.504505]}, "properties": {"crashes": 1, "injury": 1, "fatal": 0, "pedestrian": 0, "bicycle": 1, "density": 0.2, "year_range": "2010-2024"}}, {"type": "Feature", "geometry": {"type": "Point", "coordinates": [-97.14955, 33.63964]}, "properties": {"crashes": 1, "injury": 1, "fatal": 0, "pedestrian": 0, "bicycle": 1, "density": 0.2, "year_range": "2010-2024"}}, {"type": "Feature", "geometry": {"type": "Point", "coordinates": [-97.318919, 27.881081]}, "properties": {"crashes": 1, "injury": 0, "fatal": 0, "pedestrian": 0, "bicycle": 1, "density": 0.2, "year_range": "2010-2024"}}, {"type": "Feature", "geometry": {"type": "Point", "coordinates": [-96.902703, 32.938739]}, "properties": {"crashes": 1, "injury": 1, "fatal": 0, "pedestrian": 0, "bicycle": 1, "density": 0.2, "year_range": "2010-2024"}}, {"type": "Feature", "geometry": {"type": "Point", "coordinates": [-96.992793, 32.906306]}, "properties": {"crashes": 1, "injury": 1, "fatal": 0, "pedestrian": 0, "bicycle": 1, "density": 0.2, "year_range": "2010-2024"}}, {"type": "Feature", "geometry": {"type": "Point", "coordinates": [-97.263063, 32.700901]}, "properties": {"crashes": 2, "injury": 2, "fatal": 0, "pedestrian": 0, "bicycle": 2, "density": 0.5, "year_range": "2010-2024"}}, {"type": "Feature", "geometry": {"type": "Point", "coordinates": [-96.965766, 33.162162]}, "properties": {"crashes": 1, "injury": 1, "fatal": 0, "pedestrian": 0, "bicycle": 1, "density": 0.2, "year_range": "2010-2024"}}, {"type": "Feature", "geometry": {"type": "Point", "coordinates": [-95.645045, 30.677477]}, "properties": {"crashes": 1, "injury": 1, "fatal": 0, "pedestrian": 0, "bicycle": 1, "density": 0.2, "year_range": "2010-2024"}}, {"type": "Feature", "geometry": {"type": "Point", "coordinates": [-97.045045, 33.12973]}, "properties": {"crashes": 1, "injury": 1, "fatal": 0, "pedestrian": 0, "bicycle": 1, "density": 0.2, "year_range": "2010-2024"}}, {"type": "Feature", "geometry": {"type": "Point", "coordinates": [-97.796396, 31.122523]}, "properties": {"crashes": 1, "injury": 1, "fatal": 0, "pedestrian": 0, "bicycle": 1, "density": 0.2, "year_range": "2010-2024"}}, {"type": "Feature", "geometry": {"type": "Point", "coordinates": [-97.113514, 32.45045]}, "properties": {"crashes": 1, "injury": 1, "fatal": 0, "pedestrian": 0, "bicycle": 1, "density": 0.2, "year_range": "2010-2024"}}, {"type": "Feature", "geometry": {"type": "Point", "coordinates": [-96.609009, 33.652252]}, "properties": {"crashes": 1, "injury": 1, "fatal": 0, "pedestrian": 0, "bicycle": 1, "density": 0.2, "year_range": "2010-2024"}}, {"type": "Feature", "geometry": {"type": "Point", "coordinates": [-96.581982, 33.010811]}, "properties": {"crashes": 1, "injury": 1, "fatal": 0, "pedestrian": 0, "bicycle": 1, "density": 0.2, "year_range": "2010-2024"}}, {"type": "Feature", "geometry": {"type": "Point", "coordinates": [-95.648649, 29.735135]}, "properties": {"crashes": 1, "injury": 1, "fatal": 0, "pedestrian": 0, "bicycle": 1, "density": 0.2, "year_range": "2010-2024"}}, {"type": "Feature", "geometry": {"type": "Point", "coordinates": [-94.834234, 29.263063]}, "properties": {"crashes": 1, "injury": 1, "fatal": 0, "pedestrian": 0, "bicycle": 1, "density": 0.2, "year_range": "2010-2024"}}, {"type": "Feature", "geometry": {"type": "Point", "coordinates": [-97.540541, 31.082883]}, "properties": {"crashes": 1, "injury": 1, "fatal": 0, "pedestrian": 0, "bicycle": 1, "density": 0.2, "year_range": "2010-2024"}}, {"type": "Feature", "geometry": {"type": "Point", "coordinates": [-97.931532, 29.89009]}, "properties": {"crashes": 2, "injury": 2, "fatal": 0, "pedestrian": 0, "bicycle": 2, "density": 0.5, "year_range": "2010-2024"}}, {"type": "Feature", "geometry": {"type": "Point", "coordinates": [-97.83964, 27.475676]}, "properties": {"crashes": 1, "injury": 1, "fatal": 0, "pedestrian": 0, "bicycle": 1, "density": 0.2, "year_range": "2010-2024"}}, {"type": "Feature", "geometry": {"type": "Point", "coordinates": [-94.953153, 29.740541]}, "properties": {"crashes": 2, "injury": 1, "fatal": 0, "pedestrian": 0, "bicycle": 2, "density": 0.5, "year_range": "2010-2024"}}, {"type": "Feature", "geometry": {"type": "Point", "coordinates": [-95.553153, 29.783784]}, "properties": {"crashes": 3, "injury": 3, "fatal": 0, "pedestrian": 0, "bicycle": 3, "density": 0.8, "year_range": "2010-2024"}}, {"type": "Feature", "geometry": {"type": "Point", "coordinates": [-97.771171, 30.248649]}, "properties": {"crashes": 5, "injury": 5, "fatal": 0, "pedestrian": 0, "bicycle": 5, "density": 1.2, "year_range": "2010-2024"}}, {"type": "Feature", "geometry": {"type": "Point", "coordinates": [-98.210811, 29.76036]}, "properties": {"crashes": 1, "injury": 1, "fatal": 0, "pedestrian": 0, "bicycle": 1, "density": 0.2, "year_range": "2010-2024"}}, {"type": "Feature", "geometry": {"type": "Point", "coordinates": [-97.693694, 30.477477]}, "properties": {"crashes": 1, "injury": 1, "fatal": 0, "pedestrian": 0, "bicycle": 1, "density": 0.2, "year_range": "2010-2024"}}, {"type": "Feature", "geometry": {"type": "Point", "coordinates": [-96.891892, 33.095495]}, "properties": {"crashes": 2, "injury": 2, "fatal": 0, "pedestrian": 0, "bicycle": 2, "density": 0.5, "year_range": "2010-2024"}}, {"type": "Feature", "geometry": {"type": "Point", "coordinates": [-95.618018, 29.666667]}, "properties": {"crashes": 1, "injury": 1, "fatal": 0, "pedestrian": 0, "bicycle": 1, "density": 0.2, "year_range": "2010-2024"}}, {"type": "Feature", "geometry": {"type": "Point", "coordinates": [-102.545946, 32.315315]}, "properties": {"crashes": 1, "injury": 0, "fatal": 0, "pedestrian": 0, "bicycle": 1, "density": 0.2, "year_range": "2010-2024"}}, {"type": "Feature", "geometry": {"type": "Point", "coordinates": [-97.726126, 30.264865]}, "properties": {"crashes": 1, "injury": 1, "fatal": 0, "pedestrian": 0, "bicycle": 1, "density": 0.2, "year_range": "2010-2024"}}, {"type": "Feature", "geometry": {"type": "Point", "coordinates": [-97.367568, 27.677477]}, "properties": {"crashes": 1, "injury": 0, "fatal": 0, "pedestrian": 0, "bicycle": 1, "density": 0.2, "year_range": "2010-2024"}}, {"type": "Feature", "geometry": {"type": "Point", "coordinates": [-94.059459, 32.369369]}, "properties": {"crashes": 1, "injury": 1, "fatal": 0, "pedestrian": 0, "bicycle": 1, "density": 0.2, "year_range": "2010-2024"}}, {"type": "Feature", "geometry": {"type": "Point", "coordinates": [-98.562162, 29.461261]}, "properties": {"crashes": 1, "injury": 1, "fatal": 0, "pedestrian": 0, "bicycle": 1, "density": 0.2, "year_range": "2010-2024"}}, {"type": "Feature", "geometry": {"type": "Point", "coordinates": [-96.83964, 32.41982]}, "properties": {"crashes": 1, "injury": 1, "fatal": 0, "pedestrian": 0, "bicycle": 1, "density": 0.2, "year_range": "2010-2024"}}, {"type": "Feature", "geometry": {"type": "Point", "coordinates": [-95.261261, 32.6]}, "properties": {"crashes": 1, "injury": 1, "fatal": 0, "pedestrian": 0, "bicycle": 1, "density": 0.2, "year_range": "2010-2024"}}, {"type": "Feature", "geometry": {"type": "Point", "coordinates": [-98.475676, 29.445045]}, "properties": {"crashes": 1, "injury": 1, "fatal": 0, "pedestrian": 0, "bicycle": 1, "density": 0.2, "year_range": "2010-2024"}}, {"type": "Feature", "geometry": {"type": "Point", "coordinates": [-96.693694, 33.057658]}, "properties": {"crashes": 2, "injury": 2, "fatal": 0, "pedestrian": 0, "bicycle": 2, "density": 0.5, "year_range": "2010-2024"}}, {"type": "Feature", "geometry": {"type": "Point", "coordinates": [-95.127928, 29.776577]}, "properties": {"crashes": 1, "injury": 1, "fatal": 0, "pedestrian": 0, "bicycle": 1, "density": 0.2, "year_range": "2010-2024"}}, {"type": "Feature", "geometry": {"type": "Point", "coordinates": [-94.830631, 29.275676]}, "properties": {"crashes": 2, "injury": 2, "fatal": 0, "pedestrian": 0, "bicycle": 2, "density": 0.5, "year_range": "2010-2024"}}, {"type": "Feature", "geometry": {"type": "Point", "coordinates": [-97.288288, 27.672072]}, "properties": {"crashes": 1, "injury": 1, "fatal": 0, "pedestrian": 0, "bicycle": 1, "density": 0.2, "year_range": "2010-2024"}}, {"type": "Feature", "geometry": {"type": "Point", "coordinates": [-102.036036, 33.414414]}, "properties": {"crashes": 1, "injury": 1, "fatal": 1, "pedestrian": 0, "bicycle": 1, "density": 0.2, "year_range": "2010-2024"}}, {"type": "Feature", "geometry": {"type": "Point", "coordinates": [-95.021622, 29.468468]}, "properties": {"crashes": 1, "injury": 1, "fatal": 0, "pedestrian": 0, "bicycle": 1, "density": 0.2, "year_range": "2010-2024"}}, {"type": "Feature", "geometry": {"type": "Point", "coordinates": [-101.87027, 33.612613]}, "properties": {"crashes": 3, "injury": 3, "fatal": 0, "pedestrian": 0, "bicycle": 3, "density": 0.8, "year_range": "2010-2024"}}, {"type": "Feature", "geometry": {"type": "Point", "coordinates": [-98.511712, 29.594595]}, "properties": {"crashes": 1, "injury": 1, "fatal": 0, "pedestrian": 0, "bicycle": 1, "density": 0.2, "year_range": "2010-2024"}}, {"type": "Feature", "geometry": {"type": "Point", "coordinates": [-96.736937, 32.854054]}, "properties": {"crashes": 2, "injury": 1, "fatal": 0, "pedestrian": 0, "bicycle": 2, "density": 0.5, "year_range": "2010-2024"}}, {"type": "Feature", "geometry": {"type": "Point", "coordinates": [-98.457658, 33.807207]}, "properties": {"crashes": 1, "injury": 1, "fatal": 0, "pedestrian": 0, "bicycle": 1, "density": 0.2, "year_range": "2010-2024"}}, {"type": "Feature", "geometry": {"type": "Point", "coordinates": [-100.455856, 31.479279]}, "properties": {"crashes": 1, "injury": 1, "fatal": 0, "pedestrian": 0, "bicycle": 1, "density": 0.2, "year_range": "2010-2024"}}, {"type": "Feature", "geometry": {"type": "Point", "coordinates": [-95.590991, 30.190991]}, "properties": {"crashes": 1, "injury": 1, "fatal": 0, "pedestrian": 0, "bicycle": 1, "density": 0.2, "year_range": "2010-2024"}}, {"type": "Feature", "geometry": {"type": "Point", "coordinates": [-94.810811, 29.295495]}, "properties": {"crashes": 6, "injury": 5, "fatal": 0, "pedestrian": 0, "bicycle": 6, "density": 1.5, "year_range": "2010-2024"}}, {"type": "Feature", "geometry": {"type": "Point", "coordinates": [-97.695495, 26.209009]}, "properties": {"crashes": 1, "injury": 0, "fatal": 0, "pedestrian": 0, "bicycle": 1, "density": 0.2, "year_range": "2010-2024"}}, {"type": "Feature", "geometry": {"type": "Point", "coordinates": [-95.621622, 29.879279]}, "properties": {"crashes": 1, "injury": 1, "fatal": 0, "pedestrian": 0, "bicycle": 1, "density": 0.2, "year_range": "2010-2024"}}, {"type": "Feature", "geometry": {"type": "Point", "coordinates": [-97.118919, 33.245045]}, "properties": {"crashes": 1, "injury": 1, "fatal": 0, "pedestrian": 0, "bicycle": 1, "density": 0.2, "year_range": "2010-2024"}}, {"type": "Feature", "geometry": {"type": "Point", "coordinates": [-97.115315, 32.720721]}, "properties": {"crashes": 1, "injury": 0, "fatal": 0, "pedestrian": 0, "bicycle": 1, "density": 0.2, "year_range": "2010-2024"}}, {"type": "Feature", "geometry": {"type": "Point", "coordinates": [-95.248649, 29.67027]}, "properties": {"crashes": 1, "injury": 1, "fatal": 0, "pedestrian": 0, "bicycle": 1, "density": 0.2, "year_range": "2010-2024"}}, {"type": "Feature", "geometry": {"type": "Point", "coordinates": [-96.985586, 32.672072]}, "properties": {"crashes": 1, "injury": 1, "fatal": 1, "pedestrian": 0, "bicycle": 1, "density": 0.2, "year_range": "2010-2024"}}, {"type": "Feature", "geometry": {"type": "Point", "coordinates": [-95.088288, 29.499099]}, "properties": {"crashes": 1, "injury": 1, "fatal": 0, "pedestrian": 0, "bicycle": 1, "density": 0.2, "year_range": "2010-2024"}}, {"type": "Feature", "geometry": {"type": "Point", "coordinates": [-99.502703, 27.535135]}, "properties": {"crashes": 2, "injury": 2, "fatal": 0, "pedestrian": 0, "bicycle": 2, "density": 0.5, "year_range": "2010-2024"}}, {"type": "Feature", "geometry": {"type": "Point", "coordinates": [-98.475676, 29.448649]}, "properties": {"crashes": 1, "injury": 0, "fatal": 0, "pedestrian": 0, "bicycle": 1, "density": 0.2, "year_range": "2010-2024"}}, {"type": "Feature", "geometry": {"type": "Point", "coordinates": [-95.29009, 29.677477]}, "properties": {"crashes": 1, "injury": 1, "fatal": 0, "pedestrian": 0, "bicycle": 1, "density": 0.2, "year_range": "2010-2024"}}, {"type": "Feature", "geometry": {"type": "Point", "coordinates": [-95.446847, 30.016216]}, "properties": {"crashes": 3, "injury": 3, "fatal": 1, "pedestrian": 0, "bicycle": 3, "density": 0.8, "year_range": "2010-2024"}}, {"type": "Feature", "geometry": {"type": "Point", "coordinates": [-97.477477, 26.064865]}, "properties": {"crashes": 1, "injury": 1, "fatal": 0, "pedestrian": 0, "bicycle": 1, "density": 0.2, "year_range": "2010-2024"}}, {"type": "Feature", "geometry": {"type": "Point", "coordinates": [-98.093694, 29.699099]}, "properties": {"crashes": 1, "injury": 1, "fatal": 0, "pedestrian": 0, "bicycle": 1, "density": 0.2, "year_range": "2010-2024"}}, {"type": "Feature", "geometry": {"type": "Point", "coordinates": [-106.43964, 31.852252]}, "properties": {"crashes": 1, "injury": 1, "fatal": 0, "pedestrian": 0, "bicycle": 1, "density": 0.2, "year_range": "2010-2024"}}, {"type": "Feature", "geometry": {"type": "Point", "coordinates": [-95.499099, 29.717117]}, "properties": {"crashes": 3, "injury": 2, "fatal": 0, "pedestrian": 0, "bicycle": 3, "density": 0.8, "year_range": "2010-2024"}}, {"type": "Feature", "geometry": {"type": "Point", "coordinates": [-97.308108, 30.10991]}, "properties": {"crashes": 1, "injury": 1, "fatal": 0, "pedestrian": 0, "bicycle": 1, "density": 0.2, "year_range": "2010-2024"}}, {"type": "Feature", "geometry": {"type": "Point", "coordinates": [-97.286486, 27.67027]}, "properties": {"crashes": 2, "injury": 2, "fatal": 0, "pedestrian": 0, "bicycle": 2, "density": 0.5, "year_range": "2010-2024"}}, {"type": "Feature", "geometry": {"type": "Point", "coordinates": [-97.127928, 32.691892]}, "properties": {"crashes": 4, "injury": 3, "fatal": 0, "pedestrian": 0, "bicycle": 4, "density": 1.0, "year_range": "2010-2024"}}, {"type": "Feature", "geometry": {"type": "Point", "coordinates": [-95.288288, 29.637838]}, "properties": {"crashes": 1, "injury": 1, "fatal": 0, "pedestrian": 0, "bicycle": 1, "density": 0.2, "year_range": "2010-2024"}}, {"type": "Feature", "geometry": {"type": "Point", "coordinates": [-96.897297, 32.881081]}, "properties": {"crashes": 1, "injury": 1, "fatal": 0, "pedestrian": 0, "bicycle": 1, "density": 0.2, "year_range": "2010-2024"}}, {"type": "Feature", "geometry": {"type": "Point", "coordinates": [-97.320721, 32.691892]}, "properties": {"crashes": 1, "injury": 1, "fatal": 0, "pedestrian": 0, "bicycle": 1, "density": 0.2, "year_range": "2010-2024"}}, {"type": "Feature", "geometry": {"type": "Point", "coordinates": [-100.437838, 31.488288]}, "properties": {"crashes": 1, "injury": 1, "fatal": 0, "pedestrian": 0, "bicycle": 1, "density": 0.2, "year_range": "2010-2024"}}, {"type": "Feature", "geometry": {"type": "Point", "coordinates": [-94.185586, 30.009009]}, "properties": {"crashes": 1, "injury": 1, "fatal": 0, "pedestrian": 0, "bicycle": 1, "density": 0.2, "year_range": "2010-2024"}}, {"type": "Feature", "geometry": {"type": "Point", "coordinates": [-94.111712, 30.095495]}, "properties": {"crashes": 4, "injury": 4, "fatal": 0, "pedestrian": 0, "bicycle": 4, "density": 1.0, "year_range": "2010-2024"}}, {"type": "Feature", "geometry": {"type": "Point", "coordinates": [-106.484685, 31.754955]}, "properties": {"crashes": 3, "injury": 2, "fatal": 0, "pedestrian": 0, "bicycle": 3, "density": 0.8, "year_range": "2010-2024"}}, {"type": "Feature", "geometry": {"type": "Point", "coordinates": [-106.394595, 31.920721]}, "properties": {"crashes": 1, "injury": 1, "fatal": 0, "pedestrian": 0, "bicycle": 1, "density": 0.2, "year_range": "2010-2024"}}, {"type": "Feature", "geometry": {"type": "Point", "coordinates": [-94.14955, 30.122523]}, "properties": {"crashes": 2, "injury": 1, "fatal": 0, "pedestrian": 0, "bicycle": 2, "density": 0.5, "year_range": "2010-2024"}}, {"type": "Feature", "geometry": {"type": "Point", "coordinates": [-96.342342, 30.621622]}, "properties": {"crashes": 4, "injury": 4, "fatal": 0, "pedestrian": 0, "bicycle": 4, "density": 1.0, "year_range": "2010-2024"}}, {"type": "Feature", "geometry": {"type": "Point", "coordinates": [-96.994595, 32.742342]}, "properties": {"crashes": 1, "injury": 1, "fatal": 0, "pedestrian": 0, "bicycle": 1, "density": 0.2, "year_range": "2010-2024"}}, {"type": "Feature", "geometry": {"type": "Point", "coordinates": [-101.882883, 35.221622]}, "properties": {"crashes": 1, "injury": 1, "fatal": 0, "pedestrian": 0, "bicycle": 1, "density": 0.2, "year_range": "2010-2024"}}, {"type": "Feature", "geometry": {"type": "Point", "coordinates": [-97.387387, 32.789189]}, "properties": {"crashes": 2, "injury": 1, "fatal": 0, "pedestrian": 0, "bicycle": 2, "density": 0.5, "year_range": "2010-2024"}}, {"type": "Feature", "geometry": {"type": "Point", "coordinates": [-95.234234, 29.661261]}, "properties": {"crashes": 2, "injury": 1, "fatal": 0, "pedestrian": 0, "bicycle": 2, "density": 0.5, "year_range": "2010-2024"}}, {"type": "Feature", "geometry": {"type": "Point", "coordinates": [-96.571171, 32.990991]}, "properties": {"crashes": 1, "injury": 1, "fatal": 0, "pedestrian": 0, "bicycle": 1, "density": 0.2, "year_range": "2010-2024"}}, {"type": "Feature", "geometry": {"type": "Point", "coordinates": [-95.616216, 29.917117]}, "properties": {"crashes": 1, "injury": 1, "fatal": 0, "pedestrian": 0, "bicycle": 1, "density": 0.2, "year_range": "2010-2024"}}, {"type": "Feature", "geometry": {"type": "Point", "coordinates": [-94.727928, 31.340541]}, "properties": {"crashes": 1, "injury": 1, "fatal": 0, "pedestrian": 0, "bicycle": 1, "density": 0.2, "year_range": "2010-2024"}}, {"type": "Feature", "geometry": {"type": "Point", "coordinates": [-97.454054, 27.688288]}, "properties": {"crashes": 1, "injury": 1, "fatal": 0, "pedestrian": 0, "bicycle": 1, "density": 0.2, "year_range": "2010-2024"}}, {"type": "Feature", "geometry": {"type": "Point", "coordinates": [-98.578378, 29.538739]}, "properties": {"crashes": 1, "injury": 1, "fatal": 0, "pedestrian": 0, "bicycle": 1, "density": 0.2, "year_range": "2010-2024"}}, {"type": "Feature", "geometry": {"type": "Point", "coordinates": [-101.473874, 32.252252]}, "properties": {"crashes": 1, "injury": 1, "fatal": 0, "pedestrian": 0, "bicycle": 1, "density": 0.2, "year_range": "2010-2024"}}, {"type": "Feature", "geometry": {"type": "Point", "coordinates": [-98.475676, 29.443243]}, "properties": {"crashes": 1, "injury": 1, "fatal": 0, "pedestrian": 0, "bicycle": 1, "density": 0.2, "year_range": "2010-2024"}}, {"type": "Feature", "geometry": {"type": "Point", "coordinates": [-98.2, 26.273874]}, "properties": {"crashes": 1, "injury": 1, "fatal": 0, "pedestrian": 0, "bicycle": 1, "density": 0.2, "year_range": "2010-2024"}}, {"type": "Feature", "geometry": {"type": "Point", "coordinates": [-98.720721, 29.798198]}, "properties": {"crashes": 1, "injury": 1, "fatal": 0, "pedestrian": 0, "bicycle": 1, "density": 0.2, "year_range": "2010-2024"}}, {"type": "Feature", "geometry": {"type": "Point", "coordinates": [-96.891892, 32.659459]}, "properties": {"crashes": 3, "injury": 3, "fatal": 0, "pedestrian": 0, "bicycle": 3, "density": 0.8, "year_range": "2010-2024"}}, {"type": "Feature", "geometry": {"type": "Point", "coordinates": [-98.475676, 29.969369]}, "properties": {"crashes": 1, "injury": 1, "fatal": 0, "pedestrian": 0, "bicycle": 1, "density": 0.2, "year_range": "2010-2024"}}, {"type": "Feature", "geometry": {"type": "Point", "coordinates": [-98.052252, 27.76036]}, "properties": {"crashes": 1, "injury": 0, "fatal": 0, "pedestrian": 0, "bicycle": 1, "density": 0.2, "year_range": "2010-2024"}}, {"type": "Feature", "geometry": {"type": "Point", "coordinates": [-95.138739, 29.774775]}, "properties": {"crashes": 1, "injury": 1, "fatal": 0, "pedestrian": 0, "bicycle": 1, "density": 0.2, "year_range": "2010-2024"}}, {"type": "Feature", "geometry": {"type": "Point", "coordinates": [-97.001802, 28.827027]}, "properties": {"crashes": 1, "injury": 1, "fatal": 0, "pedestrian": 0, "bicycle": 1, "density": 0.2, "year_range": "2010-2024"}}, {"type": "Feature", "geometry": {"type": "Point", "coordinates": [-99.0, 31.679279]}, "properties": {"crashes": 1, "injury": 1, "fatal": 0, "pedestrian": 0, "bicycle": 1, "density": 0.2, "year_range": "2010-2024"}}, {"type": "Feature", "geometry": {"type": "Point", "coordinates": [-99.118919, 30.064865]}, "properties": {"crashes": 1, "injury": 1, "fatal": 0, "pedestrian": 0, "bicycle": 1, "density": 0.2, "year_range": "2010-2024"}}, {"type": "Feature", "geometry": {"type": "Point", "coordinates": [-97.068468, 27.837838]}, "properties": {"crashes": 1, "injury": 1, "fatal": 0, "pedestrian": 0, "bicycle": 1, "density": 0.2, "year_range": "2010-2024"}}, {"type": "Feature", "geometry": {"type": "Point", "coordinates": [-101.807207, 35.192793]}, "properties": {"crashes": 1, "injury": 1, "fatal": 0, "pedestrian": 0, "bicycle": 1, "density": 0.2, "year_range": "2010-2024"}}, {"type": "Feature", "geometry": {"type": "Point", "coordinates": [-101.666667, 32.983784]}, "properties": {"crashes": 1, "injury": 1, "fatal": 0, "pedestrian": 0, "bicycle": 1, "density": 0.2, "year_range": "2010-2024"}}, {"type": "Feature", "geometry": {"type": "Point", "coordinates": [-98.223423, 26.243243]}, "properties": {"crashes": 1, "injury": 1, "fatal": 0, "pedestrian": 0, "bicycle": 1, "density": 0.2, "year_range": "2010-2024"}}, {"type": "Feature", "geometry": {"type": "Point", "coordinates": [-98.479279, 29.327928]}, "properties": {"crashes": 1, "injury": 1, "fatal": 0, "pedestrian": 0, "bicycle": 1, "density": 0.2, "year_range": "2010-2024"}}, {"type": "Feature", "geometry": {"type": "Point", "coordinates": [-95.846847, 29.717117]}, "properties": {"crashes": 1, "injury": 0, "fatal": 0, "pedestrian": 0, "bicycle": 1, "density": 0.2, "year_range": "2010-2024"}}, {"type": "Feature", "geometry": {"type": "Point", "coordinates": [-95.081081, 30.345946]}, "properties": {"crashes": 1, "injury": 1, "fatal": 0, "pedestrian": 0, "bicycle": 1, "density": 0.2, "year_range": "2010-2024"}}, {"type": "Feature", "geometry": {"type": "Point", "coordinates": [-96.616216, 32.682883]}, "properties": {"crashes": 1, "injury": 1, "fatal": 1, "pedestrian": 0, "bicycle": 1, "density": 0.2, "year_range": "2010-2024"}}, {"type": "Feature", "geometry": {"type": "Point", "coordinates": [-101.918919, 34.972973]}, "properties": {"crashes": 1, "injury": 0, "fatal": 0, "pedestrian": 0, "bicycle": 1, "density": 0.2, "year_range": "2010-2024"}}, {"type": "Feature", "geometry": {"type": "Point", "coordinates": [-96.781982, 32.830631]}, "properties": {"crashes": 2, "injury": 2, "fatal": 0, "pedestrian": 0, "bicycle": 2, "density": 0.5, "year_range": "2010-2024"}}, {"type": "Feature", "geometry": {"type": "Point", "coordinates": [-96.927928, 30.181982]}, "properties": {"crashes": 1, "injury": 1, "fatal": 0, "pedestrian": 0, "bicycle": 1, "density": 0.2, "year_range": "2010-2024"}}, {"type": "Feature", "geometry": {"type": "Point", "coordinates": [-101.700901, 34.183784]}, "properties": {"crashes": 1, "injury": 1, "fatal": 0, "pedestrian": 0, "bicycle": 1, "density": 0.2, "year_range": "2010-2024"}}, {"type": "Feature", "geometry": {"type": "Point", "coordinates": [-96.78018, 32.69009]}, "properties": {"crashes": 1, "injury": 1, "fatal": 0, "pedestrian": 0, "bicycle": 1, "density": 0.2, "year_range": "2010-2024"}}, {"type": "Feature", "geometry": {"type": "Point", "coordinates": [-97.863063, 30.318919]}, "properties": {"crashes": 1, "injury": 1, "fatal": 0, "pedestrian": 0, "bicycle": 1, "density": 0.2, "year_range": "2010-2024"}}, {"type": "Feature", "geometry": {"type": "Point", "coordinates": [-97.236036, 32.668468]}, "properties": {"crashes": 1, "injury": 1, "fatal": 1, "pedestrian": 0, "bicycle": 1, "density": 0.2, "year_range": "2010-2024"}}, {"type": "Feature", "geometry": {"type": "Point", "coordinates": [-98.171171, 26.273874]}, "properties": {"crashes": 1, "injury": 1, "fatal": 0, "pedestrian": 0, "bicycle": 1, "density": 0.2, "year_range": "2010-2024"}}, {"type": "Feature", "geometry": {"type": "Point", "coordinates": [-98.569369, 34.09009]}, "properties": {"crashes": 1, "injury": 1, "fatal": 0, "pedestrian": 0, "bicycle": 1, "density": 0.2, "year_range": "2010-2024"}}, {"type": "Feature", "geometry": {"type": "Point", "coordinates": [-98.581982, 33.936937]}, "properties": {"crashes": 1, "injury": 0, "fatal": 0, "pedestrian": 0, "bicycle": 1, "density": 0.2, "year_range": "2010-2024"}}, {"type": "Feature", "geometry": {"type": "Point", "coordinates": [-95.263063, 29.807207]}, "properties": {"crashes": 1, "injury": 1, "fatal": 0, "pedestrian": 0, "bicycle": 1, "density": 0.2, "year_range": "2010-2024"}}, {"type": "Feature", "geometry": {"type": "Point", "coordinates": [-97.362162, 27.704505]}, "properties": {"crashes": 3, "injury": 2, "fatal": 0, "pedestrian": 0, "bicycle": 3, "density": 0.8, "year_range": "2010-2024"}}, {"type": "Feature", "geometry": {"type": "Point", "coordinates": [-97.374775, 32.672072]}, "properties": {"crashes": 1, "injury": 1, "fatal": 0, "pedestrian": 0, "bicycle": 1, "density": 0.2, "year_range": "2010-2024"}}, {"type": "Feature", "geometry": {"type": "Point", "coordinates": [-97.627027, 30.443243]}, "properties": {"crashes": 1, "injury": 0, "fatal": 0, "pedestrian": 0, "bicycle": 1, "density": 0.2, "year_range": "2010-2024"}}, {"type": "Feature", "geometry": {"type": "Point", "coordinates": [-96.792793, 32.803604]}, "properties": {"crashes": 2, "injury": 2, "fatal": 1, "pedestrian": 0, "bicycle": 2, "density": 0.5, "year_range": "2010-2024"}}, {"type": "Feature", "geometry": {"type": "Point", "coordinates": [-97.809009, 30.232432]}, "properties": {"crashes": 1, "injury": 1, "fatal": 0, "pedestrian": 0, "bicycle": 1, "density": 0.2, "year_range": "2010-2024"}}, {"type": "Feature", "geometry": {"type": "Point", "coordinates": [-95.432432, 29.897297]}, "properties": {"crashes": 1, "injury": 1, "fatal": 1, "pedestrian": 0, "bicycle": 1, "density": 0.2, "year_range": "2010-2024"}}, {"type": "Feature", "geometry": {"type": "Point", "coordinates": [-97.412613, 32.762162]}, "properties": {"crashes": 1, "injury": 1, "fatal": 0, "pedestrian": 0, "bicycle": 1, "density": 0.2, "year_range": "2010-2024"}}, {"type": "Feature", "geometry": {"type": "Point", "coordinates": [-96.637838, 32.763964]}, "properties": {"crashes": 1, "injury": 1, "fatal": 0, "pedestrian": 0, "bicycle": 1, "density": 0.2, "year_range": "2010-2024"}}, {"type": "Feature", "geometry": {"type": "Point", "coordinates": [-94.654054, 32.385586]}, "properties": {"crashes": 1, "injury": 1, "fatal": 0, "pedestrian": 0, "bicycle": 1, "density": 0.2, "year_range": "2010-2024"}}, {"type": "Feature", "geometry": {"type": "Point", "coordinates": [-97.61982, 26.190991]}, "properties": {"crashes": 1, "injury": 1, "fatal": 1, "pedestrian": 0, "bicycle": 1, "density": 0.2, "year_range": "2010-2024"}}, {"type": "Feature", "geometry": {"type": "Point", "coordinates": [-95.354955, 29.659459]}, "properties": {"crashes": 1, "injury": 1, "fatal": 1, "pedestrian": 0, "bicycle": 1, "density": 0.2, "year_range": "2010-2024"}}, {"type": "Feature", "geometry": {"type": "Point", "coordinates": [-97.153153, 32.673874]}, "properties": {"crashes": 1, "injury": 1, "fatal": 0, "pedestrian": 0, "bicycle": 1, "density": 0.2, "year_range": "2010-2024"}}, {"type": "Feature", "geometry": {"type": "Point", "coordinates": [-94.100901, 30.095495]}, "properties": {"crashes": 1, "injury": 1, "fatal": 1, "pedestrian": 0, "bicycle": 1, "density": 0.2, "year_range": "2010-2024"}}, {"type": "Feature", "geometry": {"type": "Point", "coordinates": [-96.461261, 32.92973]}, "properties": {"crashes": 1, "injury": 1, "fatal": 0, "pedestrian": 0, "bicycle": 1, "density": 0.2, "year_range": "2010-2024"}}, {"type": "Feature", "geometry": {"type": "Point", "coordinates": [-101.706306, 34.190991]}, "properties": {"crashes": 1, "injury": 1, "fatal": 1, "pedestrian": 0, "bicycle": 1, "density": 0.2, "year_range": "2010-2024"}}, {"type": "Feature", "geometry": {"type": "Point", "coordinates": [-99.154955, 29.345946]}, "properties": {"crashes": 1, "injury": 1, "fatal": 0, "pedestrian": 0, "bicycle": 1, "density": 0.2, "year_range": "2010-2024"}}, {"type": "Feature", "geometry": {"type": "Point", "coordinates": [-100.917117, 29.336937]}, "properties": {"crashes": 1, "injury": 1, "fatal": 0, "pedestrian": 0, "bicycle": 1, "density": 0.2, "year_range": "2010-2024"}}, {"type": "Feature", "geometry": {"type": "Point", "coordinates": [-96.32973, 30.623423]}, "properties": {"crashes": 2, "injury": 2, "fatal": 0, "pedestrian": 0, "bicycle": 2, "density": 0.5, "year_range": "2010-2024"}}, {"type": "Feature", "geometry": {"type": "Point", "coordinates": [-103.007207, 30.837838]}, "properties": {"crashes": 1, "injury": 1, "fatal": 1, "pedestrian": 0, "bicycle": 1, "density": 0.2, "year_range": "2010-2024"}}, {"type": "Feature", "geometry": {"type": "Point", "coordinates": [-97.446847, 25.893694]}, "properties": {"crashes": 1, "injury": 0, "fatal": 0, "pedestrian": 0, "bicycle": 1, "density": 0.2, "year_range": "2010-2024"}}, {"type": "Feature", "geometry": {"type": "Point", "coordinates": [-96.648649, 32.855856]}, "properties": {"crashes": 3, "injury": 3, "fatal": 0, "pedestrian": 0, "bicycle": 3, "density": 0.8, "year_range": "2010-2024"}}, {"type": "Feature", "geometry": {"type": "Point", "coordinates": [-96.347748, 30.616216]}, "properties": {"crashes": 2, "injury": 2, "fatal": 0, "pedestrian": 0, "bicycle": 2, "density": 0.5, "year_range": "2010-2024"}}, {"type": "Feature", "geometry": {"type": "Point", "coordinates": [-97.747748, 30.264865]}, "properties": {"crashes": 2, "injury": 2, "fatal": 0, "pedestrian": 0, "bicycle": 2, "density": 0.5, "year_range": "2010-2024"}}, {"type": "Feature", "geometry": {"type": "Point", "coordinates": [-98.427027, 29.515315]}, "properties": {"crashes": 1, "injury": 1, "fatal": 0, "pedestrian": 0, "bicycle": 1, "density": 0.2, "year_range": "2010-2024"}}, {"type": "Feature", "geometry": {"type": "Point", "coordinates": [-98.518919, 29.356757]}, "properties": {"crashes": 1, "injury": 1, "fatal": 0, "pedestrian": 0, "bicycle": 1, "density": 0.2, "year_range": "2010-2024"}}, {"type": "Feature", "geometry": {"type": "Point", "coordinates": [-97.677477, 30.648649]}, "properties": {"crashes": 1, "injury": 1, "fatal": 0, "pedestrian": 0, "bicycle": 1, "density": 0.2, "year_range": "2010-2024"}}, {"type": "Feature", "geometry": {"type": "Point", "coordinates": [-98.50991, 29.547748]}, "properties": {"crashes": 2, "injury": 1, "fatal": 0, "pedestrian": 0, "bicycle": 2, "density": 0.5, "year_range": "2010-2024"}}, {"type": "Feature", "geometry": {"type": "Point", "coordinates": [-100.443243, 31.461261]}, "properties": {"crashes": 2, "injury": 2, "fatal": 0, "pedestrian": 0, "bicycle": 2, "density": 0.5, "year_range": "2010-2024"}}, {"type": "Feature", "geometry": {"type": "Point", "coordinates": [-97.063063, 28.023423]}, "properties": {"crashes": 2, "injury": 2, "fatal": 0, "pedestrian": 0, "bicycle": 2, "density": 0.5, "year_range": "2010-2024"}}, {"type": "Feature", "geometry": {"type": "Point", "coordinates": [-96.974775, 28.812613]}, "properties": {"crashes": 1, "injury": 0, "fatal": 0, "pedestrian": 0, "bicycle": 1, "density": 0.2, "year_range": "2010-2024"}}, {"type": "Feature", "geometry": {"type": "Point", "coordinates": [-98.4, 29.463063]}, "properties": {"crashes": 1, "injury": 1, "fatal": 0, "pedestrian": 0, "bicycle": 1, "density": 0.2, "year_range": "2010-2024"}}, {"type": "Feature", "geometry": {"type": "Point", "coordinates": [-97.383784, 32.785586]}, "properties": {"crashes": 1, "injury": 0, "fatal": 0, "pedestrian": 0, "bicycle": 1, "density": 0.2, "year_range": "2010-2024"}}, {"type": "Feature", "geometry": {"type": "Point", "coordinates": [-97.383784, 32.340541]}, "properties": {"crashes": 2, "injury": 2, "fatal": 0, "pedestrian": 0, "bicycle": 2, "density": 0.5, "year_range": "2010-2024"}}, {"type": "Feature", "geometry": {"type": "Point", "coordinates": [-97.740541, 31.072072]}, "properties": {"crashes": 3, "injury": 3, "fatal": 0, "pedestrian": 0, "bicycle": 3, "density": 0.8, "year_range": "2010-2024"}}, {"type": "Feature", "geometry": {"type": "Point", "coordinates": [-94.136937, 30.057658]}, "properties": {"crashes": 1, "injury": 1, "fatal": 0, "pedestrian": 0, "bicycle": 1, "density": 0.2, "year_range": "2010-2024"}}, {"type": "Feature", "geometry": {"type": "Point", "coordinates": [-96.661261, 32.877477]}, "properties": {"crashes": 1, "injury": 1, "fatal": 0, "pedestrian": 0, "bicycle": 1, "density": 0.2, "year_range": "2010-2024"}}, {"type": "Feature", "geometry": {"type": "Point", "coordinates": [-101.855856, 33.551351]}, "properties": {"crashes": 2, "injury": 2, "fatal": 0, "pedestrian": 0, "bicycle": 2, "density": 0.5, "year_range": "2010-2024"}}, {"type": "Feature", "geometry": {"type": "Point", "coordinates": [-97.320721, 32.563964]}, "properties": {"crashes": 1, "injury": 0, "fatal": 0, "pedestrian": 0, "bicycle": 1, "density": 0.2, "year_range": "2010-2024"}}, {"type": "Feature", "geometry": {"type": "Point", "coordinates": [-96.985586, 32.747748]}, "properties": {"crashes": 1, "injury": 1, "fatal": 0, "pedestrian": 0, "bicycle": 1, "density": 0.2, "year_range": "2010-2024"}}, {"type": "Feature", "geometry": {"type": "Point", "coordinates": [-97.151351, 31.544144]}, "properties": {"crashes": 4, "injury": 4, "fatal": 1, "pedestrian": 0, "bicycle": 4, "density": 1.0, "year_range": "2010-2024"}}, {"type": "Feature", "geometry": {"type": "Point", "coordinates": [-98.209009, 26.2]}, "properties": {"crashes": 1, "injury": 1, "fatal": 0, "pedestrian": 0, "bicycle": 1, "density": 0.2, "year_range": "2010-2024"}}, {"type": "Feature", "geometry": {"type": "Point", "coordinates": [-95.821622, 29.785586]}, "properties": {"crashes": 1, "injury": 1, "fatal": 0, "pedestrian": 0, "bicycle": 1, "density": 0.2, "year_range": "2010-2024"}}, {"type": "Feature", "geometry": {"type": "Point", "coordinates": [-95.318919, 32.34955]}, "properties": {"crashes": 1, "injury": 1, "fatal": 0, "pedestrian": 0, "bicycle": 1, "density": 0.2, "year_range": "2010-2024"}}, {"type": "Feature", "geometry": {"type": "Point", "coordinates": [-94.787387, 29.300901]}, "properties": {"crashes": 1, "injury": 0, "fatal": 0, "pedestrian": 0, "bicycle": 1, "density": 0.2, "year_range": "2010-2024"}}, {"type": "Feature", "geometry": {"type": "Point", "coordinates": [-95.362162, 29.702703]}, "properties": {"crashes": 2, "injury": 2, "fatal": 0, "pedestrian": 0, "bicycle": 2, "density": 0.5, "year_range": "2010-2024"}}, {"type": "Feature", "geometry": {"type": "Point", "coordinates": [-97.926126, 31.097297]}, "properties": {"crashes": 1, "injury": 1, "fatal": 0, "pedestrian": 0, "bicycle": 1, "density": 0.2, "year_range": "2010-2024"}}, {"type": "Feature", "geometry": {"type": "Point", "coordinates": [-95.547748, 30.724324]}, "properties": {"crashes": 1, "injury": 1, "fatal": 0, "pedestrian": 0, "bicycle": 1, "density": 0.2, "year_range": "2010-2024"}}, {"type": "Feature", "geometry": {"type": "Point", "coordinates": [-95.252252, 29.551351]}, "properties": {"crashes": 1, "injury": 0, "fatal": 0, "pedestrian": 0, "bicycle": 1, "density": 0.2, "year_range": "2010-2024"}}, {"type": "Feature", "geometry": {"type": "Point", "coordinates": [-95.104505, 29.488288]}, "properties": {"crashes": 1, "injury": 1, "fatal": 0, "pedestrian": 0, "bicycle": 1, "density": 0.2, "year_range": "2010-2024"}}, {"type": "Feature", "geometry": {"type": "Point", "coordinates": [-97.441441, 32.733333]}, "properties": {"crashes": 1, "injury": 1, "fatal": 0, "pedestrian": 0, "bicycle": 1, "density": 0.2, "year_range": "2010-2024"}}, {"type": "Feature", "geometry": {"type": "Point", "coordinates": [-99.502703, 27.508108]}, "properties": {"crashes": 1, "injury": 0, "fatal": 0, "pedestrian": 0, "bicycle": 1, "density": 0.2, "year_range": "2010-2024"}}, {"type": "Feature", "geometry": {"type": "Point", "coordinates": [-95.592793, 30.099099]}, "properties": {"crashes": 1, "injury": 1, "fatal": 0, "pedestrian": 0, "bicycle": 1, "density": 0.2, "year_range": "2010-2024"}}, {"type": "Feature", "geometry": {"type": "Point", "coordinates": [-94.83964, 29.827027]}, "properties": {"crashes": 1, "injury": 1, "fatal": 1, "pedestrian": 0, "bicycle": 1, "density": 0.2, "year_range": "2010-2024"}}, {"type": "Feature", "geometry": {"type": "Point", "coordinates": [-97.409009, 27.706306]}, "properties": {"crashes": 1, "injury": 1, "fatal": 0, "pedestrian": 0, "bicycle": 1, "density": 0.2, "year_range": "2010-2024"}}, {"type": "Feature", "geometry": {"type": "Point", "coordinates": [-98.706306, 29.436036]}, "properties": {"crashes": 1, "injury": 1, "fatal": 0, "pedestrian": 0, "bicycle": 1, "density": 0.2, "year_range": "2010-2024"}}, {"type": "Feature", "geometry": {"type": "Point", "coordinates": [-98.445045, 29.351351]}, "properties": {"crashes": 2, "injury": 2, "fatal": 0, "pedestrian": 0, "bicycle": 2, "density": 0.5, "year_range": "2010-2024"}}, {"type": "Feature", "geometry": {"type": "Point", "coordinates": [-98.416216, 29.6]}, "properties": {"crashes": 1, "injury": 1, "fatal": 0, "pedestrian": 0, "bicycle": 1, "density": 0.2, "year_range": "2010-2024"}}, {"type": "Feature", "geometry": {"type": "Point", "coordinates": [-96.627027, 32.801802]}, "properties": {"crashes": 1, "injury": 1, "fatal": 0, "pedestrian": 0, "bicycle": 1, "density": 0.2, "year_range": "2010-2024"}}, {"type": "Feature", "geometry": {"type": "Point", "coordinates": [-97.774775, 30.246847]}, "properties": {"crashes": 5, "injury": 4, "fatal": 0, "pedestrian": 0, "bicycle": 5, "density": 1.2, "year_range": "2010-2024"}}, {"type": "Feature", "geometry": {"type": "Point", "coordinates": [-95.288288, 29.673874]}, "properties": {"crashes": 2, "injury": 2, "fatal": 0, "pedestrian": 0, "bicycle": 2, "density": 0.5, "year_range": "2010-2024"}}, {"type": "Feature", "geometry": {"type": "Point", "coordinates": [-97.695495, 30.264865]}, "properties": {"crashes": 1, "injury": 1, "fatal": 0, "pedestrian": 0, "bicycle": 1, "density": 0.2, "year_range": "2010-2024"}}, {"type": "Feature", "geometry": {"type": "Point", "coordinates": [-95.293694, 29.762162]}, "properties": {"crashes": 1, "injury": 1, "fatal": 0, "pedestrian": 0, "bicycle": 1, "density": 0.2, "year_range": "2010-2024"}}, {"type": "Feature", "geometry": {"type": "Point", "coordinates": [-99.163964, 30.059459]}, "properties": {"crashes": 1, "injury": 1, "fatal": 0, "pedestrian": 0, "bicycle": 1, "density": 0.2, "year_range": "2010-2024"}}, {"type": "Feature", "geometry": {"type": "Point", "coordinates": [-97.12973, 31.569369]}, "properties": {"crashes": 1, "injury": 1, "fatal": 0, "pedestrian": 0, "bicycle": 1, "density": 0.2, "year_range": "2010-2024"}}, {"type": "Feature", "geometry": {"type": "Point", "coordinates": [-95.317117, 29.713514]}, "properties": {"crashes": 2, "injury": 2, "fatal": 0, "pedestrian": 0, "bicycle": 2, "density": 0.5, "year_range": "2010-2024"}}, {"type": "Feature", "geometry": {"type": "Point", "coordinates": [-98.257658, 29.565766]}, "properties": {"crashes": 1, "injury": 0, "fatal": 0, "pedestrian": 0, "bicycle": 1, "density": 0.2, "year_range": "2010-2024"}}, {"type": "Feature", "geometry": {"type": "Point", "coordinates": [-97.203604, 31.475676]}, "properties": {"crashes": 1, "injury": 0, "fatal": 0, "pedestrian": 0, "bicycle": 1, "density": 0.2, "year_range": "2010-2024"}}, {"type": "Feature", "geometry": {"type": "Point", "coordinates": [-98.502703, 29.356757]}, "properties": {"crashes": 1, "injury": 1, "fatal": 0, "pedestrian": 0, "bicycle": 1, "density": 0.2, "year_range": "2010-2024"}}, {"type": "Feature", "geometry": {"type": "Point", "coordinates": [-97.09009, 33.203604]}, "properties": {"crashes": 1, "injury": 1, "fatal": 0, "pedestrian": 0, "bicycle": 1, "density": 0.2, "year_range": "2010-2024"}}, {"type": "Feature", "geometry": {"type": "Point", "coordinates": [-98.482883, 33.911712]}, "properties": {"crashes": 1, "injury": 1, "fatal": 0, "pedestrian": 0, "bicycle": 1, "density": 0.2, "year_range": "2010-2024"}}, {"type": "Feature", "geometry": {"type": "Point", "coordinates": [-95.374775, 29.814414]}, "properties": {"crashes": 1, "injury": 0, "fatal": 0, "pedestrian": 0, "bicycle": 1, "density": 0.2, "year_range": "2010-2024"}}, {"type": "Feature", "geometry": {"type": "Point", "coordinates": [-95.387387, 29.612613]}, "properties": {"crashes": 1, "injury": 1, "fatal": 0, "pedestrian": 0, "bicycle": 1, "density": 0.2, "year_range": "2010-2024"}}, {"type": "Feature", "geometry": {"type": "Point", "coordinates": [-95.317117, 29.809009]}, "properties": {"crashes": 1, "injury": 1, "fatal": 0, "pedestrian": 0, "bicycle": 1, "density": 0.2, "year_range": "2010-2024"}}, {"type": "Feature", "geometry": {"type": "Point", "coordinates": [-97.144144, 27.944144]}, "properties": {"crashes": 1, "injury": 1, "fatal": 0, "pedestrian": 0, "bicycle": 1, "density": 0.2, "year_range": "2010-2024"}}, {"type": "Feature", "geometry": {"type": "Point", "coordinates": [-99.126126, 30.023423]}, "properties": {"crashes": 1, "injury": 1, "fatal": 0, "pedestrian": 0, "bicycle": 1, "density": 0.2, "year_range": "2010-2024"}}, {"type": "Feature", "geometry": {"type": "Point", "coordinates": [-98.385586, 29.567568]}, "properties": {"crashes": 2, "injury": 2, "fatal": 0, "pedestrian": 0, "bicycle": 2, "density": 0.5, "year_range": "2010-2024"}}, {"type": "Feature", "geometry": {"type": "Point", "coordinates": [-97.542342, 25.947748]}, "properties": {"crashes": 1, "injury": 1, "fatal": 0, "pedestrian": 0, "bicycle": 1, "density": 0.2, "year_range": "2010-2024"}}, {"type": "Feature", "geometry": {"type": "Point", "coordinates": [-93.924324, 29.904505]}, "properties": {"crashes": 1, "injury": 0, "fatal": 0, "pedestrian": 0, "bicycle": 1, "density": 0.2, "year_range": "2010-2024"}}, {"type": "Feature", "geometry": {"type": "Point", "coordinates": [-94.796396, 32.508108]}, "properties": {"crashes": 2, "injury": 2, "fatal": 0, "pedestrian": 0, "bicycle": 2, "density": 0.5, "year_range": "2010-2024"}}, {"type": "Feature", "geometry": {"type": "Point", "coordinates": [-94.936937, 29.394595]}, "properties": {"crashes": 1, "injury": 1, "fatal": 0, "pedestrian": 0, "bicycle": 1, "density": 0.2, "year_range": "2010-2024"}}, {"type": "Feature", "geometry": {"type": "Point", "coordinates": [-94.111712, 30.088288]}, "properties": {"crashes": 1, "injury": 0, "fatal": 0, "pedestrian": 0, "bicycle": 1, "density": 0.2, "year_range": "2010-2024"}}, {"type": "Feature", "geometry": {"type": "Point", "coordinates": [-96.886486, 33.192793]}, "properties": {"crashes": 2, "injury": 2, "fatal": 0, "pedestrian": 0, "bicycle": 2, "density": 0.5, "year_range": "2010-2024"}}, {"type": "Feature", "geometry": {"type": "Point", "coordinates": [-96.338739, 30.587387]}, "properties": {"crashes": 2, "injury": 1, "fatal": 0, "pedestrian": 0, "bicycle": 2, "density": 0.5, "year_range": "2010-2024"}}, {"type": "Feature", "geometry": {"type": "Point", "coordinates": [-98.50991, 29.596396]}, "properties": {"crashes": 1, "injury": 0, "fatal": 0, "pedestrian": 0, "bicycle": 1, "density": 0.2, "year_range": "2010-2024"}}, {"type": "Feature", "geometry": {"type": "Point", "coordinates": [-97.798198, 30.257658]}, "properties": {"crashes": 1, "injury": 0, "fatal": 0, "pedestrian": 0, "bicycle": 1, "density": 0.2, "year_range": "2010-2024"}}, {"type": "Feature", "geometry": {"type": "Point", "coordinates": [-94.953153, 29.378378]}, "properties": {"crashes": 1, "injury": 0, "fatal": 0, "pedestrian": 0, "bicycle": 1, "density": 0.2, "year_range": "2010-2024"}}, {"type": "Feature", "geometry": {"type": "Point", "coordinates": [-102.605405, 34.6]}, "properties": {"crashes": 1, "injury": 1, "fatal": 1, "pedestrian": 0, "bicycle": 1, "density": 0.2, "year_range": "2010-2024"}}, {"type": "Feature", "geometry": {"type": "Point", "coordinates": [-100.493694, 31.437838]}, "properties": {"crashes": 1, "injury": 0, "fatal": 0, "pedestrian": 0, "bicycle": 1, "density": 0.2, "year_range": "2010-2024"}}, {"type": "Feature", "geometry": {"type": "Point", "coordinates": [-96.801802, 32.989189]}, "properties": {"crashes": 2, "injury": 2, "fatal": 0, "pedestrian": 0, "bicycle": 2, "density": 0.5, "year_range": "2010-2024"}}, {"type": "Feature", "geometry": {"type": "Point", "coordinates": [-98.504505, 29.356757]}, "properties": {"crashes": 1, "injury": 0, "fatal": 0, "pedestrian": 0, "bicycle": 1, "density": 0.2, "year_range": "2010-2024"}}, {"type": "Feature", "geometry": {"type": "Point", "coordinates": [-94.987387, 29.362162]}, "properties": {"crashes": 1, "injury": 1, "fatal": 0, "pedestrian": 0, "bicycle": 1, "density": 0.2, "year_range": "2010-2024"}}, {"type": "Feature", "geometry": {"type": "Point", "coordinates": [-95.102703, 29.378378]}, "properties": {"crashes": 1, "injury": 1, "fatal": 0, "pedestrian": 0, "bicycle": 1, "density": 0.2, "year_range": "2010-2024"}}, {"type": "Feature", "geometry": {"type": "Point", "coordinates": [-97.09009, 33.209009]}, "properties": {"crashes": 2, "injury": 1, "fatal": 0, "pedestrian": 0, "bicycle": 2, "density": 0.5, "year_range": "2010-2024"}}, {"type": "Feature", "geometry": {"type": "Point", "coordinates": [-98.252252, 29.70991]}, "properties": {"crashes": 1, "injury": 1, "fatal": 0, "pedestrian": 0, "bicycle": 1, "density": 0.2, "year_range": "2010-2024"}}, {"type": "Feature", "geometry": {"type": "Point", "coordinates": [-97.673874, 29.818018]}, "properties": {"crashes": 1, "injury": 1, "fatal": 0, "pedestrian": 0, "bicycle": 1, "density": 0.2, "year_range": "2010-2024"}}, {"type": "Feature", "geometry": {"type": "Point", "coordinates": [-98.093694, 32.809009]}, "properties": {"crashes": 2, "injury": 1, "fatal": 0, "pedestrian": 0, "bicycle": 2, "density": 0.5, "year_range": "2010-2024"}}, {"type": "Feature", "geometry": {"type": "Point", "coordinates": [-97.135135, 33.230631]}, "properties": {"crashes": 1, "injury": 1, "fatal": 0, "pedestrian": 0, "bicycle": 1, "density": 0.2, "year_range": "2010-2024"}}, {"type": "Feature", "geometry": {"type": "Point", "coordinates": [-106.457658, 31.769369]}, "properties": {"crashes": 1, "injury": 1, "fatal": 0, "pedestrian": 0, "bicycle": 1, "density": 0.2, "year_range": "2010-2024"}}, {"type": "Feature", "geometry": {"type": "Point", "coordinates": [-99.227027, 30.073874]}, "properties": {"crashes": 1, "injury": 1, "fatal": 0, "pedestrian": 0, "bicycle": 1, "density": 0.2, "year_range": "2010-2024"}}, {"type": "Feature", "geometry": {"type": "Point", "coordinates": [-95.481081, 32.304505]}, "properties": {"crashes": 1, "injury": 1, "fatal": 0, "pedestrian": 0, "bicycle": 1, "density": 0.2, "year_range": "2010-2024"}}, {"type": "Feature", "geometry": {"type": "Point", "coordinates": [-97.102703, 31.544144]}, "properties": {"crashes": 1, "injury": 1, "fatal": 0, "pedestrian": 0, "bicycle": 1, "density": 0.2, "year_range": "2010-2024"}}, {"type": "Feature", "geometry": {"type": "Point", "coordinates": [-100.506306, 31.430631]}, "properties": {"crashes": 1, "injury": 1, "fatal": 0, "pedestrian": 0, "bicycle": 1, "density": 0.2, "year_range": "2010-2024"}}, {"type": "Feature", "geometry": {"type": "Point", "coordinates": [-95.095495, 32.147748]}, "properties": {"crashes": 1, "injury": 1, "fatal": 0, "pedestrian": 0, "bicycle": 1, "density": 0.2, "year_range": "2010-2024"}}, {"type": "Feature", "geometry": {"type": "Point", "coordinates": [-97.67027, 26.169369]}, "properties": {"crashes": 1, "injury": 1, "fatal": 0, "pedestrian": 0, "bicycle": 1, "density": 0.2, "year_range": "2010-2024"}}, {"type": "Feature", "geometry": {"type": "Point", "coordinates": [-95.228829, 30.104505]}, "properties": {"crashes": 2, "injury": 2, "fatal": 0, "pedestrian": 0, "bicycle": 2, "density": 0.5, "year_range": "2010-2024"}}, {"type": "Feature", "geometry": {"type": "Point", "coordinates": [-97.845045, 30.079279]}, "properties": {"crashes": 1, "injury": 0, "fatal": 0, "pedestrian": 0, "bicycle": 1, "density": 0.2, "year_range": "2010-2024"}}, {"type": "Feature", "geometry": {"type": "Point", "coordinates": [-95.405405, 29.776577]}, "properties": {"crashes": 1, "injury": 1, "fatal": 0, "pedestrian": 0, "bicycle": 1, "density": 0.2, "year_range": "2010-2024"}}, {"type": "Feature", "geometry": {"type": "Point", "coordinates": [-97.241441, 32.664865]}, "properties": {"crashes": 1, "injury": 1, "fatal": 0, "pedestrian": 0, "bicycle": 1, "density": 0.2, "year_range": "2010-2024"}}, {"type": "Feature", "geometry": {"type": "Point", "coordinates": [-97.758559, 30.259459]}, "properties": {"crashes": 1, "injury": 1, "fatal": 0, "pedestrian": 0, "bicycle": 1, "density": 0.2, "year_range": "2010-2024"}}, {"type": "Feature", "geometry": {"type": "Point", "coordinates": [-95.153153, 29.49009]}, "properties": {"crashes": 1, "injury": 1, "fatal": 1, "pedestrian": 0, "bicycle": 1, "density": 0.2, "year_range": "2010-2024"}}, {"type": "Feature", "geometry": {"type": "Point", "coordinates": [-106.603604, 31.998198]}, "properties": {"crashes": 3, "injury": 3, "fatal": 0, "pedestrian": 0, "bicycle": 3, "density": 0.8, "year_range": "2010-2024"}}, {"type": "Feature", "geometry": {"type": "Point", "coordinates": [-98.511712, 29.551351]}, "properties": {"crashes": 3, "injury": 3, "fatal": 0, "pedestrian": 0, "bicycle": 3, "density": 0.8, "year_range": "2010-2024"}}, {"type": "Feature", "geometry": {"type": "Point", "coordinates": [-97.627027, 26.138739]}, "properties": {"crashes": 1, "injury": 0, "fatal": 0, "pedestrian": 0, "bicycle": 1, "density": 0.2, "year_range": "2010-2024"}}, {"type": "Feature", "geometry": {"type": "Point", "coordinates": [-94.187387, 30.066667]}, "properties": {"crashes": 1, "injury": 1, "fatal": 0, "pedestrian": 0, "bicycle": 1, "density": 0.2, "year_range": "2010-2024"}}, {"type": "Feature", "geometry": {"type": "Point", "coordinates": [-97.117117, 32.706306]}, "properties": {"crashes": 1, "injury": 1, "fatal": 0, "pedestrian": 0, "bicycle": 1, "density": 0.2, "year_range": "2010-2024"}}, {"type": "Feature", "geometry": {"type": "Point", "coordinates": [-97.704505, 30.418018]}, "properties": {"crashes": 1, "injury": 1, "fatal": 0, "pedestrian": 0, "bicycle": 1, "density": 0.2, "year_range": "2010-2024"}}, {"type": "Feature", "geometry": {"type": "Point", "coordinates": [-95.61982, 29.879279]}, "properties": {"crashes": 1, "injury": 1, "fatal": 0, "pedestrian": 0, "bicycle": 1, "density": 0.2, "year_range": "2010-2024"}}, {"type": "Feature", "geometry": {"type": "Point", "coordinates": [-100.899099, 29.367568]}, "properties": {"crashes": 1, "injury": 1, "fatal": 0, "pedestrian": 0, "bicycle": 1, "density": 0.2, "year_range": "2010-2024"}}, {"type": "Feature", "geometry": {"type": "Point", "coordinates": [-94.807207, 29.295495]}, "properties": {"crashes": 4, "injury": 3, "fatal": 0, "pedestrian": 0, "bicycle": 4, "density": 1.0, "year_range": "2010-2024"}}, {"type": "Feature", "geometry": {"type": "Point", "coordinates": [-95.254054, 29.398198]}, "properties": {"crashes": 1, "injury": 1, "fatal": 0, "pedestrian": 0, "bicycle": 1, "density": 0.2, "year_range": "2010-2024"}}, {"type": "Feature", "geometry": {"type": "Point", "coordinates": [-97.744144, 30.216216]}, "properties": {"crashes": 3, "injury": 3, "fatal": 0, "pedestrian": 0, "bicycle": 3, "density": 0.8, "year_range": "2010-2024"}}, {"type": "Feature", "geometry": {"type": "Point", "coordinates": [-97.70991, 30.351351]}, "properties": {"crashes": 1, "injury": 1, "fatal": 0, "pedestrian": 0, "bicycle": 1, "density": 0.2, "year_range": "2010-2024"}}, {"type": "Feature", "geometry": {"type": "Point", "coordinates": [-96.682883, 32.733333]}, "properties": {"crashes": 3, "injury": 3, "fatal": 0, "pedestrian": 0, "bicycle": 3, "density": 0.8, "year_range": "2010-2024"}}, {"type": "Feature", "geometry": {"type": "Point", "coordinates": [-95.455856, 29.747748]}, "properties": {"crashes": 3, "injury": 3, "fatal": 0, "pedestrian": 0, "bicycle": 3, "density": 0.8, "year_range": "2010-2024"}}, {"type": "Feature", "geometry": {"type": "Point", "coordinates": [-97.893694, 29.571171]}, "properties": {"crashes": 1, "injury": 1, "fatal": 1, "pedestrian": 0, "bicycle": 1, "density": 0.2, "year_range": "2010-2024"}}, {"type": "Feature", "geometry": {"type": "Point", "coordinates": [-97.830631, 30.066667]}, "properties": {"crashes": 1, "injury": 1, "fatal": 0, "pedestrian": 0, "bicycle": 1, "density": 0.2, "year_range": "2010-2024"}}, {"type": "Feature", "geometry": {"type": "Point", "coordinates": [-97.713514, 30.347748]}, "properties": {"crashes": 1, "injury": 1, "fatal": 0, "pedestrian": 0, "bicycle": 1, "density": 0.2, "year_range": "2010-2024"}}, {"type": "Feature", "geometry": {"type": "Point", "coordinates": [-96.637838, 32.693694]}, "properties": {"crashes": 1, "injury": 1, "fatal": 0, "pedestrian": 0, "bicycle": 1, "density": 0.2, "year_range": "2010-2024"}}, {"type": "Feature", "geometry": {"type": "Point", "coordinates": [-96.72973, 32.70991]}, "properties": {"crashes": 1, "injury": 1, "fatal": 1, "pedestrian": 0, "bicycle": 1, "density": 0.2, "year_range": "2010-2024"}}, {"type": "Feature", "geometry": {"type": "Point", "coordinates": [-95.351351, 29.738739]}, "properties": {"crashes": 1, "injury": 1, "fatal": 1, "pedestrian": 0, "bicycle": 1, "density": 0.2, "year_range": "2010-2024"}}, {"type": "Feature", "geometry": {"type": "Point", "coordinates": [-96.745946, 32.790991]}, "properties": {"crashes": 1, "injury": 1, "fatal": 0, "pedestrian": 0, "bicycle": 1, "density": 0.2, "year_range": "2010-2024"}}, {"type": "Feature", "geometry": {"type": "Point", "coordinates": [-97.65045, 30.446847]}, "properties": {"crashes": 1, "injury": 1, "fatal": 0, "pedestrian": 0, "bicycle": 1, "density": 0.2, "year_range": "2010-2024"}}, {"type": "Feature", "geometry": {"type": "Point", "coordinates": [-95.412613, 29.868468]}, "properties": {"crashes": 1, "injury": 1, "fatal": 0, "pedestrian": 0, "bicycle": 1, "density": 0.2, "year_range": "2010-2024"}}, {"type": "Feature", "geometry": {"type": "Point", "coordinates": [-96.801802, 32.358559]}, "properties": {"crashes": 1, "injury": 1, "fatal": 0, "pedestrian": 0, "bicycle": 1, "density": 0.2, "year_range": "2010-2024"}}, {"type": "Feature", "geometry": {"type": "Point", "coordinates": [-96.699099, 32.836036]}, "properties": {"crashes": 1, "injury": 1, "fatal": 0, "pedestrian": 0, "bicycle": 1, "density": 0.2, "year_range": "2010-2024"}}, {"type": "Feature", "geometry": {"type": "Point", "coordinates": [-98.594595, 29.481081]}, "properties": {"crashes": 2, "injury": 1, "fatal": 0, "pedestrian": 0, "bicycle": 2, "density": 0.5, "year_range": "2010-2024"}}, {"type": "Feature", "geometry": {"type": "Point", "coordinates": [-94.794595, 29.299099]}, "properties": {"crashes": 4, "injury": 4, "fatal": 0, "pedestrian": 0, "bicycle": 4, "density": 1.0, "year_range": "2010-2024"}}, {"type": "Feature", "geometry": {"type": "Point", "coordinates": [-95.03964, 29.140541]}, "properties": {"crashes": 1, "injury": 1, "fatal": 0, "pedestrian": 0, "bicycle": 1, "density": 0.2, "year_range": "2010-2024"}}, {"type": "Feature", "geometry": {"type": "Point", "coordinates": [-95.41982, 29.066667]}, "properties": {"crashes": 1, "injury": 0, "fatal": 0, "pedestrian": 0, "bicycle": 1, "density": 0.2, "year_range": "2010-2024"}}, {"type": "Feature", "geometry": {"type": "Point", "coordinates": [-106.354955, 31.758559]}, "properties": {"crashes": 1, "injury": 1, "fatal": 0, "pedestrian": 0, "bicycle": 1, "density": 0.2, "year_range": "2010-2024"}}, {"type": "Feature", "geometry": {"type": "Point", "coordinates": [-97.4, 31.113514]}, "properties": {"crashes": 2, "injury": 2, "fatal": 0, "pedestrian": 0, "bicycle": 2, "density": 0.5, "year_range": "2010-2024"}}, {"type": "Feature", "geometry": {"type": "Point", "coordinates": [-95.398198, 29.776577]}, "properties": {"crashes": 6, "injury": 6, "fatal": 0, "pedestrian": 0, "bicycle": 6, "density": 1.5, "year_range": "2010-2024"}}, {"type": "Feature", "geometry": {"type": "Point", "coordinates": [-98.524324, 29.36036]}, "properties": {"crashes": 2, "injury": 2, "fatal": 0, "pedestrian": 0, "bicycle": 2, "density": 0.5, "year_range": "2010-2024"}}, {"type": "Feature", "geometry": {"type": "Point", "coordinates": [-102.940541, 30.448649]}, "properties": {"crashes": 1, "injury": 1, "fatal": 0, "pedestrian": 0, "bicycle": 1, "density": 0.2, "year_range": "2010-2024"}}, {"type": "Feature", "geometry": {"type": "Point", "coordinates": [-95.54955, 30.708108]}, "properties": {"crashes": 2, "injury": 1, "fatal": 0, "pedestrian": 0, "bicycle": 2, "density": 0.5, "year_range": "2010-2024"}}, {"type": "Feature", "geometry": {"type": "Point", "coordinates": [-95.785586, 29.558559]}, "properties": {"crashes": 1, "injury": 1, "fatal": 0, "pedestrian": 0, "bicycle": 1, "density": 0.2, "year_range": "2010-2024"}}, {"type": "Feature", "geometry": {"type": "Point", "coordinates": [-95.551351, 30.70991]}, "properties": {"crashes": 2, "injury": 1, "fatal": 0, "pedestrian": 0, "bicycle": 2, "density": 0.5, "year_range": "2010-2024"}}, {"type": "Feature", "geometry": {"type": "Point", "coordinates": [-96.643243, 33.216216]}, "properties": {"crashes": 1, "injury": 1, "fatal": 0, "pedestrian": 0, "bicycle": 1, "density": 0.2, "year_range": "2010-2024"}}, {"type": "Feature", "geometry": {"type": "Point", "coordinates": [-97.843243, 30.428829]}, "properties": {"crashes": 1, "injury": 1, "fatal": 0, "pedestrian": 0, "bicycle": 1, "density": 0.2, "year_range": "2010-2024"}}, {"type": "Feature", "geometry": {"type": "Point", "coordinates": [-98.410811, 29.917117]}, "properties": {"crashes": 1, "injury": 1, "fatal": 0, "pedestrian": 0, "bicycle": 1, "density": 0.2, "year_range": "2010-2024"}}, {"type": "Feature", "geometry": {"type": "Point", "coordinates": [-95.47027, 30.428829]}, "properties": {"crashes": 1, "injury": 0, "fatal": 0, "pedestrian": 0, "bicycle": 1, "density": 0.2, "year_range": "2010-2024"}}, {"type": "Feature", "geometry": {"type": "Point", "coordinates": [-98.135135, 26.084685]}, "properties": {"crashes": 1, "injury": 1, "fatal": 1, "pedestrian": 0, "bicycle": 1, "density": 0.2, "year_range": "2010-2024"}}, {"type": "Feature", "geometry": {"type": "Point", "coordinates": [-97.763964, 30.252252]}, "properties": {"crashes": 1, "injury": 1, "fatal": 0, "pedestrian": 0, "bicycle": 1, "density": 0.2, "year_range": "2010-2024"}}, {"type": "Feature", "geometry": {"type": "Point", "coordinates": [-96.616216, 30.162162]}, "properties": {"crashes": 1, "injury": 1, "fatal": 0, "pedestrian": 0, "bicycle": 1, "density": 0.2, "year_range": "2010-2024"}}, {"type": "Feature", "geometry": {"type": "Point", "coordinates": [-97.762162, 30.255856]}, "properties": {"crashes": 4, "injury": 4, "fatal": 0, "pedestrian": 0, "bicycle": 4, "density": 1.0, "year_range": "2010-2024"}}, {"type": "Feature", "geometry": {"type": "Point", "coordinates": [-94.805405, 29.297297]}, "properties": {"crashes": 2, "injury": 2, "fatal": 0, "pedestrian": 0, "bicycle": 2, "density": 0.5, "year_range": "2010-2024"}}, {"type": "Feature", "geometry": {"type": "Point", "coordinates": [-94.086486, 30.333333]}, "properties": {"crashes": 1, "injury": 1, "fatal": 0, "pedestrian": 0, "bicycle": 1, "density": 0.2, "year_range": "2010-2024"}}, {"type": "Feature", "geometry": {"type": "Point", "coordinates": [-95.643243, 29.702703]}, "properties": {"crashes": 1, "injury": 1, "fatal": 0, "pedestrian": 0, "bicycle": 1, "density": 0.2, "year_range": "2010-2024"}}, {"type": "Feature", "geometry": {"type": "Point", "coordinates": [-97.868468, 30.05045]}, "properties": {"crashes": 1, "injury": 1, "fatal": 0, "pedestrian": 0, "bicycle": 1, "density": 0.2, "year_range": "2010-2024"}}, {"type": "Feature", "geometry": {"type": "Point", "coordinates": [-94.12973, 30.095495]}, "properties": {"crashes": 1, "injury": 1, "fatal": 0, "pedestrian": 0, "bicycle": 1, "density": 0.2, "year_range": "2010-2024"}}, {"type": "Feature", "geometry": {"type": "Point", "coordinates": [-97.65045, 30.389189]}, "properties": {"crashes": 1, "injury": 1, "fatal": 1, "pedestrian": 0, "bicycle": 1, "density": 0.2, "year_range": "2010-2024"}}, {"type": "Feature", "geometry": {"type": "Point", "coordinates": [-106.421622, 31.778378]}, "properties": {"crashes": 1, "injury": 0, "fatal": 0, "pedestrian": 0, "bicycle": 1, "density": 0.2, "year_range": "2010-2024"}}, {"type": "Feature", "geometry": {"type": "Point", "coordinates": [-99.504505, 27.536937]}, "properties": {"crashes": 1, "injury": 0, "fatal": 0, "pedestrian": 0, "bicycle": 1, "density": 0.2, "year_range": "2010-2024"}}, {"type": "Feature", "geometry": {"type": "Point", "coordinates": [-95.49009, 29.736937]}, "properties": {"crashes": 1, "injury": 1, "fatal": 0, "pedestrian": 0, "bicycle": 1, "density": 0.2, "year_range": "2010-2024"}}, {"type": "Feature", "geometry": {"type": "Point", "coordinates": [-97.275676, 27.664865]}, "properties": {"crashes": 1, "injury": 1, "fatal": 0, "pedestrian": 0, "bicycle": 1, "density": 0.2, "year_range": "2010-2024"}}, {"type": "Feature", "geometry": {"type": "Point", "coordinates": [-96.987387, 28.855856]}, "properties": {"crashes": 1, "injury": 1, "fatal": 0, "pedestrian": 0, "bicycle": 1, "density": 0.2, "year_range": "2010-2024"}}, {"type": "Feature", "geometry": {"type": "Point", "coordinates": [-97.102703, 32.738739]}, "properties": {"crashes": 1, "injury": 1, "fatal": 0, "pedestrian": 0, "bicycle": 1, "density": 0.2, "year_range": "2010-2024"}}, {"type": "Feature", "geometry": {"type": "Point", "coordinates": [-95.331532, 29.688288]}, "properties": {"crashes": 1, "injury": 1, "fatal": 0, "pedestrian": 0, "bicycle": 1, "density": 0.2, "year_range": "2010-2024"}}, {"type": "Feature", "geometry": {"type": "Point", "coordinates": [-96.10991, 33.093694]}, "properties": {"crashes": 1, "injury": 0, "fatal": 0, "pedestrian": 0, "bicycle": 1, "density": 0.2, "year_range": "2010-2024"}}, {"type": "Feature", "geometry": {"type": "Point", "coordinates": [-96.34955, 30.616216]}, "properties": {"crashes": 1, "injury": 1, "fatal": 0, "pedestrian": 0, "bicycle": 1, "density": 0.2, "year_range": "2010-2024"}}, {"type": "Feature", "geometry": {"type": "Point", "coordinates": [-95.106306, 29.545946]}, "properties": {"crashes": 1, "injury": 0, "fatal": 0, "pedestrian": 0, "bicycle": 1, "density": 0.2, "year_range": "2010-2024"}}, {"type": "Feature", "geometry": {"type": "Point", "coordinates": [-97.084685, 27.803604]}, "properties": {"crashes": 1, "injury": 1, "fatal": 0, "pedestrian": 0, "bicycle": 1, "density": 0.2, "year_range": "2010-2024"}}, {"type": "Feature", "geometry": {"type": "Point", "coordinates": [-98.454054, 29.484685]}, "properties": {"crashes": 1, "injury": 1, "fatal": 0, "pedestrian": 0, "bicycle": 1, "density": 0.2, "year_range": "2010-2024"}}, {"type": "Feature", "geometry": {"type": "Point", "coordinates": [-96.475676, 32.086486]}, "properties": {"crashes": 1, "injury": 1, "fatal": 0, "pedestrian": 0, "bicycle": 1, "density": 0.2, "year_range": "2010-2024"}}, {"type": "Feature", "geometry": {"type": "Point", "coordinates": [-97.409009, 27.697297]}, "properties": {"crashes": 1, "injury": 1, "fatal": 0, "pedestrian": 0, "bicycle": 1, "density": 0.2, "year_range": "2010-2024"}}, {"type": "Feature", "geometry": {"type": "Point", "coordinates": [-97.855856, 27.504505]}, "properties": {"crashes": 1, "injury": 0, "fatal": 0, "pedestrian": 0, "bicycle": 1, "density": 0.2, "year_range": "2010-2024"}}, {"type": "Feature", "geometry": {"type": "Point", "coordinates": [-97.457658, 25.904505]}, "properties": {"crashes": 1, "injury": 0, "fatal": 0, "pedestrian": 0, "bicycle": 1, "density": 0.2, "year_range": "2010-2024"}}, {"type": "Feature", "geometry": {"type": "Point", "coordinates": [-96.893694, 33.075676]}, "properties": {"crashes": 2, "injury": 2, "fatal": 0, "pedestrian": 0, "bicycle": 2, "density": 0.5, "year_range": "2010-2024"}}, {"type": "Feature", "geometry": {"type": "Point", "coordinates": [-101.87027, 35.221622]}, "properties": {"crashes": 1, "injury": 1, "fatal": 0, "pedestrian": 0, "bicycle": 1, "density": 0.2, "year_range": "2010-2024"}}, {"type": "Feature", "geometry": {"type": "Point", "coordinates": [-101.87027, 33.52973]}, "properties": {"crashes": 1, "injury": 1, "fatal": 0, "pedestrian": 0, "bicycle": 1, "density": 0.2, "year_range": "2010-2024"}}, {"type": "Feature", "geometry": {"type": "Point", "coordinates": [-98.38018, 29.571171]}, "properties": {"crashes": 2, "injury": 1, "fatal": 0, "pedestrian": 0, "bicycle": 2, "density": 0.5, "year_range": "2010-2024"}}, {"type": "Feature", "geometry": {"type": "Point", "coordinates": [-94.007207, 29.954955]}, "properties": {"crashes": 1, "injury": 1, "fatal": 1, "pedestrian": 0, "bicycle": 1, "density": 0.2, "year_range": "2010-2024"}}, {"type": "Feature", "geometry": {"type": "Point", "coordinates": [-97.227027, 32.823423]}, "properties": {"crashes": 2, "injury": 1, "fatal": 0, "pedestrian": 0, "bicycle": 2, "density": 0.5, "year_range": "2010-2024"}}, {"type": "Feature", "geometry": {"type": "Point", "coordinates": [-95.722523, 29.785586]}, "properties": {"crashes": 1, "injury": 1, "fatal": 0, "pedestrian": 0, "bicycle": 1, "density": 0.2, "year_range": "2010-2024"}}, {"type": "Feature", "geometry": {"type": "Point", "coordinates": [-95.754955, 29.785586]}, "properties": {"crashes": 1, "injury": 1, "fatal": 0, "pedestrian": 0, "bicycle": 1, "density": 0.2, "year_range": "2010-2024"}}, {"type": "Feature", "geometry": {"type": "Point", "coordinates": [-106.504505, 31.781982]}, "properties": {"crashes": 1, "injury": 1, "fatal": 0, "pedestrian": 0, "bicycle": 1, "density": 0.2, "year_range": "2010-2024"}}, {"type": "Feature", "geometry": {"type": "Point", "coordinates": [-97.138739, 33.18018]}, "properties": {"crashes": 1, "injury": 0, "fatal": 0, "pedestrian": 0, "bicycle": 1, "density": 0.2, "year_range": "2010-2024"}}, {"type": "Feature", "geometry": {"type": "Point", "coordinates": [-95.506306, 30.32973]}, "properties": {"crashes": 1, "injury": 1, "fatal": 0, "pedestrian": 0, "bicycle": 1, "density": 0.2, "year_range": "2010-2024"}}, {"type": "Feature", "geometry": {"type": "Point", "coordinates": [-98.798198, 29.232432]}, "properties": {"crashes": 1, "injury": 1, "fatal": 0, "pedestrian": 0, "bicycle": 1, "density": 0.2, "year_range": "2010-2024"}}, {"type": "Feature", "geometry": {"type": "Point", "coordinates": [-93.745946, 30.093694]}, "properties": {"crashes": 1, "injury": 1, "fatal": 0, "pedestrian": 0, "bicycle": 1, "density": 0.2, "year_range": "2010-2024"}}, {"type": "Feature", "geometry": {"type": "Point", "coordinates": [-95.513514, 29.98018]}, "properties": {"crashes": 1, "injury": 0, "fatal": 0, "pedestrian": 0, "bicycle": 1, "density": 0.2, "year_range": "2010-2024"}}, {"type": "Feature", "geometry": {"type": "Point", "coordinates": [-95.630631, 29.785586]}, "properties": {"crashes": 1, "injury": 1, "fatal": 0, "pedestrian": 0, "bicycle": 1, "density": 0.2, "year_range": "2010-2024"}}, {"type": "Feature", "geometry": {"type": "Point", "coordinates": [-95.763964, 29.558559]}, "properties": {"crashes": 2, "injury": 2, "fatal": 0, "pedestrian": 0, "bicycle": 2, "density": 0.5, "year_range": "2010-2024"}}, {"type": "Feature", "geometry": {"type": "Point", "coordinates": [-95.772973, 29.713514]}, "properties": {"crashes": 2, "injury": 2, "fatal": 0, "pedestrian": 0, "bicycle": 2, "density": 0.5, "year_range": "2010-2024"}}, {"type": "Feature", "geometry": {"type": "Point", "coordinates": [-98.477477, 29.441441]}, "properties": {"crashes": 2, "injury": 1, "fatal": 0, "pedestrian": 0, "bicycle": 2, "density": 0.5, "year_range": "2010-2024"}}, {"type": "Feature", "geometry": {"type": "Point", "coordinates": [-95.425225, 29.681081]}, "properties": {"crashes": 1, "injury": 1, "fatal": 0, "pedestrian": 0, "bicycle": 1, "density": 0.2, "year_range": "2010-2024"}}, {"type": "Feature", "geometry": {"type": "Point", "coordinates": [-98.302703, 29.551351]}, "properties": {"crashes": 1, "injury": 1, "fatal": 0, "pedestrian": 0, "bicycle": 1, "density": 0.2, "year_range": "2010-2024"}}, {"type": "Feature", "geometry": {"type": "Point", "coordinates": [-95.513514, 29.704505]}, "properties": {"crashes": 3, "injury": 3, "fatal": 0, "pedestrian": 0, "bicycle": 3, "density": 0.8, "year_range": "2010-2024"}}, {"type": "Feature", "geometry": {"type": "Point", "coordinates": [-97.151351, 32.423423]}, "properties": {"crashes": 1, "injury": 1, "fatal": 0, "pedestrian": 0, "bicycle": 1, "density": 0.2, "year_range": "2010-2024"}}, {"type": "Feature", "geometry": {"type": "Point", "coordinates": [-97.753153, 30.427027]}, "properties": {"crashes": 1, "injury": 1, "fatal": 1, "pedestrian": 0, "bicycle": 1, "density": 0.2, "year_range": "2010-2024"}}, {"type": "Feature", "geometry": {"type": "Point", "coordinates": [-95.279279, 32.308108]}, "properties": {"crashes": 2, "injury": 1, "fatal": 0, "pedestrian": 0, "bicycle": 2, "density": 0.5, "year_range": "2010-2024"}}, {"type": "Feature", "geometry": {"type": "Point", "coordinates": [-97.74955, 30.264865]}, "properties": {"crashes": 1, "injury": 1, "fatal": 0, "pedestrian": 0, "bicycle": 1, "density": 0.2, "year_range": "2010-2024"}}, {"type": "Feature", "geometry": {"type": "Point", "coordinates": [-97.396396, 27.691892]}, "properties": {"crashes": 1, "injury": 1, "fatal": 0, "pedestrian": 0, "bicycle": 1, "density": 0.2, "year_range": "2010-2024"}}, {"type": "Feature", "geometry": {"type": "Point", "coordinates": [-95.266667, 30.009009]}, "properties": {"crashes": 1, "injury": 1, "fatal": 0, "pedestrian": 0, "bicycle": 1, "density": 0.2, "year_range": "2010-2024"}}, {"type": "Feature", "geometry": {"type": "Point", "coordinates": [-94.048649, 30.021622]}, "properties": {"crashes": 1, "injury": 1, "fatal": 1, "pedestrian": 0, "bicycle": 1, "density": 0.2, "year_range": "2010-2024"}}, {"type": "Feature", "geometry": {"type": "Point", "coordinates": [-98.295495, 29.54955]}, "properties": {"crashes": 2, "injury": 2, "fatal": 0, "pedestrian": 0, "bicycle": 2, "density": 0.5, "year_range": "2010-2024"}}, {"type": "Feature", "geometry": {"type": "Point", "coordinates": [-98.511712, 29.592793]}, "properties": {"crashes": 1, "injury": 0, "fatal": 0, "pedestrian": 0, "bicycle": 1, "density": 0.2, "year_range": "2010-2024"}}, {"type": "Feature", "geometry": {"type": "Point", "coordinates": [-95.556757, 30.724324]}, "properties": {"crashes": 1, "injury": 1, "fatal": 0, "pedestrian": 0, "bicycle": 1, "density": 0.2, "year_range": "2010-2024"}}, {"type": "Feature", "geometry": {"type": "Point", "coordinates": [-93.747748, 30.122523]}, "properties": {"crashes": 1, "injury": 1, "fatal": 0, "pedestrian": 0, "bicycle": 1, "density": 0.2, "year_range": "2010-2024"}}, {"type": "Feature", "geometry": {"type": "Point", "coordinates": [-95.043243, 29.562162]}, "properties": {"crashes": 3, "injury": 3, "fatal": 0, "pedestrian": 0, "bicycle": 3, "density": 0.8, "year_range": "2010-2024"}}, {"type": "Feature", "geometry": {"type": "Point", "coordinates": [-98.27027, 26.209009]}, "properties": {"crashes": 1, "injury": 1, "fatal": 0, "pedestrian": 0, "bicycle": 1, "density": 0.2, "year_range": "2010-2024"}}, {"type": "Feature", "geometry": {"type": "Point", "coordinates": [-94.091892, 31.54955]}, "properties": {"crashes": 1, "injury": 1, "fatal": 0, "pedestrian": 0, "bicycle": 1, "density": 0.2, "year_range": "2010-2024"}}, {"type": "Feature", "geometry": {"type": "Point", "coordinates": [-97.405405, 32.769369]}, "properties": {"crashes": 1, "injury": 1, "fatal": 0, "pedestrian": 0, "bicycle": 1, "density": 0.2, "year_range": "2010-2024"}}, {"type": "Feature", "geometry": {"type": "Point", "coordinates": [-98.304505, 26.198198]}, "properties": {"crashes": 2, "injury": 0, "fatal": 0, "pedestrian": 0, "bicycle": 2, "density": 0.5, "year_range": "2010-2024"}}, {"type": "Feature", "geometry": {"type": "Point", "coordinates": [-95.596396, 30.358559]}, "properties": {"crashes": 1, "injury": 1, "fatal": 0, "pedestrian": 0, "bicycle": 1, "density": 0.2, "year_range": "2010-2024"}}, {"type": "Feature", "geometry": {"type": "Point", "coordinates": [-97.499099, 25.902703]}, "properties": {"crashes": 2, "injury": 2, "fatal": 1, "pedestrian": 0, "bicycle": 2, "density": 0.5, "year_range": "2010-2024"}}, {"type": "Feature", "geometry": {"type": "Point", "coordinates": [-95.682883, 29.610811]}, "properties": {"crashes": 1, "injury": 1, "fatal": 0, "pedestrian": 0, "bicycle": 1, "density": 0.2, "year_range": "2010-2024"}}, {"type": "Feature", "geometry": {"type": "Point", "coordinates": [-97.097297, 32.765766]}, "properties": {"crashes": 1, "injury": 1, "fatal": 0, "pedestrian": 0, "bicycle": 1, "density": 0.2, "year_range": "2010-2024"}}, {"type": "Feature", "geometry": {"type": "Point", "coordinates": [-95.030631, 29.652252]}, "properties": {"crashes": 1, "injury": 0, "fatal": 0, "pedestrian": 0, "bicycle": 1, "density": 0.2, "year_range": "2010-2024"}}, {"type": "Feature", "geometry": {"type": "Point", "coordinates": [-101.861261, 33.578378]}, "properties": {"crashes": 2, "injury": 2, "fatal": 0, "pedestrian": 0, "bicycle": 2, "density": 0.5, "year_range": "2010-2024"}}, {"type": "Feature", "geometry": {"type": "Point", "coordinates": [-95.100901, 29.376577]}, "properties": {"crashes": 1, "injury": 1, "fatal": 0, "pedestrian": 0, "bicycle": 1, "density": 0.2, "year_range": "2010-2024"}}, {"type": "Feature", "geometry": {"type": "Point", "coordinates": [-96.724324, 32.765766]}, "properties": {"crashes": 1, "injury": 1, "fatal": 1, "pedestrian": 0, "bicycle": 1, "density": 0.2, "year_range": "2010-2024"}}, {"type": "Feature", "geometry": {"type": "Point", "coordinates": [-94.823423, 29.291892]}, "properties": {"crashes": 5, "injury": 5, "fatal": 0, "pedestrian": 0, "bicycle": 5, "density": 1.2, "year_range": "2010-2024"}}, {"type": "Feature", "geometry": {"type": "Point", "coordinates": [-97.344144, 31.091892]}, "properties": {"crashes": 1, "injury": 1, "fatal": 0, "pedestrian": 0, "bicycle": 1, "density": 0.2, "year_range": "2010-2024"}}, {"type": "Feature", "geometry": {"type": "Point", "coordinates": [-95.409009, 29.872072]}, "properties": {"crashes": 1, "injury": 1, "fatal": 0, "pedestrian": 0, "bicycle": 1, "density": 0.2, "year_range": "2010-2024"}}, {"type": "Feature", "geometry": {"type": "Point", "coordinates": [-97.785586, 30.264865]}, "properties": {"crashes": 2, "injury": 2, "fatal": 0, "pedestrian": 0, "bicycle": 2, "density": 0.5, "year_range": "2010-2024"}}, {"type": "Feature", "geometry": {"type": "Point", "coordinates": [-98.03964, 26.189189]}, "properties": {"crashes": 1, "injury": 1, "fatal": 0, "pedestrian": 0, "bicycle": 1, "density": 0.2, "year_range": "2010-2024"}}, {"type": "Feature", "geometry": {"type": "Point", "coordinates": [-97.427027, 27.706306]}, "properties": {"crashes": 1, "injury": 1, "fatal": 0, "pedestrian": 0, "bicycle": 1, "density": 0.2, "year_range": "2010-2024"}}, {"type": "Feature", "geometry": {"type": "Point", "coordinates": [-97.776577, 30.268468]}, "properties": {"crashes": 2, "injury": 2, "fatal": 0, "pedestrian": 0, "bicycle": 2, "density": 0.5, "year_range": "2010-2024"}}, {"type": "Feature", "geometry": {"type": "Point", "coordinates": [-97.342342, 27.693694]}, "properties": {"crashes": 1, "injury": 1, "fatal": 0, "pedestrian": 0, "bicycle": 1, "density": 0.2, "year_range": "2010-2024"}}, {"type": "Feature", "geometry": {"type": "Point", "coordinates": [-101.875676, 33.578378]}, "properties": {"crashes": 2, "injury": 1, "fatal": 0, "pedestrian": 0, "bicycle": 2, "density": 0.5, "year_range": "2010-2024"}}, {"type": "Feature", "geometry": {"type": "Point", "coordinates": [-96.756757, 32.790991]}, "properties": {"crashes": 1, "injury": 1, "fatal": 0, "pedestrian": 0, "bicycle": 1, "density": 0.2, "year_range": "2010-2024"}}, {"type": "Feature", "geometry": {"type": "Point", "coordinates": [-96.67027, 32.868468]}, "properties": {"crashes": 1, "injury": 1, "fatal": 0, "pedestrian": 0, "bicycle": 1, "density": 0.2, "year_range": "2010-2024"}}, {"type": "Feature", "geometry": {"type": "Point", "coordinates": [-95.454054, 30.207207]}, "properties": {"crashes": 2, "injury": 2, "fatal": 0, "pedestrian": 0, "bicycle": 2, "density": 0.5, "year_range": "2010-2024"}}, {"type": "Feature", "geometry": {"type": "Point", "coordinates": [-97.472072, 25.920721]}, "properties": {"crashes": 1, "injury": 1, "fatal": 0, "pedestrian": 0, "bicycle": 1, "density": 0.2, "year_range": "2010-2024"}}, {"type": "Feature", "geometry": {"type": "Point", "coordinates": [-95.003604, 29.513514]}, "properties": {"crashes": 1, "injury": 1, "fatal": 0, "pedestrian": 0, "bicycle": 1, "density": 0.2, "year_range": "2010-2024"}}, {"type": "Feature", "geometry": {"type": "Point", "coordinates": [-98.468468, 29.609009]}, "properties": {"crashes": 2, "injury": 1, "fatal": 0, "pedestrian": 0, "bicycle": 2, "density": 0.5, "year_range": "2010-2024"}}, {"type": "Feature", "geometry": {"type": "Point", "coordinates": [-95.609009, 29.879279]}, "properties": {"crashes": 2, "injury": 1, "fatal": 0, "pedestrian": 0, "bicycle": 2, "density": 0.5, "year_range": "2010-2024"}}, {"type": "Feature", "geometry": {"type": "Point", "coordinates": [-98.335135, 29.491892]}, "properties": {"crashes": 1, "injury": 1, "fatal": 0, "pedestrian": 0, "bicycle": 1, "density": 0.2, "year_range": "2010-2024"}}, {"type": "Feature", "geometry": {"type": "Point", "coordinates": [-99.504505, 27.508108]}, "properties": {"crashes": 1, "injury": 0, "fatal": 0, "pedestrian": 0, "bicycle": 1, "density": 0.2, "year_range": "2010-2024"}}, {"type": "Feature", "geometry": {"type": "Point", "coordinates": [-94.113514, 33.383784]}, "properties": {"crashes": 1, "injury": 1, "fatal": 0, "pedestrian": 0, "bicycle": 1, "density": 0.2, "year_range": "2010-2024"}}, {"type": "Feature", "geometry": {"type": "Point", "coordinates": [-95.230631, 30.097297]}, "properties": {"crashes": 1, "injury": 1, "fatal": 0, "pedestrian": 0, "bicycle": 1, "density": 0.2, "year_range": "2010-2024"}}, {"type": "Feature", "geometry": {"type": "Point", "coordinates": [-101.818018, 35.221622]}, "properties": {"crashes": 2, "injury": 1, "fatal": 0, "pedestrian": 0, "bicycle": 2, "density": 0.5, "year_range": "2010-2024"}}, {"type": "Feature", "geometry": {"type": "Point", "coordinates": [-97.859459, 28.823423]}, "properties": {"crashes": 1, "injury": 1, "fatal": 0, "pedestrian": 0, "bicycle": 1, "density": 0.2, "year_range": "2010-2024"}}, {"type": "Feature", "geometry": {"type": "Point", "coordinates": [-97.967568, 30.340541]}, "properties": {"crashes": 1, "injury": 1, "fatal": 1, "pedestrian": 0, "bicycle": 1, "density": 0.2, "year_range": "2010-2024"}}, {"type": "Feature", "geometry": {"type": "Point", "coordinates": [-98.351351, 29.389189]}, "properties": {"crashes": 1, "injury": 0, "fatal": 0, "pedestrian": 0, "bicycle": 1, "density": 0.2, "year_range": "2010-2024"}}, {"type": "Feature", "geometry": {"type": "Point", "coordinates": [-106.358559, 31.76036]}, "properties": {"crashes": 1, "injury": 1, "fatal": 0, "pedestrian": 0, "bicycle": 1, "density": 0.2, "year_range": "2010-2024"}}, {"type": "Feature", "geometry": {"type": "Point", "coordinates": [-94.790991, 32.515315]}, "properties": {"crashes": 1, "injury": 0, "fatal": 0, "pedestrian": 0, "bicycle": 1, "density": 0.2, "year_range": "2010-2024"}}, {"type": "Feature", "geometry": {"type": "Point", "coordinates": [-96.682883, 32.807207]}, "properties": {"crashes": 1, "injury": 1, "fatal": 0, "pedestrian": 0, "bicycle": 1, "density": 0.2, "year_range": "2010-2024"}}, {"type": "Feature", "geometry": {"type": "Point", "coordinates": [-98.518919, 29.390991]}, "properties": {"crashes": 1, "injury": 0, "fatal": 0, "pedestrian": 0, "bicycle": 1, "density": 0.2, "year_range": "2010-2024"}}, {"type": "Feature", "geometry": {"type": "Point", "coordinates": [-97.412613, 27.727928]}, "properties": {"crashes": 2, "injury": 2, "fatal": 0, "pedestrian": 0, "bicycle": 2, "density": 0.5, "year_range": "2010-2024"}}, {"type": "Feature", "geometry": {"type": "Point", "coordinates": [-97.661261, 27.857658]}, "properties": {"crashes": 1, "injury": 1, "fatal": 0, "pedestrian": 0, "bicycle": 1, "density": 0.2, "year_range": "2010-2024"}}, {"type": "Feature", "geometry": {"type": "Point", "coordinates": [-94.792793, 29.300901]}, "properties": {"crashes": 2, "injury": 2, "fatal": 0, "pedestrian": 0, "bicycle": 2, "density": 0.5, "year_range": "2010-2024"}}, {"type": "Feature", "geometry": {"type": "Point", "coordinates": [-97.387387, 27.679279]}, "properties": {"crashes": 1, "injury": 1, "fatal": 0, "pedestrian": 0, "bicycle": 1, "density": 0.2, "year_range": "2010-2024"}}, {"type": "Feature", "geometry": {"type": "Point", "coordinates": [-97.861261, 30.236036]}, "properties": {"crashes": 1, "injury": 0, "fatal": 0, "pedestrian": 0, "bicycle": 1, "density": 0.2, "year_range": "2010-2024"}}, {"type": "Feature", "geometry": {"type": "Point", "coordinates": [-95.313514, 29.92973]}, "properties": {"crashes": 1, "injury": 1, "fatal": 0, "pedestrian": 0, "bicycle": 1, "density": 0.2, "year_range": "2010-2024"}}, {"type": "Feature", "geometry": {"type": "Point", "coordinates": [-95.536937, 29.783784]}, "properties": {"crashes": 1, "injury": 1, "fatal": 0, "pedestrian": 0, "bicycle": 1, "density": 0.2, "year_range": "2010-2024"}}, {"type": "Feature", "geometry": {"type": "Point", "coordinates": [-98.126126, 29.686486]}, "properties": {"crashes": 2, "injury": 2, "fatal": 0, "pedestrian": 0, "bicycle": 2, "density": 0.5, "year_range": "2010-2024"}}, {"type": "Feature", "geometry": {"type": "Point", "coordinates": [-104.837838, 31.03964]}, "properties": {"crashes": 1, "injury": 1, "fatal": 0, "pedestrian": 0, "bicycle": 1, "density": 0.2, "year_range": "2010-2024"}}, {"type": "Feature", "geometry": {"type": "Point", "coordinates": [-97.790991, 30.153153]}, "properties": {"crashes": 2, "injury": 1, "fatal": 0, "pedestrian": 0, "bicycle": 2, "density": 0.5, "year_range": "2010-2024"}}, {"type": "Feature", "geometry": {"type": "Point", "coordinates": [-95.189189, 29.50991]}, "properties": {"crashes": 3, "injury": 1, "fatal": 0, "pedestrian": 0, "bicycle": 3, "density": 0.8, "year_range": "2010-2024"}}, {"type": "Feature", "geometry": {"type": "Point", "coordinates": [-98.605405, 29.484685]}, "properties": {"crashes": 2, "injury": 2, "fatal": 0, "pedestrian": 0, "bicycle": 2, "density": 0.5, "year_range": "2010-2024"}}, {"type": "Feature", "geometry": {"type": "Point", "coordinates": [-95.556757, 33.664865]}, "properties": {"crashes": 1, "injury": 1, "fatal": 0, "pedestrian": 0, "bicycle": 1, "density": 0.2, "year_range": "2010-2024"}}, {"type": "Feature", "geometry": {"type": "Point", "coordinates": [-95.111712, 29.783784]}, "properties": {"crashes": 1, "injury": 1, "fatal": 0, "pedestrian": 0, "bicycle": 1, "density": 0.2, "year_range": "2010-2024"}}, {"type": "Feature", "geometry": {"type": "Point", "coordinates": [-98.106306, 30.198198]}, "properties": {"crashes": 1, "injury": 1, "fatal": 0, "pedestrian": 0, "bicycle": 1, "density": 0.2, "year_range": "2010-2024"}}, {"type": "Feature", "geometry": {"type": "Point", "coordinates": [-93.935135, 29.902703]}, "properties": {"crashes": 1, "injury": 1, "fatal": 1, "pedestrian": 0, "bicycle": 1, "density": 0.2, "year_range": "2010-2024"}}, {"type": "Feature", "geometry": {"type": "Point", "coordinates": [-94.758559, 31.32973]}, "properties": {"crashes": 1, "injury": 1, "fatal": 0, "pedestrian": 0, "bicycle": 1, "density": 0.2, "year_range": "2010-2024"}}, {"type": "Feature", "geometry": {"type": "Point", "coordinates": [-98.515315, 29.466667]}, "properties": {"crashes": 2, "injury": 2, "fatal": 0, "pedestrian": 0, "bicycle": 2, "density": 0.5, "year_range": "2010-2024"}}, {"type": "Feature", "geometry": {"type": "Point", "coordinates": [-96.981982, 33.016216]}, "properties": {"crashes": 1, "injury": 1, "fatal": 0, "pedestrian": 0, "bicycle": 1, "density": 0.2, "year_range": "2010-2024"}}, {"type": "Feature", "geometry": {"type": "Point", "coordinates": [-95.342342, 32.264865]}, "properties": {"crashes": 1, "injury": 1, "fatal": 0, "pedestrian": 0, "bicycle": 1, "density": 0.2, "year_range": "2010-2024"}}, {"type": "Feature", "geometry": {"type": "Point", "coordinates": [-97.491892, 25.922523]}, "properties": {"crashes": 1, "injury": 1, "fatal": 0, "pedestrian": 0, "bicycle": 1, "density": 0.2, "year_range": "2010-2024"}}, {"type": "Feature", "geometry": {"type": "Point", "coordinates": [-94.021622, 30.212613]}, "properties": {"crashes": 1, "injury": 1, "fatal": 1, "pedestrian": 0, "bicycle": 1, "density": 0.2, "year_range": "2010-2024"}}, {"type": "Feature", "geometry": {"type": "Point", "coordinates": [-97.987387, 29.825225]}, "properties": {"crashes": 1, "injury": 1, "fatal": 0, "pedestrian": 0, "bicycle": 1, "density": 0.2, "year_range": "2010-2024"}}, {"type": "Feature", "geometry": {"type": "Point", "coordinates": [-96.091892, 33.072072]}, "properties": {"crashes": 1, "injury": 1, "fatal": 1, "pedestrian": 0, "bicycle": 1, "density": 0.2, "year_range": "2010-2024"}}, {"type": "Feature", "geometry": {"type": "Point", "coordinates": [-96.994595, 32.717117]}, "properties": {"crashes": 1, "injury": 1, "fatal": 0, "pedestrian": 0, "bicycle": 1, "density": 0.2, "year_range": "2010-2024"}}, {"type": "Feature", "geometry": {"type": "Point", "coordinates": [-98.392793, 29.50991]}, "properties": {"crashes": 1, "injury": 1, "fatal": 0, "pedestrian": 0, "bicycle": 1, "density": 0.2, "year_range": "2010-2024"}}, {"type": "Feature", "geometry": {"type": "Point", "coordinates": [-106.275676, 31.711712]}, "properties": {"crashes": 1, "injury": 0, "fatal": 0, "pedestrian": 0, "bicycle": 1, "density": 0.2, "year_range": "2010-2024"}}, {"type": "Feature", "geometry": {"type": "Point", "coordinates": [-98.198198, 26.236036]}, "properties": {"crashes": 1, "injury": 1, "fatal": 0, "pedestrian": 0, "bicycle": 1, "density": 0.2, "year_range": "2010-2024"}}, {"type": "Feature", "geometry": {"type": "Point", "coordinates": [-95.432432, 30.209009]}, "properties": {"crashes": 1, "injury": 1, "fatal": 0, "pedestrian": 0, "bicycle": 1, "density": 0.2, "year_range": "2010-2024"}}, {"type": "Feature", "geometry": {"type": "Point", "coordinates": [-98.675676, 29.544144]}, "properties": {"crashes": 2, "injury": 1, "fatal": 0, "pedestrian": 0, "bicycle": 2, "density": 0.5, "year_range": "2010-2024"}}, {"type": "Feature", "geometry": {"type": "Point", "coordinates": [-96.758559, 32.771171]}, "properties": {"crashes": 1, "injury": 1, "fatal": 0, "pedestrian": 0, "bicycle": 1, "density": 0.2, "year_range": "2010-2024"}}, {"type": "Feature", "geometry": {"type": "Point", "coordinates": [-97.221622, 32.828829]}, "properties": {"crashes": 1, "injury": 1, "fatal": 0, "pedestrian": 0, "bicycle": 1, "density": 0.2, "year_range": "2010-2024"}}, {"type": "Feature", "geometry": {"type": "Point", "coordinates": [-98.124324, 26.172973]}, "properties": {"crashes": 1, "injury": 1, "fatal": 0, "pedestrian": 0, "bicycle": 1, "density": 0.2, "year_range": "2010-2024"}}, {"type": "Feature", "geometry": {"type": "Point", "coordinates": [-95.230631, 30.162162]}, "properties": {"crashes": 2, "injury": 2, "fatal": 0, "pedestrian": 0, "bicycle": 2, "density": 0.5, "year_range": "2010-2024"}}, {"type": "Feature", "geometry": {"type": "Point", "coordinates": [-98.70991, 29.495495]}, "properties": {"crashes": 3, "injury": 3, "fatal": 0, "pedestrian": 0, "bicycle": 3, "density": 0.8, "year_range": "2010-2024"}}, {"type": "Feature", "geometry": {"type": "Point", "coordinates": [-93.92973, 29.933333]}, "properties": {"crashes": 1, "injury": 1, "fatal": 0, "pedestrian": 0, "bicycle": 1, "density": 0.2, "year_range": "2010-2024"}}, {"type": "Feature", "geometry": {"type": "Point", "coordinates": [-95.751351, 29.785586]}, "properties": {"crashes": 3, "injury": 2, "fatal": 0, "pedestrian": 0, "bicycle": 3, "density": 0.8, "year_range": "2010-2024"}}, {"type": "Feature", "geometry": {"type": "Point", "coordinates": [-98.140541, 27.228829]}, "properties": {"crashes": 1, "injury": 1, "fatal": 1, "pedestrian": 0, "bicycle": 1, "density": 0.2, "year_range": "2010-2024"}}, {"type": "Feature", "geometry": {"type": "Point", "coordinates": [-97.809009, 32.758559]}, "properties": {"crashes": 1, "injury": 1, "fatal": 0, "pedestrian": 0, "bicycle": 1, "density": 0.2, "year_range": "2010-2024"}}, {"type": "Feature", "geometry": {"type": "Point", "coordinates": [-95.432432, 29.181982]}, "properties": {"crashes": 1, "injury": 1, "fatal": 0, "pedestrian": 0, "bicycle": 1, "density": 0.2, "year_range": "2010-2024"}}, {"type": "Feature", "geometry": {"type": "Point", "coordinates": [-96.636036, 28.627027]}, "properties": {"crashes": 1, "injury": 1, "fatal": 0, "pedestrian": 0, "bicycle": 1, "density": 0.2, "year_range": "2010-2024"}}, {"type": "Feature", "geometry": {"type": "Point", "coordinates": [-94.34955, 32.54955]}, "properties": {"crashes": 1, "injury": 1, "fatal": 0, "pedestrian": 0, "bicycle": 1, "density": 0.2, "year_range": "2010-2024"}}, {"type": "Feature", "geometry": {"type": "Point", "coordinates": [-100.461261, 31.482883]}, "properties": {"crashes": 1, "injury": 1, "fatal": 0, "pedestrian": 0, "bicycle": 1, "density": 0.2, "year_range": "2010-2024"}}, {"type": "Feature", "geometry": {"type": "Point", "coordinates": [-95.567568, 29.569369]}, "properties": {"crashes": 1, "injury": 1, "fatal": 0, "pedestrian": 0, "bicycle": 1, "density": 0.2, "year_range": "2010-2024"}}, {"type": "Feature", "geometry": {"type": "Point", "coordinates": [-97.697297, 30.27027]}, "properties": {"crashes": 1, "injury": 1, "fatal": 0, "pedestrian": 0, "bicycle": 1, "density": 0.2, "year_range": "2010-2024"}}, {"type": "Feature", "geometry": {"type": "Point", "coordinates": [-97.043243, 28.041441]}, "properties": {"crashes": 1, "injury": 0, "fatal": 0, "pedestrian": 0, "bicycle": 1, "density": 0.2, "year_range": "2010-2024"}}, {"type": "Feature", "geometry": {"type": "Point", "coordinates": [-97.76036, 30.468468]}, "properties": {"crashes": 1, "injury": 1, "fatal": 0, "pedestrian": 0, "bicycle": 1, "density": 0.2, "year_range": "2010-2024"}}, {"type": "Feature", "geometry": {"type": "Point", "coordinates": [-99.111712, 30.07027]}, "properties": {"crashes": 1, "injury": 1, "fatal": 0, "pedestrian": 0, "bicycle": 1, "density": 0.2, "year_range": "2010-2024"}}, {"type": "Feature", "geometry": {"type": "Point", "coordinates": [-95.96036, 28.983784]}, "properties": {"crashes": 1, "injury": 1, "fatal": 0, "pedestrian": 0, "bicycle": 1, "density": 0.2, "year_range": "2010-2024"}}, {"type": "Feature", "geometry": {"type": "Point", "coordinates": [-95.583784, 29.581982]}, "properties": {"crashes": 1, "injury": 1, "fatal": 0, "pedestrian": 0, "bicycle": 1, "density": 0.2, "year_range": "2010-2024"}}, {"type": "Feature", "geometry": {"type": "Point", "coordinates": [-97.363964, 31.084685]}, "properties": {"crashes": 1, "injury": 1, "fatal": 0, "pedestrian": 0, "bicycle": 1, "density": 0.2, "year_range": "2010-2024"}}, {"type": "Feature", "geometry": {"type": "Point", "coordinates": [-99.104505, 30.077477]}, "properties": {"crashes": 1, "injury": 1, "fatal": 0, "pedestrian": 0, "bicycle": 1, "density": 0.2, "year_range": "2010-2024"}}, {"type": "Feature", "geometry": {"type": "Point", "coordinates": [-98.028829, 29.632432]}, "properties": {"crashes": 1, "injury": 1, "fatal": 0, "pedestrian": 0, "bicycle": 1, "density": 0.2, "year_range": "2010-2024"}}, {"type": "Feature", "geometry": {"type": "Point", "coordinates": [-96.354955, 30.641441]}, "properties": {"crashes": 1, "injury": 1, "fatal": 0, "pedestrian": 0, "bicycle": 1, "density": 0.2, "year_range": "2010-2024"}}, {"type": "Feature", "geometry": {"type": "Point", "coordinates": [-95.563964, 29.609009]}, "properties": {"crashes": 1, "injury": 1, "fatal": 0, "pedestrian": 0, "bicycle": 1, "density": 0.2, "year_range": "2010-2024"}}, {"type": "Feature", "geometry": {"type": "Point", "coordinates": [-97.304505, 30.10991]}, "properties": {"crashes": 1, "injury": 1, "fatal": 0, "pedestrian": 0, "bicycle": 1, "density": 0.2, "year_range": "2010-2024"}}, {"type": "Feature", "geometry": {"type": "Point", "coordinates": [-98.2, 26.221622]}, "properties": {"crashes": 1, "injury": 1, "fatal": 0, "pedestrian": 0, "bicycle": 1, "density": 0.2, "year_range": "2010-2024"}}, {"type": "Feature", "geometry": {"type": "Point", "coordinates": [-95.315315, 30.331532]}, "properties": {"crashes": 1, "injury": 1, "fatal": 0, "pedestrian": 0, "bicycle": 1, "density": 0.2, "year_range": "2010-2024"}}, {"type": "Feature", "geometry": {"type": "Point", "coordinates": [-96.223423, 30.527928]}, "properties": {"crashes": 1, "injury": 1, "fatal": 1, "pedestrian": 0, "bicycle": 1, "density": 0.2, "year_range": "2010-2024"}}, {"type": "Feature", "geometry": {"type": "Point", "coordinates": [-98.990991, 31.722523]}, "properties": {"crashes": 1, "injury": 0, "fatal": 0, "pedestrian": 0, "bicycle": 1, "density": 0.2, "year_range": "2010-2024"}}, {"type": "Feature", "geometry": {"type": "Point", "coordinates": [-97.735135, 30.248649]}, "properties": {"crashes": 2, "injury": 2, "fatal": 0, "pedestrian": 0, "bicycle": 2, "density": 0.5, "year_range": "2010-2024"}}, {"type": "Feature", "geometry": {"type": "Point", "coordinates": [-95.455856, 29.754955]}, "properties": {"crashes": 1, "injury": 1, "fatal": 0, "pedestrian": 0, "bicycle": 1, "density": 0.2, "year_range": "2010-2024"}}, {"type": "Feature", "geometry": {"type": "Point", "coordinates": [-95.084685, 29.47027]}, "properties": {"crashes": 1, "injury": 0, "fatal": 0, "pedestrian": 0, "bicycle": 1, "density": 0.2, "year_range": "2010-2024"}}, {"type": "Feature", "geometry": {"type": "Point", "coordinates": [-95.234234, 30.104505]}, "properties": {"crashes": 1, "injury": 1, "fatal": 0, "pedestrian": 0, "bicycle": 1, "density": 0.2, "year_range": "2010-2024"}}, {"type": "Feature", "geometry": {"type": "Point", "coordinates": [-98.156757, 29.695495]}, "properties": {"crashes": 1, "injury": 1, "fatal": 0, "pedestrian": 0, "bicycle": 1, "density": 0.2, "year_range": "2010-2024"}}, {"type": "Feature", "geometry": {"type": "Point", "coordinates": [-98.416216, 29.4]}, "properties": {"crashes": 1, "injury": 1, "fatal": 0, "pedestrian": 0, "bicycle": 1, "density": 0.2, "year_range": "2010-2024"}}, {"type": "Feature", "geometry": {"type": "Point", "coordinates": [-96.556757, 29.976577]}, "properties": {"crashes": 1, "injury": 1, "fatal": 0, "pedestrian": 0, "bicycle": 1, "density": 0.2, "year_range": "2010-2024"}}, {"type": "Feature", "geometry": {"type": "Point", "coordinates": [-98.153153, 26.203604]}, "properties": {"crashes": 1, "injury": 1, "fatal": 0, "pedestrian": 0, "bicycle": 1, "density": 0.2, "year_range": "2010-2024"}}, {"type": "Feature", "geometry": {"type": "Point", "coordinates": [-98.136937, 26.205405]}, "properties": {"crashes": 1, "injury": 1, "fatal": 0, "pedestrian": 0, "bicycle": 1, "density": 0.2, "year_range": "2010-2024"}}, {"type": "Feature", "geometry": {"type": "Point", "coordinates": [-96.592793, 30.875676]}, "properties": {"crashes": 1, "injury": 0, "fatal": 0, "pedestrian": 0, "bicycle": 1, "density": 0.2, "year_range": "2010-2024"}}, {"type": "Feature", "geometry": {"type": "Point", "coordinates": [-97.758559, 30.261261]}, "properties": {"crashes": 3, "injury": 3, "fatal": 0, "pedestrian": 0, "bicycle": 3, "density": 0.8, "year_range": "2010-2024"}}, {"type": "Feature", "geometry": {"type": "Point", "coordinates": [-93.911712, 29.920721]}, "properties": {"crashes": 1, "injury": 1, "fatal": 0, "pedestrian": 0, "bicycle": 1, "density": 0.2, "year_range": "2010-2024"}}, {"type": "Feature", "geometry": {"type": "Point", "coordinates": [-97.297297, 27.675676]}, "properties": {"crashes": 1, "injury": 1, "fatal": 0, "pedestrian": 0, "bicycle": 1, "density": 0.2, "year_range": "2010-2024"}}, {"type": "Feature", "geometry": {"type": "Point", "coordinates": [-95.198198, 29.623423]}, "properties": {"crashes": 1, "injury": 1, "fatal": 0, "pedestrian": 0, "bicycle": 1, "density": 0.2, "year_range": "2010-2024"}}, {"type": "Feature", "geometry": {"type": "Point", "coordinates": [-96.345946, 30.618018]}, "properties": {"crashes": 2, "injury": 2, "fatal": 0, "pedestrian": 0, "bicycle": 2, "density": 0.5, "year_range": "2010-2024"}}, {"type": "Feature", "geometry": {"type": "Point", "coordinates": [-94.234234, 30.286486]}, "properties": {"crashes": 1, "injury": 1, "fatal": 0, "pedestrian": 0, "bicycle": 1, "density": 0.2, "year_range": "2010-2024"}}, {"type": "Feature", "geometry": {"type": "Point", "coordinates": [-95.459459, 29.691892]}, "properties": {"crashes": 1, "injury": 1, "fatal": 0, "pedestrian": 0, "bicycle": 1, "density": 0.2, "year_range": "2010-2024"}}, {"type": "Feature", "geometry": {"type": "Point", "coordinates": [-102.054054, 32.497297]}, "properties": {"crashes": 1, "injury": 1, "fatal": 0, "pedestrian": 0, "bicycle": 1, "density": 0.2, "year_range": "2010-2024"}}, {"type": "Feature", "geometry": {"type": "Point", "coordinates": [-95.228829, 29.601802]}, "properties": {"crashes": 2, "injury": 2, "fatal": 0, "pedestrian": 0, "bicycle": 2, "density": 0.5, "year_range": "2010-2024"}}, {"type": "Feature", "geometry": {"type": "Point", "coordinates": [-97.735135, 30.263063]}, "properties": {"crashes": 3, "injury": 3, "fatal": 0, "pedestrian": 0, "bicycle": 3, "density": 0.8, "year_range": "2010-2024"}}, {"type": "Feature", "geometry": {"type": "Point", "coordinates": [-98.261261, 26.214414]}, "properties": {"crashes": 1, "injury": 1, "fatal": 0, "pedestrian": 0, "bicycle": 1, "density": 0.2, "year_range": "2010-2024"}}, {"type": "Feature", "geometry": {"type": "Point", "coordinates": [-95.434234, 29.171171]}, "properties": {"crashes": 1, "injury": 1, "fatal": 0, "pedestrian": 0, "bicycle": 1, "density": 0.2, "year_range": "2010-2024"}}, {"type": "Feature", "geometry": {"type": "Point", "coordinates": [-96.117117, 32.331532]}, "properties": {"crashes": 1, "injury": 1, "fatal": 0, "pedestrian": 0, "bicycle": 1, "density": 0.2, "year_range": "2010-2024"}}, {"type": "Feature", "geometry": {"type": "Point", "coordinates": [-98.481081, 29.372973]}, "properties": {"crashes": 2, "injury": 2, "fatal": 0, "pedestrian": 0, "bicycle": 2, "density": 0.5, "year_range": "2010-2024"}}, {"type": "Feature", "geometry": {"type": "Point", "coordinates": [-96.034234, 29.771171]}, "properties": {"crashes": 1, "injury": 1, "fatal": 0, "pedestrian": 0, "bicycle": 1, "density": 0.2, "year_range": "2010-2024"}}, {"type": "Feature", "geometry": {"type": "Point", "coordinates": [-98.486486, 29.554955]}, "properties": {"crashes": 1, "injury": 1, "fatal": 0, "pedestrian": 0, "bicycle": 1, "density": 0.2, "year_range": "2010-2024"}}, {"type": "Feature", "geometry": {"type": "Point", "coordinates": [-97.789189, 30.237838]}, "properties": {"crashes": 1, "injury": 1, "fatal": 0, "pedestrian": 0, "bicycle": 1, "density": 0.2, "year_range": "2010-2024"}}, {"type": "Feature", "geometry": {"type": "Point", "coordinates": [-101.908108, 33.607207]}, "properties": {"crashes": 1, "injury": 1, "fatal": 0, "pedestrian": 0, "bicycle": 1, "density": 0.2, "year_range": "2010-2024"}}, {"type": "Feature", "geometry": {"type": "Point", "coordinates": [-96.935135, 32.837838]}, "properties": {"crashes": 1, "injury": 1, "fatal": 0, "pedestrian": 0, "bicycle": 1, "density": 0.2, "year_range": "2010-2024"}}, {"type": "Feature", "geometry": {"type": "Point", "coordinates": [-95.317117, 29.717117]}, "properties": {"crashes": 1, "injury": 1, "fatal": 0, "pedestrian": 0, "bicycle": 1, "density": 0.2, "year_range": "2010-2024"}}, {"type": "Feature", "geometry": {"type": "Point", "coordinates": [-96.156757, 29.78018]}, "properties": {"crashes": 1, "injury": 1, "fatal": 0, "pedestrian": 0, "bicycle": 1, "density": 0.2, "year_range": "2010-2024"}}, {"type": "Feature", "geometry": {"type": "Point", "coordinates": [-97.938739, 29.872072]}, "properties": {"crashes": 2, "injury": 2, "fatal": 0, "pedestrian": 0, "bicycle": 2, "density": 0.5, "year_range": "2010-2024"}}, {"type": "Feature", "geometry": {"type": "Point", "coordinates": [-96.554955, 33.726126]}, "properties": {"crashes": 1, "injury": 1, "fatal": 0, "pedestrian": 0, "bicycle": 1, "density": 0.2, "year_range": "2010-2024"}}, {"type": "Feature", "geometry": {"type": "Point", "coordinates": [-98.30991, 29.49009]}, "properties": {"crashes": 1, "injury": 1, "fatal": 0, "pedestrian": 0, "bicycle": 1, "density": 0.2, "year_range": "2010-2024"}}, {"type": "Feature", "geometry": {"type": "Point", "coordinates": [-93.778378, 30.082883]}, "properties": {"crashes": 1, "injury": 1, "fatal": 0, "pedestrian": 0, "bicycle": 1, "density": 0.2, "year_range": "2010-2024"}}, {"type": "Feature", "geometry": {"type": "Point", "coordinates": [-96.863063, 32.857658]}, "properties": {"crashes": 1, "injury": 1, "fatal": 0, "pedestrian": 0, "bicycle": 1, "density": 0.2, "year_range": "2010-2024"}}, {"type": "Feature", "geometry": {"type": "Point", "coordinates": [-96.567568, 33.344144]}, "properties": {"crashes": 1, "injury": 1, "fatal": 0, "pedestrian": 0, "bicycle": 1, "density": 0.2, "year_range": "2010-2024"}}, {"type": "Feature", "geometry": {"type": "Point", "coordinates": [-94.135135, 30.066667]}, "properties": {"crashes": 1, "injury": 1, "fatal": 0, "pedestrian": 0, "bicycle": 1, "density": 0.2, "year_range": "2010-2024"}}, {"type": "Feature", "geometry": {"type": "Point", "coordinates": [-97.693694, 26.207207]}, "properties": {"crashes": 1, "injury": 1, "fatal": 0, "pedestrian": 0, "bicycle": 1, "density": 0.2, "year_range": "2010-2024"}}, {"type": "Feature", "geometry": {"type": "Point", "coordinates": [-95.632432, 30.088288]}, "properties": {"crashes": 1, "injury": 1, "fatal": 0, "pedestrian": 0, "bicycle": 1, "density": 0.2, "year_range": "2010-2024"}}, {"type": "Feature", "geometry": {"type": "Point", "coordinates": [-93.863063, 30.037838]}, "properties": {"crashes": 1, "injury": 1, "fatal": 0, "pedestrian": 0, "bicycle": 1, "density": 0.2, "year_range": "2010-2024"}}, {"type": "Feature", "geometry": {"type": "Point", "coordinates": [-96.972973, 33.007207]}, "properties": {"crashes": 1, "injury": 1, "fatal": 0, "pedestrian": 0, "bicycle": 1, "density": 0.2, "year_range": "2010-2024"}}, {"type": "Feature", "geometry": {"type": "Point", "coordinates": [-98.601802, 29.605405]}, "properties": {"crashes": 1, "injury": 1, "fatal": 1, "pedestrian": 0, "bicycle": 1, "density": 0.2, "year_range": "2010-2024"}}, {"type": "Feature", "geometry": {"type": "Point", "coordinates": [-94.016216, 30.145946]}, "properties": {"crashes": 1, "injury": 1, "fatal": 0, "pedestrian": 0, "bicycle": 1, "density": 0.2, "year_range": "2010-2024"}}, {"type": "Feature", "geometry": {"type": "Point", "coordinates": [-97.353153, 31.100901]}, "properties": {"crashes": 1, "injury": 1, "fatal": 0, "pedestrian": 0, "bicycle": 1, "density": 0.2, "year_range": "2010-2024"}}, {"type": "Feature", "geometry": {"type": "Point", "coordinates": [-95.632432, 29.61982]}, "properties": {"crashes": 1, "injury": 1, "fatal": 0, "pedestrian": 0, "bicycle": 1, "density": 0.2, "year_range": "2010-2024"}}, {"type": "Feature", "geometry": {"type": "Point", "coordinates": [-95.288288, 29.648649]}, "properties": {"crashes": 1, "injury": 1, "fatal": 0, "pedestrian": 0, "bicycle": 1, "density": 0.2, "year_range": "2010-2024"}}, {"type": "Feature", "geometry": {"type": "Point", "coordinates": [-94.814414, 29.293694]}, "properties": {"crashes": 2, "injury": 2, "fatal": 0, "pedestrian": 0, "bicycle": 2, "density": 0.5, "year_range": "2010-2024"}}, {"type": "Feature", "geometry": {"type": "Point", "coordinates": [-98.72973, 29.789189]}, "properties": {"crashes": 2, "injury": 1, "fatal": 0, "pedestrian": 0, "bicycle": 2, "density": 0.5, "year_range": "2010-2024"}}, {"type": "Feature", "geometry": {"type": "Point", "coordinates": [-100.904505, 29.405405]}, "properties": {"crashes": 1, "injury": 1, "fatal": 0, "pedestrian": 0, "bicycle": 1, "density": 0.2, "year_range": "2010-2024"}}, {"type": "Feature", "geometry": {"type": "Point", "coordinates": [-95.428829, 29.812613]}, "properties": {"crashes": 1, "injury": 1, "fatal": 0, "pedestrian": 0, "bicycle": 1, "density": 0.2, "year_range": "2010-2024"}}, {"type": "Feature", "geometry": {"type": "Point", "coordinates": [-96.679279, 32.852252]}, "properties": {"crashes": 1, "injury": 1, "fatal": 0, "pedestrian": 0, "bicycle": 1, "density": 0.2, "year_range": "2010-2024"}}, {"type": "Feature", "geometry": {"type": "Point", "coordinates": [-96.78018, 32.832432]}, "properties": {"crashes": 1, "injury": 1, "fatal": 0, "pedestrian": 0, "bicycle": 1, "density": 0.2, "year_range": "2010-2024"}}, {"type": "Feature", "geometry": {"type": "Point", "coordinates": [-98.228829, 30.758559]}, "properties": {"crashes": 2, "injury": 1, "fatal": 0, "pedestrian": 0, "bicycle": 2, "density": 0.5, "year_range": "2010-2024"}}, {"type": "Feature", "geometry": {"type": "Point", "coordinates": [-97.493694, 26.10991]}, "properties": {"crashes": 1, "injury": 1, "fatal": 1, "pedestrian": 0, "bicycle": 1, "density": 0.2, "year_range": "2010-2024"}}, {"type": "Feature", "geometry": {"type": "Point", "coordinates": [-96.85045, 32.38018]}, "properties": {"crashes": 1, "injury": 1, "fatal": 0, "pedestrian": 0, "bicycle": 1, "density": 0.2, "year_range": "2010-2024"}}, {"type": "Feature", "geometry": {"type": "Point", "coordinates": [-96.641441, 33.67027]}, "properties": {"crashes": 1, "injury": 1, "fatal": 0, "pedestrian": 0, "bicycle": 1, "density": 0.2, "year_range": "2010-2024"}}, {"type": "Feature", "geometry": {"type": "Point", "coordinates": [-95.547748, 29.783784]}, "properties": {"crashes": 1, "injury": 1, "fatal": 0, "pedestrian": 0, "bicycle": 1, "density": 0.2, "year_range": "2010-2024"}}, {"type": "Feature", "geometry": {"type": "Point", "coordinates": [-101.87027, 33.623423]}, "properties": {"crashes": 1, "injury": 0, "fatal": 0, "pedestrian": 0, "bicycle": 1, "density": 0.2, "year_range": "2010-2024"}}, {"type": "Feature", "geometry": {"type": "Point", "coordinates": [-96.636036, 33.216216]}, "properties": {"crashes": 2, "injury": 2, "fatal": 0, "pedestrian": 0, "bicycle": 2, "density": 0.5, "year_range": "2010-2024"}}, {"type": "Feature", "geometry": {"type": "Point", "coordinates": [-97.673874, 30.326126]}, "properties": {"crashes": 1, "injury": 1, "fatal": 0, "pedestrian": 0, "bicycle": 1, "density": 0.2, "year_range": "2010-2024"}}, {"type": "Feature", "geometry": {"type": "Point", "coordinates": [-97.744144, 30.446847]}, "properties": {"crashes": 1, "injury": 1, "fatal": 0, "pedestrian": 0, "bicycle": 1, "density": 0.2, "year_range": "2010-2024"}}, {"type": "Feature", "geometry": {"type": "Point", "coordinates": [-98.154955, 29.673874]}, "properties": {"crashes": 1, "injury": 1, "fatal": 0, "pedestrian": 0, "bicycle": 1, "density": 0.2, "year_range": "2010-2024"}}, {"type": "Feature", "geometry": {"type": "Point", "coordinates": [-95.459459, 29.69009]}, "properties": {"crashes": 1, "injury": 1, "fatal": 0, "pedestrian": 0, "bicycle": 1, "density": 0.2, "year_range": "2010-2024"}}, {"type": "Feature", "geometry": {"type": "Point", "coordinates": [-98.443243, 26.335135]}, "properties": {"crashes": 1, "injury": 1, "fatal": 0, "pedestrian": 0, "bicycle": 1, "density": 0.2, "year_range": "2010-2024"}}, {"type": "Feature", "geometry": {"type": "Point", "coordinates": [-97.720721, 26.218018]}, "properties": {"crashes": 1, "injury": 1, "fatal": 0, "pedestrian": 0, "bicycle": 1, "density": 0.2, "year_range": "2010-2024"}}, {"type": "Feature", "geometry": {"type": "Point", "coordinates": [-97.673874, 26.172973]}, "properties": {"crashes": 3, "injury": 2, "fatal": 0, "pedestrian": 0, "bicycle": 3, "density": 0.8, "year_range": "2010-2024"}}, {"type": "Feature", "geometry": {"type": "Point", "coordinates": [-101.906306, 33.531532]}, "properties": {"crashes": 1, "injury": 1, "fatal": 0, "pedestrian": 0, "bicycle": 1, "density": 0.2, "year_range": "2010-2024"}}, {"type": "Feature", "geometry": {"type": "Point", "coordinates": [-95.664865, 29.018018]}, "properties": {"crashes": 1, "injury": 1, "fatal": 0, "pedestrian": 0, "bicycle": 1, "density": 0.2, "year_range": "2010-2024"}}, {"type": "Feature", "geometry": {"type": "Point", "coordinates": [-98.544144, 29.574775]}, "properties": {"crashes": 1, "injury": 0, "fatal": 0, "pedestrian": 0, "bicycle": 1, "density": 0.2, "year_range": "2010-2024"}}, {"type": "Feature", "geometry": {"type": "Point", "coordinates": [-96.099099, 29.320721]}, "properties": {"crashes": 1, "injury": 1, "fatal": 0, "pedestrian": 0, "bicycle": 1, "density": 0.2, "year_range": "2010-2024"}}, {"type": "Feature", "geometry": {"type": "Point", "coordinates": [-97.45045, 25.92973]}, "properties": {"crashes": 1, "injury": 1, "fatal": 1, "pedestrian": 0, "bicycle": 1, "density": 0.2, "year_range": "2010-2024"}}, {"type": "Feature", "geometry": {"type": "Point", "coordinates": [-101.884685, 33.52973]}, "properties": {"crashes": 1, "injury": 0, "fatal": 0, "pedestrian": 0, "bicycle": 1, "density": 0.2, "year_range": "2010-2024"}}, {"type": "Feature", "geometry": {"type": "Point", "coordinates": [-98.627027, 29.502703]}, "properties": {"crashes": 1, "injury": 1, "fatal": 0, "pedestrian": 0, "bicycle": 1, "density": 0.2, "year_range": "2010-2024"}}, {"type": "Feature", "geometry": {"type": "Point", "coordinates": [-97.221622, 27.596396]}, "properties": {"crashes": 1, "injury": 1, "fatal": 0, "pedestrian": 0, "bicycle": 1, "density": 0.2, "year_range": "2010-2024"}}, {"type": "Feature", "geometry": {"type": "Point", "coordinates": [-95.643243, 29.72973]}, "properties": {"crashes": 1, "injury": 1, "fatal": 0, "pedestrian": 0, "bicycle": 1, "density": 0.2, "year_range": "2010-2024"}}, {"type": "Feature", "geometry": {"type": "Point", "coordinates": [-99.49009, 27.506306]}, "properties": {"crashes": 1, "injury": 1, "fatal": 0, "pedestrian": 0, "bicycle": 1, "density": 0.2, "year_range": "2010-2024"}}, {"type": "Feature", "geometry": {"type": "Point", "coordinates": [-96.821622, 32.536937]}, "properties": {"crashes": 1, "injury": 0, "fatal": 0, "pedestrian": 0, "bicycle": 1, "density": 0.2, "year_range": "2010-2024"}}, {"type": "Feature", "geometry": {"type": "Point", "coordinates": [-95.52973, 29.736937]}, "properties": {"crashes": 1, "injury": 1, "fatal": 0, "pedestrian": 0, "bicycle": 1, "density": 0.2, "year_range": "2010-2024"}}, {"type": "Feature", "geometry": {"type": "Point", "coordinates": [-99.504505, 27.518919]}, "properties": {"crashes": 1, "injury": 1, "fatal": 0, "pedestrian": 0, "bicycle": 1, "density": 0.2, "year_range": "2010-2024"}}, {"type": "Feature", "geometry": {"type": "Point", "coordinates": [-95.403604, 30.322523]}, "properties": {"crashes": 1, "injury": 1, "fatal": 0, "pedestrian": 0, "bicycle": 1, "density": 0.2, "year_range": "2010-2024"}}, {"type": "Feature", "geometry": {"type": "Point", "coordinates": [-95.376577, 29.697297]}, "properties": {"crashes": 2, "injury": 2, "fatal": 0, "pedestrian": 0, "bicycle": 2, "density": 0.5, "year_range": "2010-2024"}}, {"type": "Feature", "geometry": {"type": "Point", "coordinates": [-98.686486, 29.436036]}, "properties": {"crashes": 1, "injury": 1, "fatal": 0, "pedestrian": 0, "bicycle": 1, "density": 0.2, "year_range": "2010-2024"}}, {"type": "Feature", "geometry": {"type": "Point", "coordinates": [-96.663063, 32.875676]}, "properties": {"crashes": 1, "injury": 1, "fatal": 0, "pedestrian": 0, "bicycle": 1, "density": 0.2, "year_range": "2010-2024"}}, {"type": "Feature", "geometry": {"type": "Point", "coordinates": [-94.965766, 29.987387]}, "properties": {"crashes": 1, "injury": 0, "fatal": 0, "pedestrian": 0, "bicycle": 1, "density": 0.2, "year_range": "2010-2024"}}, {"type": "Feature", "geometry": {"type": "Point", "coordinates": [-106.488288, 31.76036]}, "properties": {"crashes": 1, "injury": 1, "fatal": 0, "pedestrian": 0, "bicycle": 1, "density": 0.2, "year_range": "2010-2024"}}, {"type": "Feature", "geometry": {"type": "Point", "coordinates": [-95.189189, 29.508108]}, "properties": {"crashes": 1, "injury": 1, "fatal": 0, "pedestrian": 0, "bicycle": 1, "density": 0.2, "year_range": "2010-2024"}}, {"type": "Feature", "geometry": {"type": "Point", "coordinates": [-96.745946, 32.765766]}, "properties": {"crashes": 1, "injury": 1, "fatal": 0, "pedestrian": 0, "bicycle": 1, "density": 0.2, "year_range": "2010-2024"}}, {"type": "Feature", "geometry": {"type": "Point", "coordinates": [-98.410811, 29.536937]}, "properties": {"crashes": 1, "injury": 1, "fatal": 0, "pedestrian": 0, "bicycle": 1, "density": 0.2, "year_range": "2010-2024"}}, {"type": "Feature", "geometry": {"type": "Point", "coordinates": [-94.052252, 33.448649]}, "properties": {"crashes": 1, "injury": 1, "fatal": 0, "pedestrian": 0, "bicycle": 1, "density": 0.2, "year_range": "2010-2024"}}, {"type": "Feature", "geometry": {"type": "Point", "coordinates": [-97.924324, 30.192793]}, "properties": {"crashes": 1, "injury": 1, "fatal": 0, "pedestrian": 0, "bicycle": 1, "density": 0.2, "year_range": "2010-2024"}}, {"type": "Feature", "geometry": {"type": "Point", "coordinates": [-97.389189, 27.717117]}, "properties": {"crashes": 1, "injury": 1, "fatal": 0, "pedestrian": 0, "bicycle": 1, "density": 0.2, "year_range": "2010-2024"}}, {"type": "Feature", "geometry": {"type": "Point", "coordinates": [-95.172973, 29.520721]}, "properties": {"crashes": 1, "injury": 1, "fatal": 0, "pedestrian": 0, "bicycle": 1, "density": 0.2, "year_range": "2010-2024"}}, {"type": "Feature", "geometry": {"type": "Point", "coordinates": [-95.47027, 32.515315]}, "properties": {"crashes": 1, "injury": 1, "fatal": 0, "pedestrian": 0, "bicycle": 1, "density": 0.2, "year_range": "2010-2024"}}, {"type": "Feature", "geometry": {"type": "Point", "coordinates": [-95.212613, 29.771171]}, "properties": {"crashes": 1, "injury": 1, "fatal": 0, "pedestrian": 0, "bicycle": 1, "density": 0.2, "year_range": "2010-2024"}}, {"type": "Feature", "geometry": {"type": "Point", "coordinates": [-98.47027, 29.437838]}, "properties": {"crashes": 1, "injury": 1, "fatal": 0, "pedestrian": 0, "bicycle": 1, "density": 0.2, "year_range": "2010-2024"}}, {"type": "Feature", "geometry": {"type": "Point", "coordinates": [-106.443243, 31.772973]}, "properties": {"crashes": 1, "injury": 1, "fatal": 0, "pedestrian": 0, "bicycle": 1, "density": 0.2, "year_range": "2010-2024"}}, {"type": "Feature", "geometry": {"type": "Point", "coordinates": [-95.527928, 29.736937]}, "properties": {"crashes": 1, "injury": 1, "fatal": 0, "pedestrian": 0, "bicycle": 1, "density": 0.2, "year_range": "2010-2024"}}, {"type": "Feature", "geometry": {"type": "Point", "coordinates": [-98.272072, 30.592793]}, "properties": {"crashes": 1, "injury": 1, "fatal": 0, "pedestrian": 0, "bicycle": 1, "density": 0.2, "year_range": "2010-2024"}}, {"type": "Feature", "geometry": {"type": "Point", "coordinates": [-98.372973, 29.578378]}, "properties": {"crashes": 2, "injury": 2, "fatal": 0, "pedestrian": 0, "bicycle": 2, "density": 0.5, "year_range": "2010-2024"}}, {"type": "Feature", "geometry": {"type": "Point", "coordinates": [-98.466667, 30.711712]}, "properties": {"crashes": 1, "injury": 1, "fatal": 0, "pedestrian": 0, "bicycle": 1, "density": 0.2, "year_range": "2010-2024"}}, {"type": "Feature", "geometry": {"type": "Point", "coordinates": [-97.441441, 25.98018]}, "properties": {"crashes": 1, "injury": 1, "fatal": 0, "pedestrian": 0, "bicycle": 1, "density": 0.2, "year_range": "2010-2024"}}, {"type": "Feature", "geometry": {"type": "Point", "coordinates": [-95.300901, 30.241441]}, "properties": {"crashes": 1, "injury": 1, "fatal": 0, "pedestrian": 0, "bicycle": 1, "density": 0.2, "year_range": "2010-2024"}}, {"type": "Feature", "geometry": {"type": "Point", "coordinates": [-98.192793, 26.313514]}, "properties": {"crashes": 1, "injury": 1, "fatal": 0, "pedestrian": 0, "bicycle": 1, "density": 0.2, "year_range": "2010-2024"}}, {"type": "Feature", "geometry": {"type": "Point", "coordinates": [-97.171171, 32.76036]}, "properties": {"crashes": 1, "injury": 1, "fatal": 0, "pedestrian": 0, "bicycle": 1, "density": 0.2, "year_range": "2010-2024"}}, {"type": "Feature", "geometry": {"type": "Point", "coordinates": [-99.504505, 27.50991]}, "properties": {"crashes": 1, "injury": 0, "fatal": 0, "pedestrian": 0, "bicycle": 1, "density": 0.2, "year_range": "2010-2024"}}, {"type": "Feature", "geometry": {"type": "Point", "coordinates": [-97.407207, 32.340541]}, "properties": {"crashes": 1, "injury": 1, "fatal": 1, "pedestrian": 0, "bicycle": 1, "density": 0.2, "year_range": "2010-2024"}}, {"type": "Feature", "geometry": {"type": "Point", "coordinates": [-94.010811, 30.120721]}, "properties": {"crashes": 1, "injury": 1, "fatal": 0, "pedestrian": 0, "bicycle": 1, "density": 0.2, "year_range": "2010-2024"}}, {"type": "Feature", "geometry": {"type": "Point", "coordinates": [-95.873874, 29.524324]}, "properties": {"crashes": 1, "injury": 1, "fatal": 1, "pedestrian": 0, "bicycle": 1, "density": 0.2, "year_range": "2010-2024"}}, {"type": "Feature", "geometry": {"type": "Point", "coordinates": [-97.185586, 32.879279]}, "properties": {"crashes": 3, "injury": 2, "fatal": 0, "pedestrian": 0, "bicycle": 3, "density": 0.8, "year_range": "2010-2024"}}, {"type": "Feature", "geometry": {"type": "Point", "coordinates": [-98.153153, 26.189189]}, "properties": {"crashes": 1, "injury": 1, "fatal": 0, "pedestrian": 0, "bicycle": 1, "density": 0.2, "year_range": "2010-2024"}}, {"type": "Feature", "geometry": {"type": "Point", "coordinates": [-97.427027, 32.803604]}, "properties": {"crashes": 1, "injury": 1, "fatal": 0, "pedestrian": 0, "bicycle": 1, "density": 0.2, "year_range": "2010-2024"}}, {"type": "Feature", "geometry": {"type": "Point", "coordinates": [-97.32973, 32.754955]}, "properties": {"crashes": 1, "injury": 0, "fatal": 0, "pedestrian": 0, "bicycle": 1, "density": 0.2, "year_range": "2010-2024"}}, {"type": "Feature", "geometry": {"type": "Point", "coordinates": [-97.320721, 32.661261]}, "properties": {"crashes": 1, "injury": 1, "fatal": 0, "pedestrian": 0, "bicycle": 1, "density": 0.2, "year_range": "2010-2024"}}, {"type": "Feature", "geometry": {"type": "Point", "coordinates": [-97.324324, 32.794595]}, "properties": {"crashes": 1, "injury": 1, "fatal": 0, "pedestrian": 0, "bicycle": 1, "density": 0.2, "year_range": "2010-2024"}}, {"type": "Feature", "geometry": {"type": "Point", "coordinates": [-97.300901, 32.772973]}, "properties": {"crashes": 1, "injury": 0, "fatal": 0, "pedestrian": 0, "bicycle": 1, "density": 0.2, "year_range": "2010-2024"}}, {"type": "Feature", "geometry": {"type": "Point", "coordinates": [-97.318919, 32.571171]}, "properties": {"crashes": 1, "injury": 0, "fatal": 0, "pedestrian": 0, "bicycle": 1, "density": 0.2, "year_range": "2010-2024"}}, {"type": "Feature", "geometry": {"type": "Point", "coordinates": [-98.899099, 30.299099]}, "properties": {"crashes": 1, "injury": 1, "fatal": 0, "pedestrian": 0, "bicycle": 1, "density": 0.2, "year_range": "2010-2024"}}, {"type": "Feature", "geometry": {"type": "Point", "coordinates": [-95.118919, 29.383784]}, "properties": {"crashes": 1, "injury": 1, "fatal": 0, "pedestrian": 0, "bicycle": 1, "density": 0.2, "year_range": "2010-2024"}}, {"type": "Feature", "geometry": {"type": "Point", "coordinates": [-97.69009, 30.533333]}, "properties": {"crashes": 2, "injury": 2, "fatal": 0, "pedestrian": 0, "bicycle": 2, "density": 0.5, "year_range": "2010-2024"}}, {"type": "Feature", "geometry": {"type": "Point", "coordinates": [-96.693694, 32.823423]}, "properties": {"crashes": 1, "injury": 1, "fatal": 0, "pedestrian": 0, "bicycle": 1, "density": 0.2, "year_range": "2010-2024"}}, {"type": "Feature", "geometry": {"type": "Point", "coordinates": [-97.151351, 32.810811]}, "properties": {"crashes": 1, "injury": 1, "fatal": 0, "pedestrian": 0, "bicycle": 1, "density": 0.2, "year_range": "2010-2024"}}, {"type": "Feature", "geometry": {"type": "Point", "coordinates": [-96.338739, 30.605405]}, "properties": {"crashes": 3, "injury": 2, "fatal": 0, "pedestrian": 0, "bicycle": 3, "density": 0.8, "year_range": "2010-2024"}}, {"type": "Feature", "geometry": {"type": "Point", "coordinates": [-95.315315, 29.893694]}, "properties": {"crashes": 1, "injury": 1, "fatal": 0, "pedestrian": 0, "bicycle": 1, "density": 0.2, "year_range": "2010-2024"}}, {"type": "Feature", "geometry": {"type": "Point", "coordinates": [-97.785586, 30.228829]}, "properties": {"crashes": 1, "injury": 1, "fatal": 0, "pedestrian": 0, "bicycle": 1, "density": 0.2, "year_range": "2010-2024"}}, {"type": "Feature", "geometry": {"type": "Point", "coordinates": [-97.706306, 26.190991]}, "properties": {"crashes": 1, "injury": 0, "fatal": 0, "pedestrian": 0, "bicycle": 1, "density": 0.2, "year_range": "2010-2024"}}, {"type": "Feature", "geometry": {"type": "Point", "coordinates": [-96.318919, 30.614414]}, "properties": {"crashes": 5, "injury": 5, "fatal": 0, "pedestrian": 0, "bicycle": 5, "density": 1.2, "year_range": "2010-2024"}}, {"type": "Feature", "geometry": {"type": "Point", "coordinates": [-97.196396, 32.727928]}, "properties": {"crashes": 1, "injury": 1, "fatal": 0, "pedestrian": 0, "bicycle": 1, "density": 0.2, "year_range": "2010-2024"}}, {"type": "Feature", "geometry": {"type": "Point", "coordinates": [-97.735135, 26.185586]}, "properties": {"crashes": 1, "injury": 1, "fatal": 0, "pedestrian": 0, "bicycle": 1, "density": 0.2, "year_range": "2010-2024"}}, {"type": "Feature", "geometry": {"type": "Point", "coordinates": [-95.291892, 29.695495]}, "properties": {"crashes": 2, "injury": 2, "fatal": 0, "pedestrian": 0, "bicycle": 2, "density": 0.5, "year_range": "2010-2024"}}, {"type": "Feature", "geometry": {"type": "Point", "coordinates": [-97.027027, 33.041441]}, "properties": {"crashes": 1, "injury": 1, "fatal": 0, "pedestrian": 0, "bicycle": 1, "density": 0.2, "year_range": "2010-2024"}}, {"type": "Feature", "geometry": {"type": "Point", "coordinates": [-96.547748, 29.706306]}, "properties": {"crashes": 1, "injury": 0, "fatal": 0, "pedestrian": 0, "bicycle": 1, "density": 0.2, "year_range": "2010-2024"}}, {"type": "Feature", "geometry": {"type": "Point", "coordinates": [-98.488288, 29.533333]}, "properties": {"crashes": 1, "injury": 0, "fatal": 0, "pedestrian": 0, "bicycle": 1, "density": 0.2, "year_range": "2010-2024"}}, {"type": "Feature", "geometry": {"type": "Point", "coordinates": [-95.668468, 29.879279]}, "properties": {"crashes": 1, "injury": 1, "fatal": 0, "pedestrian": 0, "bicycle": 1, "density": 0.2, "year_range": "2010-2024"}}, {"type": "Feature", "geometry": {"type": "Point", "coordinates": [-97.686486, 30.236036]}, "properties": {"crashes": 1, "injury": 1, "fatal": 0, "pedestrian": 0, "bicycle": 1, "density": 0.2, "year_range": "2010-2024"}}, {"type": "Feature", "geometry": {"type": "Point", "coordinates": [-93.936937, 29.904505]}, "properties": {"crashes": 2, "injury": 2, "fatal": 0, "pedestrian": 0, "bicycle": 2, "density": 0.5, "year_range": "2010-2024"}}, {"type": "Feature", "geometry": {"type": "Point", "coordinates": [-95.809009, 29.538739]}, "properties": {"crashes": 2, "injury": 2, "fatal": 0, "pedestrian": 0, "bicycle": 2, "density": 0.5, "year_range": "2010-2024"}}, {"type": "Feature", "geometry": {"type": "Point", "coordinates": [-97.369369, 27.708108]}, "properties": {"crashes": 1, "injury": 1, "fatal": 0, "pedestrian": 0, "bicycle": 1, "density": 0.2, "year_range": "2010-2024"}}, {"type": "Feature", "geometry": {"type": "Point", "coordinates": [-97.322523, 27.684685]}, "properties": {"crashes": 1, "injury": 0, "fatal": 0, "pedestrian": 0, "bicycle": 1, "density": 0.2, "year_range": "2010-2024"}}, {"type": "Feature", "geometry": {"type": "Point", "coordinates": [-97.367568, 31.073874]}, "properties": {"crashes": 1, "injury": 1, "fatal": 0, "pedestrian": 0, "bicycle": 1, "density": 0.2, "year_range": "2010-2024"}}, {"type": "Feature", "geometry": {"type": "Point", "coordinates": [-96.682883, 32.713514]}, "properties": {"crashes": 2, "injury": 2, "fatal": 0, "pedestrian": 0, "bicycle": 2, "density": 0.5, "year_range": "2010-2024"}}, {"type": "Feature", "geometry": {"type": "Point", "coordinates": [-95.828829, 32.209009]}, "properties": {"crashes": 1, "injury": 1, "fatal": 0, "pedestrian": 0, "bicycle": 1, "density": 0.2, "year_range": "2010-2024"}}, {"type": "Feature", "geometry": {"type": "Point", "coordinates": [-98.432432, 29.412613]}, "properties": {"crashes": 1, "injury": 1, "fatal": 0, "pedestrian": 0, "bicycle": 1, "density": 0.2, "year_range": "2010-2024"}}, {"type": "Feature", "geometry": {"type": "Point", "coordinates": [-97.284685, 32.742342]}, "properties": {"crashes": 1, "injury": 1, "fatal": 0, "pedestrian": 0, "bicycle": 1, "density": 0.2, "year_range": "2010-2024"}}, {"type": "Feature", "geometry": {"type": "Point", "coordinates": [-95.034234, 29.52973]}, "properties": {"crashes": 3, "injury": 3, "fatal": 0, "pedestrian": 0, "bicycle": 3, "density": 0.8, "year_range": "2010-2024"}}, {"type": "Feature", "geometry": {"type": "Point", "coordinates": [-97.70991, 26.190991]}, "properties": {"crashes": 1, "injury": 1, "fatal": 0, "pedestrian": 0, "bicycle": 1, "density": 0.2, "year_range": "2010-2024"}}, {"type": "Feature", "geometry": {"type": "Point", "coordinates": [-95.590991, 30.012613]}, "properties": {"crashes": 2, "injury": 2, "fatal": 0, "pedestrian": 0, "bicycle": 2, "density": 0.5, "year_range": "2010-2024"}}, {"type": "Feature", "geometry": {"type": "Point", "coordinates": [-97.94955, 32.691892]}, "properties": {"crashes": 1, "injury": 1, "fatal": 0, "pedestrian": 0, "bicycle": 1, "density": 0.2, "year_range": "2010-2024"}}, {"type": "Feature", "geometry": {"type": "Point", "coordinates": [-95.753153, 29.32973]}, "properties": {"crashes": 1, "injury": 1, "fatal": 1, "pedestrian": 0, "bicycle": 1, "density": 0.2, "year_range": "2010-2024"}}, {"type": "Feature", "geometry": {"type": "Point", "coordinates": [-99.502703, 27.544144]}, "properties": {"crashes": 3, "injury": 2, "fatal": 0, "pedestrian": 0, "bicycle": 3, "density": 0.8, "year_range": "2010-2024"}}, {"type": "Feature", "geometry": {"type": "Point", "coordinates": [-95.299099, 29.751351]}, "properties": {"crashes": 1, "injury": 1, "fatal": 1, "pedestrian": 0, "bicycle": 1, "density": 0.2, "year_range": "2010-2024"}}, {"type": "Feature", "geometry": {"type": "Point", "coordinates": [-97.830631, 30.522523]}, "properties": {"crashes": 1, "injury": 1, "fatal": 0, "pedestrian": 0, "bicycle": 1, "density": 0.2, "year_range": "2010-2024"}}, {"type": "Feature", "geometry": {"type": "Point", "coordinates": [-97.10991, 31.594595]}, "properties": {"crashes": 1, "injury": 1, "fatal": 0, "pedestrian": 0, "bicycle": 1, "density": 0.2, "year_range": "2010-2024"}}, {"type": "Feature", "geometry": {"type": "Point", "coordinates": [-100.475676, 28.713514]}, "properties": {"crashes": 1, "injury": 1, "fatal": 0, "pedestrian": 0, "bicycle": 1, "density": 0.2, "year_range": "2010-2024"}}, {"type": "Feature", "geometry": {"type": "Point", "coordinates": [-106.486486, 31.754955]}, "properties": {"crashes": 2, "injury": 1, "fatal": 0, "pedestrian": 0, "bicycle": 2, "density": 0.5, "year_range": "2010-2024"}}, {"type": "Feature", "geometry": {"type": "Point", "coordinates": [-98.872072, 30.266667]}, "properties": {"crashes": 1, "injury": 1, "fatal": 0, "pedestrian": 0, "bicycle": 1, "density": 0.2, "year_range": "2010-2024"}}, {"type": "Feature", "geometry": {"type": "Point", "coordinates": [-97.682883, 30.612613]}, "properties": {"crashes": 1, "injury": 1, "fatal": 0, "pedestrian": 0, "bicycle": 1, "density": 0.2, "year_range": "2010-2024"}}, {"type": "Feature", "geometry": {"type": "Point", "coordinates": [-96.908108, 32.488288]}, "properties": {"crashes": 1, "injury": 1, "fatal": 0, "pedestrian": 0, "bicycle": 1, "density": 0.2, "year_range": "2010-2024"}}, {"type": "Feature", "geometry": {"type": "Point", "coordinates": [-95.354955, 29.67027]}, "properties": {"crashes": 1, "injury": 1, "fatal": 0, "pedestrian": 0, "bicycle": 1, "density": 0.2, "year_range": "2010-2024"}}, {"type": "Feature", "geometry": {"type": "Point", "coordinates": [-96.345946, 30.637838]}, "properties": {"crashes": 1, "injury": 1, "fatal": 0, "pedestrian": 0, "bicycle": 1, "density": 0.2, "year_range": "2010-2024"}}, {"type": "Feature", "geometry": {"type": "Point", "coordinates": [-95.504505, 29.927928]}, "properties": {"crashes": 1, "injury": 1, "fatal": 0, "pedestrian": 0, "bicycle": 1, "density": 0.2, "year_range": "2010-2024"}}, {"type": "Feature", "geometry": {"type": "Point", "coordinates": [-94.771171, 31.331532]}, "properties": {"crashes": 1, "injury": 1, "fatal": 0, "pedestrian": 0, "bicycle": 1, "density": 0.2, "year_range": "2010-2024"}}, {"type": "Feature", "geometry": {"type": "Point", "coordinates": [-95.598198, 29.736937]}, "properties": {"crashes": 1, "injury": 1, "fatal": 0, "pedestrian": 0, "bicycle": 1, "density": 0.2, "year_range": "2010-2024"}}, {"type": "Feature", "geometry": {"type": "Point", "coordinates": [-100.900901, 29.365766]}, "properties": {"crashes": 1, "injury": 0, "fatal": 0, "pedestrian": 0, "bicycle": 1, "density": 0.2, "year_range": "2010-2024"}}, {"type": "Feature", "geometry": {"type": "Point", "coordinates": [-97.122523, 32.700901]}, "properties": {"crashes": 1, "injury": 1, "fatal": 0, "pedestrian": 0, "bicycle": 1, "density": 0.2, "year_range": "2010-2024"}}, {"type": "Feature", "geometry": {"type": "Point", "coordinates": [-98.403604, 29.448649]}, "properties": {"crashes": 1, "injury": 0, "fatal": 0, "pedestrian": 0, "bicycle": 1, "density": 0.2, "year_range": "2010-2024"}}, {"type": "Feature", "geometry": {"type": "Point", "coordinates": [-95.311712, 29.724324]}, "properties": {"crashes": 1, "injury": 1, "fatal": 0, "pedestrian": 0, "bicycle": 1, "density": 0.2, "year_range": "2010-2024"}}, {"type": "Feature", "geometry": {"type": "Point", "coordinates": [-96.192793, 33.592793]}, "properties": {"crashes": 2, "injury": 1, "fatal": 0, "pedestrian": 0, "bicycle": 2, "density": 0.5, "year_range": "2010-2024"}}, {"type": "Feature", "geometry": {"type": "Point", "coordinates": [-95.120721, 29.524324]}, "properties": {"crashes": 1, "injury": 1, "fatal": 0, "pedestrian": 0, "bicycle": 1, "density": 0.2, "year_range": "2010-2024"}}, {"type": "Feature", "geometry": {"type": "Point", "coordinates": [-99.49009, 27.52973]}, "properties": {"crashes": 1, "injury": 1, "fatal": 0, "pedestrian": 0, "bicycle": 1, "density": 0.2, "year_range": "2010-2024"}}, {"type": "Feature", "geometry": {"type": "Point", "coordinates": [-99.448649, 27.601802]}, "properties": {"crashes": 1, "injury": 1, "fatal": 0, "pedestrian": 0, "bicycle": 1, "density": 0.2, "year_range": "2010-2024"}}, {"type": "Feature", "geometry": {"type": "Point", "coordinates": [-97.872072, 30.234234]}, "properties": {"crashes": 2, "injury": 2, "fatal": 0, "pedestrian": 0, "bicycle": 2, "density": 0.5, "year_range": "2010-2024"}}, {"type": "Feature", "geometry": {"type": "Point", "coordinates": [-95.684685, 29.879279]}, "properties": {"crashes": 3, "injury": 3, "fatal": 0, "pedestrian": 0, "bicycle": 3, "density": 0.8, "year_range": "2010-2024"}}, {"type": "Feature", "geometry": {"type": "Point", "coordinates": [-97.057658, 28.03964]}, "properties": {"crashes": 1, "injury": 1, "fatal": 0, "pedestrian": 0, "bicycle": 1, "density": 0.2, "year_range": "2010-2024"}}, {"type": "Feature", "geometry": {"type": "Point", "coordinates": [-98.581982, 29.547748]}, "properties": {"crashes": 1, "injury": 1, "fatal": 0, "pedestrian": 0, "bicycle": 1, "density": 0.2, "year_range": "2010-2024"}}, {"type": "Feature", "geometry": {"type": "Point", "coordinates": [-96.318919, 30.616216]}, "properties": {"crashes": 1, "injury": 1, "fatal": 0, "pedestrian": 0, "bicycle": 1, "density": 0.2, "year_range": "2010-2024"}}, {"type": "Feature", "geometry": {"type": "Point", "coordinates": [-98.52973, 33.908108]}, "properties": {"crashes": 1, "injury": 0, "fatal": 0, "pedestrian": 0, "bicycle": 1, "density": 0.2, "year_range": "2010-2024"}}, {"type": "Feature", "geometry": {"type": "Point", "coordinates": [-95.771171, 29.816216]}, "properties": {"crashes": 1, "injury": 1, "fatal": 0, "pedestrian": 0, "bicycle": 1, "density": 0.2, "year_range": "2010-2024"}}, {"type": "Feature", "geometry": {"type": "Point", "coordinates": [-106.326126, 31.688288]}, "properties": {"crashes": 1, "injury": 1, "fatal": 0, "pedestrian": 0, "bicycle": 1, "density": 0.2, "year_range": "2010-2024"}}, {"type": "Feature", "geometry": {"type": "Point", "coordinates": [-106.473874, 31.76036]}, "properties": {"crashes": 1, "injury": 0, "fatal": 0, "pedestrian": 0, "bicycle": 1, "density": 0.2, "year_range": "2010-2024"}}, {"type": "Feature", "geometry": {"type": "Point", "coordinates": [-106.45045, 31.785586]}, "properties": {"crashes": 1, "injury": 1, "fatal": 0, "pedestrian": 0, "bicycle": 1, "density": 0.2, "year_range": "2010-2024"}}, {"type": "Feature", "geometry": {"type": "Point", "coordinates": [-96.338739, 30.630631]}, "properties": {"crashes": 1, "injury": 1, "fatal": 0, "pedestrian": 0, "bicycle": 1, "density": 0.2, "year_range": "2010-2024"}}, {"type": "Feature", "geometry": {"type": "Point", "coordinates": [-93.927928, 29.900901]}, "properties": {"crashes": 1, "injury": 1, "fatal": 0, "pedestrian": 0, "bicycle": 1, "density": 0.2, "year_range": "2010-2024"}}, {"type": "Feature", "geometry": {"type": "Point", "coordinates": [-97.097297, 32.745946]}, "properties": {"crashes": 1, "injury": 1, "fatal": 0, "pedestrian": 0, "bicycle": 1, "density": 0.2, "year_range": "2010-2024"}}, {"type": "Feature", "geometry": {"type": "Point", "coordinates": [-97.681081, 30.409009]}, "properties": {"crashes": 1, "injury": 1, "fatal": 0, "pedestrian": 0, "bicycle": 1, "density": 0.2, "year_range": "2010-2024"}}, {"type": "Feature", "geometry": {"type": "Point", "coordinates": [-97.812613, 30.234234]}, "properties": {"crashes": 1, "injury": 1, "fatal": 0, "pedestrian": 0, "bicycle": 1, "density": 0.2, "year_range": "2010-2024"}}, {"type": "Feature", "geometry": {"type": "Point", "coordinates": [-106.340541, 31.796396]}, "properties": {"crashes": 1, "injury": 1, "fatal": 0, "pedestrian": 0, "bicycle": 1, "density": 0.2, "year_range": "2010-2024"}}, {"type": "Feature", "geometry": {"type": "Point", "coordinates": [-101.888288, 33.578378]}, "properties": {"crashes": 1, "injury": 1, "fatal": 0, "pedestrian": 0, "bicycle": 1, "density": 0.2, "year_range": "2010-2024"}}, {"type": "Feature", "geometry": {"type": "Point", "coordinates": [-97.091892, 33.201802]}, "properties": {"crashes": 1, "injury": 1, "fatal": 0, "pedestrian": 0, "bicycle": 1, "density": 0.2, "year_range": "2010-2024"}}, {"type": "Feature", "geometry": {"type": "Point", "coordinates": [-97.378378, 32.798198]}, "properties": {"crashes": 1, "injury": 1, "fatal": 0, "pedestrian": 0, "bicycle": 1, "density": 0.2, "year_range": "2010-2024"}}, {"type": "Feature", "geometry": {"type": "Point", "coordinates": [-95.810811, 29.562162]}, "properties": {"crashes": 1, "injury": 1, "fatal": 0, "pedestrian": 0, "bicycle": 1, "density": 0.2, "year_range": "2010-2024"}}, {"type": "Feature", "geometry": {"type": "Point", "coordinates": [-95.29009, 29.684685]}, "properties": {"crashes": 3, "injury": 3, "fatal": 1, "pedestrian": 0, "bicycle": 3, "density": 0.8, "year_range": "2010-2024"}}, {"type": "Feature", "geometry": {"type": "Point", "coordinates": [-97.610811, 30.441441]}, "properties": {"crashes": 1, "injury": 1, "fatal": 0, "pedestrian": 0, "bicycle": 1, "density": 0.2, "year_range": "2010-2024"}}, {"type": "Feature", "geometry": {"type": "Point", "coordinates": [-97.711712, 30.320721]}, "properties": {"crashes": 2, "injury": 2, "fatal": 0, "pedestrian": 0, "bicycle": 2, "density": 0.5, "year_range": "2010-2024"}}, {"type": "Feature", "geometry": {"type": "Point", "coordinates": [-95.412613, 29.915315]}, "properties": {"crashes": 2, "injury": 2, "fatal": 0, "pedestrian": 0, "bicycle": 2, "density": 0.5, "year_range": "2010-2024"}}, {"type": "Feature", "geometry": {"type": "Point", "coordinates": [-106.374775, 31.751351]}, "properties": {"crashes": 1, "injury": 1, "fatal": 0, "pedestrian": 0, "bicycle": 1, "density": 0.2, "year_range": "2010-2024"}}, {"type": "Feature", "geometry": {"type": "Point", "coordinates": [-98.342342, 29.252252]}, "properties": {"crashes": 1, "injury": 1, "fatal": 0, "pedestrian": 0, "bicycle": 1, "density": 0.2, "year_range": "2010-2024"}}, {"type": "Feature", "geometry": {"type": "Point", "coordinates": [-96.344144, 30.6]}, "properties": {"crashes": 1, "injury": 1, "fatal": 0, "pedestrian": 0, "bicycle": 1, "density": 0.2, "year_range": "2010-2024"}}, {"type": "Feature", "geometry": {"type": "Point", "coordinates": [-97.781982, 30.266667]}, "properties": {"crashes": 1, "injury": 1, "fatal": 0, "pedestrian": 0, "bicycle": 1, "density": 0.2, "year_range": "2010-2024"}}, {"type": "Feature", "geometry": {"type": "Point", "coordinates": [-95.075676, 29.45045]}, "properties": {"crashes": 1, "injury": 0, "fatal": 0, "pedestrian": 0, "bicycle": 1, "density": 0.2, "year_range": "2010-2024"}}, {"type": "Feature", "geometry": {"type": "Point", "coordinates": [-97.041441, 28.063063]}, "properties": {"crashes": 1, "injury": 1, "fatal": 0, "pedestrian": 0, "bicycle": 1, "density": 0.2, "year_range": "2010-2024"}}, {"type": "Feature", "geometry": {"type": "Point", "coordinates": [-98.082883, 31.171171]}, "properties": {"crashes": 1, "injury": 1, "fatal": 1, "pedestrian": 0, "bicycle": 1, "density": 0.2, "year_range": "2010-2024"}}, {"type": "Feature", "geometry": {"type": "Point", "coordinates": [-106.488288, 31.763964]}, "properties": {"crashes": 1, "injury": 1, "fatal": 0, "pedestrian": 0, "bicycle": 1, "density": 0.2, "year_range": "2010-2024"}}, {"type": "Feature", "geometry": {"type": "Point", "coordinates": [-98.553153, 29.455856]}, "properties": {"crashes": 2, "injury": 2, "fatal": 0, "pedestrian": 0, "bicycle": 2, "density": 0.5, "year_range": "2010-2024"}}, {"type": "Feature", "geometry": {"type": "Point", "coordinates": [-95.140541, 29.56036]}, "properties": {"crashes": 1, "injury": 1, "fatal": 0, "pedestrian": 0, "bicycle": 1, "density": 0.2, "year_range": "2010-2024"}}, {"type": "Feature", "geometry": {"type": "Point", "coordinates": [-97.628829, 26.138739]}, "properties": {"crashes": 1, "injury": 1, "fatal": 0, "pedestrian": 0, "bicycle": 1, "density": 0.2, "year_range": "2010-2024"}}, {"type": "Feature", "geometry": {"type": "Point", "coordinates": [-95.576577, 29.736937]}, "properties": {"crashes": 1, "injury": 1, "fatal": 0, "pedestrian": 0, "bicycle": 1, "density": 0.2, "year_range": "2010-2024"}}, {"type": "Feature", "geometry": {"type": "Point", "coordinates": [-98.425225, 29.515315]}, "properties": {"crashes": 1, "injury": 1, "fatal": 0, "pedestrian": 0, "bicycle": 1, "density": 0.2, "year_range": "2010-2024"}}, {"type": "Feature", "geometry": {"type": "Point", "coordinates": [-97.106306, 32.738739]}, "properties": {"crashes": 1, "injury": 1, "fatal": 0, "pedestrian": 0, "bicycle": 1, "density": 0.2, "year_range": "2010-2024"}}, {"type": "Feature", "geometry": {"type": "Point", "coordinates": [-96.174775, 33.618018]}, "properties": {"crashes": 1, "injury": 1, "fatal": 1, "pedestrian": 0, "bicycle": 1, "density": 0.2, "year_range": "2010-2024"}}, {"type": "Feature", "geometry": {"type": "Point", "coordinates": [-97.951351, 29.6]}, "properties": {"crashes": 1, "injury": 0, "fatal": 0, "pedestrian": 0, "bicycle": 1, "density": 0.2, "year_range": "2010-2024"}}, {"type": "Feature", "geometry": {"type": "Point", "coordinates": [-95.07027, 29.50991]}, "properties": {"crashes": 1, "injury": 1, "fatal": 0, "pedestrian": 0, "bicycle": 1, "density": 0.2, "year_range": "2010-2024"}}, {"type": "Feature", "geometry": {"type": "Point", "coordinates": [-96.628829, 32.913514]}, "properties": {"crashes": 2, "injury": 2, "fatal": 0, "pedestrian": 0, "bicycle": 2, "density": 0.5, "year_range": "2010-2024"}}, {"type": "Feature", "geometry": {"type": "Point", "coordinates": [-97.747748, 30.223423]}, "properties": {"crashes": 3, "injury": 3, "fatal": 0, "pedestrian": 0, "bicycle": 3, "density": 0.8, "year_range": "2010-2024"}}, {"type": "Feature", "geometry": {"type": "Point", "coordinates": [-95.513514, 29.736937]}, "properties": {"crashes": 2, "injury": 2, "fatal": 0, "pedestrian": 0, "bicycle": 2, "density": 0.5, "year_range": "2010-2024"}}, {"type": "Feature", "geometry": {"type": "Point", "coordinates": [-94.745946, 31.261261]}, "properties": {"crashes": 1, "injury": 1, "fatal": 0, "pedestrian": 0, "bicycle": 1, "density": 0.2, "year_range": "2010-2024"}}, {"type": "Feature", "geometry": {"type": "Point", "coordinates": [-95.392793, 29.846847]}, "properties": {"crashes": 1, "injury": 1, "fatal": 0, "pedestrian": 0, "bicycle": 1, "density": 0.2, "year_range": "2010-2024"}}, {"type": "Feature", "geometry": {"type": "Point", "coordinates": [-100.463063, 31.459459]}, "properties": {"crashes": 2, "injury": 1, "fatal": 0, "pedestrian": 0, "bicycle": 2, "density": 0.5, "year_range": "2010-2024"}}, {"type": "Feature", "geometry": {"type": "Point", "coordinates": [-97.947748, 30.479279]}, "properties": {"crashes": 1, "injury": 1, "fatal": 0, "pedestrian": 0, "bicycle": 1, "density": 0.2, "year_range": "2010-2024"}}, {"type": "Feature", "geometry": {"type": "Point", "coordinates": [-106.372973, 31.74955]}, "properties": {"crashes": 1, "injury": 1, "fatal": 0, "pedestrian": 0, "bicycle": 1, "density": 0.2, "year_range": "2010-2024"}}, {"type": "Feature", "geometry": {"type": "Point", "coordinates": [-95.385586, 29.735135]}, "properties": {"crashes": 1, "injury": 1, "fatal": 1, "pedestrian": 0, "bicycle": 1, "density": 0.2, "year_range": "2010-2024"}}, {"type": "Feature", "geometry": {"type": "Point", "coordinates": [-97.783784, 32.758559]}, "properties": {"crashes": 1, "injury": 1, "fatal": 0, "pedestrian": 0, "bicycle": 1, "density": 0.2, "year_range": "2010-2024"}}, {"type": "Feature", "geometry": {"type": "Point", "coordinates": [-98.488288, 33.834234]}, "properties": {"crashes": 1, "injury": 1, "fatal": 0, "pedestrian": 0, "bicycle": 1, "density": 0.2, "year_range": "2010-2024"}}, {"type": "Feature", "geometry": {"type": "Point", "coordinates": [-97.69009, 30.333333]}, "properties": {"crashes": 1, "injury": 1, "fatal": 0, "pedestrian": 0, "bicycle": 1, "density": 0.2, "year_range": "2010-2024"}}, {"type": "Feature", "geometry": {"type": "Point", "coordinates": [-97.704505, 31.104505]}, "properties": {"crashes": 2, "injury": 2, "fatal": 0, "pedestrian": 0, "bicycle": 2, "density": 0.5, "year_range": "2010-2024"}}, {"type": "Feature", "geometry": {"type": "Point", "coordinates": [-98.320721, 29.497297]}, "properties": {"crashes": 1, "injury": 1, "fatal": 0, "pedestrian": 0, "bicycle": 1, "density": 0.2, "year_range": "2010-2024"}}, {"type": "Feature", "geometry": {"type": "Point", "coordinates": [-99.711712, 32.448649]}, "properties": {"crashes": 1, "injury": 1, "fatal": 0, "pedestrian": 0, "bicycle": 1, "density": 0.2, "year_range": "2010-2024"}}, {"type": "Feature", "geometry": {"type": "Point", "coordinates": [-96.983784, 32.837838]}, "properties": {"crashes": 1, "injury": 1, "fatal": 0, "pedestrian": 0, "bicycle": 1, "density": 0.2, "year_range": "2010-2024"}}, {"type": "Feature", "geometry": {"type": "Point", "coordinates": [-94.942342, 29.500901]}, "properties": {"crashes": 1, "injury": 1, "fatal": 1, "pedestrian": 0, "bicycle": 1, "density": 0.2, "year_range": "2010-2024"}}, {"type": "Feature", "geometry": {"type": "Point", "coordinates": [-95.428829, 30.037838]}, "properties": {"crashes": 1, "injury": 1, "fatal": 0, "pedestrian": 0, "bicycle": 1, "density": 0.2, "year_range": "2010-2024"}}, {"type": "Feature", "geometry": {"type": "Point", "coordinates": [-95.610811, 29.594595]}, "properties": {"crashes": 1, "injury": 1, "fatal": 0, "pedestrian": 0, "bicycle": 1, "density": 0.2, "year_range": "2010-2024"}}, {"type": "Feature", "geometry": {"type": "Point", "coordinates": [-98.497297, 29.409009]}, "properties": {"crashes": 2, "injury": 2, "fatal": 0, "pedestrian": 0, "bicycle": 2, "density": 0.5, "year_range": "2010-2024"}}, {"type": "Feature", "geometry": {"type": "Point", "coordinates": [-97.293694, 27.673874]}, "properties": {"crashes": 1, "injury": 1, "fatal": 0, "pedestrian": 0, "bicycle": 1, "density": 0.2, "year_range": "2010-2024"}}, {"type": "Feature", "geometry": {"type": "Point", "coordinates": [-95.418018, 29.72973]}, "properties": {"crashes": 2, "injury": 2, "fatal": 0, "pedestrian": 0, "bicycle": 2, "density": 0.5, "year_range": "2010-2024"}}, {"type": "Feature", "geometry": {"type": "Point", "coordinates": [-96.792793, 32.792793]}, "properties": {"crashes": 1, "injury": 1, "fatal": 0, "pedestrian": 0, "bicycle": 1, "density": 0.2, "year_range": "2010-2024"}}, {"type": "Feature", "geometry": {"type": "Point", "coordinates": [-93.989189, 29.951351]}, "properties": {"crashes": 2, "injury": 2, "fatal": 0, "pedestrian": 0, "bicycle": 2, "density": 0.5, "year_range": "2010-2024"}}, {"type": "Feature", "geometry": {"type": "Point", "coordinates": [-97.500901, 25.904505]}, "properties": {"crashes": 1, "injury": 1, "fatal": 0, "pedestrian": 0, "bicycle": 1, "density": 0.2, "year_range": "2010-2024"}}, {"type": "Feature", "geometry": {"type": "Point", "coordinates": [-97.486486, 25.922523]}, "properties": {"crashes": 1, "injury": 1, "fatal": 0, "pedestrian": 0, "bicycle": 1, "density": 0.2, "year_range": "2010-2024"}}, {"type": "Feature", "geometry": {"type": "Point", "coordinates": [-101.899099, 35.131532]}, "properties": {"crashes": 1, "injury": 1, "fatal": 0, "pedestrian": 0, "bicycle": 1, "density": 0.2, "year_range": "2010-2024"}}, {"type": "Feature", "geometry": {"type": "Point", "coordinates": [-101.855856, 33.576577]}, "properties": {"crashes": 1, "injury": 1, "fatal": 0, "pedestrian": 0, "bicycle": 1, "density": 0.2, "year_range": "2010-2024"}}, {"type": "Feature", "geometry": {"type": "Point", "coordinates": [-96.805405, 32.641441]}, "properties": {"crashes": 1, "injury": 1, "fatal": 0, "pedestrian": 0, "bicycle": 1, "density": 0.2, "year_range": "2010-2024"}}, {"type": "Feature", "geometry": {"type": "Point", "coordinates": [-94.135135, 30.068468]}, "properties": {"crashes": 3, "injury": 2, "fatal": 0, "pedestrian": 0, "bicycle": 3, "density": 0.8, "year_range": "2010-2024"}}, {"type": "Feature", "geometry": {"type": "Point", "coordinates": [-98.234234, 29.711712]}, "properties": {"crashes": 1, "injury": 1, "fatal": 0, "pedestrian": 0, "bicycle": 1, "density": 0.2, "year_range": "2010-2024"}}, {"type": "Feature", "geometry": {"type": "Point", "coordinates": [-98.65045, 29.418018]}, "properties": {"crashes": 2, "injury": 2, "fatal": 0, "pedestrian": 0, "bicycle": 2, "density": 0.5, "year_range": "2010-2024"}}, {"type": "Feature", "geometry": {"type": "Point", "coordinates": [-106.268468, 31.776577]}, "properties": {"crashes": 1, "injury": 1, "fatal": 0, "pedestrian": 0, "bicycle": 1, "density": 0.2, "year_range": "2010-2024"}}, {"type": "Feature", "geometry": {"type": "Point", "coordinates": [-96.369369, 30.677477]}, "properties": {"crashes": 1, "injury": 0, "fatal": 0, "pedestrian": 0, "bicycle": 1, "density": 0.2, "year_range": "2010-2024"}}, {"type": "Feature", "geometry": {"type": "Point", "coordinates": [-98.113514, 32.805405]}, "properties": {"crashes": 2, "injury": 2, "fatal": 0, "pedestrian": 0, "bicycle": 2, "density": 0.5, "year_range": "2010-2024"}}, {"type": "Feature", "geometry": {"type": "Point", "coordinates": [-95.064865, 29.500901]}, "properties": {"crashes": 1, "injury": 1, "fatal": 0, "pedestrian": 0, "bicycle": 1, "density": 0.2, "year_range": "2010-2024"}}, {"type": "Feature", "geometry": {"type": "Point", "coordinates": [-93.904505, 30.055856]}, "properties": {"crashes": 1, "injury": 1, "fatal": 0, "pedestrian": 0, "bicycle": 1, "density": 0.2, "year_range": "2010-2024"}}, {"type": "Feature", "geometry": {"type": "Point", "coordinates": [-98.147748, 26.299099]}, "properties": {"crashes": 2, "injury": 2, "fatal": 0, "pedestrian": 0, "bicycle": 2, "density": 0.5, "year_range": "2010-2024"}}, {"type": "Feature", "geometry": {"type": "Point", "coordinates": [-94.2, 30.066667]}, "properties": {"crashes": 1, "injury": 1, "fatal": 0, "pedestrian": 0, "bicycle": 1, "density": 0.2, "year_range": "2010-2024"}}, {"type": "Feature", "geometry": {"type": "Point", "coordinates": [-99.468468, 27.517117]}, "properties": {"crashes": 1, "injury": 1, "fatal": 0, "pedestrian": 0, "bicycle": 1, "density": 0.2, "year_range": "2010-2024"}}, {"type": "Feature", "geometry": {"type": "Point", "coordinates": [-97.410811, 27.787387]}, "properties": {"crashes": 2, "injury": 1, "fatal": 0, "pedestrian": 0, "bicycle": 2, "density": 0.5, "year_range": "2010-2024"}}, {"type": "Feature", "geometry": {"type": "Point", "coordinates": [-98.340541, 26.320721]}, "properties": {"crashes": 1, "injury": 1, "fatal": 0, "pedestrian": 0, "bicycle": 1, "density": 0.2, "year_range": "2010-2024"}}, {"type": "Feature", "geometry": {"type": "Point", "coordinates": [-93.695495, 30.738739]}, "properties": {"crashes": 1, "injury": 1, "fatal": 0, "pedestrian": 0, "bicycle": 1, "density": 0.2, "year_range": "2010-2024"}}, {"type": "Feature", "geometry": {"type": "Point", "coordinates": [-98.536937, 29.401802]}, "properties": {"crashes": 3, "injury": 3, "fatal": 0, "pedestrian": 0, "bicycle": 3, "density": 0.8, "year_range": "2010-2024"}}, {"type": "Feature", "geometry": {"type": "Point", "coordinates": [-97.005405, 32.49009]}, "properties": {"crashes": 1, "injury": 1, "fatal": 0, "pedestrian": 0, "bicycle": 1, "density": 0.2, "year_range": "2010-2024"}}, {"type": "Feature", "geometry": {"type": "Point", "coordinates": [-95.502703, 29.52973]}, "properties": {"crashes": 1, "injury": 1, "fatal": 0, "pedestrian": 0, "bicycle": 1, "density": 0.2, "year_range": "2010-2024"}}, {"type": "Feature", "geometry": {"type": "Point", "coordinates": [-97.046847, 33.12973]}, "properties": {"crashes": 1, "injury": 0, "fatal": 0, "pedestrian": 0, "bicycle": 1, "density": 0.2, "year_range": "2010-2024"}}, {"type": "Feature", "geometry": {"type": "Point", "coordinates": [-97.344144, 31.095495]}, "properties": {"crashes": 1, "injury": 1, "fatal": 0, "pedestrian": 0, "bicycle": 1, "density": 0.2, "year_range": "2010-2024"}}, {"type": "Feature", "geometry": {"type": "Point", "coordinates": [-95.416216, 29.691892]}, "properties": {"crashes": 1, "injury": 1, "fatal": 0, "pedestrian": 0, "bicycle": 1, "density": 0.2, "year_range": "2010-2024"}}, {"type": "Feature", "geometry": {"type": "Point", "coordinates": [-99.792793, 29.228829]}, "properties": {"crashes": 1, "injury": 0, "fatal": 0, "pedestrian": 0, "bicycle": 1, "density": 0.2, "year_range": "2010-2024"}}, {"type": "Feature", "geometry": {"type": "Point", "coordinates": [-97.138739, 33.198198]}, "properties": {"crashes": 2, "injury": 2, "fatal": 0, "pedestrian": 0, "bicycle": 2, "density": 0.5, "year_range": "2010-2024"}}, {"type": "Feature", "geometry": {"type": "Point", "coordinates": [-97.009009, 28.136937]}, "properties": {"crashes": 1, "injury": 1, "fatal": 0, "pedestrian": 0, "bicycle": 1, "density": 0.2, "year_range": "2010-2024"}}, {"type": "Feature", "geometry": {"type": "Point", "coordinates": [-96.574775, 32.771171]}, "properties": {"crashes": 1, "injury": 1, "fatal": 0, "pedestrian": 0, "bicycle": 1, "density": 0.2, "year_range": "2010-2024"}}, {"type": "Feature", "geometry": {"type": "Point", "coordinates": [-97.390991, 27.718919]}, "properties": {"crashes": 1, "injury": 1, "fatal": 0, "pedestrian": 0, "bicycle": 1, "density": 0.2, "year_range": "2010-2024"}}, {"type": "Feature", "geometry": {"type": "Point", "coordinates": [-95.034234, 30.362162]}, "properties": {"crashes": 1, "injury": 1, "fatal": 0, "pedestrian": 0, "bicycle": 1, "density": 0.2, "year_range": "2010-2024"}}, {"type": "Feature", "geometry": {"type": "Point", "coordinates": [-95.43964, 29.679279]}, "properties": {"crashes": 1, "injury": 1, "fatal": 0, "pedestrian": 0, "bicycle": 1, "density": 0.2, "year_range": "2010-2024"}}, {"type": "Feature", "geometry": {"type": "Point", "coordinates": [-97.351351, 32.765766]}, "properties": {"crashes": 1, "injury": 1, "fatal": 1, "pedestrian": 0, "bicycle": 1, "density": 0.2, "year_range": "2010-2024"}}, {"type": "Feature", "geometry": {"type": "Point", "coordinates": [-101.87027, 33.630631]}, "properties": {"crashes": 2, "injury": 2, "fatal": 0, "pedestrian": 0, "bicycle": 2, "density": 0.5, "year_range": "2010-2024"}}, {"type": "Feature", "geometry": {"type": "Point", "coordinates": [-96.554955, 33.769369]}, "properties": {"crashes": 1, "injury": 1, "fatal": 0, "pedestrian": 0, "bicycle": 1, "density": 0.2, "year_range": "2010-2024"}}, {"type": "Feature", "geometry": {"type": "Point", "coordinates": [-95.452252, 30.207207]}, "properties": {"crashes": 1, "injury": 1, "fatal": 0, "pedestrian": 0, "bicycle": 1, "density": 0.2, "year_range": "2010-2024"}}, {"type": "Feature", "geometry": {"type": "Point", "coordinates": [-97.98018, 29.846847]}, "properties": {"crashes": 1, "injury": 1, "fatal": 0, "pedestrian": 0, "bicycle": 1, "density": 0.2, "year_range": "2010-2024"}}, {"type": "Feature", "geometry": {"type": "Point", "coordinates": [-94.830631, 29.29009]}, "properties": {"crashes": 2, "injury": 1, "fatal": 0, "pedestrian": 0, "bicycle": 2, "density": 0.5, "year_range": "2010-2024"}}, {"type": "Feature", "geometry": {"type": "Point", "coordinates": [-98.151351, 26.212613]}, "properties": {"crashes": 1, "injury": 1, "fatal": 1, "pedestrian": 0, "bicycle": 1, "density": 0.2, "year_range": "2010-2024"}}, {"type": "Feature", "geometry": {"type": "Point", "coordinates": [-97.320721, 32.625225]}, "properties": {"crashes": 1, "injury": 1, "fatal": 0, "pedestrian": 0, "bicycle": 1, "density": 0.2, "year_range": "2010-2024"}}, {"type": "Feature", "geometry": {"type": "Point", "coordinates": [-98.118919, 29.688288]}, "properties": {"crashes": 2, "injury": 2, "fatal": 0, "pedestrian": 0, "bicycle": 2, "density": 0.5, "year_range": "2010-2024"}}, {"type": "Feature", "geometry": {"type": "Point", "coordinates": [-97.371171, 31.064865]}, "properties": {"crashes": 2, "injury": 2, "fatal": 0, "pedestrian": 0, "bicycle": 2, "density": 0.5, "year_range": "2010-2024"}}, {"type": "Feature", "geometry": {"type": "Point", "coordinates": [-93.769369, 30.091892]}, "properties": {"crashes": 1, "injury": 1, "fatal": 0, "pedestrian": 0, "bicycle": 1, "density": 0.2, "year_range": "2010-2024"}}, {"type": "Feature", "geometry": {"type": "Point", "coordinates": [-95.176577, 29.998198]}, "properties": {"crashes": 1, "injury": 1, "fatal": 0, "pedestrian": 0, "bicycle": 1, "density": 0.2, "year_range": "2010-2024"}}, {"type": "Feature", "geometry": {"type": "Point", "coordinates": [-97.645045, 29.691892]}, "properties": {"crashes": 1, "injury": 1, "fatal": 0, "pedestrian": 0, "bicycle": 1, "density": 0.2, "year_range": "2010-2024"}}, {"type": "Feature", "geometry": {"type": "Point", "coordinates": [-95.03964, 29.527928]}, "properties": {"crashes": 1, "injury": 1, "fatal": 0, "pedestrian": 0, "bicycle": 1, "density": 0.2, "year_range": "2010-2024"}}, {"type": "Feature", "geometry": {"type": "Point", "coordinates": [-97.459459, 31.068468]}, "properties": {"crashes": 1, "injury": 1, "fatal": 0, "pedestrian": 0, "bicycle": 1, "density": 0.2, "year_range": "2010-2024"}}, {"type": "Feature", "geometry": {"type": "Point", "coordinates": [-97.407207, 25.933333]}, "properties": {"crashes": 1, "injury": 1, "fatal": 0, "pedestrian": 0, "bicycle": 1, "density": 0.2, "year_range": "2010-2024"}}, {"type": "Feature", "geometry": {"type": "Point", "coordinates": [-95.596396, 29.736937]}, "properties": {"crashes": 1, "injury": 1, "fatal": 0, "pedestrian": 0, "bicycle": 1, "density": 0.2, "year_range": "2010-2024"}}, {"type": "Feature", "geometry": {"type": "Point", "coordinates": [-99.335135, 31.147748]}, "properties": {"crashes": 1, "injury": 1, "fatal": 0, "pedestrian": 0, "bicycle": 1, "density": 0.2, "year_range": "2010-2024"}}, {"type": "Feature", "geometry": {"type": "Point", "coordinates": [-95.724324, 29.785586]}, "properties": {"crashes": 1, "injury": 0, "fatal": 0, "pedestrian": 0, "bicycle": 1, "density": 0.2, "year_range": "2010-2024"}}, {"type": "Feature", "geometry": {"type": "Point", "coordinates": [-97.981982, 29.578378]}, "properties": {"crashes": 1, "injury": 1, "fatal": 0, "pedestrian": 0, "bicycle": 1, "density": 0.2, "year_range": "2010-2024"}}, {"type": "Feature", "geometry": {"type": "Point", "coordinates": [-97.708108, 26.190991]}, "properties": {"crashes": 2, "injury": 2, "fatal": 1, "pedestrian": 0, "bicycle": 2, "density": 0.5, "year_range": "2010-2024"}}, {"type": "Feature", "geometry": {"type": "Point", "coordinates": [-97.331532, 32.754955]}, "properties": {"crashes": 1, "injury": 0, "fatal": 0, "pedestrian": 0, "bicycle": 1, "density": 0.2, "year_range": "2010-2024"}}, {"type": "Feature", "geometry": {"type": "Point", "coordinates": [-99.504505, 27.52973]}, "properties": {"crashes": 2, "injury": 2, "fatal": 0, "pedestrian": 0, "bicycle": 2, "density": 0.5, "year_range": "2010-2024"}}, {"type": "Feature", "geometry": {"type": "Point", "coordinates": [-97.383784, 32.457658]}, "properties": {"crashes": 1, "injury": 1, "fatal": 0, "pedestrian": 0, "bicycle": 1, "density": 0.2, "year_range": "2010-2024"}}, {"type": "Feature", "geometry": {"type": "Point", "coordinates": [-97.277477, 32.682883]}, "properties": {"crashes": 1, "injury": 1, "fatal": 0, "pedestrian": 0, "bicycle": 1, "density": 0.2, "year_range": "2010-2024"}}, {"type": "Feature", "geometry": {"type": "Point", "coordinates": [-98.223423, 26.23964]}, "properties": {"crashes": 1, "injury": 1, "fatal": 0, "pedestrian": 0, "bicycle": 1, "density": 0.2, "year_range": "2010-2024"}}, {"type": "Feature", "geometry": {"type": "Point", "coordinates": [-98.598198, 29.590991]}, "properties": {"crashes": 1, "injury": 1, "fatal": 0, "pedestrian": 0, "bicycle": 1, "density": 0.2, "year_range": "2010-2024"}}, {"type": "Feature", "geometry": {"type": "Point", "coordinates": [-97.434234, 31.209009]}, "properties": {"crashes": 1, "injury": 1, "fatal": 0, "pedestrian": 0, "bicycle": 1, "density": 0.2, "year_range": "2010-2024"}}, {"type": "Feature", "geometry": {"type": "Point", "coordinates": [-94.652252, 31.616216]}, "properties": {"crashes": 1, "injury": 0, "fatal": 0, "pedestrian": 0, "bicycle": 1, "density": 0.2, "year_range": "2010-2024"}}, {"type": "Feature", "geometry": {"type": "Point", "coordinates": [-98.533333, 29.374775]}, "properties": {"crashes": 1, "injury": 1, "fatal": 0, "pedestrian": 0, "bicycle": 1, "density": 0.2, "year_range": "2010-2024"}}, {"type": "Feature", "geometry": {"type": "Point", "coordinates": [-97.436036, 25.938739]}, "properties": {"crashes": 1, "injury": 1, "fatal": 0, "pedestrian": 0, "bicycle": 1, "density": 0.2, "year_range": "2010-2024"}}, {"type": "Feature", "geometry": {"type": "Point", "coordinates": [-95.518919, 29.58018]}, "properties": {"crashes": 2, "injury": 2, "fatal": 0, "pedestrian": 0, "bicycle": 2, "density": 0.5, "year_range": "2010-2024"}}, {"type": "Feature", "geometry": {"type": "Point", "coordinates": [-96.668468, 32.803604]}, "properties": {"crashes": 1, "injury": 1, "fatal": 0, "pedestrian": 0, "bicycle": 1, "density": 0.2, "year_range": "2010-2024"}}, {"type": "Feature", "geometry": {"type": "Point", "coordinates": [-94.715315, 31.347748]}, "properties": {"crashes": 1, "injury": 0, "fatal": 0, "pedestrian": 0, "bicycle": 1, "density": 0.2, "year_range": "2010-2024"}}, {"type": "Feature", "geometry": {"type": "Point", "coordinates": [-95.354955, 29.630631]}, "properties": {"crashes": 1, "injury": 1, "fatal": 0, "pedestrian": 0, "bicycle": 1, "density": 0.2, "year_range": "2010-2024"}}, {"type": "Feature", "geometry": {"type": "Point", "coordinates": [-97.675676, 26.176577]}, "properties": {"crashes": 1, "injury": 1, "fatal": 0, "pedestrian": 0, "bicycle": 1, "density": 0.2, "year_range": "2010-2024"}}, {"type": "Feature", "geometry": {"type": "Point", "coordinates": [-97.097297, 32.751351]}, "properties": {"crashes": 1, "injury": 1, "fatal": 0, "pedestrian": 0, "bicycle": 1, "density": 0.2, "year_range": "2010-2024"}}, {"type": "Feature", "geometry": {"type": "Point", "coordinates": [-95.387387, 30.021622]}, "properties": {"crashes": 2, "injury": 1, "fatal": 0, "pedestrian": 0, "bicycle": 2, "density": 0.5, "year_range": "2010-2024"}}, {"type": "Feature", "geometry": {"type": "Point", "coordinates": [-97.904505, 31.124324]}, "properties": {"crashes": 1, "injury": 1, "fatal": 0, "pedestrian": 0, "bicycle": 1, "density": 0.2, "year_range": "2010-2024"}}, {"type": "Feature", "geometry": {"type": "Point", "coordinates": [-95.554955, 29.554955]}, "properties": {"crashes": 1, "injury": 1, "fatal": 0, "pedestrian": 0, "bicycle": 1, "density": 0.2, "year_range": "2010-2024"}}, {"type": "Feature", "geometry": {"type": "Point", "coordinates": [-96.96036, 33.0]}, "properties": {"crashes": 1, "injury": 0, "fatal": 0, "pedestrian": 0, "bicycle": 1, "density": 0.2, "year_range": "2010-2024"}}, {"type": "Feature", "geometry": {"type": "Point", "coordinates": [-99.783784, 32.421622]}, "properties": {"crashes": 1, "injury": 1, "fatal": 0, "pedestrian": 0, "bicycle": 1, "density": 0.2, "year_range": "2010-2024"}}, {"type": "Feature", "geometry": {"type": "Point", "coordinates": [-95.418018, 32.646847]}, "properties": {"crashes": 1, "injury": 1, "fatal": 0, "pedestrian": 0, "bicycle": 1, "density": 0.2, "year_range": "2010-2024"}}, {"type": "Feature", "geometry": {"type": "Point", "coordinates": [-97.068468, 27.828829]}, "properties": {"crashes": 1, "injury": 1, "fatal": 0, "pedestrian": 0, "bicycle": 1, "density": 0.2, "year_range": "2010-2024"}}, {"type": "Feature", "geometry": {"type": "Point", "coordinates": [-97.409009, 27.726126]}, "properties": {"crashes": 1, "injury": 1, "fatal": 0, "pedestrian": 0, "bicycle": 1, "density": 0.2, "year_range": "2010-2024"}}, {"type": "Feature", "geometry": {"type": "Point", "coordinates": [-94.70991, 31.369369]}, "properties": {"crashes": 1, "injury": 1, "fatal": 0, "pedestrian": 0, "bicycle": 1, "density": 0.2, "year_range": "2010-2024"}}, {"type": "Feature", "geometry": {"type": "Point", "coordinates": [-96.790991, 32.783784]}, "properties": {"crashes": 1, "injury": 1, "fatal": 0, "pedestrian": 0, "bicycle": 1, "density": 0.2, "year_range": "2010-2024"}}, {"type": "Feature", "geometry": {"type": "Point", "coordinates": [-96.477477, 32.084685]}, "properties": {"crashes": 1, "injury": 0, "fatal": 0, "pedestrian": 0, "bicycle": 1, "density": 0.2, "year_range": "2010-2024"}}, {"type": "Feature", "geometry": {"type": "Point", "coordinates": [-95.398198, 29.034234]}, "properties": {"crashes": 1, "injury": 1, "fatal": 0, "pedestrian": 0, "bicycle": 1, "density": 0.2, "year_range": "2010-2024"}}, {"type": "Feature", "geometry": {"type": "Point", "coordinates": [-97.830631, 30.163964]}, "properties": {"crashes": 1, "injury": 1, "fatal": 0, "pedestrian": 0, "bicycle": 1, "density": 0.2, "year_range": "2010-2024"}}, {"type": "Feature", "geometry": {"type": "Point", "coordinates": [-97.484685, 25.974775]}, "properties": {"crashes": 1, "injury": 1, "fatal": 0, "pedestrian": 0, "bicycle": 1, "density": 0.2, "year_range": "2010-2024"}}, {"type": "Feature", "geometry": {"type": "Point", "coordinates": [-98.282883, 26.227027]}, "properties": {"crashes": 1, "injury": 0, "fatal": 0, "pedestrian": 0, "bicycle": 1, "density": 0.2, "year_range": "2010-2024"}}, {"type": "Feature", "geometry": {"type": "Point", "coordinates": [-95.333333, 29.855856]}, "properties": {"crashes": 1, "injury": 1, "fatal": 0, "pedestrian": 0, "bicycle": 1, "density": 0.2, "year_range": "2010-2024"}}, {"type": "Feature", "geometry": {"type": "Point", "coordinates": [-95.715315, 29.785586]}, "properties": {"crashes": 1, "injury": 1, "fatal": 0, "pedestrian": 0, "bicycle": 1, "density": 0.2, "year_range": "2010-2024"}}, {"type": "Feature", "geometry": {"type": "Point", "coordinates": [-106.446847, 31.767568]}, "properties": {"crashes": 1, "injury": 1, "fatal": 0, "pedestrian": 0, "bicycle": 1, "density": 0.2, "year_range": "2010-2024"}}, {"type": "Feature", "geometry": {"type": "Point", "coordinates": [-95.075676, 29.942342]}, "properties": {"crashes": 1, "injury": 1, "fatal": 0, "pedestrian": 0, "bicycle": 1, "density": 0.2, "year_range": "2010-2024"}}, {"type": "Feature", "geometry": {"type": "Point", "coordinates": [-99.771171, 32.45045]}, "properties": {"crashes": 1, "injury": 1, "fatal": 0, "pedestrian": 0, "bicycle": 1, "density": 0.2, "year_range": "2010-2024"}}, {"type": "Feature", "geometry": {"type": "Point", "coordinates": [-95.812613, 29.628829]}, "properties": {"crashes": 1, "injury": 1, "fatal": 0, "pedestrian": 0, "bicycle": 1, "density": 0.2, "year_range": "2010-2024"}}, {"type": "Feature", "geometry": {"type": "Point", "coordinates": [-99.504505, 27.526126]}, "properties": {"crashes": 1, "injury": 1, "fatal": 0, "pedestrian": 0, "bicycle": 1, "density": 0.2, "year_range": "2010-2024"}}, {"type": "Feature", "geometry": {"type": "Point", "coordinates": [-96.884685, 32.855856]}, "properties": {"crashes": 1, "injury": 1, "fatal": 0, "pedestrian": 0, "bicycle": 1, "density": 0.2, "year_range": "2010-2024"}}, {"type": "Feature", "geometry": {"type": "Point", "coordinates": [-95.032432, 30.502703]}, "properties": {"crashes": 1, "injury": 1, "fatal": 0, "pedestrian": 0, "bicycle": 1, "density": 0.2, "year_range": "2010-2024"}}, {"type": "Feature", "geometry": {"type": "Point", "coordinates": [-97.700901, 30.277477]}, "properties": {"crashes": 2, "injury": 2, "fatal": 0, "pedestrian": 0, "bicycle": 2, "density": 0.5, "year_range": "2010-2024"}}, {"type": "Feature", "geometry": {"type": "Point", "coordinates": [-97.187387, 31.531532]}, "properties": {"crashes": 1, "injury": 1, "fatal": 0, "pedestrian": 0, "bicycle": 1, "density": 0.2, "year_range": "2010-2024"}}, {"type": "Feature", "geometry": {"type": "Point", "coordinates": [-96.682883, 32.744144]}, "properties": {"crashes": 1, "injury": 1, "fatal": 0, "pedestrian": 0, "bicycle": 1, "density": 0.2, "year_range": "2010-2024"}}, {"type": "Feature", "geometry": {"type": "Point", "coordinates": [-98.275676, 30.571171]}, "properties": {"crashes": 1, "injury": 0, "fatal": 0, "pedestrian": 0, "bicycle": 1, "density": 0.2, "year_range": "2010-2024"}}, {"type": "Feature", "geometry": {"type": "Point", "coordinates": [-98.607207, 29.61982]}, "properties": {"crashes": 1, "injury": 1, "fatal": 0, "pedestrian": 0, "bicycle": 1, "density": 0.2, "year_range": "2010-2024"}}, {"type": "Feature", "geometry": {"type": "Point", "coordinates": [-98.481081, 29.354955]}, "properties": {"crashes": 2, "injury": 2, "fatal": 0, "pedestrian": 0, "bicycle": 2, "density": 0.5, "year_range": "2010-2024"}}, {"type": "Feature", "geometry": {"type": "Point", "coordinates": [-96.733333, 33.189189]}, "properties": {"crashes": 1, "injury": 0, "fatal": 0, "pedestrian": 0, "bicycle": 1, "density": 0.2, "year_range": "2010-2024"}}, {"type": "Feature", "geometry": {"type": "Point", "coordinates": [-97.484685, 25.981982]}, "properties": {"crashes": 1, "injury": 1, "fatal": 0, "pedestrian": 0, "bicycle": 1, "density": 0.2, "year_range": "2010-2024"}}, {"type": "Feature", "geometry": {"type": "Point", "coordinates": [-96.785586, 32.675676]}, "properties": {"crashes": 1, "injury": 1, "fatal": 0, "pedestrian": 0, "bicycle": 1, "density": 0.2, "year_range": "2010-2024"}}, {"type": "Feature", "geometry": {"type": "Point", "coordinates": [-106.497297, 31.769369]}, "properties": {"crashes": 1, "injury": 0, "fatal": 0, "pedestrian": 0, "bicycle": 1, "density": 0.2, "year_range": "2010-2024"}}, {"type": "Feature", "geometry": {"type": "Point", "coordinates": [-95.392793, 29.697297]}, "properties": {"crashes": 1, "injury": 1, "fatal": 0, "pedestrian": 0, "bicycle": 1, "density": 0.2, "year_range": "2010-2024"}}, {"type": "Feature", "geometry": {"type": "Point", "coordinates": [-106.445045, 31.832432]}, "properties": {"crashes": 1, "injury": 1, "fatal": 0, "pedestrian": 0, "bicycle": 1, "density": 0.2, "year_range": "2010-2024"}}, {"type": "Feature", "geometry": {"type": "Point", "coordinates": [-95.268468, 29.675676]}, "properties": {"crashes": 2, "injury": 2, "fatal": 1, "pedestrian": 0, "bicycle": 2, "density": 0.5, "year_range": "2010-2024"}}, {"type": "Feature", "geometry": {"type": "Point", "coordinates": [-98.805405, 29.547748]}, "properties": {"crashes": 1, "injury": 1, "fatal": 1, "pedestrian": 0, "bicycle": 1, "density": 0.2, "year_range": "2010-2024"}}, {"type": "Feature", "geometry": {"type": "Point", "coordinates": [-95.412613, 29.691892]}, "properties": {"crashes": 3, "injury": 2, "fatal": 0, "pedestrian": 0, "bicycle": 3, "density": 0.8, "year_range": "2010-2024"}}, {"type": "Feature", "geometry": {"type": "Point", "coordinates": [-98.518919, 29.641441]}, "properties": {"crashes": 1, "injury": 1, "fatal": 0, "pedestrian": 0, "bicycle": 1, "density": 0.2, "year_range": "2010-2024"}}, {"type": "Feature", "geometry": {"type": "Point", "coordinates": [-95.569369, 30.086486]}, "properties": {"crashes": 1, "injury": 1, "fatal": 0, "pedestrian": 0, "bicycle": 1, "density": 0.2, "year_range": "2010-2024"}}, {"type": "Feature", "geometry": {"type": "Point", "coordinates": [-97.684685, 26.190991]}, "properties": {"crashes": 1, "injury": 1, "fatal": 0, "pedestrian": 0, "bicycle": 1, "density": 0.2, "year_range": "2010-2024"}}, {"type": "Feature", "geometry": {"type": "Point", "coordinates": [-95.500901, 29.736937]}, "properties": {"crashes": 1, "injury": 1, "fatal": 0, "pedestrian": 0, "bicycle": 1, "density": 0.2, "year_range": "2010-2024"}}, {"type": "Feature", "geometry": {"type": "Point", "coordinates": [-97.358559, 31.07027]}, "properties": {"crashes": 1, "injury": 1, "fatal": 0, "pedestrian": 0, "bicycle": 1, "density": 0.2, "year_range": "2010-2024"}}, {"type": "Feature", "geometry": {"type": "Point", "coordinates": [-98.466667, 29.461261]}, "properties": {"crashes": 3, "injury": 3, "fatal": 0, "pedestrian": 0, "bicycle": 3, "density": 0.8, "year_range": "2010-2024"}}, {"type": "Feature", "geometry": {"type": "Point", "coordinates": [-97.733333, 30.272072]}, "properties": {"crashes": 1, "injury": 1, "fatal": 0, "pedestrian": 0, "bicycle": 1, "density": 0.2, "year_range": "2010-2024"}}, {"type": "Feature", "geometry": {"type": "Point", "coordinates": [-95.354955, 29.668468]}, "properties": {"crashes": 2, "injury": 2, "fatal": 0, "pedestrian": 0, "bicycle": 2, "density": 0.5, "year_range": "2010-2024"}}, {"type": "Feature", "geometry": {"type": "Point", "coordinates": [-97.90991, 31.111712]}, "properties": {"crashes": 1, "injury": 1, "fatal": 0, "pedestrian": 0, "bicycle": 1, "density": 0.2, "year_range": "2010-2024"}}, {"type": "Feature", "geometry": {"type": "Point", "coordinates": [-94.771171, 29.306306]}, "properties": {"crashes": 1, "injury": 1, "fatal": 0, "pedestrian": 0, "bicycle": 1, "density": 0.2, "year_range": "2010-2024"}}, {"type": "Feature", "geometry": {"type": "Point", "coordinates": [-99.726126, 32.455856]}, "properties": {"crashes": 1, "injury": 1, "fatal": 0, "pedestrian": 0, "bicycle": 1, "density": 0.2, "year_range": "2010-2024"}}, {"type": "Feature", "geometry": {"type": "Point", "coordinates": [-98.49009, 29.356757]}, "properties": {"crashes": 3, "injury": 2, "fatal": 0, "pedestrian": 0, "bicycle": 3, "density": 0.8, "year_range": "2010-2024"}}, {"type": "Feature", "geometry": {"type": "Point", "coordinates": [-95.636036, 30.09009]}, "properties": {"crashes": 2, "injury": 2, "fatal": 0, "pedestrian": 0, "bicycle": 2, "density": 0.5, "year_range": "2010-2024"}}, {"type": "Feature", "geometry": {"type": "Point", "coordinates": [-96.718919, 32.818018]}, "properties": {"crashes": 1, "injury": 1, "fatal": 0, "pedestrian": 0, "bicycle": 1, "density": 0.2, "year_range": "2010-2024"}}, {"type": "Feature", "geometry": {"type": "Point", "coordinates": [-98.527928, 29.381982]}, "properties": {"crashes": 3, "injury": 3, "fatal": 0, "pedestrian": 0, "bicycle": 3, "density": 0.8, "year_range": "2010-2024"}}, {"type": "Feature", "geometry": {"type": "Point", "coordinates": [-101.899099, 33.578378]}, "properties": {"crashes": 1, "injury": 0, "fatal": 0, "pedestrian": 0, "bicycle": 1, "density": 0.2, "year_range": "2010-2024"}}, {"type": "Feature", "geometry": {"type": "Point", "coordinates": [-97.963964, 29.864865]}, "properties": {"crashes": 2, "injury": 2, "fatal": 0, "pedestrian": 0, "bicycle": 2, "density": 0.5, "year_range": "2010-2024"}}, {"type": "Feature", "geometry": {"type": "Point", "coordinates": [-96.704505, 32.832432]}, "properties": {"crashes": 1, "injury": 1, "fatal": 0, "pedestrian": 0, "bicycle": 1, "density": 0.2, "year_range": "2010-2024"}}, {"type": "Feature", "geometry": {"type": "Point", "coordinates": [-98.196396, 26.25045]}, "properties": {"crashes": 1, "injury": 1, "fatal": 0, "pedestrian": 0, "bicycle": 1, "density": 0.2, "year_range": "2010-2024"}}, {"type": "Feature", "geometry": {"type": "Point", "coordinates": [-101.857658, 33.578378]}, "properties": {"crashes": 1, "injury": 1, "fatal": 0, "pedestrian": 0, "bicycle": 1, "density": 0.2, "year_range": "2010-2024"}}, {"type": "Feature", "geometry": {"type": "Point", "coordinates": [-97.446847, 27.796396]}, "properties": {"crashes": 1, "injury": 0, "fatal": 0, "pedestrian": 0, "bicycle": 1, "density": 0.2, "year_range": "2010-2024"}}, {"type": "Feature", "geometry": {"type": "Point", "coordinates": [-106.506306, 31.785586]}, "properties": {"crashes": 1, "injury": 1, "fatal": 0, "pedestrian": 0, "bicycle": 1, "density": 0.2, "year_range": "2010-2024"}}, {"type": "Feature", "geometry": {"type": "Point", "coordinates": [-95.336937, 32.304505]}, "properties": {"crashes": 1, "injury": 1, "fatal": 0, "pedestrian": 0, "bicycle": 1, "density": 0.2, "year_range": "2010-2024"}}, {"type": "Feature", "geometry": {"type": "Point", "coordinates": [-94.798198, 29.299099]}, "properties": {"crashes": 3, "injury": 2, "fatal": 0, "pedestrian": 0, "bicycle": 3, "density": 0.8, "year_range": "2010-2024"}}, {"type": "Feature", "geometry": {"type": "Point", "coordinates": [-98.088288, 32.809009]}, "properties": {"crashes": 1, "injury": 1, "fatal": 0, "pedestrian": 0, "bicycle": 1, "density": 0.2, "year_range": "2010-2024"}}, {"type": "Feature", "geometry": {"type": "Point", "coordinates": [-95.351351, 29.571171]}, "properties": {"crashes": 2, "injury": 2, "fatal": 0, "pedestrian": 0, "bicycle": 2, "density": 0.5, "year_range": "2010-2024"}}, {"type": "Feature", "geometry": {"type": "Point", "coordinates": [-99.809009, 32.414414]}, "properties": {"crashes": 1, "injury": 1, "fatal": 0, "pedestrian": 0, "bicycle": 1, "density": 0.2, "year_range": "2010-2024"}}, {"type": "Feature", "geometry": {"type": "Point", "coordinates": [-94.776577, 29.304505]}, "properties": {"crashes": 1, "injury": 1, "fatal": 0, "pedestrian": 0, "bicycle": 1, "density": 0.2, "year_range": "2010-2024"}}, {"type": "Feature", "geometry": {"type": "Point", "coordinates": [-97.315315, 27.884685]}, "properties": {"crashes": 1, "injury": 1, "fatal": 0, "pedestrian": 0, "bicycle": 1, "density": 0.2, "year_range": "2010-2024"}}, {"type": "Feature", "geometry": {"type": "Point", "coordinates": [-95.077477, 29.448649]}, "properties": {"crashes": 2, "injury": 2, "fatal": 0, "pedestrian": 0, "bicycle": 2, "density": 0.5, "year_range": "2010-2024"}}, {"type": "Feature", "geometry": {"type": "Point", "coordinates": [-98.403604, 26.210811]}, "properties": {"crashes": 1, "injury": 1, "fatal": 0, "pedestrian": 0, "bicycle": 1, "density": 0.2, "year_range": "2010-2024"}}, {"type": "Feature", "geometry": {"type": "Point", "coordinates": [-96.371171, 32.983784]}, "properties": {"crashes": 1, "injury": 1, "fatal": 0, "pedestrian": 0, "bicycle": 1, "density": 0.2, "year_range": "2010-2024"}}, {"type": "Feature", "geometry": {"type": "Point", "coordinates": [-101.848649, 35.176577]}, "properties": {"crashes": 2, "injury": 1, "fatal": 0, "pedestrian": 0, "bicycle": 2, "density": 0.5, "year_range": "2010-2024"}}, {"type": "Feature", "geometry": {"type": "Point", "coordinates": [-95.425225, 29.677477]}, "properties": {"crashes": 1, "injury": 0, "fatal": 0, "pedestrian": 0, "bicycle": 1, "density": 0.2, "year_range": "2010-2024"}}, {"type": "Feature", "geometry": {"type": "Point", "coordinates": [-95.992793, 30.072072]}, "properties": {"crashes": 1, "injury": 1, "fatal": 1, "pedestrian": 0, "bicycle": 1, "density": 0.2, "year_range": "2010-2024"}}, {"type": "Feature", "geometry": {"type": "Point", "coordinates": [-98.699099, 29.506306]}, "properties": {"crashes": 2, "injury": 2, "fatal": 0, "pedestrian": 0, "bicycle": 2, "density": 0.5, "year_range": "2010-2024"}}, {"type": "Feature", "geometry": {"type": "Point", "coordinates": [-97.854054, 30.401802]}, "properties": {"crashes": 1, "injury": 1, "fatal": 0, "pedestrian": 0, "bicycle": 1, "density": 0.2, "year_range": "2010-2024"}}, {"type": "Feature", "geometry": {"type": "Point", "coordinates": [-101.398198, 35.657658]}, "properties": {"crashes": 1, "injury": 1, "fatal": 0, "pedestrian": 0, "bicycle": 1, "density": 0.2, "year_range": "2010-2024"}}, {"type": "Feature", "geometry": {"type": "Point", "coordinates": [-98.520721, 29.518919]}, "properties": {"crashes": 1, "injury": 1, "fatal": 0, "pedestrian": 0, "bicycle": 1, "density": 0.2, "year_range": "2010-2024"}}, {"type": "Feature", "geometry": {"type": "Point", "coordinates": [-94.933333, 29.383784]}, "properties": {"crashes": 1, "injury": 1, "fatal": 0, "pedestrian": 0, "bicycle": 1, "density": 0.2, "year_range": "2010-2024"}}, {"type": "Feature", "geometry": {"type": "Point", "coordinates": [-97.401802, 32.733333]}, "properties": {"crashes": 1, "injury": 1, "fatal": 0, "pedestrian": 0, "bicycle": 1, "density": 0.2, "year_range": "2010-2024"}}, {"type": "Feature", "geometry": {"type": "Point", "coordinates": [-94.767568, 30.082883]}, "properties": {"crashes": 1, "injury": 0, "fatal": 0, "pedestrian": 0, "bicycle": 1, "density": 0.2, "year_range": "2010-2024"}}, {"type": "Feature", "geometry": {"type": "Point", "coordinates": [-95.243243, 29.428829]}, "properties": {"crashes": 1, "injury": 1, "fatal": 0, "pedestrian": 0, "bicycle": 1, "density": 0.2, "year_range": "2010-2024"}}, {"type": "Feature", "geometry": {"type": "Point", "coordinates": [-95.585586, 30.198198]}, "properties": {"crashes": 2, "injury": 2, "fatal": 0, "pedestrian": 0, "bicycle": 2, "density": 0.5, "year_range": "2010-2024"}}, {"type": "Feature", "geometry": {"type": "Point", "coordinates": [-97.511712, 25.926126]}, "properties": {"crashes": 4, "injury": 4, "fatal": 0, "pedestrian": 0, "bicycle": 4, "density": 1.0, "year_range": "2010-2024"}}, {"type": "Feature", "geometry": {"type": "Point", "coordinates": [-97.363964, 27.704505]}, "properties": {"crashes": 1, "injury": 1, "fatal": 0, "pedestrian": 0, "bicycle": 1, "density": 0.2, "year_range": "2010-2024"}}, {"type": "Feature", "geometry": {"type": "Point", "coordinates": [-97.688288, 30.356757]}, "properties": {"crashes": 1, "injury": 1, "fatal": 0, "pedestrian": 0, "bicycle": 1, "density": 0.2, "year_range": "2010-2024"}}, {"type": "Feature", "geometry": {"type": "Point", "coordinates": [-97.990991, 26.172973]}, "properties": {"crashes": 1, "injury": 1, "fatal": 0, "pedestrian": 0, "bicycle": 1, "density": 0.2, "year_range": "2010-2024"}}, {"type": "Feature", "geometry": {"type": "Point", "coordinates": [-97.735135, 30.266667]}, "properties": {"crashes": 2, "injury": 2, "fatal": 0, "pedestrian": 0, "bicycle": 2, "density": 0.5, "year_range": "2010-2024"}}, {"type": "Feature", "geometry": {"type": "Point", "coordinates": [-97.756757, 30.266667]}, "properties": {"crashes": 5, "injury": 4, "fatal": 0, "pedestrian": 0, "bicycle": 5, "density": 1.2, "year_range": "2010-2024"}}, {"type": "Feature", "geometry": {"type": "Point", "coordinates": [-95.081081, 29.369369]}, "properties": {"crashes": 1, "injury": 1, "fatal": 0, "pedestrian": 0, "bicycle": 1, "density": 0.2, "year_range": "2010-2024"}}, {"type": "Feature", "geometry": {"type": "Point", "coordinates": [-95.756757, 29.369369]}, "properties": {"crashes": 1, "injury": 1, "fatal": 0, "pedestrian": 0, "bicycle": 1, "density": 0.2, "year_range": "2010-2024"}}, {"type": "Feature", "geometry": {"type": "Point", "coordinates": [-98.506306, 29.52973]}, "properties": {"crashes": 1, "injury": 1, "fatal": 0, "pedestrian": 0, "bicycle": 1, "density": 0.2, "year_range": "2010-2024"}}, {"type": "Feature", "geometry": {"type": "Point", "coordinates": [-98.513514, 33.855856]}, "properties": {"crashes": 1, "injury": 1, "fatal": 0, "pedestrian": 0, "bicycle": 1, "density": 0.2, "year_range": "2010-2024"}}, {"type": "Feature", "geometry": {"type": "Point", "coordinates": [-98.715315, 29.499099]}, "properties": {"crashes": 2, "injury": 2, "fatal": 0, "pedestrian": 0, "bicycle": 2, "density": 0.5, "year_range": "2010-2024"}}, {"type": "Feature", "geometry": {"type": "Point", "coordinates": [-97.830631, 30.446847]}, "properties": {"crashes": 1, "injury": 1, "fatal": 0, "pedestrian": 0, "bicycle": 1, "density": 0.2, "year_range": "2010-2024"}}, {"type": "Feature", "geometry": {"type": "Point", "coordinates": [-98.243243, 26.313514]}, "properties": {"crashes": 1, "injury": 1, "fatal": 0, "pedestrian": 0, "bicycle": 1, "density": 0.2, "year_range": "2010-2024"}}, {"type": "Feature", "geometry": {"type": "Point", "coordinates": [-93.837838, 30.030631]}, "properties": {"crashes": 1, "injury": 1, "fatal": 0, "pedestrian": 0, "bicycle": 1, "density": 0.2, "year_range": "2010-2024"}}, {"type": "Feature", "geometry": {"type": "Point", "coordinates": [-96.367568, 30.634234]}, "properties": {"crashes": 2, "injury": 2, "fatal": 0, "pedestrian": 0, "bicycle": 2, "density": 0.5, "year_range": "2010-2024"}}, {"type": "Feature", "geometry": {"type": "Point", "coordinates": [-97.367568, 30.911712]}, "properties": {"crashes": 1, "injury": 1, "fatal": 1, "pedestrian": 0, "bicycle": 1, "density": 0.2, "year_range": "2010-2024"}}, {"type": "Feature", "geometry": {"type": "Point", "coordinates": [-98.585586, 33.084685]}, "properties": {"crashes": 1, "injury": 1, "fatal": 0, "pedestrian": 0, "bicycle": 1, "density": 0.2, "year_range": "2010-2024"}}, {"type": "Feature", "geometry": {"type": "Point", "coordinates": [-98.49009, 29.394595]}, "properties": {"crashes": 4, "injury": 4, "fatal": 0, "pedestrian": 0, "bicycle": 4, "density": 1.0, "year_range": "2010-2024"}}, {"type": "Feature", "geometry": {"type": "Point", "coordinates": [-98.556757, 34.032432]}, "properties": {"crashes": 1, "injury": 1, "fatal": 0, "pedestrian": 0, "bicycle": 1, "density": 0.2, "year_range": "2010-2024"}}, {"type": "Feature", "geometry": {"type": "Point", "coordinates": [-106.49009, 31.754955]}, "properties": {"crashes": 1, "injury": 0, "fatal": 0, "pedestrian": 0, "bicycle": 1, "density": 0.2, "year_range": "2010-2024"}}, {"type": "Feature", "geometry": {"type": "Point", "coordinates": [-96.612613, 33.187387]}, "properties": {"crashes": 1, "injury": 1, "fatal": 0, "pedestrian": 0, "bicycle": 1, "density": 0.2, "year_range": "2010-2024"}}, {"type": "Feature", "geometry": {"type": "Point", "coordinates": [-97.277477, 32.740541]}, "properties": {"crashes": 1, "injury": 0, "fatal": 0, "pedestrian": 0, "bicycle": 1, "density": 0.2, "year_range": "2010-2024"}}, {"type": "Feature", "geometry": {"type": "Point", "coordinates": [-95.412613, 29.931532]}, "properties": {"crashes": 1, "injury": 1, "fatal": 1, "pedestrian": 0, "bicycle": 1, "density": 0.2, "year_range": "2010-2024"}}, {"type": "Feature", "geometry": {"type": "Point", "coordinates": [-97.147748, 29.286486]}, "properties": {"crashes": 1, "injury": 1, "fatal": 0, "pedestrian": 0, "bicycle": 1, "density": 0.2, "year_range": "2010-2024"}}, {"type": "Feature", "geometry": {"type": "Point", "coordinates": [-94.742342, 32.526126]}, "properties": {"crashes": 2, "injury": 2, "fatal": 0, "pedestrian": 0, "bicycle": 2, "density": 0.5, "year_range": "2010-2024"}}, {"type": "Feature", "geometry": {"type": "Point", "coordinates": [-97.133333, 33.634234]}, "properties": {"crashes": 2, "injury": 1, "fatal": 0, "pedestrian": 0, "bicycle": 2, "density": 0.5, "year_range": "2010-2024"}}, {"type": "Feature", "geometry": {"type": "Point", "coordinates": [-95.252252, 29.652252]}, "properties": {"crashes": 1, "injury": 1, "fatal": 0, "pedestrian": 0, "bicycle": 1, "density": 0.2, "year_range": "2010-2024"}}, {"type": "Feature", "geometry": {"type": "Point", "coordinates": [-106.482883, 31.751351]}, "properties": {"crashes": 1, "injury": 1, "fatal": 0, "pedestrian": 0, "bicycle": 1, "density": 0.2, "year_range": "2010-2024"}}, {"type": "Feature", "geometry": {"type": "Point", "coordinates": [-95.081081, 30.340541]}, "properties": {"crashes": 1, "injury": 0, "fatal": 0, "pedestrian": 0, "bicycle": 1, "density": 0.2, "year_range": "2010-2024"}}, {"type": "Feature", "geometry": {"type": "Point", "coordinates": [-95.468468, 29.783784]}, "properties": {"crashes": 2, "injury": 2, "fatal": 0, "pedestrian": 0, "bicycle": 2, "density": 0.5, "year_range": "2010-2024"}}, {"type": "Feature", "geometry": {"type": "Point", "coordinates": [-98.731532, 29.504505]}, "properties": {"crashes": 1, "injury": 0, "fatal": 0, "pedestrian": 0, "bicycle": 1, "density": 0.2, "year_range": "2010-2024"}}, {"type": "Feature", "geometry": {"type": "Point", "coordinates": [-97.140541, 32.735135]}, "properties": {"crashes": 1, "injury": 1, "fatal": 0, "pedestrian": 0, "bicycle": 1, "density": 0.2, "year_range": "2010-2024"}}, {"type": "Feature", "geometry": {"type": "Point", "coordinates": [-97.389189, 32.461261]}, "properties": {"crashes": 1, "injury": 0, "fatal": 0, "pedestrian": 0, "bicycle": 1, "density": 0.2, "year_range": "2010-2024"}}, {"type": "Feature", "geometry": {"type": "Point", "coordinates": [-106.263063, 31.621622]}, "properties": {"crashes": 1, "injury": 1, "fatal": 0, "pedestrian": 0, "bicycle": 1, "density": 0.2, "year_range": "2010-2024"}}, {"type": "Feature", "geometry": {"type": "Point", "coordinates": [-96.318919, 30.636036]}, "properties": {"crashes": 1, "injury": 1, "fatal": 0, "pedestrian": 0, "bicycle": 1, "density": 0.2, "year_range": "2010-2024"}}, {"type": "Feature", "geometry": {"type": "Point", "coordinates": [-95.318919, 29.89009]}, "properties": {"crashes": 1, "injury": 1, "fatal": 0, "pedestrian": 0, "bicycle": 1, "density": 0.2, "year_range": "2010-2024"}}, {"type": "Feature", "geometry": {"type": "Point", "coordinates": [-98.535135, 29.556757]}, "properties": {"crashes": 1, "injury": 1, "fatal": 0, "pedestrian": 0, "bicycle": 1, "density": 0.2, "year_range": "2010-2024"}}, {"type": "Feature", "geometry": {"type": "Point", "coordinates": [-101.87027, 33.609009]}, "properties": {"crashes": 1, "injury": 0, "fatal": 0, "pedestrian": 0, "bicycle": 1, "density": 0.2, "year_range": "2010-2024"}}, {"type": "Feature", "geometry": {"type": "Point", "coordinates": [-99.502703, 27.513514]}, "properties": {"crashes": 1, "injury": 1, "fatal": 0, "pedestrian": 0, "bicycle": 1, "density": 0.2, "year_range": "2010-2024"}}, {"type": "Feature", "geometry": {"type": "Point", "coordinates": [-93.90991, 29.918919]}, "properties": {"crashes": 1, "injury": 0, "fatal": 0, "pedestrian": 0, "bicycle": 1, "density": 0.2, "year_range": "2010-2024"}}, {"type": "Feature", "geometry": {"type": "Point", "coordinates": [-97.736937, 30.241441]}, "properties": {"crashes": 1, "injury": 1, "fatal": 0, "pedestrian": 0, "bicycle": 1, "density": 0.2, "year_range": "2010-2024"}}, {"type": "Feature", "geometry": {"type": "Point", "coordinates": [-97.668468, 29.846847]}, "properties": {"crashes": 1, "injury": 1, "fatal": 0, "pedestrian": 0, "bicycle": 1, "density": 0.2, "year_range": "2010-2024"}}, {"type": "Feature", "geometry": {"type": "Point", "coordinates": [-98.326126, 26.214414]}, "properties": {"crashes": 1, "injury": 0, "fatal": 0, "pedestrian": 0, "bicycle": 1, "density": 0.2, "year_range": "2010-2024"}}, {"type": "Feature", "geometry": {"type": "Point", "coordinates": [-97.771171, 30.488288]}, "properties": {"crashes": 1, "injury": 1, "fatal": 0, "pedestrian": 0, "bicycle": 1, "density": 0.2, "year_range": "2010-2024"}}, {"type": "Feature", "geometry": {"type": "Point", "coordinates": [-97.697297, 30.344144]}, "properties": {"crashes": 1, "injury": 1, "fatal": 0, "pedestrian": 0, "bicycle": 1, "density": 0.2, "year_range": "2010-2024"}}, {"type": "Feature", "geometry": {"type": "Point", "coordinates": [-97.403604, 27.974775]}, "properties": {"crashes": 1, "injury": 1, "fatal": 0, "pedestrian": 0, "bicycle": 1, "density": 0.2, "year_range": "2010-2024"}}, {"type": "Feature", "geometry": {"type": "Point", "coordinates": [-96.92973, 32.706306]}, "properties": {"crashes": 1, "injury": 1, "fatal": 0, "pedestrian": 0, "bicycle": 1, "density": 0.2, "year_range": "2010-2024"}}, {"type": "Feature", "geometry": {"type": "Point", "coordinates": [-96.358559, 32.969369]}, "properties": {"crashes": 1, "injury": 0, "fatal": 0, "pedestrian": 0, "bicycle": 1, "density": 0.2, "year_range": "2010-2024"}}, {"type": "Feature", "geometry": {"type": "Point", "coordinates": [-97.828829, 30.454054]}, "properties": {"crashes": 1, "injury": 1, "fatal": 0, "pedestrian": 0, "bicycle": 1, "density": 0.2, "year_range": "2010-2024"}}, {"type": "Feature", "geometry": {"type": "Point", "coordinates": [-95.032432, 29.630631]}, "properties": {"crashes": 1, "injury": 1, "fatal": 0, "pedestrian": 0, "bicycle": 1, "density": 0.2, "year_range": "2010-2024"}}, {"type": "Feature", "geometry": {"type": "Point", "coordinates": [-97.495495, 25.899099]}, "properties": {"crashes": 1, "injury": 1, "fatal": 0, "pedestrian": 0, "bicycle": 1, "density": 0.2, "year_range": "2010-2024"}}, {"type": "Feature", "geometry": {"type": "Point", "coordinates": [-98.518919, 29.367568]}, "properties": {"crashes": 1, "injury": 1, "fatal": 0, "pedestrian": 0, "bicycle": 1, "density": 0.2, "year_range": "2010-2024"}}, {"type": "Feature", "geometry": {"type": "Point", "coordinates": [-94.190991, 30.117117]}, "properties": {"crashes": 1, "injury": 1, "fatal": 0, "pedestrian": 0, "bicycle": 1, "density": 0.2, "year_range": "2010-2024"}}, {"type": "Feature", "geometry": {"type": "Point", "coordinates": [-106.461261, 31.765766]}, "properties": {"crashes": 1, "injury": 0, "fatal": 0, "pedestrian": 0, "bicycle": 1, "density": 0.2, "year_range": "2010-2024"}}, {"type": "Feature", "geometry": {"type": "Point", "coordinates": [-96.796396, 33.001802]}, "properties": {"crashes": 1, "injury": 1, "fatal": 0, "pedestrian": 0, "bicycle": 1, "density": 0.2, "year_range": "2010-2024"}}, {"type": "Feature", "geometry": {"type": "Point", "coordinates": [-95.740541, 29.785586]}, "properties": {"crashes": 1, "injury": 1, "fatal": 0, "pedestrian": 0, "bicycle": 1, "density": 0.2, "year_range": "2010-2024"}}, {"type": "Feature", "geometry": {"type": "Point", "coordinates": [-97.099099, 32.859459]}, "properties": {"crashes": 1, "injury": 1, "fatal": 0, "pedestrian": 0, "bicycle": 1, "density": 0.2, "year_range": "2010-2024"}}, {"type": "Feature", "geometry": {"type": "Point", "coordinates": [-94.740541, 31.299099]}, "properties": {"crashes": 1, "injury": 1, "fatal": 0, "pedestrian": 0, "bicycle": 1, "density": 0.2, "year_range": "2010-2024"}}, {"type": "Feature", "geometry": {"type": "Point", "coordinates": [-95.315315, 32.36036]}, "properties": {"crashes": 2, "injury": 2, "fatal": 0, "pedestrian": 0, "bicycle": 2, "density": 0.5, "year_range": "2010-2024"}}, {"type": "Feature", "geometry": {"type": "Point", "coordinates": [-97.682883, 30.502703]}, "properties": {"crashes": 1, "injury": 1, "fatal": 0, "pedestrian": 0, "bicycle": 1, "density": 0.2, "year_range": "2010-2024"}}, {"type": "Feature", "geometry": {"type": "Point", "coordinates": [-97.09009, 31.598198]}, "properties": {"crashes": 2, "injury": 1, "fatal": 0, "pedestrian": 0, "bicycle": 2, "density": 0.5, "year_range": "2010-2024"}}, {"type": "Feature", "geometry": {"type": "Point", "coordinates": [-96.562162, 33.76036]}, "properties": {"crashes": 1, "injury": 1, "fatal": 0, "pedestrian": 0, "bicycle": 1, "density": 0.2, "year_range": "2010-2024"}}, {"type": "Feature", "geometry": {"type": "Point", "coordinates": [-96.344144, 30.61982]}, "properties": {"crashes": 2, "injury": 2, "fatal": 0, "pedestrian": 0, "bicycle": 2, "density": 0.5, "year_range": "2010-2024"}}, {"type": "Feature", "geometry": {"type": "Point", "coordinates": [-93.938739, 29.888288]}, "properties": {"crashes": 1, "injury": 1, "fatal": 0, "pedestrian": 0, "bicycle": 1, "density": 0.2, "year_range": "2010-2024"}}, {"type": "Feature", "geometry": {"type": "Point", "coordinates": [-97.131532, 32.736937]}, "properties": {"crashes": 2, "injury": 2, "fatal": 0, "pedestrian": 0, "bicycle": 2, "density": 0.5, "year_range": "2010-2024"}}, {"type": "Feature", "geometry": {"type": "Point", "coordinates": [-96.336937, 30.607207]}, "properties": {"crashes": 3, "injury": 3, "fatal": 0, "pedestrian": 0, "bicycle": 3, "density": 0.8, "year_range": "2010-2024"}}, {"type": "Feature", "geometry": {"type": "Point", "coordinates": [-97.457658, 31.079279]}, "properties": {"crashes": 1, "injury": 0, "fatal": 0, "pedestrian": 0, "bicycle": 1, "density": 0.2, "year_range": "2010-2024"}}, {"type": "Feature", "geometry": {"type": "Point", "coordinates": [-98.463063, 29.477477]}, "properties": {"crashes": 1, "injury": 1, "fatal": 0, "pedestrian": 0, "bicycle": 1, "density": 0.2, "year_range": "2010-2024"}}, {"type": "Feature", "geometry": {"type": "Point", "coordinates": [-106.425225, 31.769369]}, "properties": {"crashes": 1, "injury": 1, "fatal": 0, "pedestrian": 0, "bicycle": 1, "density": 0.2, "year_range": "2010-2024"}}, {"type": "Feature", "geometry": {"type": "Point", "coordinates": [-96.342342, 30.634234]}, "properties": {"crashes": 1, "injury": 1, "fatal": 0, "pedestrian": 0, "bicycle": 1, "density": 0.2, "year_range": "2010-2024"}}, {"type": "Feature", "geometry": {"type": "Point", "coordinates": [-97.506306, 25.947748]}, "properties": {"crashes": 1, "injury": 1, "fatal": 0, "pedestrian": 0, "bicycle": 1, "density": 0.2, "year_range": "2010-2024"}}, {"type": "Feature", "geometry": {"type": "Point", "coordinates": [-97.345946, 27.695495]}, "properties": {"crashes": 2, "injury": 1, "fatal": 0, "pedestrian": 0, "bicycle": 2, "density": 0.5, "year_range": "2010-2024"}}, {"type": "Feature", "geometry": {"type": "Point", "coordinates": [-98.569369, 34.088288]}, "properties": {"crashes": 1, "injury": 0, "fatal": 0, "pedestrian": 0, "bicycle": 1, "density": 0.2, "year_range": "2010-2024"}}, {"type": "Feature", "geometry": {"type": "Point", "coordinates": [-97.717117, 30.363964]}, "properties": {"crashes": 1, "injury": 0, "fatal": 0, "pedestrian": 0, "bicycle": 1, "density": 0.2, "year_range": "2010-2024"}}, {"type": "Feature", "geometry": {"type": "Point", "coordinates": [-97.540541, 32.891892]}, "properties": {"crashes": 1, "injury": 1, "fatal": 0, "pedestrian": 0, "bicycle": 1, "density": 0.2, "year_range": "2010-2024"}}, {"type": "Feature", "geometry": {"type": "Point", "coordinates": [-95.517117, 29.700901]}, "properties": {"crashes": 1, "injury": 1, "fatal": 0, "pedestrian": 0, "bicycle": 1, "density": 0.2, "year_range": "2010-2024"}}, {"type": "Feature", "geometry": {"type": "Point", "coordinates": [-95.340541, 29.790991]}, "properties": {"crashes": 1, "injury": 1, "fatal": 0, "pedestrian": 0, "bicycle": 1, "density": 0.2, "year_range": "2010-2024"}}, {"type": "Feature", "geometry": {"type": "Point", "coordinates": [-97.789189, 32.72973]}, "properties": {"crashes": 1, "injury": 1, "fatal": 1, "pedestrian": 0, "bicycle": 1, "density": 0.2, "year_range": "2010-2024"}}, {"type": "Feature", "geometry": {"type": "Point", "coordinates": [-95.05045, 29.459459]}, "properties": {"crashes": 1, "injury": 1, "fatal": 0, "pedestrian": 0, "bicycle": 1, "density": 0.2, "year_range": "2010-2024"}}, {"type": "Feature", "geometry": {"type": "Point", "coordinates": [-97.8, 30.52973]}, "properties": {"crashes": 1, "injury": 1, "fatal": 0, "pedestrian": 0, "bicycle": 1, "density": 0.2, "year_range": "2010-2024"}}, {"type": "Feature", "geometry": {"type": "Point", "coordinates": [-95.317117, 29.454054]}, "properties": {"crashes": 1, "injury": 1, "fatal": 0, "pedestrian": 0, "bicycle": 1, "density": 0.2, "year_range": "2010-2024"}}, {"type": "Feature", "geometry": {"type": "Point", "coordinates": [-94.684685, 32.884685]}, "properties": {"crashes": 1, "injury": 1, "fatal": 1, "pedestrian": 0, "bicycle": 1, "density": 0.2, "year_range": "2010-2024"}}, {"type": "Feature", "geometry": {"type": "Point", "coordinates": [-95.463063, 31.317117]}, "properties": {"crashes": 1, "injury": 1, "fatal": 0, "pedestrian": 0, "bicycle": 1, "density": 0.2, "year_range": "2010-2024"}}, {"type": "Feature", "geometry": {"type": "Point", "coordinates": [-99.508108, 27.504505]}, "properties": {"crashes": 1, "injury": 1, "fatal": 0, "pedestrian": 0, "bicycle": 1, "density": 0.2, "year_range": "2010-2024"}}, {"type": "Feature", "geometry": {"type": "Point", "coordinates": [-98.542342, 29.446847]}, "properties": {"crashes": 1, "injury": 1, "fatal": 0, "pedestrian": 0, "bicycle": 1, "density": 0.2, "year_range": "2010-2024"}}, {"type": "Feature", "geometry": {"type": "Point", "coordinates": [-95.354955, 29.672072]}, "properties": {"crashes": 1, "injury": 1, "fatal": 0, "pedestrian": 0, "bicycle": 1, "density": 0.2, "year_range": "2010-2024"}}, {"type": "Feature", "geometry": {"type": "Point", "coordinates": [-98.484685, 29.356757]}, "properties": {"crashes": 1, "injury": 1, "fatal": 0, "pedestrian": 0, "bicycle": 1, "density": 0.2, "year_range": "2010-2024"}}, {"type": "Feature", "geometry": {"type": "Point", "coordinates": [-98.481081, 29.376577]}, "properties": {"crashes": 2, "injury": 2, "fatal": 0, "pedestrian": 0, "bicycle": 2, "density": 0.5, "year_range": "2010-2024"}}, {"type": "Feature", "geometry": {"type": "Point", "coordinates": [-95.036036, 33.857658]}, "properties": {"crashes": 1, "injury": 1, "fatal": 0, "pedestrian": 0, "bicycle": 1, "density": 0.2, "year_range": "2010-2024"}}, {"type": "Feature", "geometry": {"type": "Point", "coordinates": [-94.724324, 32.502703]}, "properties": {"crashes": 1, "injury": 1, "fatal": 0, "pedestrian": 0, "bicycle": 1, "density": 0.2, "year_range": "2010-2024"}}, {"type": "Feature", "geometry": {"type": "Point", "coordinates": [-95.486486, 29.915315]}, "properties": {"crashes": 1, "injury": 1, "fatal": 0, "pedestrian": 0, "bicycle": 1, "density": 0.2, "year_range": "2010-2024"}}, {"type": "Feature", "geometry": {"type": "Point", "coordinates": [-106.536937, 31.832432]}, "properties": {"crashes": 1, "injury": 0, "fatal": 0, "pedestrian": 0, "bicycle": 1, "density": 0.2, "year_range": "2010-2024"}}, {"type": "Feature", "geometry": {"type": "Point", "coordinates": [-96.547748, 32.908108]}, "properties": {"crashes": 1, "injury": 1, "fatal": 0, "pedestrian": 0, "bicycle": 1, "density": 0.2, "year_range": "2010-2024"}}, {"type": "Feature", "geometry": {"type": "Point", "coordinates": [-101.87027, 33.627027]}, "properties": {"crashes": 1, "injury": 1, "fatal": 0, "pedestrian": 0, "bicycle": 1, "density": 0.2, "year_range": "2010-2024"}}, {"type": "Feature", "geometry": {"type": "Point", "coordinates": [-96.306306, 30.603604]}, "properties": {"crashes": 1, "injury": 1, "fatal": 0, "pedestrian": 0, "bicycle": 1, "density": 0.2, "year_range": "2010-2024"}}, {"type": "Feature", "geometry": {"type": "Point", "coordinates": [-98.30991, 26.212613]}, "properties": {"crashes": 1, "injury": 1, "fatal": 0, "pedestrian": 0, "bicycle": 1, "density": 0.2, "year_range": "2010-2024"}}, {"type": "Feature", "geometry": {"type": "Point", "coordinates": [-95.124324, 29.778378]}, "properties": {"crashes": 1, "injury": 1, "fatal": 0, "pedestrian": 0, "bicycle": 1, "density": 0.2, "year_range": "2010-2024"}}, {"type": "Feature", "geometry": {"type": "Point", "coordinates": [-97.778378, 26.452252]}, "properties": {"crashes": 1, "injury": 0, "fatal": 0, "pedestrian": 0, "bicycle": 1, "density": 0.2, "year_range": "2010-2024"}}, {"type": "Feature", "geometry": {"type": "Point", "coordinates": [-98.306306, 26.212613]}, "properties": {"crashes": 1, "injury": 1, "fatal": 0, "pedestrian": 0, "bicycle": 1, "density": 0.2, "year_range": "2010-2024"}}, {"type": "Feature", "geometry": {"type": "Point", "coordinates": [-94.807207, 32.34955]}, "properties": {"crashes": 1, "injury": 1, "fatal": 0, "pedestrian": 0, "bicycle": 1, "density": 0.2, "year_range": "2010-2024"}}, {"type": "Feature", "geometry": {"type": "Point", "coordinates": [-97.935135, 29.888288]}, "properties": {"crashes": 2, "injury": 2, "fatal": 0, "pedestrian": 0, "bicycle": 2, "density": 0.5, "year_range": "2010-2024"}}, {"type": "Feature", "geometry": {"type": "Point", "coordinates": [-95.572973, 29.572973]}, "properties": {"crashes": 1, "injury": 1, "fatal": 0, "pedestrian": 0, "bicycle": 1, "density": 0.2, "year_range": "2010-2024"}}, {"type": "Feature", "geometry": {"type": "Point", "coordinates": [-94.385586, 29.81982]}, "properties": {"crashes": 1, "injury": 0, "fatal": 0, "pedestrian": 0, "bicycle": 1, "density": 0.2, "year_range": "2010-2024"}}, {"type": "Feature", "geometry": {"type": "Point", "coordinates": [-97.421622, 27.787387]}, "properties": {"crashes": 1, "injury": 1, "fatal": 0, "pedestrian": 0, "bicycle": 1, "density": 0.2, "year_range": "2010-2024"}}, {"type": "Feature", "geometry": {"type": "Point", "coordinates": [-95.396396, 29.938739]}, "properties": {"crashes": 1, "injury": 1, "fatal": 0, "pedestrian": 0, "bicycle": 1, "density": 0.2, "year_range": "2010-2024"}}, {"type": "Feature", "geometry": {"type": "Point", "coordinates": [-97.718919, 26.223423]}, "properties": {"crashes": 1, "injury": 1, "fatal": 0, "pedestrian": 0, "bicycle": 1, "density": 0.2, "year_range": "2010-2024"}}, {"type": "Feature", "geometry": {"type": "Point", "coordinates": [-98.67027, 29.389189]}, "properties": {"crashes": 1, "injury": 1, "fatal": 0, "pedestrian": 0, "bicycle": 1, "density": 0.2, "year_range": "2010-2024"}}, {"type": "Feature", "geometry": {"type": "Point", "coordinates": [-97.735135, 30.261261]}, "properties": {"crashes": 1, "injury": 1, "fatal": 0, "pedestrian": 0, "bicycle": 1, "density": 0.2, "year_range": "2010-2024"}}, {"type": "Feature", "geometry": {"type": "Point", "coordinates": [-98.526126, 29.356757]}, "properties": {"crashes": 1, "injury": 1, "fatal": 0, "pedestrian": 0, "bicycle": 1, "density": 0.2, "year_range": "2010-2024"}}, {"type": "Feature", "geometry": {"type": "Point", "coordinates": [-98.243243, 26.218018]}, "properties": {"crashes": 1, "injury": 1, "fatal": 0, "pedestrian": 0, "bicycle": 1, "density": 0.2, "year_range": "2010-2024"}}, {"type": "Feature", "geometry": {"type": "Point", "coordinates": [-97.668468, 26.169369]}, "properties": {"crashes": 1, "injury": 1, "fatal": 0, "pedestrian": 0, "bicycle": 1, "density": 0.2, "year_range": "2010-2024"}}, {"type": "Feature", "geometry": {"type": "Point", "coordinates": [-96.6, 32.765766]}, "properties": {"crashes": 1, "injury": 1, "fatal": 0, "pedestrian": 0, "bicycle": 1, "density": 0.2, "year_range": "2010-2024"}}, {"type": "Feature", "geometry": {"type": "Point", "coordinates": [-97.436036, 31.118919]}, "properties": {"crashes": 1, "injury": 1, "fatal": 0, "pedestrian": 0, "bicycle": 1, "density": 0.2, "year_range": "2010-2024"}}, {"type": "Feature", "geometry": {"type": "Point", "coordinates": [-101.823423, 35.221622]}, "properties": {"crashes": 1, "injury": 0, "fatal": 0, "pedestrian": 0, "bicycle": 1, "density": 0.2, "year_range": "2010-2024"}}, {"type": "Feature", "geometry": {"type": "Point", "coordinates": [-94.18018, 30.066667]}, "properties": {"crashes": 1, "injury": 0, "fatal": 0, "pedestrian": 0, "bicycle": 1, "density": 0.2, "year_range": "2010-2024"}}, {"type": "Feature", "geometry": {"type": "Point", "coordinates": [-95.956757, 29.785586]}, "properties": {"crashes": 1, "injury": 1, "fatal": 0, "pedestrian": 0, "bicycle": 1, "density": 0.2, "year_range": "2010-2024"}}, {"type": "Feature", "geometry": {"type": "Point", "coordinates": [-95.464865, 30.318919]}, "properties": {"crashes": 1, "injury": 1, "fatal": 0, "pedestrian": 0, "bicycle": 1, "density": 0.2, "year_range": "2010-2024"}}, {"type": "Feature", "geometry": {"type": "Point", "coordinates": [-96.610811, 33.65045]}, "properties": {"crashes": 1, "injury": 1, "fatal": 0, "pedestrian": 0, "bicycle": 1, "density": 0.2, "year_range": "2010-2024"}}, {"type": "Feature", "geometry": {"type": "Point", "coordinates": [-97.167568, 26.104505]}, "properties": {"crashes": 1, "injury": 1, "fatal": 0, "pedestrian": 0, "bicycle": 1, "density": 0.2, "year_range": "2010-2024"}}, {"type": "Feature", "geometry": {"type": "Point", "coordinates": [-99.612613, 34.198198]}, "properties": {"crashes": 1, "injury": 1, "fatal": 1, "pedestrian": 0, "bicycle": 1, "density": 0.2, "year_range": "2010-2024"}}, {"type": "Feature", "geometry": {"type": "Point", "coordinates": [-96.90991, 32.983784]}, "properties": {"crashes": 2, "injury": 2, "fatal": 0, "pedestrian": 0, "bicycle": 2, "density": 0.5, "year_range": "2010-2024"}}, {"type": "Feature", "geometry": {"type": "Point", "coordinates": [-97.261261, 32.740541]}, "properties": {"crashes": 1, "injury": 1, "fatal": 0, "pedestrian": 0, "bicycle": 1, "density": 0.2, "year_range": "2010-2024"}}, {"type": "Feature", "geometry": {"type": "Point", "coordinates": [-95.551351, 30.713514]}, "properties": {"crashes": 1, "injury": 1, "fatal": 0, "pedestrian": 0, "bicycle": 1, "density": 0.2, "year_range": "2010-2024"}}, {"type": "Feature", "geometry": {"type": "Point", "coordinates": [-95.266667, 29.801802]}, "properties": {"crashes": 1, "injury": 1, "fatal": 0, "pedestrian": 0, "bicycle": 1, "density": 0.2, "year_range": "2010-2024"}}, {"type": "Feature", "geometry": {"type": "Point", "coordinates": [-97.751351, 32.443243]}, "properties": {"crashes": 1, "injury": 1, "fatal": 0, "pedestrian": 0, "bicycle": 1, "density": 0.2, "year_range": "2010-2024"}}, {"type": "Feature", "geometry": {"type": "Point", "coordinates": [-95.163964, 30.396396]}, "properties": {"crashes": 1, "injury": 1, "fatal": 0, "pedestrian": 0, "bicycle": 1, "density": 0.2, "year_range": "2010-2024"}}, {"type": "Feature", "geometry": {"type": "Point", "coordinates": [-97.902703, 31.127928]}, "properties": {"crashes": 1, "injury": 1, "fatal": 0, "pedestrian": 0, "bicycle": 1, "density": 0.2, "year_range": "2010-2024"}}, {"type": "Feature", "geometry": {"type": "Point", "coordinates": [-95.956757, 29.787387]}, "properties": {"crashes": 1, "injury": 1, "fatal": 0, "pedestrian": 0, "bicycle": 1, "density": 0.2, "year_range": "2010-2024"}}, {"type": "Feature", "geometry": {"type": "Point", "coordinates": [-98.257658, 26.236036]}, "properties": {"crashes": 1, "injury": 1, "fatal": 0, "pedestrian": 0, "bicycle": 1, "density": 0.2, "year_range": "2010-2024"}}, {"type": "Feature", "geometry": {"type": "Point", "coordinates": [-98.574775, 29.472072]}, "properties": {"crashes": 1, "injury": 0, "fatal": 0, "pedestrian": 0, "bicycle": 1, "density": 0.2, "year_range": "2010-2024"}}, {"type": "Feature", "geometry": {"type": "Point", "coordinates": [-98.405405, 29.47027]}, "properties": {"crashes": 1, "injury": 1, "fatal": 0, "pedestrian": 0, "bicycle": 1, "density": 0.2, "year_range": "2010-2024"}}, {"type": "Feature", "geometry": {"type": "Point", "coordinates": [-98.232432, 26.189189]}, "properties": {"crashes": 1, "injury": 1, "fatal": 0, "pedestrian": 0, "bicycle": 1, "density": 0.2, "year_range": "2010-2024"}}, {"type": "Feature", "geometry": {"type": "Point", "coordinates": [-97.96036, 29.237838]}, "properties": {"crashes": 1, "injury": 1, "fatal": 0, "pedestrian": 0, "bicycle": 1, "density": 0.2, "year_range": "2010-2024"}}, {"type": "Feature", "geometry": {"type": "Point", "coordinates": [-95.47027, 31.486486]}, "properties": {"crashes": 1, "injury": 1, "fatal": 1, "pedestrian": 0, "bicycle": 1, "density": 0.2, "year_range": "2010-2024"}}, {"type": "Feature", "geometry": {"type": "Point", "coordinates": [-94.962162, 29.378378]}, "properties": {"crashes": 1, "injury": 1, "fatal": 1, "pedestrian": 0, "bicycle": 1, "density": 0.2, "year_range": "2010-2024"}}, {"type": "Feature", "geometry": {"type": "Point", "coordinates": [-106.394595, 31.754955]}, "properties": {"crashes": 1, "injury": 1, "fatal": 0, "pedestrian": 0, "bicycle": 1, "density": 0.2, "year_range": "2010-2024"}}, {"type": "Feature", "geometry": {"type": "Point", "coordinates": [-106.581982, 31.89009]}, "properties": {"crashes": 1, "injury": 1, "fatal": 0, "pedestrian": 0, "bicycle": 1, "density": 0.2, "year_range": "2010-2024"}}, {"type": "Feature", "geometry": {"type": "Point", "coordinates": [-95.407207, 29.693694]}, "properties": {"crashes": 2, "injury": 2, "fatal": 0, "pedestrian": 0, "bicycle": 2, "density": 0.5, "year_range": "2010-2024"}}, {"type": "Feature", "geometry": {"type": "Point", "coordinates": [-98.198198, 26.124324]}, "properties": {"crashes": 1, "injury": 1, "fatal": 0, "pedestrian": 0, "bicycle": 1, "density": 0.2, "year_range": "2010-2024"}}, {"type": "Feature", "geometry": {"type": "Point", "coordinates": [-96.05045, 32.18018]}, "properties": {"crashes": 1, "injury": 1, "fatal": 0, "pedestrian": 0, "bicycle": 1, "density": 0.2, "year_range": "2010-2024"}}, {"type": "Feature", "geometry": {"type": "Point", "coordinates": [-95.30991, 32.23964]}, "properties": {"crashes": 1, "injury": 1, "fatal": 0, "pedestrian": 0, "bicycle": 1, "density": 0.2, "year_range": "2010-2024"}}, {"type": "Feature", "geometry": {"type": "Point", "coordinates": [-95.43964, 30.018018]}, "properties": {"crashes": 2, "injury": 2, "fatal": 0, "pedestrian": 0, "bicycle": 2, "density": 0.5, "year_range": "2010-2024"}}, {"type": "Feature", "geometry": {"type": "Point", "coordinates": [-97.342342, 31.099099]}, "properties": {"crashes": 2, "injury": 2, "fatal": 1, "pedestrian": 0, "bicycle": 2, "density": 0.5, "year_range": "2010-2024"}}, {"type": "Feature", "geometry": {"type": "Point", "coordinates": [-101.884685, 35.209009]}, "properties": {"crashes": 1, "injury": 0, "fatal": 0, "pedestrian": 0, "bicycle": 1, "density": 0.2, "year_range": "2010-2024"}}, {"type": "Feature", "geometry": {"type": "Point", "coordinates": [-98.536937, 33.927928]}, "properties": {"crashes": 1, "injury": 1, "fatal": 0, "pedestrian": 0, "bicycle": 1, "density": 0.2, "year_range": "2010-2024"}}, {"type": "Feature", "geometry": {"type": "Point", "coordinates": [-97.185586, 33.201802]}, "properties": {"crashes": 1, "injury": 1, "fatal": 0, "pedestrian": 0, "bicycle": 1, "density": 0.2, "year_range": "2010-2024"}}, {"type": "Feature", "geometry": {"type": "Point", "coordinates": [-97.041441, 28.061261]}, "properties": {"crashes": 1, "injury": 1, "fatal": 0, "pedestrian": 0, "bicycle": 1, "density": 0.2, "year_range": "2010-2024"}}, {"type": "Feature", "geometry": {"type": "Point", "coordinates": [-96.684685, 32.798198]}, "properties": {"crashes": 1, "injury": 1, "fatal": 0, "pedestrian": 0, "bicycle": 1, "density": 0.2, "year_range": "2010-2024"}}, {"type": "Feature", "geometry": {"type": "Point", "coordinates": [-95.504505, 30.313514]}, "properties": {"crashes": 1, "injury": 1, "fatal": 0, "pedestrian": 0, "bicycle": 1, "density": 0.2, "year_range": "2010-2024"}}, {"type": "Feature", "geometry": {"type": "Point", "coordinates": [-95.140541, 29.495495]}, "properties": {"crashes": 1, "injury": 1, "fatal": 0, "pedestrian": 0, "bicycle": 1, "density": 0.2, "year_range": "2010-2024"}}, {"type": "Feature", "geometry": {"type": "Point", "coordinates": [-96.315315, 33.061261]}, "properties": {"crashes": 1, "injury": 1, "fatal": 0, "pedestrian": 0, "bicycle": 1, "density": 0.2, "year_range": "2010-2024"}}, {"type": "Feature", "geometry": {"type": "Point", "coordinates": [-95.522523, 30.073874]}, "properties": {"crashes": 3, "injury": 2, "fatal": 0, "pedestrian": 0, "bicycle": 3, "density": 0.8, "year_range": "2010-2024"}}, {"type": "Feature", "geometry": {"type": "Point", "coordinates": [-95.158559, 29.488288]}, "properties": {"crashes": 1, "injury": 1, "fatal": 0, "pedestrian": 0, "bicycle": 1, "density": 0.2, "year_range": "2010-2024"}}, {"type": "Feature", "geometry": {"type": "Point", "coordinates": [-97.32973, 32.542342]}, "properties": {"crashes": 1, "injury": 1, "fatal": 0, "pedestrian": 0, "bicycle": 1, "density": 0.2, "year_range": "2010-2024"}}, {"type": "Feature", "geometry": {"type": "Point", "coordinates": [-95.953153, 28.967568]}, "properties": {"crashes": 1, "injury": 1, "fatal": 0, "pedestrian": 0, "bicycle": 1, "density": 0.2, "year_range": "2010-2024"}}, {"type": "Feature", "geometry": {"type": "Point", "coordinates": [-95.14955, 30.652252]}, "properties": {"crashes": 1, "injury": 1, "fatal": 0, "pedestrian": 0, "bicycle": 1, "density": 0.2, "year_range": "2010-2024"}}, {"type": "Feature", "geometry": {"type": "Point", "coordinates": [-95.147748, 30.007207]}, "properties": {"crashes": 1, "injury": 1, "fatal": 0, "pedestrian": 0, "bicycle": 1, "density": 0.2, "year_range": "2010-2024"}}, {"type": "Feature", "geometry": {"type": "Point", "coordinates": [-95.605405, 29.922523]}, "properties": {"crashes": 1, "injury": 1, "fatal": 0, "pedestrian": 0, "bicycle": 1, "density": 0.2, "year_range": "2010-2024"}}, {"type": "Feature", "geometry": {"type": "Point", "coordinates": [-95.059459, 29.468468]}, "properties": {"crashes": 1, "injury": 1, "fatal": 0, "pedestrian": 0, "bicycle": 1, "density": 0.2, "year_range": "2010-2024"}}, {"type": "Feature", "geometry": {"type": "Point", "coordinates": [-96.74955, 32.790991]}, "properties": {"crashes": 1, "injury": 0, "fatal": 0, "pedestrian": 0, "bicycle": 1, "density": 0.2, "year_range": "2010-2024"}}, {"type": "Feature", "geometry": {"type": "Point", "coordinates": [-94.052252, 33.43964]}, "properties": {"crashes": 1, "injury": 1, "fatal": 0, "pedestrian": 0, "bicycle": 1, "density": 0.2, "year_range": "2010-2024"}}, {"type": "Feature", "geometry": {"type": "Point", "coordinates": [-98.227027, 29.572973]}, "properties": {"crashes": 1, "injury": 1, "fatal": 0, "pedestrian": 0, "bicycle": 1, "density": 0.2, "year_range": "2010-2024"}}, {"type": "Feature", "geometry": {"type": "Point", "coordinates": [-95.203604, 30.14955]}, "properties": {"crashes": 1, "injury": 1, "fatal": 0, "pedestrian": 0, "bicycle": 1, "density": 0.2, "year_range": "2010-2024"}}, {"type": "Feature", "geometry": {"type": "Point", "coordinates": [-97.50991, 25.942342]}, "properties": {"crashes": 1, "injury": 1, "fatal": 0, "pedestrian": 0, "bicycle": 1, "density": 0.2, "year_range": "2010-2024"}}, {"type": "Feature", "geometry": {"type": "Point", "coordinates": [-95.969369, 28.962162]}, "properties": {"crashes": 1, "injury": 1, "fatal": 0, "pedestrian": 0, "bicycle": 1, "density": 0.2, "year_range": "2010-2024"}}, {"type": "Feature", "geometry": {"type": "Point", "coordinates": [-96.794595, 33.030631]}, "properties": {"crashes": 1, "injury": 1, "fatal": 0, "pedestrian": 0, "bicycle": 1, "density": 0.2, "year_range": "2010-2024"}}, {"type": "Feature", "geometry": {"type": "Point", "coordinates": [-97.387387, 32.34955]}, "properties": {"crashes": 1, "injury": 0, "fatal": 0, "pedestrian": 0, "bicycle": 1, "density": 0.2, "year_range": "2010-2024"}}, {"type": "Feature", "geometry": {"type": "Point", "coordinates": [-97.135135, 32.672072]}, "properties": {"crashes": 1, "injury": 1, "fatal": 0, "pedestrian": 0, "bicycle": 1, "density": 0.2, "year_range": "2010-2024"}}, {"type": "Feature", "geometry": {"type": "Point", "coordinates": [-98.221622, 26.254054]}, "properties": {"crashes": 2, "injury": 2, "fatal": 0, "pedestrian": 0, "bicycle": 2, "density": 0.5, "year_range": "2010-2024"}}, {"type": "Feature", "geometry": {"type": "Point", "coordinates": [-97.225225, 32.668468]}, "properties": {"crashes": 1, "injury": 1, "fatal": 0, "pedestrian": 0, "bicycle": 1, "density": 0.2, "year_range": "2010-2024"}}, {"type": "Feature", "geometry": {"type": "Point", "coordinates": [-97.809009, 30.198198]}, "properties": {"crashes": 1, "injury": 1, "fatal": 0, "pedestrian": 0, "bicycle": 1, "density": 0.2, "year_range": "2010-2024"}}, {"type": "Feature", "geometry": {"type": "Point", "coordinates": [-97.198198, 32.809009]}, "properties": {"crashes": 1, "injury": 1, "fatal": 0, "pedestrian": 0, "bicycle": 1, "density": 0.2, "year_range": "2010-2024"}}, {"type": "Feature", "geometry": {"type": "Point", "coordinates": [-97.686486, 30.362162]}, "properties": {"crashes": 1, "injury": 1, "fatal": 0, "pedestrian": 0, "bicycle": 1, "density": 0.2, "year_range": "2010-2024"}}, {"type": "Feature", "geometry": {"type": "Point", "coordinates": [-94.781982, 29.302703]}, "properties": {"crashes": 2, "injury": 1, "fatal": 0, "pedestrian": 0, "bicycle": 2, "density": 0.5, "year_range": "2010-2024"}}, {"type": "Feature", "geometry": {"type": "Point", "coordinates": [-94.785586, 29.302703]}, "properties": {"crashes": 2, "injury": 1, "fatal": 0, "pedestrian": 0, "bicycle": 2, "density": 0.5, "year_range": "2010-2024"}}, {"type": "Feature", "geometry": {"type": "Point", "coordinates": [-98.147748, 26.237838]}, "properties": {"crashes": 1, "injury": 1, "fatal": 1, "pedestrian": 0, "bicycle": 1, "density": 0.2, "year_range": "2010-2024"}}, {"type": "Feature", "geometry": {"type": "Point", "coordinates": [-97.668468, 30.286486]}, "properties": {"crashes": 1, "injury": 1, "fatal": 0, "pedestrian": 0, "bicycle": 1, "density": 0.2, "year_range": "2010-2024"}}, {"type": "Feature", "geometry": {"type": "Point", "coordinates": [-106.275676, 31.754955]}, "properties": {"crashes": 1, "injury": 0, "fatal": 0, "pedestrian": 0, "bicycle": 1, "density": 0.2, "year_range": "2010-2024"}}, {"type": "Feature", "geometry": {"type": "Point", "coordinates": [-97.190991, 31.531532]}, "properties": {"crashes": 1, "injury": 1, "fatal": 0, "pedestrian": 0, "bicycle": 1, "density": 0.2, "year_range": "2010-2024"}}, {"type": "Feature", "geometry": {"type": "Point", "coordinates": [-97.67027, 26.221622]}, "properties": {"crashes": 2, "injury": 0, "fatal": 0, "pedestrian": 0, "bicycle": 2, "density": 0.5, "year_range": "2010-2024"}}, {"type": "Feature", "geometry": {"type": "Point", "coordinates": [-106.41982, 31.781982]}, "properties": {"crashes": 1, "injury": 1, "fatal": 0, "pedestrian": 0, "bicycle": 1, "density": 0.2, "year_range": "2010-2024"}}, {"type": "Feature", "geometry": {"type": "Point", "coordinates": [-96.518919, 32.601802]}, "properties": {"crashes": 1, "injury": 0, "fatal": 0, "pedestrian": 0, "bicycle": 1, "density": 0.2, "year_range": "2010-2024"}}, {"type": "Feature", "geometry": {"type": "Point", "coordinates": [-94.803604, 29.297297]}, "properties": {"crashes": 3, "injury": 2, "fatal": 0, "pedestrian": 0, "bicycle": 3, "density": 0.8, "year_range": "2010-2024"}}, {"type": "Feature", "geometry": {"type": "Point", "coordinates": [-96.178378, 33.581982]}, "properties": {"crashes": 1, "injury": 1, "fatal": 0, "pedestrian": 0, "bicycle": 1, "density": 0.2, "year_range": "2010-2024"}}, {"type": "Feature", "geometry": {"type": "Point", "coordinates": [-95.8, 29.628829]}, "properties": {"crashes": 1, "injury": 1, "fatal": 0, "pedestrian": 0, "bicycle": 1, "density": 0.2, "year_range": "2010-2024"}}, {"type": "Feature", "geometry": {"type": "Point", "coordinates": [-97.524324, 25.945946]}, "properties": {"crashes": 1, "injury": 1, "fatal": 0, "pedestrian": 0, "bicycle": 1, "density": 0.2, "year_range": "2010-2024"}}, {"type": "Feature", "geometry": {"type": "Point", "coordinates": [-97.126126, 32.915315]}, "properties": {"crashes": 1, "injury": 1, "fatal": 0, "pedestrian": 0, "bicycle": 1, "density": 0.2, "year_range": "2010-2024"}}, {"type": "Feature", "geometry": {"type": "Point", "coordinates": [-96.803604, 32.902703]}, "properties": {"crashes": 1, "injury": 1, "fatal": 0, "pedestrian": 0, "bicycle": 1, "density": 0.2, "year_range": "2010-2024"}}, {"type": "Feature", "geometry": {"type": "Point", "coordinates": [-97.099099, 32.816216]}, "properties": {"crashes": 1, "injury": 1, "fatal": 0, "pedestrian": 0, "bicycle": 1, "density": 0.2, "year_range": "2010-2024"}}, {"type": "Feature", "geometry": {"type": "Point", "coordinates": [-94.751351, 32.531532]}, "properties": {"crashes": 1, "injury": 1, "fatal": 0, "pedestrian": 0, "bicycle": 1, "density": 0.2, "year_range": "2010-2024"}}, {"type": "Feature", "geometry": {"type": "Point", "coordinates": [-95.057658, 29.524324]}, "properties": {"crashes": 1, "injury": 1, "fatal": 0, "pedestrian": 0, "bicycle": 1, "density": 0.2, "year_range": "2010-2024"}}, {"type": "Feature", "geometry": {"type": "Point", "coordinates": [-106.178378, 31.818018]}, "properties": {"crashes": 1, "injury": 1, "fatal": 0, "pedestrian": 0, "bicycle": 1, "density": 0.2, "year_range": "2010-2024"}}, {"type": "Feature", "geometry": {"type": "Point", "coordinates": [-96.706306, 33.034234]}, "properties": {"crashes": 1, "injury": 1, "fatal": 0, "pedestrian": 0, "bicycle": 1, "density": 0.2, "year_range": "2010-2024"}}, {"type": "Feature", "geometry": {"type": "Point", "coordinates": [-98.145946, 26.306306]}, "properties": {"crashes": 2, "injury": 1, "fatal": 0, "pedestrian": 0, "bicycle": 2, "density": 0.5, "year_range": "2010-2024"}}, {"type": "Feature", "geometry": {"type": "Point", "coordinates": [-97.057658, 33.072072]}, "properties": {"crashes": 1, "injury": 1, "fatal": 0, "pedestrian": 0, "bicycle": 1, "density": 0.2, "year_range": "2010-2024"}}, {"type": "Feature", "geometry": {"type": "Point", "coordinates": [-95.327928, 29.722523]}, "properties": {"crashes": 1, "injury": 1, "fatal": 0, "pedestrian": 0, "bicycle": 1, "density": 0.2, "year_range": "2010-2024"}}, {"type": "Feature", "geometry": {"type": "Point", "coordinates": [-97.855856, 27.522523]}, "properties": {"crashes": 1, "injury": 1, "fatal": 0, "pedestrian": 0, "bicycle": 1, "density": 0.2, "year_range": "2010-2024"}}, {"type": "Feature", "geometry": {"type": "Point", "coordinates": [-95.405405, 32.120721]}, "properties": {"crashes": 1, "injury": 1, "fatal": 0, "pedestrian": 0, "bicycle": 1, "density": 0.2, "year_range": "2010-2024"}}, {"type": "Feature", "geometry": {"type": "Point", "coordinates": [-97.661261, 30.598198]}, "properties": {"crashes": 1, "injury": 1, "fatal": 0, "pedestrian": 0, "bicycle": 1, "density": 0.2, "year_range": "2010-2024"}}, {"type": "Feature", "geometry": {"type": "Point", "coordinates": [-97.095495, 33.248649]}, "properties": {"crashes": 1, "injury": 1, "fatal": 0, "pedestrian": 0, "bicycle": 1, "density": 0.2, "year_range": "2010-2024"}}, {"type": "Feature", "geometry": {"type": "Point", "coordinates": [-97.063063, 32.724324]}, "properties": {"crashes": 1, "injury": 1, "fatal": 0, "pedestrian": 0, "bicycle": 1, "density": 0.2, "year_range": "2010-2024"}}, {"type": "Feature", "geometry": {"type": "Point", "coordinates": [-97.29009, 32.83964]}, "properties": {"crashes": 1, "injury": 1, "fatal": 0, "pedestrian": 0, "bicycle": 1, "density": 0.2, "year_range": "2010-2024"}}, {"type": "Feature", "geometry": {"type": "Point", "coordinates": [-94.136937, 30.097297]}, "properties": {"crashes": 1, "injury": 0, "fatal": 0, "pedestrian": 0, "bicycle": 1, "density": 0.2, "year_range": "2010-2024"}}, {"type": "Feature", "geometry": {"type": "Point", "coordinates": [-95.412613, 29.899099]}, "properties": {"crashes": 2, "injury": 2, "fatal": 0, "pedestrian": 0, "bicycle": 2, "density": 0.5, "year_range": "2010-2024"}}, {"type": "Feature", "geometry": {"type": "Point", "coordinates": [-94.057658, 33.423423]}, "properties": {"crashes": 1, "injury": 1, "fatal": 0, "pedestrian": 0, "bicycle": 1, "density": 0.2, "year_range": "2010-2024"}}, {"type": "Feature", "geometry": {"type": "Point", "coordinates": [-95.461261, 30.311712]}, "properties": {"crashes": 1, "injury": 1, "fatal": 0, "pedestrian": 0, "bicycle": 1, "density": 0.2, "year_range": "2010-2024"}}, {"type": "Feature", "geometry": {"type": "Point", "coordinates": [-98.410811, 29.527928]}, "properties": {"crashes": 1, "injury": 1, "fatal": 0, "pedestrian": 0, "bicycle": 1, "density": 0.2, "year_range": "2010-2024"}}, {"type": "Feature", "geometry": {"type": "Point", "coordinates": [-101.906306, 33.574775]}, "properties": {"crashes": 1, "injury": 1, "fatal": 0, "pedestrian": 0, "bicycle": 1, "density": 0.2, "year_range": "2010-2024"}}, {"type": "Feature", "geometry": {"type": "Point", "coordinates": [-98.563964, 29.508108]}, "properties": {"crashes": 1, "injury": 1, "fatal": 0, "pedestrian": 0, "bicycle": 1, "density": 0.2, "year_range": "2010-2024"}}, {"type": "Feature", "geometry": {"type": "Point", "coordinates": [-97.481081, 25.922523]}, "properties": {"crashes": 2, "injury": 2, "fatal": 0, "pedestrian": 0, "bicycle": 2, "density": 0.5, "year_range": "2010-2024"}}, {"type": "Feature", "geometry": {"type": "Point", "coordinates": [-106.327928, 31.717117]}, "properties": {"crashes": 1, "injury": 1, "fatal": 0, "pedestrian": 0, "bicycle": 1, "density": 0.2, "year_range": "2010-2024"}}, {"type": "Feature", "geometry": {"type": "Point", "coordinates": [-97.677477, 30.286486]}, "properties": {"crashes": 1, "injury": 1, "fatal": 1, "pedestrian": 0, "bicycle": 1, "density": 0.2, "year_range": "2010-2024"}}, {"type": "Feature", "geometry": {"type": "Point", "coordinates": [-96.846847, 33.174775]}, "properties": {"crashes": 1, "injury": 1, "fatal": 0, "pedestrian": 0, "bicycle": 1, "density": 0.2, "year_range": "2010-2024"}}, {"type": "Feature", "geometry": {"type": "Point", "coordinates": [-98.536937, 29.356757]}, "properties": {"crashes": 2, "injury": 1, "fatal": 0, "pedestrian": 0, "bicycle": 2, "density": 0.5, "year_range": "2010-2024"}}, {"type": "Feature", "geometry": {"type": "Point", "coordinates": [-97.308108, 27.897297]}, "properties": {"crashes": 2, "injury": 2, "fatal": 0, "pedestrian": 0, "bicycle": 2, "density": 0.5, "year_range": "2010-2024"}}, {"type": "Feature", "geometry": {"type": "Point", "coordinates": [-93.747748, 30.117117]}, "properties": {"crashes": 1, "injury": 1, "fatal": 0, "pedestrian": 0, "bicycle": 1, "density": 0.2, "year_range": "2010-2024"}}, {"type": "Feature", "geometry": {"type": "Point", "coordinates": [-96.381982, 32.938739]}, "properties": {"crashes": 1, "injury": 0, "fatal": 0, "pedestrian": 0, "bicycle": 1, "density": 0.2, "year_range": "2010-2024"}}, {"type": "Feature", "geometry": {"type": "Point", "coordinates": [-98.526126, 34.055856]}, "properties": {"crashes": 1, "injury": 1, "fatal": 0, "pedestrian": 0, "bicycle": 1, "density": 0.2, "year_range": "2010-2024"}}, {"type": "Feature", "geometry": {"type": "Point", "coordinates": [-98.623423, 29.434234]}, "properties": {"crashes": 1, "injury": 1, "fatal": 0, "pedestrian": 0, "bicycle": 1, "density": 0.2, "year_range": "2010-2024"}}, {"type": "Feature", "geometry": {"type": "Point", "coordinates": [-98.578378, 33.857658]}, "properties": {"crashes": 1, "injury": 1, "fatal": 0, "pedestrian": 0, "bicycle": 1, "density": 0.2, "year_range": "2010-2024"}}, {"type": "Feature", "geometry": {"type": "Point", "coordinates": [-94.981982, 29.805405]}, "properties": {"crashes": 1, "injury": 1, "fatal": 0, "pedestrian": 0, "bicycle": 1, "density": 0.2, "year_range": "2010-2024"}}, {"type": "Feature", "geometry": {"type": "Point", "coordinates": [-97.29009, 32.794595]}, "properties": {"crashes": 1, "injury": 1, "fatal": 0, "pedestrian": 0, "bicycle": 1, "density": 0.2, "year_range": "2010-2024"}}, {"type": "Feature", "geometry": {"type": "Point", "coordinates": [-101.866667, 33.52973]}, "properties": {"crashes": 1, "injury": 1, "fatal": 1, "pedestrian": 0, "bicycle": 1, "density": 0.2, "year_range": "2010-2024"}}, {"type": "Feature", "geometry": {"type": "Point", "coordinates": [-97.778378, 26.185586]}, "properties": {"crashes": 1, "injury": 1, "fatal": 0, "pedestrian": 0, "bicycle": 1, "density": 0.2, "year_range": "2010-2024"}}, {"type": "Feature", "geometry": {"type": "Point", "coordinates": [-95.481081, 29.738739]}, "properties": {"crashes": 1, "injury": 1, "fatal": 0, "pedestrian": 0, "bicycle": 1, "density": 0.2, "year_range": "2010-2024"}}, {"type": "Feature", "geometry": {"type": "Point", "coordinates": [-95.421622, 29.684685]}, "properties": {"crashes": 1, "injury": 0, "fatal": 0, "pedestrian": 0, "bicycle": 1, "density": 0.2, "year_range": "2010-2024"}}, {"type": "Feature", "geometry": {"type": "Point", "coordinates": [-98.372973, 26.313514]}, "properties": {"crashes": 1, "injury": 1, "fatal": 0, "pedestrian": 0, "bicycle": 1, "density": 0.2, "year_range": "2010-2024"}}, {"type": "Feature", "geometry": {"type": "Point", "coordinates": [-95.243243, 29.641441]}, "properties": {"crashes": 1, "injury": 1, "fatal": 0, "pedestrian": 0, "bicycle": 1, "density": 0.2, "year_range": "2010-2024"}}, {"type": "Feature", "geometry": {"type": "Point", "coordinates": [-97.810811, 30.284685]}, "properties": {"crashes": 1, "injury": 0, "fatal": 0, "pedestrian": 0, "bicycle": 1, "density": 0.2, "year_range": "2010-2024"}}, {"type": "Feature", "geometry": {"type": "Point", "coordinates": [-97.192793, 32.675676]}, "properties": {"crashes": 1, "injury": 1, "fatal": 0, "pedestrian": 0, "bicycle": 1, "density": 0.2, "year_range": "2010-2024"}}, {"type": "Feature", "geometry": {"type": "Point", "coordinates": [-96.888288, 32.861261]}, "properties": {"crashes": 1, "injury": 1, "fatal": 0, "pedestrian": 0, "bicycle": 1, "density": 0.2, "year_range": "2010-2024"}}, {"type": "Feature", "geometry": {"type": "Point", "coordinates": [-94.845045, 32.371171]}, "properties": {"crashes": 1, "injury": 1, "fatal": 0, "pedestrian": 0, "bicycle": 1, "density": 0.2, "year_range": "2010-2024"}}, {"type": "Feature", "geometry": {"type": "Point", "coordinates": [-102.881081, 30.893694]}, "properties": {"crashes": 1, "injury": 1, "fatal": 0, "pedestrian": 0, "bicycle": 1, "density": 0.2, "year_range": "2010-2024"}}, {"type": "Feature", "geometry": {"type": "Point", "coordinates": [-96.972973, 28.812613]}, "properties": {"crashes": 1, "injury": 1, "fatal": 0, "pedestrian": 0, "bicycle": 1, "density": 0.2, "year_range": "2010-2024"}}, {"type": "Feature", "geometry": {"type": "Point", "coordinates": [-96.322523, 30.636036]}, "properties": {"crashes": 1, "injury": 1, "fatal": 0, "pedestrian": 0, "bicycle": 1, "density": 0.2, "year_range": "2010-2024"}}, {"type": "Feature", "geometry": {"type": "Point", "coordinates": [-97.827027, 30.522523]}, "properties": {"crashes": 1, "injury": 1, "fatal": 0, "pedestrian": 0, "bicycle": 1, "density": 0.2, "year_range": "2010-2024"}}, {"type": "Feature", "geometry": {"type": "Point", "coordinates": [-95.252252, 29.654054]}, "properties": {"crashes": 1, "injury": 1, "fatal": 0, "pedestrian": 0, "bicycle": 1, "density": 0.2, "year_range": "2010-2024"}}, {"type": "Feature", "geometry": {"type": "Point", "coordinates": [-97.016216, 32.841441]}, "properties": {"crashes": 1, "injury": 1, "fatal": 0, "pedestrian": 0, "bicycle": 1, "density": 0.2, "year_range": "2010-2024"}}, {"type": "Feature", "geometry": {"type": "Point", "coordinates": [-95.025225, 29.558559]}, "properties": {"crashes": 1, "injury": 1, "fatal": 0, "pedestrian": 0, "bicycle": 1, "density": 0.2, "year_range": "2010-2024"}}, {"type": "Feature", "geometry": {"type": "Point", "coordinates": [-98.612613, 29.491892]}, "properties": {"crashes": 2, "injury": 2, "fatal": 0, "pedestrian": 0, "bicycle": 2, "density": 0.5, "year_range": "2010-2024"}}, {"type": "Feature", "geometry": {"type": "Point", "coordinates": [-95.544144, 29.783784]}, "properties": {"crashes": 3, "injury": 3, "fatal": 0, "pedestrian": 0, "bicycle": 3, "density": 0.8, "year_range": "2010-2024"}}, {"type": "Feature", "geometry": {"type": "Point", "coordinates": [-97.711712, 30.347748]}, "properties": {"crashes": 1, "injury": 1, "fatal": 0, "pedestrian": 0, "bicycle": 1, "density": 0.2, "year_range": "2010-2024"}}, {"type": "Feature", "geometry": {"type": "Point", "coordinates": [-96.376577, 30.630631]}, "properties": {"crashes": 1, "injury": 1, "fatal": 0, "pedestrian": 0, "bicycle": 1, "density": 0.2, "year_range": "2010-2024"}}, {"type": "Feature", "geometry": {"type": "Point", "coordinates": [-106.407207, 31.90991]}, "properties": {"crashes": 1, "injury": 1, "fatal": 0, "pedestrian": 0, "bicycle": 1, "density": 0.2, "year_range": "2010-2024"}}, {"type": "Feature", "geometry": {"type": "Point", "coordinates": [-97.111712, 33.234234]}, "properties": {"crashes": 1, "injury": 1, "fatal": 0, "pedestrian": 0, "bicycle": 1, "density": 0.2, "year_range": "2010-2024"}}, {"type": "Feature", "geometry": {"type": "Point", "coordinates": [-95.284685, 29.803604]}, "properties": {"crashes": 2, "injury": 2, "fatal": 0, "pedestrian": 0, "bicycle": 2, "density": 0.5, "year_range": "2010-2024"}}, {"type": "Feature", "geometry": {"type": "Point", "coordinates": [-97.855856, 27.513514]}, "properties": {"crashes": 1, "injury": 1, "fatal": 0, "pedestrian": 0, "bicycle": 1, "density": 0.2, "year_range": "2010-2024"}}, {"type": "Feature", "geometry": {"type": "Point", "coordinates": [-95.915315, 30.94955]}, "properties": {"crashes": 1, "injury": 1, "fatal": 0, "pedestrian": 0, "bicycle": 1, "density": 0.2, "year_range": "2010-2024"}}, {"type": "Feature", "geometry": {"type": "Point", "coordinates": [-101.972973, 35.864865]}, "properties": {"crashes": 2, "injury": 2, "fatal": 0, "pedestrian": 0, "bicycle": 2, "density": 0.5, "year_range": "2010-2024"}}, {"type": "Feature", "geometry": {"type": "Point", "coordinates": [-97.209009, 32.866667]}, "properties": {"crashes": 1, "injury": 1, "fatal": 0, "pedestrian": 0, "bicycle": 1, "density": 0.2, "year_range": "2010-2024"}}, {"type": "Feature", "geometry": {"type": "Point", "coordinates": [-95.962162, 28.983784]}, "properties": {"crashes": 1, "injury": 1, "fatal": 0, "pedestrian": 0, "bicycle": 1, "density": 0.2, "year_range": "2010-2024"}}, {"type": "Feature", "geometry": {"type": "Point", "coordinates": [-98.23964, 26.236036]}, "properties": {"crashes": 1, "injury": 1, "fatal": 0, "pedestrian": 0, "bicycle": 1, "density": 0.2, "year_range": "2010-2024"}}, {"type": "Feature", "geometry": {"type": "Point", "coordinates": [-95.118919, 29.500901]}, "properties": {"crashes": 1, "injury": 1, "fatal": 0, "pedestrian": 0, "bicycle": 1, "density": 0.2, "year_range": "2010-2024"}}, {"type": "Feature", "geometry": {"type": "Point", "coordinates": [-95.259459, 29.434234]}, "properties": {"crashes": 1, "injury": 1, "fatal": 1, "pedestrian": 0, "bicycle": 1, "density": 0.2, "year_range": "2010-2024"}}, {"type": "Feature", "geometry": {"type": "Point", "coordinates": [-95.358559, 28.962162]}, "properties": {"crashes": 1, "injury": 1, "fatal": 0, "pedestrian": 0, "bicycle": 1, "density": 0.2, "year_range": "2010-2024"}}, {"type": "Feature", "geometry": {"type": "Point", "coordinates": [-96.003604, 29.872072]}, "properties": {"crashes": 1, "injury": 1, "fatal": 0, "pedestrian": 0, "bicycle": 1, "density": 0.2, "year_range": "2010-2024"}}, {"type": "Feature", "geometry": {"type": "Point", "coordinates": [-96.358559, 30.63964]}, "properties": {"crashes": 1, "injury": 1, "fatal": 0, "pedestrian": 0, "bicycle": 1, "density": 0.2, "year_range": "2010-2024"}}, {"type": "Feature", "geometry": {"type": "Point", "coordinates": [-95.093694, 29.506306]}, "properties": {"crashes": 1, "injury": 1, "fatal": 0, "pedestrian": 0, "bicycle": 1, "density": 0.2, "year_range": "2010-2024"}}, {"type": "Feature", "geometry": {"type": "Point", "coordinates": [-96.918919, 30.18018]}, "properties": {"crashes": 1, "injury": 1, "fatal": 0, "pedestrian": 0, "bicycle": 1, "density": 0.2, "year_range": "2010-2024"}}, {"type": "Feature", "geometry": {"type": "Point", "coordinates": [-97.075676, 32.881081]}, "properties": {"crashes": 1, "injury": 1, "fatal": 0, "pedestrian": 0, "bicycle": 1, "density": 0.2, "year_range": "2010-2024"}}, {"type": "Feature", "geometry": {"type": "Point", "coordinates": [-94.944144, 29.203604]}, "properties": {"crashes": 1, "injury": 1, "fatal": 0, "pedestrian": 0, "bicycle": 1, "density": 0.2, "year_range": "2010-2024"}}, {"type": "Feature", "geometry": {"type": "Point", "coordinates": [-98.49009, 29.437838]}, "properties": {"crashes": 1, "injury": 1, "fatal": 0, "pedestrian": 0, "bicycle": 1, "density": 0.2, "year_range": "2010-2024"}}, {"type": "Feature", "geometry": {"type": "Point", "coordinates": [-94.091892, 30.064865]}, "properties": {"crashes": 1, "injury": 1, "fatal": 0, "pedestrian": 0, "bicycle": 1, "density": 0.2, "year_range": "2010-2024"}}, {"type": "Feature", "geometry": {"type": "Point", "coordinates": [-101.378378, 33.198198]}, "properties": {"crashes": 1, "injury": 1, "fatal": 0, "pedestrian": 0, "bicycle": 1, "density": 0.2, "year_range": "2010-2024"}}, {"type": "Feature", "geometry": {"type": "Point", "coordinates": [-97.738739, 30.261261]}, "properties": {"crashes": 5, "injury": 3, "fatal": 0, "pedestrian": 0, "bicycle": 5, "density": 1.2, "year_range": "2010-2024"}}, {"type": "Feature", "geometry": {"type": "Point", "coordinates": [-95.763964, 29.785586]}, "properties": {"crashes": 1, "injury": 1, "fatal": 0, "pedestrian": 0, "bicycle": 1, "density": 0.2, "year_range": "2010-2024"}}, {"type": "Feature", "geometry": {"type": "Point", "coordinates": [-97.834234, 30.156757]}, "properties": {"crashes": 1, "injury": 1, "fatal": 0, "pedestrian": 0, "bicycle": 1, "density": 0.2, "year_range": "2010-2024"}}, {"type": "Feature", "geometry": {"type": "Point", "coordinates": [-97.455856, 25.915315]}, "properties": {"crashes": 1, "injury": 1, "fatal": 0, "pedestrian": 0, "bicycle": 1, "density": 0.2, "year_range": "2010-2024"}}, {"type": "Feature", "geometry": {"type": "Point", "coordinates": [-97.814414, 30.187387]}, "properties": {"crashes": 1, "injury": 1, "fatal": 0, "pedestrian": 0, "bicycle": 1, "density": 0.2, "year_range": "2010-2024"}}, {"type": "Feature", "geometry": {"type": "Point", "coordinates": [-95.32973, 30.524324]}, "properties": {"crashes": 1, "injury": 1, "fatal": 1, "pedestrian": 0, "bicycle": 1, "density": 0.2, "year_range": "2010-2024"}}, {"type": "Feature", "geometry": {"type": "Point", "coordinates": [-98.30991, 29.513514]}, "properties": {"crashes": 1, "injury": 1, "fatal": 0, "pedestrian": 0, "bicycle": 1, "density": 0.2, "year_range": "2010-2024"}}, {"type": "Feature", "geometry": {"type": "Point", "coordinates": [-96.897297, 32.875676]}, "properties": {"crashes": 1, "injury": 1, "fatal": 0, "pedestrian": 0, "bicycle": 1, "density": 0.2, "year_range": "2010-2024"}}, {"type": "Feature", "geometry": {"type": "Point", "coordinates": [-98.576577, 29.592793]}, "properties": {"crashes": 2, "injury": 2, "fatal": 0, "pedestrian": 0, "bicycle": 2, "density": 0.5, "year_range": "2010-2024"}}, {"type": "Feature", "geometry": {"type": "Point", "coordinates": [-98.113514, 32.807207]}, "properties": {"crashes": 1, "injury": 1, "fatal": 0, "pedestrian": 0, "bicycle": 1, "density": 0.2, "year_range": "2010-2024"}}, {"type": "Feature", "geometry": {"type": "Point", "coordinates": [-98.704505, 29.493694]}, "properties": {"crashes": 1, "injury": 1, "fatal": 0, "pedestrian": 0, "bicycle": 1, "density": 0.2, "year_range": "2010-2024"}}, {"type": "Feature", "geometry": {"type": "Point", "coordinates": [-98.47027, 29.455856]}, "properties": {"crashes": 1, "injury": 1, "fatal": 0, "pedestrian": 0, "bicycle": 1, "density": 0.2, "year_range": "2010-2024"}}, {"type": "Feature", "geometry": {"type": "Point", "coordinates": [-95.572973, 30.209009]}, "properties": {"crashes": 1, "injury": 1, "fatal": 0, "pedestrian": 0, "bicycle": 1, "density": 0.2, "year_range": "2010-2024"}}, {"type": "Feature", "geometry": {"type": "Point", "coordinates": [-95.412613, 29.911712]}, "properties": {"crashes": 1, "injury": 1, "fatal": 0, "pedestrian": 0, "bicycle": 1, "density": 0.2, "year_range": "2010-2024"}}, {"type": "Feature", "geometry": {"type": "Point", "coordinates": [-98.410811, 29.526126]}, "properties": {"crashes": 1, "injury": 0, "fatal": 0, "pedestrian": 0, "bicycle": 1, "density": 0.2, "year_range": "2010-2024"}}, {"type": "Feature", "geometry": {"type": "Point", "coordinates": [-97.958559, 30.324324]}, "properties": {"crashes": 1, "injury": 0, "fatal": 0, "pedestrian": 0, "bicycle": 1, "density": 0.2, "year_range": "2010-2024"}}, {"type": "Feature", "geometry": {"type": "Point", "coordinates": [-97.140541, 32.589189]}, "properties": {"crashes": 2, "injury": 1, "fatal": 0, "pedestrian": 0, "bicycle": 2, "density": 0.5, "year_range": "2010-2024"}}, {"type": "Feature", "geometry": {"type": "Point", "coordinates": [-96.682883, 32.74955]}, "properties": {"crashes": 1, "injury": 1, "fatal": 0, "pedestrian": 0, "bicycle": 1, "density": 0.2, "year_range": "2010-2024"}}, {"type": "Feature", "geometry": {"type": "Point", "coordinates": [-96.821622, 32.554955]}, "properties": {"crashes": 1, "injury": 1, "fatal": 0, "pedestrian": 0, "bicycle": 1, "density": 0.2, "year_range": "2010-2024"}}, {"type": "Feature", "geometry": {"type": "Point", "coordinates": [-95.118919, 29.538739]}, "properties": {"crashes": 1, "injury": 1, "fatal": 0, "pedestrian": 0, "bicycle": 1, "density": 0.2, "year_range": "2010-2024"}}, {"type": "Feature", "geometry": {"type": "Point", "coordinates": [-96.299099, 30.598198]}, "properties": {"crashes": 1, "injury": 1, "fatal": 0, "pedestrian": 0, "bicycle": 1, "density": 0.2, "year_range": "2010-2024"}}, {"type": "Feature", "geometry": {"type": "Point", "coordinates": [-98.556757, 34.081081]}, "properties": {"crashes": 1, "injury": 1, "fatal": 0, "pedestrian": 0, "bicycle": 1, "density": 0.2, "year_range": "2010-2024"}}, {"type": "Feature", "geometry": {"type": "Point", "coordinates": [-95.659459, 29.879279]}, "properties": {"crashes": 1, "injury": 1, "fatal": 0, "pedestrian": 0, "bicycle": 1, "density": 0.2, "year_range": "2010-2024"}}, {"type": "Feature", "geometry": {"type": "Point", "coordinates": [-95.571171, 29.736937]}, "properties": {"crashes": 2, "injury": 0, "fatal": 0, "pedestrian": 0, "bicycle": 2, "density": 0.5, "year_range": "2010-2024"}}, {"type": "Feature", "geometry": {"type": "Point", "coordinates": [-96.805405, 33.104505]}, "properties": {"crashes": 1, "injury": 1, "fatal": 0, "pedestrian": 0, "bicycle": 1, "density": 0.2, "year_range": "2010-2024"}}, {"type": "Feature", "geometry": {"type": "Point", "coordinates": [-98.084685, 29.073874]}, "properties": {"crashes": 1, "injury": 1, "fatal": 0, "pedestrian": 0, "bicycle": 1, "density": 0.2, "year_range": "2010-2024"}}, {"type": "Feature", "geometry": {"type": "Point", "coordinates": [-95.353153, 28.963964]}, "properties": {"crashes": 1, "injury": 0, "fatal": 0, "pedestrian": 0, "bicycle": 1, "density": 0.2, "year_range": "2010-2024"}}, {"type": "Feature", "geometry": {"type": "Point", "coordinates": [-97.902703, 29.873874]}, "properties": {"crashes": 1, "injury": 1, "fatal": 0, "pedestrian": 0, "bicycle": 1, "density": 0.2, "year_range": "2010-2024"}}, {"type": "Feature", "geometry": {"type": "Point", "coordinates": [-97.099099, 32.845045]}, "properties": {"crashes": 1, "injury": 1, "fatal": 0, "pedestrian": 0, "bicycle": 1, "density": 0.2, "year_range": "2010-2024"}}, {"type": "Feature", "geometry": {"type": "Point", "coordinates": [-95.473874, 30.421622]}, "properties": {"crashes": 1, "injury": 1, "fatal": 0, "pedestrian": 0, "bicycle": 1, "density": 0.2, "year_range": "2010-2024"}}, {"type": "Feature", "geometry": {"type": "Point", "coordinates": [-97.940541, 29.882883]}, "properties": {"crashes": 2, "injury": 2, "fatal": 0, "pedestrian": 0, "bicycle": 2, "density": 0.5, "year_range": "2010-2024"}}, {"type": "Feature", "geometry": {"type": "Point", "coordinates": [-95.407207, 29.643243]}, "properties": {"crashes": 1, "injury": 1, "fatal": 0, "pedestrian": 0, "bicycle": 1, "density": 0.2, "year_range": "2010-2024"}}, {"type": "Feature", "geometry": {"type": "Point", "coordinates": [-97.545946, 30.526126]}, "properties": {"crashes": 1, "injury": 1, "fatal": 0, "pedestrian": 0, "bicycle": 1, "density": 0.2, "year_range": "2010-2024"}}, {"type": "Feature", "geometry": {"type": "Point", "coordinates": [-98.2, 26.093694]}, "properties": {"crashes": 1, "injury": 1, "fatal": 0, "pedestrian": 0, "bicycle": 1, "density": 0.2, "year_range": "2010-2024"}}, {"type": "Feature", "geometry": {"type": "Point", "coordinates": [-97.457658, 31.072072]}, "properties": {"crashes": 1, "injury": 0, "fatal": 0, "pedestrian": 0, "bicycle": 1, "density": 0.2, "year_range": "2010-2024"}}, {"type": "Feature", "geometry": {"type": "Point", "coordinates": [-98.547748, 29.403604]}, "properties": {"crashes": 1, "injury": 1, "fatal": 0, "pedestrian": 0, "bicycle": 1, "density": 0.2, "year_range": "2010-2024"}}, {"type": "Feature", "geometry": {"type": "Point", "coordinates": [-98.713514, 29.497297]}, "properties": {"crashes": 1, "injury": 0, "fatal": 0, "pedestrian": 0, "bicycle": 1, "density": 0.2, "year_range": "2010-2024"}}, {"type": "Feature", "geometry": {"type": "Point", "coordinates": [-96.83964, 33.174775]}, "properties": {"crashes": 1, "injury": 1, "fatal": 0, "pedestrian": 0, "bicycle": 1, "density": 0.2, "year_range": "2010-2024"}}, {"type": "Feature", "geometry": {"type": "Point", "coordinates": [-95.313514, 32.336937]}, "properties": {"crashes": 1, "injury": 0, "fatal": 0, "pedestrian": 0, "bicycle": 1, "density": 0.2, "year_range": "2010-2024"}}, {"type": "Feature", "geometry": {"type": "Point", "coordinates": [-95.544144, 30.704505]}, "properties": {"crashes": 3, "injury": 3, "fatal": 0, "pedestrian": 0, "bicycle": 3, "density": 0.8, "year_range": "2010-2024"}}, {"type": "Feature", "geometry": {"type": "Point", "coordinates": [-97.448649, 31.057658]}, "properties": {"crashes": 1, "injury": 1, "fatal": 0, "pedestrian": 0, "bicycle": 1, "density": 0.2, "year_range": "2010-2024"}}, {"type": "Feature", "geometry": {"type": "Point", "coordinates": [-96.454054, 32.097297]}, "properties": {"crashes": 1, "injury": 1, "fatal": 0, "pedestrian": 0, "bicycle": 1, "density": 0.2, "year_range": "2010-2024"}}, {"type": "Feature", "geometry": {"type": "Point", "coordinates": [-95.396396, 30.841441]}, "properties": {"crashes": 1, "injury": 1, "fatal": 1, "pedestrian": 0, "bicycle": 1, "density": 0.2, "year_range": "2010-2024"}}, {"type": "Feature", "geometry": {"type": "Point", "coordinates": [-98.264865, 26.108108]}, "properties": {"crashes": 1, "injury": 1, "fatal": 0, "pedestrian": 0, "bicycle": 1, "density": 0.2, "year_range": "2010-2024"}}, {"type": "Feature", "geometry": {"type": "Point", "coordinates": [-95.185586, 29.511712]}, "properties": {"crashes": 1, "injury": 1, "fatal": 0, "pedestrian": 0, "bicycle": 1, "density": 0.2, "year_range": "2010-2024"}}, {"type": "Feature", "geometry": {"type": "Point", "coordinates": [-95.542342, 30.574775]}, "properties": {"crashes": 1, "injury": 1, "fatal": 0, "pedestrian": 0, "bicycle": 1, "density": 0.2, "year_range": "2010-2024"}}, {"type": "Feature", "geometry": {"type": "Point", "coordinates": [-94.717117, 32.441441]}, "properties": {"crashes": 1, "injury": 1, "fatal": 0, "pedestrian": 0, "bicycle": 1, "density": 0.2, "year_range": "2010-2024"}}, {"type": "Feature", "geometry": {"type": "Point", "coordinates": [-95.412613, 29.863063]}, "properties": {"crashes": 1, "injury": 1, "fatal": 0, "pedestrian": 0, "bicycle": 1, "density": 0.2, "year_range": "2010-2024"}}, {"type": "Feature", "geometry": {"type": "Point", "coordinates": [-97.736937, 30.254054]}, "properties": {"crashes": 1, "injury": 0, "fatal": 0, "pedestrian": 0, "bicycle": 1, "density": 0.2, "year_range": "2010-2024"}}, {"type": "Feature", "geometry": {"type": "Point", "coordinates": [-97.740541, 30.263063]}, "properties": {"crashes": 3, "injury": 3, "fatal": 0, "pedestrian": 0, "bicycle": 3, "density": 0.8, "year_range": "2010-2024"}}, {"type": "Feature", "geometry": {"type": "Point", "coordinates": [-99.763964, 29.724324]}, "properties": {"crashes": 1, "injury": 0, "fatal": 0, "pedestrian": 0, "bicycle": 1, "density": 0.2, "year_range": "2010-2024"}}, {"type": "Feature", "geometry": {"type": "Point", "coordinates": [-96.571171, 33.814414]}, "properties": {"crashes": 1, "injury": 1, "fatal": 0, "pedestrian": 0, "bicycle": 1, "density": 0.2, "year_range": "2010-2024"}}, {"type": "Feature", "geometry": {"type": "Point", "coordinates": [-95.643243, 29.677477]}, "properties": {"crashes": 1, "injury": 1, "fatal": 0, "pedestrian": 0, "bicycle": 1, "density": 0.2, "year_range": "2010-2024"}}, {"type": "Feature", "geometry": {"type": "Point", "coordinates": [-95.2, 29.538739]}, "properties": {"crashes": 1, "injury": 1, "fatal": 0, "pedestrian": 0, "bicycle": 1, "density": 0.2, "year_range": "2010-2024"}}, {"type": "Feature", "geometry": {"type": "Point", "coordinates": [-95.354955, 29.675676]}, "properties": {"crashes": 1, "injury": 1, "fatal": 0, "pedestrian": 0, "bicycle": 1, "density": 0.2, "year_range": "2010-2024"}}, {"type": "Feature", "geometry": {"type": "Point", "coordinates": [-97.010811, 33.046847]}, "properties": {"crashes": 1, "injury": 1, "fatal": 0, "pedestrian": 0, "bicycle": 1, "density": 0.2, "year_range": "2010-2024"}}, {"type": "Feature", "geometry": {"type": "Point", "coordinates": [-98.542342, 29.571171]}, "properties": {"crashes": 1, "injury": 1, "fatal": 0, "pedestrian": 0, "bicycle": 1, "density": 0.2, "year_range": "2010-2024"}}, {"type": "Feature", "geometry": {"type": "Point", "coordinates": [-95.410811, 29.778378]}, "properties": {"crashes": 1, "injury": 1, "fatal": 0, "pedestrian": 0, "bicycle": 1, "density": 0.2, "year_range": "2010-2024"}}, {"type": "Feature", "geometry": {"type": "Point", "coordinates": [-98.4, 29.423423]}, "properties": {"crashes": 1, "injury": 1, "fatal": 0, "pedestrian": 0, "bicycle": 1, "density": 0.2, "year_range": "2010-2024"}}, {"type": "Feature", "geometry": {"type": "Point", "coordinates": [-95.513514, 30.073874]}, "properties": {"crashes": 1, "injury": 1, "fatal": 0, "pedestrian": 0, "bicycle": 1, "density": 0.2, "year_range": "2010-2024"}}, {"type": "Feature", "geometry": {"type": "Point", "coordinates": [-98.245045, 26.210811]}, "properties": {"crashes": 1, "injury": 1, "fatal": 0, "pedestrian": 0, "bicycle": 1, "density": 0.2, "year_range": "2010-2024"}}, {"type": "Feature", "geometry": {"type": "Point", "coordinates": [-101.855856, 33.592793]}, "properties": {"crashes": 3, "injury": 1, "fatal": 0, "pedestrian": 0, "bicycle": 3, "density": 0.8, "year_range": "2010-2024"}}, {"type": "Feature", "geometry": {"type": "Point", "coordinates": [-95.563964, 29.6]}, "properties": {"crashes": 1, "injury": 1, "fatal": 0, "pedestrian": 0, "bicycle": 1, "density": 0.2, "year_range": "2010-2024"}}, {"type": "Feature", "geometry": {"type": "Point", "coordinates": [-97.300901, 32.794595]}, "properties": {"crashes": 1, "injury": 1, "fatal": 0, "pedestrian": 0, "bicycle": 1, "density": 0.2, "year_range": "2010-2024"}}, {"type": "Feature", "geometry": {"type": "Point", "coordinates": [-98.486486, 29.387387]}, "properties": {"crashes": 2, "injury": 2, "fatal": 0, "pedestrian": 0, "bicycle": 2, "density": 0.5, "year_range": "2010-2024"}}, {"type": "Feature", "geometry": {"type": "Point", "coordinates": [-95.293694, 32.344144]}, "properties": {"crashes": 1, "injury": 1, "fatal": 0, "pedestrian": 0, "bicycle": 1, "density": 0.2, "year_range": "2010-2024"}}, {"type": "Feature", "geometry": {"type": "Point", "coordinates": [-97.115315, 32.708108]}, "properties": {"crashes": 2, "injury": 2, "fatal": 0, "pedestrian": 0, "bicycle": 2, "density": 0.5, "year_range": "2010-2024"}}, {"type": "Feature", "geometry": {"type": "Point", "coordinates": [-97.320721, 32.702703]}, "properties": {"crashes": 1, "injury": 1, "fatal": 0, "pedestrian": 0, "bicycle": 1, "density": 0.2, "year_range": "2010-2024"}}, {"type": "Feature", "geometry": {"type": "Point", "coordinates": [-96.951351, 32.583784]}, "properties": {"crashes": 1, "injury": 1, "fatal": 0, "pedestrian": 0, "bicycle": 1, "density": 0.2, "year_range": "2010-2024"}}, {"type": "Feature", "geometry": {"type": "Point", "coordinates": [-97.318919, 32.758559]}, "properties": {"crashes": 1, "injury": 1, "fatal": 0, "pedestrian": 0, "bicycle": 1, "density": 0.2, "year_range": "2010-2024"}}, {"type": "Feature", "geometry": {"type": "Point", "coordinates": [-96.641441, 33.055856]}, "properties": {"crashes": 1, "injury": 1, "fatal": 0, "pedestrian": 0, "bicycle": 1, "density": 0.2, "year_range": "2010-2024"}}, {"type": "Feature", "geometry": {"type": "Point", "coordinates": [-97.07027, 33.028829]}, "properties": {"crashes": 1, "injury": 1, "fatal": 0, "pedestrian": 0, "bicycle": 1, "density": 0.2, "year_range": "2010-2024"}}, {"type": "Feature", "geometry": {"type": "Point", "coordinates": [-97.902703, 31.124324]}, "properties": {"crashes": 1, "injury": 1, "fatal": 0, "pedestrian": 0, "bicycle": 1, "density": 0.2, "year_range": "2010-2024"}}, {"type": "Feature", "geometry": {"type": "Point", "coordinates": [-97.738739, 30.216216]}, "properties": {"crashes": 1, "injury": 1, "fatal": 0, "pedestrian": 0, "bicycle": 1, "density": 0.2, "year_range": "2010-2024"}}, {"type": "Feature", "geometry": {"type": "Point", "coordinates": [-97.659459, 30.517117]}, "properties": {"crashes": 1, "injury": 1, "fatal": 0, "pedestrian": 0, "bicycle": 1, "density": 0.2, "year_range": "2010-2024"}}, {"type": "Feature", "geometry": {"type": "Point", "coordinates": [-95.513514, 29.783784]}, "properties": {"crashes": 1, "injury": 0, "fatal": 0, "pedestrian": 0, "bicycle": 1, "density": 0.2, "year_range": "2010-2024"}}, {"type": "Feature", "geometry": {"type": "Point", "coordinates": [-102.075676, 31.978378]}, "properties": {"crashes": 1, "injury": 1, "fatal": 0, "pedestrian": 0, "bicycle": 1, "density": 0.2, "year_range": "2010-2024"}}, {"type": "Feature", "geometry": {"type": "Point", "coordinates": [-96.486486, 32.596396]}, "properties": {"crashes": 1, "injury": 1, "fatal": 0, "pedestrian": 0, "bicycle": 1, "density": 0.2, "year_range": "2010-2024"}}, {"type": "Feature", "geometry": {"type": "Point", "coordinates": [-96.437838, 33.027027]}, "properties": {"crashes": 1, "injury": 1, "fatal": 0, "pedestrian": 0, "bicycle": 1, "density": 0.2, "year_range": "2010-2024"}}, {"type": "Feature", "geometry": {"type": "Point", "coordinates": [-96.69009, 32.818018]}, "properties": {"crashes": 1, "injury": 1, "fatal": 0, "pedestrian": 0, "bicycle": 1, "density": 0.2, "year_range": "2010-2024"}}, {"type": "Feature", "geometry": {"type": "Point", "coordinates": [-93.992793, 29.945946]}, "properties": {"crashes": 1, "injury": 1, "fatal": 0, "pedestrian": 0, "bicycle": 1, "density": 0.2, "year_range": "2010-2024"}}, {"type": "Feature", "geometry": {"type": "Point", "coordinates": [-99.131532, 30.055856]}, "properties": {"crashes": 2, "injury": 2, "fatal": 0, "pedestrian": 0, "bicycle": 2, "density": 0.5, "year_range": "2010-2024"}}, {"type": "Feature", "geometry": {"type": "Point", "coordinates": [-97.915315, 31.133333]}, "properties": {"crashes": 2, "injury": 2, "fatal": 0, "pedestrian": 0, "bicycle": 2, "density": 0.5, "year_range": "2010-2024"}}, {"type": "Feature", "geometry": {"type": "Point", "coordinates": [-95.41982, 29.167568]}, "properties": {"crashes": 1, "injury": 0, "fatal": 0, "pedestrian": 0, "bicycle": 1, "density": 0.2, "year_range": "2010-2024"}}, {"type": "Feature", "geometry": {"type": "Point", "coordinates": [-97.978378, 29.834234]}, "properties": {"crashes": 1, "injury": 0, "fatal": 0, "pedestrian": 0, "bicycle": 1, "density": 0.2, "year_range": "2010-2024"}}, {"type": "Feature", "geometry": {"type": "Point", "coordinates": [-98.50991, 29.612613]}, "properties": {"crashes": 1, "injury": 1, "fatal": 0, "pedestrian": 0, "bicycle": 1, "density": 0.2, "year_range": "2010-2024"}}, {"type": "Feature", "geometry": {"type": "Point", "coordinates": [-98.785586, 29.618018]}, "properties": {"crashes": 1, "injury": 1, "fatal": 0, "pedestrian": 0, "bicycle": 1, "density": 0.2, "year_range": "2010-2024"}}, {"type": "Feature", "geometry": {"type": "Point", "coordinates": [-98.409009, 29.50991]}, "properties": {"crashes": 2, "injury": 2, "fatal": 0, "pedestrian": 0, "bicycle": 2, "density": 0.5, "year_range": "2010-2024"}}, {"type": "Feature", "geometry": {"type": "Point", "coordinates": [-95.037838, 29.407207]}, "properties": {"crashes": 1, "injury": 1, "fatal": 0, "pedestrian": 0, "bicycle": 1, "density": 0.2, "year_range": "2010-2024"}}, {"type": "Feature", "geometry": {"type": "Point", "coordinates": [-94.98018, 29.740541]}, "properties": {"crashes": 1, "injury": 1, "fatal": 1, "pedestrian": 0, "bicycle": 1, "density": 0.2, "year_range": "2010-2024"}}, {"type": "Feature", "geometry": {"type": "Point", "coordinates": [-97.459459, 25.918919]}, "properties": {"crashes": 1, "injury": 1, "fatal": 0, "pedestrian": 0, "bicycle": 1, "density": 0.2, "year_range": "2010-2024"}}, {"type": "Feature", "geometry": {"type": "Point", "coordinates": [-96.630631, 32.911712]}, "properties": {"crashes": 1, "injury": 1, "fatal": 0, "pedestrian": 0, "bicycle": 1, "density": 0.2, "year_range": "2010-2024"}}, {"type": "Feature", "geometry": {"type": "Point", "coordinates": [-96.967568, 28.816216]}, "properties": {"crashes": 1, "injury": 1, "fatal": 0, "pedestrian": 0, "bicycle": 1, "density": 0.2, "year_range": "2010-2024"}}, {"type": "Feature", "geometry": {"type": "Point", "coordinates": [-94.10991, 30.082883]}, "properties": {"crashes": 1, "injury": 1, "fatal": 0, "pedestrian": 0, "bicycle": 1, "density": 0.2, "year_range": "2010-2024"}}, {"type": "Feature", "geometry": {"type": "Point", "coordinates": [-94.895495, 30.414414]}, "properties": {"crashes": 1, "injury": 1, "fatal": 0, "pedestrian": 0, "bicycle": 1, "density": 0.2, "year_range": "2010-2024"}}, {"type": "Feature", "geometry": {"type": "Point", "coordinates": [-96.616216, 33.63964]}, "properties": {"crashes": 1, "injury": 1, "fatal": 0, "pedestrian": 0, "bicycle": 1, "density": 0.2, "year_range": "2010-2024"}}, {"type": "Feature", "geometry": {"type": "Point", "coordinates": [-98.630631, 29.587387]}, "properties": {"crashes": 1, "injury": 1, "fatal": 0, "pedestrian": 0, "bicycle": 1, "density": 0.2, "year_range": "2010-2024"}}, {"type": "Feature", "geometry": {"type": "Point", "coordinates": [-96.333333, 30.627027]}, "properties": {"crashes": 1, "injury": 1, "fatal": 0, "pedestrian": 0, "bicycle": 1, "density": 0.2, "year_range": "2010-2024"}}, {"type": "Feature", "geometry": {"type": "Point", "coordinates": [-98.218018, 26.268468]}, "properties": {"crashes": 1, "injury": 1, "fatal": 0, "pedestrian": 0, "bicycle": 1, "density": 0.2, "year_range": "2010-2024"}}, {"type": "Feature", "geometry": {"type": "Point", "coordinates": [-97.726126, 30.372973]}, "properties": {"crashes": 2, "injury": 2, "fatal": 0, "pedestrian": 0, "bicycle": 2, "density": 0.5, "year_range": "2010-2024"}}, {"type": "Feature", "geometry": {"type": "Point", "coordinates": [-98.045045, 31.994595]}, "properties": {"crashes": 1, "injury": 1, "fatal": 0, "pedestrian": 0, "bicycle": 1, "density": 0.2, "year_range": "2010-2024"}}, {"type": "Feature", "geometry": {"type": "Point", "coordinates": [-96.291892, 33.374775]}, "properties": {"crashes": 1, "injury": 1, "fatal": 0, "pedestrian": 0, "bicycle": 1, "density": 0.2, "year_range": "2010-2024"}}, {"type": "Feature", "geometry": {"type": "Point", "coordinates": [-97.106306, 33.154955]}, "properties": {"crashes": 1, "injury": 1, "fatal": 0, "pedestrian": 0, "bicycle": 1, "density": 0.2, "year_range": "2010-2024"}}, {"type": "Feature", "geometry": {"type": "Point", "coordinates": [-95.277477, 30.005405]}, "properties": {"crashes": 1, "injury": 1, "fatal": 0, "pedestrian": 0, "bicycle": 1, "density": 0.2, "year_range": "2010-2024"}}, {"type": "Feature", "geometry": {"type": "Point", "coordinates": [-101.825225, 35.221622]}, "properties": {"crashes": 1, "injury": 1, "fatal": 0, "pedestrian": 0, "bicycle": 1, "density": 0.2, "year_range": "2010-2024"}}, {"type": "Feature", "geometry": {"type": "Point", "coordinates": [-94.762162, 32.502703]}, "properties": {"crashes": 1, "injury": 1, "fatal": 0, "pedestrian": 0, "bicycle": 1, "density": 0.2, "year_range": "2010-2024"}}, {"type": "Feature", "geometry": {"type": "Point", "coordinates": [-97.484685, 25.985586]}, "properties": {"crashes": 1, "injury": 1, "fatal": 0, "pedestrian": 0, "bicycle": 1, "density": 0.2, "year_range": "2010-2024"}}, {"type": "Feature", "geometry": {"type": "Point", "coordinates": [-93.940541, 29.884685]}, "properties": {"crashes": 1, "injury": 1, "fatal": 0, "pedestrian": 0, "bicycle": 1, "density": 0.2, "year_range": "2010-2024"}}, {"type": "Feature", "geometry": {"type": "Point", "coordinates": [-96.331532, 30.610811]}, "properties": {"crashes": 1, "injury": 0, "fatal": 0, "pedestrian": 0, "bicycle": 1, "density": 0.2, "year_range": "2010-2024"}}, {"type": "Feature", "geometry": {"type": "Point", "coordinates": [-97.138739, 33.196396]}, "properties": {"crashes": 2, "injury": 2, "fatal": 0, "pedestrian": 0, "bicycle": 2, "density": 0.5, "year_range": "2010-2024"}}, {"type": "Feature", "geometry": {"type": "Point", "coordinates": [-98.203604, 26.205405]}, "properties": {"crashes": 1, "injury": 1, "fatal": 0, "pedestrian": 0, "bicycle": 1, "density": 0.2, "year_range": "2010-2024"}}, {"type": "Feature", "geometry": {"type": "Point", "coordinates": [-97.135135, 33.205405]}, "properties": {"crashes": 1, "injury": 1, "fatal": 0, "pedestrian": 0, "bicycle": 1, "density": 0.2, "year_range": "2010-2024"}}, {"type": "Feature", "geometry": {"type": "Point", "coordinates": [-98.18018, 26.194595]}, "properties": {"crashes": 1, "injury": 1, "fatal": 0, "pedestrian": 0, "bicycle": 1, "density": 0.2, "year_range": "2010-2024"}}, {"type": "Feature", "geometry": {"type": "Point", "coordinates": [-98.232432, 26.192793]}, "properties": {"crashes": 1, "injury": 1, "fatal": 0, "pedestrian": 0, "bicycle": 1, "density": 0.2, "year_range": "2010-2024"}}, {"type": "Feature", "geometry": {"type": "Point", "coordinates": [-95.29009, 29.681081]}, "properties": {"crashes": 2, "injury": 2, "fatal": 0, "pedestrian": 0, "bicycle": 2, "density": 0.5, "year_range": "2010-2024"}}, {"type": "Feature", "geometry": {"type": "Point", "coordinates": [-98.587387, 29.592793]}, "properties": {"crashes": 1, "injury": 1, "fatal": 0, "pedestrian": 0, "bicycle": 1, "density": 0.2, "year_range": "2010-2024"}}, {"type": "Feature", "geometry": {"type": "Point", "coordinates": [-97.715315, 30.409009]}, "properties": {"crashes": 2, "injury": 2, "fatal": 0, "pedestrian": 0, "bicycle": 2, "density": 0.5, "year_range": "2010-2024"}}, {"type": "Feature", "geometry": {"type": "Point", "coordinates": [-97.818018, 32.436036]}, "properties": {"crashes": 1, "injury": 1, "fatal": 0, "pedestrian": 0, "bicycle": 1, "density": 0.2, "year_range": "2010-2024"}}, {"type": "Feature", "geometry": {"type": "Point", "coordinates": [-96.322523, 30.618018]}, "properties": {"crashes": 1, "injury": 1, "fatal": 0, "pedestrian": 0, "bicycle": 1, "density": 0.2, "year_range": "2010-2024"}}, {"type": "Feature", "geometry": {"type": "Point", "coordinates": [-95.628829, 29.735135]}, "properties": {"crashes": 1, "injury": 1, "fatal": 0, "pedestrian": 0, "bicycle": 1, "density": 0.2, "year_range": "2010-2024"}}, {"type": "Feature", "geometry": {"type": "Point", "coordinates": [-97.273874, 32.781982]}, "properties": {"crashes": 1, "injury": 0, "fatal": 0, "pedestrian": 0, "bicycle": 1, "density": 0.2, "year_range": "2010-2024"}}, {"type": "Feature", "geometry": {"type": "Point", "coordinates": [-98.618018, 29.344144]}, "properties": {"crashes": 1, "injury": 1, "fatal": 0, "pedestrian": 0, "bicycle": 1, "density": 0.2, "year_range": "2010-2024"}}, {"type": "Feature", "geometry": {"type": "Point", "coordinates": [-98.376577, 26.221622]}, "properties": {"crashes": 1, "injury": 1, "fatal": 0, "pedestrian": 0, "bicycle": 1, "density": 0.2, "year_range": "2010-2024"}}, {"type": "Feature", "geometry": {"type": "Point", "coordinates": [-97.409009, 27.796396]}, "properties": {"crashes": 1, "injury": 1, "fatal": 0, "pedestrian": 0, "bicycle": 1, "density": 0.2, "year_range": "2010-2024"}}, {"type": "Feature", "geometry": {"type": "Point", "coordinates": [-101.882883, 35.190991]}, "properties": {"crashes": 1, "injury": 1, "fatal": 0, "pedestrian": 0, "bicycle": 1, "density": 0.2, "year_range": "2010-2024"}}, {"type": "Feature", "geometry": {"type": "Point", "coordinates": [-96.273874, 30.572973]}, "properties": {"crashes": 1, "injury": 1, "fatal": 0, "pedestrian": 0, "bicycle": 1, "density": 0.2, "year_range": "2010-2024"}}, {"type": "Feature", "geometry": {"type": "Point", "coordinates": [-99.828829, 30.520721]}, "properties": {"crashes": 1, "injury": 1, "fatal": 0, "pedestrian": 0, "bicycle": 1, "density": 0.2, "year_range": "2010-2024"}}, {"type": "Feature", "geometry": {"type": "Point", "coordinates": [-98.338739, 29.49009]}, "properties": {"crashes": 1, "injury": 1, "fatal": 0, "pedestrian": 0, "bicycle": 1, "density": 0.2, "year_range": "2010-2024"}}, {"type": "Feature", "geometry": {"type": "Point", "coordinates": [-98.257658, 26.315315]}, "properties": {"crashes": 1, "injury": 1, "fatal": 0, "pedestrian": 0, "bicycle": 1, "density": 0.2, "year_range": "2010-2024"}}, {"type": "Feature", "geometry": {"type": "Point", "coordinates": [-95.565766, 29.654054]}, "properties": {"crashes": 2, "injury": 2, "fatal": 0, "pedestrian": 0, "bicycle": 2, "density": 0.5, "year_range": "2010-2024"}}, {"type": "Feature", "geometry": {"type": "Point", "coordinates": [-97.441441, 32.722523]}, "properties": {"crashes": 2, "injury": 2, "fatal": 0, "pedestrian": 0, "bicycle": 2, "density": 0.5, "year_range": "2010-2024"}}, {"type": "Feature", "geometry": {"type": "Point", "coordinates": [-97.526126, 32.720721]}, "properties": {"crashes": 1, "injury": 1, "fatal": 0, "pedestrian": 0, "bicycle": 1, "density": 0.2, "year_range": "2010-2024"}}, {"type": "Feature", "geometry": {"type": "Point", "coordinates": [-98.803604, 29.630631]}, "properties": {"crashes": 1, "injury": 1, "fatal": 1, "pedestrian": 0, "bicycle": 1, "density": 0.2, "year_range": "2010-2024"}}, {"type": "Feature", "geometry": {"type": "Point", "coordinates": [-97.437838, 25.881081]}, "properties": {"crashes": 1, "injury": 1, "fatal": 0, "pedestrian": 0, "bicycle": 1, "density": 0.2, "year_range": "2010-2024"}}, {"type": "Feature", "geometry": {"type": "Point", "coordinates": [-98.724324, 29.500901]}, "properties": {"crashes": 1, "injury": 1, "fatal": 0, "pedestrian": 0, "bicycle": 1, "density": 0.2, "year_range": "2010-2024"}}, {"type": "Feature", "geometry": {"type": "Point", "coordinates": [-96.331532, 30.630631]}, "properties": {"crashes": 2, "injury": 2, "fatal": 0, "pedestrian": 0, "bicycle": 2, "density": 0.5, "year_range": "2010-2024"}}, {"type": "Feature", "geometry": {"type": "Point", "coordinates": [-94.926126, 32.56036]}, "properties": {"crashes": 1, "injury": 1, "fatal": 1, "pedestrian": 0, "bicycle": 1, "density": 0.2, "year_range": "2010-2024"}}, {"type": "Feature", "geometry": {"type": "Point", "coordinates": [-106.230631, 31.668468]}, "properties": {"crashes": 1, "injury": 1, "fatal": 0, "pedestrian": 0, "bicycle": 1, "density": 0.2, "year_range": "2010-2024"}}, {"type": "Feature", "geometry": {"type": "Point", "coordinates": [-94.097297, 33.47027]}, "properties": {"crashes": 1, "injury": 1, "fatal": 0, "pedestrian": 0, "bicycle": 1, "density": 0.2, "year_range": "2010-2024"}}, {"type": "Feature", "geometry": {"type": "Point", "coordinates": [-94.927928, 29.394595]}, "properties": {"crashes": 1, "injury": 1, "fatal": 0, "pedestrian": 0, "bicycle": 1, "density": 0.2, "year_range": "2010-2024"}}, {"type": "Feature", "geometry": {"type": "Point", "coordinates": [-98.477477, 29.43964]}, "properties": {"crashes": 2, "injury": 2, "fatal": 0, "pedestrian": 0, "bicycle": 2, "density": 0.5, "year_range": "2010-2024"}}, {"type": "Feature", "geometry": {"type": "Point", "coordinates": [-95.718919, 29.879279]}, "properties": {"crashes": 4, "injury": 3, "fatal": 0, "pedestrian": 0, "bicycle": 4, "density": 1.0, "year_range": "2010-2024"}}, {"type": "Feature", "geometry": {"type": "Point", "coordinates": [-96.630631, 33.216216]}, "properties": {"crashes": 1, "injury": 1, "fatal": 0, "pedestrian": 0, "bicycle": 1, "density": 0.2, "year_range": "2010-2024"}}, {"type": "Feature", "geometry": {"type": "Point", "coordinates": [-96.765766, 32.918919]}, "properties": {"crashes": 1, "injury": 1, "fatal": 0, "pedestrian": 0, "bicycle": 1, "density": 0.2, "year_range": "2010-2024"}}, {"type": "Feature", "geometry": {"type": "Point", "coordinates": [-96.792793, 32.864865]}, "properties": {"crashes": 1, "injury": 1, "fatal": 0, "pedestrian": 0, "bicycle": 1, "density": 0.2, "year_range": "2010-2024"}}, {"type": "Feature", "geometry": {"type": "Point", "coordinates": [-98.511712, 29.4]}, "properties": {"crashes": 2, "injury": 2, "fatal": 0, "pedestrian": 0, "bicycle": 2, "density": 0.5, "year_range": "2010-2024"}}, {"type": "Feature", "geometry": {"type": "Point", "coordinates": [-98.201802, 26.124324]}, "properties": {"crashes": 1, "injury": 1, "fatal": 0, "pedestrian": 0, "bicycle": 1, "density": 0.2, "year_range": "2010-2024"}}, {"type": "Feature", "geometry": {"type": "Point", "coordinates": [-95.632432, 29.735135]}, "properties": {"crashes": 1, "injury": 1, "fatal": 0, "pedestrian": 0, "bicycle": 1, "density": 0.2, "year_range": "2010-2024"}}, {"type": "Feature", "geometry": {"type": "Point", "coordinates": [-98.466667, 29.459459]}, "properties": {"crashes": 1, "injury": 1, "fatal": 0, "pedestrian": 0, "bicycle": 1, "density": 0.2, "year_range": "2010-2024"}}, {"type": "Feature", "geometry": {"type": "Point", "coordinates": [-97.407207, 27.796396]}, "properties": {"crashes": 1, "injury": 1, "fatal": 0, "pedestrian": 0, "bicycle": 1, "density": 0.2, "year_range": "2010-2024"}}, {"type": "Feature", "geometry": {"type": "Point", "coordinates": [-95.162162, 29.522523]}, "properties": {"crashes": 2, "injury": 2, "fatal": 0, "pedestrian": 0, "bicycle": 2, "density": 0.5, "year_range": "2010-2024"}}, {"type": "Feature", "geometry": {"type": "Point", "coordinates": [-95.277477, 29.684685]}, "properties": {"crashes": 1, "injury": 1, "fatal": 0, "pedestrian": 0, "bicycle": 1, "density": 0.2, "year_range": "2010-2024"}}, {"type": "Feature", "geometry": {"type": "Point", "coordinates": [-94.825225, 29.291892]}, "properties": {"crashes": 1, "injury": 0, "fatal": 0, "pedestrian": 0, "bicycle": 1, "density": 0.2, "year_range": "2010-2024"}}, {"type": "Feature", "geometry": {"type": "Point", "coordinates": [-95.136937, 29.774775]}, "properties": {"crashes": 1, "injury": 1, "fatal": 0, "pedestrian": 0, "bicycle": 1, "density": 0.2, "year_range": "2010-2024"}}, {"type": "Feature", "geometry": {"type": "Point", "coordinates": [-94.998198, 30.493694]}, "properties": {"crashes": 1, "injury": 0, "fatal": 0, "pedestrian": 0, "bicycle": 1, "density": 0.2, "year_range": "2010-2024"}}, {"type": "Feature", "geometry": {"type": "Point", "coordinates": [-101.940541, 33.672072]}, "properties": {"crashes": 1, "injury": 1, "fatal": 1, "pedestrian": 0, "bicycle": 1, "density": 0.2, "year_range": "2010-2024"}}, {"type": "Feature", "geometry": {"type": "Point", "coordinates": [-94.145946, 30.068468]}, "properties": {"crashes": 1, "injury": 0, "fatal": 0, "pedestrian": 0, "bicycle": 1, "density": 0.2, "year_range": "2010-2024"}}, {"type": "Feature", "geometry": {"type": "Point", "coordinates": [-98.540541, 29.551351]}, "properties": {"crashes": 1, "injury": 0, "fatal": 0, "pedestrian": 0, "bicycle": 1, "density": 0.2, "year_range": "2010-2024"}}, {"type": "Feature", "geometry": {"type": "Point", "coordinates": [-101.87027, 33.592793]}, "properties": {"crashes": 1, "injury": 1, "fatal": 0, "pedestrian": 0, "bicycle": 1, "density": 0.2, "year_range": "2010-2024"}}, {"type": "Feature", "geometry": {"type": "Point", "coordinates": [-98.259459, 29.574775]}, "properties": {"crashes": 1, "injury": 1, "fatal": 0, "pedestrian": 0, "bicycle": 1, "density": 0.2, "year_range": "2010-2024"}}, {"type": "Feature", "geometry": {"type": "Point", "coordinates": [-96.407207, 32.03964]}, "properties": {"crashes": 1, "injury": 1, "fatal": 0, "pedestrian": 0, "bicycle": 1, "density": 0.2, "year_range": "2010-2024"}}, {"type": "Feature", "geometry": {"type": "Point", "coordinates": [-97.751351, 30.216216]}, "properties": {"crashes": 3, "injury": 2, "fatal": 1, "pedestrian": 0, "bicycle": 3, "density": 0.8, "year_range": "2010-2024"}}, {"type": "Feature", "geometry": {"type": "Point", "coordinates": [-97.744144, 30.263063]}, "properties": {"crashes": 3, "injury": 2, "fatal": 0, "pedestrian": 0, "bicycle": 3, "density": 0.8, "year_range": "2010-2024"}}, {"type": "Feature", "geometry": {"type": "Point", "coordinates": [-97.115315, 32.677477]}, "properties": {"crashes": 1, "injury": 1, "fatal": 0, "pedestrian": 0, "bicycle": 1, "density": 0.2, "year_range": "2010-2024"}}, {"type": "Feature", "geometry": {"type": "Point", "coordinates": [-95.562162, 30.068468]}, "properties": {"crashes": 1, "injury": 1, "fatal": 0, "pedestrian": 0, "bicycle": 1, "density": 0.2, "year_range": "2010-2024"}}, {"type": "Feature", "geometry": {"type": "Point", "coordinates": [-102.198198, 32.009009]}, "properties": {"crashes": 1, "injury": 1, "fatal": 2, "pedestrian": 0, "bicycle": 1, "density": 0.2, "year_range": "2010-2024"}}, {"type": "Feature", "geometry": {"type": "Point", "coordinates": [-96.821622, 32.540541]}, "properties": {"crashes": 1, "injury": 1, "fatal": 1, "pedestrian": 0, "bicycle": 1, "density": 0.2, "year_range": "2010-2024"}}, {"type": "Feature", "geometry": {"type": "Point", "coordinates": [-94.016216, 30.144144]}, "properties": {"crashes": 2, "injury": 2, "fatal": 0, "pedestrian": 0, "bicycle": 2, "density": 0.5, "year_range": "2010-2024"}}, {"type": "Feature", "geometry": {"type": "Point", "coordinates": [-98.504505, 29.414414]}, "properties": {"crashes": 2, "injury": 2, "fatal": 0, "pedestrian": 0, "bicycle": 2, "density": 0.5, "year_range": "2010-2024"}}, {"type": "Feature", "geometry": {"type": "Point", "coordinates": [-97.29009, 32.744144]}, "properties": {"crashes": 2, "injury": 1, "fatal": 0, "pedestrian": 0, "bicycle": 2, "density": 0.5, "year_range": "2010-2024"}}, {"type": "Feature", "geometry": {"type": "Point", "coordinates": [-95.12973, 29.54955]}, "properties": {"crashes": 1, "injury": 1, "fatal": 0, "pedestrian": 0, "bicycle": 1, "density": 0.2, "year_range": "2010-2024"}}, {"type": "Feature", "geometry": {"type": "Point", "coordinates": [-95.09009, 29.466667]}, "properties": {"crashes": 1, "injury": 1, "fatal": 0, "pedestrian": 0, "bicycle": 1, "density": 0.2, "year_range": "2010-2024"}}, {"type": "Feature", "geometry": {"type": "Point", "coordinates": [-100.452252, 31.475676]}, "properties": {"crashes": 1, "injury": 1, "fatal": 0, "pedestrian": 0, "bicycle": 1, "density": 0.2, "year_range": "2010-2024"}}, {"type": "Feature", "geometry": {"type": "Point", "coordinates": [-97.156757, 31.540541]}, "properties": {"crashes": 1, "injury": 1, "fatal": 0, "pedestrian": 0, "bicycle": 1, "density": 0.2, "year_range": "2010-2024"}}, {"type": "Feature", "geometry": {"type": "Point", "coordinates": [-97.061261, 32.781982]}, "properties": {"crashes": 1, "injury": 0, "fatal": 0, "pedestrian": 0, "bicycle": 1, "density": 0.2, "year_range": "2010-2024"}}, {"type": "Feature", "geometry": {"type": "Point", "coordinates": [-106.340541, 31.700901]}, "properties": {"crashes": 1, "injury": 1, "fatal": 0, "pedestrian": 0, "bicycle": 1, "density": 0.2, "year_range": "2010-2024"}}, {"type": "Feature", "geometry": {"type": "Point", "coordinates": [-102.21982, 31.981982]}, "properties": {"crashes": 1, "injury": 1, "fatal": 0, "pedestrian": 0, "bicycle": 1, "density": 0.2, "year_range": "2010-2024"}}, {"type": "Feature", "geometry": {"type": "Point", "coordinates": [-101.902703, 35.205405]}, "properties": {"crashes": 1, "injury": 0, "fatal": 0, "pedestrian": 0, "bicycle": 1, "density": 0.2, "year_range": "2010-2024"}}, {"type": "Feature", "geometry": {"type": "Point", "coordinates": [-97.614414, 29.661261]}, "properties": {"crashes": 1, "injury": 1, "fatal": 0, "pedestrian": 0, "bicycle": 1, "density": 0.2, "year_range": "2010-2024"}}, {"type": "Feature", "geometry": {"type": "Point", "coordinates": [-98.463063, 29.517117]}, "properties": {"crashes": 1, "injury": 1, "fatal": 0, "pedestrian": 0, "bicycle": 1, "density": 0.2, "year_range": "2010-2024"}}, {"type": "Feature", "geometry": {"type": "Point", "coordinates": [-98.520721, 29.565766]}, "properties": {"crashes": 3, "injury": 2, "fatal": 0, "pedestrian": 0, "bicycle": 3, "density": 0.8, "year_range": "2010-2024"}}, {"type": "Feature", "geometry": {"type": "Point", "coordinates": [-95.068468, 29.879279]}, "properties": {"crashes": 1, "injury": 1, "fatal": 0, "pedestrian": 0, "bicycle": 1, "density": 0.2, "year_range": "2010-2024"}}, {"type": "Feature", "geometry": {"type": "Point", "coordinates": [-95.531532, 29.637838]}, "properties": {"crashes": 1, "injury": 1, "fatal": 0, "pedestrian": 0, "bicycle": 1, "density": 0.2, "year_range": "2010-2024"}}, {"type": "Feature", "geometry": {"type": "Point", "coordinates": [-98.508108, 29.6]}, "properties": {"crashes": 1, "injury": 1, "fatal": 0, "pedestrian": 0, "bicycle": 1, "density": 0.2, "year_range": "2010-2024"}}, {"type": "Feature", "geometry": {"type": "Point", "coordinates": [-98.906306, 29.140541]}, "properties": {"crashes": 1, "injury": 1, "fatal": 0, "pedestrian": 0, "bicycle": 1, "density": 0.2, "year_range": "2010-2024"}}, {"type": "Feature", "geometry": {"type": "Point", "coordinates": [-96.899099, 32.922523]}, "properties": {"crashes": 1, "injury": 1, "fatal": 0, "pedestrian": 0, "bicycle": 1, "density": 0.2, "year_range": "2010-2024"}}, {"type": "Feature", "geometry": {"type": "Point", "coordinates": [-98.927928, 31.74955]}, "properties": {"crashes": 1, "injury": 1, "fatal": 0, "pedestrian": 0, "bicycle": 1, "density": 0.2, "year_range": "2010-2024"}}, {"type": "Feature", "geometry": {"type": "Point", "coordinates": [-95.084685, 29.457658]}, "properties": {"crashes": 1, "injury": 0, "fatal": 0, "pedestrian": 0, "bicycle": 1, "density": 0.2, "year_range": "2010-2024"}}, {"type": "Feature", "geometry": {"type": "Point", "coordinates": [-98.392793, 29.466667]}, "properties": {"crashes": 1, "injury": 1, "fatal": 0, "pedestrian": 0, "bicycle": 1, "density": 0.2, "year_range": "2010-2024"}}, {"type": "Feature", "geometry": {"type": "Point", "coordinates": [-97.308108, 32.524324]}, "properties": {"crashes": 1, "injury": 1, "fatal": 0, "pedestrian": 0, "bicycle": 1, "density": 0.2, "year_range": "2010-2024"}}, {"type": "Feature", "geometry": {"type": "Point", "coordinates": [-96.6, 32.311712]}, "properties": {"crashes": 1, "injury": 1, "fatal": 0, "pedestrian": 0, "bicycle": 1, "density": 0.2, "year_range": "2010-2024"}}, {"type": "Feature", "geometry": {"type": "Point", "coordinates": [-96.637838, 32.818018]}, "properties": {"crashes": 1, "injury": 1, "fatal": 0, "pedestrian": 0, "bicycle": 1, "density": 0.2, "year_range": "2010-2024"}}, {"type": "Feature", "geometry": {"type": "Point", "coordinates": [-95.214414, 29.771171]}, "properties": {"crashes": 1, "injury": 1, "fatal": 0, "pedestrian": 0, "bicycle": 1, "density": 0.2, "year_range": "2010-2024"}}, {"type": "Feature", "geometry": {"type": "Point", "coordinates": [-95.454054, 30.313514]}, "properties": {"crashes": 2, "injury": 2, "fatal": 0, "pedestrian": 0, "bicycle": 2, "density": 0.5, "year_range": "2010-2024"}}, {"type": "Feature", "geometry": {"type": "Point", "coordinates": [-98.477477, 29.443243]}, "properties": {"crashes": 2, "injury": 1, "fatal": 0, "pedestrian": 0, "bicycle": 2, "density": 0.5, "year_range": "2010-2024"}}, {"type": "Feature", "geometry": {"type": "Point", "coordinates": [-96.762162, 32.774775]}, "properties": {"crashes": 1, "injury": 1, "fatal": 0, "pedestrian": 0, "bicycle": 1, "density": 0.2, "year_range": "2010-2024"}}, {"type": "Feature", "geometry": {"type": "Point", "coordinates": [-94.158559, 30.126126]}, "properties": {"crashes": 1, "injury": 1, "fatal": 0, "pedestrian": 0, "bicycle": 1, "density": 0.2, "year_range": "2010-2024"}}, {"type": "Feature", "geometry": {"type": "Point", "coordinates": [-96.944144, 32.6]}, "properties": {"crashes": 1, "injury": 1, "fatal": 0, "pedestrian": 0, "bicycle": 1, "density": 0.2, "year_range": "2010-2024"}}, {"type": "Feature", "geometry": {"type": "Point", "coordinates": [-96.704505, 32.836036]}, "properties": {"crashes": 1, "injury": 1, "fatal": 0, "pedestrian": 0, "bicycle": 1, "density": 0.2, "year_range": "2010-2024"}}, {"type": "Feature", "geometry": {"type": "Point", "coordinates": [-96.803604, 32.913514]}, "properties": {"crashes": 1, "injury": 1, "fatal": 0, "pedestrian": 0, "bicycle": 1, "density": 0.2, "year_range": "2010-2024"}}, {"type": "Feature", "geometry": {"type": "Point", "coordinates": [-96.616216, 33.637838]}, "properties": {"crashes": 1, "injury": 1, "fatal": 0, "pedestrian": 0, "bicycle": 1, "density": 0.2, "year_range": "2010-2024"}}, {"type": "Feature", "geometry": {"type": "Point", "coordinates": [-95.76036, 29.565766]}, "properties": {"crashes": 1, "injury": 1, "fatal": 0, "pedestrian": 0, "bicycle": 1, "density": 0.2, "year_range": "2010-2024"}}, {"type": "Feature", "geometry": {"type": "Point", "coordinates": [-95.282883, 30.005405]}, "properties": {"crashes": 2, "injury": 1, "fatal": 0, "pedestrian": 0, "bicycle": 2, "density": 0.5, "year_range": "2010-2024"}}, {"type": "Feature", "geometry": {"type": "Point", "coordinates": [-95.075676, 29.558559]}, "properties": {"crashes": 2, "injury": 2, "fatal": 0, "pedestrian": 0, "bicycle": 2, "density": 0.5, "year_range": "2010-2024"}}, {"type": "Feature", "geometry": {"type": "Point", "coordinates": [-95.765766, 29.576577]}, "properties": {"crashes": 1, "injury": 0, "fatal": 0, "pedestrian": 0, "bicycle": 1, "density": 0.2, "year_range": "2010-2024"}}, {"type": "Feature", "geometry": {"type": "Point", "coordinates": [-96.585586, 33.345946]}, "properties": {"crashes": 1, "injury": 0, "fatal": 0, "pedestrian": 0, "bicycle": 1, "density": 0.2, "year_range": "2010-2024"}}, {"type": "Feature", "geometry": {"type": "Point", "coordinates": [-96.87027, 32.821622]}, "properties": {"crashes": 1, "injury": 0, "fatal": 0, "pedestrian": 0, "bicycle": 1, "density": 0.2, "year_range": "2010-2024"}}, {"type": "Feature", "geometry": {"type": "Point", "coordinates": [-94.340541, 32.162162]}, "properties": {"crashes": 1, "injury": 1, "fatal": 0, "pedestrian": 0, "bicycle": 1, "density": 0.2, "year_range": "2010-2024"}}, {"type": "Feature", "geometry": {"type": "Point", "coordinates": [-95.571171, 30.720721]}, "properties": {"crashes": 1, "injury": 1, "fatal": 0, "pedestrian": 0, "bicycle": 1, "density": 0.2, "year_range": "2010-2024"}}, {"type": "Feature", "geometry": {"type": "Point", "coordinates": [-94.882883, 29.237838]}, "properties": {"crashes": 1, "injury": 1, "fatal": 0, "pedestrian": 0, "bicycle": 1, "density": 0.2, "year_range": "2010-2024"}}, {"type": "Feature", "geometry": {"type": "Point", "coordinates": [-102.072072, 31.963964]}, "properties": {"crashes": 1, "injury": 1, "fatal": 0, "pedestrian": 0, "bicycle": 1, "density": 0.2, "year_range": "2010-2024"}}, {"type": "Feature", "geometry": {"type": "Point", "coordinates": [-96.093694, 32.879279]}, "properties": {"crashes": 1, "injury": 1, "fatal": 0, "pedestrian": 0, "bicycle": 1, "density": 0.2, "year_range": "2010-2024"}}, {"type": "Feature", "geometry": {"type": "Point", "coordinates": [-98.396396, 29.281081]}, "properties": {"crashes": 1, "injury": 1, "fatal": 0, "pedestrian": 0, "bicycle": 1, "density": 0.2, "year_range": "2010-2024"}}, {"type": "Feature", "geometry": {"type": "Point", "coordinates": [-95.832432, 29.563964]}, "properties": {"crashes": 1, "injury": 1, "fatal": 0, "pedestrian": 0, "bicycle": 1, "density": 0.2, "year_range": "2010-2024"}}, {"type": "Feature", "geometry": {"type": "Point", "coordinates": [-98.398198, 29.463063]}, "properties": {"crashes": 1, "injury": 0, "fatal": 0, "pedestrian": 0, "bicycle": 1, "density": 0.2, "year_range": "2010-2024"}}, {"type": "Feature", "geometry": {"type": "Point", "coordinates": [-95.046847, 29.481081]}, "properties": {"crashes": 1, "injury": 1, "fatal": 0, "pedestrian": 0, "bicycle": 1, "density": 0.2, "year_range": "2010-2024"}}, {"type": "Feature", "geometry": {"type": "Point", "coordinates": [-101.926126, 33.562162]}, "properties": {"crashes": 1, "injury": 1, "fatal": 0, "pedestrian": 0, "bicycle": 1, "density": 0.2, "year_range": "2010-2024"}}, {"type": "Feature", "geometry": {"type": "Point", "coordinates": [-96.526126, 31.522523]}, "properties": {"crashes": 1, "injury": 1, "fatal": 0, "pedestrian": 0, "bicycle": 1, "density": 0.2, "year_range": "2010-2024"}}, {"type": "Feature", "geometry": {"type": "Point", "coordinates": [-97.210811, 27.879279]}, "properties": {"crashes": 1, "injury": 1, "fatal": 0, "pedestrian": 0, "bicycle": 1, "density": 0.2, "year_range": "2010-2024"}}, {"type": "Feature", "geometry": {"type": "Point", "coordinates": [-97.45045, 25.947748]}, "properties": {"crashes": 1, "injury": 1, "fatal": 0, "pedestrian": 0, "bicycle": 1, "density": 0.2, "year_range": "2010-2024"}}, {"type": "Feature", "geometry": {"type": "Point", "coordinates": [-95.189189, 30.657658]}, "properties": {"crashes": 1, "injury": 1, "fatal": 0, "pedestrian": 0, "bicycle": 1, "density": 0.2, "year_range": "2010-2024"}}, {"type": "Feature", "geometry": {"type": "Point", "coordinates": [-98.30991, 29.511712]}, "properties": {"crashes": 1, "injury": 1, "fatal": 0, "pedestrian": 0, "bicycle": 1, "density": 0.2, "year_range": "2010-2024"}}, {"type": "Feature", "geometry": {"type": "Point", "coordinates": [-95.427027, 29.596396]}, "properties": {"crashes": 1, "injury": 1, "fatal": 0, "pedestrian": 0, "bicycle": 1, "density": 0.2, "year_range": "2010-2024"}}, {"type": "Feature", "geometry": {"type": "Point", "coordinates": [-97.699099, 26.209009]}, "properties": {"crashes": 2, "injury": 2, "fatal": 0, "pedestrian": 0, "bicycle": 2, "density": 0.5, "year_range": "2010-2024"}}, {"type": "Feature", "geometry": {"type": "Point", "coordinates": [-97.066667, 27.828829]}, "properties": {"crashes": 1, "injury": 0, "fatal": 0, "pedestrian": 0, "bicycle": 1, "density": 0.2, "year_range": "2010-2024"}}, {"type": "Feature", "geometry": {"type": "Point", "coordinates": [-96.187387, 30.497297]}, "properties": {"crashes": 1, "injury": 1, "fatal": 0, "pedestrian": 0, "bicycle": 1, "density": 0.2, "year_range": "2010-2024"}}, {"type": "Feature", "geometry": {"type": "Point", "coordinates": [-98.592793, 29.484685]}, "properties": {"crashes": 3, "injury": 2, "fatal": 0, "pedestrian": 0, "bicycle": 3, "density": 0.8, "year_range": "2010-2024"}}, {"type": "Feature", "geometry": {"type": "Point", "coordinates": [-101.843243, 35.194595]}, "properties": {"crashes": 1, "injury": 0, "fatal": 0, "pedestrian": 0, "bicycle": 1, "density": 0.2, "year_range": "2010-2024"}}, {"type": "Feature", "geometry": {"type": "Point", "coordinates": [-97.495495, 25.951351]}, "properties": {"crashes": 2, "injury": 1, "fatal": 0, "pedestrian": 0, "bicycle": 2, "density": 0.5, "year_range": "2010-2024"}}, {"type": "Feature", "geometry": {"type": "Point", "coordinates": [-97.652252, 30.446847]}, "properties": {"crashes": 1, "injury": 1, "fatal": 0, "pedestrian": 0, "bicycle": 1, "density": 0.2, "year_range": "2010-2024"}}, {"type": "Feature", "geometry": {"type": "Point", "coordinates": [-95.781982, 30.003604]}, "properties": {"crashes": 1, "injury": 1, "fatal": 0, "pedestrian": 0, "bicycle": 1, "density": 0.2, "year_range": "2010-2024"}}, {"type": "Feature", "geometry": {"type": "Point", "coordinates": [-98.0, 27.859459]}, "properties": {"crashes": 1, "injury": 1, "fatal": 0, "pedestrian": 0, "bicycle": 1, "density": 0.2, "year_range": "2010-2024"}}, {"type": "Feature", "geometry": {"type": "Point", "coordinates": [-94.735135, 31.338739]}, "properties": {"crashes": 1, "injury": 1, "fatal": 0, "pedestrian": 0, "bicycle": 1, "density": 0.2, "year_range": "2010-2024"}}, {"type": "Feature", "geometry": {"type": "Point", "coordinates": [-98.551351, 29.326126]}, "properties": {"crashes": 1, "injury": 0, "fatal": 0, "pedestrian": 0, "bicycle": 1, "density": 0.2, "year_range": "2010-2024"}}, {"type": "Feature", "geometry": {"type": "Point", "coordinates": [-98.596396, 29.484685]}, "properties": {"crashes": 1, "injury": 1, "fatal": 0, "pedestrian": 0, "bicycle": 1, "density": 0.2, "year_range": "2010-2024"}}, {"type": "Feature", "geometry": {"type": "Point", "coordinates": [-106.4, 31.76036]}, "properties": {"crashes": 1, "injury": 0, "fatal": 0, "pedestrian": 0, "bicycle": 1, "density": 0.2, "year_range": "2010-2024"}}, {"type": "Feature", "geometry": {"type": "Point", "coordinates": [-97.672072, 26.172973]}, "properties": {"crashes": 1, "injury": 0, "fatal": 0, "pedestrian": 0, "bicycle": 1, "density": 0.2, "year_range": "2010-2024"}}, {"type": "Feature", "geometry": {"type": "Point", "coordinates": [-97.387387, 32.351351]}, "properties": {"crashes": 1, "injury": 1, "fatal": 0, "pedestrian": 0, "bicycle": 1, "density": 0.2, "year_range": "2010-2024"}}, {"type": "Feature", "geometry": {"type": "Point", "coordinates": [-97.003604, 32.745946]}, "properties": {"crashes": 1, "injury": 1, "fatal": 0, "pedestrian": 0, "bicycle": 1, "density": 0.2, "year_range": "2010-2024"}}, {"type": "Feature", "geometry": {"type": "Point", "coordinates": [-97.967568, 30.342342]}, "properties": {"crashes": 1, "injury": 1, "fatal": 0, "pedestrian": 0, "bicycle": 1, "density": 0.2, "year_range": "2010-2024"}}, {"type": "Feature", "geometry": {"type": "Point", "coordinates": [-97.772973, 30.246847]}, "properties": {"crashes": 1, "injury": 1, "fatal": 0, "pedestrian": 0, "bicycle": 1, "density": 0.2, "year_range": "2010-2024"}}, {"type": "Feature", "geometry": {"type": "Point", "coordinates": [-97.362162, 27.702703]}, "properties": {"crashes": 1, "injury": 0, "fatal": 0, "pedestrian": 0, "bicycle": 1, "density": 0.2, "year_range": "2010-2024"}}, {"type": "Feature", "geometry": {"type": "Point", "coordinates": [-95.227027, 30.156757]}, "properties": {"crashes": 1, "injury": 0, "fatal": 0, "pedestrian": 0, "bicycle": 1, "density": 0.2, "year_range": "2010-2024"}}, {"type": "Feature", "geometry": {"type": "Point", "coordinates": [-95.441441, 29.809009]}, "properties": {"crashes": 1, "injury": 0, "fatal": 0, "pedestrian": 0, "bicycle": 1, "density": 0.2, "year_range": "2010-2024"}}, {"type": "Feature", "geometry": {"type": "Point", "coordinates": [-100.461261, 31.452252]}, "properties": {"crashes": 1, "injury": 1, "fatal": 0, "pedestrian": 0, "bicycle": 1, "density": 0.2, "year_range": "2010-2024"}}, {"type": "Feature", "geometry": {"type": "Point", "coordinates": [-97.046847, 33.041441]}, "properties": {"crashes": 1, "injury": 0, "fatal": 0, "pedestrian": 0, "bicycle": 1, "density": 0.2, "year_range": "2010-2024"}}, {"type": "Feature", "geometry": {"type": "Point", "coordinates": [-94.827027, 29.29009]}, "properties": {"crashes": 1, "injury": 0, "fatal": 0, "pedestrian": 0, "bicycle": 1, "density": 0.2, "year_range": "2010-2024"}}, {"type": "Feature", "geometry": {"type": "Point", "coordinates": [-95.452252, 30.174775]}, "properties": {"crashes": 1, "injury": 1, "fatal": 0, "pedestrian": 0, "bicycle": 1, "density": 0.2, "year_range": "2010-2024"}}, {"type": "Feature", "geometry": {"type": "Point", "coordinates": [-95.455856, 29.765766]}, "properties": {"crashes": 1, "injury": 1, "fatal": 0, "pedestrian": 0, "bicycle": 1, "density": 0.2, "year_range": "2010-2024"}}, {"type": "Feature", "geometry": {"type": "Point", "coordinates": [-95.50991, 29.708108]}, "properties": {"crashes": 1, "injury": 1, "fatal": 1, "pedestrian": 0, "bicycle": 1, "density": 0.2, "year_range": "2010-2024"}}, {"type": "Feature", "geometry": {"type": "Point", "coordinates": [-98.194595, 26.306306]}, "properties": {"crashes": 1, "injury": 0, "fatal": 0, "pedestrian": 0, "bicycle": 1, "density": 0.2, "year_range": "2010-2024"}}, {"type": "Feature", "geometry": {"type": "Point", "coordinates": [-97.547748, 30.585586]}, "properties": {"crashes": 1, "injury": 1, "fatal": 0, "pedestrian": 0, "bicycle": 1, "density": 0.2, "year_range": "2010-2024"}}, {"type": "Feature", "geometry": {"type": "Point", "coordinates": [-97.378378, 31.855856]}, "properties": {"crashes": 1, "injury": 1, "fatal": 0, "pedestrian": 0, "bicycle": 1, "density": 0.2, "year_range": "2010-2024"}}, {"type": "Feature", "geometry": {"type": "Point", "coordinates": [-97.711712, 28.884685]}, "properties": {"crashes": 1, "injury": 1, "fatal": 0, "pedestrian": 0, "bicycle": 1, "density": 0.2, "year_range": "2010-2024"}}, {"type": "Feature", "geometry": {"type": "Point", "coordinates": [-101.922523, 33.504505]}, "properties": {"crashes": 1, "injury": 1, "fatal": 0, "pedestrian": 0, "bicycle": 1, "density": 0.2, "year_range": "2010-2024"}}, {"type": "Feature", "geometry": {"type": "Point", "coordinates": [-95.49009, 30.390991]}, "properties": {"crashes": 1, "injury": 1, "fatal": 0, "pedestrian": 0, "bicycle": 1, "density": 0.2, "year_range": "2010-2024"}}, {"type": "Feature", "geometry": {"type": "Point", "coordinates": [-95.643243, 29.688288]}, "properties": {"crashes": 1, "injury": 0, "fatal": 0, "pedestrian": 0, "bicycle": 1, "density": 0.2, "year_range": "2010-2024"}}, {"type": "Feature", "geometry": {"type": "Point", "coordinates": [-100.488288, 28.697297]}, "properties": {"crashes": 1, "injury": 1, "fatal": 0, "pedestrian": 0, "bicycle": 1, "density": 0.2, "year_range": "2010-2024"}}, {"type": "Feature", "geometry": {"type": "Point", "coordinates": [-97.657658, 30.517117]}, "properties": {"crashes": 1, "injury": 0, "fatal": 0, "pedestrian": 0, "bicycle": 1, "density": 0.2, "year_range": "2010-2024"}}, {"type": "Feature", "geometry": {"type": "Point", "coordinates": [-98.304505, 29.551351]}, "properties": {"crashes": 1, "injury": 1, "fatal": 0, "pedestrian": 0, "bicycle": 1, "density": 0.2, "year_range": "2010-2024"}}, {"type": "Feature", "geometry": {"type": "Point", "coordinates": [-97.133333, 33.230631]}, "properties": {"crashes": 1, "injury": 1, "fatal": 0, "pedestrian": 0, "bicycle": 1, "density": 0.2, "year_range": "2010-2024"}}, {"type": "Feature", "geometry": {"type": "Point", "coordinates": [-97.099099, 32.861261]}, "properties": {"crashes": 1, "injury": 1, "fatal": 0, "pedestrian": 0, "bicycle": 1, "density": 0.2, "year_range": "2010-2024"}}, {"type": "Feature", "geometry": {"type": "Point", "coordinates": [-97.0, 28.807207]}, "properties": {"crashes": 1, "injury": 1, "fatal": 0, "pedestrian": 0, "bicycle": 1, "density": 0.2, "year_range": "2010-2024"}}, {"type": "Feature", "geometry": {"type": "Point", "coordinates": [-95.632432, 29.904505]}, "properties": {"crashes": 1, "injury": 1, "fatal": 0, "pedestrian": 0, "bicycle": 1, "density": 0.2, "year_range": "2010-2024"}}, {"type": "Feature", "geometry": {"type": "Point", "coordinates": [-98.682883, 32.463063]}, "properties": {"crashes": 1, "injury": 1, "fatal": 0, "pedestrian": 0, "bicycle": 1, "density": 0.2, "year_range": "2010-2024"}}, {"type": "Feature", "geometry": {"type": "Point", "coordinates": [-97.475676, 26.075676]}, "properties": {"crashes": 1, "injury": 0, "fatal": 0, "pedestrian": 0, "bicycle": 1, "density": 0.2, "year_range": "2010-2024"}}, {"type": "Feature", "geometry": {"type": "Point", "coordinates": [-98.454054, 29.351351]}, "properties": {"crashes": 1, "injury": 1, "fatal": 0, "pedestrian": 0, "bicycle": 1, "density": 0.2, "year_range": "2010-2024"}}, {"type": "Feature", "geometry": {"type": "Point", "coordinates": [-95.210811, 29.536937]}, "properties": {"crashes": 1, "injury": 0, "fatal": 0, "pedestrian": 0, "bicycle": 1, "density": 0.2, "year_range": "2010-2024"}}, {"type": "Feature", "geometry": {"type": "Point", "coordinates": [-102.142342, 31.962162]}, "properties": {"crashes": 1, "injury": 1, "fatal": 0, "pedestrian": 0, "bicycle": 1, "density": 0.2, "year_range": "2010-2024"}}, {"type": "Feature", "geometry": {"type": "Point", "coordinates": [-102.372973, 31.884685]}, "properties": {"crashes": 1, "injury": 1, "fatal": 0, "pedestrian": 0, "bicycle": 1, "density": 0.2, "year_range": "2010-2024"}}, {"type": "Feature", "geometry": {"type": "Point", "coordinates": [-95.169369, 29.520721]}, "properties": {"crashes": 1, "injury": 1, "fatal": 0, "pedestrian": 0, "bicycle": 1, "density": 0.2, "year_range": "2010-2024"}}, {"type": "Feature", "geometry": {"type": "Point", "coordinates": [-98.434234, 29.515315]}, "properties": {"crashes": 1, "injury": 1, "fatal": 0, "pedestrian": 0, "bicycle": 1, "density": 0.2, "year_range": "2010-2024"}}, {"type": "Feature", "geometry": {"type": "Point", "coordinates": [-99.037838, 29.944144]}, "properties": {"crashes": 1, "injury": 1, "fatal": 0, "pedestrian": 0, "bicycle": 1, "density": 0.2, "year_range": "2010-2024"}}, {"type": "Feature", "geometry": {"type": "Point", "coordinates": [-95.54955, 30.225225]}, "properties": {"crashes": 1, "injury": 1, "fatal": 0, "pedestrian": 0, "bicycle": 1, "density": 0.2, "year_range": "2010-2024"}}, {"type": "Feature", "geometry": {"type": "Point", "coordinates": [-94.70991, 31.315315]}, "properties": {"crashes": 1, "injury": 1, "fatal": 0, "pedestrian": 0, "bicycle": 1, "density": 0.2, "year_range": "2010-2024"}}, {"type": "Feature", "geometry": {"type": "Point", "coordinates": [-96.131532, 33.172973]}, "properties": {"crashes": 1, "injury": 1, "fatal": 0, "pedestrian": 0, "bicycle": 1, "density": 0.2, "year_range": "2010-2024"}}, {"type": "Feature", "geometry": {"type": "Point", "coordinates": [-97.21982, 32.751351]}, "properties": {"crashes": 1, "injury": 1, "fatal": 0, "pedestrian": 0, "bicycle": 1, "density": 0.2, "year_range": "2010-2024"}}, {"type": "Feature", "geometry": {"type": "Point", "coordinates": [-97.783784, 30.241441]}, "properties": {"crashes": 2, "injury": 2, "fatal": 0, "pedestrian": 0, "bicycle": 2, "density": 0.5, "year_range": "2010-2024"}}, {"type": "Feature", "geometry": {"type": "Point", "coordinates": [-98.196396, 26.196396]}, "properties": {"crashes": 1, "injury": 1, "fatal": 0, "pedestrian": 0, "bicycle": 1, "density": 0.2, "year_range": "2010-2024"}}, {"type": "Feature", "geometry": {"type": "Point", "coordinates": [-95.340541, 32.27027]}, "properties": {"crashes": 1, "injury": 1, "fatal": 0, "pedestrian": 0, "bicycle": 1, "density": 0.2, "year_range": "2010-2024"}}, {"type": "Feature", "geometry": {"type": "Point", "coordinates": [-102.430631, 31.857658]}, "properties": {"crashes": 1, "injury": 1, "fatal": 0, "pedestrian": 0, "bicycle": 1, "density": 0.2, "year_range": "2010-2024"}}, {"type": "Feature", "geometry": {"type": "Point", "coordinates": [-95.099099, 29.787387]}, "properties": {"crashes": 1, "injury": 1, "fatal": 1, "pedestrian": 0, "bicycle": 1, "density": 0.2, "year_range": "2010-2024"}}, {"type": "Feature", "geometry": {"type": "Point", "coordinates": [-97.744144, 32.245045]}, "properties": {"crashes": 1, "injury": 1, "fatal": 0, "pedestrian": 0, "bicycle": 1, "density": 0.2, "year_range": "2010-2024"}}, {"type": "Feature", "geometry": {"type": "Point", "coordinates": [-97.093694, 33.194595]}, "properties": {"crashes": 1, "injury": 1, "fatal": 0, "pedestrian": 0, "bicycle": 1, "density": 0.2, "year_range": "2010-2024"}}, {"type": "Feature", "geometry": {"type": "Point", "coordinates": [-95.967568, 30.066667]}, "properties": {"crashes": 1, "injury": 0, "fatal": 0, "pedestrian": 0, "bicycle": 1, "density": 0.2, "year_range": "2010-2024"}}, {"type": "Feature", "geometry": {"type": "Point", "coordinates": [-97.89009, 30.390991]}, "properties": {"crashes": 1, "injury": 1, "fatal": 0, "pedestrian": 0, "bicycle": 1, "density": 0.2, "year_range": "2010-2024"}}, {"type": "Feature", "geometry": {"type": "Point", "coordinates": [-99.145946, 30.052252]}, "properties": {"crashes": 1, "injury": 1, "fatal": 0, "pedestrian": 0, "bicycle": 1, "density": 0.2, "year_range": "2010-2024"}}, {"type": "Feature", "geometry": {"type": "Point", "coordinates": [-98.387387, 29.565766]}, "properties": {"crashes": 1, "injury": 0, "fatal": 0, "pedestrian": 0, "bicycle": 1, "density": 0.2, "year_range": "2010-2024"}}, {"type": "Feature", "geometry": {"type": "Point", "coordinates": [-98.513514, 29.398198]}, "properties": {"crashes": 1, "injury": 1, "fatal": 0, "pedestrian": 0, "bicycle": 1, "density": 0.2, "year_range": "2010-2024"}}, {"type": "Feature", "geometry": {"type": "Point", "coordinates": [-98.210811, 26.126126]}, "properties": {"crashes": 1, "injury": 1, "fatal": 0, "pedestrian": 0, "bicycle": 1, "density": 0.2, "year_range": "2010-2024"}}, {"type": "Feature", "geometry": {"type": "Point", "coordinates": [-98.522523, 33.886486]}, "properties": {"crashes": 1, "injury": 1, "fatal": 0, "pedestrian": 0, "bicycle": 1, "density": 0.2, "year_range": "2010-2024"}}, {"type": "Feature", "geometry": {"type": "Point", "coordinates": [-94.776577, 29.313514]}, "properties": {"crashes": 1, "injury": 0, "fatal": 0, "pedestrian": 0, "bicycle": 1, "density": 0.2, "year_range": "2010-2024"}}, {"type": "Feature", "geometry": {"type": "Point", "coordinates": [-96.392793, 30.702703]}, "properties": {"crashes": 1, "injury": 1, "fatal": 0, "pedestrian": 0, "bicycle": 1, "density": 0.2, "year_range": "2010-2024"}}, {"type": "Feature", "geometry": {"type": "Point", "coordinates": [-98.045045, 26.320721]}, "properties": {"crashes": 1, "injury": 1, "fatal": 0, "pedestrian": 0, "bicycle": 1, "density": 0.2, "year_range": "2010-2024"}}, {"type": "Feature", "geometry": {"type": "Point", "coordinates": [-97.405405, 27.711712]}, "properties": {"crashes": 1, "injury": 1, "fatal": 0, "pedestrian": 0, "bicycle": 1, "density": 0.2, "year_range": "2010-2024"}}, {"type": "Feature", "geometry": {"type": "Point", "coordinates": [-98.526126, 29.481081]}, "properties": {"crashes": 2, "injury": 2, "fatal": 0, "pedestrian": 0, "bicycle": 2, "density": 0.5, "year_range": "2010-2024"}}, {"type": "Feature", "geometry": {"type": "Point", "coordinates": [-106.43964, 31.767568]}, "properties": {"crashes": 1, "injury": 1, "fatal": 0, "pedestrian": 0, "bicycle": 1, "density": 0.2, "year_range": "2010-2024"}}, {"type": "Feature", "geometry": {"type": "Point", "coordinates": [-95.540541, 29.583784]}, "properties": {"crashes": 1, "injury": 0, "fatal": 0, "pedestrian": 0, "bicycle": 1, "density": 0.2, "year_range": "2010-2024"}}, {"type": "Feature", "geometry": {"type": "Point", "coordinates": [-96.848649, 32.387387]}, "properties": {"crashes": 1, "injury": 1, "fatal": 0, "pedestrian": 0, "bicycle": 1, "density": 0.2, "year_range": "2010-2024"}}, {"type": "Feature", "geometry": {"type": "Point", "coordinates": [-98.07027, 27.74955]}, "properties": {"crashes": 1, "injury": 0, "fatal": 0, "pedestrian": 0, "bicycle": 1, "density": 0.2, "year_range": "2010-2024"}}, {"type": "Feature", "geometry": {"type": "Point", "coordinates": [-98.156757, 29.713514]}, "properties": {"crashes": 1, "injury": 1, "fatal": 0, "pedestrian": 0, "bicycle": 1, "density": 0.2, "year_range": "2010-2024"}}, {"type": "Feature", "geometry": {"type": "Point", "coordinates": [-98.410811, 29.515315]}, "properties": {"crashes": 3, "injury": 3, "fatal": 0, "pedestrian": 0, "bicycle": 3, "density": 0.8, "year_range": "2010-2024"}}, {"type": "Feature", "geometry": {"type": "Point", "coordinates": [-98.513514, 29.4]}, "properties": {"crashes": 1, "injury": 0, "fatal": 0, "pedestrian": 0, "bicycle": 1, "density": 0.2, "year_range": "2010-2024"}}, {"type": "Feature", "geometry": {"type": "Point", "coordinates": [-97.873874, 29.976577]}, "properties": {"crashes": 1, "injury": 1, "fatal": 1, "pedestrian": 0, "bicycle": 1, "density": 0.2, "year_range": "2010-2024"}}, {"type": "Feature", "geometry": {"type": "Point", "coordinates": [-95.174775, 29.598198]}, "properties": {"crashes": 1, "injury": 1, "fatal": 1, "pedestrian": 0, "bicycle": 1, "density": 0.2, "year_range": "2010-2024"}}, {"type": "Feature", "geometry": {"type": "Point", "coordinates": [-97.585586, 27.947748]}, "properties": {"crashes": 1, "injury": 1, "fatal": 0, "pedestrian": 0, "bicycle": 1, "density": 0.2, "year_range": "2010-2024"}}, {"type": "Feature", "geometry": {"type": "Point", "coordinates": [-99.481081, 27.52973]}, "properties": {"crashes": 1, "injury": 1, "fatal": 0, "pedestrian": 0, "bicycle": 1, "density": 0.2, "year_range": "2010-2024"}}, {"type": "Feature", "geometry": {"type": "Point", "coordinates": [-98.218018, 26.216216]}, "properties": {"crashes": 1, "injury": 1, "fatal": 0, "pedestrian": 0, "bicycle": 1, "density": 0.2, "year_range": "2010-2024"}}, {"type": "Feature", "geometry": {"type": "Point", "coordinates": [-99.502703, 27.506306]}, "properties": {"crashes": 2, "injury": 0, "fatal": 0, "pedestrian": 0, "bicycle": 2, "density": 0.5, "year_range": "2010-2024"}}, {"type": "Feature", "geometry": {"type": "Point", "coordinates": [-96.846847, 32.69009]}, "properties": {"crashes": 1, "injury": 1, "fatal": 0, "pedestrian": 0, "bicycle": 1, "density": 0.2, "year_range": "2010-2024"}}, {"type": "Feature", "geometry": {"type": "Point", "coordinates": [-97.481081, 26.010811]}, "properties": {"crashes": 1, "injury": 1, "fatal": 0, "pedestrian": 0, "bicycle": 1, "density": 0.2, "year_range": "2010-2024"}}, {"type": "Feature", "geometry": {"type": "Point", "coordinates": [-106.486486, 31.758559]}, "properties": {"crashes": 1, "injury": 1, "fatal": 0, "pedestrian": 0, "bicycle": 1, "density": 0.2, "year_range": "2010-2024"}}, {"type": "Feature", "geometry": {"type": "Point", "coordinates": [-98.342342, 30.601802]}, "properties": {"crashes": 1, "injury": 1, "fatal": 0, "pedestrian": 0, "bicycle": 1, "density": 0.2, "year_range": "2010-2024"}}, {"type": "Feature", "geometry": {"type": "Point", "coordinates": [-97.468468, 27.785586]}, "properties": {"crashes": 1, "injury": 1, "fatal": 0, "pedestrian": 0, "bicycle": 1, "density": 0.2, "year_range": "2010-2024"}}, {"type": "Feature", "geometry": {"type": "Point", "coordinates": [-94.794595, 32.165766]}, "properties": {"crashes": 1, "injury": 1, "fatal": 0, "pedestrian": 0, "bicycle": 1, "density": 0.2, "year_range": "2010-2024"}}, {"type": "Feature", "geometry": {"type": "Point", "coordinates": [-99.778378, 30.493694]}, "properties": {"crashes": 1, "injury": 1, "fatal": 0, "pedestrian": 0, "bicycle": 1, "density": 0.2, "year_range": "2010-2024"}}, {"type": "Feature", "geometry": {"type": "Point", "coordinates": [-96.625225, 32.931532]}, "properties": {"crashes": 1, "injury": 1, "fatal": 0, "pedestrian": 0, "bicycle": 1, "density": 0.2, "year_range": "2010-2024"}}, {"type": "Feature", "geometry": {"type": "Point", "coordinates": [-98.47027, 29.457658]}, "properties": {"crashes": 1, "injury": 1, "fatal": 0, "pedestrian": 0, "bicycle": 1, "density": 0.2, "year_range": "2010-2024"}}, {"type": "Feature", "geometry": {"type": "Point", "coordinates": [-97.733333, 30.436036]}, "properties": {"crashes": 1, "injury": 1, "fatal": 0, "pedestrian": 0, "bicycle": 1, "density": 0.2, "year_range": "2010-2024"}}, {"type": "Feature", "geometry": {"type": "Point", "coordinates": [-97.376577, 32.783784]}, "properties": {"crashes": 1, "injury": 1, "fatal": 0, "pedestrian": 0, "bicycle": 1, "density": 0.2, "year_range": "2010-2024"}}, {"type": "Feature", "geometry": {"type": "Point", "coordinates": [-97.218018, 32.830631]}, "properties": {"crashes": 1, "injury": 1, "fatal": 0, "pedestrian": 0, "bicycle": 1, "density": 0.2, "year_range": "2010-2024"}}, {"type": "Feature", "geometry": {"type": "Point", "coordinates": [-96.562162, 29.699099]}, "properties": {"crashes": 1, "injury": 1, "fatal": 0, "pedestrian": 0, "bicycle": 1, "density": 0.2, "year_range": "2010-2024"}}, {"type": "Feature", "geometry": {"type": "Point", "coordinates": [-95.553153, 30.223423]}, "properties": {"crashes": 1, "injury": 1, "fatal": 0, "pedestrian": 0, "bicycle": 1, "density": 0.2, "year_range": "2010-2024"}}, {"type": "Feature", "geometry": {"type": "Point", "coordinates": [-98.488288, 28.972973]}, "properties": {"crashes": 1, "injury": 1, "fatal": 0, "pedestrian": 0, "bicycle": 1, "density": 0.2, "year_range": "2010-2024"}}, {"type": "Feature", "geometry": {"type": "Point", "coordinates": [-96.317117, 30.616216]}, "properties": {"crashes": 1, "injury": 1, "fatal": 0, "pedestrian": 0, "bicycle": 1, "density": 0.2, "year_range": "2010-2024"}}, {"type": "Feature", "geometry": {"type": "Point", "coordinates": [-97.679279, 30.32973]}, "properties": {"crashes": 1, "injury": 1, "fatal": 0, "pedestrian": 0, "bicycle": 1, "density": 0.2, "year_range": "2010-2024"}}, {"type": "Feature", "geometry": {"type": "Point", "coordinates": [-96.174775, 33.603604]}, "properties": {"crashes": 1, "injury": 1, "fatal": 0, "pedestrian": 0, "bicycle": 1, "density": 0.2, "year_range": "2010-2024"}}, {"type": "Feature", "geometry": {"type": "Point", "coordinates": [-97.672072, 30.421622]}, "properties": {"crashes": 1, "injury": 1, "fatal": 0, "pedestrian": 0, "bicycle": 1, "density": 0.2, "year_range": "2010-2024"}}, {"type": "Feature", "geometry": {"type": "Point", "coordinates": [-95.47027, 32.594595]}, "properties": {"crashes": 1, "injury": 1, "fatal": 1, "pedestrian": 0, "bicycle": 1, "density": 0.2, "year_range": "2010-2024"}}, {"type": "Feature", "geometry": {"type": "Point", "coordinates": [-93.818018, 30.048649]}, "properties": {"crashes": 1, "injury": 1, "fatal": 0, "pedestrian": 0, "bicycle": 1, "density": 0.2, "year_range": "2010-2024"}}, {"type": "Feature", "geometry": {"type": "Point", "coordinates": [-96.455856, 32.915315]}, "properties": {"crashes": 1, "injury": 1, "fatal": 0, "pedestrian": 0, "bicycle": 1, "density": 0.2, "year_range": "2010-2024"}}, {"type": "Feature", "geometry": {"type": "Point", "coordinates": [-97.100901, 32.76036]}, "properties": {"crashes": 1, "injury": 0, "fatal": 0, "pedestrian": 0, "bicycle": 1, "density": 0.2, "year_range": "2010-2024"}}, {"type": "Feature", "geometry": {"type": "Point", "coordinates": [-98.513514, 29.578378]}, "properties": {"crashes": 1, "injury": 1, "fatal": 0, "pedestrian": 0, "bicycle": 1, "density": 0.2, "year_range": "2010-2024"}}, {"type": "Feature", "geometry": {"type": "Point", "coordinates": [-99.281081, 29.882883]}, "properties": {"crashes": 1, "injury": 0, "fatal": 0, "pedestrian": 0, "bicycle": 1, "density": 0.2, "year_range": "2010-2024"}}, {"type": "Feature", "geometry": {"type": "Point", "coordinates": [-97.76036, 30.257658]}, "properties": {"crashes": 1, "injury": 0, "fatal": 0, "pedestrian": 0, "bicycle": 1, "density": 0.2, "year_range": "2010-2024"}}, {"type": "Feature", "geometry": {"type": "Point", "coordinates": [-95.643243, 29.69009]}, "properties": {"crashes": 2, "injury": 0, "fatal": 0, "pedestrian": 0, "bicycle": 2, "density": 0.5, "year_range": "2010-2024"}}, {"type": "Feature", "geometry": {"type": "Point", "coordinates": [-97.767568, 30.194595]}, "properties": {"crashes": 1, "injury": 0, "fatal": 0, "pedestrian": 0, "bicycle": 1, "density": 0.2, "year_range": "2010-2024"}}, {"type": "Feature", "geometry": {"type": "Point", "coordinates": [-95.461261, 29.740541]}, "properties": {"crashes": 1, "injury": 1, "fatal": 0, "pedestrian": 0, "bicycle": 1, "density": 0.2, "year_range": "2010-2024"}}, {"type": "Feature", "geometry": {"type": "Point", "coordinates": [-97.383784, 27.684685]}, "properties": {"crashes": 2, "injury": 1, "fatal": 0, "pedestrian": 0, "bicycle": 2, "density": 0.5, "year_range": "2010-2024"}}, {"type": "Feature", "geometry": {"type": "Point", "coordinates": [-98.682883, 29.533333]}, "properties": {"crashes": 1, "injury": 1, "fatal": 0, "pedestrian": 0, "bicycle": 1, "density": 0.2, "year_range": "2010-2024"}}, {"type": "Feature", "geometry": {"type": "Point", "coordinates": [-96.362162, 30.652252]}, "properties": {"crashes": 1, "injury": 1, "fatal": 0, "pedestrian": 0, "bicycle": 1, "density": 0.2, "year_range": "2010-2024"}}, {"type": "Feature", "geometry": {"type": "Point", "coordinates": [-95.088288, 30.025225]}, "properties": {"crashes": 1, "injury": 1, "fatal": 0, "pedestrian": 0, "bicycle": 1, "density": 0.2, "year_range": "2010-2024"}}, {"type": "Feature", "geometry": {"type": "Point", "coordinates": [-96.641441, 33.165766]}, "properties": {"crashes": 1, "injury": 1, "fatal": 0, "pedestrian": 0, "bicycle": 1, "density": 0.2, "year_range": "2010-2024"}}, {"type": "Feature", "geometry": {"type": "Point", "coordinates": [-98.342342, 29.558559]}, "properties": {"crashes": 1, "injury": 0, "fatal": 0, "pedestrian": 0, "bicycle": 1, "density": 0.2, "year_range": "2010-2024"}}, {"type": "Feature", "geometry": {"type": "Point", "coordinates": [-97.609009, 30.255856]}, "properties": {"crashes": 1, "injury": 1, "fatal": 0, "pedestrian": 0, "bicycle": 1, "density": 0.2, "year_range": "2010-2024"}}, {"type": "Feature", "geometry": {"type": "Point", "coordinates": [-97.681081, 30.223423]}, "properties": {"crashes": 1, "injury": 1, "fatal": 0, "pedestrian": 0, "bicycle": 1, "density": 0.2, "year_range": "2010-2024"}}, {"type": "Feature", "geometry": {"type": "Point", "coordinates": [-94.007207, 30.113514]}, "properties": {"crashes": 1, "injury": 1, "fatal": 1, "pedestrian": 0, "bicycle": 1, "density": 0.2, "year_range": "2010-2024"}}, {"type": "Feature", "geometry": {"type": "Point", "coordinates": [-97.162162, 31.527928]}, "properties": {"crashes": 1, "injury": 1, "fatal": 0, "pedestrian": 0, "bicycle": 1, "density": 0.2, "year_range": "2010-2024"}}, {"type": "Feature", "geometry": {"type": "Point", "coordinates": [-97.623423, 27.873874]}, "properties": {"crashes": 1, "injury": 1, "fatal": 0, "pedestrian": 0, "bicycle": 1, "density": 0.2, "year_range": "2010-2024"}}, {"type": "Feature", "geometry": {"type": "Point", "coordinates": [-97.763964, 30.223423]}, "properties": {"crashes": 4, "injury": 3, "fatal": 0, "pedestrian": 0, "bicycle": 4, "density": 1.0, "year_range": "2010-2024"}}, {"type": "Feature", "geometry": {"type": "Point", "coordinates": [-95.556757, 33.672072]}, "properties": {"crashes": 1, "injury": 1, "fatal": 0, "pedestrian": 0, "bicycle": 1, "density": 0.2, "year_range": "2010-2024"}}, {"type": "Feature", "geometry": {"type": "Point", "coordinates": [-96.479279, 32.084685]}, "properties": {"crashes": 1, "injury": 1, "fatal": 0, "pedestrian": 0, "bicycle": 1, "density": 0.2, "year_range": "2010-2024"}}, {"type": "Feature", "geometry": {"type": "Point", "coordinates": [-94.196396, 30.243243]}, "properties": {"crashes": 1, "injury": 0, "fatal": 0, "pedestrian": 0, "bicycle": 1, "density": 0.2, "year_range": "2010-2024"}}, {"type": "Feature", "geometry": {"type": "Point", "coordinates": [-98.589189, 33.113514]}, "properties": {"crashes": 1, "injury": 1, "fatal": 0, "pedestrian": 0, "bicycle": 1, "density": 0.2, "year_range": "2010-2024"}}, {"type": "Feature", "geometry": {"type": "Point", "coordinates": [-100.446847, 31.466667]}, "properties": {"crashes": 2, "injury": 1, "fatal": 0, "pedestrian": 0, "bicycle": 2, "density": 0.5, "year_range": "2010-2024"}}, {"type": "Feature", "geometry": {"type": "Point", "coordinates": [-96.463063, 32.965766]}, "properties": {"crashes": 1, "injury": 1, "fatal": 0, "pedestrian": 0, "bicycle": 1, "density": 0.2, "year_range": "2010-2024"}}, {"type": "Feature", "geometry": {"type": "Point", "coordinates": [-98.342342, 29.56036]}, "properties": {"crashes": 1, "injury": 1, "fatal": 1, "pedestrian": 0, "bicycle": 1, "density": 0.2, "year_range": "2010-2024"}}, {"type": "Feature", "geometry": {"type": "Point", "coordinates": [-98.522523, 33.927928]}, "properties": {"crashes": 2, "injury": 1, "fatal": 0, "pedestrian": 0, "bicycle": 2, "density": 0.5, "year_range": "2010-2024"}}, {"type": "Feature", "geometry": {"type": "Point", "coordinates": [-98.893694, 29.151351]}, "properties": {"crashes": 1, "injury": 1, "fatal": 0, "pedestrian": 0, "bicycle": 1, "density": 0.2, "year_range": "2010-2024"}}, {"type": "Feature", "geometry": {"type": "Point", "coordinates": [-96.83964, 32.643243]}, "properties": {"crashes": 2, "injury": 2, "fatal": 0, "pedestrian": 0, "bicycle": 2, "density": 0.5, "year_range": "2010-2024"}}, {"type": "Feature", "geometry": {"type": "Point", "coordinates": [-96.992793, 33.025225]}, "properties": {"crashes": 1, "injury": 1, "fatal": 1, "pedestrian": 0, "bicycle": 1, "density": 0.2, "year_range": "2010-2024"}}, {"type": "Feature", "geometry": {"type": "Point", "coordinates": [-94.774775, 29.313514]}, "properties": {"crashes": 1, "injury": 0, "fatal": 0, "pedestrian": 0, "bicycle": 1, "density": 0.2, "year_range": "2010-2024"}}, {"type": "Feature", "geometry": {"type": "Point", "coordinates": [-96.637838, 28.628829]}, "properties": {"crashes": 1, "injury": 0, "fatal": 0, "pedestrian": 0, "bicycle": 1, "density": 0.2, "year_range": "2010-2024"}}, {"type": "Feature", "geometry": {"type": "Point", "coordinates": [-95.216216, 32.227027]}, "properties": {"crashes": 1, "injury": 1, "fatal": 0, "pedestrian": 0, "bicycle": 1, "density": 0.2, "year_range": "2010-2024"}}, {"type": "Feature", "geometry": {"type": "Point", "coordinates": [-95.771171, 29.558559]}, "properties": {"crashes": 2, "injury": 2, "fatal": 1, "pedestrian": 0, "bicycle": 2, "density": 0.5, "year_range": "2010-2024"}}, {"type": "Feature", "geometry": {"type": "Point", "coordinates": [-101.884685, 35.243243]}, "properties": {"crashes": 1, "injury": 1, "fatal": 0, "pedestrian": 0, "bicycle": 1, "density": 0.2, "year_range": "2010-2024"}}, {"type": "Feature", "geometry": {"type": "Point", "coordinates": [-98.037838, 26.228829]}, "properties": {"crashes": 1, "injury": 1, "fatal": 0, "pedestrian": 0, "bicycle": 1, "density": 0.2, "year_range": "2010-2024"}}, {"type": "Feature", "geometry": {"type": "Point", "coordinates": [-96.291892, 30.610811]}, "properties": {"crashes": 1, "injury": 1, "fatal": 0, "pedestrian": 0, "bicycle": 1, "density": 0.2, "year_range": "2010-2024"}}, {"type": "Feature", "geometry": {"type": "Point", "coordinates": [-96.785586, 33.248649]}, "properties": {"crashes": 2, "injury": 2, "fatal": 0, "pedestrian": 0, "bicycle": 2, "density": 0.5, "year_range": "2010-2024"}}, {"type": "Feature", "geometry": {"type": "Point", "coordinates": [-96.097297, 30.351351]}, "properties": {"crashes": 1, "injury": 1, "fatal": 0, "pedestrian": 0, "bicycle": 1, "density": 0.2, "year_range": "2010-2024"}}, {"type": "Feature", "geometry": {"type": "Point", "coordinates": [-96.612613, 33.189189]}, "properties": {"crashes": 1, "injury": 1, "fatal": 0, "pedestrian": 0, "bicycle": 1, "density": 0.2, "year_range": "2010-2024"}}, {"type": "Feature", "geometry": {"type": "Point", "coordinates": [-99.463063, 27.517117]}, "properties": {"crashes": 1, "injury": 1, "fatal": 0, "pedestrian": 0, "bicycle": 1, "density": 0.2, "year_range": "2010-2024"}}, {"type": "Feature", "geometry": {"type": "Point", "coordinates": [-97.167568, 32.981982]}, "properties": {"crashes": 1, "injury": 1, "fatal": 0, "pedestrian": 0, "bicycle": 1, "density": 0.2, "year_range": "2010-2024"}}, {"type": "Feature", "geometry": {"type": "Point", "coordinates": [-97.441441, 27.742342]}, "properties": {"crashes": 1, "injury": 1, "fatal": 0, "pedestrian": 0, "bicycle": 1, "density": 0.2, "year_range": "2010-2024"}}, {"type": "Feature", "geometry": {"type": "Point", "coordinates": [-98.178378, 26.194595]}, "properties": {"crashes": 2, "injury": 1, "fatal": 0, "pedestrian": 0, "bicycle": 2, "density": 0.5, "year_range": "2010-2024"}}, {"type": "Feature", "geometry": {"type": "Point", "coordinates": [-99.803604, 32.407207]}, "properties": {"crashes": 1, "injury": 1, "fatal": 0, "pedestrian": 0, "bicycle": 1, "density": 0.2, "year_range": "2010-2024"}}, {"type": "Feature", "geometry": {"type": "Point", "coordinates": [-95.163964, 29.522523]}, "properties": {"crashes": 1, "injury": 1, "fatal": 0, "pedestrian": 0, "bicycle": 1, "density": 0.2, "year_range": "2010-2024"}}, {"type": "Feature", "geometry": {"type": "Point", "coordinates": [-96.084685, 30.079279]}, "properties": {"crashes": 1, "injury": 1, "fatal": 0, "pedestrian": 0, "bicycle": 1, "density": 0.2, "year_range": "2010-2024"}}, {"type": "Feature", "geometry": {"type": "Point", "coordinates": [-98.598198, 29.481081]}, "properties": {"crashes": 2, "injury": 2, "fatal": 0, "pedestrian": 0, "bicycle": 2, "density": 0.5, "year_range": "2010-2024"}}, {"type": "Feature", "geometry": {"type": "Point", "coordinates": [-95.830631, 29.648649]}, "properties": {"crashes": 1, "injury": 1, "fatal": 0, "pedestrian": 0, "bicycle": 1, "density": 0.2, "year_range": "2010-2024"}}, {"type": "Feature", "geometry": {"type": "Point", "coordinates": [-94.598198, 33.057658]}, "properties": {"crashes": 1, "injury": 1, "fatal": 0, "pedestrian": 0, "bicycle": 1, "density": 0.2, "year_range": "2010-2024"}}, {"type": "Feature", "geometry": {"type": "Point", "coordinates": [-95.036036, 29.56036]}, "properties": {"crashes": 1, "injury": 1, "fatal": 0, "pedestrian": 0, "bicycle": 1, "density": 0.2, "year_range": "2010-2024"}}, {"type": "Feature", "geometry": {"type": "Point", "coordinates": [-99.502703, 27.520721]}, "properties": {"crashes": 1, "injury": 1, "fatal": 0, "pedestrian": 0, "bicycle": 1, "density": 0.2, "year_range": "2010-2024"}}, {"type": "Feature", "geometry": {"type": "Point", "coordinates": [-96.335135, 30.627027]}, "properties": {"crashes": 2, "injury": 2, "fatal": 0, "pedestrian": 0, "bicycle": 2, "density": 0.5, "year_range": "2010-2024"}}, {"type": "Feature", "geometry": {"type": "Point", "coordinates": [-96.461261, 32.924324]}, "properties": {"crashes": 1, "injury": 1, "fatal": 0, "pedestrian": 0, "bicycle": 1, "density": 0.2, "year_range": "2010-2024"}}, {"type": "Feature", "geometry": {"type": "Point", "coordinates": [-97.126126, 33.201802]}, "properties": {"crashes": 1, "injury": 1, "fatal": 0, "pedestrian": 0, "bicycle": 1, "density": 0.2, "year_range": "2010-2024"}}, {"type": "Feature", "geometry": {"type": "Point", "coordinates": [-95.655856, 29.147748]}, "properties": {"crashes": 1, "injury": 1, "fatal": 0, "pedestrian": 0, "bicycle": 1, "density": 0.2, "year_range": "2010-2024"}}, {"type": "Feature", "geometry": {"type": "Point", "coordinates": [-97.70991, 26.214414]}, "properties": {"crashes": 1, "injury": 1, "fatal": 0, "pedestrian": 0, "bicycle": 1, "density": 0.2, "year_range": "2010-2024"}}, {"type": "Feature", "geometry": {"type": "Point", "coordinates": [-97.854054, 30.403604]}, "properties": {"crashes": 2, "injury": 2, "fatal": 0, "pedestrian": 0, "bicycle": 2, "density": 0.5, "year_range": "2010-2024"}}, {"type": "Feature", "geometry": {"type": "Point", "coordinates": [-96.302703, 30.601802]}, "properties": {"crashes": 1, "injury": 1, "fatal": 0, "pedestrian": 0, "bicycle": 1, "density": 0.2, "year_range": "2010-2024"}}, {"type": "Feature", "geometry": {"type": "Point", "coordinates": [-95.34955, 29.682883]}, "properties": {"crashes": 2, "injury": 2, "fatal": 0, "pedestrian": 0, "bicycle": 2, "density": 0.5, "year_range": "2010-2024"}}, {"type": "Feature", "geometry": {"type": "Point", "coordinates": [-94.711712, 32.513514]}, "properties": {"crashes": 1, "injury": 1, "fatal": 0, "pedestrian": 0, "bicycle": 1, "density": 0.2, "year_range": "2010-2024"}}, {"type": "Feature", "geometry": {"type": "Point", "coordinates": [-95.272072, 30.001802]}, "properties": {"crashes": 1, "injury": 1, "fatal": 0, "pedestrian": 0, "bicycle": 1, "density": 0.2, "year_range": "2010-2024"}}, {"type": "Feature", "geometry": {"type": "Point", "coordinates": [-97.502703, 25.94955]}, "properties": {"crashes": 1, "injury": 1, "fatal": 0, "pedestrian": 0, "bicycle": 1, "density": 0.2, "year_range": "2010-2024"}}, {"type": "Feature", "geometry": {"type": "Point", "coordinates": [-96.286486, 32.736937]}, "properties": {"crashes": 1, "injury": 1, "fatal": 0, "pedestrian": 0, "bicycle": 1, "density": 0.2, "year_range": "2010-2024"}}, {"type": "Feature", "geometry": {"type": "Point", "coordinates": [-98.491892, 33.911712]}, "properties": {"crashes": 1, "injury": 1, "fatal": 0, "pedestrian": 0, "bicycle": 1, "density": 0.2, "year_range": "2010-2024"}}, {"type": "Feature", "geometry": {"type": "Point", "coordinates": [-106.448649, 31.772973]}, "properties": {"crashes": 1, "injury": 1, "fatal": 0, "pedestrian": 0, "bicycle": 1, "density": 0.2, "year_range": "2010-2024"}}, {"type": "Feature", "geometry": {"type": "Point", "coordinates": [-97.706306, 30.353153]}, "properties": {"crashes": 1, "injury": 0, "fatal": 0, "pedestrian": 0, "bicycle": 1, "density": 0.2, "year_range": "2010-2024"}}, {"type": "Feature", "geometry": {"type": "Point", "coordinates": [-95.572973, 29.879279]}, "properties": {"crashes": 1, "injury": 1, "fatal": 0, "pedestrian": 0, "bicycle": 1, "density": 0.2, "year_range": "2010-2024"}}, {"type": "Feature", "geometry": {"type": "Point", "coordinates": [-97.293694, 33.0]}, "properties": {"crashes": 1, "injury": 1, "fatal": 0, "pedestrian": 0, "bicycle": 1, "density": 0.2, "year_range": "2010-2024"}}, {"type": "Feature", "geometry": {"type": "Point", "coordinates": [-97.335135, 32.794595]}, "properties": {"crashes": 1, "injury": 1, "fatal": 0, "pedestrian": 0, "bicycle": 1, "density": 0.2, "year_range": "2010-2024"}}, {"type": "Feature", "geometry": {"type": "Point", "coordinates": [-95.645045, 29.776577]}, "properties": {"crashes": 1, "injury": 1, "fatal": 0, "pedestrian": 0, "bicycle": 1, "density": 0.2, "year_range": "2010-2024"}}, {"type": "Feature", "geometry": {"type": "Point", "coordinates": [-95.354955, 29.666667]}, "properties": {"crashes": 1, "injury": 1, "fatal": 0, "pedestrian": 0, "bicycle": 1, "density": 0.2, "year_range": "2010-2024"}}, {"type": "Feature", "geometry": {"type": "Point", "coordinates": [-94.967568, 33.136937]}, "properties": {"crashes": 1, "injury": 1, "fatal": 0, "pedestrian": 0, "bicycle": 1, "density": 0.2, "year_range": "2010-2024"}}, {"type": "Feature", "geometry": {"type": "Point", "coordinates": [-97.700901, 30.513514]}, "properties": {"crashes": 1, "injury": 1, "fatal": 0, "pedestrian": 0, "bicycle": 1, "density": 0.2, "year_range": "2010-2024"}}, {"type": "Feature", "geometry": {"type": "Point", "coordinates": [-94.967568, 29.358559]}, "properties": {"crashes": 1, "injury": 1, "fatal": 0, "pedestrian": 0, "bicycle": 1, "density": 0.2, "year_range": "2010-2024"}}, {"type": "Feature", "geometry": {"type": "Point", "coordinates": [-98.241441, 26.21982]}, "properties": {"crashes": 1, "injury": 1, "fatal": 0, "pedestrian": 0, "bicycle": 1, "density": 0.2, "year_range": "2010-2024"}}, {"type": "Feature", "geometry": {"type": "Point", "coordinates": [-98.259459, 26.216216]}, "properties": {"crashes": 1, "injury": 1, "fatal": 0, "pedestrian": 0, "bicycle": 1, "density": 0.2, "year_range": "2010-2024"}}, {"type": "Feature", "geometry": {"type": "Point", "coordinates": [-98.517117, 29.394595]}, "properties": {"crashes": 1, "injury": 1, "fatal": 0, "pedestrian": 0, "bicycle": 1, "density": 0.2, "year_range": "2010-2024"}}, {"type": "Feature", "geometry": {"type": "Point", "coordinates": [-95.147748, 31.794595]}, "properties": {"crashes": 1, "injury": 1, "fatal": 0, "pedestrian": 0, "bicycle": 1, "density": 0.2, "year_range": "2010-2024"}}, {"type": "Feature", "geometry": {"type": "Point", "coordinates": [-95.288288, 30.135135]}, "properties": {"crashes": 1, "injury": 1, "fatal": 1, "pedestrian": 0, "bicycle": 1, "density": 0.2, "year_range": "2010-2024"}}, {"type": "Feature", "geometry": {"type": "Point", "coordinates": [-96.288288, 32.736937]}, "properties": {"crashes": 1, "injury": 1, "fatal": 0, "pedestrian": 0, "bicycle": 1, "density": 0.2, "year_range": "2010-2024"}}, {"type": "Feature", "geometry": {"type": "Point", "coordinates": [-98.344144, 29.500901]}, "properties": {"crashes": 1, "injury": 1, "fatal": 0, "pedestrian": 0, "bicycle": 1, "density": 0.2, "year_range": "2010-2024"}}, {"type": "Feature", "geometry": {"type": "Point", "coordinates": [-96.821622, 32.56036]}, "properties": {"crashes": 1, "injury": 1, "fatal": 0, "pedestrian": 0, "bicycle": 1, "density": 0.2, "year_range": "2010-2024"}}, {"type": "Feature", "geometry": {"type": "Point", "coordinates": [-95.401802, 30.322523]}, "properties": {"crashes": 1, "injury": 1, "fatal": 0, "pedestrian": 0, "bicycle": 1, "density": 0.2, "year_range": "2010-2024"}}, {"type": "Feature", "geometry": {"type": "Point", "coordinates": [-97.409009, 27.787387]}, "properties": {"crashes": 1, "injury": 1, "fatal": 0, "pedestrian": 0, "bicycle": 1, "density": 0.2, "year_range": "2010-2024"}}, {"type": "Feature", "geometry": {"type": "Point", "coordinates": [-106.50991, 31.809009]}, "properties": {"crashes": 1, "injury": 0, "fatal": 0, "pedestrian": 0, "bicycle": 1, "density": 0.2, "year_range": "2010-2024"}}, {"type": "Feature", "geometry": {"type": "Point", "coordinates": [-98.540541, 29.569369]}, "properties": {"crashes": 1, "injury": 1, "fatal": 0, "pedestrian": 0, "bicycle": 1, "density": 0.2, "year_range": "2010-2024"}}, {"type": "Feature", "geometry": {"type": "Point", "coordinates": [-95.335135, 29.715315]}, "properties": {"crashes": 1, "injury": 0, "fatal": 0, "pedestrian": 0, "bicycle": 1, "density": 0.2, "year_range": "2010-2024"}}, {"type": "Feature", "geometry": {"type": "Point", "coordinates": [-98.493694, 33.897297]}, "properties": {"crashes": 1, "injury": 1, "fatal": 0, "pedestrian": 0, "bicycle": 1, "density": 0.2, "year_range": "2010-2024"}}, {"type": "Feature", "geometry": {"type": "Point", "coordinates": [-94.774775, 32.504505]}, "properties": {"crashes": 1, "injury": 1, "fatal": 0, "pedestrian": 0, "bicycle": 1, "density": 0.2, "year_range": "2010-2024"}}, {"type": "Feature", "geometry": {"type": "Point", "coordinates": [-97.106306, 31.567568]}, "properties": {"crashes": 1, "injury": 1, "fatal": 0, "pedestrian": 0, "bicycle": 1, "density": 0.2, "year_range": "2010-2024"}}, {"type": "Feature", "geometry": {"type": "Point", "coordinates": [-95.4, 29.812613]}, "properties": {"crashes": 1, "injury": 1, "fatal": 0, "pedestrian": 0, "bicycle": 1, "density": 0.2, "year_range": "2010-2024"}}, {"type": "Feature", "geometry": {"type": "Point", "coordinates": [-98.410811, 29.544144]}, "properties": {"crashes": 1, "injury": 0, "fatal": 0, "pedestrian": 0, "bicycle": 1, "density": 0.2, "year_range": "2010-2024"}}, {"type": "Feature", "geometry": {"type": "Point", "coordinates": [-95.291892, 29.772973]}, "properties": {"crashes": 1, "injury": 1, "fatal": 0, "pedestrian": 0, "bicycle": 1, "density": 0.2, "year_range": "2010-2024"}}, {"type": "Feature", "geometry": {"type": "Point", "coordinates": [-97.104505, 31.607207]}, "properties": {"crashes": 1, "injury": 1, "fatal": 0, "pedestrian": 0, "bicycle": 1, "density": 0.2, "year_range": "2010-2024"}}, {"type": "Feature", "geometry": {"type": "Point", "coordinates": [-98.479279, 29.432432]}, "properties": {"crashes": 1, "injury": 1, "fatal": 0, "pedestrian": 0, "bicycle": 1, "density": 0.2, "year_range": "2010-2024"}}, {"type": "Feature", "geometry": {"type": "Point", "coordinates": [-98.572973, 34.097297]}, "properties": {"crashes": 1, "injury": 1, "fatal": 0, "pedestrian": 0, "bicycle": 1, "density": 0.2, "year_range": "2010-2024"}}, {"type": "Feature", "geometry": {"type": "Point", "coordinates": [-96.589189, 33.63964]}, "properties": {"crashes": 1, "injury": 1, "fatal": 0, "pedestrian": 0, "bicycle": 1, "density": 0.2, "year_range": "2010-2024"}}, {"type": "Feature", "geometry": {"type": "Point", "coordinates": [-97.291892, 27.672072]}, "properties": {"crashes": 1, "injury": 1, "fatal": 0, "pedestrian": 0, "bicycle": 1, "density": 0.2, "year_range": "2010-2024"}}, {"type": "Feature", "geometry": {"type": "Point", "coordinates": [-96.618018, 33.18018]}, "properties": {"crashes": 1, "injury": 1, "fatal": 0, "pedestrian": 0, "bicycle": 1, "density": 0.2, "year_range": "2010-2024"}}, {"type": "Feature", "geometry": {"type": "Point", "coordinates": [-97.363964, 30.351351]}, "properties": {"crashes": 1, "injury": 1, "fatal": 0, "pedestrian": 0, "bicycle": 1, "density": 0.2, "year_range": "2010-2024"}}, {"type": "Feature", "geometry": {"type": "Point", "coordinates": [-98.473874, 26.246847]}, "properties": {"crashes": 1, "injury": 1, "fatal": 0, "pedestrian": 0, "bicycle": 1, "density": 0.2, "year_range": "2010-2024"}}, {"type": "Feature", "geometry": {"type": "Point", "coordinates": [-99.115315, 30.068468]}, "properties": {"crashes": 1, "injury": 1, "fatal": 0, "pedestrian": 0, "bicycle": 1, "density": 0.2, "year_range": "2010-2024"}}, {"type": "Feature", "geometry": {"type": "Point", "coordinates": [-97.335135, 27.717117]}, "properties": {"crashes": 1, "injury": 1, "fatal": 0, "pedestrian": 0, "bicycle": 1, "density": 0.2, "year_range": "2010-2024"}}, {"type": "Feature", "geometry": {"type": "Point", "coordinates": [-97.133333, 32.684685]}, "properties": {"crashes": 1, "injury": 1, "fatal": 0, "pedestrian": 0, "bicycle": 1, "density": 0.2, "year_range": "2010-2024"}}, {"type": "Feature", "geometry": {"type": "Point", "coordinates": [-95.652252, 29.645045]}, "properties": {"crashes": 1, "injury": 0, "fatal": 0, "pedestrian": 0, "bicycle": 1, "density": 0.2, "year_range": "2010-2024"}}, {"type": "Feature", "geometry": {"type": "Point", "coordinates": [-95.931532, 29.733333]}, "properties": {"crashes": 1, "injury": 1, "fatal": 0, "pedestrian": 0, "bicycle": 1, "density": 0.2, "year_range": "2010-2024"}}, {"type": "Feature", "geometry": {"type": "Point", "coordinates": [-97.477477, 25.891892]}, "properties": {"crashes": 1, "injury": 1, "fatal": 0, "pedestrian": 0, "bicycle": 1, "density": 0.2, "year_range": "2010-2024"}}, {"type": "Feature", "geometry": {"type": "Point", "coordinates": [-95.445045, 30.136937]}, "properties": {"crashes": 1, "injury": 1, "fatal": 0, "pedestrian": 0, "bicycle": 1, "density": 0.2, "year_range": "2010-2024"}}, {"type": "Feature", "geometry": {"type": "Point", "coordinates": [-95.032432, 29.56036]}, "properties": {"crashes": 1, "injury": 1, "fatal": 0, "pedestrian": 0, "bicycle": 1, "density": 0.2, "year_range": "2010-2024"}}, {"type": "Feature", "geometry": {"type": "Point", "coordinates": [-95.392793, 29.845045]}, "properties": {"crashes": 3, "injury": 3, "fatal": 0, "pedestrian": 0, "bicycle": 3, "density": 0.8, "year_range": "2010-2024"}}, {"type": "Feature", "geometry": {"type": "Point", "coordinates": [-98.372973, 29.544144]}, "properties": {"crashes": 1, "injury": 0, "fatal": 0, "pedestrian": 0, "bicycle": 1, "density": 0.2, "year_range": "2010-2024"}}, {"type": "Feature", "geometry": {"type": "Point", "coordinates": [-95.302703, 32.345946]}, "properties": {"crashes": 1, "injury": 1, "fatal": 0, "pedestrian": 0, "bicycle": 1, "density": 0.2, "year_range": "2010-2024"}}, {"type": "Feature", "geometry": {"type": "Point", "coordinates": [-94.992793, 29.358559]}, "properties": {"crashes": 1, "injury": 1, "fatal": 0, "pedestrian": 0, "bicycle": 1, "density": 0.2, "year_range": "2010-2024"}}, {"type": "Feature", "geometry": {"type": "Point", "coordinates": [-97.445045, 32.722523]}, "properties": {"crashes": 1, "injury": 1, "fatal": 0, "pedestrian": 0, "bicycle": 1, "density": 0.2, "year_range": "2010-2024"}}, {"type": "Feature", "geometry": {"type": "Point", "coordinates": [-97.41982, 27.763964]}, "properties": {"crashes": 1, "injury": 0, "fatal": 0, "pedestrian": 0, "bicycle": 1, "density": 0.2, "year_range": "2010-2024"}}, {"type": "Feature", "geometry": {"type": "Point", "coordinates": [-97.810811, 30.327928]}, "properties": {"crashes": 1, "injury": 1, "fatal": 0, "pedestrian": 0, "bicycle": 1, "density": 0.2, "year_range": "2010-2024"}}, {"type": "Feature", "geometry": {"type": "Point", "coordinates": [-94.018018, 30.14955]}, "properties": {"crashes": 1, "injury": 1, "fatal": 0, "pedestrian": 0, "bicycle": 1, "density": 0.2, "year_range": "2010-2024"}}, {"type": "Feature", "geometry": {"type": "Point", "coordinates": [-97.679279, 26.194595]}, "properties": {"crashes": 1, "injury": 0, "fatal": 0, "pedestrian": 0, "bicycle": 1, "density": 0.2, "year_range": "2010-2024"}}, {"type": "Feature", "geometry": {"type": "Point", "coordinates": [-96.29009, 32.738739]}, "properties": {"crashes": 1, "injury": 1, "fatal": 0, "pedestrian": 0, "bicycle": 1, "density": 0.2, "year_range": "2010-2024"}}, {"type": "Feature", "geometry": {"type": "Point", "coordinates": [-97.65045, 30.484685]}, "properties": {"crashes": 1, "injury": 1, "fatal": 0, "pedestrian": 0, "bicycle": 1, "density": 0.2, "year_range": "2010-2024"}}, {"type": "Feature", "geometry": {"type": "Point", "coordinates": [-93.830631, 30.036036]}, "properties": {"crashes": 1, "injury": 1, "fatal": 0, "pedestrian": 0, "bicycle": 1, "density": 0.2, "year_range": "2010-2024"}}, {"type": "Feature", "geometry": {"type": "Point", "coordinates": [-94.771171, 29.313514]}, "properties": {"crashes": 1, "injury": 0, "fatal": 0, "pedestrian": 0, "bicycle": 1, "density": 0.2, "year_range": "2010-2024"}}, {"type": "Feature", "geometry": {"type": "Point", "coordinates": [-98.084685, 29.655856]}, "properties": {"crashes": 1, "injury": 1, "fatal": 0, "pedestrian": 0, "bicycle": 1, "density": 0.2, "year_range": "2010-2024"}}, {"type": "Feature", "geometry": {"type": "Point", "coordinates": [-100.866667, 32.389189]}, "properties": {"crashes": 1, "injury": 1, "fatal": 0, "pedestrian": 0, "bicycle": 1, "density": 0.2, "year_range": "2010-2024"}}, {"type": "Feature", "geometry": {"type": "Point", "coordinates": [-97.834234, 30.443243]}, "properties": {"crashes": 1, "injury": 1, "fatal": 0, "pedestrian": 0, "bicycle": 1, "density": 0.2, "year_range": "2010-2024"}}, {"type": "Feature", "geometry": {"type": "Point", "coordinates": [-99.335135, 31.118919]}, "properties": {"crashes": 1, "injury": 1, "fatal": 0, "pedestrian": 0, "bicycle": 1, "density": 0.2, "year_range": "2010-2024"}}, {"type": "Feature", "geometry": {"type": "Point", "coordinates": [-97.756757, 30.264865]}, "properties": {"crashes": 1, "injury": 1, "fatal": 0, "pedestrian": 0, "bicycle": 1, "density": 0.2, "year_range": "2010-2024"}}, {"type": "Feature", "geometry": {"type": "Point", "coordinates": [-95.36036, 29.702703]}, "properties": {"crashes": 2, "injury": 2, "fatal": 0, "pedestrian": 0, "bicycle": 2, "density": 0.5, "year_range": "2010-2024"}}, {"type": "Feature", "geometry": {"type": "Point", "coordinates": [-97.562162, 30.540541]}, "properties": {"crashes": 2, "injury": 2, "fatal": 1, "pedestrian": 0, "bicycle": 2, "density": 0.5, "year_range": "2010-2024"}}, {"type": "Feature", "geometry": {"type": "Point", "coordinates": [-101.855856, 33.569369]}, "properties": {"crashes": 3, "injury": 2, "fatal": 0, "pedestrian": 0, "bicycle": 3, "density": 0.8, "year_range": "2010-2024"}}, {"type": "Feature", "geometry": {"type": "Point", "coordinates": [-97.785586, 26.409009]}, "properties": {"crashes": 1, "injury": 1, "fatal": 1, "pedestrian": 0, "bicycle": 1, "density": 0.2, "year_range": "2010-2024"}}, {"type": "Feature", "geometry": {"type": "Point", "coordinates": [-101.378378, 33.189189]}, "properties": {"crashes": 1, "injury": 1, "fatal": 0, "pedestrian": 0, "bicycle": 1, "density": 0.2, "year_range": "2010-2024"}}, {"type": "Feature", "geometry": {"type": "Point", "coordinates": [-106.09009, 31.446847]}, "properties": {"crashes": 1, "injury": 1, "fatal": 0, "pedestrian": 0, "bicycle": 1, "density": 0.2, "year_range": "2010-2024"}}, {"type": "Feature", "geometry": {"type": "Point", "coordinates": [-95.666667, 29.785586]}, "properties": {"crashes": 1, "injury": 1, "fatal": 0, "pedestrian": 0, "bicycle": 1, "density": 0.2, "year_range": "2010-2024"}}, {"type": "Feature", "geometry": {"type": "Point", "coordinates": [-97.688288, 30.358559]}, "properties": {"crashes": 2, "injury": 2, "fatal": 0, "pedestrian": 0, "bicycle": 2, "density": 0.5, "year_range": "2010-2024"}}, {"type": "Feature", "geometry": {"type": "Point", "coordinates": [-97.762162, 30.221622]}, "properties": {"crashes": 1, "injury": 1, "fatal": 0, "pedestrian": 0, "bicycle": 1, "density": 0.2, "year_range": "2010-2024"}}, {"type": "Feature", "geometry": {"type": "Point", "coordinates": [-94.131532, 30.043243]}, "properties": {"crashes": 1, "injury": 1, "fatal": 0, "pedestrian": 0, "bicycle": 1, "density": 0.2, "year_range": "2010-2024"}}, {"type": "Feature", "geometry": {"type": "Point", "coordinates": [-97.83964, 30.302703]}, "properties": {"crashes": 1, "injury": 1, "fatal": 0, "pedestrian": 0, "bicycle": 1, "density": 0.2, "year_range": "2010-2024"}}, {"type": "Feature", "geometry": {"type": "Point", "coordinates": [-94.718919, 32.992793]}, "properties": {"crashes": 1, "injury": 1, "fatal": 0, "pedestrian": 0, "bicycle": 1, "density": 0.2, "year_range": "2010-2024"}}, {"type": "Feature", "geometry": {"type": "Point", "coordinates": [-97.14955, 27.90991]}, "properties": {"crashes": 1, "injury": 1, "fatal": 0, "pedestrian": 0, "bicycle": 1, "density": 0.2, "year_range": "2010-2024"}}, {"type": "Feature", "geometry": {"type": "Point", "coordinates": [-97.432432, 25.917117]}, "properties": {"crashes": 1, "injury": 1, "fatal": 0, "pedestrian": 0, "bicycle": 1, "density": 0.2, "year_range": "2010-2024"}}, {"type": "Feature", "geometry": {"type": "Point", "coordinates": [-97.720721, 30.394595]}, "properties": {"crashes": 1, "injury": 1, "fatal": 0, "pedestrian": 0, "bicycle": 1, "density": 0.2, "year_range": "2010-2024"}}, {"type": "Feature", "geometry": {"type": "Point", "coordinates": [-97.762162, 30.254054]}, "properties": {"crashes": 2, "injury": 2, "fatal": 0, "pedestrian": 0, "bicycle": 2, "density": 0.5, "year_range": "2010-2024"}}, {"type": "Feature", "geometry": {"type": "Point", "coordinates": [-97.181982, 32.731532]}, "properties": {"crashes": 1, "injury": 1, "fatal": 0, "pedestrian": 0, "bicycle": 1, "density": 0.2, "year_range": "2010-2024"}}, {"type": "Feature", "geometry": {"type": "Point", "coordinates": [-97.475676, 25.90991]}, "properties": {"crashes": 2, "injury": 2, "fatal": 0, "pedestrian": 0, "bicycle": 2, "density": 0.5, "year_range": "2010-2024"}}, {"type": "Feature", "geometry": {"type": "Point", "coordinates": [-97.769369, 30.248649]}, "properties": {"crashes": 1, "injury": 1, "fatal": 0, "pedestrian": 0, "bicycle": 1, "density": 0.2, "year_range": "2010-2024"}}, {"type": "Feature", "geometry": {"type": "Point", "coordinates": [-97.115315, 32.722523]}, "properties": {"crashes": 1, "injury": 1, "fatal": 0, "pedestrian": 0, "bicycle": 1, "density": 0.2, "year_range": "2010-2024"}}, {"type": "Feature", "geometry": {"type": "Point", "coordinates": [-97.347748, 32.78018]}, "properties": {"crashes": 1, "injury": 1, "fatal": 0, "pedestrian": 0, "bicycle": 1, "density": 0.2, "year_range": "2010-2024"}}, {"type": "Feature", "geometry": {"type": "Point", "coordinates": [-99.464865, 27.812613]}, "properties": {"crashes": 1, "injury": 1, "fatal": 0, "pedestrian": 0, "bicycle": 1, "density": 0.2, "year_range": "2010-2024"}}, {"type": "Feature", "geometry": {"type": "Point", "coordinates": [-95.331532, 29.544144]}, "properties": {"crashes": 1, "injury": 1, "fatal": 0, "pedestrian": 0, "bicycle": 1, "density": 0.2, "year_range": "2010-2024"}}, {"type": "Feature", "geometry": {"type": "Point", "coordinates": [-96.326126, 29.742342]}, "properties": {"crashes": 1, "injury": 1, "fatal": 1, "pedestrian": 0, "bicycle": 1, "density": 0.2, "year_range": "2010-2024"}}, {"type": "Feature", "geometry": {"type": "Point", "coordinates": [-98.369369, 29.508108]}, "properties": {"crashes": 1, "injury": 1, "fatal": 0, "pedestrian": 0, "bicycle": 1, "density": 0.2, "year_range": "2010-2024"}}, {"type": "Feature", "geometry": {"type": "Point", "coordinates": [-95.07027, 29.915315]}, "properties": {"crashes": 1, "injury": 0, "fatal": 0, "pedestrian": 0, "bicycle": 1, "density": 0.2, "year_range": "2010-2024"}}, {"type": "Feature", "geometry": {"type": "Point", "coordinates": [-97.088288, 33.072072]}, "properties": {"crashes": 1, "injury": 1, "fatal": 0, "pedestrian": 0, "bicycle": 1, "density": 0.2, "year_range": "2010-2024"}}, {"type": "Feature", "geometry": {"type": "Point", "coordinates": [-99.181982, 30.066667]}, "properties": {"crashes": 1, "injury": 0, "fatal": 0, "pedestrian": 0, "bicycle": 1, "density": 0.2, "year_range": "2010-2024"}}, {"type": "Feature", "geometry": {"type": "Point", "coordinates": [-98.448649, 29.486486]}, "properties": {"crashes": 1, "injury": 1, "fatal": 0, "pedestrian": 0, "bicycle": 1, "density": 0.2, "year_range": "2010-2024"}}, {"type": "Feature", "geometry": {"type": "Point", "coordinates": [-98.517117, 29.371171]}, "properties": {"crashes": 1, "injury": 1, "fatal": 0, "pedestrian": 0, "bicycle": 1, "density": 0.2, "year_range": "2010-2024"}}, {"type": "Feature", "geometry": {"type": "Point", "coordinates": [-98.481081, 29.347748]}, "properties": {"crashes": 1, "injury": 1, "fatal": 0, "pedestrian": 0, "bicycle": 1, "density": 0.2, "year_range": "2010-2024"}}, {"type": "Feature", "geometry": {"type": "Point", "coordinates": [-101.854054, 33.578378]}, "properties": {"crashes": 1, "injury": 1, "fatal": 0, "pedestrian": 0, "bicycle": 1, "density": 0.2, "year_range": "2010-2024"}}, {"type": "Feature", "geometry": {"type": "Point", "coordinates": [-97.998198, 29.818018]}, "properties": {"crashes": 1, "injury": 1, "fatal": 0, "pedestrian": 0, "bicycle": 1, "density": 0.2, "year_range": "2010-2024"}}, {"type": "Feature", "geometry": {"type": "Point", "coordinates": [-95.65045, 31.751351]}, "properties": {"crashes": 1, "injury": 1, "fatal": 1, "pedestrian": 0, "bicycle": 1, "density": 0.2, "year_range": "2010-2024"}}, {"type": "Feature", "geometry": {"type": "Point", "coordinates": [-97.461261, 25.924324]}, "properties": {"crashes": 1, "injury": 1, "fatal": 0, "pedestrian": 0, "bicycle": 1, "density": 0.2, "year_range": "2010-2024"}}, {"type": "Feature", "geometry": {"type": "Point", "coordinates": [-95.30991, 30.003604]}, "properties": {"crashes": 1, "injury": 0, "fatal": 0, "pedestrian": 0, "bicycle": 1, "density": 0.2, "year_range": "2010-2024"}}, {"type": "Feature", "geometry": {"type": "Point", "coordinates": [-106.259459, 31.807207]}, "properties": {"crashes": 1, "injury": 1, "fatal": 0, "pedestrian": 0, "bicycle": 1, "density": 0.2, "year_range": "2010-2024"}}, {"type": "Feature", "geometry": {"type": "Point", "coordinates": [-95.551351, 30.711712]}, "properties": {"crashes": 1, "injury": 1, "fatal": 0, "pedestrian": 0, "bicycle": 1, "density": 0.2, "year_range": "2010-2024"}}, {"type": "Feature", "geometry": {"type": "Point", "coordinates": [-98.589189, 29.56036]}, "properties": {"crashes": 1, "injury": 1, "fatal": 0, "pedestrian": 0, "bicycle": 1, "density": 0.2, "year_range": "2010-2024"}}, {"type": "Feature", "geometry": {"type": "Point", "coordinates": [-97.086486, 31.6]}, "properties": {"crashes": 1, "injury": 1, "fatal": 0, "pedestrian": 0, "bicycle": 1, "density": 0.2, "year_range": "2010-2024"}}, {"type": "Feature", "geometry": {"type": "Point", "coordinates": [-98.252252, 26.218018]}, "properties": {"crashes": 1, "injury": 1, "fatal": 0, "pedestrian": 0, "bicycle": 1, "density": 0.2, "year_range": "2010-2024"}}, {"type": "Feature", "geometry": {"type": "Point", "coordinates": [-94.731532, 32.500901]}, "properties": {"crashes": 1, "injury": 1, "fatal": 0, "pedestrian": 0, "bicycle": 1, "density": 0.2, "year_range": "2010-2024"}}, {"type": "Feature", "geometry": {"type": "Point", "coordinates": [-99.145946, 30.045045]}, "properties": {"crashes": 1, "injury": 1, "fatal": 0, "pedestrian": 0, "bicycle": 1, "density": 0.2, "year_range": "2010-2024"}}, {"type": "Feature", "geometry": {"type": "Point", "coordinates": [-97.347748, 31.099099]}, "properties": {"crashes": 1, "injury": 1, "fatal": 0, "pedestrian": 0, "bicycle": 1, "density": 0.2, "year_range": "2010-2024"}}, {"type": "Feature", "geometry": {"type": "Point", "coordinates": [-97.099099, 32.828829]}, "properties": {"crashes": 1, "injury": 1, "fatal": 0, "pedestrian": 0, "bicycle": 1, "density": 0.2, "year_range": "2010-2024"}}, {"type": "Feature", "geometry": {"type": "Point", "coordinates": [-96.85045, 32.387387]}, "properties": {"crashes": 1, "injury": 1, "fatal": 0, "pedestrian": 0, "bicycle": 1, "density": 0.2, "year_range": "2010-2024"}}, {"type": "Feature", "geometry": {"type": "Point", "coordinates": [-94.884685, 30.045045]}, "properties": {"crashes": 1, "injury": 1, "fatal": 0, "pedestrian": 0, "bicycle": 1, "density": 0.2, "year_range": "2010-2024"}}, {"type": "Feature", "geometry": {"type": "Point", "coordinates": [-99.726126, 32.459459]}, "properties": {"crashes": 1, "injury": 1, "fatal": 0, "pedestrian": 0, "bicycle": 1, "density": 0.2, "year_range": "2010-2024"}}, {"type": "Feature", "geometry": {"type": "Point", "coordinates": [-96.776577, 32.691892]}, "properties": {"crashes": 1, "injury": 1, "fatal": 0, "pedestrian": 0, "bicycle": 1, "density": 0.2, "year_range": "2010-2024"}}, {"type": "Feature", "geometry": {"type": "Point", "coordinates": [-95.046847, 29.463063]}, "properties": {"crashes": 1, "injury": 1, "fatal": 0, "pedestrian": 0, "bicycle": 1, "density": 0.2, "year_range": "2010-2024"}}, {"type": "Feature", "geometry": {"type": "Point", "coordinates": [-97.333333, 27.69009]}, "properties": {"crashes": 1, "injury": 0, "fatal": 0, "pedestrian": 0, "bicycle": 1, "density": 0.2, "year_range": "2010-2024"}}, {"type": "Feature", "geometry": {"type": "Point", "coordinates": [-99.189189, 30.07027]}, "properties": {"crashes": 1, "injury": 1, "fatal": 0, "pedestrian": 0, "bicycle": 1, "density": 0.2, "year_range": "2010-2024"}}, {"type": "Feature", "geometry": {"type": "Point", "coordinates": [-97.135135, 31.520721]}, "properties": {"crashes": 1, "injury": 1, "fatal": 0, "pedestrian": 0, "bicycle": 1, "density": 0.2, "year_range": "2010-2024"}}, {"type": "Feature", "geometry": {"type": "Point", "coordinates": [-97.50991, 25.933333]}, "properties": {"crashes": 1, "injury": 1, "fatal": 0, "pedestrian": 0, "bicycle": 1, "density": 0.2, "year_range": "2010-2024"}}, {"type": "Feature", "geometry": {"type": "Point", "coordinates": [-100.441441, 31.457658]}, "properties": {"crashes": 1, "injury": 1, "fatal": 0, "pedestrian": 0, "bicycle": 1, "density": 0.2, "year_range": "2010-2024"}}, {"type": "Feature", "geometry": {"type": "Point", "coordinates": [-96.767568, 32.924324]}, "properties": {"crashes": 1, "injury": 1, "fatal": 0, "pedestrian": 0, "bicycle": 1, "density": 0.2, "year_range": "2010-2024"}}, {"type": "Feature", "geometry": {"type": "Point", "coordinates": [-97.009009, 28.834234]}, "properties": {"crashes": 1, "injury": 1, "fatal": 0, "pedestrian": 0, "bicycle": 1, "density": 0.2, "year_range": "2010-2024"}}, {"type": "Feature", "geometry": {"type": "Point", "coordinates": [-94.902703, 29.807207]}, "properties": {"crashes": 1, "injury": 1, "fatal": 0, "pedestrian": 0, "bicycle": 1, "density": 0.2, "year_range": "2010-2024"}}, {"type": "Feature", "geometry": {"type": "Point", "coordinates": [-97.735135, 30.264865]}, "properties": {"crashes": 2, "injury": 2, "fatal": 0, "pedestrian": 0, "bicycle": 2, "density": 0.5, "year_range": "2010-2024"}}, {"type": "Feature", "geometry": {"type": "Point", "coordinates": [-97.052252, 32.740541]}, "properties": {"crashes": 1, "injury": 1, "fatal": 0, "pedestrian": 0, "bicycle": 1, "density": 0.2, "year_range": "2010-2024"}}, {"type": "Feature", "geometry": {"type": "Point", "coordinates": [-96.796396, 29.634234]}, "properties": {"crashes": 1, "injury": 1, "fatal": 0, "pedestrian": 0, "bicycle": 1, "density": 0.2, "year_range": "2010-2024"}}, {"type": "Feature", "geometry": {"type": "Point", "coordinates": [-97.699099, 30.358559]}, "properties": {"crashes": 2, "injury": 2, "fatal": 0, "pedestrian": 0, "bicycle": 2, "density": 0.5, "year_range": "2010-2024"}}, {"type": "Feature", "geometry": {"type": "Point", "coordinates": [-96.172973, 33.576577]}, "properties": {"crashes": 1, "injury": 1, "fatal": 1, "pedestrian": 0, "bicycle": 1, "density": 0.2, "year_range": "2010-2024"}}, {"type": "Feature", "geometry": {"type": "Point", "coordinates": [-96.637838, 28.627027]}, "properties": {"crashes": 1, "injury": 0, "fatal": 0, "pedestrian": 0, "bicycle": 1, "density": 0.2, "year_range": "2010-2024"}}, {"type": "Feature", "geometry": {"type": "Point", "coordinates": [-95.418018, 30.023423]}, "properties": {"crashes": 1, "injury": 0, "fatal": 0, "pedestrian": 0, "bicycle": 1, "density": 0.2, "year_range": "2010-2024"}}, {"type": "Feature", "geometry": {"type": "Point", "coordinates": [-99.140541, 30.046847]}, "properties": {"crashes": 1, "injury": 1, "fatal": 0, "pedestrian": 0, "bicycle": 1, "density": 0.2, "year_range": "2010-2024"}}, {"type": "Feature", "geometry": {"type": "Point", "coordinates": [-95.099099, 29.547748]}, "properties": {"crashes": 1, "injury": 1, "fatal": 0, "pedestrian": 0, "bicycle": 1, "density": 0.2, "year_range": "2010-2024"}}, {"type": "Feature", "geometry": {"type": "Point", "coordinates": [-98.481081, 29.430631]}, "properties": {"crashes": 1, "injury": 1, "fatal": 0, "pedestrian": 0, "bicycle": 1, "density": 0.2, "year_range": "2010-2024"}}, {"type": "Feature", "geometry": {"type": "Point", "coordinates": [-94.924324, 29.383784]}, "properties": {"crashes": 1, "injury": 1, "fatal": 0, "pedestrian": 0, "bicycle": 1, "density": 0.2, "year_range": "2010-2024"}}, {"type": "Feature", "geometry": {"type": "Point", "coordinates": [-98.49009, 33.920721]}, "properties": {"crashes": 1, "injury": 1, "fatal": 0, "pedestrian": 0, "bicycle": 1, "density": 0.2, "year_range": "2010-2024"}}, {"type": "Feature", "geometry": {"type": "Point", "coordinates": [-94.068468, 33.443243]}, "properties": {"crashes": 1, "injury": 1, "fatal": 0, "pedestrian": 0, "bicycle": 1, "density": 0.2, "year_range": "2010-2024"}}, {"type": "Feature", "geometry": {"type": "Point", "coordinates": [-97.652252, 30.162162]}, "properties": {"crashes": 1, "injury": 1, "fatal": 0, "pedestrian": 0, "bicycle": 1, "density": 0.2, "year_range": "2010-2024"}}, {"type": "Feature", "geometry": {"type": "Point", "coordinates": [-97.41982, 25.917117]}, "properties": {"crashes": 1, "injury": 1, "fatal": 0, "pedestrian": 0, "bicycle": 1, "density": 0.2, "year_range": "2010-2024"}}, {"type": "Feature", "geometry": {"type": "Point", "coordinates": [-106.581982, 31.908108]}, "properties": {"crashes": 2, "injury": 1, "fatal": 0, "pedestrian": 0, "bicycle": 2, "density": 0.5, "year_range": "2010-2024"}}, {"type": "Feature", "geometry": {"type": "Point", "coordinates": [-98.540541, 29.446847]}, "properties": {"crashes": 4, "injury": 3, "fatal": 0, "pedestrian": 0, "bicycle": 4, "density": 1.0, "year_range": "2010-2024"}}, {"type": "Feature", "geometry": {"type": "Point", "coordinates": [-100.455856, 31.481081]}, "properties": {"crashes": 1, "injury": 1, "fatal": 0, "pedestrian": 0, "bicycle": 1, "density": 0.2, "year_range": "2010-2024"}}, {"type": "Feature", "geometry": {"type": "Point", "coordinates": [-97.648649, 26.153153]}, "properties": {"crashes": 1, "injury": 1, "fatal": 0, "pedestrian": 0, "bicycle": 1, "density": 0.2, "year_range": "2010-2024"}}, {"type": "Feature", "geometry": {"type": "Point", "coordinates": [-106.272072, 31.587387]}, "properties": {"crashes": 1, "injury": 1, "fatal": 0, "pedestrian": 0, "bicycle": 1, "density": 0.2, "year_range": "2010-2024"}}, {"type": "Feature", "geometry": {"type": "Point", "coordinates": [-106.461261, 31.778378]}, "properties": {"crashes": 1, "injury": 1, "fatal": 0, "pedestrian": 0, "bicycle": 1, "density": 0.2, "year_range": "2010-2024"}}, {"type": "Feature", "geometry": {"type": "Point", "coordinates": [-97.697297, 30.36036]}, "properties": {"crashes": 1, "injury": 1, "fatal": 0, "pedestrian": 0, "bicycle": 1, "density": 0.2, "year_range": "2010-2024"}}, {"type": "Feature", "geometry": {"type": "Point", "coordinates": [-97.668468, 26.190991]}, "properties": {"crashes": 1, "injury": 1, "fatal": 0, "pedestrian": 0, "bicycle": 1, "density": 0.2, "year_range": "2010-2024"}}, {"type": "Feature", "geometry": {"type": "Point", "coordinates": [-96.682883, 32.758559]}, "properties": {"crashes": 1, "injury": 1, "fatal": 1, "pedestrian": 0, "bicycle": 1, "density": 0.2, "year_range": "2010-2024"}}, {"type": "Feature", "geometry": {"type": "Point", "coordinates": [-97.099099, 32.902703]}, "properties": {"crashes": 1, "injury": 1, "fatal": 0, "pedestrian": 0, "bicycle": 1, "density": 0.2, "year_range": "2010-2024"}}, {"type": "Feature", "geometry": {"type": "Point", "coordinates": [-96.915315, 33.021622]}, "properties": {"crashes": 1, "injury": 1, "fatal": 0, "pedestrian": 0, "bicycle": 1, "density": 0.2, "year_range": "2010-2024"}}, {"type": "Feature", "geometry": {"type": "Point", "coordinates": [-98.463063, 29.472072]}, "properties": {"crashes": 1, "injury": 1, "fatal": 0, "pedestrian": 0, "bicycle": 1, "density": 0.2, "year_range": "2010-2024"}}, {"type": "Feature", "geometry": {"type": "Point", "coordinates": [-95.772973, 29.744144]}, "properties": {"crashes": 3, "injury": 2, "fatal": 0, "pedestrian": 0, "bicycle": 3, "density": 0.8, "year_range": "2010-2024"}}, {"type": "Feature", "geometry": {"type": "Point", "coordinates": [-97.133333, 33.216216]}, "properties": {"crashes": 1, "injury": 0, "fatal": 0, "pedestrian": 0, "bicycle": 1, "density": 0.2, "year_range": "2010-2024"}}, {"type": "Feature", "geometry": {"type": "Point", "coordinates": [-98.545946, 33.931532]}, "properties": {"crashes": 1, "injury": 1, "fatal": 0, "pedestrian": 0, "bicycle": 1, "density": 0.2, "year_range": "2010-2024"}}, {"type": "Feature", "geometry": {"type": "Point", "coordinates": [-97.097297, 32.771171]}, "properties": {"crashes": 1, "injury": 1, "fatal": 0, "pedestrian": 0, "bicycle": 1, "density": 0.2, "year_range": "2010-2024"}}, {"type": "Feature", "geometry": {"type": "Point", "coordinates": [-97.459459, 31.037838]}, "properties": {"crashes": 1, "injury": 1, "fatal": 0, "pedestrian": 0, "bicycle": 1, "density": 0.2, "year_range": "2010-2024"}}, {"type": "Feature", "geometry": {"type": "Point", "coordinates": [-98.185586, 26.304505]}, "properties": {"crashes": 2, "injury": 1, "fatal": 0, "pedestrian": 0, "bicycle": 2, "density": 0.5, "year_range": "2010-2024"}}, {"type": "Feature", "geometry": {"type": "Point", "coordinates": [-97.059459, 28.021622]}, "properties": {"crashes": 1, "injury": 1, "fatal": 0, "pedestrian": 0, "bicycle": 1, "density": 0.2, "year_range": "2010-2024"}}, {"type": "Feature", "geometry": {"type": "Point", "coordinates": [-97.0, 28.809009]}, "properties": {"crashes": 1, "injury": 1, "fatal": 0, "pedestrian": 0, "bicycle": 1, "density": 0.2, "year_range": "2010-2024"}}, {"type": "Feature", "geometry": {"type": "Point", "coordinates": [-95.787387, 29.518919]}, "properties": {"crashes": 1, "injury": 1, "fatal": 1, "pedestrian": 0, "bicycle": 1, "density": 0.2, "year_range": "2010-2024"}}, {"type": "Feature", "geometry": {"type": "Point", "coordinates": [-95.461261, 29.506306]}, "properties": {"crashes": 1, "injury": 1, "fatal": 0, "pedestrian": 0, "bicycle": 1, "density": 0.2, "year_range": "2010-2024"}}, {"type": "Feature", "geometry": {"type": "Point", "coordinates": [-98.718919, 31.196396]}, "properties": {"crashes": 1, "injury": 1, "fatal": 0, "pedestrian": 0, "bicycle": 1, "density": 0.2, "year_range": "2010-2024"}}, {"type": "Feature", "geometry": {"type": "Point", "coordinates": [-99.502703, 27.562162]}, "properties": {"crashes": 1, "injury": 1, "fatal": 0, "pedestrian": 0, "bicycle": 1, "density": 0.2, "year_range": "2010-2024"}}, {"type": "Feature", "geometry": {"type": "Point", "coordinates": [-97.753153, 30.212613]}, "properties": {"crashes": 1, "injury": 1, "fatal": 0, "pedestrian": 0, "bicycle": 1, "density": 0.2, "year_range": "2010-2024"}}, {"type": "Feature", "geometry": {"type": "Point", "coordinates": [-101.855856, 33.562162]}, "properties": {"crashes": 1, "injury": 1, "fatal": 0, "pedestrian": 0, "bicycle": 1, "density": 0.2, "year_range": "2010-2024"}}, {"type": "Feature", "geometry": {"type": "Point", "coordinates": [-97.126126, 31.531532]}, "properties": {"crashes": 1, "injury": 1, "fatal": 0, "pedestrian": 0, "bicycle": 1, "density": 0.2, "year_range": "2010-2024"}}, {"type": "Feature", "geometry": {"type": "Point", "coordinates": [-96.864865, 32.812613]}, "properties": {"crashes": 1, "injury": 1, "fatal": 0, "pedestrian": 0, "bicycle": 1, "density": 0.2, "year_range": "2010-2024"}}, {"type": "Feature", "geometry": {"type": "Point", "coordinates": [-96.855856, 29.918919]}, "properties": {"crashes": 1, "injury": 0, "fatal": 0, "pedestrian": 0, "bicycle": 1, "density": 0.2, "year_range": "2010-2024"}}, {"type": "Feature", "geometry": {"type": "Point", "coordinates": [-97.07027, 27.836036]}, "properties": {"crashes": 1, "injury": 1, "fatal": 0, "pedestrian": 0, "bicycle": 1, "density": 0.2, "year_range": "2010-2024"}}, {"type": "Feature", "geometry": {"type": "Point", "coordinates": [-95.356757, 29.637838]}, "properties": {"crashes": 1, "injury": 1, "fatal": 0, "pedestrian": 0, "bicycle": 1, "density": 0.2, "year_range": "2010-2024"}}, {"type": "Feature", "geometry": {"type": "Point", "coordinates": [-97.302703, 32.745946]}, "properties": {"crashes": 1, "injury": 1, "fatal": 0, "pedestrian": 0, "bicycle": 1, "density": 0.2, "year_range": "2010-2024"}}, {"type": "Feature", "geometry": {"type": "Point", "coordinates": [-101.89009, 33.52973]}, "properties": {"crashes": 1, "injury": 1, "fatal": 0, "pedestrian": 0, "bicycle": 1, "density": 0.2, "year_range": "2010-2024"}}, {"type": "Feature", "geometry": {"type": "Point", "coordinates": [-95.374775, 29.726126]}, "properties": {"crashes": 1, "injury": 1, "fatal": 0, "pedestrian": 0, "bicycle": 1, "density": 0.2, "year_range": "2010-2024"}}, {"type": "Feature", "geometry": {"type": "Point", "coordinates": [-97.398198, 27.720721]}, "properties": {"crashes": 1, "injury": 1, "fatal": 0, "pedestrian": 0, "bicycle": 1, "density": 0.2, "year_range": "2010-2024"}}, {"type": "Feature", "geometry": {"type": "Point", "coordinates": [-93.922523, 29.904505]}, "properties": {"crashes": 1, "injury": 1, "fatal": 0, "pedestrian": 0, "bicycle": 1, "density": 0.2, "year_range": "2010-2024"}}, {"type": "Feature", "geometry": {"type": "Point", "coordinates": [-97.767568, 30.481081]}, "properties": {"crashes": 1, "injury": 1, "fatal": 0, "pedestrian": 0, "bicycle": 1, "density": 0.2, "year_range": "2010-2024"}}, {"type": "Feature", "geometry": {"type": "Point", "coordinates": [-98.351351, 26.293694]}, "properties": {"crashes": 1, "injury": 1, "fatal": 0, "pedestrian": 0, "bicycle": 1, "density": 0.2, "year_range": "2010-2024"}}, {"type": "Feature", "geometry": {"type": "Point", "coordinates": [-96.684685, 32.864865]}, "properties": {"crashes": 1, "injury": 1, "fatal": 0, "pedestrian": 0, "bicycle": 1, "density": 0.2, "year_range": "2010-2024"}}, {"type": "Feature", "geometry": {"type": "Point", "coordinates": [-98.286486, 26.210811]}, "properties": {"crashes": 1, "injury": 0, "fatal": 0, "pedestrian": 0, "bicycle": 1, "density": 0.2, "year_range": "2010-2024"}}, {"type": "Feature", "geometry": {"type": "Point", "coordinates": [-96.682883, 32.754955]}, "properties": {"crashes": 1, "injury": 1, "fatal": 0, "pedestrian": 0, "bicycle": 1, "density": 0.2, "year_range": "2010-2024"}}, {"type": "Feature", "geometry": {"type": "Point", "coordinates": [-96.34955, 30.641441]}, "properties": {"crashes": 1, "injury": 0, "fatal": 0, "pedestrian": 0, "bicycle": 1, "density": 0.2, "year_range": "2010-2024"}}, {"type": "Feature", "geometry": {"type": "Point", "coordinates": [-97.416216, 25.951351]}, "properties": {"crashes": 1, "injury": 1, "fatal": 0, "pedestrian": 0, "bicycle": 1, "density": 0.2, "year_range": "2010-2024"}}, {"type": "Feature", "geometry": {"type": "Point", "coordinates": [-95.4, 30.745946]}, "properties": {"crashes": 1, "injury": 1, "fatal": 0, "pedestrian": 0, "bicycle": 1, "density": 0.2, "year_range": "2010-2024"}}, {"type": "Feature", "geometry": {"type": "Point", "coordinates": [-95.459459, 29.681081]}, "properties": {"crashes": 1, "injury": 1, "fatal": 1, "pedestrian": 0, "bicycle": 1, "density": 0.2, "year_range": "2010-2024"}}, {"type": "Feature", "geometry": {"type": "Point", "coordinates": [-97.385586, 31.088288]}, "properties": {"crashes": 1, "injury": 1, "fatal": 1, "pedestrian": 0, "bicycle": 1, "density": 0.2, "year_range": "2010-2024"}}, {"type": "Feature", "geometry": {"type": "Point", "coordinates": [-96.661261, 32.863063]}, "properties": {"crashes": 1, "injury": 1, "fatal": 0, "pedestrian": 0, "bicycle": 1, "density": 0.2, "year_range": "2010-2024"}}, {"type": "Feature", "geometry": {"type": "Point", "coordinates": [-97.513514, 25.926126]}, "properties": {"crashes": 1, "injury": 1, "fatal": 0, "pedestrian": 0, "bicycle": 1, "density": 0.2, "year_range": "2010-2024"}}, {"type": "Feature", "geometry": {"type": "Point", "coordinates": [-97.207207, 31.481081]}, "properties": {"crashes": 1, "injury": 0, "fatal": 0, "pedestrian": 0, "bicycle": 1, "density": 0.2, "year_range": "2010-2024"}}, {"type": "Feature", "geometry": {"type": "Point", "coordinates": [-95.47027, 29.726126]}, "properties": {"crashes": 1, "injury": 1, "fatal": 0, "pedestrian": 0, "bicycle": 1, "density": 0.2, "year_range": "2010-2024"}}, {"type": "Feature", "geometry": {"type": "Point", "coordinates": [-94.951351, 29.378378]}, "properties": {"crashes": 1, "injury": 1, "fatal": 0, "pedestrian": 0, "bicycle": 1, "density": 0.2, "year_range": "2010-2024"}}, {"type": "Feature", "geometry": {"type": "Point", "coordinates": [-96.922523, 28.751351]}, "properties": {"crashes": 1, "injury": 1, "fatal": 0, "pedestrian": 0, "bicycle": 1, "density": 0.2, "year_range": "2010-2024"}}, {"type": "Feature", "geometry": {"type": "Point", "coordinates": [-94.702703, 30.068468]}, "properties": {"crashes": 1, "injury": 1, "fatal": 1, "pedestrian": 0, "bicycle": 1, "density": 0.2, "year_range": "2010-2024"}}, {"type": "Feature", "geometry": {"type": "Point", "coordinates": [-95.61982, 29.735135]}, "properties": {"crashes": 2, "injury": 2, "fatal": 0, "pedestrian": 0, "bicycle": 2, "density": 0.5, "year_range": "2010-2024"}}, {"type": "Feature", "geometry": {"type": "Point", "coordinates": [-96.823423, 32.61982]}, "properties": {"crashes": 1, "injury": 1, "fatal": 0, "pedestrian": 0, "bicycle": 1, "density": 0.2, "year_range": "2010-2024"}}, {"type": "Feature", "geometry": {"type": "Point", "coordinates": [-97.436036, 31.140541]}, "properties": {"crashes": 1, "injury": 1, "fatal": 0, "pedestrian": 0, "bicycle": 1, "density": 0.2, "year_range": "2010-2024"}}, {"type": "Feature", "geometry": {"type": "Point", "coordinates": [-97.300901, 32.745946]}, "properties": {"crashes": 1, "injury": 1, "fatal": 0, "pedestrian": 0, "bicycle": 1, "density": 0.2, "year_range": "2010-2024"}}, {"type": "Feature", "geometry": {"type": "Point", "coordinates": [-95.493694, 29.920721]}, "properties": {"crashes": 1, "injury": 1, "fatal": 0, "pedestrian": 0, "bicycle": 1, "density": 0.2, "year_range": "2010-2024"}}, {"type": "Feature", "geometry": {"type": "Point", "coordinates": [-94.828829, 29.272072]}, "properties": {"crashes": 2, "injury": 2, "fatal": 0, "pedestrian": 0, "bicycle": 2, "density": 0.5, "year_range": "2010-2024"}}, {"type": "Feature", "geometry": {"type": "Point", "coordinates": [-95.771171, 29.581982]}, "properties": {"crashes": 1, "injury": 0, "fatal": 0, "pedestrian": 0, "bicycle": 1, "density": 0.2, "year_range": "2010-2024"}}, {"type": "Feature", "geometry": {"type": "Point", "coordinates": [-98.958559, 31.736937]}, "properties": {"crashes": 1, "injury": 1, "fatal": 0, "pedestrian": 0, "bicycle": 1, "density": 0.2, "year_range": "2010-2024"}}, {"type": "Feature", "geometry": {"type": "Point", "coordinates": [-96.63964, 33.142342]}, "properties": {"crashes": 1, "injury": 1, "fatal": 0, "pedestrian": 0, "bicycle": 1, "density": 0.2, "year_range": "2010-2024"}}, {"type": "Feature", "geometry": {"type": "Point", "coordinates": [-94.74955, 32.504505]}, "properties": {"crashes": 1, "injury": 1, "fatal": 0, "pedestrian": 0, "bicycle": 1, "density": 0.2, "year_range": "2010-2024"}}, {"type": "Feature", "geometry": {"type": "Point", "coordinates": [-97.92973, 29.877477]}, "properties": {"crashes": 1, "injury": 1, "fatal": 0, "pedestrian": 0, "bicycle": 1, "density": 0.2, "year_range": "2010-2024"}}, {"type": "Feature", "geometry": {"type": "Point", "coordinates": [-98.275676, 26.153153]}, "properties": {"crashes": 1, "injury": 1, "fatal": 0, "pedestrian": 0, "bicycle": 1, "density": 0.2, "year_range": "2010-2024"}}, {"type": "Feature", "geometry": {"type": "Point", "coordinates": [-95.230631, 29.657658]}, "properties": {"crashes": 1, "injury": 1, "fatal": 0, "pedestrian": 0, "bicycle": 1, "density": 0.2, "year_range": "2010-2024"}}, {"type": "Feature", "geometry": {"type": "Point", "coordinates": [-96.994595, 32.708108]}, "properties": {"crashes": 1, "injury": 1, "fatal": 0, "pedestrian": 0, "bicycle": 1, "density": 0.2, "year_range": "2010-2024"}}, {"type": "Feature", "geometry": {"type": "Point", "coordinates": [-95.576577, 33.661261]}, "properties": {"crashes": 1, "injury": 1, "fatal": 0, "pedestrian": 0, "bicycle": 1, "density": 0.2, "year_range": "2010-2024"}}, {"type": "Feature", "geometry": {"type": "Point", "coordinates": [-96.448649, 30.654054]}, "properties": {"crashes": 1, "injury": 1, "fatal": 0, "pedestrian": 0, "bicycle": 1, "density": 0.2, "year_range": "2010-2024"}}, {"type": "Feature", "geometry": {"type": "Point", "coordinates": [-98.481081, 29.455856]}, "properties": {"crashes": 1, "injury": 1, "fatal": 0, "pedestrian": 0, "bicycle": 1, "density": 0.2, "year_range": "2010-2024"}}, {"type": "Feature", "geometry": {"type": "Point", "coordinates": [-97.10991, 33.165766]}, "properties": {"crashes": 1, "injury": 1, "fatal": 0, "pedestrian": 0, "bicycle": 1, "density": 0.2, "year_range": "2010-2024"}}, {"type": "Feature", "geometry": {"type": "Point", "coordinates": [-97.697297, 30.342342]}, "properties": {"crashes": 1, "injury": 1, "fatal": 0, "pedestrian": 0, "bicycle": 1, "density": 0.2, "year_range": "2010-2024"}}, {"type": "Feature", "geometry": {"type": "Point", "coordinates": [-98.526126, 29.517117]}, "properties": {"crashes": 1, "injury": 1, "fatal": 0, "pedestrian": 0, "bicycle": 1, "density": 0.2, "year_range": "2010-2024"}}, {"type": "Feature", "geometry": {"type": "Point", "coordinates": [-96.059459, 30.751351]}, "properties": {"crashes": 1, "injury": 1, "fatal": 0, "pedestrian": 0, "bicycle": 1, "density": 0.2, "year_range": "2010-2024"}}, {"type": "Feature", "geometry": {"type": "Point", "coordinates": [-97.063063, 33.236036]}, "properties": {"crashes": 1, "injury": 1, "fatal": 0, "pedestrian": 0, "bicycle": 1, "density": 0.2, "year_range": "2010-2024"}}, {"type": "Feature", "geometry": {"type": "Point", "coordinates": [-106.572973, 31.83964]}, "properties": {"crashes": 1, "injury": 1, "fatal": 0, "pedestrian": 0, "bicycle": 1, "density": 0.2, "year_range": "2010-2024"}}, {"type": "Feature", "geometry": {"type": "Point", "coordinates": [-95.56036, 29.783784]}, "properties": {"crashes": 1, "injury": 1, "fatal": 0, "pedestrian": 0, "bicycle": 1, "density": 0.2, "year_range": "2010-2024"}}, {"type": "Feature", "geometry": {"type": "Point", "coordinates": [-101.855856, 33.585586]}, "properties": {"crashes": 1, "injury": 0, "fatal": 0, "pedestrian": 0, "bicycle": 1, "density": 0.2, "year_range": "2010-2024"}}, {"type": "Feature", "geometry": {"type": "Point", "coordinates": [-95.459459, 30.308108]}, "properties": {"crashes": 1, "injury": 1, "fatal": 0, "pedestrian": 0, "bicycle": 1, "density": 0.2, "year_range": "2010-2024"}}, {"type": "Feature", "geometry": {"type": "Point", "coordinates": [-100.454054, 31.477477]}, "properties": {"crashes": 1, "injury": 1, "fatal": 0, "pedestrian": 0, "bicycle": 1, "density": 0.2, "year_range": "2010-2024"}}, {"type": "Feature", "geometry": {"type": "Point", "coordinates": [-98.369369, 29.58018]}, "properties": {"crashes": 1, "injury": 1, "fatal": 0, "pedestrian": 0, "bicycle": 1, "density": 0.2, "year_range": "2010-2024"}}, {"type": "Feature", "geometry": {"type": "Point", "coordinates": [-98.115315, 29.69009]}, "properties": {"crashes": 1, "injury": 1, "fatal": 0, "pedestrian": 0, "bicycle": 1, "density": 0.2, "year_range": "2010-2024"}}, {"type": "Feature", "geometry": {"type": "Point", "coordinates": [-98.095495, 29.702703]}, "properties": {"crashes": 2, "injury": 2, "fatal": 0, "pedestrian": 0, "bicycle": 2, "density": 0.5, "year_range": "2010-2024"}}, {"type": "Feature", "geometry": {"type": "Point", "coordinates": [-95.167568, 29.522523]}, "properties": {"crashes": 1, "injury": 1, "fatal": 0, "pedestrian": 0, "bicycle": 1, "density": 0.2, "year_range": "2010-2024"}}, {"type": "Feature", "geometry": {"type": "Point", "coordinates": [-94.122523, 33.443243]}, "properties": {"crashes": 1, "injury": 1, "fatal": 0, "pedestrian": 0, "bicycle": 1, "density": 0.2, "year_range": "2010-2024"}}, {"type": "Feature", "geometry": {"type": "Point", "coordinates": [-96.827027, 32.720721]}, "properties": {"crashes": 1, "injury": 1, "fatal": 0, "pedestrian": 0, "bicycle": 1, "density": 0.2, "year_range": "2010-2024"}}, {"type": "Feature", "geometry": {"type": "Point", "coordinates": [-94.189189, 30.095495]}, "properties": {"crashes": 1, "injury": 1, "fatal": 0, "pedestrian": 0, "bicycle": 1, "density": 0.2, "year_range": "2010-2024"}}, {"type": "Feature", "geometry": {"type": "Point", "coordinates": [-95.610811, 31.61982]}, "properties": {"crashes": 1, "injury": 0, "fatal": 0, "pedestrian": 0, "bicycle": 1, "density": 0.2, "year_range": "2010-2024"}}, {"type": "Feature", "geometry": {"type": "Point", "coordinates": [-98.4, 30.67027]}, "properties": {"crashes": 1, "injury": 1, "fatal": 0, "pedestrian": 0, "bicycle": 1, "density": 0.2, "year_range": "2010-2024"}}, {"type": "Feature", "geometry": {"type": "Point", "coordinates": [-106.432432, 31.767568]}, "properties": {"crashes": 1, "injury": 1, "fatal": 0, "pedestrian": 0, "bicycle": 1, "density": 0.2, "year_range": "2010-2024"}}, {"type": "Feature", "geometry": {"type": "Point", "coordinates": [-95.848649, 32.227027]}, "properties": {"crashes": 1, "injury": 1, "fatal": 0, "pedestrian": 0, "bicycle": 1, "density": 0.2, "year_range": "2010-2024"}}, {"type": "Feature", "geometry": {"type": "Point", "coordinates": [-97.758559, 28.396396]}, "properties": {"crashes": 1, "injury": 0, "fatal": 0, "pedestrian": 0, "bicycle": 1, "density": 0.2, "year_range": "2010-2024"}}, {"type": "Feature", "geometry": {"type": "Point", "coordinates": [-98.302703, 29.585586]}, "properties": {"crashes": 1, "injury": 1, "fatal": 0, "pedestrian": 0, "bicycle": 1, "density": 0.2, "year_range": "2010-2024"}}, {"type": "Feature", "geometry": {"type": "Point", "coordinates": [-96.756757, 32.924324]}, "properties": {"crashes": 1, "injury": 1, "fatal": 0, "pedestrian": 0, "bicycle": 1, "density": 0.2, "year_range": "2010-2024"}}, {"type": "Feature", "geometry": {"type": "Point", "coordinates": [-98.481081, 29.356757]}, "properties": {"crashes": 1, "injury": 1, "fatal": 0, "pedestrian": 0, "bicycle": 1, "density": 0.2, "year_range": "2010-2024"}}, {"type": "Feature", "geometry": {"type": "Point", "coordinates": [-97.673874, 29.87027]}, "properties": {"crashes": 1, "injury": 1, "fatal": 1, "pedestrian": 0, "bicycle": 1, "density": 0.2, "year_range": "2010-2024"}}, {"type": "Feature", "geometry": {"type": "Point", "coordinates": [-95.232432, 29.547748]}, "properties": {"crashes": 1, "injury": 1, "fatal": 0, "pedestrian": 0, "bicycle": 1, "density": 0.2, "year_range": "2010-2024"}}, {"type": "Feature", "geometry": {"type": "Point", "coordinates": [-95.236036, 29.663063]}, "properties": {"crashes": 1, "injury": 1, "fatal": 0, "pedestrian": 0, "bicycle": 1, "density": 0.2, "year_range": "2010-2024"}}, {"type": "Feature", "geometry": {"type": "Point", "coordinates": [-94.153153, 33.266667]}, "properties": {"crashes": 1, "injury": 1, "fatal": 1, "pedestrian": 0, "bicycle": 1, "density": 0.2, "year_range": "2010-2024"}}, {"type": "Feature", "geometry": {"type": "Point", "coordinates": [-96.72973, 33.268468]}, "properties": {"crashes": 1, "injury": 1, "fatal": 1, "pedestrian": 0, "bicycle": 1, "density": 0.2, "year_range": "2010-2024"}}, {"type": "Feature", "geometry": {"type": "Point", "coordinates": [-98.527928, 29.354955]}, "properties": {"crashes": 1, "injury": 1, "fatal": 0, "pedestrian": 0, "bicycle": 1, "density": 0.2, "year_range": "2010-2024"}}, {"type": "Feature", "geometry": {"type": "Point", "coordinates": [-94.131532, 33.445045]}, "properties": {"crashes": 1, "injury": 1, "fatal": 0, "pedestrian": 0, "bicycle": 1, "density": 0.2, "year_range": "2010-2024"}}, {"type": "Feature", "geometry": {"type": "Point", "coordinates": [-97.097297, 32.740541]}, "properties": {"crashes": 1, "injury": 1, "fatal": 0, "pedestrian": 0, "bicycle": 1, "density": 0.2, "year_range": "2010-2024"}}, {"type": "Feature", "geometry": {"type": "Point", "coordinates": [-102.376577, 31.857658]}, "properties": {"crashes": 1, "injury": 0, "fatal": 0, "pedestrian": 0, "bicycle": 1, "density": 0.2, "year_range": "2010-2024"}}, {"type": "Feature", "geometry": {"type": "Point", "coordinates": [-95.115315, 29.502703]}, "properties": {"crashes": 1, "injury": 1, "fatal": 0, "pedestrian": 0, "bicycle": 1, "density": 0.2, "year_range": "2010-2024"}}, {"type": "Feature", "geometry": {"type": "Point", "coordinates": [-98.318919, 29.556757]}, "properties": {"crashes": 1, "injury": 1, "fatal": 0, "pedestrian": 0, "bicycle": 1, "density": 0.2, "year_range": "2010-2024"}}, {"type": "Feature", "geometry": {"type": "Point", "coordinates": [-96.974775, 32.827027]}, "properties": {"crashes": 1, "injury": 1, "fatal": 0, "pedestrian": 0, "bicycle": 1, "density": 0.2, "year_range": "2010-2024"}}, {"type": "Feature", "geometry": {"type": "Point", "coordinates": [-98.174775, 26.210811]}, "properties": {"crashes": 1, "injury": 1, "fatal": 0, "pedestrian": 0, "bicycle": 1, "density": 0.2, "year_range": "2010-2024"}}, {"type": "Feature", "geometry": {"type": "Point", "coordinates": [-101.801802, 33.598198]}, "properties": {"crashes": 1, "injury": 1, "fatal": 0, "pedestrian": 0, "bicycle": 1, "density": 0.2, "year_range": "2010-2024"}}, {"type": "Feature", "geometry": {"type": "Point", "coordinates": [-97.100901, 32.738739]}, "properties": {"crashes": 1, "injury": 1, "fatal": 0, "pedestrian": 0, "bicycle": 1, "density": 0.2, "year_range": "2010-2024"}}, {"type": "Feature", "geometry": {"type": "Point", "coordinates": [-93.753153, 30.093694]}, "properties": {"crashes": 1, "injury": 1, "fatal": 1, "pedestrian": 0, "bicycle": 1, "density": 0.2, "year_range": "2010-2024"}}, {"type": "Feature", "geometry": {"type": "Point", "coordinates": [-95.423423, 30.023423]}, "properties": {"crashes": 1, "injury": 1, "fatal": 0, "pedestrian": 0, "bicycle": 1, "density": 0.2, "year_range": "2010-2024"}}, {"type": "Feature", "geometry": {"type": "Point", "coordinates": [-97.194595, 27.873874]}, "properties": {"crashes": 1, "injury": 1, "fatal": 1, "pedestrian": 0, "bicycle": 1, "density": 0.2, "year_range": "2010-2024"}}, {"type": "Feature", "geometry": {"type": "Point", "coordinates": [-96.693694, 32.821622]}, "properties": {"crashes": 1, "injury": 1, "fatal": 0, "pedestrian": 0, "bicycle": 1, "density": 0.2, "year_range": "2010-2024"}}, {"type": "Feature", "geometry": {"type": "Point", "coordinates": [-98.452252, 29.646847]}, "properties": {"crashes": 1, "injury": 0, "fatal": 0, "pedestrian": 0, "bicycle": 1, "density": 0.2, "year_range": "2010-2024"}}, {"type": "Feature", "geometry": {"type": "Point", "coordinates": [-95.131532, 29.553153]}, "properties": {"crashes": 1, "injury": 1, "fatal": 0, "pedestrian": 0, "bicycle": 1, "density": 0.2, "year_range": "2010-2024"}}, {"type": "Feature", "geometry": {"type": "Point", "coordinates": [-95.144144, 29.542342]}, "properties": {"crashes": 1, "injury": 1, "fatal": 0, "pedestrian": 0, "bicycle": 1, "density": 0.2, "year_range": "2010-2024"}}, {"type": "Feature", "geometry": {"type": "Point", "coordinates": [-95.376577, 29.722523]}, "properties": {"crashes": 1, "injury": 1, "fatal": 0, "pedestrian": 0, "bicycle": 1, "density": 0.2, "year_range": "2010-2024"}}, {"type": "Feature", "geometry": {"type": "Point", "coordinates": [-95.94955, 28.983784]}, "properties": {"crashes": 1, "injury": 0, "fatal": 0, "pedestrian": 0, "bicycle": 1, "density": 0.2, "year_range": "2010-2024"}}, {"type": "Feature", "geometry": {"type": "Point", "coordinates": [-97.363964, 27.675676]}, "properties": {"crashes": 1, "injury": 0, "fatal": 0, "pedestrian": 0, "bicycle": 1, "density": 0.2, "year_range": "2010-2024"}}, {"type": "Feature", "geometry": {"type": "Point", "coordinates": [-94.904505, 32.52973]}, "properties": {"crashes": 1, "injury": 1, "fatal": 0, "pedestrian": 0, "bicycle": 1, "density": 0.2, "year_range": "2010-2024"}}, {"type": "Feature", "geometry": {"type": "Point", "coordinates": [-98.724324, 29.796396]}, "properties": {"crashes": 1, "injury": 1, "fatal": 0, "pedestrian": 0, "bicycle": 1, "density": 0.2, "year_range": "2010-2024"}}, {"type": "Feature", "geometry": {"type": "Point", "coordinates": [-97.515315, 32.857658]}, "properties": {"crashes": 1, "injury": 1, "fatal": 0, "pedestrian": 0, "bicycle": 1, "density": 0.2, "year_range": "2010-2024"}}, {"type": "Feature", "geometry": {"type": "Point", "coordinates": [-96.372973, 33.16036]}, "properties": {"crashes": 1, "injury": 1, "fatal": 0, "pedestrian": 0, "bicycle": 1, "density": 0.2, "year_range": "2010-2024"}}, {"type": "Feature", "geometry": {"type": "Point", "coordinates": [-100.506306, 28.706306]}, "properties": {"crashes": 1, "injury": 1, "fatal": 0, "pedestrian": 0, "bicycle": 1, "density": 0.2, "year_range": "2010-2024"}}, {"type": "Feature", "geometry": {"type": "Point", "coordinates": [-97.720721, 30.212613]}, "properties": {"crashes": 1, "injury": 1, "fatal": 1, "pedestrian": 0, "bicycle": 1, "density": 0.2, "year_range": "2010-2024"}}, {"type": "Feature", "geometry": {"type": "Point", "coordinates": [-96.70991, 32.827027]}, "properties": {"crashes": 1, "injury": 1, "fatal": 0, "pedestrian": 0, "bicycle": 1, "density": 0.2, "year_range": "2010-2024"}}, {"type": "Feature", "geometry": {"type": "Point", "coordinates": [-95.535135, 33.661261]}, "properties": {"crashes": 1, "injury": 1, "fatal": 0, "pedestrian": 0, "bicycle": 1, "density": 0.2, "year_range": "2010-2024"}}, {"type": "Feature", "geometry": {"type": "Point", "coordinates": [-97.704505, 30.333333]}, "properties": {"crashes": 1, "injury": 1, "fatal": 0, "pedestrian": 0, "bicycle": 1, "density": 0.2, "year_range": "2010-2024"}}, {"type": "Feature", "geometry": {"type": "Point", "coordinates": [-95.376577, 32.145946]}, "properties": {"crashes": 1, "injury": 1, "fatal": 0, "pedestrian": 0, "bicycle": 1, "density": 0.2, "year_range": "2010-2024"}}, {"type": "Feature", "geometry": {"type": "Point", "coordinates": [-95.277477, 29.981982]}, "properties": {"crashes": 1, "injury": 1, "fatal": 0, "pedestrian": 0, "bicycle": 1, "density": 0.2, "year_range": "2010-2024"}}, {"type": "Feature", "geometry": {"type": "Point", "coordinates": [-99.041441, 29.94955]}, "properties": {"crashes": 1, "injury": 1, "fatal": 0, "pedestrian": 0, "bicycle": 1, "density": 0.2, "year_range": "2010-2024"}}, {"type": "Feature", "geometry": {"type": "Point", "coordinates": [-95.893694, 30.162162]}, "properties": {"crashes": 1, "injury": 1, "fatal": 0, "pedestrian": 0, "bicycle": 1, "density": 0.2, "year_range": "2010-2024"}}, {"type": "Feature", "geometry": {"type": "Point", "coordinates": [-97.754955, 30.218018]}, "properties": {"crashes": 1, "injury": 1, "fatal": 0, "pedestrian": 0, "bicycle": 1, "density": 0.2, "year_range": "2010-2024"}}, {"type": "Feature", "geometry": {"type": "Point", "coordinates": [-97.754955, 30.266667]}, "properties": {"crashes": 4, "injury": 4, "fatal": 0, "pedestrian": 0, "bicycle": 4, "density": 1.0, "year_range": "2010-2024"}}, {"type": "Feature", "geometry": {"type": "Point", "coordinates": [-94.010811, 30.118919]}, "properties": {"crashes": 1, "injury": 1, "fatal": 0, "pedestrian": 0, "bicycle": 1, "density": 0.2, "year_range": "2010-2024"}}, {"type": "Feature", "geometry": {"type": "Point", "coordinates": [-95.484685, 29.736937]}, "properties": {"crashes": 2, "injury": 2, "fatal": 0, "pedestrian": 0, "bicycle": 2, "density": 0.5, "year_range": "2010-2024"}}, {"type": "Feature", "geometry": {"type": "Point", "coordinates": [-97.794595, 30.461261]}, "properties": {"crashes": 1, "injury": 1, "fatal": 1, "pedestrian": 0, "bicycle": 1, "density": 0.2, "year_range": "2010-2024"}}, {"type": "Feature", "geometry": {"type": "Point", "coordinates": [-96.4, 30.176577]}, "properties": {"crashes": 1, "injury": 1, "fatal": 0, "pedestrian": 0, "bicycle": 1, "density": 0.2, "year_range": "2010-2024"}}, {"type": "Feature", "geometry": {"type": "Point", "coordinates": [-95.645045, 29.792793]}, "properties": {"crashes": 1, "injury": 1, "fatal": 0, "pedestrian": 0, "bicycle": 1, "density": 0.2, "year_range": "2010-2024"}}, {"type": "Feature", "geometry": {"type": "Point", "coordinates": [-97.288288, 29.086486]}, "properties": {"crashes": 1, "injury": 1, "fatal": 0, "pedestrian": 0, "bicycle": 1, "density": 0.2, "year_range": "2010-2024"}}, {"type": "Feature", "geometry": {"type": "Point", "coordinates": [-97.673874, 32.747748]}, "properties": {"crashes": 1, "injury": 1, "fatal": 0, "pedestrian": 0, "bicycle": 1, "density": 0.2, "year_range": "2010-2024"}}, {"type": "Feature", "geometry": {"type": "Point", "coordinates": [-98.816216, 31.801802]}, "properties": {"crashes": 1, "injury": 1, "fatal": 1, "pedestrian": 0, "bicycle": 1, "density": 0.2, "year_range": "2010-2024"}}, {"type": "Feature", "geometry": {"type": "Point", "coordinates": [-97.063063, 32.720721]}, "properties": {"crashes": 1, "injury": 1, "fatal": 0, "pedestrian": 0, "bicycle": 1, "density": 0.2, "year_range": "2010-2024"}}, {"type": "Feature", "geometry": {"type": "Point", "coordinates": [-94.854054, 29.25045]}, "properties": {"crashes": 1, "injury": 1, "fatal": 0, "pedestrian": 0, "bicycle": 1, "density": 0.2, "year_range": "2010-2024"}}, {"type": "Feature", "geometry": {"type": "Point", "coordinates": [-96.803604, 32.954955]}, "properties": {"crashes": 1, "injury": 0, "fatal": 0, "pedestrian": 0, "bicycle": 1, "density": 0.2, "year_range": "2010-2024"}}, {"type": "Feature", "geometry": {"type": "Point", "coordinates": [-98.212613, 29.585586]}, "properties": {"crashes": 1, "injury": 0, "fatal": 0, "pedestrian": 0, "bicycle": 1, "density": 0.2, "year_range": "2010-2024"}}, {"type": "Feature", "geometry": {"type": "Point", "coordinates": [-98.518919, 29.648649]}, "properties": {"crashes": 1, "injury": 1, "fatal": 0, "pedestrian": 0, "bicycle": 1, "density": 0.2, "year_range": "2010-2024"}}, {"type": "Feature", "geometry": {"type": "Point", "coordinates": [-98.230631, 32.207207]}, "properties": {"crashes": 1, "injury": 1, "fatal": 0, "pedestrian": 0, "bicycle": 1, "density": 0.2, "year_range": "2010-2024"}}, {"type": "Feature", "geometry": {"type": "Point", "coordinates": [-99.475676, 27.506306]}, "properties": {"crashes": 1, "injury": 1, "fatal": 0, "pedestrian": 0, "bicycle": 1, "density": 0.2, "year_range": "2010-2024"}}, {"type": "Feature", "geometry": {"type": "Point", "coordinates": [-97.684685, 30.234234]}, "properties": {"crashes": 1, "injury": 1, "fatal": 0, "pedestrian": 0, "bicycle": 1, "density": 0.2, "year_range": "2010-2024"}}, {"type": "Feature", "geometry": {"type": "Point", "coordinates": [-95.122523, 29.778378]}, "properties": {"crashes": 1, "injury": 1, "fatal": 0, "pedestrian": 0, "bicycle": 1, "density": 0.2, "year_range": "2010-2024"}}, {"type": "Feature", "geometry": {"type": "Point", "coordinates": [-97.133333, 33.214414]}, "properties": {"crashes": 1, "injury": 1, "fatal": 0, "pedestrian": 0, "bicycle": 1, "density": 0.2, "year_range": "2010-2024"}}, {"type": "Feature", "geometry": {"type": "Point", "coordinates": [-97.484685, 25.951351]}, "properties": {"crashes": 1, "injury": 1, "fatal": 0, "pedestrian": 0, "bicycle": 1, "density": 0.2, "year_range": "2010-2024"}}, {"type": "Feature", "geometry": {"type": "Point", "coordinates": [-97.673874, 30.221622]}, "properties": {"crashes": 1, "injury": 1, "fatal": 1, "pedestrian": 0, "bicycle": 1, "density": 0.2, "year_range": "2010-2024"}}, {"type": "Feature", "geometry": {"type": "Point", "coordinates": [-97.547748, 27.830631]}, "properties": {"crashes": 1, "injury": 1, "fatal": 0, "pedestrian": 0, "bicycle": 1, "density": 0.2, "year_range": "2010-2024"}}, {"type": "Feature", "geometry": {"type": "Point", "coordinates": [-95.012613, 29.771171]}, "properties": {"crashes": 1, "injury": 1, "fatal": 0, "pedestrian": 0, "bicycle": 1, "density": 0.2, "year_range": "2010-2024"}}, {"type": "Feature", "geometry": {"type": "Point", "coordinates": [-95.563964, 29.945946]}, "properties": {"crashes": 1, "injury": 1, "fatal": 0, "pedestrian": 0, "bicycle": 1, "density": 0.2, "year_range": "2010-2024"}}, {"type": "Feature", "geometry": {"type": "Point", "coordinates": [-95.517117, 29.936937]}, "properties": {"crashes": 1, "injury": 1, "fatal": 0, "pedestrian": 0, "bicycle": 1, "density": 0.2, "year_range": "2010-2024"}}, {"type": "Feature", "geometry": {"type": "Point", "coordinates": [-97.454054, 25.927928]}, "properties": {"crashes": 2, "injury": 1, "fatal": 0, "pedestrian": 0, "bicycle": 2, "density": 0.5, "year_range": "2010-2024"}}, {"type": "Feature", "geometry": {"type": "Point", "coordinates": [-96.414414, 29.992793]}, "properties": {"crashes": 1, "injury": 1, "fatal": 0, "pedestrian": 0, "bicycle": 1, "density": 0.2, "year_range": "2010-2024"}}, {"type": "Feature", "geometry": {"type": "Point", "coordinates": [-97.693694, 30.632432]}, "properties": {"crashes": 1, "injury": 1, "fatal": 0, "pedestrian": 0, "bicycle": 1, "density": 0.2, "year_range": "2010-2024"}}, {"type": "Feature", "geometry": {"type": "Point", "coordinates": [-106.317117, 31.8]}, "properties": {"crashes": 1, "injury": 1, "fatal": 0, "pedestrian": 0, "bicycle": 1, "density": 0.2, "year_range": "2010-2024"}}, {"type": "Feature", "geometry": {"type": "Point", "coordinates": [-98.542342, 29.369369]}, "properties": {"crashes": 1, "injury": 0, "fatal": 0, "pedestrian": 0, "bicycle": 1, "density": 0.2, "year_range": "2010-2024"}}, {"type": "Feature", "geometry": {"type": "Point", "coordinates": [-95.499099, 29.987387]}, "properties": {"crashes": 1, "injury": 1, "fatal": 0, "pedestrian": 0, "bicycle": 1, "density": 0.2, "year_range": "2010-2024"}}, {"type": "Feature", "geometry": {"type": "Point", "coordinates": [-94.063063, 33.436036]}, "properties": {"crashes": 2, "injury": 2, "fatal": 0, "pedestrian": 0, "bicycle": 2, "density": 0.5, "year_range": "2010-2024"}}, {"type": "Feature", "geometry": {"type": "Point", "coordinates": [-95.014414, 29.531532]}, "properties": {"crashes": 1, "injury": 1, "fatal": 0, "pedestrian": 0, "bicycle": 1, "density": 0.2, "year_range": "2010-2024"}}, {"type": "Feature", "geometry": {"type": "Point", "coordinates": [-96.072072, 29.911712]}, "properties": {"crashes": 1, "injury": 1, "fatal": 0, "pedestrian": 0, "bicycle": 1, "density": 0.2, "year_range": "2010-2024"}}, {"type": "Feature", "geometry": {"type": "Point", "coordinates": [-94.990991, 29.172973]}, "properties": {"crashes": 1, "injury": 1, "fatal": 1, "pedestrian": 0, "bicycle": 1, "density": 0.2, "year_range": "2010-2024"}}, {"type": "Feature", "geometry": {"type": "Point", "coordinates": [-97.94955, 29.854054]}, "properties": {"crashes": 1, "injury": 1, "fatal": 0, "pedestrian": 0, "bicycle": 1, "density": 0.2, "year_range": "2010-2024"}}, {"type": "Feature", "geometry": {"type": "Point", "coordinates": [-98.178378, 26.304505]}, "properties": {"crashes": 1, "injury": 1, "fatal": 0, "pedestrian": 0, "bicycle": 1, "density": 0.2, "year_range": "2010-2024"}}, {"type": "Feature", "geometry": {"type": "Point", "coordinates": [-95.0, 29.378378]}, "properties": {"crashes": 1, "injury": 1, "fatal": 0, "pedestrian": 0, "bicycle": 1, "density": 0.2, "year_range": "2010-2024"}}, {"type": "Feature", "geometry": {"type": "Point", "coordinates": [-95.641441, 29.144144]}, "properties": {"crashes": 1, "injury": 0, "fatal": 0, "pedestrian": 0, "bicycle": 1, "density": 0.2, "year_range": "2010-2024"}}, {"type": "Feature", "geometry": {"type": "Point", "coordinates": [-96.09009, 29.308108]}, "properties": {"crashes": 1, "injury": 1, "fatal": 0, "pedestrian": 0, "bicycle": 1, "density": 0.2, "year_range": "2010-2024"}}, {"type": "Feature", "geometry": {"type": "Point", "coordinates": [-97.486486, 25.951351]}, "properties": {"crashes": 2, "injury": 2, "fatal": 0, "pedestrian": 0, "bicycle": 2, "density": 0.5, "year_range": "2010-2024"}}, {"type": "Feature", "geometry": {"type": "Point", "coordinates": [-96.697297, 33.218018]}, "properties": {"crashes": 1, "injury": 1, "fatal": 0, "pedestrian": 0, "bicycle": 1, "density": 0.2, "year_range": "2010-2024"}}, {"type": "Feature", "geometry": {"type": "Point", "coordinates": [-98.578378, 29.473874]}, "properties": {"crashes": 1, "injury": 1, "fatal": 0, "pedestrian": 0, "bicycle": 1, "density": 0.2, "year_range": "2010-2024"}}, {"type": "Feature", "geometry": {"type": "Point", "coordinates": [-97.668468, 29.872072]}, "properties": {"crashes": 1, "injury": 1, "fatal": 0, "pedestrian": 0, "bicycle": 1, "density": 0.2, "year_range": "2010-2024"}}, {"type": "Feature", "geometry": {"type": "Point", "coordinates": [-101.884685, 35.230631]}, "properties": {"crashes": 1, "injury": 1, "fatal": 0, "pedestrian": 0, "bicycle": 1, "density": 0.2, "year_range": "2010-2024"}}, {"type": "Feature", "geometry": {"type": "Point", "coordinates": [-95.6, 33.142342]}, "properties": {"crashes": 1, "injury": 1, "fatal": 0, "pedestrian": 0, "bicycle": 1, "density": 0.2, "year_range": "2010-2024"}}, {"type": "Feature", "geometry": {"type": "Point", "coordinates": [-97.488288, 26.072072]}, "properties": {"crashes": 1, "injury": 0, "fatal": 0, "pedestrian": 0, "bicycle": 1, "density": 0.2, "year_range": "2010-2024"}}, {"type": "Feature", "geometry": {"type": "Point", "coordinates": [-96.733333, 33.210811]}, "properties": {"crashes": 1, "injury": 1, "fatal": 0, "pedestrian": 0, "bicycle": 1, "density": 0.2, "year_range": "2010-2024"}}, {"type": "Feature", "geometry": {"type": "Point", "coordinates": [-95.971171, 33.018018]}, "properties": {"crashes": 1, "injury": 1, "fatal": 1, "pedestrian": 0, "bicycle": 1, "density": 0.2, "year_range": "2010-2024"}}, {"type": "Feature", "geometry": {"type": "Point", "coordinates": [-97.918919, 29.891892]}, "properties": {"crashes": 1, "injury": 1, "fatal": 0, "pedestrian": 0, "bicycle": 1, "density": 0.2, "year_range": "2010-2024"}}, {"type": "Feature", "geometry": {"type": "Point", "coordinates": [-97.787387, 32.726126]}, "properties": {"crashes": 1, "injury": 1, "fatal": 0, "pedestrian": 0, "bicycle": 1, "density": 0.2, "year_range": "2010-2024"}}, {"type": "Feature", "geometry": {"type": "Point", "coordinates": [-98.554955, 29.495495]}, "properties": {"crashes": 1, "injury": 1, "fatal": 0, "pedestrian": 0, "bicycle": 1, "density": 0.2, "year_range": "2010-2024"}}, {"type": "Feature", "geometry": {"type": "Point", "coordinates": [-101.443243, 35.81982]}, "properties": {"crashes": 1, "injury": 1, "fatal": 0, "pedestrian": 0, "bicycle": 1, "density": 0.2, "year_range": "2010-2024"}}, {"type": "Feature", "geometry": {"type": "Point", "coordinates": [-97.917117, 33.814414]}, "properties": {"crashes": 1, "injury": 1, "fatal": 0, "pedestrian": 0, "bicycle": 1, "density": 0.2, "year_range": "2010-2024"}}, {"type": "Feature", "geometry": {"type": "Point", "coordinates": [-97.884685, 29.994595]}, "properties": {"crashes": 1, "injury": 1, "fatal": 0, "pedestrian": 0, "bicycle": 1, "density": 0.2, "year_range": "2010-2024"}}, {"type": "Feature", "geometry": {"type": "Point", "coordinates": [-95.625225, 30.221622]}, "properties": {"crashes": 1, "injury": 1, "fatal": 0, "pedestrian": 0, "bicycle": 1, "density": 0.2, "year_range": "2010-2024"}}, {"type": "Feature", "geometry": {"type": "Point", "coordinates": [-97.167568, 32.589189]}, "properties": {"crashes": 1, "injury": 1, "fatal": 0, "pedestrian": 0, "bicycle": 1, "density": 0.2, "year_range": "2010-2024"}}, {"type": "Feature", "geometry": {"type": "Point", "coordinates": [-95.401802, 29.931532]}, "properties": {"crashes": 1, "injury": 1, "fatal": 0, "pedestrian": 0, "bicycle": 1, "density": 0.2, "year_range": "2010-2024"}}, {"type": "Feature", "geometry": {"type": "Point", "coordinates": [-97.637838, 31.052252]}, "properties": {"crashes": 1, "injury": 1, "fatal": 0, "pedestrian": 0, "bicycle": 1, "density": 0.2, "year_range": "2010-2024"}}, {"type": "Feature", "geometry": {"type": "Point", "coordinates": [-94.652252, 31.634234]}, "properties": {"crashes": 1, "injury": 1, "fatal": 0, "pedestrian": 0, "bicycle": 1, "density": 0.2, "year_range": "2010-2024"}}, {"type": "Feature", "geometry": {"type": "Point", "coordinates": [-95.131532, 30.145946]}, "properties": {"crashes": 1, "injury": 1, "fatal": 0, "pedestrian": 0, "bicycle": 1, "density": 0.2, "year_range": "2010-2024"}}, {"type": "Feature", "geometry": {"type": "Point", "coordinates": [-93.981982, 29.958559]}, "properties": {"crashes": 2, "injury": 2, "fatal": 0, "pedestrian": 0, "bicycle": 2, "density": 0.5, "year_range": "2010-2024"}}, {"type": "Feature", "geometry": {"type": "Point", "coordinates": [-97.351351, 32.587387]}, "properties": {"crashes": 1, "injury": 1, "fatal": 0, "pedestrian": 0, "bicycle": 1, "density": 0.2, "year_range": "2010-2024"}}, {"type": "Feature", "geometry": {"type": "Point", "coordinates": [-98.67027, 29.446847]}, "properties": {"crashes": 1, "injury": 1, "fatal": 0, "pedestrian": 0, "bicycle": 1, "density": 0.2, "year_range": "2010-2024"}}, {"type": "Feature", "geometry": {"type": "Point", "coordinates": [-95.284685, 29.336937]}, "properties": {"crashes": 1, "injury": 1, "fatal": 1, "pedestrian": 0, "bicycle": 1, "density": 0.2, "year_range": "2010-2024"}}, {"type": "Feature", "geometry": {"type": "Point", "coordinates": [-98.174775, 26.254054]}, "properties": {"crashes": 1, "injury": 1, "fatal": 0, "pedestrian": 0, "bicycle": 1, "density": 0.2, "year_range": "2010-2024"}}, {"type": "Feature", "geometry": {"type": "Point", "coordinates": [-95.524324, 29.783784]}, "properties": {"crashes": 1, "injury": 1, "fatal": 0, "pedestrian": 0, "bicycle": 1, "density": 0.2, "year_range": "2010-2024"}}, {"type": "Feature", "geometry": {"type": "Point", "coordinates": [-98.527928, 29.356757]}, "properties": {"crashes": 1, "injury": 0, "fatal": 0, "pedestrian": 0, "bicycle": 1, "density": 0.2, "year_range": "2010-2024"}}, {"type": "Feature", "geometry": {"type": "Point", "coordinates": [-95.495495, 29.736937]}, "properties": {"crashes": 2, "injury": 2, "fatal": 0, "pedestrian": 0, "bicycle": 2, "density": 0.5, "year_range": "2010-2024"}}, {"type": "Feature", "geometry": {"type": "Point", "coordinates": [-97.74955, 30.452252]}, "properties": {"crashes": 1, "injury": 1, "fatal": 1, "pedestrian": 0, "bicycle": 1, "density": 0.2, "year_range": "2010-2024"}}, {"type": "Feature", "geometry": {"type": "Point", "coordinates": [-97.16036, 33.228829]}, "properties": {"crashes": 2, "injury": 2, "fatal": 0, "pedestrian": 0, "bicycle": 2, "density": 0.5, "year_range": "2010-2024"}}, {"type": "Feature", "geometry": {"type": "Point", "coordinates": [-94.434234, 31.85045]}, "properties": {"crashes": 1, "injury": 1, "fatal": 0, "pedestrian": 0, "bicycle": 1, "density": 0.2, "year_range": "2010-2024"}}, {"type": "Feature", "geometry": {"type": "Point", "coordinates": [-95.216216, 29.616216]}, "properties": {"crashes": 1, "injury": 0, "fatal": 0, "pedestrian": 0, "bicycle": 1, "density": 0.2, "year_range": "2010-2024"}}, {"type": "Feature", "geometry": {"type": "Point", "coordinates": [-96.621622, 32.767568]}, "properties": {"crashes": 1, "injury": 0, "fatal": 0, "pedestrian": 0, "bicycle": 1, "density": 0.2, "year_range": "2010-2024"}}, {"type": "Feature", "geometry": {"type": "Point", "coordinates": [-98.981982, 26.407207]}, "properties": {"crashes": 1, "injury": 1, "fatal": 0, "pedestrian": 0, "bicycle": 1, "density": 0.2, "year_range": "2010-2024"}}, {"type": "Feature", "geometry": {"type": "Point", "coordinates": [-98.479279, 29.517117]}, "properties": {"crashes": 2, "injury": 1, "fatal": 0, "pedestrian": 0, "bicycle": 2, "density": 0.5, "year_range": "2010-2024"}}, {"type": "Feature", "geometry": {"type": "Point", "coordinates": [-95.178378, 29.771171]}, "properties": {"crashes": 2, "injury": 2, "fatal": 0, "pedestrian": 0, "bicycle": 2, "density": 0.5, "year_range": "2010-2024"}}, {"type": "Feature", "geometry": {"type": "Point", "coordinates": [-96.805405, 32.96036]}, "properties": {"crashes": 1, "injury": 1, "fatal": 0, "pedestrian": 0, "bicycle": 1, "density": 0.2, "year_range": "2010-2024"}}, {"type": "Feature", "geometry": {"type": "Point", "coordinates": [-98.515315, 29.398198]}, "properties": {"crashes": 1, "injury": 1, "fatal": 0, "pedestrian": 0, "bicycle": 1, "density": 0.2, "year_range": "2010-2024"}}, {"type": "Feature", "geometry": {"type": "Point", "coordinates": [-101.481081, 32.264865]}, "properties": {"crashes": 1, "injury": 1, "fatal": 1, "pedestrian": 0, "bicycle": 1, "density": 0.2, "year_range": "2010-2024"}}, {"type": "Feature", "geometry": {"type": "Point", "coordinates": [-96.326126, 30.621622]}, "properties": {"crashes": 1, "injury": 0, "fatal": 0, "pedestrian": 0, "bicycle": 1, "density": 0.2, "year_range": "2010-2024"}}, {"type": "Feature", "geometry": {"type": "Point", "coordinates": [-98.473874, 29.45045]}, "properties": {"crashes": 1, "injury": 0, "fatal": 0, "pedestrian": 0, "bicycle": 1, "density": 0.2, "year_range": "2010-2024"}}, {"type": "Feature", "geometry": {"type": "Point", "coordinates": [-97.781982, 26.151351]}, "properties": {"crashes": 1, "injury": 0, "fatal": 0, "pedestrian": 0, "bicycle": 1, "density": 0.2, "year_range": "2010-2024"}}, {"type": "Feature", "geometry": {"type": "Point", "coordinates": [-97.331532, 27.693694]}, "properties": {"crashes": 1, "injury": 1, "fatal": 0, "pedestrian": 0, "bicycle": 1, "density": 0.2, "year_range": "2010-2024"}}, {"type": "Feature", "geometry": {"type": "Point", "coordinates": [-96.340541, 30.672072]}, "properties": {"crashes": 1, "injury": 1, "fatal": 0, "pedestrian": 0, "bicycle": 1, "density": 0.2, "year_range": "2010-2024"}}, {"type": "Feature", "geometry": {"type": "Point", "coordinates": [-97.711712, 26.216216]}, "properties": {"crashes": 1, "injury": 0, "fatal": 0, "pedestrian": 0, "bicycle": 1, "density": 0.2, "year_range": "2010-2024"}}, {"type": "Feature", "geometry": {"type": "Point", "coordinates": [-95.027027, 29.351351]}, "properties": {"crashes": 1, "injury": 0, "fatal": 0, "pedestrian": 0, "bicycle": 1, "density": 0.2, "year_range": "2010-2024"}}, {"type": "Feature", "geometry": {"type": "Point", "coordinates": [-96.106306, 33.131532]}, "properties": {"crashes": 1, "injury": 1, "fatal": 0, "pedestrian": 0, "bicycle": 1, "density": 0.2, "year_range": "2010-2024"}}, {"type": "Feature", "geometry": {"type": "Point", "coordinates": [-98.163964, 26.261261]}, "properties": {"crashes": 1, "injury": 0, "fatal": 0, "pedestrian": 0, "bicycle": 1, "density": 0.2, "year_range": "2010-2024"}}, {"type": "Feature", "geometry": {"type": "Point", "coordinates": [-98.481081, 29.369369]}, "properties": {"crashes": 1, "injury": 1, "fatal": 0, "pedestrian": 0, "bicycle": 1, "density": 0.2, "year_range": "2010-2024"}}, {"type": "Feature", "geometry": {"type": "Point", "coordinates": [-95.594595, 30.099099]}, "properties": {"crashes": 1, "injury": 1, "fatal": 0, "pedestrian": 0, "bicycle": 1, "density": 0.2, "year_range": "2010-2024"}}, {"type": "Feature", "geometry": {"type": "Point", "coordinates": [-97.672072, 30.394595]}, "properties": {"crashes": 1, "injury": 1, "fatal": 1, "pedestrian": 0, "bicycle": 1, "density": 0.2, "year_range": "2010-2024"}}, {"type": "Feature", "geometry": {"type": "Point", "coordinates": [-94.643243, 29.783784]}, "properties": {"crashes": 1, "injury": 1, "fatal": 0, "pedestrian": 0, "bicycle": 1, "density": 0.2, "year_range": "2010-2024"}}, {"type": "Feature", "geometry": {"type": "Point", "coordinates": [-94.718919, 32.976577]}, "properties": {"crashes": 1, "injury": 1, "fatal": 1, "pedestrian": 0, "bicycle": 1, "density": 0.2, "year_range": "2010-2024"}}, {"type": "Feature", "geometry": {"type": "Point", "coordinates": [-97.717117, 30.36036]}, "properties": {"crashes": 1, "injury": 1, "fatal": 0, "pedestrian": 0, "bicycle": 1, "density": 0.2, "year_range": "2010-2024"}}, {"type": "Feature", "geometry": {"type": "Point", "coordinates": [-97.776577, 30.246847]}, "properties": {"crashes": 1, "injury": 0, "fatal": 0, "pedestrian": 0, "bicycle": 1, "density": 0.2, "year_range": "2010-2024"}}, {"type": "Feature", "geometry": {"type": "Point", "coordinates": [-98.327928, 29.56036]}, "properties": {"crashes": 1, "injury": 1, "fatal": 0, "pedestrian": 0, "bicycle": 1, "density": 0.2, "year_range": "2010-2024"}}, {"type": "Feature", "geometry": {"type": "Point", "coordinates": [-93.736937, 30.082883]}, "properties": {"crashes": 1, "injury": 1, "fatal": 0, "pedestrian": 0, "bicycle": 1, "density": 0.2, "year_range": "2010-2024"}}, {"type": "Feature", "geometry": {"type": "Point", "coordinates": [-94.816216, 29.293694]}, "properties": {"crashes": 2, "injury": 2, "fatal": 0, "pedestrian": 0, "bicycle": 2, "density": 0.5, "year_range": "2010-2024"}}, {"type": "Feature", "geometry": {"type": "Point", "coordinates": [-97.965766, 30.32973]}, "properties": {"crashes": 1, "injury": 0, "fatal": 0, "pedestrian": 0, "bicycle": 1, "density": 0.2, "year_range": "2010-2024"}}, {"type": "Feature", "geometry": {"type": "Point", "coordinates": [-98.727928, 29.432432]}, "properties": {"crashes": 1, "injury": 1, "fatal": 0, "pedestrian": 0, "bicycle": 1, "density": 0.2, "year_range": "2010-2024"}}, {"type": "Feature", "geometry": {"type": "Point", "coordinates": [-97.227027, 32.542342]}, "properties": {"crashes": 1, "injury": 0, "fatal": 0, "pedestrian": 0, "bicycle": 1, "density": 0.2, "year_range": "2010-2024"}}, {"type": "Feature", "geometry": {"type": "Point", "coordinates": [-95.551351, 29.963964]}, "properties": {"crashes": 1, "injury": 1, "fatal": 0, "pedestrian": 0, "bicycle": 1, "density": 0.2, "year_range": "2010-2024"}}, {"type": "Feature", "geometry": {"type": "Point", "coordinates": [-97.630631, 27.855856]}, "properties": {"crashes": 1, "injury": 1, "fatal": 0, "pedestrian": 0, "bicycle": 1, "density": 0.2, "year_range": "2010-2024"}}, {"type": "Feature", "geometry": {"type": "Point", "coordinates": [-97.369369, 27.679279]}, "properties": {"crashes": 1, "injury": 1, "fatal": 0, "pedestrian": 0, "bicycle": 1, "density": 0.2, "year_range": "2010-2024"}}, {"type": "Feature", "geometry": {"type": "Point", "coordinates": [-97.679279, 26.18018]}, "properties": {"crashes": 1, "injury": 1, "fatal": 0, "pedestrian": 0, "bicycle": 1, "density": 0.2, "year_range": "2010-2024"}}, {"type": "Feature", "geometry": {"type": "Point", "coordinates": [-97.736937, 30.257658]}, "properties": {"crashes": 1, "injury": 1, "fatal": 0, "pedestrian": 0, "bicycle": 1, "density": 0.2, "year_range": "2010-2024"}}, {"type": "Feature", "geometry": {"type": "Point", "coordinates": [-97.742342, 30.367568]}, "properties": {"crashes": 2, "injury": 2, "fatal": 0, "pedestrian": 0, "bicycle": 2, "density": 0.5, "year_range": "2010-2024"}}, {"type": "Feature", "geometry": {"type": "Point", "coordinates": [-97.097297, 32.756757]}, "properties": {"crashes": 1, "injury": 1, "fatal": 0, "pedestrian": 0, "bicycle": 1, "density": 0.2, "year_range": "2010-2024"}}, {"type": "Feature", "geometry": {"type": "Point", "coordinates": [-95.409009, 29.641441]}, "properties": {"crashes": 1, "injury": 1, "fatal": 0, "pedestrian": 0, "bicycle": 1, "density": 0.2, "year_range": "2010-2024"}}, {"type": "Feature", "geometry": {"type": "Point", "coordinates": [-97.216216, 33.01982]}, "properties": {"crashes": 1, "injury": 1, "fatal": 0, "pedestrian": 0, "bicycle": 1, "density": 0.2, "year_range": "2010-2024"}}, {"type": "Feature", "geometry": {"type": "Point", "coordinates": [-102.093694, 31.985586]}, "properties": {"crashes": 1, "injury": 1, "fatal": 0, "pedestrian": 0, "bicycle": 1, "density": 0.2, "year_range": "2010-2024"}}, {"type": "Feature", "geometry": {"type": "Point", "coordinates": [-95.095495, 29.457658]}, "properties": {"crashes": 1, "injury": 1, "fatal": 0, "pedestrian": 0, "bicycle": 1, "density": 0.2, "year_range": "2010-2024"}}, {"type": "Feature", "geometry": {"type": "Point", "coordinates": [-96.994595, 32.720721]}, "properties": {"crashes": 1, "injury": 1, "fatal": 0, "pedestrian": 0, "bicycle": 1, "density": 0.2, "year_range": "2010-2024"}}, {"type": "Feature", "geometry": {"type": "Point", "coordinates": [-96.311712, 30.643243]}, "properties": {"crashes": 1, "injury": 1, "fatal": 0, "pedestrian": 0, "bicycle": 1, "density": 0.2, "year_range": "2010-2024"}}, {"type": "Feature", "geometry": {"type": "Point", "coordinates": [-100.463063, 31.484685]}, "properties": {"crashes": 2, "injury": 2, "fatal": 1, "pedestrian": 0, "bicycle": 2, "density": 0.5, "year_range": "2010-2024"}}, {"type": "Feature", "geometry": {"type": "Point", "coordinates": [-96.547748, 29.711712]}, "properties": {"crashes": 1, "injury": 1, "fatal": 0, "pedestrian": 0, "bicycle": 1, "density": 0.2, "year_range": "2010-2024"}}, {"type": "Feature", "geometry": {"type": "Point", "coordinates": [-97.163964, 27.917117]}, "properties": {"crashes": 1, "injury": 0, "fatal": 0, "pedestrian": 0, "bicycle": 1, "density": 0.2, "year_range": "2010-2024"}}, {"type": "Feature", "geometry": {"type": "Point", "coordinates": [-97.495495, 30.086486]}, "properties": {"crashes": 1, "injury": 1, "fatal": 0, "pedestrian": 0, "bicycle": 1, "density": 0.2, "year_range": "2010-2024"}}, {"type": "Feature", "geometry": {"type": "Point", "coordinates": [-98.554955, 29.455856]}, "properties": {"crashes": 1, "injury": 1, "fatal": 0, "pedestrian": 0, "bicycle": 1, "density": 0.2, "year_range": "2010-2024"}}, {"type": "Feature", "geometry": {"type": "Point", "coordinates": [-95.410811, 29.814414]}, "properties": {"crashes": 1, "injury": 1, "fatal": 0, "pedestrian": 0, "bicycle": 1, "density": 0.2, "year_range": "2010-2024"}}, {"type": "Feature", "geometry": {"type": "Point", "coordinates": [-96.230631, 30.475676]}, "properties": {"crashes": 1, "injury": 1, "fatal": 1, "pedestrian": 0, "bicycle": 1, "density": 0.2, "year_range": "2010-2024"}}, {"type": "Feature", "geometry": {"type": "Point", "coordinates": [-98.594595, 29.574775]}, "properties": {"crashes": 2, "injury": 1, "fatal": 0, "pedestrian": 0, "bicycle": 2, "density": 0.5, "year_range": "2010-2024"}}, {"type": "Feature", "geometry": {"type": "Point", "coordinates": [-99.115315, 30.066667]}, "properties": {"crashes": 1, "injury": 1, "fatal": 0, "pedestrian": 0, "bicycle": 1, "density": 0.2, "year_range": "2010-2024"}}, {"type": "Feature", "geometry": {"type": "Point", "coordinates": [-97.383784, 30.354955]}, "properties": {"crashes": 1, "injury": 0, "fatal": 0, "pedestrian": 0, "bicycle": 1, "density": 0.2, "year_range": "2010-2024"}}, {"type": "Feature", "geometry": {"type": "Point", "coordinates": [-97.145946, 32.598198]}, "properties": {"crashes": 1, "injury": 1, "fatal": 0, "pedestrian": 0, "bicycle": 1, "density": 0.2, "year_range": "2010-2024"}}, {"type": "Feature", "geometry": {"type": "Point", "coordinates": [-106.587387, 31.908108]}, "properties": {"crashes": 1, "injury": 1, "fatal": 0, "pedestrian": 0, "bicycle": 1, "density": 0.2, "year_range": "2010-2024"}}, {"type": "Feature", "geometry": {"type": "Point", "coordinates": [-96.996396, 32.872072]}, "properties": {"crashes": 1, "injury": 1, "fatal": 0, "pedestrian": 0, "bicycle": 1, "density": 0.2, "year_range": "2010-2024"}}, {"type": "Feature", "geometry": {"type": "Point", "coordinates": [-95.291892, 29.693694]}, "properties": {"crashes": 1, "injury": 1, "fatal": 0, "pedestrian": 0, "bicycle": 1, "density": 0.2, "year_range": "2010-2024"}}, {"type": "Feature", "geometry": {"type": "Point", "coordinates": [-95.517117, 29.855856]}, "properties": {"crashes": 1, "injury": 1, "fatal": 1, "pedestrian": 0, "bicycle": 1, "density": 0.2, "year_range": "2010-2024"}}, {"type": "Feature", "geometry": {"type": "Point", "coordinates": [-98.884685, 30.282883]}, "properties": {"crashes": 1, "injury": 1, "fatal": 0, "pedestrian": 0, "bicycle": 1, "density": 0.2, "year_range": "2010-2024"}}, {"type": "Feature", "geometry": {"type": "Point", "coordinates": [-96.536937, 33.740541]}, "properties": {"crashes": 1, "injury": 1, "fatal": 0, "pedestrian": 0, "bicycle": 1, "density": 0.2, "year_range": "2010-2024"}}, {"type": "Feature", "geometry": {"type": "Point", "coordinates": [-97.07027, 33.043243]}, "properties": {"crashes": 1, "injury": 1, "fatal": 0, "pedestrian": 0, "bicycle": 1, "density": 0.2, "year_range": "2010-2024"}}, {"type": "Feature", "geometry": {"type": "Point", "coordinates": [-97.535135, 30.956757]}, "properties": {"crashes": 1, "injury": 1, "fatal": 0, "pedestrian": 0, "bicycle": 1, "density": 0.2, "year_range": "2010-2024"}}, {"type": "Feature", "geometry": {"type": "Point", "coordinates": [-97.736937, 28.425225]}, "properties": {"crashes": 1, "injury": 1, "fatal": 0, "pedestrian": 0, "bicycle": 1, "density": 0.2, "year_range": "2010-2024"}}, {"type": "Feature", "geometry": {"type": "Point", "coordinates": [-97.49009, 25.98018]}, "properties": {"crashes": 1, "injury": 1, "fatal": 0, "pedestrian": 0, "bicycle": 1, "density": 0.2, "year_range": "2010-2024"}}, {"type": "Feature", "geometry": {"type": "Point", "coordinates": [-96.333333, 30.672072]}, "properties": {"crashes": 1, "injury": 1, "fatal": 0, "pedestrian": 0, "bicycle": 1, "density": 0.2, "year_range": "2010-2024"}}, {"type": "Feature", "geometry": {"type": "Point", "coordinates": [-96.634234, 28.603604]}, "properties": {"crashes": 1, "injury": 1, "fatal": 0, "pedestrian": 0, "bicycle": 1, "density": 0.2, "year_range": "2010-2024"}}, {"type": "Feature", "geometry": {"type": "Point", "coordinates": [-98.452252, 29.43964]}, "properties": {"crashes": 1, "injury": 1, "fatal": 0, "pedestrian": 0, "bicycle": 1, "density": 0.2, "year_range": "2010-2024"}}, {"type": "Feature", "geometry": {"type": "Point", "coordinates": [-95.12973, 29.499099]}, "properties": {"crashes": 1, "injury": 1, "fatal": 0, "pedestrian": 0, "bicycle": 1, "density": 0.2, "year_range": "2010-2024"}}, {"type": "Feature", "geometry": {"type": "Point", "coordinates": [-94.032432, 30.120721]}, "properties": {"crashes": 1, "injury": 1, "fatal": 0, "pedestrian": 0, "bicycle": 1, "density": 0.2, "year_range": "2010-2024"}}, {"type": "Feature", "geometry": {"type": "Point", "coordinates": [-94.367568, 32.547748]}, "properties": {"crashes": 1, "injury": 1, "fatal": 0, "pedestrian": 0, "bicycle": 1, "density": 0.2, "year_range": "2010-2024"}}, {"type": "Feature", "geometry": {"type": "Point", "coordinates": [-95.286486, 29.574775]}, "properties": {"crashes": 1, "injury": 1, "fatal": 0, "pedestrian": 0, "bicycle": 1, "density": 0.2, "year_range": "2010-2024"}}, {"type": "Feature", "geometry": {"type": "Point", "coordinates": [-98.127928, 26.153153]}, "properties": {"crashes": 1, "injury": 0, "fatal": 0, "pedestrian": 0, "bicycle": 1, "density": 0.2, "year_range": "2010-2024"}}, {"type": "Feature", "geometry": {"type": "Point", "coordinates": [-95.832432, 29.396396]}, "properties": {"crashes": 1, "injury": 0, "fatal": 0, "pedestrian": 0, "bicycle": 1, "density": 0.2, "year_range": "2010-2024"}}, {"type": "Feature", "geometry": {"type": "Point", "coordinates": [-98.248649, 26.187387]}, "properties": {"crashes": 1, "injury": 1, "fatal": 0, "pedestrian": 0, "bicycle": 1, "density": 0.2, "year_range": "2010-2024"}}, {"type": "Feature", "geometry": {"type": "Point", "coordinates": [-95.482883, 29.832432]}, "properties": {"crashes": 1, "injury": 1, "fatal": 0, "pedestrian": 0, "bicycle": 1, "density": 0.2, "year_range": "2010-2024"}}, {"type": "Feature", "geometry": {"type": "Point", "coordinates": [-97.27027, 31.672072]}, "properties": {"crashes": 1, "injury": 1, "fatal": 0, "pedestrian": 0, "bicycle": 1, "density": 0.2, "year_range": "2010-2024"}}, {"type": "Feature", "geometry": {"type": "Point", "coordinates": [-96.6, 33.637838]}, "properties": {"crashes": 1, "injury": 1, "fatal": 0, "pedestrian": 0, "bicycle": 1, "density": 0.2, "year_range": "2010-2024"}}, {"type": "Feature", "geometry": {"type": "Point", "coordinates": [-97.464865, 31.054054]}, "properties": {"crashes": 1, "injury": 1, "fatal": 0, "pedestrian": 0, "bicycle": 1, "density": 0.2, "year_range": "2010-2024"}}, {"type": "Feature", "geometry": {"type": "Point", "coordinates": [-100.899099, 29.369369]}, "properties": {"crashes": 1, "injury": 1, "fatal": 0, "pedestrian": 0, "bicycle": 1, "density": 0.2, "year_range": "2010-2024"}}, {"type": "Feature", "geometry": {"type": "Point", "coordinates": [-97.798198, 30.273874]}, "properties": {"crashes": 2, "injury": 2, "fatal": 0, "pedestrian": 0, "bicycle": 2, "density": 0.5, "year_range": "2010-2024"}}, {"type": "Feature", "geometry": {"type": "Point", "coordinates": [-97.491892, 25.98018]}, "properties": {"crashes": 1, "injury": 1, "fatal": 0, "pedestrian": 0, "bicycle": 1, "density": 0.2, "year_range": "2010-2024"}}, {"type": "Feature", "geometry": {"type": "Point", "coordinates": [-97.100901, 33.190991]}, "properties": {"crashes": 1, "injury": 1, "fatal": 0, "pedestrian": 0, "bicycle": 1, "density": 0.2, "year_range": "2010-2024"}}, {"type": "Feature", "geometry": {"type": "Point", "coordinates": [-97.412613, 27.699099]}, "properties": {"crashes": 1, "injury": 1, "fatal": 0, "pedestrian": 0, "bicycle": 1, "density": 0.2, "year_range": "2010-2024"}}, {"type": "Feature", "geometry": {"type": "Point", "coordinates": [-95.434234, 30.01982]}, "properties": {"crashes": 1, "injury": 1, "fatal": 0, "pedestrian": 0, "bicycle": 1, "density": 0.2, "year_range": "2010-2024"}}, {"type": "Feature", "geometry": {"type": "Point", "coordinates": [-97.926126, 30.675676]}, "properties": {"crashes": 1, "injury": 1, "fatal": 1, "pedestrian": 0, "bicycle": 1, "density": 0.2, "year_range": "2010-2024"}}, {"type": "Feature", "geometry": {"type": "Point", "coordinates": [-95.581982, 29.736937]}, "properties": {"crashes": 1, "injury": 1, "fatal": 0, "pedestrian": 0, "bicycle": 1, "density": 0.2, "year_range": "2010-2024"}}, {"type": "Feature", "geometry": {"type": "Point", "coordinates": [-96.210811, 28.717117]}, "properties": {"crashes": 1, "injury": 1, "fatal": 0, "pedestrian": 0, "bicycle": 1, "density": 0.2, "year_range": "2010-2024"}}, {"type": "Feature", "geometry": {"type": "Point", "coordinates": [-100.432432, 31.47027]}, "properties": {"crashes": 1, "injury": 1, "fatal": 0, "pedestrian": 0, "bicycle": 1, "density": 0.2, "year_range": "2010-2024"}}, {"type": "Feature", "geometry": {"type": "Point", "coordinates": [-97.479279, 25.908108]}, "properties": {"crashes": 1, "injury": 1, "fatal": 0, "pedestrian": 0, "bicycle": 1, "density": 0.2, "year_range": "2010-2024"}}, {"type": "Feature", "geometry": {"type": "Point", "coordinates": [-97.383784, 32.401802]}, "properties": {"crashes": 1, "injury": 1, "fatal": 1, "pedestrian": 0, "bicycle": 1, "density": 0.2, "year_range": "2010-2024"}}, {"type": "Feature", "geometry": {"type": "Point", "coordinates": [-106.418018, 31.884685]}, "properties": {"crashes": 1, "injury": 1, "fatal": 0, "pedestrian": 0, "bicycle": 1, "density": 0.2, "year_range": "2010-2024"}}, {"type": "Feature", "geometry": {"type": "Point", "coordinates": [-93.994595, 29.945946]}, "properties": {"crashes": 1, "injury": 0, "fatal": 0, "pedestrian": 0, "bicycle": 1, "density": 0.2, "year_range": "2010-2024"}}, {"type": "Feature", "geometry": {"type": "Point", "coordinates": [-95.425225, 29.897297]}, "properties": {"crashes": 1, "injury": 1, "fatal": 1, "pedestrian": 0, "bicycle": 1, "density": 0.2, "year_range": "2010-2024"}}, {"type": "Feature", "geometry": {"type": "Point", "coordinates": [-101.868468, 33.578378]}, "properties": {"crashes": 1, "injury": 1, "fatal": 0, "pedestrian": 0, "bicycle": 1, "density": 0.2, "year_range": "2010-2024"}}, {"type": "Feature", "geometry": {"type": "Point", "coordinates": [-100.801802, 36.372973]}, "properties": {"crashes": 1, "injury": 0, "fatal": 0, "pedestrian": 0, "bicycle": 1, "density": 0.2, "year_range": "2010-2024"}}, {"type": "Feature", "geometry": {"type": "Point", "coordinates": [-97.115315, 33.248649]}, "properties": {"crashes": 1, "injury": 1, "fatal": 1, "pedestrian": 0, "bicycle": 1, "density": 0.2, "year_range": "2010-2024"}}, {"type": "Feature", "geometry": {"type": "Point", "coordinates": [-106.347748, 31.727928]}, "properties": {"crashes": 2, "injury": 1, "fatal": 0, "pedestrian": 0, "bicycle": 2, "density": 0.5, "year_range": "2010-2024"}}, {"type": "Feature", "geometry": {"type": "Point", "coordinates": [-97.972973, 26.293694]}, "properties": {"crashes": 1, "injury": 1, "fatal": 0, "pedestrian": 0, "bicycle": 1, "density": 0.2, "year_range": "2010-2024"}}, {"type": "Feature", "geometry": {"type": "Point", "coordinates": [-102.468468, 31.848649]}, "properties": {"crashes": 1, "injury": 1, "fatal": 0, "pedestrian": 0, "bicycle": 1, "density": 0.2, "year_range": "2010-2024"}}, {"type": "Feature", "geometry": {"type": "Point", "coordinates": [-95.572973, 30.735135]}, "properties": {"crashes": 1, "injury": 0, "fatal": 0, "pedestrian": 0, "bicycle": 1, "density": 0.2, "year_range": "2010-2024"}}, {"type": "Feature", "geometry": {"type": "Point", "coordinates": [-94.652252, 31.625225]}, "properties": {"crashes": 1, "injury": 1, "fatal": 0, "pedestrian": 0, "bicycle": 1, "density": 0.2, "year_range": "2010-2024"}}, {"type": "Feature", "geometry": {"type": "Point", "coordinates": [-95.308108, 32.345946]}, "properties": {"crashes": 1, "injury": 1, "fatal": 0, "pedestrian": 0, "bicycle": 1, "density": 0.2, "year_range": "2010-2024"}}, {"type": "Feature", "geometry": {"type": "Point", "coordinates": [-97.978378, 30.205405]}, "properties": {"crashes": 1, "injury": 1, "fatal": 0, "pedestrian": 0, "bicycle": 1, "density": 0.2, "year_range": "2010-2024"}}, {"type": "Feature", "geometry": {"type": "Point", "coordinates": [-97.823423, 32.434234]}, "properties": {"crashes": 1, "injury": 1, "fatal": 0, "pedestrian": 0, "bicycle": 1, "density": 0.2, "year_range": "2010-2024"}}, {"type": "Feature", "geometry": {"type": "Point", "coordinates": [-98.468468, 29.457658]}, "properties": {"crashes": 1, "injury": 1, "fatal": 0, "pedestrian": 0, "bicycle": 1, "density": 0.2, "year_range": "2010-2024"}}, {"type": "Feature", "geometry": {"type": "Point", "coordinates": [-97.524324, 26.073874]}, "properties": {"crashes": 1, "injury": 0, "fatal": 0, "pedestrian": 0, "bicycle": 1, "density": 0.2, "year_range": "2010-2024"}}, {"type": "Feature", "geometry": {"type": "Point", "coordinates": [-95.066667, 29.482883]}, "properties": {"crashes": 1, "injury": 1, "fatal": 0, "pedestrian": 0, "bicycle": 1, "density": 0.2, "year_range": "2010-2024"}}, {"type": "Feature", "geometry": {"type": "Point", "coordinates": [-100.504505, 28.706306]}, "properties": {"crashes": 1, "injury": 0, "fatal": 0, "pedestrian": 0, "bicycle": 1, "density": 0.2, "year_range": "2010-2024"}}, {"type": "Feature", "geometry": {"type": "Point", "coordinates": [-94.016216, 30.938739]}, "properties": {"crashes": 1, "injury": 1, "fatal": 0, "pedestrian": 0, "bicycle": 1, "density": 0.2, "year_range": "2010-2024"}}, {"type": "Feature", "geometry": {"type": "Point", "coordinates": [-95.481081, 29.998198]}, "properties": {"crashes": 1, "injury": 1, "fatal": 0, "pedestrian": 0, "bicycle": 1, "density": 0.2, "year_range": "2010-2024"}}, {"type": "Feature", "geometry": {"type": "Point", "coordinates": [-98.091892, 29.699099]}, "properties": {"crashes": 1, "injury": 1, "fatal": 0, "pedestrian": 0, "bicycle": 1, "density": 0.2, "year_range": "2010-2024"}}, {"type": "Feature", "geometry": {"type": "Point", "coordinates": [-93.915315, 29.913514]}, "properties": {"crashes": 1, "injury": 1, "fatal": 0, "pedestrian": 0, "bicycle": 1, "density": 0.2, "year_range": "2010-2024"}}, {"type": "Feature", "geometry": {"type": "Point", "coordinates": [-95.245045, 29.643243]}, "properties": {"crashes": 1, "injury": 1, "fatal": 0, "pedestrian": 0, "bicycle": 1, "density": 0.2, "year_range": "2010-2024"}}, {"type": "Feature", "geometry": {"type": "Point", "coordinates": [-98.711712, 29.497297]}, "properties": {"crashes": 1, "injury": 1, "fatal": 0, "pedestrian": 0, "bicycle": 1, "density": 0.2, "year_range": "2010-2024"}}, {"type": "Feature", "geometry": {"type": "Point", "coordinates": [-94.099099, 33.394595]}, "properties": {"crashes": 1, "injury": 1, "fatal": 0, "pedestrian": 0, "bicycle": 1, "density": 0.2, "year_range": "2010-2024"}}, {"type": "Feature", "geometry": {"type": "Point", "coordinates": [-98.288288, 26.192793]}, "properties": {"crashes": 1, "injury": 1, "fatal": 1, "pedestrian": 0, "bicycle": 1, "density": 0.2, "year_range": "2010-2024"}}, {"type": "Feature", "geometry": {"type": "Point", "coordinates": [-98.477477, 29.322523]}, "properties": {"crashes": 5, "injury": 2, "fatal": 0, "pedestrian": 0, "bicycle": 5, "density": 1.2, "year_range": "2010-2024"}}, {"type": "Feature", "geometry": {"type": "Point", "coordinates": [-98.216216, 26.2]}, "properties": {"crashes": 1, "injury": 1, "fatal": 0, "pedestrian": 0, "bicycle": 1, "density": 0.2, "year_range": "2010-2024"}}, {"type": "Feature", "geometry": {"type": "Point", "coordinates": [-95.654054, 30.383784]}, "properties": {"crashes": 1, "injury": 1, "fatal": 0, "pedestrian": 0, "bicycle": 1, "density": 0.2, "year_range": "2010-2024"}}, {"type": "Feature", "geometry": {"type": "Point", "coordinates": [-101.810811, 33.54955]}, "properties": {"crashes": 2, "injury": 1, "fatal": 0, "pedestrian": 0, "bicycle": 2, "density": 0.5, "year_range": "2010-2024"}}, {"type": "Feature", "geometry": {"type": "Point", "coordinates": [-95.306306, 29.735135]}, "properties": {"crashes": 2, "injury": 2, "fatal": 0, "pedestrian": 0, "bicycle": 2, "density": 0.5, "year_range": "2010-2024"}}, {"type": "Feature", "geometry": {"type": "Point", "coordinates": [-97.464865, 31.048649]}, "properties": {"crashes": 1, "injury": 1, "fatal": 0, "pedestrian": 0, "bicycle": 1, "density": 0.2, "year_range": "2010-2024"}}, {"type": "Feature", "geometry": {"type": "Point", "coordinates": [-95.574775, 33.661261]}, "properties": {"crashes": 1, "injury": 1, "fatal": 0, "pedestrian": 0, "bicycle": 1, "density": 0.2, "year_range": "2010-2024"}}, {"type": "Feature", "geometry": {"type": "Point", "coordinates": [-98.598198, 29.482883]}, "properties": {"crashes": 1, "injury": 0, "fatal": 0, "pedestrian": 0, "bicycle": 1, "density": 0.2, "year_range": "2010-2024"}}, {"type": "Feature", "geometry": {"type": "Point", "coordinates": [-95.063063, 29.888288]}, "properties": {"crashes": 1, "injury": 1, "fatal": 0, "pedestrian": 0, "bicycle": 1, "density": 0.2, "year_range": "2010-2024"}}, {"type": "Feature", "geometry": {"type": "Point", "coordinates": [-96.387387, 30.643243]}, "properties": {"crashes": 1, "injury": 1, "fatal": 0, "pedestrian": 0, "bicycle": 1, "density": 0.2, "year_range": "2010-2024"}}, {"type": "Feature", "geometry": {"type": "Point", "coordinates": [-97.796396, 30.232432]}, "properties": {"crashes": 1, "injury": 1, "fatal": 0, "pedestrian": 0, "bicycle": 1, "density": 0.2, "year_range": "2010-2024"}}, {"type": "Feature", "geometry": {"type": "Point", "coordinates": [-97.342342, 32.742342]}, "properties": {"crashes": 1, "injury": 1, "fatal": 0, "pedestrian": 0, "bicycle": 1, "density": 0.2, "year_range": "2010-2024"}}, {"type": "Feature", "geometry": {"type": "Point", "coordinates": [-97.430631, 32.722523]}, "properties": {"crashes": 1, "injury": 1, "fatal": 0, "pedestrian": 0, "bicycle": 1, "density": 0.2, "year_range": "2010-2024"}}, {"type": "Feature", "geometry": {"type": "Point", "coordinates": [-99.758559, 32.401802]}, "properties": {"crashes": 1, "injury": 1, "fatal": 0, "pedestrian": 0, "bicycle": 1, "density": 0.2, "year_range": "2010-2024"}}, {"type": "Feature", "geometry": {"type": "Point", "coordinates": [-98.769369, 29.832432]}, "properties": {"crashes": 1, "injury": 1, "fatal": 0, "pedestrian": 0, "bicycle": 1, "density": 0.2, "year_range": "2010-2024"}}, {"type": "Feature", "geometry": {"type": "Point", "coordinates": [-95.389189, 30.023423]}, "properties": {"crashes": 1, "injury": 1, "fatal": 1, "pedestrian": 0, "bicycle": 1, "density": 0.2, "year_range": "2010-2024"}}, {"type": "Feature", "geometry": {"type": "Point", "coordinates": [-97.67027, 26.190991]}, "properties": {"crashes": 1, "injury": 0, "fatal": 0, "pedestrian": 0, "bicycle": 1, "density": 0.2, "year_range": "2010-2024"}}, {"type": "Feature", "geometry": {"type": "Point", "coordinates": [-97.718919, 30.365766]}, "properties": {"crashes": 1, "injury": 1, "fatal": 0, "pedestrian": 0, "bicycle": 1, "density": 0.2, "year_range": "2010-2024"}}, {"type": "Feature", "geometry": {"type": "Point", "coordinates": [-97.693694, 30.335135]}, "properties": {"crashes": 1, "injury": 1, "fatal": 1, "pedestrian": 0, "bicycle": 1, "density": 0.2, "year_range": "2010-2024"}}, {"type": "Feature", "geometry": {"type": "Point", "coordinates": [-98.607207, 29.589189]}, "properties": {"crashes": 1, "injury": 1, "fatal": 0, "pedestrian": 0, "bicycle": 1, "density": 0.2, "year_range": "2010-2024"}}, {"type": "Feature", "geometry": {"type": "Point", "coordinates": [-97.205405, 32.823423]}, "properties": {"crashes": 1, "injury": 1, "fatal": 0, "pedestrian": 0, "bicycle": 1, "density": 0.2, "year_range": "2010-2024"}}, {"type": "Feature", "geometry": {"type": "Point", "coordinates": [-95.061261, 29.459459]}, "properties": {"crashes": 1, "injury": 1, "fatal": 0, "pedestrian": 0, "bicycle": 1, "density": 0.2, "year_range": "2010-2024"}}, {"type": "Feature", "geometry": {"type": "Point", "coordinates": [-94.079279, 30.012613]}, "properties": {"crashes": 1, "injury": 1, "fatal": 0, "pedestrian": 0, "bicycle": 1, "density": 0.2, "year_range": "2010-2024"}}, {"type": "Feature", "geometry": {"type": "Point", "coordinates": [-97.320721, 32.652252]}, "properties": {"crashes": 1, "injury": 1, "fatal": 0, "pedestrian": 0, "bicycle": 1, "density": 0.2, "year_range": "2010-2024"}}, {"type": "Feature", "geometry": {"type": "Point", "coordinates": [-95.978378, 28.981982]}, "properties": {"crashes": 1, "injury": 0, "fatal": 0, "pedestrian": 0, "bicycle": 1, "density": 0.2, "year_range": "2010-2024"}}, {"type": "Feature", "geometry": {"type": "Point", "coordinates": [-98.464865, 29.464865]}, "properties": {"crashes": 1, "injury": 1, "fatal": 0, "pedestrian": 0, "bicycle": 1, "density": 0.2, "year_range": "2010-2024"}}, {"type": "Feature", "geometry": {"type": "Point", "coordinates": [-96.618018, 32.954955]}, "properties": {"crashes": 1, "injury": 1, "fatal": 0, "pedestrian": 0, "bicycle": 1, "density": 0.2, "year_range": "2010-2024"}}, {"type": "Feature", "geometry": {"type": "Point", "coordinates": [-97.733333, 30.266667]}, "properties": {"crashes": 1, "injury": 1, "fatal": 0, "pedestrian": 0, "bicycle": 1, "density": 0.2, "year_range": "2010-2024"}}, {"type": "Feature", "geometry": {"type": "Point", "coordinates": [-95.441441, 30.209009]}, "properties": {"crashes": 1, "injury": 1, "fatal": 0, "pedestrian": 0, "bicycle": 1, "density": 0.2, "year_range": "2010-2024"}}, {"type": "Feature", "geometry": {"type": "Point", "coordinates": [-95.464865, 29.358559]}, "properties": {"crashes": 1, "injury": 1, "fatal": 1, "pedestrian": 0, "bicycle": 1, "density": 0.2, "year_range": "2010-2024"}}, {"type": "Feature", "geometry": {"type": "Point", "coordinates": [-97.234234, 32.83964]}, "properties": {"crashes": 1, "injury": 1, "fatal": 0, "pedestrian": 0, "bicycle": 1, "density": 0.2, "year_range": "2010-2024"}}, {"type": "Feature", "geometry": {"type": "Point", "coordinates": [-94.733333, 32.500901]}, "properties": {"crashes": 1, "injury": 1, "fatal": 0, "pedestrian": 0, "bicycle": 1, "density": 0.2, "year_range": "2010-2024"}}, {"type": "Feature", "geometry": {"type": "Point", "coordinates": [-95.073874, 30.340541]}, "properties": {"crashes": 1, "injury": 0, "fatal": 0, "pedestrian": 0, "bicycle": 1, "density": 0.2, "year_range": "2010-2024"}}, {"type": "Feature", "geometry": {"type": "Point", "coordinates": [-100.875676, 29.358559]}, "properties": {"crashes": 1, "injury": 1, "fatal": 0, "pedestrian": 0, "bicycle": 1, "density": 0.2, "year_range": "2010-2024"}}, {"type": "Feature", "geometry": {"type": "Point", "coordinates": [-106.452252, 31.787387]}, "properties": {"crashes": 1, "injury": 1, "fatal": 0, "pedestrian": 0, "bicycle": 1, "density": 0.2, "year_range": "2010-2024"}}, {"type": "Feature", "geometry": {"type": "Point", "coordinates": [-95.41982, 30.023423]}, "properties": {"crashes": 1, "injury": 1, "fatal": 0, "pedestrian": 0, "bicycle": 1, "density": 0.2, "year_range": "2010-2024"}}, {"type": "Feature", "geometry": {"type": "Point", "coordinates": [-97.414414, 32.807207]}, "properties": {"crashes": 1, "injury": 1, "fatal": 0, "pedestrian": 0, "bicycle": 1, "density": 0.2, "year_range": "2010-2024"}}, {"type": "Feature", "geometry": {"type": "Point", "coordinates": [-95.190991, 29.506306]}, "properties": {"crashes": 1, "injury": 0, "fatal": 0, "pedestrian": 0, "bicycle": 1, "density": 0.2, "year_range": "2010-2024"}}, {"type": "Feature", "geometry": {"type": "Point", "coordinates": [-95.145946, 29.491892]}, "properties": {"crashes": 1, "injury": 1, "fatal": 1, "pedestrian": 0, "bicycle": 1, "density": 0.2, "year_range": "2010-2024"}}, {"type": "Feature", "geometry": {"type": "Point", "coordinates": [-95.414414, 29.899099]}, "properties": {"crashes": 1, "injury": 1, "fatal": 1, "pedestrian": 0, "bicycle": 1, "density": 0.2, "year_range": "2010-2024"}}, {"type": "Feature", "geometry": {"type": "Point", "coordinates": [-95.654054, 29.879279]}, "properties": {"crashes": 2, "injury": 2, "fatal": 1, "pedestrian": 0, "bicycle": 2, "density": 0.5, "year_range": "2010-2024"}}, {"type": "Feature", "geometry": {"type": "Point", "coordinates": [-98.389189, 29.533333]}, "properties": {"crashes": 1, "injury": 1, "fatal": 0, "pedestrian": 0, "bicycle": 1, "density": 0.2, "year_range": "2010-2024"}}, {"type": "Feature", "geometry": {"type": "Point", "coordinates": [-97.342342, 32.771171]}, "properties": {"crashes": 1, "injury": 1, "fatal": 0, "pedestrian": 0, "bicycle": 1, "density": 0.2, "year_range": "2010-2024"}}, {"type": "Feature", "geometry": {"type": "Point", "coordinates": [-95.472072, 30.335135]}, "properties": {"crashes": 1, "injury": 1, "fatal": 0, "pedestrian": 0, "bicycle": 1, "density": 0.2, "year_range": "2010-2024"}}, {"type": "Feature", "geometry": {"type": "Point", "coordinates": [-95.418018, 29.951351]}, "properties": {"crashes": 1, "injury": 1, "fatal": 0, "pedestrian": 0, "bicycle": 1, "density": 0.2, "year_range": "2010-2024"}}, {"type": "Feature", "geometry": {"type": "Point", "coordinates": [-101.834234, 35.205405]}, "properties": {"crashes": 1, "injury": 1, "fatal": 0, "pedestrian": 0, "bicycle": 1, "density": 0.2, "year_range": "2010-2024"}}, {"type": "Feature", "geometry": {"type": "Point", "coordinates": [-93.917117, 29.924324]}, "properties": {"crashes": 1, "injury": 1, "fatal": 0, "pedestrian": 0, "bicycle": 1, "density": 0.2, "year_range": "2010-2024"}}, {"type": "Feature", "geometry": {"type": "Point", "coordinates": [-97.958559, 30.358559]}, "properties": {"crashes": 1, "injury": 1, "fatal": 0, "pedestrian": 0, "bicycle": 1, "density": 0.2, "year_range": "2010-2024"}}, {"type": "Feature", "geometry": {"type": "Point", "coordinates": [-94.381982, 32.192793]}, "properties": {"crashes": 1, "injury": 1, "fatal": 1, "pedestrian": 0, "bicycle": 1, "density": 0.2, "year_range": "2010-2024"}}, {"type": "Feature", "geometry": {"type": "Point", "coordinates": [-104.834234, 31.03964]}, "properties": {"crashes": 2, "injury": 2, "fatal": 1, "pedestrian": 0, "bicycle": 2, "density": 0.5, "year_range": "2010-2024"}}, {"type": "Feature", "geometry": {"type": "Point", "coordinates": [-94.956757, 29.733333]}, "properties": {"crashes": 1, "injury": 1, "fatal": 0, "pedestrian": 0, "bicycle": 1, "density": 0.2, "year_range": "2010-2024"}}, {"type": "Feature", "geometry": {"type": "Point", "coordinates": [-94.900901, 33.189189]}, "properties": {"crashes": 1, "injury": 1, "fatal": 1, "pedestrian": 0, "bicycle": 1, "density": 0.2, "year_range": "2010-2024"}}, {"type": "Feature", "geometry": {"type": "Point", "coordinates": [-95.165766, 29.998198]}, "properties": {"crashes": 1, "injury": 1, "fatal": 0, "pedestrian": 0, "bicycle": 1, "density": 0.2, "year_range": "2010-2024"}}, {"type": "Feature", "geometry": {"type": "Point", "coordinates": [-98.645045, 29.531532]}, "properties": {"crashes": 1, "injury": 1, "fatal": 0, "pedestrian": 0, "bicycle": 1, "density": 0.2, "year_range": "2010-2024"}}, {"type": "Feature", "geometry": {"type": "Point", "coordinates": [-97.781982, 30.245045]}, "properties": {"crashes": 2, "injury": 2, "fatal": 0, "pedestrian": 0, "bicycle": 2, "density": 0.5, "year_range": "2010-2024"}}, {"type": "Feature", "geometry": {"type": "Point", "coordinates": [-97.787387, 30.230631]}, "properties": {"crashes": 1, "injury": 1, "fatal": 0, "pedestrian": 0, "bicycle": 1, "density": 0.2, "year_range": "2010-2024"}}, {"type": "Feature", "geometry": {"type": "Point", "coordinates": [-97.648649, 30.544144]}, "properties": {"crashes": 1, "injury": 1, "fatal": 0, "pedestrian": 0, "bicycle": 1, "density": 0.2, "year_range": "2010-2024"}}, {"type": "Feature", "geometry": {"type": "Point", "coordinates": [-96.331532, 30.590991]}, "properties": {"crashes": 1, "injury": 1, "fatal": 0, "pedestrian": 0, "bicycle": 1, "density": 0.2, "year_range": "2010-2024"}}, {"type": "Feature", "geometry": {"type": "Point", "coordinates": [-97.158559, 27.913514]}, "properties": {"crashes": 1, "injury": 1, "fatal": 0, "pedestrian": 0, "bicycle": 1, "density": 0.2, "year_range": "2010-2024"}}, {"type": "Feature", "geometry": {"type": "Point", "coordinates": [-100.473874, 28.686486]}, "properties": {"crashes": 1, "injury": 1, "fatal": 0, "pedestrian": 0, "bicycle": 1, "density": 0.2, "year_range": "2010-2024"}}, {"type": "Feature", "geometry": {"type": "Point", "coordinates": [-98.196396, 26.306306]}, "properties": {"crashes": 1, "injury": 1, "fatal": 0, "pedestrian": 0, "bicycle": 1, "density": 0.2, "year_range": "2010-2024"}}, {"type": "Feature", "geometry": {"type": "Point", "coordinates": [-95.001802, 30.320721]}, "properties": {"crashes": 1, "injury": 1, "fatal": 1, "pedestrian": 0, "bicycle": 1, "density": 0.2, "year_range": "2010-2024"}}, {"type": "Feature", "geometry": {"type": "Point", "coordinates": [-96.661261, 32.864865]}, "properties": {"crashes": 1, "injury": 1, "fatal": 0, "pedestrian": 0, "bicycle": 1, "density": 0.2, "year_range": "2010-2024"}}, {"type": "Feature", "geometry": {"type": "Point", "coordinates": [-95.086486, 30.327928]}, "properties": {"crashes": 1, "injury": 1, "fatal": 0, "pedestrian": 0, "bicycle": 1, "density": 0.2, "year_range": "2010-2024"}}, {"type": "Feature", "geometry": {"type": "Point", "coordinates": [-95.520721, 29.736937]}, "properties": {"crashes": 1, "injury": 1, "fatal": 1, "pedestrian": 0, "bicycle": 1, "density": 0.2, "year_range": "2010-2024"}}, {"type": "Feature", "geometry": {"type": "Point", "coordinates": [-95.590991, 29.895495]}, "properties": {"crashes": 1, "injury": 1, "fatal": 0, "pedestrian": 0, "bicycle": 1, "density": 0.2, "year_range": "2010-2024"}}, {"type": "Feature", "geometry": {"type": "Point", "coordinates": [-98.906306, 29.969369]}, "properties": {"crashes": 1, "injury": 1, "fatal": 0, "pedestrian": 0, "bicycle": 1, "density": 0.2, "year_range": "2010-2024"}}, {"type": "Feature", "geometry": {"type": "Point", "coordinates": [-96.36036, 30.673874]}, "properties": {"crashes": 1, "injury": 0, "fatal": 0, "pedestrian": 0, "bicycle": 1, "density": 0.2, "year_range": "2010-2024"}}, {"type": "Feature", "geometry": {"type": "Point", "coordinates": [-98.410811, 29.522523]}, "properties": {"crashes": 1, "injury": 1, "fatal": 0, "pedestrian": 0, "bicycle": 1, "density": 0.2, "year_range": "2010-2024"}}, {"type": "Feature", "geometry": {"type": "Point", "coordinates": [-95.410811, 29.830631]}, "properties": {"crashes": 1, "injury": 1, "fatal": 0, "pedestrian": 0, "bicycle": 1, "density": 0.2, "year_range": "2010-2024"}}, {"type": "Feature", "geometry": {"type": "Point", "coordinates": [-97.169369, 33.230631]}, "properties": {"crashes": 2, "injury": 1, "fatal": 0, "pedestrian": 0, "bicycle": 2, "density": 0.5, "year_range": "2010-2024"}}, {"type": "Feature", "geometry": {"type": "Point", "coordinates": [-102.100901, 31.981982]}, "properties": {"crashes": 1, "injury": 1, "fatal": 0, "pedestrian": 0, "bicycle": 1, "density": 0.2, "year_range": "2010-2024"}}, {"type": "Feature", "geometry": {"type": "Point", "coordinates": [-95.769369, 30.216216]}, "properties": {"crashes": 1, "injury": 1, "fatal": 0, "pedestrian": 0, "bicycle": 1, "density": 0.2, "year_range": "2010-2024"}}, {"type": "Feature", "geometry": {"type": "Point", "coordinates": [-95.313514, 29.899099]}, "properties": {"crashes": 1, "injury": 1, "fatal": 0, "pedestrian": 0, "bicycle": 1, "density": 0.2, "year_range": "2010-2024"}}, {"type": "Feature", "geometry": {"type": "Point", "coordinates": [-98.475676, 29.353153]}, "properties": {"crashes": 1, "injury": 0, "fatal": 0, "pedestrian": 0, "bicycle": 1, "density": 0.2, "year_range": "2010-2024"}}, {"type": "Feature", "geometry": {"type": "Point", "coordinates": [-106.353153, 31.720721]}, "properties": {"crashes": 1, "injury": 1, "fatal": 0, "pedestrian": 0, "bicycle": 1, "density": 0.2, "year_range": "2010-2024"}}, {"type": "Feature", "geometry": {"type": "Point", "coordinates": [-94.088288, 33.41982]}, "properties": {"crashes": 1, "injury": 1, "fatal": 1, "pedestrian": 0, "bicycle": 1, "density": 0.2, "year_range": "2010-2024"}}, {"type": "Feature", "geometry": {"type": "Point", "coordinates": [-97.097297, 32.794595]}, "properties": {"crashes": 1, "injury": 1, "fatal": 1, "pedestrian": 0, "bicycle": 1, "density": 0.2, "year_range": "2010-2024"}}, {"type": "Feature", "geometry": {"type": "Point", "coordinates": [-99.472072, 27.484685]}, "properties": {"crashes": 1, "injury": 1, "fatal": 0, "pedestrian": 0, "bicycle": 1, "density": 0.2, "year_range": "2010-2024"}}, {"type": "Feature", "geometry": {"type": "Point", "coordinates": [-94.178378, 30.145946]}, "properties": {"crashes": 1, "injury": 1, "fatal": 1, "pedestrian": 0, "bicycle": 1, "density": 0.2, "year_range": "2010-2024"}}, {"type": "Feature", "geometry": {"type": "Point", "coordinates": [-97.486486, 25.96036]}, "properties": {"crashes": 1, "injury": 1, "fatal": 0, "pedestrian": 0, "bicycle": 1, "density": 0.2, "year_range": "2010-2024"}}, {"type": "Feature", "geometry": {"type": "Point", "coordinates": [-97.792793, 30.455856]}, "properties": {"crashes": 1, "injury": 1, "fatal": 0, "pedestrian": 0, "bicycle": 1, "density": 0.2, "year_range": "2010-2024"}}, {"type": "Feature", "geometry": {"type": "Point", "coordinates": [-94.828829, 29.27027]}, "properties": {"crashes": 2, "injury": 2, "fatal": 0, "pedestrian": 0, "bicycle": 2, "density": 0.5, "year_range": "2010-2024"}}, {"type": "Feature", "geometry": {"type": "Point", "coordinates": [-97.713514, 26.227027]}, "properties": {"crashes": 1, "injury": 0, "fatal": 0, "pedestrian": 0, "bicycle": 1, "density": 0.2, "year_range": "2010-2024"}}, {"type": "Feature", "geometry": {"type": "Point", "coordinates": [-97.72973, 30.374775]}, "properties": {"crashes": 1, "injury": 1, "fatal": 0, "pedestrian": 0, "bicycle": 1, "density": 0.2, "year_range": "2010-2024"}}, {"type": "Feature", "geometry": {"type": "Point", "coordinates": [-94.832432, 29.263063]}, "properties": {"crashes": 1, "injury": 1, "fatal": 0, "pedestrian": 0, "bicycle": 1, "density": 0.2, "year_range": "2010-2024"}}, {"type": "Feature", "geometry": {"type": "Point", "coordinates": [-94.996396, 29.378378]}, "properties": {"crashes": 1, "injury": 1, "fatal": 0, "pedestrian": 0, "bicycle": 1, "density": 0.2, "year_range": "2010-2024"}}, {"type": "Feature", "geometry": {"type": "Point", "coordinates": [-98.118919, 29.691892]}, "properties": {"crashes": 1, "injury": 1, "fatal": 0, "pedestrian": 0, "bicycle": 1, "density": 0.2, "year_range": "2010-2024"}}, {"type": "Feature", "geometry": {"type": "Point", "coordinates": [-93.731532, 30.117117]}, "properties": {"crashes": 1, "injury": 1, "fatal": 0, "pedestrian": 0, "bicycle": 1, "density": 0.2, "year_range": "2010-2024"}}, {"type": "Feature", "geometry": {"type": "Point", "coordinates": [-98.106306, 26.282883]}, "properties": {"crashes": 1, "injury": 1, "fatal": 0, "pedestrian": 0, "bicycle": 1, "density": 0.2, "year_range": "2010-2024"}}, {"type": "Feature", "geometry": {"type": "Point", "coordinates": [-97.668468, 29.868468]}, "properties": {"crashes": 1, "injury": 1, "fatal": 0, "pedestrian": 0, "bicycle": 1, "density": 0.2, "year_range": "2010-2024"}}, {"type": "Feature", "geometry": {"type": "Point", "coordinates": [-94.084685, 33.41982]}, "properties": {"crashes": 1, "injury": 1, "fatal": 0, "pedestrian": 0, "bicycle": 1, "density": 0.2, "year_range": "2010-2024"}}, {"type": "Feature", "geometry": {"type": "Point", "coordinates": [-98.214414, 29.589189]}, "properties": {"crashes": 1, "injury": 1, "fatal": 0, "pedestrian": 0, "bicycle": 1, "density": 0.2, "year_range": "2010-2024"}}, {"type": "Feature", "geometry": {"type": "Point", "coordinates": [-97.099099, 33.236036]}, "properties": {"crashes": 1, "injury": 1, "fatal": 0, "pedestrian": 0, "bicycle": 1, "density": 0.2, "year_range": "2010-2024"}}, {"type": "Feature", "geometry": {"type": "Point", "coordinates": [-95.390991, 29.814414]}, "properties": {"crashes": 1, "injury": 1, "fatal": 0, "pedestrian": 0, "bicycle": 1, "density": 0.2, "year_range": "2010-2024"}}, {"type": "Feature", "geometry": {"type": "Point", "coordinates": [-97.176577, 27.924324]}, "properties": {"crashes": 1, "injury": 1, "fatal": 0, "pedestrian": 0, "bicycle": 1, "density": 0.2, "year_range": "2010-2024"}}, {"type": "Feature", "geometry": {"type": "Point", "coordinates": [-106.313514, 31.697297]}, "properties": {"crashes": 1, "injury": 0, "fatal": 0, "pedestrian": 0, "bicycle": 1, "density": 0.2, "year_range": "2010-2024"}}, {"type": "Feature", "geometry": {"type": "Point", "coordinates": [-97.241441, 32.814414]}, "properties": {"crashes": 1, "injury": 1, "fatal": 0, "pedestrian": 0, "bicycle": 1, "density": 0.2, "year_range": "2010-2024"}}, {"type": "Feature", "geometry": {"type": "Point", "coordinates": [-94.789189, 29.300901]}, "properties": {"crashes": 3, "injury": 3, "fatal": 0, "pedestrian": 0, "bicycle": 3, "density": 0.8, "year_range": "2010-2024"}}, {"type": "Feature", "geometry": {"type": "Point", "coordinates": [-102.09009, 31.976577]}, "properties": {"crashes": 1, "injury": 1, "fatal": 0, "pedestrian": 0, "bicycle": 1, "density": 0.2, "year_range": "2010-2024"}}, {"type": "Feature", "geometry": {"type": "Point", "coordinates": [-96.992793, 33.021622]}, "properties": {"crashes": 1, "injury": 1, "fatal": 0, "pedestrian": 0, "bicycle": 1, "density": 0.2, "year_range": "2010-2024"}}, {"type": "Feature", "geometry": {"type": "Point", "coordinates": [-97.086486, 32.551351]}, "properties": {"crashes": 1, "injury": 1, "fatal": 0, "pedestrian": 0, "bicycle": 1, "density": 0.2, "year_range": "2010-2024"}}, {"type": "Feature", "geometry": {"type": "Point", "coordinates": [-95.165766, 30.232432]}, "properties": {"crashes": 1, "injury": 1, "fatal": 0, "pedestrian": 0, "bicycle": 1, "density": 0.2, "year_range": "2010-2024"}}, {"type": "Feature", "geometry": {"type": "Point", "coordinates": [-97.754955, 30.331532]}, "properties": {"crashes": 1, "injury": 1, "fatal": 0, "pedestrian": 0, "bicycle": 1, "density": 0.2, "year_range": "2010-2024"}}, {"type": "Feature", "geometry": {"type": "Point", "coordinates": [-97.72973, 30.32973]}, "properties": {"crashes": 2, "injury": 2, "fatal": 0, "pedestrian": 0, "bicycle": 2, "density": 0.5, "year_range": "2010-2024"}}, {"type": "Feature", "geometry": {"type": "Point", "coordinates": [-95.095495, 29.45045]}, "properties": {"crashes": 1, "injury": 1, "fatal": 0, "pedestrian": 0, "bicycle": 1, "density": 0.2, "year_range": "2010-2024"}}, {"type": "Feature", "geometry": {"type": "Point", "coordinates": [-97.715315, 30.405405]}, "properties": {"crashes": 1, "injury": 1, "fatal": 0, "pedestrian": 0, "bicycle": 1, "density": 0.2, "year_range": "2010-2024"}}, {"type": "Feature", "geometry": {"type": "Point", "coordinates": [-96.383784, 32.942342]}, "properties": {"crashes": 1, "injury": 0, "fatal": 0, "pedestrian": 0, "bicycle": 1, "density": 0.2, "year_range": "2010-2024"}}, {"type": "Feature", "geometry": {"type": "Point", "coordinates": [-98.093694, 29.700901]}, "properties": {"crashes": 1, "injury": 1, "fatal": 0, "pedestrian": 0, "bicycle": 1, "density": 0.2, "year_range": "2010-2024"}}, {"type": "Feature", "geometry": {"type": "Point", "coordinates": [-106.571171, 31.83964]}, "properties": {"crashes": 1, "injury": 1, "fatal": 0, "pedestrian": 0, "bicycle": 1, "density": 0.2, "year_range": "2010-2024"}}, {"type": "Feature", "geometry": {"type": "Point", "coordinates": [-95.27027, 32.304505]}, "properties": {"crashes": 1, "injury": 0, "fatal": 0, "pedestrian": 0, "bicycle": 1, "density": 0.2, "year_range": "2010-2024"}}, {"type": "Feature", "geometry": {"type": "Point", "coordinates": [-97.131532, 31.527928]}, "properties": {"crashes": 1, "injury": 1, "fatal": 0, "pedestrian": 0, "bicycle": 1, "density": 0.2, "year_range": "2010-2024"}}, {"type": "Feature", "geometry": {"type": "Point", "coordinates": [-98.288288, 26.198198]}, "properties": {"crashes": 1, "injury": 0, "fatal": 0, "pedestrian": 0, "bicycle": 1, "density": 0.2, "year_range": "2010-2024"}}, {"type": "Feature", "geometry": {"type": "Point", "coordinates": [-96.628829, 33.216216]}, "properties": {"crashes": 1, "injury": 1, "fatal": 0, "pedestrian": 0, "bicycle": 1, "density": 0.2, "year_range": "2010-2024"}}, {"type": "Feature", "geometry": {"type": "Point", "coordinates": [-94.935135, 29.331532]}, "properties": {"crashes": 1, "injury": 1, "fatal": 0, "pedestrian": 0, "bicycle": 1, "density": 0.2, "year_range": "2010-2024"}}, {"type": "Feature", "geometry": {"type": "Point", "coordinates": [-97.18018, 31.520721]}, "properties": {"crashes": 1, "injury": 1, "fatal": 0, "pedestrian": 0, "bicycle": 1, "density": 0.2, "year_range": "2010-2024"}}, {"type": "Feature", "geometry": {"type": "Point", "coordinates": [-98.587387, 29.477477]}, "properties": {"crashes": 1, "injury": 0, "fatal": 0, "pedestrian": 0, "bicycle": 1, "density": 0.2, "year_range": "2010-2024"}}, {"type": "Feature", "geometry": {"type": "Point", "coordinates": [-100.801802, 36.390991]}, "properties": {"crashes": 1, "injury": 0, "fatal": 0, "pedestrian": 0, "bicycle": 1, "density": 0.2, "year_range": "2010-2024"}}, {"type": "Feature", "geometry": {"type": "Point", "coordinates": [-96.055856, 30.100901]}, "properties": {"crashes": 1, "injury": 1, "fatal": 0, "pedestrian": 0, "bicycle": 1, "density": 0.2, "year_range": "2010-2024"}}, {"type": "Feature", "geometry": {"type": "Point", "coordinates": [-95.772973, 29.733333]}, "properties": {"crashes": 1, "injury": 1, "fatal": 0, "pedestrian": 0, "bicycle": 1, "density": 0.2, "year_range": "2010-2024"}}, {"type": "Feature", "geometry": {"type": "Point", "coordinates": [-94.951351, 29.394595]}, "properties": {"crashes": 1, "injury": 1, "fatal": 1, "pedestrian": 0, "bicycle": 1, "density": 0.2, "year_range": "2010-2024"}}, {"type": "Feature", "geometry": {"type": "Point", "coordinates": [-97.708108, 30.322523]}, "properties": {"crashes": 1, "injury": 1, "fatal": 1, "pedestrian": 0, "bicycle": 1, "density": 0.2, "year_range": "2010-2024"}}, {"type": "Feature", "geometry": {"type": "Point", "coordinates": [-96.731532, 32.855856]}, "properties": {"crashes": 2, "injury": 1, "fatal": 0, "pedestrian": 0, "bicycle": 2, "density": 0.5, "year_range": "2010-2024"}}, {"type": "Feature", "geometry": {"type": "Point", "coordinates": [-95.241441, 32.331532]}, "properties": {"crashes": 1, "injury": 1, "fatal": 0, "pedestrian": 0, "bicycle": 1, "density": 0.2, "year_range": "2010-2024"}}, {"type": "Feature", "geometry": {"type": "Point", "coordinates": [-98.506306, 29.538739]}, "properties": {"crashes": 2, "injury": 1, "fatal": 0, "pedestrian": 0, "bicycle": 2, "density": 0.5, "year_range": "2010-2024"}}, {"type": "Feature", "geometry": {"type": "Point", "coordinates": [-97.697297, 30.363964]}, "properties": {"crashes": 1, "injury": 1, "fatal": 0, "pedestrian": 0, "bicycle": 1, "density": 0.2, "year_range": "2010-2024"}}, {"type": "Feature", "geometry": {"type": "Point", "coordinates": [-106.299099, 31.727928]}, "properties": {"crashes": 1, "injury": 0, "fatal": 0, "pedestrian": 0, "bicycle": 1, "density": 0.2, "year_range": "2010-2024"}}, {"type": "Feature", "geometry": {"type": "Point", "coordinates": [-101.866667, 33.578378]}, "properties": {"crashes": 1, "injury": 0, "fatal": 0, "pedestrian": 0, "bicycle": 1, "density": 0.2, "year_range": "2010-2024"}}, {"type": "Feature", "geometry": {"type": "Point", "coordinates": [-97.754955, 30.336937]}, "properties": {"crashes": 1, "injury": 1, "fatal": 0, "pedestrian": 0, "bicycle": 1, "density": 0.2, "year_range": "2010-2024"}}, {"type": "Feature", "geometry": {"type": "Point", "coordinates": [-96.981982, 28.809009]}, "properties": {"crashes": 1, "injury": 1, "fatal": 0, "pedestrian": 0, "bicycle": 1, "density": 0.2, "year_range": "2010-2024"}}, {"type": "Feature", "geometry": {"type": "Point", "coordinates": [-98.414414, 29.515315]}, "properties": {"crashes": 1, "injury": 1, "fatal": 0, "pedestrian": 0, "bicycle": 1, "density": 0.2, "year_range": "2010-2024"}}, {"type": "Feature", "geometry": {"type": "Point", "coordinates": [-96.852252, 32.861261]}, "properties": {"crashes": 1, "injury": 0, "fatal": 0, "pedestrian": 0, "bicycle": 1, "density": 0.2, "year_range": "2010-2024"}}, {"type": "Feature", "geometry": {"type": "Point", "coordinates": [-97.118919, 33.232432]}, "properties": {"crashes": 1, "injury": 1, "fatal": 0, "pedestrian": 0, "bicycle": 1, "density": 0.2, "year_range": "2010-2024"}}, {"type": "Feature", "geometry": {"type": "Point", "coordinates": [-93.918919, 29.90991]}, "properties": {"crashes": 1, "injury": 1, "fatal": 0, "pedestrian": 0, "bicycle": 1, "density": 0.2, "year_range": "2010-2024"}}, {"type": "Feature", "geometry": {"type": "Point", "coordinates": [-97.713514, 30.304505]}, "properties": {"crashes": 1, "injury": 1, "fatal": 0, "pedestrian": 0, "bicycle": 1, "density": 0.2, "year_range": "2010-2024"}}, {"type": "Feature", "geometry": {"type": "Point", "coordinates": [-95.504505, 33.661261]}, "properties": {"crashes": 1, "injury": 1, "fatal": 0, "pedestrian": 0, "bicycle": 1, "density": 0.2, "year_range": "2010-2024"}}, {"type": "Feature", "geometry": {"type": "Point", "coordinates": [-106.268468, 31.781982]}, "properties": {"crashes": 1, "injury": 1, "fatal": 0, "pedestrian": 0, "bicycle": 1, "density": 0.2, "year_range": "2010-2024"}}, {"type": "Feature", "geometry": {"type": "Point", "coordinates": [-97.726126, 30.432432]}, "properties": {"crashes": 1, "injury": 1, "fatal": 0, "pedestrian": 0, "bicycle": 1, "density": 0.2, "year_range": "2010-2024"}}, {"type": "Feature", "geometry": {"type": "Point", "coordinates": [-95.637838, 29.897297]}, "properties": {"crashes": 1, "injury": 1, "fatal": 1, "pedestrian": 0, "bicycle": 1, "density": 0.2, "year_range": "2010-2024"}}, {"type": "Feature", "geometry": {"type": "Point", "coordinates": [-95.904505, 30.953153]}, "properties": {"crashes": 1, "injury": 1, "fatal": 1, "pedestrian": 0, "bicycle": 1, "density": 0.2, "year_range": "2010-2024"}}, {"type": "Feature", "geometry": {"type": "Point", "coordinates": [-96.933333, 32.857658]}, "properties": {"crashes": 1, "injury": 1, "fatal": 0, "pedestrian": 0, "bicycle": 1, "density": 0.2, "year_range": "2010-2024"}}, {"type": "Feature", "geometry": {"type": "Point", "coordinates": [-96.313514, 30.590991]}, "properties": {"crashes": 1, "injury": 1, "fatal": 0, "pedestrian": 0, "bicycle": 1, "density": 0.2, "year_range": "2010-2024"}}, {"type": "Feature", "geometry": {"type": "Point", "coordinates": [-94.722523, 31.32973]}, "properties": {"crashes": 1, "injury": 0, "fatal": 0, "pedestrian": 0, "bicycle": 1, "density": 0.2, "year_range": "2010-2024"}}, {"type": "Feature", "geometry": {"type": "Point", "coordinates": [-97.145946, 27.902703]}, "properties": {"crashes": 1, "injury": 1, "fatal": 0, "pedestrian": 0, "bicycle": 1, "density": 0.2, "year_range": "2010-2024"}}, {"type": "Feature", "geometry": {"type": "Point", "coordinates": [-95.700901, 29.03964]}, "properties": {"crashes": 1, "injury": 1, "fatal": 0, "pedestrian": 0, "bicycle": 1, "density": 0.2, "year_range": "2010-2024"}}, {"type": "Feature", "geometry": {"type": "Point", "coordinates": [-106.317117, 31.681081]}, "properties": {"crashes": 1, "injury": 1, "fatal": 0, "pedestrian": 0, "bicycle": 1, "density": 0.2, "year_range": "2010-2024"}}, {"type": "Feature", "geometry": {"type": "Point", "coordinates": [-95.547748, 29.542342]}, "properties": {"crashes": 1, "injury": 1, "fatal": 0, "pedestrian": 0, "bicycle": 1, "density": 0.2, "year_range": "2010-2024"}}, {"type": "Feature", "geometry": {"type": "Point", "coordinates": [-94.810811, 32.576577]}, "properties": {"crashes": 1, "injury": 1, "fatal": 0, "pedestrian": 0, "bicycle": 1, "density": 0.2, "year_range": "2010-2024"}}, {"type": "Feature", "geometry": {"type": "Point", "coordinates": [-95.493694, 29.736937]}, "properties": {"crashes": 1, "injury": 1, "fatal": 1, "pedestrian": 0, "bicycle": 1, "density": 0.2, "year_range": "2010-2024"}}, {"type": "Feature", "geometry": {"type": "Point", "coordinates": [-97.142342, 31.545946]}, "properties": {"crashes": 1, "injury": 1, "fatal": 0, "pedestrian": 0, "bicycle": 1, "density": 0.2, "year_range": "2010-2024"}}, {"type": "Feature", "geometry": {"type": "Point", "coordinates": [-95.542342, 29.675676]}, "properties": {"crashes": 1, "injury": 1, "fatal": 0, "pedestrian": 0, "bicycle": 1, "density": 0.2, "year_range": "2010-2024"}}, {"type": "Feature", "geometry": {"type": "Point", "coordinates": [-95.354955, 29.686486]}, "properties": {"crashes": 1, "injury": 1, "fatal": 0, "pedestrian": 0, "bicycle": 1, "density": 0.2, "year_range": "2010-2024"}}, {"type": "Feature", "geometry": {"type": "Point", "coordinates": [-94.108108, 31.527928]}, "properties": {"crashes": 1, "injury": 1, "fatal": 1, "pedestrian": 0, "bicycle": 1, "density": 0.2, "year_range": "2010-2024"}}, {"type": "Feature", "geometry": {"type": "Point", "coordinates": [-98.65045, 29.416216]}, "properties": {"crashes": 1, "injury": 1, "fatal": 0, "pedestrian": 0, "bicycle": 1, "density": 0.2, "year_range": "2010-2024"}}, {"type": "Feature", "geometry": {"type": "Point", "coordinates": [-97.664865, 30.286486]}, "properties": {"crashes": 1, "injury": 0, "fatal": 0, "pedestrian": 0, "bicycle": 1, "density": 0.2, "year_range": "2010-2024"}}, {"type": "Feature", "geometry": {"type": "Point", "coordinates": [-94.18018, 30.153153]}, "properties": {"crashes": 1, "injury": 1, "fatal": 0, "pedestrian": 0, "bicycle": 1, "density": 0.2, "year_range": "2010-2024"}}, {"type": "Feature", "geometry": {"type": "Point", "coordinates": [-98.49009, 29.544144]}, "properties": {"crashes": 1, "injury": 0, "fatal": 0, "pedestrian": 0, "bicycle": 1, "density": 0.2, "year_range": "2010-2024"}}, {"type": "Feature", "geometry": {"type": "Point", "coordinates": [-98.142342, 29.681081]}, "properties": {"crashes": 1, "injury": 1, "fatal": 0, "pedestrian": 0, "bicycle": 1, "density": 0.2, "year_range": "2010-2024"}}, {"type": "Feature", "geometry": {"type": "Point", "coordinates": [-97.097297, 32.708108]}, "properties": {"crashes": 1, "injury": 1, "fatal": 0, "pedestrian": 0, "bicycle": 1, "density": 0.2, "year_range": "2010-2024"}}, {"type": "Feature", "geometry": {"type": "Point", "coordinates": [-94.94955, 29.744144]}, "properties": {"crashes": 1, "injury": 1, "fatal": 0, "pedestrian": 0, "bicycle": 1, "density": 0.2, "year_range": "2010-2024"}}, {"type": "Feature", "geometry": {"type": "Point", "coordinates": [-98.218018, 26.201802]}, "properties": {"crashes": 1, "injury": 1, "fatal": 0, "pedestrian": 0, "bicycle": 1, "density": 0.2, "year_range": "2010-2024"}}, {"type": "Feature", "geometry": {"type": "Point", "coordinates": [-98.057658, 29.317117]}, "properties": {"crashes": 1, "injury": 1, "fatal": 0, "pedestrian": 0, "bicycle": 1, "density": 0.2, "year_range": "2010-2024"}}, {"type": "Feature", "geometry": {"type": "Point", "coordinates": [-96.311712, 30.609009]}, "properties": {"crashes": 3, "injury": 3, "fatal": 0, "pedestrian": 0, "bicycle": 3, "density": 0.8, "year_range": "2010-2024"}}, {"type": "Feature", "geometry": {"type": "Point", "coordinates": [-97.74955, 30.34955]}, "properties": {"crashes": 1, "injury": 1, "fatal": 0, "pedestrian": 0, "bicycle": 1, "density": 0.2, "year_range": "2010-2024"}}, {"type": "Feature", "geometry": {"type": "Point", "coordinates": [-95.567568, 29.736937]}, "properties": {"crashes": 1, "injury": 1, "fatal": 0, "pedestrian": 0, "bicycle": 1, "density": 0.2, "year_range": "2010-2024"}}, {"type": "Feature", "geometry": {"type": "Point", "coordinates": [-95.108108, 30.812613]}, "properties": {"crashes": 1, "injury": 0, "fatal": 0, "pedestrian": 0, "bicycle": 1, "density": 0.2, "year_range": "2010-2024"}}, {"type": "Feature", "geometry": {"type": "Point", "coordinates": [-98.387387, 29.398198]}, "properties": {"crashes": 1, "injury": 1, "fatal": 0, "pedestrian": 0, "bicycle": 1, "density": 0.2, "year_range": "2010-2024"}}, {"type": "Feature", "geometry": {"type": "Point", "coordinates": [-95.563964, 29.58018]}, "properties": {"crashes": 1, "injury": 1, "fatal": 0, "pedestrian": 0, "bicycle": 1, "density": 0.2, "year_range": "2010-2024"}}, {"type": "Feature", "geometry": {"type": "Point", "coordinates": [-100.497297, 28.708108]}, "properties": {"crashes": 1, "injury": 1, "fatal": 0, "pedestrian": 0, "bicycle": 1, "density": 0.2, "year_range": "2010-2024"}}, {"type": "Feature", "geometry": {"type": "Point", "coordinates": [-97.455856, 27.758559]}, "properties": {"crashes": 1, "injury": 1, "fatal": 1, "pedestrian": 0, "bicycle": 1, "density": 0.2, "year_range": "2010-2024"}}, {"type": "Feature", "geometry": {"type": "Point", "coordinates": [-95.428829, 30.021622]}, "properties": {"crashes": 2, "injury": 2, "fatal": 0, "pedestrian": 0, "bicycle": 2, "density": 0.5, "year_range": "2010-2024"}}, {"type": "Feature", "geometry": {"type": "Point", "coordinates": [-96.996396, 28.855856]}, "properties": {"crashes": 1, "injury": 1, "fatal": 0, "pedestrian": 0, "bicycle": 1, "density": 0.2, "year_range": "2010-2024"}}, {"type": "Feature", "geometry": {"type": "Point", "coordinates": [-97.135135, 33.203604]}, "properties": {"crashes": 2, "injury": 2, "fatal": 0, "pedestrian": 0, "bicycle": 2, "density": 0.5, "year_range": "2010-2024"}}, {"type": "Feature", "geometry": {"type": "Point", "coordinates": [-96.976577, 30.855856]}, "properties": {"crashes": 1, "injury": 1, "fatal": 0, "pedestrian": 0, "bicycle": 1, "density": 0.2, "year_range": "2010-2024"}}, {"type": "Feature", "geometry": {"type": "Point", "coordinates": [-95.354955, 29.702703]}, "properties": {"crashes": 1, "injury": 1, "fatal": 0, "pedestrian": 0, "bicycle": 1, "density": 0.2, "year_range": "2010-2024"}}, {"type": "Feature", "geometry": {"type": "Point", "coordinates": [-95.459459, 30.306306]}, "properties": {"crashes": 1, "injury": 1, "fatal": 0, "pedestrian": 0, "bicycle": 1, "density": 0.2, "year_range": "2010-2024"}}, {"type": "Feature", "geometry": {"type": "Point", "coordinates": [-98.553153, 29.320721]}, "properties": {"crashes": 2, "injury": 2, "fatal": 1, "pedestrian": 0, "bicycle": 2, "density": 0.5, "year_range": "2010-2024"}}, {"type": "Feature", "geometry": {"type": "Point", "coordinates": [-101.845045, 33.578378]}, "properties": {"crashes": 1, "injury": 1, "fatal": 0, "pedestrian": 0, "bicycle": 1, "density": 0.2, "year_range": "2010-2024"}}, {"type": "Feature", "geometry": {"type": "Point", "coordinates": [-98.381982, 29.545946]}, "properties": {"crashes": 1, "injury": 1, "fatal": 1, "pedestrian": 0, "bicycle": 1, "density": 0.2, "year_range": "2010-2024"}}, {"type": "Feature", "geometry": {"type": "Point", "coordinates": [-94.897297, 30.054054]}, "properties": {"crashes": 1, "injury": 1, "fatal": 0, "pedestrian": 0, "bicycle": 1, "density": 0.2, "year_range": "2010-2024"}}, {"type": "Feature", "geometry": {"type": "Point", "coordinates": [-98.488288, 29.356757]}, "properties": {"crashes": 1, "injury": 1, "fatal": 0, "pedestrian": 0, "bicycle": 1, "density": 0.2, "year_range": "2010-2024"}}, {"type": "Feature", "geometry": {"type": "Point", "coordinates": [-96.873874, 32.985586]}, "properties": {"crashes": 1, "injury": 1, "fatal": 0, "pedestrian": 0, "bicycle": 1, "density": 0.2, "year_range": "2010-2024"}}, {"type": "Feature", "geometry": {"type": "Point", "coordinates": [-98.504505, 29.524324]}, "properties": {"crashes": 1, "injury": 1, "fatal": 0, "pedestrian": 0, "bicycle": 1, "density": 0.2, "year_range": "2010-2024"}}, {"type": "Feature", "geometry": {"type": "Point", "coordinates": [-98.868468, 30.272072]}, "properties": {"crashes": 1, "injury": 0, "fatal": 0, "pedestrian": 0, "bicycle": 1, "density": 0.2, "year_range": "2010-2024"}}, {"type": "Feature", "geometry": {"type": "Point", "coordinates": [-94.016216, 30.131532]}, "properties": {"crashes": 2, "injury": 0, "fatal": 0, "pedestrian": 0, "bicycle": 2, "density": 0.5, "year_range": "2010-2024"}}, {"type": "Feature", "geometry": {"type": "Point", "coordinates": [-96.902703, 33.21982]}, "properties": {"crashes": 1, "injury": 1, "fatal": 0, "pedestrian": 0, "bicycle": 1, "density": 0.2, "year_range": "2010-2024"}}, {"type": "Feature", "geometry": {"type": "Point", "coordinates": [-96.886486, 33.183784]}, "properties": {"crashes": 1, "injury": 1, "fatal": 0, "pedestrian": 0, "bicycle": 1, "density": 0.2, "year_range": "2010-2024"}}, {"type": "Feature", "geometry": {"type": "Point", "coordinates": [-95.32973, 33.484685]}, "properties": {"crashes": 1, "injury": 1, "fatal": 0, "pedestrian": 0, "bicycle": 1, "density": 0.2, "year_range": "2010-2024"}}, {"type": "Feature", "geometry": {"type": "Point", "coordinates": [-98.362162, 29.585586]}, "properties": {"crashes": 1, "injury": 1, "fatal": 0, "pedestrian": 0, "bicycle": 1, "density": 0.2, "year_range": "2010-2024"}}, {"type": "Feature", "geometry": {"type": "Point", "coordinates": [-98.187387, 26.302703]}, "properties": {"crashes": 1, "injury": 1, "fatal": 0, "pedestrian": 0, "bicycle": 1, "density": 0.2, "year_range": "2010-2024"}}, {"type": "Feature", "geometry": {"type": "Point", "coordinates": [-96.317117, 33.209009]}, "properties": {"crashes": 1, "injury": 1, "fatal": 0, "pedestrian": 0, "bicycle": 1, "density": 0.2, "year_range": "2010-2024"}}, {"type": "Feature", "geometry": {"type": "Point", "coordinates": [-96.454054, 32.854054]}, "properties": {"crashes": 1, "injury": 1, "fatal": 0, "pedestrian": 0, "bicycle": 1, "density": 0.2, "year_range": "2010-2024"}}, {"type": "Feature", "geometry": {"type": "Point", "coordinates": [-96.881081, 32.857658]}, "properties": {"crashes": 1, "injury": 1, "fatal": 0, "pedestrian": 0, "bicycle": 1, "density": 0.2, "year_range": "2010-2024"}}, {"type": "Feature", "geometry": {"type": "Point", "coordinates": [-96.940541, 32.596396]}, "properties": {"crashes": 2, "injury": 2, "fatal": 0, "pedestrian": 0, "bicycle": 2, "density": 0.5, "year_range": "2010-2024"}}, {"type": "Feature", "geometry": {"type": "Point", "coordinates": [-97.302703, 32.767568]}, "properties": {"crashes": 1, "injury": 1, "fatal": 0, "pedestrian": 0, "bicycle": 1, "density": 0.2, "year_range": "2010-2024"}}, {"type": "Feature", "geometry": {"type": "Point", "coordinates": [-97.731532, 28.414414]}, "properties": {"crashes": 1, "injury": 1, "fatal": 0, "pedestrian": 0, "bicycle": 1, "density": 0.2, "year_range": "2010-2024"}}, {"type": "Feature", "geometry": {"type": "Point", "coordinates": [-97.437838, 32.718919]}, "properties": {"crashes": 1, "injury": 1, "fatal": 0, "pedestrian": 0, "bicycle": 1, "density": 0.2, "year_range": "2010-2024"}}, {"type": "Feature", "geometry": {"type": "Point", "coordinates": [-97.36036, 31.091892]}, "properties": {"crashes": 1, "injury": 1, "fatal": 0, "pedestrian": 0, "bicycle": 1, "density": 0.2, "year_range": "2010-2024"}}, {"type": "Feature", "geometry": {"type": "Point", "coordinates": [-95.272072, 29.796396]}, "properties": {"crashes": 2, "injury": 2, "fatal": 0, "pedestrian": 0, "bicycle": 2, "density": 0.5, "year_range": "2010-2024"}}, {"type": "Feature", "geometry": {"type": "Point", "coordinates": [-97.172973, 31.52973]}, "properties": {"crashes": 1, "injury": 1, "fatal": 0, "pedestrian": 0, "bicycle": 1, "density": 0.2, "year_range": "2010-2024"}}, {"type": "Feature", "geometry": {"type": "Point", "coordinates": [-95.171171, 29.771171]}, "properties": {"crashes": 1, "injury": 1, "fatal": 1, "pedestrian": 0, "bicycle": 1, "density": 0.2, "year_range": "2010-2024"}}, {"type": "Feature", "geometry": {"type": "Point", "coordinates": [-95.367568, 29.556757]}, "properties": {"crashes": 1, "injury": 1, "fatal": 0, "pedestrian": 0, "bicycle": 1, "density": 0.2, "year_range": "2010-2024"}}, {"type": "Feature", "geometry": {"type": "Point", "coordinates": [-106.484685, 31.753153]}, "properties": {"crashes": 1, "injury": 1, "fatal": 0, "pedestrian": 0, "bicycle": 1, "density": 0.2, "year_range": "2010-2024"}}, {"type": "Feature", "geometry": {"type": "Point", "coordinates": [-99.472072, 27.482883]}, "properties": {"crashes": 1, "injury": 1, "fatal": 0, "pedestrian": 0, "bicycle": 1, "density": 0.2, "year_range": "2010-2024"}}, {"type": "Feature", "geometry": {"type": "Point", "coordinates": [-98.192793, 29.843243]}, "properties": {"crashes": 1, "injury": 0, "fatal": 0, "pedestrian": 0, "bicycle": 1, "density": 0.2, "year_range": "2010-2024"}}, {"type": "Feature", "geometry": {"type": "Point", "coordinates": [-94.834234, 29.29009]}, "properties": {"crashes": 1, "injury": 1, "fatal": 0, "pedestrian": 0, "bicycle": 1, "density": 0.2, "year_range": "2010-2024"}}, {"type": "Feature", "geometry": {"type": "Point", "coordinates": [-97.645045, 26.151351]}, "properties": {"crashes": 1, "injury": 1, "fatal": 0, "pedestrian": 0, "bicycle": 1, "density": 0.2, "year_range": "2010-2024"}}, {"type": "Feature", "geometry": {"type": "Point", "coordinates": [-101.940541, 33.578378]}, "properties": {"crashes": 2, "injury": 1, "fatal": 0, "pedestrian": 0, "bicycle": 2, "density": 0.5, "year_range": "2010-2024"}}, {"type": "Feature", "geometry": {"type": "Point", "coordinates": [-98.990991, 32.381982]}, "properties": {"crashes": 1, "injury": 1, "fatal": 0, "pedestrian": 0, "bicycle": 1, "density": 0.2, "year_range": "2010-2024"}}, {"type": "Feature", "geometry": {"type": "Point", "coordinates": [-97.533333, 25.936937]}, "properties": {"crashes": 1, "injury": 1, "fatal": 0, "pedestrian": 0, "bicycle": 1, "density": 0.2, "year_range": "2010-2024"}}, {"type": "Feature", "geometry": {"type": "Point", "coordinates": [-101.873874, 33.52973]}, "properties": {"crashes": 1, "injury": 1, "fatal": 0, "pedestrian": 0, "bicycle": 1, "density": 0.2, "year_range": "2010-2024"}}, {"type": "Feature", "geometry": {"type": "Point", "coordinates": [-96.077477, 30.097297]}, "properties": {"crashes": 1, "injury": 1, "fatal": 0, "pedestrian": 0, "bicycle": 1, "density": 0.2, "year_range": "2010-2024"}}, {"type": "Feature", "geometry": {"type": "Point", "coordinates": [-99.499099, 27.52973]}, "properties": {"crashes": 1, "injury": 1, "fatal": 0, "pedestrian": 0, "bicycle": 1, "density": 0.2, "year_range": "2010-2024"}}, {"type": "Feature", "geometry": {"type": "Point", "coordinates": [-98.405405, 29.403604]}, "properties": {"crashes": 1, "injury": 1, "fatal": 0, "pedestrian": 0, "bicycle": 1, "density": 0.2, "year_range": "2010-2024"}}, {"type": "Feature", "geometry": {"type": "Point", "coordinates": [-96.545946, 33.753153]}, "properties": {"crashes": 1, "injury": 1, "fatal": 0, "pedestrian": 0, "bicycle": 1, "density": 0.2, "year_range": "2010-2024"}}, {"type": "Feature", "geometry": {"type": "Point", "coordinates": [-97.212613, 27.875676]}, "properties": {"crashes": 1, "injury": 1, "fatal": 0, "pedestrian": 0, "bicycle": 1, "density": 0.2, "year_range": "2010-2024"}}, {"type": "Feature", "geometry": {"type": "Point", "coordinates": [-94.994595, 29.367568]}, "properties": {"crashes": 1, "injury": 1, "fatal": 0, "pedestrian": 0, "bicycle": 1, "density": 0.2, "year_range": "2010-2024"}}, {"type": "Feature", "geometry": {"type": "Point", "coordinates": [-102.475676, 31.846847]}, "properties": {"crashes": 1, "injury": 1, "fatal": 1, "pedestrian": 0, "bicycle": 1, "density": 0.2, "year_range": "2010-2024"}}, {"type": "Feature", "geometry": {"type": "Point", "coordinates": [-97.025225, 30.645045]}, "properties": {"crashes": 1, "injury": 1, "fatal": 0, "pedestrian": 0, "bicycle": 1, "density": 0.2, "year_range": "2010-2024"}}, {"type": "Feature", "geometry": {"type": "Point", "coordinates": [-97.688288, 30.38018]}, "properties": {"crashes": 1, "injury": 1, "fatal": 0, "pedestrian": 0, "bicycle": 1, "density": 0.2, "year_range": "2010-2024"}}, {"type": "Feature", "geometry": {"type": "Point", "coordinates": [-98.522523, 29.362162]}, "properties": {"crashes": 1, "injury": 1, "fatal": 0, "pedestrian": 0, "bicycle": 1, "density": 0.2, "year_range": "2010-2024"}}, {"type": "Feature", "geometry": {"type": "Point", "coordinates": [-93.962162, 29.981982]}, "properties": {"crashes": 1, "injury": 1, "fatal": 0, "pedestrian": 0, "bicycle": 1, "density": 0.2, "year_range": "2010-2024"}}, {"type": "Feature", "geometry": {"type": "Point", "coordinates": [-94.8, 32.147748]}, "properties": {"crashes": 1, "injury": 1, "fatal": 0, "pedestrian": 0, "bicycle": 1, "density": 0.2, "year_range": "2010-2024"}}, {"type": "Feature", "geometry": {"type": "Point", "coordinates": [-95.63964, 29.879279]}, "properties": {"crashes": 2, "injury": 1, "fatal": 1, "pedestrian": 0, "bicycle": 2, "density": 0.5, "year_range": "2010-2024"}}, {"type": "Feature", "geometry": {"type": "Point", "coordinates": [-97.691892, 30.218018]}, "properties": {"crashes": 1, "injury": 1, "fatal": 0, "pedestrian": 0, "bicycle": 1, "density": 0.2, "year_range": "2010-2024"}}, {"type": "Feature", "geometry": {"type": "Point", "coordinates": [-93.996396, 30.938739]}, "properties": {"crashes": 1, "injury": 1, "fatal": 0, "pedestrian": 0, "bicycle": 1, "density": 0.2, "year_range": "2010-2024"}}, {"type": "Feature", "geometry": {"type": "Point", "coordinates": [-97.679279, 26.190991]}, "properties": {"crashes": 3, "injury": 2, "fatal": 0, "pedestrian": 0, "bicycle": 3, "density": 0.8, "year_range": "2010-2024"}}, {"type": "Feature", "geometry": {"type": "Point", "coordinates": [-96.906306, 33.659459]}, "properties": {"crashes": 1, "injury": 0, "fatal": 0, "pedestrian": 0, "bicycle": 1, "density": 0.2, "year_range": "2010-2024"}}, {"type": "Feature", "geometry": {"type": "Point", "coordinates": [-98.585586, 29.207207]}, "properties": {"crashes": 1, "injury": 1, "fatal": 1, "pedestrian": 0, "bicycle": 1, "density": 0.2, "year_range": "2010-2024"}}, {"type": "Feature", "geometry": {"type": "Point", "coordinates": [-94.390991, 32.540541]}, "properties": {"crashes": 1, "injury": 1, "fatal": 0, "pedestrian": 0, "bicycle": 1, "density": 0.2, "year_range": "2010-2024"}}, {"type": "Feature", "geometry": {"type": "Point", "coordinates": [-97.136937, 31.562162]}, "properties": {"crashes": 1, "injury": 1, "fatal": 0, "pedestrian": 0, "bicycle": 1, "density": 0.2, "year_range": "2010-2024"}}, {"type": "Feature", "geometry": {"type": "Point", "coordinates": [-94.225225, 30.272072]}, "properties": {"crashes": 1, "injury": 1, "fatal": 1, "pedestrian": 0, "bicycle": 1, "density": 0.2, "year_range": "2010-2024"}}, {"type": "Feature", "geometry": {"type": "Point", "coordinates": [-95.245045, 30.0]}, "properties": {"crashes": 1, "injury": 1, "fatal": 0, "pedestrian": 0, "bicycle": 1, "density": 0.2, "year_range": "2010-2024"}}, {"type": "Feature", "geometry": {"type": "Point", "coordinates": [-96.976577, 33.223423]}, "properties": {"crashes": 2, "injury": 2, "fatal": 1, "pedestrian": 0, "bicycle": 2, "density": 0.5, "year_range": "2010-2024"}}, {"type": "Feature", "geometry": {"type": "Point", "coordinates": [-95.479279, 29.726126]}, "properties": {"crashes": 1, "injury": 1, "fatal": 0, "pedestrian": 0, "bicycle": 1, "density": 0.2, "year_range": "2010-2024"}}, {"type": "Feature", "geometry": {"type": "Point", "coordinates": [-94.16036, 30.068468]}, "properties": {"crashes": 1, "injury": 1, "fatal": 1, "pedestrian": 0, "bicycle": 1, "density": 0.2, "year_range": "2010-2024"}}, {"type": "Feature", "geometry": {"type": "Point", "coordinates": [-95.351351, 30.27027]}, "properties": {"crashes": 1, "injury": 1, "fatal": 0, "pedestrian": 0, "bicycle": 1, "density": 0.2, "year_range": "2010-2024"}}, {"type": "Feature", "geometry": {"type": "Point", "coordinates": [-96.857658, 32.861261]}, "properties": {"crashes": 1, "injury": 1, "fatal": 0, "pedestrian": 0, "bicycle": 1, "density": 0.2, "year_range": "2010-2024"}}, {"type": "Feature", "geometry": {"type": "Point", "coordinates": [-98.407207, 29.54955]}, "properties": {"crashes": 1, "injury": 1, "fatal": 0, "pedestrian": 0, "bicycle": 1, "density": 0.2, "year_range": "2010-2024"}}, {"type": "Feature", "geometry": {"type": "Point", "coordinates": [-106.266667, 31.627027]}, "properties": {"crashes": 1, "injury": 1, "fatal": 0, "pedestrian": 0, "bicycle": 1, "density": 0.2, "year_range": "2010-2024"}}, {"type": "Feature", "geometry": {"type": "Point", "coordinates": [-98.479279, 29.473874]}, "properties": {"crashes": 1, "injury": 1, "fatal": 0, "pedestrian": 0, "bicycle": 1, "density": 0.2, "year_range": "2010-2024"}}, {"type": "Feature", "geometry": {"type": "Point", "coordinates": [-96.327928, 30.614414]}, "properties": {"crashes": 1, "injury": 1, "fatal": 0, "pedestrian": 0, "bicycle": 1, "density": 0.2, "year_range": "2010-2024"}}, {"type": "Feature", "geometry": {"type": "Point", "coordinates": [-93.98018, 29.96036]}, "properties": {"crashes": 1, "injury": 0, "fatal": 0, "pedestrian": 0, "bicycle": 1, "density": 0.2, "year_range": "2010-2024"}}, {"type": "Feature", "geometry": {"type": "Point", "coordinates": [-97.920721, 29.882883]}, "properties": {"crashes": 1, "injury": 1, "fatal": 0, "pedestrian": 0, "bicycle": 1, "density": 0.2, "year_range": "2010-2024"}}, {"type": "Feature", "geometry": {"type": "Point", "coordinates": [-95.398198, 30.324324]}, "properties": {"crashes": 1, "injury": 1, "fatal": 0, "pedestrian": 0, "bicycle": 1, "density": 0.2, "year_range": "2010-2024"}}, {"type": "Feature", "geometry": {"type": "Point", "coordinates": [-96.317117, 30.589189]}, "properties": {"crashes": 1, "injury": 1, "fatal": 0, "pedestrian": 0, "bicycle": 1, "density": 0.2, "year_range": "2010-2024"}}, {"type": "Feature", "geometry": {"type": "Point", "coordinates": [-94.0, 29.985586]}, "properties": {"crashes": 1, "injury": 1, "fatal": 0, "pedestrian": 0, "bicycle": 1, "density": 0.2, "year_range": "2010-2024"}}, {"type": "Feature", "geometry": {"type": "Point", "coordinates": [-95.54955, 33.661261]}, "properties": {"crashes": 1, "injury": 0, "fatal": 0, "pedestrian": 0, "bicycle": 1, "density": 0.2, "year_range": "2010-2024"}}, {"type": "Feature", "geometry": {"type": "Point", "coordinates": [-95.113514, 29.502703]}, "properties": {"crashes": 1, "injury": 1, "fatal": 0, "pedestrian": 0, "bicycle": 1, "density": 0.2, "year_range": "2010-2024"}}, {"type": "Feature", "geometry": {"type": "Point", "coordinates": [-98.517117, 33.927928]}, "properties": {"crashes": 1, "injury": 0, "fatal": 0, "pedestrian": 0, "bicycle": 1, "density": 0.2, "year_range": "2010-2024"}}, {"type": "Feature", "geometry": {"type": "Point", "coordinates": [-96.994595, 32.744144]}, "properties": {"crashes": 1, "injury": 1, "fatal": 0, "pedestrian": 0, "bicycle": 1, "density": 0.2, "year_range": "2010-2024"}}, {"type": "Feature", "geometry": {"type": "Point", "coordinates": [-96.313514, 30.610811]}, "properties": {"crashes": 2, "injury": 1, "fatal": 0, "pedestrian": 0, "bicycle": 2, "density": 0.5, "year_range": "2010-2024"}}, {"type": "Feature", "geometry": {"type": "Point", "coordinates": [-95.205405, 29.605405]}, "properties": {"crashes": 1, "injury": 1, "fatal": 0, "pedestrian": 0, "bicycle": 1, "density": 0.2, "year_range": "2010-2024"}}, {"type": "Feature", "geometry": {"type": "Point", "coordinates": [-94.828829, 29.273874]}, "properties": {"crashes": 2, "injury": 1, "fatal": 0, "pedestrian": 0, "bicycle": 2, "density": 0.5, "year_range": "2010-2024"}}, {"type": "Feature", "geometry": {"type": "Point", "coordinates": [-96.940541, 29.455856]}, "properties": {"crashes": 1, "injury": 1, "fatal": 1, "pedestrian": 0, "bicycle": 1, "density": 0.2, "year_range": "2010-2024"}}, {"type": "Feature", "geometry": {"type": "Point", "coordinates": [-95.091892, 29.504505]}, "properties": {"crashes": 2, "injury": 2, "fatal": 0, "pedestrian": 0, "bicycle": 2, "density": 0.5, "year_range": "2010-2024"}}, {"type": "Feature", "geometry": {"type": "Point", "coordinates": [-96.336937, 30.605405]}, "properties": {"crashes": 2, "injury": 2, "fatal": 0, "pedestrian": 0, "bicycle": 2, "density": 0.5, "year_range": "2010-2024"}}, {"type": "Feature", "geometry": {"type": "Point", "coordinates": [-98.369369, 29.545946]}, "properties": {"crashes": 2, "injury": 2, "fatal": 0, "pedestrian": 0, "bicycle": 2, "density": 0.5, "year_range": "2010-2024"}}, {"type": "Feature", "geometry": {"type": "Point", "coordinates": [-96.781982, 32.828829]}, "properties": {"crashes": 1, "injury": 1, "fatal": 0, "pedestrian": 0, "bicycle": 1, "density": 0.2, "year_range": "2010-2024"}}, {"type": "Feature", "geometry": {"type": "Point", "coordinates": [-97.362162, 31.088288]}, "properties": {"crashes": 2, "injury": 2, "fatal": 0, "pedestrian": 0, "bicycle": 2, "density": 0.5, "year_range": "2010-2024"}}, {"type": "Feature", "geometry": {"type": "Point", "coordinates": [-97.715315, 31.425225]}, "properties": {"crashes": 1, "injury": 1, "fatal": 0, "pedestrian": 0, "bicycle": 1, "density": 0.2, "year_range": "2010-2024"}}, {"type": "Feature", "geometry": {"type": "Point", "coordinates": [-98.183784, 29.657658]}, "properties": {"crashes": 1, "injury": 1, "fatal": 0, "pedestrian": 0, "bicycle": 1, "density": 0.2, "year_range": "2010-2024"}}, {"type": "Feature", "geometry": {"type": "Point", "coordinates": [-97.747748, 31.108108]}, "properties": {"crashes": 1, "injury": 1, "fatal": 0, "pedestrian": 0, "bicycle": 1, "density": 0.2, "year_range": "2010-2024"}}, {"type": "Feature", "geometry": {"type": "Point", "coordinates": [-97.154955, 33.228829]}, "properties": {"crashes": 2, "injury": 1, "fatal": 0, "pedestrian": 0, "bicycle": 2, "density": 0.5, "year_range": "2010-2024"}}, {"type": "Feature", "geometry": {"type": "Point", "coordinates": [-97.981982, 26.158559]}, "properties": {"crashes": 1, "injury": 1, "fatal": 0, "pedestrian": 0, "bicycle": 1, "density": 0.2, "year_range": "2010-2024"}}, {"type": "Feature", "geometry": {"type": "Point", "coordinates": [-98.565766, 34.063063]}, "properties": {"crashes": 1, "injury": 1, "fatal": 0, "pedestrian": 0, "bicycle": 1, "density": 0.2, "year_range": "2010-2024"}}, {"type": "Feature", "geometry": {"type": "Point", "coordinates": [-94.936937, 29.342342]}, "properties": {"crashes": 1, "injury": 1, "fatal": 0, "pedestrian": 0, "bicycle": 1, "density": 0.2, "year_range": "2010-2024"}}, {"type": "Feature", "geometry": {"type": "Point", "coordinates": [-96.83964, 32.589189]}, "properties": {"crashes": 2, "injury": 2, "fatal": 0, "pedestrian": 0, "bicycle": 2, "density": 0.5, "year_range": "2010-2024"}}, {"type": "Feature", "geometry": {"type": "Point", "coordinates": [-97.792793, 26.167568]}, "properties": {"crashes": 1, "injury": 0, "fatal": 0, "pedestrian": 0, "bicycle": 1, "density": 0.2, "year_range": "2010-2024"}}, {"type": "Feature", "geometry": {"type": "Point", "coordinates": [-96.994595, 32.704505]}, "properties": {"crashes": 1, "injury": 1, "fatal": 0, "pedestrian": 0, "bicycle": 1, "density": 0.2, "year_range": "2010-2024"}}, {"type": "Feature", "geometry": {"type": "Point", "coordinates": [-97.722523, 33.828829]}, "properties": {"crashes": 1, "injury": 1, "fatal": 0, "pedestrian": 0, "bicycle": 1, "density": 0.2, "year_range": "2010-2024"}}, {"type": "Feature", "geometry": {"type": "Point", "coordinates": [-98.151351, 26.299099]}, "properties": {"crashes": 1, "injury": 1, "fatal": 0, "pedestrian": 0, "bicycle": 1, "density": 0.2, "year_range": "2010-2024"}}, {"type": "Feature", "geometry": {"type": "Point", "coordinates": [-98.574775, 29.407207]}, "properties": {"crashes": 1, "injury": 1, "fatal": 0, "pedestrian": 0, "bicycle": 1, "density": 0.2, "year_range": "2010-2024"}}, {"type": "Feature", "geometry": {"type": "Point", "coordinates": [-98.183784, 26.2]}, "properties": {"crashes": 1, "injury": 1, "fatal": 0, "pedestrian": 0, "bicycle": 1, "density": 0.2, "year_range": "2010-2024"}}, {"type": "Feature", "geometry": {"type": "Point", "coordinates": [-97.068468, 27.827027]}, "properties": {"crashes": 1, "injury": 1, "fatal": 0, "pedestrian": 0, "bicycle": 1, "density": 0.2, "year_range": "2010-2024"}}, {"type": "Feature", "geometry": {"type": "Point", "coordinates": [-95.340541, 30.933333]}, "properties": {"crashes": 1, "injury": 1, "fatal": 0, "pedestrian": 0, "bicycle": 1, "density": 0.2, "year_range": "2010-2024"}}, {"type": "Feature", "geometry": {"type": "Point", "coordinates": [-94.735135, 32.500901]}, "properties": {"crashes": 1, "injury": 1, "fatal": 0, "pedestrian": 0, "bicycle": 1, "density": 0.2, "year_range": "2010-2024"}}, {"type": "Feature", "geometry": {"type": "Point", "coordinates": [-97.756757, 30.320721]}, "properties": {"crashes": 1, "injury": 1, "fatal": 0, "pedestrian": 0, "bicycle": 1, "density": 0.2, "year_range": "2010-2024"}}, {"type": "Feature", "geometry": {"type": "Point", "coordinates": [-97.436036, 32.706306]}, "properties": {"crashes": 1, "injury": 1, "fatal": 0, "pedestrian": 0, "bicycle": 1, "density": 0.2, "year_range": "2010-2024"}}, {"type": "Feature", "geometry": {"type": "Point", "coordinates": [-97.792793, 30.261261]}, "properties": {"crashes": 1, "injury": 1, "fatal": 0, "pedestrian": 0, "bicycle": 1, "density": 0.2, "year_range": "2010-2024"}}, {"type": "Feature", "geometry": {"type": "Point", "coordinates": [-98.142342, 29.12973]}, "properties": {"crashes": 1, "injury": 0, "fatal": 0, "pedestrian": 0, "bicycle": 1, "density": 0.2, "year_range": "2010-2024"}}, {"type": "Feature", "geometry": {"type": "Point", "coordinates": [-97.789189, 30.230631]}, "properties": {"crashes": 1, "injury": 1, "fatal": 0, "pedestrian": 0, "bicycle": 1, "density": 0.2, "year_range": "2010-2024"}}, {"type": "Feature", "geometry": {"type": "Point", "coordinates": [-95.181982, 29.405405]}, "properties": {"crashes": 1, "injury": 0, "fatal": 0, "pedestrian": 0, "bicycle": 1, "density": 0.2, "year_range": "2010-2024"}}, {"type": "Feature", "geometry": {"type": "Point", "coordinates": [-97.405405, 31.436036]}, "properties": {"crashes": 1, "injury": 1, "fatal": 0, "pedestrian": 0, "bicycle": 1, "density": 0.2, "year_range": "2010-2024"}}, {"type": "Feature", "geometry": {"type": "Point", "coordinates": [-100.902703, 29.374775]}, "properties": {"crashes": 1, "injury": 1, "fatal": 0, "pedestrian": 0, "bicycle": 1, "density": 0.2, "year_range": "2010-2024"}}, {"type": "Feature", "geometry": {"type": "Point", "coordinates": [-104.832432, 31.036036]}, "properties": {"crashes": 1, "injury": 1, "fatal": 1, "pedestrian": 0, "bicycle": 1, "density": 0.2, "year_range": "2010-2024"}}, {"type": "Feature", "geometry": {"type": "Point", "coordinates": [-96.106306, 33.145946]}, "properties": {"crashes": 1, "injury": 0, "fatal": 0, "pedestrian": 0, "bicycle": 1, "density": 0.2, "year_range": "2010-2024"}}, {"type": "Feature", "geometry": {"type": "Point", "coordinates": [-106.327928, 31.798198]}, "properties": {"crashes": 1, "injury": 1, "fatal": 0, "pedestrian": 0, "bicycle": 1, "density": 0.2, "year_range": "2010-2024"}}, {"type": "Feature", "geometry": {"type": "Point", "coordinates": [-99.706306, 32.473874]}, "properties": {"crashes": 1, "injury": 1, "fatal": 0, "pedestrian": 0, "bicycle": 1, "density": 0.2, "year_range": "2010-2024"}}, {"type": "Feature", "geometry": {"type": "Point", "coordinates": [-96.866667, 32.855856]}, "properties": {"crashes": 1, "injury": 1, "fatal": 0, "pedestrian": 0, "bicycle": 1, "density": 0.2, "year_range": "2010-2024"}}, {"type": "Feature", "geometry": {"type": "Point", "coordinates": [-93.837838, 31.347748]}, "properties": {"crashes": 1, "injury": 1, "fatal": 0, "pedestrian": 0, "bicycle": 1, "density": 0.2, "year_range": "2010-2024"}}, {"type": "Feature", "geometry": {"type": "Point", "coordinates": [-95.295495, 30.001802]}, "properties": {"crashes": 1, "injury": 1, "fatal": 0, "pedestrian": 0, "bicycle": 1, "density": 0.2, "year_range": "2010-2024"}}, {"type": "Feature", "geometry": {"type": "Point", "coordinates": [-94.154955, 30.068468]}, "properties": {"crashes": 1, "injury": 1, "fatal": 0, "pedestrian": 0, "bicycle": 1, "density": 0.2, "year_range": "2010-2024"}}, {"type": "Feature", "geometry": {"type": "Point", "coordinates": [-97.697297, 26.190991]}, "properties": {"crashes": 1, "injury": 1, "fatal": 0, "pedestrian": 0, "bicycle": 1, "density": 0.2, "year_range": "2010-2024"}}, {"type": "Feature", "geometry": {"type": "Point", "coordinates": [-94.774775, 29.363964]}, "properties": {"crashes": 1, "injury": 1, "fatal": 0, "pedestrian": 0, "bicycle": 1, "density": 0.2, "year_range": "2010-2024"}}, {"type": "Feature", "geometry": {"type": "Point", "coordinates": [-95.556757, 29.704505]}, "properties": {"crashes": 1, "injury": 1, "fatal": 0, "pedestrian": 0, "bicycle": 1, "density": 0.2, "year_range": "2010-2024"}}, {"type": "Feature", "geometry": {"type": "Point", "coordinates": [-97.318919, 30.16036]}, "properties": {"crashes": 1, "injury": 1, "fatal": 1, "pedestrian": 0, "bicycle": 1, "density": 0.2, "year_range": "2010-2024"}}, {"type": "Feature", "geometry": {"type": "Point", "coordinates": [-94.654054, 31.609009]}, "properties": {"crashes": 1, "injury": 1, "fatal": 0, "pedestrian": 0, "bicycle": 1, "density": 0.2, "year_range": "2010-2024"}}, {"type": "Feature", "geometry": {"type": "Point", "coordinates": [-101.848649, 35.163964]}, "properties": {"crashes": 1, "injury": 1, "fatal": 0, "pedestrian": 0, "bicycle": 1, "density": 0.2, "year_range": "2010-2024"}}, {"type": "Feature", "geometry": {"type": "Point", "coordinates": [-98.628829, 29.506306]}, "properties": {"crashes": 1, "injury": 1, "fatal": 0, "pedestrian": 0, "bicycle": 1, "density": 0.2, "year_range": "2010-2024"}}, {"type": "Feature", "geometry": {"type": "Point", "coordinates": [-94.756757, 31.365766]}, "properties": {"crashes": 1, "injury": 1, "fatal": 0, "pedestrian": 0, "bicycle": 1, "density": 0.2, "year_range": "2010-2024"}}, {"type": "Feature", "geometry": {"type": "Point", "coordinates": [-96.673874, 32.859459]}, "properties": {"crashes": 1, "injury": 1, "fatal": 0, "pedestrian": 0, "bicycle": 1, "density": 0.2, "year_range": "2010-2024"}}, {"type": "Feature", "geometry": {"type": "Point", "coordinates": [-97.207207, 33.261261]}, "properties": {"crashes": 1, "injury": 1, "fatal": 0, "pedestrian": 0, "bicycle": 1, "density": 0.2, "year_range": "2010-2024"}}, {"type": "Feature", "geometry": {"type": "Point", "coordinates": [-95.572973, 29.940541]}, "properties": {"crashes": 2, "injury": 1, "fatal": 0, "pedestrian": 0, "bicycle": 2, "density": 0.5, "year_range": "2010-2024"}}, {"type": "Feature", "geometry": {"type": "Point", "coordinates": [-97.809009, 30.281081]}, "properties": {"crashes": 1, "injury": 0, "fatal": 0, "pedestrian": 0, "bicycle": 1, "density": 0.2, "year_range": "2010-2024"}}, {"type": "Feature", "geometry": {"type": "Point", "coordinates": [-95.45045, 29.897297]}, "properties": {"crashes": 1, "injury": 1, "fatal": 0, "pedestrian": 0, "bicycle": 1, "density": 0.2, "year_range": "2010-2024"}}, {"type": "Feature", "geometry": {"type": "Point", "coordinates": [-101.855856, 33.578378]}, "properties": {"crashes": 1, "injury": 1, "fatal": 0, "pedestrian": 0, "bicycle": 1, "density": 0.2, "year_range": "2010-2024"}}, {"type": "Feature", "geometry": {"type": "Point", "coordinates": [-95.194595, 29.544144]}, "properties": {"crashes": 1, "injury": 1, "fatal": 0, "pedestrian": 0, "bicycle": 1, "density": 0.2, "year_range": "2010-2024"}}, {"type": "Feature", "geometry": {"type": "Point", "coordinates": [-97.347748, 32.632432]}, "properties": {"crashes": 1, "injury": 1, "fatal": 0, "pedestrian": 0, "bicycle": 1, "density": 0.2, "year_range": "2010-2024"}}, {"type": "Feature", "geometry": {"type": "Point", "coordinates": [-95.94955, 30.061261]}, "properties": {"crashes": 1, "injury": 1, "fatal": 0, "pedestrian": 0, "bicycle": 1, "density": 0.2, "year_range": "2010-2024"}}, {"type": "Feature", "geometry": {"type": "Point", "coordinates": [-98.675676, 29.569369]}, "properties": {"crashes": 1, "injury": 1, "fatal": 0, "pedestrian": 0, "bicycle": 1, "density": 0.2, "year_range": "2010-2024"}}, {"type": "Feature", "geometry": {"type": "Point", "coordinates": [-97.684685, 30.632432]}, "properties": {"crashes": 1, "injury": 1, "fatal": 0, "pedestrian": 0, "bicycle": 1, "density": 0.2, "year_range": "2010-2024"}}, {"type": "Feature", "geometry": {"type": "Point", "coordinates": [-97.900901, 26.084685]}, "properties": {"crashes": 1, "injury": 1, "fatal": 0, "pedestrian": 0, "bicycle": 1, "density": 0.2, "year_range": "2010-2024"}}, {"type": "Feature", "geometry": {"type": "Point", "coordinates": [-96.996396, 28.805405]}, "properties": {"crashes": 1, "injury": 1, "fatal": 0, "pedestrian": 0, "bicycle": 1, "density": 0.2, "year_range": "2010-2024"}}, {"type": "Feature", "geometry": {"type": "Point", "coordinates": [-98.140541, 26.205405]}, "properties": {"crashes": 1, "injury": 0, "fatal": 0, "pedestrian": 0, "bicycle": 1, "density": 0.2, "year_range": "2010-2024"}}, {"type": "Feature", "geometry": {"type": "Point", "coordinates": [-97.41982, 27.787387]}, "properties": {"crashes": 1, "injury": 0, "fatal": 0, "pedestrian": 0, "bicycle": 1, "density": 0.2, "year_range": "2010-2024"}}, {"type": "Feature", "geometry": {"type": "Point", "coordinates": [-101.855856, 33.574775]}, "properties": {"crashes": 1, "injury": 1, "fatal": 0, "pedestrian": 0, "bicycle": 1, "density": 0.2, "year_range": "2010-2024"}}, {"type": "Feature", "geometry": {"type": "Point", "coordinates": [-95.29009, 29.679279]}, "properties": {"crashes": 1, "injury": 1, "fatal": 0, "pedestrian": 0, "bicycle": 1, "density": 0.2, "year_range": "2010-2024"}}, {"type": "Feature", "geometry": {"type": "Point", "coordinates": [-97.203604, 31.477477]}, "properties": {"crashes": 1, "injury": 1, "fatal": 0, "pedestrian": 0, "bicycle": 1, "density": 0.2, "year_range": "2010-2024"}}, {"type": "Feature", "geometry": {"type": "Point", "coordinates": [-96.81982, 32.531532]}, "properties": {"crashes": 1, "injury": 0, "fatal": 0, "pedestrian": 0, "bicycle": 1, "density": 0.2, "year_range": "2010-2024"}}, {"type": "Feature", "geometry": {"type": "Point", "coordinates": [-94.108108, 33.416216]}, "properties": {"crashes": 1, "injury": 1, "fatal": 0, "pedestrian": 0, "bicycle": 1, "density": 0.2, "year_range": "2010-2024"}}, {"type": "Feature", "geometry": {"type": "Point", "coordinates": [-98.189189, 29.12973]}, "properties": {"crashes": 1, "injury": 1, "fatal": 0, "pedestrian": 0, "bicycle": 1, "density": 0.2, "year_range": "2010-2024"}}, {"type": "Feature", "geometry": {"type": "Point", "coordinates": [-95.371171, 29.798198]}, "properties": {"crashes": 1, "injury": 1, "fatal": 0, "pedestrian": 0, "bicycle": 1, "density": 0.2, "year_range": "2010-2024"}}, {"type": "Feature", "geometry": {"type": "Point", "coordinates": [-96.823423, 32.769369]}, "properties": {"crashes": 1, "injury": 1, "fatal": 0, "pedestrian": 0, "bicycle": 1, "density": 0.2, "year_range": "2010-2024"}}, {"type": "Feature", "geometry": {"type": "Point", "coordinates": [-97.699099, 26.190991]}, "properties": {"crashes": 1, "injury": 1, "fatal": 0, "pedestrian": 0, "bicycle": 1, "density": 0.2, "year_range": "2010-2024"}}, {"type": "Feature", "geometry": {"type": "Point", "coordinates": [-97.077477, 32.882883]}, "properties": {"crashes": 1, "injury": 1, "fatal": 0, "pedestrian": 0, "bicycle": 1, "density": 0.2, "year_range": "2010-2024"}}, {"type": "Feature", "geometry": {"type": "Point", "coordinates": [-97.018018, 33.043243]}, "properties": {"crashes": 1, "injury": 1, "fatal": 0, "pedestrian": 0, "bicycle": 1, "density": 0.2, "year_range": "2010-2024"}}, {"type": "Feature", "geometry": {"type": "Point", "coordinates": [-96.459459, 32.927928]}, "properties": {"crashes": 1, "injury": 0, "fatal": 0, "pedestrian": 0, "bicycle": 1, "density": 0.2, "year_range": "2010-2024"}}, {"type": "Feature", "geometry": {"type": "Point", "coordinates": [-98.540541, 29.347748]}, "properties": {"crashes": 1, "injury": 1, "fatal": 0, "pedestrian": 0, "bicycle": 1, "density": 0.2, "year_range": "2010-2024"}}, {"type": "Feature", "geometry": {"type": "Point", "coordinates": [-98.713514, 29.787387]}, "properties": {"crashes": 1, "injury": 1, "fatal": 0, "pedestrian": 0, "bicycle": 1, "density": 0.2, "year_range": "2010-2024"}}, {"type": "Feature", "geometry": {"type": "Point", "coordinates": [-97.751351, 30.389189]}, "properties": {"crashes": 1, "injury": 1, "fatal": 0, "pedestrian": 0, "bicycle": 1, "density": 0.2, "year_range": "2010-2024"}}, {"type": "Feature", "geometry": {"type": "Point", "coordinates": [-95.969369, 28.983784]}, "properties": {"crashes": 1, "injury": 1, "fatal": 0, "pedestrian": 0, "bicycle": 1, "density": 0.2, "year_range": "2010-2024"}}, {"type": "Feature", "geometry": {"type": "Point", "coordinates": [-102.205405, 33.836036]}, "properties": {"crashes": 1, "injury": 1, "fatal": 1, "pedestrian": 0, "bicycle": 1, "density": 0.2, "year_range": "2010-2024"}}, {"type": "Feature", "geometry": {"type": "Point", "coordinates": [-94.396396, 29.81982]}, "properties": {"crashes": 1, "injury": 1, "fatal": 0, "pedestrian": 0, "bicycle": 1, "density": 0.2, "year_range": "2010-2024"}}, {"type": "Feature", "geometry": {"type": "Point", "coordinates": [-98.344144, 26.291892]}, "properties": {"crashes": 1, "injury": 1, "fatal": 0, "pedestrian": 0, "bicycle": 1, "density": 0.2, "year_range": "2010-2024"}}, {"type": "Feature", "geometry": {"type": "Point", "coordinates": [-99.144144, 30.03964]}, "properties": {"crashes": 1, "injury": 1, "fatal": 0, "pedestrian": 0, "bicycle": 1, "density": 0.2, "year_range": "2010-2024"}}, {"type": "Feature", "geometry": {"type": "Point", "coordinates": [-96.210811, 28.700901]}, "properties": {"crashes": 1, "injury": 1, "fatal": 0, "pedestrian": 0, "bicycle": 1, "density": 0.2, "year_range": "2010-2024"}}, {"type": "Feature", "geometry": {"type": "Point", "coordinates": [-98.482883, 29.49009]}, "properties": {"crashes": 2, "injury": 1, "fatal": 0, "pedestrian": 0, "bicycle": 2, "density": 0.5, "year_range": "2010-2024"}}, {"type": "Feature", "geometry": {"type": "Point", "coordinates": [-97.124324, 33.181982]}, "properties": {"crashes": 1, "injury": 1, "fatal": 0, "pedestrian": 0, "bicycle": 1, "density": 0.2, "year_range": "2010-2024"}}, {"type": "Feature", "geometry": {"type": "Point", "coordinates": [-95.32973, 29.87027]}, "properties": {"crashes": 1, "injury": 1, "fatal": 0, "pedestrian": 0, "bicycle": 1, "density": 0.2, "year_range": "2010-2024"}}, {"type": "Feature", "geometry": {"type": "Point", "coordinates": [-96.336937, 30.655856]}, "properties": {"crashes": 1, "injury": 1, "fatal": 0, "pedestrian": 0, "bicycle": 1, "density": 0.2, "year_range": "2010-2024"}}, {"type": "Feature", "geometry": {"type": "Point", "coordinates": [-95.643243, 29.668468]}, "properties": {"crashes": 1, "injury": 1, "fatal": 0, "pedestrian": 0, "bicycle": 1, "density": 0.2, "year_range": "2010-2024"}}, {"type": "Feature", "geometry": {"type": "Point", "coordinates": [-95.29009, 29.688288]}, "properties": {"crashes": 1, "injury": 1, "fatal": 0, "pedestrian": 0, "bicycle": 1, "density": 0.2, "year_range": "2010-2024"}}, {"type": "Feature", "geometry": {"type": "Point", "coordinates": [-102.383784, 31.863063]}, "properties": {"crashes": 1, "injury": 1, "fatal": 0, "pedestrian": 0, "bicycle": 1, "density": 0.2, "year_range": "2010-2024"}}, {"type": "Feature", "geometry": {"type": "Point", "coordinates": [-95.792793, 29.558559]}, "properties": {"crashes": 1, "injury": 0, "fatal": 0, "pedestrian": 0, "bicycle": 1, "density": 0.2, "year_range": "2010-2024"}}, {"type": "Feature", "geometry": {"type": "Point", "coordinates": [-98.445045, 29.515315]}, "properties": {"crashes": 1, "injury": 1, "fatal": 0, "pedestrian": 0, "bicycle": 1, "density": 0.2, "year_range": "2010-2024"}}, {"type": "Feature", "geometry": {"type": "Point", "coordinates": [-94.659459, 31.661261]}, "properties": {"crashes": 1, "injury": 1, "fatal": 0, "pedestrian": 0, "bicycle": 1, "density": 0.2, "year_range": "2010-2024"}}, {"type": "Feature", "geometry": {"type": "Point", "coordinates": [-97.300901, 32.452252]}, "properties": {"crashes": 1, "injury": 1, "fatal": 0, "pedestrian": 0, "bicycle": 1, "density": 0.2, "year_range": "2010-2024"}}, {"type": "Feature", "geometry": {"type": "Point", "coordinates": [-95.504505, 29.711712]}, "properties": {"crashes": 1, "injury": 1, "fatal": 0, "pedestrian": 0, "bicycle": 1, "density": 0.2, "year_range": "2010-2024"}}, {"type": "Feature", "geometry": {"type": "Point", "coordinates": [-97.484685, 25.904505]}, "properties": {"crashes": 1, "injury": 1, "fatal": 0, "pedestrian": 0, "bicycle": 1, "density": 0.2, "year_range": "2010-2024"}}, {"type": "Feature", "geometry": {"type": "Point", "coordinates": [-96.733333, 33.178378]}, "properties": {"crashes": 1, "injury": 1, "fatal": 0, "pedestrian": 0, "bicycle": 1, "density": 0.2, "year_range": "2010-2024"}}, {"type": "Feature", "geometry": {"type": "Point", "coordinates": [-96.218018, 28.713514]}, "properties": {"crashes": 1, "injury": 1, "fatal": 0, "pedestrian": 0, "bicycle": 1, "density": 0.2, "year_range": "2010-2024"}}, {"type": "Feature", "geometry": {"type": "Point", "coordinates": [-95.61982, 29.65045]}, "properties": {"crashes": 1, "injury": 1, "fatal": 0, "pedestrian": 0, "bicycle": 1, "density": 0.2, "year_range": "2010-2024"}}, {"type": "Feature", "geometry": {"type": "Point", "coordinates": [-94.064865, 33.45045]}, "properties": {"crashes": 1, "injury": 1, "fatal": 0, "pedestrian": 0, "bicycle": 1, "density": 0.2, "year_range": "2010-2024"}}, {"type": "Feature", "geometry": {"type": "Point", "coordinates": [-98.535135, 29.484685]}, "properties": {"crashes": 2, "injury": 1, "fatal": 0, "pedestrian": 0, "bicycle": 2, "density": 0.5, "year_range": "2010-2024"}}, {"type": "Feature", "geometry": {"type": "Point", "coordinates": [-97.589189, 31.295495]}, "properties": {"crashes": 1, "injury": 1, "fatal": 0, "pedestrian": 0, "bicycle": 1, "density": 0.2, "year_range": "2010-2024"}}, {"type": "Feature", "geometry": {"type": "Point", "coordinates": [-97.666667, 30.517117]}, "properties": {"crashes": 1, "injury": 1, "fatal": 0, "pedestrian": 0, "bicycle": 1, "density": 0.2, "year_range": "2010-2024"}}, {"type": "Feature", "geometry": {"type": "Point", "coordinates": [-98.781982, 29.517117]}, "properties": {"crashes": 1, "injury": 1, "fatal": 0, "pedestrian": 0, "bicycle": 1, "density": 0.2, "year_range": "2010-2024"}}, {"type": "Feature", "geometry": {"type": "Point", "coordinates": [-94.187387, 31.792793]}, "properties": {"crashes": 1, "injury": 0, "fatal": 0, "pedestrian": 0, "bicycle": 1, "density": 0.2, "year_range": "2010-2024"}}, {"type": "Feature", "geometry": {"type": "Point", "coordinates": [-98.455856, 29.63964]}, "properties": {"crashes": 1, "injury": 1, "fatal": 0, "pedestrian": 0, "bicycle": 1, "density": 0.2, "year_range": "2010-2024"}}, {"type": "Feature", "geometry": {"type": "Point", "coordinates": [-106.407207, 31.763964]}, "properties": {"crashes": 1, "injury": 1, "fatal": 0, "pedestrian": 0, "bicycle": 1, "density": 0.2, "year_range": "2010-2024"}}, {"type": "Feature", "geometry": {"type": "Point", "coordinates": [-96.789189, 32.686486]}, "properties": {"crashes": 1, "injury": 1, "fatal": 0, "pedestrian": 0, "bicycle": 1, "density": 0.2, "year_range": "2010-2024"}}, {"type": "Feature", "geometry": {"type": "Point", "coordinates": [-99.74955, 32.45045]}, "properties": {"crashes": 1, "injury": 1, "fatal": 0, "pedestrian": 0, "bicycle": 1, "density": 0.2, "year_range": "2010-2024"}}, {"type": "Feature", "geometry": {"type": "Point", "coordinates": [-95.342342, 29.500901]}, "properties": {"crashes": 1, "injury": 1, "fatal": 0, "pedestrian": 0, "bicycle": 1, "density": 0.2, "year_range": "2010-2024"}}, {"type": "Feature", "geometry": {"type": "Point", "coordinates": [-98.531532, 29.378378]}, "properties": {"crashes": 1, "injury": 1, "fatal": 0, "pedestrian": 0, "bicycle": 1, "density": 0.2, "year_range": "2010-2024"}}, {"type": "Feature", "geometry": {"type": "Point", "coordinates": [-97.122523, 33.192793]}, "properties": {"crashes": 1, "injury": 1, "fatal": 1, "pedestrian": 0, "bicycle": 1, "density": 0.2, "year_range": "2010-2024"}}, {"type": "Feature", "geometry": {"type": "Point", "coordinates": [-95.518919, 30.677477]}, "properties": {"crashes": 1, "injury": 1, "fatal": 0, "pedestrian": 0, "bicycle": 1, "density": 0.2, "year_range": "2010-2024"}}, {"type": "Feature", "geometry": {"type": "Point", "coordinates": [-101.962162, 32.736937]}, "properties": {"crashes": 1, "injury": 0, "fatal": 0, "pedestrian": 0, "bicycle": 1, "density": 0.2, "year_range": "2010-2024"}}, {"type": "Feature", "geometry": {"type": "Point", "coordinates": [-101.866667, 35.169369]}, "properties": {"crashes": 1, "injury": 1, "fatal": 0, "pedestrian": 0, "bicycle": 1, "density": 0.2, "year_range": "2010-2024"}}, {"type": "Feature", "geometry": {"type": "Point", "coordinates": [-101.893694, 35.190991]}, "properties": {"crashes": 1, "injury": 1, "fatal": 0, "pedestrian": 0, "bicycle": 1, "density": 0.2, "year_range": "2010-2024"}}, {"type": "Feature", "geometry": {"type": "Point", "coordinates": [-96.612613, 32.832432]}, "properties": {"crashes": 1, "injury": 1, "fatal": 0, "pedestrian": 0, "bicycle": 1, "density": 0.2, "year_range": "2010-2024"}}, {"type": "Feature", "geometry": {"type": "Point", "coordinates": [-97.133333, 33.207207]}, "properties": {"crashes": 4, "injury": 4, "fatal": 0, "pedestrian": 0, "bicycle": 4, "density": 1.0, "year_range": "2010-2024"}}, {"type": "Feature", "geometry": {"type": "Point", "coordinates": [-96.747748, 32.790991]}, "properties": {"crashes": 1, "injury": 1, "fatal": 0, "pedestrian": 0, "bicycle": 1, "density": 0.2, "year_range": "2010-2024"}}, {"type": "Feature", "geometry": {"type": "Point", "coordinates": [-95.081081, 29.446847]}, "properties": {"crashes": 1, "injury": 1, "fatal": 0, "pedestrian": 0, "bicycle": 1, "density": 0.2, "year_range": "2010-2024"}}, {"type": "Feature", "geometry": {"type": "Point", "coordinates": [-97.810811, 30.493694]}, "properties": {"crashes": 1, "injury": 1, "fatal": 1, "pedestrian": 0, "bicycle": 1, "density": 0.2, "year_range": "2010-2024"}}, {"type": "Feature", "geometry": {"type": "Point", "coordinates": [-106.581982, 31.938739]}, "properties": {"crashes": 1, "injury": 1, "fatal": 0, "pedestrian": 0, "bicycle": 1, "density": 0.2, "year_range": "2010-2024"}}, {"type": "Feature", "geometry": {"type": "Point", "coordinates": [-106.6, 31.998198]}, "properties": {"crashes": 1, "injury": 1, "fatal": 0, "pedestrian": 0, "bicycle": 1, "density": 0.2, "year_range": "2010-2024"}}, {"type": "Feature", "geometry": {"type": "Point", "coordinates": [-99.014414, 26.403604]}, "properties": {"crashes": 1, "injury": 0, "fatal": 0, "pedestrian": 0, "bicycle": 1, "density": 0.2, "year_range": "2010-2024"}}, {"type": "Feature", "geometry": {"type": "Point", "coordinates": [-97.981982, 26.172973]}, "properties": {"crashes": 1, "injury": 1, "fatal": 0, "pedestrian": 0, "bicycle": 1, "density": 0.2, "year_range": "2010-2024"}}, {"type": "Feature", "geometry": {"type": "Point", "coordinates": [-95.018018, 33.120721]}, "properties": {"crashes": 1, "injury": 1, "fatal": 0, "pedestrian": 0, "bicycle": 1, "density": 0.2, "year_range": "2010-2024"}}, {"type": "Feature", "geometry": {"type": "Point", "coordinates": [-98.603604, 29.481081]}, "properties": {"crashes": 1, "injury": 1, "fatal": 0, "pedestrian": 0, "bicycle": 1, "density": 0.2, "year_range": "2010-2024"}}, {"type": "Feature", "geometry": {"type": "Point", "coordinates": [-97.927928, 30.398198]}, "properties": {"crashes": 1, "injury": 1, "fatal": 0, "pedestrian": 0, "bicycle": 1, "density": 0.2, "year_range": "2010-2024"}}, {"type": "Feature", "geometry": {"type": "Point", "coordinates": [-96.733333, 33.218018]}, "properties": {"crashes": 1, "injury": 1, "fatal": 0, "pedestrian": 0, "bicycle": 1, "density": 0.2, "year_range": "2010-2024"}}, {"type": "Feature", "geometry": {"type": "Point", "coordinates": [-98.405405, 29.423423]}, "properties": {"crashes": 2, "injury": 1, "fatal": 0, "pedestrian": 0, "bicycle": 2, "density": 0.5, "year_range": "2010-2024"}}, {"type": "Feature", "geometry": {"type": "Point", "coordinates": [-97.043243, 33.12973]}, "properties": {"crashes": 1, "injury": 1, "fatal": 0, "pedestrian": 0, "bicycle": 1, "density": 0.2, "year_range": "2010-2024"}}, {"type": "Feature", "geometry": {"type": "Point", "coordinates": [-106.311712, 31.70991]}, "properties": {"crashes": 1, "injury": 0, "fatal": 0, "pedestrian": 0, "bicycle": 1, "density": 0.2, "year_range": "2010-2024"}}, {"type": "Feature", "geometry": {"type": "Point", "coordinates": [-97.98018, 29.585586]}, "properties": {"crashes": 1, "injury": 1, "fatal": 0, "pedestrian": 0, "bicycle": 1, "density": 0.2, "year_range": "2010-2024"}}, {"type": "Feature", "geometry": {"type": "Point", "coordinates": [-97.834234, 30.297297]}, "properties": {"crashes": 1, "injury": 1, "fatal": 0, "pedestrian": 0, "bicycle": 1, "density": 0.2, "year_range": "2010-2024"}}, {"type": "Feature", "geometry": {"type": "Point", "coordinates": [-98.567568, 29.511712]}, "properties": {"crashes": 1, "injury": 1, "fatal": 0, "pedestrian": 0, "bicycle": 1, "density": 0.2, "year_range": "2010-2024"}}, {"type": "Feature", "geometry": {"type": "Point", "coordinates": [-98.589189, 29.592793]}, "properties": {"crashes": 1, "injury": 0, "fatal": 0, "pedestrian": 0, "bicycle": 1, "density": 0.2, "year_range": "2010-2024"}}, {"type": "Feature", "geometry": {"type": "Point", "coordinates": [-96.317117, 30.614414]}, "properties": {"crashes": 2, "injury": 2, "fatal": 0, "pedestrian": 0, "bicycle": 2, "density": 0.5, "year_range": "2010-2024"}}, {"type": "Feature", "geometry": {"type": "Point", "coordinates": [-101.830631, 35.237838]}, "properties": {"crashes": 1, "injury": 1, "fatal": 0, "pedestrian": 0, "bicycle": 1, "density": 0.2, "year_range": "2010-2024"}}, {"type": "Feature", "geometry": {"type": "Point", "coordinates": [-95.29009, 29.682883]}, "properties": {"crashes": 1, "injury": 1, "fatal": 0, "pedestrian": 0, "bicycle": 1, "density": 0.2, "year_range": "2010-2024"}}, {"type": "Feature", "geometry": {"type": "Point", "coordinates": [-98.055856, 27.756757]}, "properties": {"crashes": 1, "injury": 1, "fatal": 0, "pedestrian": 0, "bicycle": 1, "density": 0.2, "year_range": "2010-2024"}}, {"type": "Feature", "geometry": {"type": "Point", "coordinates": [-97.522523, 32.825225]}, "properties": {"crashes": 1, "injury": 1, "fatal": 0, "pedestrian": 0, "bicycle": 1, "density": 0.2, "year_range": "2010-2024"}}, {"type": "Feature", "geometry": {"type": "Point", "coordinates": [-96.682883, 32.735135]}, "properties": {"crashes": 1, "injury": 1, "fatal": 1, "pedestrian": 0, "bicycle": 1, "density": 0.2, "year_range": "2010-2024"}}, {"type": "Feature", "geometry": {"type": "Point", "coordinates": [-97.702703, 30.356757]}, "properties": {"crashes": 1, "injury": 1, "fatal": 0, "pedestrian": 0, "bicycle": 1, "density": 0.2, "year_range": "2010-2024"}}, {"type": "Feature", "geometry": {"type": "Point", "coordinates": [-99.47027, 27.52973]}, "properties": {"crashes": 1, "injury": 1, "fatal": 0, "pedestrian": 0, "bicycle": 1, "density": 0.2, "year_range": "2010-2024"}}, {"type": "Feature", "geometry": {"type": "Point", "coordinates": [-96.931532, 32.810811]}, "properties": {"crashes": 1, "injury": 1, "fatal": 0, "pedestrian": 0, "bicycle": 1, "density": 0.2, "year_range": "2010-2024"}}, {"type": "Feature", "geometry": {"type": "Point", "coordinates": [-98.048649, 27.762162]}, "properties": {"crashes": 1, "injury": 1, "fatal": 0, "pedestrian": 0, "bicycle": 1, "density": 0.2, "year_range": "2010-2024"}}, {"type": "Feature", "geometry": {"type": "Point", "coordinates": [-94.837838, 30.288288]}, "properties": {"crashes": 1, "injury": 1, "fatal": 0, "pedestrian": 0, "bicycle": 1, "density": 0.2, "year_range": "2010-2024"}}, {"type": "Feature", "geometry": {"type": "Point", "coordinates": [-106.358559, 31.726126]}, "properties": {"crashes": 1, "injury": 1, "fatal": 1, "pedestrian": 0, "bicycle": 1, "density": 0.2, "year_range": "2010-2024"}}, {"type": "Feature", "geometry": {"type": "Point", "coordinates": [-97.437838, 27.785586]}, "properties": {"crashes": 1, "injury": 1, "fatal": 0, "pedestrian": 0, "bicycle": 1, "density": 0.2, "year_range": "2010-2024"}}, {"type": "Feature", "geometry": {"type": "Point", "coordinates": [-97.753153, 30.266667]}, "properties": {"crashes": 1, "injury": 1, "fatal": 0, "pedestrian": 0, "bicycle": 1, "density": 0.2, "year_range": "2010-2024"}}, {"type": "Feature", "geometry": {"type": "Point", "coordinates": [-95.522523, 30.744144]}, "properties": {"crashes": 1, "injury": 1, "fatal": 0, "pedestrian": 0, "bicycle": 1, "density": 0.2, "year_range": "2010-2024"}}, {"type": "Feature", "geometry": {"type": "Point", "coordinates": [-98.201802, 26.306306]}, "properties": {"crashes": 2, "injury": 1, "fatal": 0, "pedestrian": 0, "bicycle": 2, "density": 0.5, "year_range": "2010-2024"}}, {"type": "Feature", "geometry": {"type": "Point", "coordinates": [-100.441441, 31.43964]}, "properties": {"crashes": 1, "injury": 1, "fatal": 0, "pedestrian": 0, "bicycle": 1, "density": 0.2, "year_range": "2010-2024"}}, {"type": "Feature", "geometry": {"type": "Point", "coordinates": [-97.572973, 32.598198]}, "properties": {"crashes": 1, "injury": 1, "fatal": 0, "pedestrian": 0, "bicycle": 1, "density": 0.2, "year_range": "2010-2024"}}, {"type": "Feature", "geometry": {"type": "Point", "coordinates": [-101.900901, 33.578378]}, "properties": {"crashes": 1, "injury": 1, "fatal": 0, "pedestrian": 0, "bicycle": 1, "density": 0.2, "year_range": "2010-2024"}}, {"type": "Feature", "geometry": {"type": "Point", "coordinates": [-95.583784, 31.621622]}, "properties": {"crashes": 1, "injury": 1, "fatal": 0, "pedestrian": 0, "bicycle": 1, "density": 0.2, "year_range": "2010-2024"}}, {"type": "Feature", "geometry": {"type": "Point", "coordinates": [-98.535135, 33.857658]}, "properties": {"crashes": 1, "injury": 1, "fatal": 0, "pedestrian": 0, "bicycle": 1, "density": 0.2, "year_range": "2010-2024"}}, {"type": "Feature", "geometry": {"type": "Point", "coordinates": [-94.118919, 33.407207]}, "properties": {"crashes": 1, "injury": 0, "fatal": 0, "pedestrian": 0, "bicycle": 1, "density": 0.2, "year_range": "2010-2024"}}, {"type": "Feature", "geometry": {"type": "Point", "coordinates": [-97.742342, 30.263063]}, "properties": {"crashes": 1, "injury": 1, "fatal": 0, "pedestrian": 0, "bicycle": 1, "density": 0.2, "year_range": "2010-2024"}}, {"type": "Feature", "geometry": {"type": "Point", "coordinates": [-96.535135, 31.520721]}, "properties": {"crashes": 1, "injury": 1, "fatal": 0, "pedestrian": 0, "bicycle": 1, "density": 0.2, "year_range": "2010-2024"}}, {"type": "Feature", "geometry": {"type": "Point", "coordinates": [-98.556757, 33.888288]}, "properties": {"crashes": 1, "injury": 1, "fatal": 0, "pedestrian": 0, "bicycle": 1, "density": 0.2, "year_range": "2010-2024"}}, {"type": "Feature", "geometry": {"type": "Point", "coordinates": [-97.028829, 32.740541]}, "properties": {"crashes": 1, "injury": 1, "fatal": 0, "pedestrian": 0, "bicycle": 1, "density": 0.2, "year_range": "2010-2024"}}, {"type": "Feature", "geometry": {"type": "Point", "coordinates": [-98.25045, 26.207207]}, "properties": {"crashes": 1, "injury": 1, "fatal": 0, "pedestrian": 0, "bicycle": 1, "density": 0.2, "year_range": "2010-2024"}}, {"type": "Feature", "geometry": {"type": "Point", "coordinates": [-95.209009, 29.711712]}, "properties": {"crashes": 1, "injury": 0, "fatal": 0, "pedestrian": 0, "bicycle": 1, "density": 0.2, "year_range": "2010-2024"}}, {"type": "Feature", "geometry": {"type": "Point", "coordinates": [-106.407207, 31.906306]}, "properties": {"crashes": 1, "injury": 1, "fatal": 0, "pedestrian": 0, "bicycle": 1, "density": 0.2, "year_range": "2010-2024"}}, {"type": "Feature", "geometry": {"type": "Point", "coordinates": [-97.345946, 32.745946]}, "properties": {"crashes": 1, "injury": 1, "fatal": 0, "pedestrian": 0, "bicycle": 1, "density": 0.2, "year_range": "2010-2024"}}, {"type": "Feature", "geometry": {"type": "Point", "coordinates": [-95.493694, 29.990991]}, "properties": {"crashes": 1, "injury": 1, "fatal": 0, "pedestrian": 0, "bicycle": 1, "density": 0.2, "year_range": "2010-2024"}}, {"type": "Feature", "geometry": {"type": "Point", "coordinates": [-98.715315, 29.378378]}, "properties": {"crashes": 1, "injury": 1, "fatal": 0, "pedestrian": 0, "bicycle": 1, "density": 0.2, "year_range": "2010-2024"}}, {"type": "Feature", "geometry": {"type": "Point", "coordinates": [-97.679279, 30.405405]}, "properties": {"crashes": 1, "injury": 1, "fatal": 0, "pedestrian": 0, "bicycle": 1, "density": 0.2, "year_range": "2010-2024"}}, {"type": "Feature", "geometry": {"type": "Point", "coordinates": [-97.198198, 29.971171]}, "properties": {"crashes": 1, "injury": 1, "fatal": 0, "pedestrian": 0, "bicycle": 1, "density": 0.2, "year_range": "2010-2024"}}, {"type": "Feature", "geometry": {"type": "Point", "coordinates": [-97.338739, 32.754955]}, "properties": {"crashes": 1, "injury": 0, "fatal": 0, "pedestrian": 0, "bicycle": 1, "density": 0.2, "year_range": "2010-2024"}}, {"type": "Feature", "geometry": {"type": "Point", "coordinates": [-94.832432, 29.279279]}, "properties": {"crashes": 1, "injury": 1, "fatal": 0, "pedestrian": 0, "bicycle": 1, "density": 0.2, "year_range": "2010-2024"}}, {"type": "Feature", "geometry": {"type": "Point", "coordinates": [-98.486486, 29.356757]}, "properties": {"crashes": 1, "injury": 0, "fatal": 0, "pedestrian": 0, "bicycle": 1, "density": 0.2, "year_range": "2010-2024"}}, {"type": "Feature", "geometry": {"type": "Point", "coordinates": [-96.376577, 30.684685]}, "properties": {"crashes": 1, "injury": 0, "fatal": 0, "pedestrian": 0, "bicycle": 1, "density": 0.2, "year_range": "2010-2024"}}, {"type": "Feature", "geometry": {"type": "Point", "coordinates": [-98.095495, 26.178378]}, "properties": {"crashes": 1, "injury": 0, "fatal": 0, "pedestrian": 0, "bicycle": 1, "density": 0.2, "year_range": "2010-2024"}}, {"type": "Feature", "geometry": {"type": "Point", "coordinates": [-99.497297, 27.506306]}, "properties": {"crashes": 1, "injury": 0, "fatal": 0, "pedestrian": 0, "bicycle": 1, "density": 0.2, "year_range": "2010-2024"}}, {"type": "Feature", "geometry": {"type": "Point", "coordinates": [-94.956757, 30.713514]}, "properties": {"crashes": 1, "injury": 1, "fatal": 0, "pedestrian": 0, "bicycle": 1, "density": 0.2, "year_range": "2010-2024"}}, {"type": "Feature", "geometry": {"type": "Point", "coordinates": [-97.113514, 31.590991]}, "properties": {"crashes": 1, "injury": 1, "fatal": 0, "pedestrian": 0, "bicycle": 1, "density": 0.2, "year_range": "2010-2024"}}, {"type": "Feature", "geometry": {"type": "Point", "coordinates": [-97.953153, 30.318919]}, "properties": {"crashes": 1, "injury": 1, "fatal": 0, "pedestrian": 0, "bicycle": 1, "density": 0.2, "year_range": "2010-2024"}}, {"type": "Feature", "geometry": {"type": "Point", "coordinates": [-97.412613, 30.587387]}, "properties": {"crashes": 1, "injury": 0, "fatal": 0, "pedestrian": 0, "bicycle": 1, "density": 0.2, "year_range": "2010-2024"}}, {"type": "Feature", "geometry": {"type": "Point", "coordinates": [-97.344144, 31.09009]}, "properties": {"crashes": 1, "injury": 1, "fatal": 0, "pedestrian": 0, "bicycle": 1, "density": 0.2, "year_range": "2010-2024"}}, {"type": "Feature", "geometry": {"type": "Point", "coordinates": [-97.336937, 32.745946]}, "properties": {"crashes": 1, "injury": 1, "fatal": 0, "pedestrian": 0, "bicycle": 1, "density": 0.2, "year_range": "2010-2024"}}, {"type": "Feature", "geometry": {"type": "Point", "coordinates": [-97.672072, 26.176577]}, "properties": {"crashes": 1, "injury": 1, "fatal": 0, "pedestrian": 0, "bicycle": 1, "density": 0.2, "year_range": "2010-2024"}}, {"type": "Feature", "geometry": {"type": "Point", "coordinates": [-94.695495, 31.347748]}, "properties": {"crashes": 1, "injury": 1, "fatal": 0, "pedestrian": 0, "bicycle": 1, "density": 0.2, "year_range": "2010-2024"}}, {"type": "Feature", "geometry": {"type": "Point", "coordinates": [-97.097297, 32.742342]}, "properties": {"crashes": 1, "injury": 1, "fatal": 0, "pedestrian": 0, "bicycle": 1, "density": 0.2, "year_range": "2010-2024"}}, {"type": "Feature", "geometry": {"type": "Point", "coordinates": [-95.336937, 29.708108]}, "properties": {"crashes": 1, "injury": 1, "fatal": 0, "pedestrian": 0, "bicycle": 1, "density": 0.2, "year_range": "2010-2024"}}, {"type": "Feature", "geometry": {"type": "Point", "coordinates": [-97.648649, 26.135135]}, "properties": {"crashes": 1, "injury": 0, "fatal": 0, "pedestrian": 0, "bicycle": 1, "density": 0.2, "year_range": "2010-2024"}}, {"type": "Feature", "geometry": {"type": "Point", "coordinates": [-98.668468, 29.441441]}, "properties": {"crashes": 1, "injury": 1, "fatal": 0, "pedestrian": 0, "bicycle": 1, "density": 0.2, "year_range": "2010-2024"}}, {"type": "Feature", "geometry": {"type": "Point", "coordinates": [-98.598198, 31.682883]}, "properties": {"crashes": 1, "injury": 1, "fatal": 0, "pedestrian": 0, "bicycle": 1, "density": 0.2, "year_range": "2010-2024"}}, {"type": "Feature", "geometry": {"type": "Point", "coordinates": [-98.482883, 29.354955]}, "properties": {"crashes": 1, "injury": 1, "fatal": 0, "pedestrian": 0, "bicycle": 1, "density": 0.2, "year_range": "2010-2024"}}, {"type": "Feature", "geometry": {"type": "Point", "coordinates": [-97.428829, 27.796396]}, "properties": {"crashes": 1, "injury": 1, "fatal": 0, "pedestrian": 0, "bicycle": 1, "density": 0.2, "year_range": "2010-2024"}}, {"type": "Feature", "geometry": {"type": "Point", "coordinates": [-98.142342, 29.682883]}, "properties": {"crashes": 2, "injury": 2, "fatal": 0, "pedestrian": 0, "bicycle": 2, "density": 0.5, "year_range": "2010-2024"}}, {"type": "Feature", "geometry": {"type": "Point", "coordinates": [-93.915315, 29.922523]}, "properties": {"crashes": 1, "injury": 1, "fatal": 0, "pedestrian": 0, "bicycle": 1, "density": 0.2, "year_range": "2010-2024"}}, {"type": "Feature", "geometry": {"type": "Point", "coordinates": [-97.781982, 26.481081]}, "properties": {"crashes": 1, "injury": 1, "fatal": 0, "pedestrian": 0, "bicycle": 1, "density": 0.2, "year_range": "2010-2024"}}, {"type": "Feature", "geometry": {"type": "Point", "coordinates": [-96.684685, 32.846847]}, "properties": {"crashes": 1, "injury": 1, "fatal": 0, "pedestrian": 0, "bicycle": 1, "density": 0.2, "year_range": "2010-2024"}}, {"type": "Feature", "geometry": {"type": "Point", "coordinates": [-97.347748, 32.634234]}, "properties": {"crashes": 1, "injury": 1, "fatal": 0, "pedestrian": 0, "bicycle": 1, "density": 0.2, "year_range": "2010-2024"}}, {"type": "Feature", "geometry": {"type": "Point", "coordinates": [-97.209009, 32.863063]}, "properties": {"crashes": 1, "injury": 1, "fatal": 0, "pedestrian": 0, "bicycle": 1, "density": 0.2, "year_range": "2010-2024"}}, {"type": "Feature", "geometry": {"type": "Point", "coordinates": [-102.136937, 32.032432]}, "properties": {"crashes": 1, "injury": 1, "fatal": 0, "pedestrian": 0, "bicycle": 1, "density": 0.2, "year_range": "2010-2024"}}, {"type": "Feature", "geometry": {"type": "Point", "coordinates": [-95.052252, 29.461261]}, "properties": {"crashes": 1, "injury": 0, "fatal": 0, "pedestrian": 0, "bicycle": 1, "density": 0.2, "year_range": "2010-2024"}}, {"type": "Feature", "geometry": {"type": "Point", "coordinates": [-95.075676, 29.526126]}, "properties": {"crashes": 1, "injury": 1, "fatal": 0, "pedestrian": 0, "bicycle": 1, "density": 0.2, "year_range": "2010-2024"}}, {"type": "Feature", "geometry": {"type": "Point", "coordinates": [-94.2, 30.264865]}, "properties": {"crashes": 1, "injury": 0, "fatal": 0, "pedestrian": 0, "bicycle": 1, "density": 0.2, "year_range": "2010-2024"}}, {"type": "Feature", "geometry": {"type": "Point", "coordinates": [-96.538739, 30.544144]}, "properties": {"crashes": 1, "injury": 1, "fatal": 0, "pedestrian": 0, "bicycle": 1, "density": 0.2, "year_range": "2010-2024"}}, {"type": "Feature", "geometry": {"type": "Point", "coordinates": [-98.351351, 29.499099]}, "properties": {"crashes": 1, "injury": 1, "fatal": 0, "pedestrian": 0, "bicycle": 1, "density": 0.2, "year_range": "2010-2024"}}, {"type": "Feature", "geometry": {"type": "Point", "coordinates": [-94.998198, 29.378378]}, "properties": {"crashes": 1, "injury": 1, "fatal": 1, "pedestrian": 0, "bicycle": 1, "density": 0.2, "year_range": "2010-2024"}}, {"type": "Feature", "geometry": {"type": "Point", "coordinates": [-97.133333, 33.21982]}, "properties": {"crashes": 1, "injury": 1, "fatal": 0, "pedestrian": 0, "bicycle": 1, "density": 0.2, "year_range": "2010-2024"}}, {"type": "Feature", "geometry": {"type": "Point", "coordinates": [-99.708108, 32.473874]}, "properties": {"crashes": 1, "injury": 1, "fatal": 0, "pedestrian": 0, "bicycle": 1, "density": 0.2, "year_range": "2010-2024"}}, {"type": "Feature", "geometry": {"type": "Point", "coordinates": [-98.416216, 29.502703]}, "properties": {"crashes": 1, "injury": 0, "fatal": 0, "pedestrian": 0, "bicycle": 1, "density": 0.2, "year_range": "2010-2024"}}, {"type": "Feature", "geometry": {"type": "Point", "coordinates": [-97.846847, 28.81982]}, "properties": {"crashes": 1, "injury": 1, "fatal": 0, "pedestrian": 0, "bicycle": 1, "density": 0.2, "year_range": "2010-2024"}}, {"type": "Feature", "geometry": {"type": "Point", "coordinates": [-97.645045, 30.207207]}, "properties": {"crashes": 2, "injury": 2, "fatal": 0, "pedestrian": 0, "bicycle": 2, "density": 0.5, "year_range": "2010-2024"}}, {"type": "Feature", "geometry": {"type": "Point", "coordinates": [-95.969369, 28.971171]}, "properties": {"crashes": 1, "injury": 1, "fatal": 0, "pedestrian": 0, "bicycle": 1, "density": 0.2, "year_range": "2010-2024"}}, {"type": "Feature", "geometry": {"type": "Point", "coordinates": [-97.124324, 33.192793]}, "properties": {"crashes": 1, "injury": 1, "fatal": 0, "pedestrian": 0, "bicycle": 1, "density": 0.2, "year_range": "2010-2024"}}, {"type": "Feature", "geometry": {"type": "Point", "coordinates": [-95.178378, 29.495495]}, "properties": {"crashes": 1, "injury": 1, "fatal": 0, "pedestrian": 0, "bicycle": 1, "density": 0.2, "year_range": "2010-2024"}}, {"type": "Feature", "geometry": {"type": "Point", "coordinates": [-95.300901, 32.302703]}, "properties": {"crashes": 1, "injury": 1, "fatal": 0, "pedestrian": 0, "bicycle": 1, "density": 0.2, "year_range": "2010-2024"}}, {"type": "Feature", "geometry": {"type": "Point", "coordinates": [-99.785586, 32.425225]}, "properties": {"crashes": 1, "injury": 1, "fatal": 0, "pedestrian": 0, "bicycle": 1, "density": 0.2, "year_range": "2010-2024"}}, {"type": "Feature", "geometry": {"type": "Point", "coordinates": [-96.830631, 32.378378]}, "properties": {"crashes": 1, "injury": 1, "fatal": 0, "pedestrian": 0, "bicycle": 1, "density": 0.2, "year_range": "2010-2024"}}, {"type": "Feature", "geometry": {"type": "Point", "coordinates": [-97.445045, 25.947748]}, "properties": {"crashes": 1, "injury": 1, "fatal": 0, "pedestrian": 0, "bicycle": 1, "density": 0.2, "year_range": "2010-2024"}}, {"type": "Feature", "geometry": {"type": "Point", "coordinates": [-97.547748, 26.043243]}, "properties": {"crashes": 1, "injury": 1, "fatal": 0, "pedestrian": 0, "bicycle": 1, "density": 0.2, "year_range": "2010-2024"}}, {"type": "Feature", "geometry": {"type": "Point", "coordinates": [-100.904505, 29.4]}, "properties": {"crashes": 1, "injury": 1, "fatal": 0, "pedestrian": 0, "bicycle": 1, "density": 0.2, "year_range": "2010-2024"}}, {"type": "Feature", "geometry": {"type": "Point", "coordinates": [-97.095495, 31.627027]}, "properties": {"crashes": 1, "injury": 1, "fatal": 0, "pedestrian": 0, "bicycle": 1, "density": 0.2, "year_range": "2010-2024"}}, {"type": "Feature", "geometry": {"type": "Point", "coordinates": [-94.92973, 30.738739]}, "properties": {"crashes": 1, "injury": 1, "fatal": 0, "pedestrian": 0, "bicycle": 1, "density": 0.2, "year_range": "2010-2024"}}, {"type": "Feature", "geometry": {"type": "Point", "coordinates": [-98.924324, 34.032432]}, "properties": {"crashes": 1, "injury": 1, "fatal": 0, "pedestrian": 0, "bicycle": 1, "density": 0.2, "year_range": "2010-2024"}}, {"type": "Feature", "geometry": {"type": "Point", "coordinates": [-95.645045, 29.754955]}, "properties": {"crashes": 1, "injury": 1, "fatal": 0, "pedestrian": 0, "bicycle": 1, "density": 0.2, "year_range": "2010-2024"}}, {"type": "Feature", "geometry": {"type": "Point", "coordinates": [-95.956757, 28.983784]}, "properties": {"crashes": 1, "injury": 1, "fatal": 0, "pedestrian": 0, "bicycle": 1, "density": 0.2, "year_range": "2010-2024"}}, {"type": "Feature", "geometry": {"type": "Point", "coordinates": [-95.643243, 29.663063]}, "properties": {"crashes": 1, "injury": 0, "fatal": 0, "pedestrian": 0, "bicycle": 1, "density": 0.2, "year_range": "2010-2024"}}, {"type": "Feature", "geometry": {"type": "Point", "coordinates": [-102.363964, 31.886486]}, "properties": {"crashes": 1, "injury": 1, "fatal": 0, "pedestrian": 0, "bicycle": 1, "density": 0.2, "year_range": "2010-2024"}}, {"type": "Feature", "geometry": {"type": "Point", "coordinates": [-102.522523, 36.066667]}, "properties": {"crashes": 1, "injury": 1, "fatal": 0, "pedestrian": 0, "bicycle": 1, "density": 0.2, "year_range": "2010-2024"}}, {"type": "Feature", "geometry": {"type": "Point", "coordinates": [-97.661261, 29.872072]}, "properties": {"crashes": 1, "injury": 0, "fatal": 0, "pedestrian": 0, "bicycle": 1, "density": 0.2, "year_range": "2010-2024"}}, {"type": "Feature", "geometry": {"type": "Point", "coordinates": [-95.093694, 29.374775]}, "properties": {"crashes": 1, "injury": 1, "fatal": 0, "pedestrian": 0, "bicycle": 1, "density": 0.2, "year_range": "2010-2024"}}, {"type": "Feature", "geometry": {"type": "Point", "coordinates": [-97.520721, 25.978378]}, "properties": {"crashes": 1, "injury": 1, "fatal": 0, "pedestrian": 0, "bicycle": 1, "density": 0.2, "year_range": "2010-2024"}}, {"type": "Feature", "geometry": {"type": "Point", "coordinates": [-95.52973, 29.688288]}, "properties": {"crashes": 1, "injury": 1, "fatal": 1, "pedestrian": 0, "bicycle": 1, "density": 0.2, "year_range": "2010-2024"}}, {"type": "Feature", "geometry": {"type": "Point", "coordinates": [-95.643243, 29.708108]}, "properties": {"crashes": 1, "injury": 1, "fatal": 0, "pedestrian": 0, "bicycle": 1, "density": 0.2, "year_range": "2010-2024"}}, {"type": "Feature", "geometry": {"type": "Point", "coordinates": [-97.007207, 30.423423]}, "properties": {"crashes": 1, "injury": 1, "fatal": 0, "pedestrian": 0, "bicycle": 1, "density": 0.2, "year_range": "2010-2024"}}, {"type": "Feature", "geometry": {"type": "Point", "coordinates": [-96.992793, 33.007207]}, "properties": {"crashes": 1, "injury": 1, "fatal": 0, "pedestrian": 0, "bicycle": 1, "density": 0.2, "year_range": "2010-2024"}}, {"type": "Feature", "geometry": {"type": "Point", "coordinates": [-98.313514, 29.502703]}, "properties": {"crashes": 1, "injury": 1, "fatal": 0, "pedestrian": 0, "bicycle": 1, "density": 0.2, "year_range": "2010-2024"}}, {"type": "Feature", "geometry": {"type": "Point", "coordinates": [-97.585586, 27.846847]}, "properties": {"crashes": 1, "injury": 1, "fatal": 0, "pedestrian": 0, "bicycle": 1, "density": 0.2, "year_range": "2010-2024"}}, {"type": "Feature", "geometry": {"type": "Point", "coordinates": [-95.354955, 29.625225]}, "properties": {"crashes": 1, "injury": 1, "fatal": 0, "pedestrian": 0, "bicycle": 1, "density": 0.2, "year_range": "2010-2024"}}, {"type": "Feature", "geometry": {"type": "Point", "coordinates": [-96.56036, 33.63964]}, "properties": {"crashes": 1, "injury": 1, "fatal": 0, "pedestrian": 0, "bicycle": 1, "density": 0.2, "year_range": "2010-2024"}}, {"type": "Feature", "geometry": {"type": "Point", "coordinates": [-98.23964, 26.23964]}, "properties": {"crashes": 1, "injury": 1, "fatal": 0, "pedestrian": 0, "bicycle": 1, "density": 0.2, "year_range": "2010-2024"}}, {"type": "Feature", "geometry": {"type": "Point", "coordinates": [-97.49009, 25.951351]}, "properties": {"crashes": 1, "injury": 1, "fatal": 0, "pedestrian": 0, "bicycle": 1, "density": 0.2, "year_range": "2010-2024"}}, {"type": "Feature", "geometry": {"type": "Point", "coordinates": [-95.951351, 29.781982]}, "properties": {"crashes": 1, "injury": 1, "fatal": 0, "pedestrian": 0, "bicycle": 1, "density": 0.2, "year_range": "2010-2024"}}, {"type": "Feature", "geometry": {"type": "Point", "coordinates": [-99.335135, 31.127928]}, "properties": {"crashes": 1, "injury": 0, "fatal": 0, "pedestrian": 0, "bicycle": 1, "density": 0.2, "year_range": "2010-2024"}}, {"type": "Feature", "geometry": {"type": "Point", "coordinates": [-97.4, 27.718919]}, "properties": {"crashes": 1, "injury": 0, "fatal": 0, "pedestrian": 0, "bicycle": 1, "density": 0.2, "year_range": "2010-2024"}}, {"type": "Feature", "geometry": {"type": "Point", "coordinates": [-97.063063, 32.643243]}, "properties": {"crashes": 1, "injury": 1, "fatal": 0, "pedestrian": 0, "bicycle": 1, "density": 0.2, "year_range": "2010-2024"}}, {"type": "Feature", "geometry": {"type": "Point", "coordinates": [-96.628829, 33.12973]}, "properties": {"crashes": 1, "injury": 1, "fatal": 0, "pedestrian": 0, "bicycle": 1, "density": 0.2, "year_range": "2010-2024"}}, {"type": "Feature", "geometry": {"type": "Point", "coordinates": [-97.282883, 32.794595]}, "properties": {"crashes": 1, "injury": 1, "fatal": 0, "pedestrian": 0, "bicycle": 1, "density": 0.2, "year_range": "2010-2024"}}, {"type": "Feature", "geometry": {"type": "Point", "coordinates": [-96.345946, 30.612613]}, "properties": {"crashes": 1, "injury": 1, "fatal": 0, "pedestrian": 0, "bicycle": 1, "density": 0.2, "year_range": "2010-2024"}}, {"type": "Feature", "geometry": {"type": "Point", "coordinates": [-98.322523, 26.228829]}, "properties": {"crashes": 2, "injury": 1, "fatal": 0, "pedestrian": 0, "bicycle": 2, "density": 0.5, "year_range": "2010-2024"}}, {"type": "Feature", "geometry": {"type": "Point", "coordinates": [-95.277477, 29.790991]}, "properties": {"crashes": 1, "injury": 1, "fatal": 0, "pedestrian": 0, "bicycle": 1, "density": 0.2, "year_range": "2010-2024"}}, {"type": "Feature", "geometry": {"type": "Point", "coordinates": [-95.340541, 32.396396]}, "properties": {"crashes": 1, "injury": 1, "fatal": 0, "pedestrian": 0, "bicycle": 1, "density": 0.2, "year_range": "2010-2024"}}, {"type": "Feature", "geometry": {"type": "Point", "coordinates": [-98.381982, 29.538739]}, "properties": {"crashes": 1, "injury": 1, "fatal": 0, "pedestrian": 0, "bicycle": 1, "density": 0.2, "year_range": "2010-2024"}}, {"type": "Feature", "geometry": {"type": "Point", "coordinates": [-97.277477, 27.675676]}, "properties": {"crashes": 1, "injury": 1, "fatal": 0, "pedestrian": 0, "bicycle": 1, "density": 0.2, "year_range": "2010-2024"}}, {"type": "Feature", "geometry": {"type": "Point", "coordinates": [-97.70991, 30.531532]}, "properties": {"crashes": 1, "injury": 1, "fatal": 0, "pedestrian": 0, "bicycle": 1, "density": 0.2, "year_range": "2010-2024"}}, {"type": "Feature", "geometry": {"type": "Point", "coordinates": [-97.951351, 29.855856]}, "properties": {"crashes": 1, "injury": 1, "fatal": 0, "pedestrian": 0, "bicycle": 1, "density": 0.2, "year_range": "2010-2024"}}, {"type": "Feature", "geometry": {"type": "Point", "coordinates": [-99.133333, 29.347748]}, "properties": {"crashes": 1, "injury": 1, "fatal": 0, "pedestrian": 0, "bicycle": 1, "density": 0.2, "year_range": "2010-2024"}}, {"type": "Feature", "geometry": {"type": "Point", "coordinates": [-97.367568, 27.706306]}, "properties": {"crashes": 1, "injury": 1, "fatal": 0, "pedestrian": 0, "bicycle": 1, "density": 0.2, "year_range": "2010-2024"}}, {"type": "Feature", "geometry": {"type": "Point", "coordinates": [-97.544144, 32.908108]}, "properties": {"crashes": 1, "injury": 1, "fatal": 0, "pedestrian": 0, "bicycle": 1, "density": 0.2, "year_range": "2010-2024"}}, {"type": "Feature", "geometry": {"type": "Point", "coordinates": [-97.293694, 32.722523]}, "properties": {"crashes": 1, "injury": 1, "fatal": 0, "pedestrian": 0, "bicycle": 1, "density": 0.2, "year_range": "2010-2024"}}, {"type": "Feature", "geometry": {"type": "Point", "coordinates": [-101.902703, 35.212613]}, "properties": {"crashes": 1, "injury": 1, "fatal": 0, "pedestrian": 0, "bicycle": 1, "density": 0.2, "year_range": "2010-2024"}}, {"type": "Feature", "geometry": {"type": "Point", "coordinates": [-95.574775, 32.931532]}, "properties": {"crashes": 1, "injury": 1, "fatal": 0, "pedestrian": 0, "bicycle": 1, "density": 0.2, "year_range": "2010-2024"}}, {"type": "Feature", "geometry": {"type": "Point", "coordinates": [-97.789189, 30.263063]}, "properties": {"crashes": 1, "injury": 0, "fatal": 0, "pedestrian": 0, "bicycle": 1, "density": 0.2, "year_range": "2010-2024"}}, {"type": "Feature", "geometry": {"type": "Point", "coordinates": [-97.823423, 30.172973]}, "properties": {"crashes": 1, "injury": 1, "fatal": 0, "pedestrian": 0, "bicycle": 1, "density": 0.2, "year_range": "2010-2024"}}, {"type": "Feature", "geometry": {"type": "Point", "coordinates": [-97.336937, 31.111712]}, "properties": {"crashes": 1, "injury": 1, "fatal": 0, "pedestrian": 0, "bicycle": 1, "density": 0.2, "year_range": "2010-2024"}}, {"type": "Feature", "geometry": {"type": "Point", "coordinates": [-101.830631, 35.21982]}, "properties": {"crashes": 1, "injury": 0, "fatal": 0, "pedestrian": 0, "bicycle": 1, "density": 0.2, "year_range": "2010-2024"}}, {"type": "Feature", "geometry": {"type": "Point", "coordinates": [-102.079279, 31.992793]}, "properties": {"crashes": 1, "injury": 1, "fatal": 0, "pedestrian": 0, "bicycle": 1, "density": 0.2, "year_range": "2010-2024"}}, {"type": "Feature", "geometry": {"type": "Point", "coordinates": [-96.372973, 30.69009]}, "properties": {"crashes": 1, "injury": 1, "fatal": 0, "pedestrian": 0, "bicycle": 1, "density": 0.2, "year_range": "2010-2024"}}, {"type": "Feature", "geometry": {"type": "Point", "coordinates": [-100.904505, 29.381982]}, "properties": {"crashes": 1, "injury": 0, "fatal": 0, "pedestrian": 0, "bicycle": 1, "density": 0.2, "year_range": "2010-2024"}}, {"type": "Feature", "geometry": {"type": "Point", "coordinates": [-95.603604, 33.136937]}, "properties": {"crashes": 1, "injury": 1, "fatal": 0, "pedestrian": 0, "bicycle": 1, "density": 0.2, "year_range": "2010-2024"}}, {"type": "Feature", "geometry": {"type": "Point", "coordinates": [-94.142342, 30.115315]}, "properties": {"crashes": 1, "injury": 1, "fatal": 0, "pedestrian": 0, "bicycle": 1, "density": 0.2, "year_range": "2010-2024"}}, {"type": "Feature", "geometry": {"type": "Point", "coordinates": [-97.054054, 28.030631]}, "properties": {"crashes": 1, "injury": 1, "fatal": 0, "pedestrian": 0, "bicycle": 1, "density": 0.2, "year_range": "2010-2024"}}, {"type": "Feature", "geometry": {"type": "Point", "coordinates": [-98.540541, 29.484685]}, "properties": {"crashes": 1, "injury": 0, "fatal": 0, "pedestrian": 0, "bicycle": 1, "density": 0.2, "year_range": "2010-2024"}}, {"type": "Feature", "geometry": {"type": "Point", "coordinates": [-98.65045, 29.538739]}, "properties": {"crashes": 1, "injury": 1, "fatal": 0, "pedestrian": 0, "bicycle": 1, "density": 0.2, "year_range": "2010-2024"}}, {"type": "Feature", "geometry": {"type": "Point", "coordinates": [-97.34955, 31.52973]}, "properties": {"crashes": 1, "injury": 1, "fatal": 0, "pedestrian": 0, "bicycle": 1, "density": 0.2, "year_range": "2010-2024"}}, {"type": "Feature", "geometry": {"type": "Point", "coordinates": [-97.4, 27.720721]}, "properties": {"crashes": 1, "injury": 1, "fatal": 0, "pedestrian": 0, "bicycle": 1, "density": 0.2, "year_range": "2010-2024"}}, {"type": "Feature", "geometry": {"type": "Point", "coordinates": [-97.304505, 32.704505]}, "properties": {"crashes": 1, "injury": 1, "fatal": 0, "pedestrian": 0, "bicycle": 1, "density": 0.2, "year_range": "2010-2024"}}, {"type": "Feature", "geometry": {"type": "Point", "coordinates": [-93.823423, 30.140541]}, "properties": {"crashes": 1, "injury": 1, "fatal": 1, "pedestrian": 0, "bicycle": 1, "density": 0.2, "year_range": "2010-2024"}}, {"type": "Feature", "geometry": {"type": "Point", "coordinates": [-101.972973, 35.859459]}, "properties": {"crashes": 1, "injury": 1, "fatal": 0, "pedestrian": 0, "bicycle": 1, "density": 0.2, "year_range": "2010-2024"}}, {"type": "Feature", "geometry": {"type": "Point", "coordinates": [-97.075676, 32.742342]}, "properties": {"crashes": 1, "injury": 1, "fatal": 0, "pedestrian": 0, "bicycle": 1, "density": 0.2, "year_range": "2010-2024"}}, {"type": "Feature", "geometry": {"type": "Point", "coordinates": [-97.753153, 30.387387]}, "properties": {"crashes": 1, "injury": 1, "fatal": 0, "pedestrian": 0, "bicycle": 1, "density": 0.2, "year_range": "2010-2024"}}, {"type": "Feature", "geometry": {"type": "Point", "coordinates": [-94.706306, 33.185586]}, "properties": {"crashes": 1, "injury": 1, "fatal": 0, "pedestrian": 0, "bicycle": 1, "density": 0.2, "year_range": "2010-2024"}}, {"type": "Feature", "geometry": {"type": "Point", "coordinates": [-95.135135, 29.533333]}, "properties": {"crashes": 1, "injury": 1, "fatal": 0, "pedestrian": 0, "bicycle": 1, "density": 0.2, "year_range": "2010-2024"}}, {"type": "Feature", "geometry": {"type": "Point", "coordinates": [-95.518919, 29.736937]}, "properties": {"crashes": 1, "injury": 1, "fatal": 0, "pedestrian": 0, "bicycle": 1, "density": 0.2, "year_range": "2010-2024"}}, {"type": "Feature", "geometry": {"type": "Point", "coordinates": [-96.565766, 32.659459]}, "properties": {"crashes": 1, "injury": 1, "fatal": 1, "pedestrian": 0, "bicycle": 1, "density": 0.2, "year_range": "2010-2024"}}, {"type": "Feature", "geometry": {"type": "Point", "coordinates": [-97.142342, 31.508108]}, "properties": {"crashes": 1, "injury": 1, "fatal": 0, "pedestrian": 0, "bicycle": 1, "density": 0.2, "year_range": "2010-2024"}}, {"type": "Feature", "geometry": {"type": "Point", "coordinates": [-97.785586, 26.169369]}, "properties": {"crashes": 1, "injury": 1, "fatal": 0, "pedestrian": 0, "bicycle": 1, "density": 0.2, "year_range": "2010-2024"}}, {"type": "Feature", "geometry": {"type": "Point", "coordinates": [-97.151351, 32.942342]}, "properties": {"crashes": 1, "injury": 1, "fatal": 0, "pedestrian": 0, "bicycle": 1, "density": 0.2, "year_range": "2010-2024"}}, {"type": "Feature", "geometry": {"type": "Point", "coordinates": [-96.324324, 30.61982]}, "properties": {"crashes": 1, "injury": 1, "fatal": 0, "pedestrian": 0, "bicycle": 1, "density": 0.2, "year_range": "2010-2024"}}, {"type": "Feature", "geometry": {"type": "Point", "coordinates": [-94.801802, 32.381982]}, "properties": {"crashes": 1, "injury": 1, "fatal": 0, "pedestrian": 0, "bicycle": 1, "density": 0.2, "year_range": "2010-2024"}}, {"type": "Feature", "geometry": {"type": "Point", "coordinates": [-98.508108, 29.609009]}, "properties": {"crashes": 2, "injury": 2, "fatal": 0, "pedestrian": 0, "bicycle": 2, "density": 0.5, "year_range": "2010-2024"}}, {"type": "Feature", "geometry": {"type": "Point", "coordinates": [-95.291892, 32.336937]}, "properties": {"crashes": 1, "injury": 1, "fatal": 0, "pedestrian": 0, "bicycle": 1, "density": 0.2, "year_range": "2010-2024"}}, {"type": "Feature", "geometry": {"type": "Point", "coordinates": [-97.648649, 27.857658]}, "properties": {"crashes": 1, "injury": 1, "fatal": 1, "pedestrian": 0, "bicycle": 1, "density": 0.2, "year_range": "2010-2024"}}, {"type": "Feature", "geometry": {"type": "Point", "coordinates": [-98.472072, 29.454054]}, "properties": {"crashes": 2, "injury": 1, "fatal": 0, "pedestrian": 0, "bicycle": 2, "density": 0.5, "year_range": "2010-2024"}}, {"type": "Feature", "geometry": {"type": "Point", "coordinates": [-98.473874, 29.464865]}, "properties": {"crashes": 1, "injury": 0, "fatal": 0, "pedestrian": 0, "bicycle": 1, "density": 0.2, "year_range": "2010-2024"}}, {"type": "Feature", "geometry": {"type": "Point", "coordinates": [-96.378378, 32.954955]}, "properties": {"crashes": 1, "injury": 1, "fatal": 0, "pedestrian": 0, "bicycle": 1, "density": 0.2, "year_range": "2010-2024"}}, {"type": "Feature", "geometry": {"type": "Point", "coordinates": [-95.133333, 29.776577]}, "properties": {"crashes": 1, "injury": 1, "fatal": 0, "pedestrian": 0, "bicycle": 1, "density": 0.2, "year_range": "2010-2024"}}, {"type": "Feature", "geometry": {"type": "Point", "coordinates": [-98.464865, 29.544144]}, "properties": {"crashes": 1, "injury": 1, "fatal": 0, "pedestrian": 0, "bicycle": 1, "density": 0.2, "year_range": "2010-2024"}}, {"type": "Feature", "geometry": {"type": "Point", "coordinates": [-95.682883, 29.609009]}, "properties": {"crashes": 1, "injury": 0, "fatal": 0, "pedestrian": 0, "bicycle": 1, "density": 0.2, "year_range": "2010-2024"}}, {"type": "Feature", "geometry": {"type": "Point", "coordinates": [-95.812613, 29.632432]}, "properties": {"crashes": 1, "injury": 1, "fatal": 0, "pedestrian": 0, "bicycle": 1, "density": 0.2, "year_range": "2010-2024"}}, {"type": "Feature", "geometry": {"type": "Point", "coordinates": [-95.416216, 29.488288]}, "properties": {"crashes": 1, "injury": 1, "fatal": 1, "pedestrian": 0, "bicycle": 1, "density": 0.2, "year_range": "2010-2024"}}, {"type": "Feature", "geometry": {"type": "Point", "coordinates": [-98.333333, 26.167568]}, "properties": {"crashes": 1, "injury": 0, "fatal": 0, "pedestrian": 0, "bicycle": 1, "density": 0.2, "year_range": "2010-2024"}}, {"type": "Feature", "geometry": {"type": "Point", "coordinates": [-98.50991, 29.405405]}, "properties": {"crashes": 1, "injury": 1, "fatal": 0, "pedestrian": 0, "bicycle": 1, "density": 0.2, "year_range": "2010-2024"}}, {"type": "Feature", "geometry": {"type": "Point", "coordinates": [-96.657658, 32.762162]}, "properties": {"crashes": 2, "injury": 2, "fatal": 0, "pedestrian": 0, "bicycle": 2, "density": 0.5, "year_range": "2010-2024"}}, {"type": "Feature", "geometry": {"type": "Point", "coordinates": [-97.636036, 26.145946]}, "properties": {"crashes": 1, "injury": 1, "fatal": 0, "pedestrian": 0, "bicycle": 1, "density": 0.2, "year_range": "2010-2024"}}, {"type": "Feature", "geometry": {"type": "Point", "coordinates": [-96.47027, 32.843243]}, "properties": {"crashes": 1, "injury": 1, "fatal": 0, "pedestrian": 0, "bicycle": 1, "density": 0.2, "year_range": "2010-2024"}}, {"type": "Feature", "geometry": {"type": "Point", "coordinates": [-98.693694, 29.515315]}, "properties": {"crashes": 1, "injury": 1, "fatal": 0, "pedestrian": 0, "bicycle": 1, "density": 0.2, "year_range": "2010-2024"}}, {"type": "Feature", "geometry": {"type": "Point", "coordinates": [-93.816216, 30.05045]}, "properties": {"crashes": 1, "injury": 1, "fatal": 0, "pedestrian": 0, "bicycle": 1, "density": 0.2, "year_range": "2010-2024"}}, {"type": "Feature", "geometry": {"type": "Point", "coordinates": [-98.36036, 26.264865]}, "properties": {"crashes": 1, "injury": 1, "fatal": 0, "pedestrian": 0, "bicycle": 1, "density": 0.2, "year_range": "2010-2024"}}, {"type": "Feature", "geometry": {"type": "Point", "coordinates": [-96.994595, 28.798198]}, "properties": {"crashes": 1, "injury": 1, "fatal": 0, "pedestrian": 0, "bicycle": 1, "density": 0.2, "year_range": "2010-2024"}}, {"type": "Feature", "geometry": {"type": "Point", "coordinates": [-94.965766, 33.010811]}, "properties": {"crashes": 1, "injury": 1, "fatal": 0, "pedestrian": 0, "bicycle": 1, "density": 0.2, "year_range": "2010-2024"}}, {"type": "Feature", "geometry": {"type": "Point", "coordinates": [-100.473874, 28.69009]}, "properties": {"crashes": 1, "injury": 0, "fatal": 0, "pedestrian": 0, "bicycle": 1, "density": 0.2, "year_range": "2010-2024"}}, {"type": "Feature", "geometry": {"type": "Point", "coordinates": [-97.944144, 29.585586]}, "properties": {"crashes": 1, "injury": 0, "fatal": 0, "pedestrian": 0, "bicycle": 1, "density": 0.2, "year_range": "2010-2024"}}, {"type": "Feature", "geometry": {"type": "Point", "coordinates": [-98.724324, 29.776577]}, "properties": {"crashes": 1, "injury": 1, "fatal": 0, "pedestrian": 0, "bicycle": 1, "density": 0.2, "year_range": "2010-2024"}}, {"type": "Feature", "geometry": {"type": "Point", "coordinates": [-96.088288, 32.281081]}, "properties": {"crashes": 1, "injury": 0, "fatal": 0, "pedestrian": 0, "bicycle": 1, "density": 0.2, "year_range": "2010-2024"}}, {"type": "Feature", "geometry": {"type": "Point", "coordinates": [-97.861261, 30.207207]}, "properties": {"crashes": 1, "injury": 1, "fatal": 0, "pedestrian": 0, "bicycle": 1, "density": 0.2, "year_range": "2010-2024"}}, {"type": "Feature", "geometry": {"type": "Point", "coordinates": [-97.724324, 30.214414]}, "properties": {"crashes": 1, "injury": 0, "fatal": 0, "pedestrian": 0, "bicycle": 1, "density": 0.2, "year_range": "2010-2024"}}, {"type": "Feature", "geometry": {"type": "Point", "coordinates": [-94.367568, 32.526126]}, "properties": {"crashes": 1, "injury": 1, "fatal": 0, "pedestrian": 0, "bicycle": 1, "density": 0.2, "year_range": "2010-2024"}}, {"type": "Feature", "geometry": {"type": "Point", "coordinates": [-98.436036, 29.398198]}, "properties": {"crashes": 1, "injury": 0, "fatal": 0, "pedestrian": 0, "bicycle": 1, "density": 0.2, "year_range": "2010-2024"}}, {"type": "Feature", "geometry": {"type": "Point", "coordinates": [-98.108108, 29.691892]}, "properties": {"crashes": 1, "injury": 1, "fatal": 0, "pedestrian": 0, "bicycle": 1, "density": 0.2, "year_range": "2010-2024"}}, {"type": "Feature", "geometry": {"type": "Point", "coordinates": [-95.50991, 29.736937]}, "properties": {"crashes": 1, "injury": 1, "fatal": 0, "pedestrian": 0, "bicycle": 1, "density": 0.2, "year_range": "2010-2024"}}, {"type": "Feature", "geometry": {"type": "Point", "coordinates": [-95.643243, 29.70991]}, "properties": {"crashes": 1, "injury": 0, "fatal": 0, "pedestrian": 0, "bicycle": 1, "density": 0.2, "year_range": "2010-2024"}}, {"type": "Feature", "geometry": {"type": "Point", "coordinates": [-95.455856, 30.281081]}, "properties": {"crashes": 1, "injury": 1, "fatal": 0, "pedestrian": 0, "bicycle": 1, "density": 0.2, "year_range": "2010-2024"}}, {"type": "Feature", "geometry": {"type": "Point", "coordinates": [-97.663063, 26.210811]}, "properties": {"crashes": 1, "injury": 1, "fatal": 0, "pedestrian": 0, "bicycle": 1, "density": 0.2, "year_range": "2010-2024"}}, {"type": "Feature", "geometry": {"type": "Point", "coordinates": [-97.803604, 30.275676]}, "properties": {"crashes": 1, "injury": 1, "fatal": 0, "pedestrian": 0, "bicycle": 1, "density": 0.2, "year_range": "2010-2024"}}, {"type": "Feature", "geometry": {"type": "Point", "coordinates": [-97.965766, 30.344144]}, "properties": {"crashes": 1, "injury": 1, "fatal": 0, "pedestrian": 0, "bicycle": 1, "density": 0.2, "year_range": "2010-2024"}}, {"type": "Feature", "geometry": {"type": "Point", "coordinates": [-98.232432, 32.225225]}, "properties": {"crashes": 1, "injury": 1, "fatal": 0, "pedestrian": 0, "bicycle": 1, "density": 0.2, "year_range": "2010-2024"}}, {"type": "Feature", "geometry": {"type": "Point", "coordinates": [-96.16036, 33.657658]}, "properties": {"crashes": 1, "injury": 1, "fatal": 1, "pedestrian": 0, "bicycle": 1, "density": 0.2, "year_range": "2010-2024"}}, {"type": "Feature", "geometry": {"type": "Point", "coordinates": [-97.682883, 30.365766]}, "properties": {"crashes": 1, "injury": 1, "fatal": 0, "pedestrian": 0, "bicycle": 1, "density": 0.2, "year_range": "2010-2024"}}, {"type": "Feature", "geometry": {"type": "Point", "coordinates": [-97.106306, 31.603604]}, "properties": {"crashes": 1, "injury": 1, "fatal": 0, "pedestrian": 0, "bicycle": 1, "density": 0.2, "year_range": "2010-2024"}}, {"type": "Feature", "geometry": {"type": "Point", "coordinates": [-100.886486, 29.367568]}, "properties": {"crashes": 1, "injury": 0, "fatal": 0, "pedestrian": 0, "bicycle": 1, "density": 0.2, "year_range": "2010-2024"}}, {"type": "Feature", "geometry": {"type": "Point", "coordinates": [-97.794595, 32.488288]}, "properties": {"crashes": 1, "injury": 1, "fatal": 0, "pedestrian": 0, "bicycle": 1, "density": 0.2, "year_range": "2010-2024"}}, {"type": "Feature", "geometry": {"type": "Point", "coordinates": [-98.192793, 26.264865]}, "properties": {"crashes": 1, "injury": 1, "fatal": 0, "pedestrian": 0, "bicycle": 1, "density": 0.2, "year_range": "2010-2024"}}, {"type": "Feature", "geometry": {"type": "Point", "coordinates": [-97.374775, 31.054054]}, "properties": {"crashes": 1, "injury": 1, "fatal": 0, "pedestrian": 0, "bicycle": 1, "density": 0.2, "year_range": "2010-2024"}}, {"type": "Feature", "geometry": {"type": "Point", "coordinates": [-97.263063, 31.634234]}, "properties": {"crashes": 1, "injury": 1, "fatal": 0, "pedestrian": 0, "bicycle": 1, "density": 0.2, "year_range": "2010-2024"}}, {"type": "Feature", "geometry": {"type": "Point", "coordinates": [-98.574775, 29.522523]}, "properties": {"crashes": 1, "injury": 1, "fatal": 0, "pedestrian": 0, "bicycle": 1, "density": 0.2, "year_range": "2010-2024"}}, {"type": "Feature", "geometry": {"type": "Point", "coordinates": [-95.059459, 29.488288]}, "properties": {"crashes": 1, "injury": 1, "fatal": 0, "pedestrian": 0, "bicycle": 1, "density": 0.2, "year_range": "2010-2024"}}, {"type": "Feature", "geometry": {"type": "Point", "coordinates": [-97.10991, 31.542342]}, "properties": {"crashes": 2, "injury": 2, "fatal": 0, "pedestrian": 0, "bicycle": 2, "density": 0.5, "year_range": "2010-2024"}}, {"type": "Feature", "geometry": {"type": "Point", "coordinates": [-95.372973, 29.807207]}, "properties": {"crashes": 1, "injury": 1, "fatal": 0, "pedestrian": 0, "bicycle": 1, "density": 0.2, "year_range": "2010-2024"}}, {"type": "Feature", "geometry": {"type": "Point", "coordinates": [-95.378378, 29.718919]}, "properties": {"crashes": 1, "injury": 1, "fatal": 0, "pedestrian": 0, "bicycle": 1, "density": 0.2, "year_range": "2010-2024"}}, {"type": "Feature", "geometry": {"type": "Point", "coordinates": [-95.313514, 29.718919]}, "properties": {"crashes": 1, "injury": 1, "fatal": 0, "pedestrian": 0, "bicycle": 1, "density": 0.2, "year_range": "2010-2024"}}, {"type": "Feature", "geometry": {"type": "Point", "coordinates": [-102.009009, 33.585586]}, "properties": {"crashes": 1, "injury": 1, "fatal": 0, "pedestrian": 0, "bicycle": 1, "density": 0.2, "year_range": "2010-2024"}}, {"type": "Feature", "geometry": {"type": "Point", "coordinates": [-96.70991, 33.025225]}, "properties": {"crashes": 1, "injury": 1, "fatal": 0, "pedestrian": 0, "bicycle": 1, "density": 0.2, "year_range": "2010-2024"}}, {"type": "Feature", "geometry": {"type": "Point", "coordinates": [-95.167568, 29.571171]}, "properties": {"crashes": 1, "injury": 1, "fatal": 0, "pedestrian": 0, "bicycle": 1, "density": 0.2, "year_range": "2010-2024"}}, {"type": "Feature", "geometry": {"type": "Point", "coordinates": [-98.581982, 29.407207]}, "properties": {"crashes": 1, "injury": 1, "fatal": 1, "pedestrian": 0, "bicycle": 1, "density": 0.2, "year_range": "2010-2024"}}, {"type": "Feature", "geometry": {"type": "Point", "coordinates": [-95.526126, 29.736937]}, "properties": {"crashes": 1, "injury": 1, "fatal": 0, "pedestrian": 0, "bicycle": 1, "density": 0.2, "year_range": "2010-2024"}}, {"type": "Feature", "geometry": {"type": "Point", "coordinates": [-96.641441, 33.136937]}, "properties": {"crashes": 1, "injury": 1, "fatal": 0, "pedestrian": 0, "bicycle": 1, "density": 0.2, "year_range": "2010-2024"}}, {"type": "Feature", "geometry": {"type": "Point", "coordinates": [-97.544144, 32.922523]}, "properties": {"crashes": 1, "injury": 1, "fatal": 1, "pedestrian": 0, "bicycle": 1, "density": 0.2, "year_range": "2010-2024"}}, {"type": "Feature", "geometry": {"type": "Point", "coordinates": [-94.924324, 29.392793]}, "properties": {"crashes": 1, "injury": 0, "fatal": 0, "pedestrian": 0, "bicycle": 1, "density": 0.2, "year_range": "2010-2024"}}, {"type": "Feature", "geometry": {"type": "Point", "coordinates": [-101.845045, 33.54955]}, "properties": {"crashes": 1, "injury": 1, "fatal": 0, "pedestrian": 0, "bicycle": 1, "density": 0.2, "year_range": "2010-2024"}}, {"type": "Feature", "geometry": {"type": "Point", "coordinates": [-98.223423, 26.201802]}, "properties": {"crashes": 1, "injury": 1, "fatal": 0, "pedestrian": 0, "bicycle": 1, "density": 0.2, "year_range": "2010-2024"}}, {"type": "Feature", "geometry": {"type": "Point", "coordinates": [-101.897297, 33.578378]}, "properties": {"crashes": 1, "injury": 1, "fatal": 0, "pedestrian": 0, "bicycle": 1, "density": 0.2, "year_range": "2010-2024"}}, {"type": "Feature", "geometry": {"type": "Point", "coordinates": [-95.212613, 30.14955]}, "properties": {"crashes": 1, "injury": 1, "fatal": 0, "pedestrian": 0, "bicycle": 1, "density": 0.2, "year_range": "2010-2024"}}, {"type": "Feature", "geometry": {"type": "Point", "coordinates": [-97.855856, 30.4]}, "properties": {"crashes": 1, "injury": 1, "fatal": 0, "pedestrian": 0, "bicycle": 1, "density": 0.2, "year_range": "2010-2024"}}, {"type": "Feature", "geometry": {"type": "Point", "coordinates": [-97.702703, 26.171171]}, "properties": {"crashes": 1, "injury": 1, "fatal": 0, "pedestrian": 0, "bicycle": 1, "density": 0.2, "year_range": "2010-2024"}}, {"type": "Feature", "geometry": {"type": "Point", "coordinates": [-95.563964, 29.783784]}, "properties": {"crashes": 1, "injury": 1, "fatal": 1, "pedestrian": 0, "bicycle": 1, "density": 0.2, "year_range": "2010-2024"}}, {"type": "Feature", "geometry": {"type": "Point", "coordinates": [-95.054054, 29.526126]}, "properties": {"crashes": 1, "injury": 1, "fatal": 0, "pedestrian": 0, "bicycle": 1, "density": 0.2, "year_range": "2010-2024"}}, {"type": "Feature", "geometry": {"type": "Point", "coordinates": [-97.18018, 31.506306]}, "properties": {"crashes": 1, "injury": 1, "fatal": 0, "pedestrian": 0, "bicycle": 1, "density": 0.2, "year_range": "2010-2024"}}, {"type": "Feature", "geometry": {"type": "Point", "coordinates": [-96.657658, 32.702703]}, "properties": {"crashes": 1, "injury": 0, "fatal": 0, "pedestrian": 0, "bicycle": 1, "density": 0.2, "year_range": "2010-2024"}}, {"type": "Feature", "geometry": {"type": "Point", "coordinates": [-98.315315, 26.228829]}, "properties": {"crashes": 1, "injury": 1, "fatal": 0, "pedestrian": 0, "bicycle": 1, "density": 0.2, "year_range": "2010-2024"}}, {"type": "Feature", "geometry": {"type": "Point", "coordinates": [-95.371171, 29.792793]}, "properties": {"crashes": 1, "injury": 0, "fatal": 0, "pedestrian": 0, "bicycle": 1, "density": 0.2, "year_range": "2010-2024"}}, {"type": "Feature", "geometry": {"type": "Point", "coordinates": [-98.072072, 26.295495]}, "properties": {"crashes": 1, "injury": 1, "fatal": 0, "pedestrian": 0, "bicycle": 1, "density": 0.2, "year_range": "2010-2024"}}, {"type": "Feature", "geometry": {"type": "Point", "coordinates": [-94.135135, 30.09009]}, "properties": {"crashes": 1, "injury": 1, "fatal": 0, "pedestrian": 0, "bicycle": 1, "density": 0.2, "year_range": "2010-2024"}}, {"type": "Feature", "geometry": {"type": "Point", "coordinates": [-98.255856, 26.106306]}, "properties": {"crashes": 1, "injury": 1, "fatal": 1, "pedestrian": 0, "bicycle": 1, "density": 0.2, "year_range": "2010-2024"}}, {"type": "Feature", "geometry": {"type": "Point", "coordinates": [-94.917117, 30.093694]}, "properties": {"crashes": 1, "injury": 1, "fatal": 1, "pedestrian": 0, "bicycle": 1, "density": 0.2, "year_range": "2010-2024"}}, {"type": "Feature", "geometry": {"type": "Point", "coordinates": [-97.293694, 32.778378]}, "properties": {"crashes": 1, "injury": 1, "fatal": 0, "pedestrian": 0, "bicycle": 1, "density": 0.2, "year_range": "2010-2024"}}, {"type": "Feature", "geometry": {"type": "Point", "coordinates": [-97.169369, 26.118919]}, "properties": {"crashes": 1, "injury": 1, "fatal": 0, "pedestrian": 0, "bicycle": 1, "density": 0.2, "year_range": "2010-2024"}}, {"type": "Feature", "geometry": {"type": "Point", "coordinates": [-95.322523, 29.558559]}, "properties": {"crashes": 1, "injury": 1, "fatal": 0, "pedestrian": 0, "bicycle": 1, "density": 0.2, "year_range": "2010-2024"}}, {"type": "Feature", "geometry": {"type": "Point", "coordinates": [-96.317117, 30.612613]}, "properties": {"crashes": 2, "injury": 1, "fatal": 0, "pedestrian": 0, "bicycle": 2, "density": 0.5, "year_range": "2010-2024"}}, {"type": "Feature", "geometry": {"type": "Point", "coordinates": [-95.198198, 29.711712]}, "properties": {"crashes": 1, "injury": 1, "fatal": 0, "pedestrian": 0, "bicycle": 1, "density": 0.2, "year_range": "2010-2024"}}, {"type": "Feature", "geometry": {"type": "Point", "coordinates": [-102.823423, 33.187387]}, "properties": {"crashes": 1, "injury": 1, "fatal": 0, "pedestrian": 0, "bicycle": 1, "density": 0.2, "year_range": "2010-2024"}}, {"type": "Feature", "geometry": {"type": "Point", "coordinates": [-97.390991, 32.385586]}, "properties": {"crashes": 1, "injury": 1, "fatal": 0, "pedestrian": 0, "bicycle": 1, "density": 0.2, "year_range": "2010-2024"}}, {"type": "Feature", "geometry": {"type": "Point", "coordinates": [-99.473874, 27.506306]}, "properties": {"crashes": 1, "injury": 1, "fatal": 0, "pedestrian": 0, "bicycle": 1, "density": 0.2, "year_range": "2010-2024"}}, {"type": "Feature", "geometry": {"type": "Point", "coordinates": [-96.965766, 30.848649]}, "properties": {"crashes": 1, "injury": 1, "fatal": 0, "pedestrian": 0, "bicycle": 1, "density": 0.2, "year_range": "2010-2024"}}, {"type": "Feature", "geometry": {"type": "Point", "coordinates": [-96.992793, 32.837838]}, "properties": {"crashes": 1, "injury": 1, "fatal": 0, "pedestrian": 0, "bicycle": 1, "density": 0.2, "year_range": "2010-2024"}}, {"type": "Feature", "geometry": {"type": "Point", "coordinates": [-97.131532, 33.623423]}, "properties": {"crashes": 1, "injury": 1, "fatal": 0, "pedestrian": 0, "bicycle": 1, "density": 0.2, "year_range": "2010-2024"}}, {"type": "Feature", "geometry": {"type": "Point", "coordinates": [-97.699099, 31.888288]}, "properties": {"crashes": 1, "injury": 1, "fatal": 0, "pedestrian": 0, "bicycle": 1, "density": 0.2, "year_range": "2010-2024"}}, {"type": "Feature", "geometry": {"type": "Point", "coordinates": [-97.601802, 30.252252]}, "properties": {"crashes": 1, "injury": 1, "fatal": 0, "pedestrian": 0, "bicycle": 1, "density": 0.2, "year_range": "2010-2024"}}, {"type": "Feature", "geometry": {"type": "Point", "coordinates": [-98.695495, 29.745946]}, "properties": {"crashes": 1, "injury": 1, "fatal": 0, "pedestrian": 0, "bicycle": 1, "density": 0.2, "year_range": "2010-2024"}}, {"type": "Feature", "geometry": {"type": "Point", "coordinates": [-95.338739, 29.708108]}, "properties": {"crashes": 1, "injury": 1, "fatal": 1, "pedestrian": 0, "bicycle": 1, "density": 0.2, "year_range": "2010-2024"}}, {"type": "Feature", "geometry": {"type": "Point", "coordinates": [-97.34955, 32.783784]}, "properties": {"crashes": 1, "injury": 1, "fatal": 0, "pedestrian": 0, "bicycle": 1, "density": 0.2, "year_range": "2010-2024"}}, {"type": "Feature", "geometry": {"type": "Point", "coordinates": [-95.284685, 32.389189]}, "properties": {"crashes": 1, "injury": 1, "fatal": 0, "pedestrian": 0, "bicycle": 1, "density": 0.2, "year_range": "2010-2024"}}, {"type": "Feature", "geometry": {"type": "Point", "coordinates": [-98.713514, 29.812613]}, "properties": {"crashes": 1, "injury": 0, "fatal": 0, "pedestrian": 0, "bicycle": 1, "density": 0.2, "year_range": "2010-2024"}}, {"type": "Feature", "geometry": {"type": "Point", "coordinates": [-98.706306, 32.436036]}, "properties": {"crashes": 1, "injury": 1, "fatal": 0, "pedestrian": 0, "bicycle": 1, "density": 0.2, "year_range": "2010-2024"}}, {"type": "Feature", "geometry": {"type": "Point", "coordinates": [-96.392793, 30.153153]}, "properties": {"crashes": 1, "injury": 1, "fatal": 0, "pedestrian": 0, "bicycle": 1, "density": 0.2, "year_range": "2010-2024"}}, {"type": "Feature", "geometry": {"type": "Point", "coordinates": [-95.589189, 29.736937]}, "properties": {"crashes": 1, "injury": 0, "fatal": 0, "pedestrian": 0, "bicycle": 1, "density": 0.2, "year_range": "2010-2024"}}, {"type": "Feature", "geometry": {"type": "Point", "coordinates": [-97.320721, 32.684685]}, "properties": {"crashes": 1, "injury": 1, "fatal": 0, "pedestrian": 0, "bicycle": 1, "density": 0.2, "year_range": "2010-2024"}}, {"type": "Feature", "geometry": {"type": "Point", "coordinates": [-97.099099, 33.342342]}, "properties": {"crashes": 1, "injury": 1, "fatal": 1, "pedestrian": 0, "bicycle": 1, "density": 0.2, "year_range": "2010-2024"}}, {"type": "Feature", "geometry": {"type": "Point", "coordinates": [-95.07027, 30.340541]}, "properties": {"crashes": 1, "injury": 1, "fatal": 0, "pedestrian": 0, "bicycle": 1, "density": 0.2, "year_range": "2010-2024"}}, {"type": "Feature", "geometry": {"type": "Point", "coordinates": [-94.654054, 31.637838]}, "properties": {"crashes": 1, "injury": 1, "fatal": 0, "pedestrian": 0, "bicycle": 1, "density": 0.2, "year_range": "2010-2024"}}, {"type": "Feature", "geometry": {"type": "Point", "coordinates": [-97.717117, 31.425225]}, "properties": {"crashes": 1, "injury": 1, "fatal": 0, "pedestrian": 0, "bicycle": 1, "density": 0.2, "year_range": "2010-2024"}}, {"type": "Feature", "geometry": {"type": "Point", "coordinates": [-98.486486, 28.958559]}, "properties": {"crashes": 1, "injury": 0, "fatal": 0, "pedestrian": 0, "bicycle": 1, "density": 0.2, "year_range": "2010-2024"}}, {"type": "Feature", "geometry": {"type": "Point", "coordinates": [-98.742342, 29.809009]}, "properties": {"crashes": 1, "injury": 1, "fatal": 0, "pedestrian": 0, "bicycle": 1, "density": 0.2, "year_range": "2010-2024"}}, {"type": "Feature", "geometry": {"type": "Point", "coordinates": [-96.792793, 32.809009]}, "properties": {"crashes": 1, "injury": 1, "fatal": 0, "pedestrian": 0, "bicycle": 1, "density": 0.2, "year_range": "2010-2024"}}, {"type": "Feature", "geometry": {"type": "Point", "coordinates": [-98.216216, 26.286486]}, "properties": {"crashes": 1, "injury": 1, "fatal": 0, "pedestrian": 0, "bicycle": 1, "density": 0.2, "year_range": "2010-2024"}}, {"type": "Feature", "geometry": {"type": "Point", "coordinates": [-96.875676, 32.857658]}, "properties": {"crashes": 1, "injury": 1, "fatal": 1, "pedestrian": 0, "bicycle": 1, "density": 0.2, "year_range": "2010-2024"}}, {"type": "Feature", "geometry": {"type": "Point", "coordinates": [-98.495495, 29.356757]}, "properties": {"crashes": 1, "injury": 1, "fatal": 0, "pedestrian": 0, "bicycle": 1, "density": 0.2, "year_range": "2010-2024"}}, {"type": "Feature", "geometry": {"type": "Point", "coordinates": [-98.273874, 30.583784]}, "properties": {"crashes": 1, "injury": 1, "fatal": 0, "pedestrian": 0, "bicycle": 1, "density": 0.2, "year_range": "2010-2024"}}, {"type": "Feature", "geometry": {"type": "Point", "coordinates": [-98.592793, 33.859459]}, "properties": {"crashes": 1, "injury": 1, "fatal": 0, "pedestrian": 0, "bicycle": 1, "density": 0.2, "year_range": "2010-2024"}}, {"type": "Feature", "geometry": {"type": "Point", "coordinates": [-97.69009, 30.218018]}, "properties": {"crashes": 1, "injury": 0, "fatal": 0, "pedestrian": 0, "bicycle": 1, "density": 0.2, "year_range": "2010-2024"}}, {"type": "Feature", "geometry": {"type": "Point", "coordinates": [-95.645045, 29.879279]}, "properties": {"crashes": 2, "injury": 2, "fatal": 0, "pedestrian": 0, "bicycle": 2, "density": 0.5, "year_range": "2010-2024"}}, {"type": "Feature", "geometry": {"type": "Point", "coordinates": [-95.790991, 29.699099]}, "properties": {"crashes": 1, "injury": 0, "fatal": 0, "pedestrian": 0, "bicycle": 1, "density": 0.2, "year_range": "2010-2024"}}, {"type": "Feature", "geometry": {"type": "Point", "coordinates": [-100.918919, 32.706306]}, "properties": {"crashes": 2, "injury": 1, "fatal": 0, "pedestrian": 0, "bicycle": 2, "density": 0.5, "year_range": "2010-2024"}}, {"type": "Feature", "geometry": {"type": "Point", "coordinates": [-96.823423, 32.614414]}, "properties": {"crashes": 1, "injury": 1, "fatal": 0, "pedestrian": 0, "bicycle": 1, "density": 0.2, "year_range": "2010-2024"}}, {"type": "Feature", "geometry": {"type": "Point", "coordinates": [-98.637838, 29.518919]}, "properties": {"crashes": 1, "injury": 1, "fatal": 0, "pedestrian": 0, "bicycle": 1, "density": 0.2, "year_range": "2010-2024"}}, {"type": "Feature", "geometry": {"type": "Point", "coordinates": [-98.212613, 26.201802]}, "properties": {"crashes": 1, "injury": 1, "fatal": 0, "pedestrian": 0, "bicycle": 1, "density": 0.2, "year_range": "2010-2024"}}, {"type": "Feature", "geometry": {"type": "Point", "coordinates": [-97.2, 32.576577]}, "properties": {"crashes": 1, "injury": 1, "fatal": 0, "pedestrian": 0, "bicycle": 1, "density": 0.2, "year_range": "2010-2024"}}, {"type": "Feature", "geometry": {"type": "Point", "coordinates": [-98.663063, 29.54955]}, "properties": {"crashes": 1, "injury": 1, "fatal": 0, "pedestrian": 0, "bicycle": 1, "density": 0.2, "year_range": "2010-2024"}}, {"type": "Feature", "geometry": {"type": "Point", "coordinates": [-97.89009, 31.120721]}, "properties": {"crashes": 1, "injury": 1, "fatal": 0, "pedestrian": 0, "bicycle": 1, "density": 0.2, "year_range": "2010-2024"}}, {"type": "Feature", "geometry": {"type": "Point", "coordinates": [-96.922523, 32.589189]}, "properties": {"crashes": 1, "injury": 1, "fatal": 0, "pedestrian": 0, "bicycle": 1, "density": 0.2, "year_range": "2010-2024"}}, {"type": "Feature", "geometry": {"type": "Point", "coordinates": [-94.187387, 30.520721]}, "properties": {"crashes": 1, "injury": 1, "fatal": 0, "pedestrian": 0, "bicycle": 1, "density": 0.2, "year_range": "2010-2024"}}, {"type": "Feature", "geometry": {"type": "Point", "coordinates": [-98.513514, 29.621622]}, "properties": {"crashes": 1, "injury": 0, "fatal": 0, "pedestrian": 0, "bicycle": 1, "density": 0.2, "year_range": "2010-2024"}}, {"type": "Feature", "geometry": {"type": "Point", "coordinates": [-97.785586, 26.210811]}, "properties": {"crashes": 1, "injury": 0, "fatal": 0, "pedestrian": 0, "bicycle": 1, "density": 0.2, "year_range": "2010-2024"}}, {"type": "Feature", "geometry": {"type": "Point", "coordinates": [-95.801802, 29.556757]}, "properties": {"crashes": 1, "injury": 1, "fatal": 0, "pedestrian": 0, "bicycle": 1, "density": 0.2, "year_range": "2010-2024"}}, {"type": "Feature", "geometry": {"type": "Point", "coordinates": [-102.38018, 31.882883]}, "properties": {"crashes": 1, "injury": 1, "fatal": 0, "pedestrian": 0, "bicycle": 1, "density": 0.2, "year_range": "2010-2024"}}, {"type": "Feature", "geometry": {"type": "Point", "coordinates": [-97.317117, 32.745946]}, "properties": {"crashes": 1, "injury": 0, "fatal": 0, "pedestrian": 0, "bicycle": 1, "density": 0.2, "year_range": "2010-2024"}}, {"type": "Feature", "geometry": {"type": "Point", "coordinates": [-97.38018, 27.684685]}, "properties": {"crashes": 1, "injury": 1, "fatal": 0, "pedestrian": 0, "bicycle": 1, "density": 0.2, "year_range": "2010-2024"}}, {"type": "Feature", "geometry": {"type": "Point", "coordinates": [-102.282883, 33.167568]}, "properties": {"crashes": 1, "injury": 1, "fatal": 0, "pedestrian": 0, "bicycle": 1, "density": 0.2, "year_range": "2010-2024"}}, {"type": "Feature", "geometry": {"type": "Point", "coordinates": [-98.491892, 29.520721]}, "properties": {"crashes": 1, "injury": 1, "fatal": 0, "pedestrian": 0, "bicycle": 1, "density": 0.2, "year_range": "2010-2024"}}, {"type": "Feature", "geometry": {"type": "Point", "coordinates": [-94.818018, 29.293694]}, "properties": {"crashes": 1, "injury": 0, "fatal": 0, "pedestrian": 0, "bicycle": 1, "density": 0.2, "year_range": "2010-2024"}}, {"type": "Feature", "geometry": {"type": "Point", "coordinates": [-96.735135, 32.951351]}, "properties": {"crashes": 1, "injury": 1, "fatal": 0, "pedestrian": 0, "bicycle": 1, "density": 0.2, "year_range": "2010-2024"}}, {"type": "Feature", "geometry": {"type": "Point", "coordinates": [-97.958559, 26.145946]}, "properties": {"crashes": 1, "injury": 1, "fatal": 0, "pedestrian": 0, "bicycle": 1, "density": 0.2, "year_range": "2010-2024"}}, {"type": "Feature", "geometry": {"type": "Point", "coordinates": [-97.854054, 30.45045]}, "properties": {"crashes": 1, "injury": 1, "fatal": 0, "pedestrian": 0, "bicycle": 1, "density": 0.2, "year_range": "2010-2024"}}, {"type": "Feature", "geometry": {"type": "Point", "coordinates": [-95.216216, 30.154955]}, "properties": {"crashes": 1, "injury": 1, "fatal": 0, "pedestrian": 0, "bicycle": 1, "density": 0.2, "year_range": "2010-2024"}}, {"type": "Feature", "geometry": {"type": "Point", "coordinates": [-96.828829, 32.414414]}, "properties": {"crashes": 1, "injury": 1, "fatal": 0, "pedestrian": 0, "bicycle": 1, "density": 0.2, "year_range": "2010-2024"}}, {"type": "Feature", "geometry": {"type": "Point", "coordinates": [-97.147748, 33.641441]}, "properties": {"crashes": 1, "injury": 0, "fatal": 0, "pedestrian": 0, "bicycle": 1, "density": 0.2, "year_range": "2010-2024"}}, {"type": "Feature", "geometry": {"type": "Point", "coordinates": [-94.745946, 32.499099]}, "properties": {"crashes": 1, "injury": 1, "fatal": 0, "pedestrian": 0, "bicycle": 1, "density": 0.2, "year_range": "2010-2024"}}, {"type": "Feature", "geometry": {"type": "Point", "coordinates": [-94.718919, 30.43964]}, "properties": {"crashes": 1, "injury": 1, "fatal": 1, "pedestrian": 0, "bicycle": 1, "density": 0.2, "year_range": "2010-2024"}}, {"type": "Feature", "geometry": {"type": "Point", "coordinates": [-97.772973, 31.082883]}, "properties": {"crashes": 1, "injury": 1, "fatal": 0, "pedestrian": 0, "bicycle": 1, "density": 0.2, "year_range": "2010-2024"}}, {"type": "Feature", "geometry": {"type": "Point", "coordinates": [-95.336937, 29.726126]}, "properties": {"crashes": 1, "injury": 1, "fatal": 1, "pedestrian": 0, "bicycle": 1, "density": 0.2, "year_range": "2010-2024"}}, {"type": "Feature", "geometry": {"type": "Point", "coordinates": [-97.09009, 32.837838]}, "properties": {"crashes": 1, "injury": 1, "fatal": 0, "pedestrian": 0, "bicycle": 1, "density": 0.2, "year_range": "2010-2024"}}, {"type": "Feature", "geometry": {"type": "Point", "coordinates": [-98.196396, 26.297297]}, "properties": {"crashes": 1, "injury": 1, "fatal": 0, "pedestrian": 0, "bicycle": 1, "density": 0.2, "year_range": "2010-2024"}}, {"type": "Feature", "geometry": {"type": "Point", "coordinates": [-96.331532, 30.625225]}, "properties": {"crashes": 2, "injury": 2, "fatal": 0, "pedestrian": 0, "bicycle": 2, "density": 0.5, "year_range": "2010-2024"}}, {"type": "Feature", "geometry": {"type": "Point", "coordinates": [-93.992793, 29.947748]}, "properties": {"crashes": 1, "injury": 1, "fatal": 0, "pedestrian": 0, "bicycle": 1, "density": 0.2, "year_range": "2010-2024"}}, {"type": "Feature", "geometry": {"type": "Point", "coordinates": [-95.542342, 29.956757]}, "properties": {"crashes": 1, "injury": 1, "fatal": 0, "pedestrian": 0, "bicycle": 1, "density": 0.2, "year_range": "2010-2024"}}, {"type": "Feature", "geometry": {"type": "Point", "coordinates": [-95.830631, 29.778378]}, "properties": {"crashes": 1, "injury": 0, "fatal": 0, "pedestrian": 0, "bicycle": 1, "density": 0.2, "year_range": "2010-2024"}}, {"type": "Feature", "geometry": {"type": "Point", "coordinates": [-106.605405, 31.974775]}, "properties": {"crashes": 1, "injury": 1, "fatal": 0, "pedestrian": 0, "bicycle": 1, "density": 0.2, "year_range": "2010-2024"}}, {"type": "Feature", "geometry": {"type": "Point", "coordinates": [-98.248649, 26.207207]}, "properties": {"crashes": 1, "injury": 1, "fatal": 0, "pedestrian": 0, "bicycle": 1, "density": 0.2, "year_range": "2010-2024"}}, {"type": "Feature", "geometry": {"type": "Point", "coordinates": [-97.338739, 27.708108]}, "properties": {"crashes": 1, "injury": 1, "fatal": 0, "pedestrian": 0, "bicycle": 1, "density": 0.2, "year_range": "2010-2024"}}, {"type": "Feature", "geometry": {"type": "Point", "coordinates": [-97.816216, 30.185586]}, "properties": {"crashes": 1, "injury": 1, "fatal": 0, "pedestrian": 0, "bicycle": 1, "density": 0.2, "year_range": "2010-2024"}}, {"type": "Feature", "geometry": {"type": "Point", "coordinates": [-95.273874, 31.981982]}, "properties": {"crashes": 1, "injury": 1, "fatal": 0, "pedestrian": 0, "bicycle": 1, "density": 0.2, "year_range": "2010-2024"}}, {"type": "Feature", "geometry": {"type": "Point", "coordinates": [-98.171171, 26.268468]}, "properties": {"crashes": 1, "injury": 1, "fatal": 0, "pedestrian": 0, "bicycle": 1, "density": 0.2, "year_range": "2010-2024"}}, {"type": "Feature", "geometry": {"type": "Point", "coordinates": [-95.378378, 29.700901]}, "properties": {"crashes": 1, "injury": 1, "fatal": 0, "pedestrian": 0, "bicycle": 1, "density": 0.2, "year_range": "2010-2024"}}, {"type": "Feature", "geometry": {"type": "Point", "coordinates": [-97.133333, 33.196396]}, "properties": {"crashes": 1, "injury": 1, "fatal": 0, "pedestrian": 0, "bicycle": 1, "density": 0.2, "year_range": "2010-2024"}}, {"type": "Feature", "geometry": {"type": "Point", "coordinates": [-95.064865, 29.524324]}, "properties": {"crashes": 1, "injury": 1, "fatal": 0, "pedestrian": 0, "bicycle": 1, "density": 0.2, "year_range": "2010-2024"}}, {"type": "Feature", "geometry": {"type": "Point", "coordinates": [-97.763964, 30.475676]}, "properties": {"crashes": 1, "injury": 1, "fatal": 0, "pedestrian": 0, "bicycle": 1, "density": 0.2, "year_range": "2010-2024"}}, {"type": "Feature", "geometry": {"type": "Point", "coordinates": [-95.569369, 29.981982]}, "properties": {"crashes": 1, "injury": 1, "fatal": 0, "pedestrian": 0, "bicycle": 1, "density": 0.2, "year_range": "2010-2024"}}, {"type": "Feature", "geometry": {"type": "Point", "coordinates": [-97.133333, 31.538739]}, "properties": {"crashes": 1, "injury": 1, "fatal": 0, "pedestrian": 0, "bicycle": 1, "density": 0.2, "year_range": "2010-2024"}}, {"type": "Feature", "geometry": {"type": "Point", "coordinates": [-98.513514, 29.574775]}, "properties": {"crashes": 1, "injury": 1, "fatal": 0, "pedestrian": 0, "bicycle": 1, "density": 0.2, "year_range": "2010-2024"}}, {"type": "Feature", "geometry": {"type": "Point", "coordinates": [-97.192793, 32.992793]}, "properties": {"crashes": 1, "injury": 1, "fatal": 0, "pedestrian": 0, "bicycle": 1, "density": 0.2, "year_range": "2010-2024"}}, {"type": "Feature", "geometry": {"type": "Point", "coordinates": [-97.043243, 28.045045]}, "properties": {"crashes": 1, "injury": 1, "fatal": 0, "pedestrian": 0, "bicycle": 1, "density": 0.2, "year_range": "2010-2024"}}, {"type": "Feature", "geometry": {"type": "Point", "coordinates": [-96.61982, 32.340541]}, "properties": {"crashes": 1, "injury": 1, "fatal": 0, "pedestrian": 0, "bicycle": 1, "density": 0.2, "year_range": "2010-2024"}}, {"type": "Feature", "geometry": {"type": "Point", "coordinates": [-98.243243, 26.21982]}, "properties": {"crashes": 1, "injury": 0, "fatal": 0, "pedestrian": 0, "bicycle": 1, "density": 0.2, "year_range": "2010-2024"}}, {"type": "Feature", "geometry": {"type": "Point", "coordinates": [-98.23964, 27.76036]}, "properties": {"crashes": 1, "injury": 1, "fatal": 0, "pedestrian": 0, "bicycle": 1, "density": 0.2, "year_range": "2010-2024"}}, {"type": "Feature", "geometry": {"type": "Point", "coordinates": [-98.291892, 32.740541]}, "properties": {"crashes": 1, "injury": 0, "fatal": 0, "pedestrian": 0, "bicycle": 1, "density": 0.2, "year_range": "2010-2024"}}, {"type": "Feature", "geometry": {"type": "Point", "coordinates": [-96.286486, 30.645045]}, "properties": {"crashes": 1, "injury": 1, "fatal": 0, "pedestrian": 0, "bicycle": 1, "density": 0.2, "year_range": "2010-2024"}}, {"type": "Feature", "geometry": {"type": "Point", "coordinates": [-94.699099, 31.358559]}, "properties": {"crashes": 1, "injury": 1, "fatal": 1, "pedestrian": 0, "bicycle": 1, "density": 0.2, "year_range": "2010-2024"}}, {"type": "Feature", "geometry": {"type": "Point", "coordinates": [-97.762162, 30.468468]}, "properties": {"crashes": 1, "injury": 1, "fatal": 0, "pedestrian": 0, "bicycle": 1, "density": 0.2, "year_range": "2010-2024"}}, {"type": "Feature", "geometry": {"type": "Point", "coordinates": [-98.29009, 26.210811]}, "properties": {"crashes": 1, "injury": 0, "fatal": 0, "pedestrian": 0, "bicycle": 1, "density": 0.2, "year_range": "2010-2024"}}, {"type": "Feature", "geometry": {"type": "Point", "coordinates": [-95.554955, 29.873874]}, "properties": {"crashes": 1, "injury": 1, "fatal": 0, "pedestrian": 0, "bicycle": 1, "density": 0.2, "year_range": "2010-2024"}}, {"type": "Feature", "geometry": {"type": "Point", "coordinates": [-97.913514, 29.893694]}, "properties": {"crashes": 1, "injury": 1, "fatal": 0, "pedestrian": 0, "bicycle": 1, "density": 0.2, "year_range": "2010-2024"}}, {"type": "Feature", "geometry": {"type": "Point", "coordinates": [-96.718919, 32.765766]}, "properties": {"crashes": 1, "injury": 1, "fatal": 0, "pedestrian": 0, "bicycle": 1, "density": 0.2, "year_range": "2010-2024"}}, {"type": "Feature", "geometry": {"type": "Point", "coordinates": [-97.115315, 32.724324]}, "properties": {"crashes": 1, "injury": 1, "fatal": 0, "pedestrian": 0, "bicycle": 1, "density": 0.2, "year_range": "2010-2024"}}, {"type": "Feature", "geometry": {"type": "Point", "coordinates": [-97.605405, 26.10991]}, "properties": {"crashes": 1, "injury": 1, "fatal": 1, "pedestrian": 0, "bicycle": 1, "density": 0.2, "year_range": "2010-2024"}}, {"type": "Feature", "geometry": {"type": "Point", "coordinates": [-95.18018, 29.590991]}, "properties": {"crashes": 1, "injury": 1, "fatal": 1, "pedestrian": 0, "bicycle": 1, "density": 0.2, "year_range": "2010-2024"}}, {"type": "Feature", "geometry": {"type": "Point", "coordinates": [-96.344144, 30.625225]}, "properties": {"crashes": 1, "injury": 1, "fatal": 0, "pedestrian": 0, "bicycle": 1, "density": 0.2, "year_range": "2010-2024"}}, {"type": "Feature", "geometry": {"type": "Point", "coordinates": [-99.504505, 27.547748]}, "properties": {"crashes": 1, "injury": 0, "fatal": 0, "pedestrian": 0, "bicycle": 1, "density": 0.2, "year_range": "2010-2024"}}, {"type": "Feature", "geometry": {"type": "Point", "coordinates": [-100.971171, 35.551351]}, "properties": {"crashes": 1, "injury": 1, "fatal": 0, "pedestrian": 0, "bicycle": 1, "density": 0.2, "year_range": "2010-2024"}}, {"type": "Feature", "geometry": {"type": "Point", "coordinates": [-97.810811, 31.122523]}, "properties": {"crashes": 1, "injury": 1, "fatal": 0, "pedestrian": 0, "bicycle": 1, "density": 0.2, "year_range": "2010-2024"}}, {"type": "Feature", "geometry": {"type": "Point", "coordinates": [-95.236036, 30.257658]}, "properties": {"crashes": 1, "injury": 1, "fatal": 1, "pedestrian": 0, "bicycle": 1, "density": 0.2, "year_range": "2010-2024"}}, {"type": "Feature", "geometry": {"type": "Point", "coordinates": [-95.554955, 30.724324]}, "properties": {"crashes": 1, "injury": 1, "fatal": 0, "pedestrian": 0, "bicycle": 1, "density": 0.2, "year_range": "2010-2024"}}, {"type": "Feature", "geometry": {"type": "Point", "coordinates": [-106.484685, 31.756757]}, "properties": {"crashes": 1, "injury": 1, "fatal": 0, "pedestrian": 0, "bicycle": 1, "density": 0.2, "year_range": "2010-2024"}}, {"type": "Feature", "geometry": {"type": "Point", "coordinates": [-95.036036, 29.540541]}, "properties": {"crashes": 1, "injury": 1, "fatal": 0, "pedestrian": 0, "bicycle": 1, "density": 0.2, "year_range": "2010-2024"}}, {"type": "Feature", "geometry": {"type": "Point", "coordinates": [-98.873874, 30.272072]}, "properties": {"crashes": 1, "injury": 0, "fatal": 0, "pedestrian": 0, "bicycle": 1, "density": 0.2, "year_range": "2010-2024"}}, {"type": "Feature", "geometry": {"type": "Point", "coordinates": [-95.527928, 29.610811]}, "properties": {"crashes": 1, "injury": 1, "fatal": 0, "pedestrian": 0, "bicycle": 1, "density": 0.2, "year_range": "2010-2024"}}, {"type": "Feature", "geometry": {"type": "Point", "coordinates": [-97.614414, 30.369369]}, "properties": {"crashes": 1, "injury": 1, "fatal": 0, "pedestrian": 0, "bicycle": 1, "density": 0.2, "year_range": "2010-2024"}}, {"type": "Feature", "geometry": {"type": "Point", "coordinates": [-95.127928, 29.54955]}, "properties": {"crashes": 1, "injury": 0, "fatal": 0, "pedestrian": 0, "bicycle": 1, "density": 0.2, "year_range": "2010-2024"}}, {"type": "Feature", "geometry": {"type": "Point", "coordinates": [-100.911712, 32.704505]}, "properties": {"crashes": 1, "injury": 0, "fatal": 0, "pedestrian": 0, "bicycle": 1, "density": 0.2, "year_range": "2010-2024"}}, {"type": "Feature", "geometry": {"type": "Point", "coordinates": [-98.232432, 26.190991]}, "properties": {"crashes": 1, "injury": 1, "fatal": 0, "pedestrian": 0, "bicycle": 1, "density": 0.2, "year_range": "2010-2024"}}, {"type": "Feature", "geometry": {"type": "Point", "coordinates": [-100.913514, 32.735135]}, "properties": {"crashes": 1, "injury": 1, "fatal": 0, "pedestrian": 0, "bicycle": 1, "density": 0.2, "year_range": "2010-2024"}}, {"type": "Feature", "geometry": {"type": "Point", "coordinates": [-95.21982, 30.131532]}, "properties": {"crashes": 1, "injury": 1, "fatal": 0, "pedestrian": 0, "bicycle": 1, "density": 0.2, "year_range": "2010-2024"}}, {"type": "Feature", "geometry": {"type": "Point", "coordinates": [-95.520721, 29.535135]}, "properties": {"crashes": 1, "injury": 0, "fatal": 0, "pedestrian": 0, "bicycle": 1, "density": 0.2, "year_range": "2010-2024"}}, {"type": "Feature", "geometry": {"type": "Point", "coordinates": [-95.508108, 29.630631]}, "properties": {"crashes": 1, "injury": 1, "fatal": 0, "pedestrian": 0, "bicycle": 1, "density": 0.2, "year_range": "2010-2024"}}, {"type": "Feature", "geometry": {"type": "Point", "coordinates": [-98.236036, 26.099099]}, "properties": {"crashes": 1, "injury": 0, "fatal": 0, "pedestrian": 0, "bicycle": 1, "density": 0.2, "year_range": "2010-2024"}}, {"type": "Feature", "geometry": {"type": "Point", "coordinates": [-95.354955, 29.632432]}, "properties": {"crashes": 1, "injury": 1, "fatal": 0, "pedestrian": 0, "bicycle": 1, "density": 0.2, "year_range": "2010-2024"}}, {"type": "Feature", "geometry": {"type": "Point", "coordinates": [-98.585586, 29.551351]}, "properties": {"crashes": 1, "injury": 1, "fatal": 0, "pedestrian": 0, "bicycle": 1, "density": 0.2, "year_range": "2010-2024"}}, {"type": "Feature", "geometry": {"type": "Point", "coordinates": [-101.963964, 35.877477]}, "properties": {"crashes": 1, "injury": 0, "fatal": 0, "pedestrian": 0, "bicycle": 1, "density": 0.2, "year_range": "2010-2024"}}, {"type": "Feature", "geometry": {"type": "Point", "coordinates": [-95.178378, 29.998198]}, "properties": {"crashes": 1, "injury": 1, "fatal": 0, "pedestrian": 0, "bicycle": 1, "density": 0.2, "year_range": "2010-2024"}}, {"type": "Feature", "geometry": {"type": "Point", "coordinates": [-97.645045, 29.681081]}, "properties": {"crashes": 1, "injury": 1, "fatal": 0, "pedestrian": 0, "bicycle": 1, "density": 0.2, "year_range": "2010-2024"}}, {"type": "Feature", "geometry": {"type": "Point", "coordinates": [-98.52973, 29.545946]}, "properties": {"crashes": 1, "injury": 1, "fatal": 0, "pedestrian": 0, "bicycle": 1, "density": 0.2, "year_range": "2010-2024"}}, {"type": "Feature", "geometry": {"type": "Point", "coordinates": [-97.711712, 26.18018]}, "properties": {"crashes": 1, "injury": 1, "fatal": 0, "pedestrian": 0, "bicycle": 1, "density": 0.2, "year_range": "2010-2024"}}, {"type": "Feature", "geometry": {"type": "Point", "coordinates": [-94.412613, 31.354955]}, "properties": {"crashes": 1, "injury": 1, "fatal": 0, "pedestrian": 0, "bicycle": 1, "density": 0.2, "year_range": "2010-2024"}}, {"type": "Feature", "geometry": {"type": "Point", "coordinates": [-97.185586, 32.926126]}, "properties": {"crashes": 1, "injury": 1, "fatal": 0, "pedestrian": 0, "bicycle": 1, "density": 0.2, "year_range": "2010-2024"}}, {"type": "Feature", "geometry": {"type": "Point", "coordinates": [-97.327928, 30.108108]}, "properties": {"crashes": 1, "injury": 1, "fatal": 0, "pedestrian": 0, "bicycle": 1, "density": 0.2, "year_range": "2010-2024"}}, {"type": "Feature", "geometry": {"type": "Point", "coordinates": [-97.304505, 32.538739]}, "properties": {"crashes": 1, "injury": 1, "fatal": 0, "pedestrian": 0, "bicycle": 1, "density": 0.2, "year_range": "2010-2024"}}, {"type": "Feature", "geometry": {"type": "Point", "coordinates": [-97.095495, 33.192793]}, "properties": {"crashes": 2, "injury": 2, "fatal": 0, "pedestrian": 0, "bicycle": 2, "density": 0.5, "year_range": "2010-2024"}}, {"type": "Feature", "geometry": {"type": "Point", "coordinates": [-95.07027, 29.318919]}, "properties": {"crashes": 1, "injury": 1, "fatal": 0, "pedestrian": 0, "bicycle": 1, "density": 0.2, "year_range": "2010-2024"}}, {"type": "Feature", "geometry": {"type": "Point", "coordinates": [-95.556757, 29.69009]}, "properties": {"crashes": 1, "injury": 1, "fatal": 0, "pedestrian": 0, "bicycle": 1, "density": 0.2, "year_range": "2010-2024"}}, {"type": "Feature", "geometry": {"type": "Point", "coordinates": [-94.138739, 30.068468]}, "properties": {"crashes": 1, "injury": 1, "fatal": 0, "pedestrian": 0, "bicycle": 1, "density": 0.2, "year_range": "2010-2024"}}, {"type": "Feature", "geometry": {"type": "Point", "coordinates": [-95.587387, 30.221622]}, "properties": {"crashes": 1, "injury": 1, "fatal": 0, "pedestrian": 0, "bicycle": 1, "density": 0.2, "year_range": "2010-2024"}}, {"type": "Feature", "geometry": {"type": "Point", "coordinates": [-97.927928, 29.886486]}, "properties": {"crashes": 2, "injury": 1, "fatal": 0, "pedestrian": 0, "bicycle": 2, "density": 0.5, "year_range": "2010-2024"}}, {"type": "Feature", "geometry": {"type": "Point", "coordinates": [-102.086486, 31.989189]}, "properties": {"crashes": 1, "injury": 1, "fatal": 0, "pedestrian": 0, "bicycle": 1, "density": 0.2, "year_range": "2010-2024"}}, {"type": "Feature", "geometry": {"type": "Point", "coordinates": [-98.54955, 29.356757]}, "properties": {"crashes": 1, "injury": 1, "fatal": 0, "pedestrian": 0, "bicycle": 1, "density": 0.2, "year_range": "2010-2024"}}, {"type": "Feature", "geometry": {"type": "Point", "coordinates": [-102.09009, 31.978378]}, "properties": {"crashes": 1, "injury": 1, "fatal": 0, "pedestrian": 0, "bicycle": 1, "density": 0.2, "year_range": "2010-2024"}}, {"type": "Feature", "geometry": {"type": "Point", "coordinates": [-94.994595, 29.378378]}, "properties": {"crashes": 1, "injury": 1, "fatal": 0, "pedestrian": 0, "bicycle": 1, "density": 0.2, "year_range": "2010-2024"}}, {"type": "Feature", "geometry": {"type": "Point", "coordinates": [-95.688288, 29.702703]}, "properties": {"crashes": 1, "injury": 1, "fatal": 0, "pedestrian": 0, "bicycle": 1, "density": 0.2, "year_range": "2010-2024"}}, {"type": "Feature", "geometry": {"type": "Point", "coordinates": [-95.100901, 29.506306]}, "properties": {"crashes": 1, "injury": 1, "fatal": 0, "pedestrian": 0, "bicycle": 1, "density": 0.2, "year_range": "2010-2024"}}, {"type": "Feature", "geometry": {"type": "Point", "coordinates": [-97.771171, 30.227027]}, "properties": {"crashes": 2, "injury": 2, "fatal": 0, "pedestrian": 0, "bicycle": 2, "density": 0.5, "year_range": "2010-2024"}}, {"type": "Feature", "geometry": {"type": "Point", "coordinates": [-95.428829, 30.032432]}, "properties": {"crashes": 1, "injury": 1, "fatal": 0, "pedestrian": 0, "bicycle": 1, "density": 0.2, "year_range": "2010-2024"}}, {"type": "Feature", "geometry": {"type": "Point", "coordinates": [-95.246847, 29.646847]}, "properties": {"crashes": 1, "injury": 0, "fatal": 0, "pedestrian": 0, "bicycle": 1, "density": 0.2, "year_range": "2010-2024"}}, {"type": "Feature", "geometry": {"type": "Point", "coordinates": [-97.304505, 32.706306]}, "properties": {"crashes": 1, "injury": 1, "fatal": 0, "pedestrian": 0, "bicycle": 1, "density": 0.2, "year_range": "2010-2024"}}, {"type": "Feature", "geometry": {"type": "Point", "coordinates": [-95.428829, 29.897297]}, "properties": {"crashes": 1, "injury": 1, "fatal": 0, "pedestrian": 0, "bicycle": 1, "density": 0.2, "year_range": "2010-2024"}}, {"type": "Feature", "geometry": {"type": "Point", "coordinates": [-97.407207, 27.697297]}, "properties": {"crashes": 1, "injury": 0, "fatal": 0, "pedestrian": 0, "bicycle": 1, "density": 0.2, "year_range": "2010-2024"}}, {"type": "Feature", "geometry": {"type": "Point", "coordinates": [-97.524324, 32.868468]}, "properties": {"crashes": 1, "injury": 0, "fatal": 0, "pedestrian": 0, "bicycle": 1, "density": 0.2, "year_range": "2010-2024"}}, {"type": "Feature", "geometry": {"type": "Point", "coordinates": [-100.504505, 31.436036]}, "properties": {"crashes": 1, "injury": 1, "fatal": 0, "pedestrian": 0, "bicycle": 1, "density": 0.2, "year_range": "2010-2024"}}, {"type": "Feature", "geometry": {"type": "Point", "coordinates": [-98.711712, 29.436036]}, "properties": {"crashes": 1, "injury": 1, "fatal": 0, "pedestrian": 0, "bicycle": 1, "density": 0.2, "year_range": "2010-2024"}}, {"type": "Feature", "geometry": {"type": "Point", "coordinates": [-96.50991, 32.086486]}, "properties": {"crashes": 1, "injury": 0, "fatal": 0, "pedestrian": 0, "bicycle": 1, "density": 0.2, "year_range": "2010-2024"}}, {"type": "Feature", "geometry": {"type": "Point", "coordinates": [-95.291892, 30.005405]}, "properties": {"crashes": 1, "injury": 1, "fatal": 1, "pedestrian": 0, "bicycle": 1, "density": 0.2, "year_range": "2010-2024"}}, {"type": "Feature", "geometry": {"type": "Point", "coordinates": [-95.432432, 29.18018]}, "properties": {"crashes": 1, "injury": 0, "fatal": 0, "pedestrian": 0, "bicycle": 1, "density": 0.2, "year_range": "2010-2024"}}, {"type": "Feature", "geometry": {"type": "Point", "coordinates": [-97.120721, 31.58018]}, "properties": {"crashes": 1, "injury": 1, "fatal": 0, "pedestrian": 0, "bicycle": 1, "density": 0.2, "year_range": "2010-2024"}}, {"type": "Feature", "geometry": {"type": "Point", "coordinates": [-97.74955, 30.21982]}, "properties": {"crashes": 1, "injury": 1, "fatal": 0, "pedestrian": 0, "bicycle": 1, "density": 0.2, "year_range": "2010-2024"}}, {"type": "Feature", "geometry": {"type": "Point", "coordinates": [-96.940541, 33.158559]}, "properties": {"crashes": 1, "injury": 1, "fatal": 0, "pedestrian": 0, "bicycle": 1, "density": 0.2, "year_range": "2010-2024"}}, {"type": "Feature", "geometry": {"type": "Point", "coordinates": [-97.666667, 30.441441]}, "properties": {"crashes": 1, "injury": 1, "fatal": 0, "pedestrian": 0, "bicycle": 1, "density": 0.2, "year_range": "2010-2024"}}, {"type": "Feature", "geometry": {"type": "Point", "coordinates": [-94.954955, 29.378378]}, "properties": {"crashes": 1, "injury": 1, "fatal": 0, "pedestrian": 0, "bicycle": 1, "density": 0.2, "year_range": "2010-2024"}}, {"type": "Feature", "geometry": {"type": "Point", "coordinates": [-106.317117, 31.677477]}, "properties": {"crashes": 1, "injury": 1, "fatal": 0, "pedestrian": 0, "bicycle": 1, "density": 0.2, "year_range": "2010-2024"}}, {"type": "Feature", "geometry": {"type": "Point", "coordinates": [-94.297297, 33.466667]}, "properties": {"crashes": 1, "injury": 1, "fatal": 0, "pedestrian": 0, "bicycle": 1, "density": 0.2, "year_range": "2010-2024"}}, {"type": "Feature", "geometry": {"type": "Point", "coordinates": [-97.34955, 32.789189]}, "properties": {"crashes": 1, "injury": 1, "fatal": 0, "pedestrian": 0, "bicycle": 1, "density": 0.2, "year_range": "2010-2024"}}, {"type": "Feature", "geometry": {"type": "Point", "coordinates": [-97.72973, 30.401802]}, "properties": {"crashes": 1, "injury": 1, "fatal": 0, "pedestrian": 0, "bicycle": 1, "density": 0.2, "year_range": "2010-2024"}}, {"type": "Feature", "geometry": {"type": "Point", "coordinates": [-97.45045, 32.722523]}, "properties": {"crashes": 1, "injury": 1, "fatal": 0, "pedestrian": 0, "bicycle": 1, "density": 0.2, "year_range": "2010-2024"}}, {"type": "Feature", "geometry": {"type": "Point", "coordinates": [-98.398198, 29.50991]}, "properties": {"crashes": 1, "injury": 1, "fatal": 0, "pedestrian": 0, "bicycle": 1, "density": 0.2, "year_range": "2010-2024"}}, {"type": "Feature", "geometry": {"type": "Point", "coordinates": [-97.140541, 33.232432]}, "properties": {"crashes": 1, "injury": 1, "fatal": 0, "pedestrian": 0, "bicycle": 1, "density": 0.2, "year_range": "2010-2024"}}, {"type": "Feature", "geometry": {"type": "Point", "coordinates": [-95.079279, 29.554955]}, "properties": {"crashes": 1, "injury": 1, "fatal": 0, "pedestrian": 0, "bicycle": 1, "density": 0.2, "year_range": "2010-2024"}}, {"type": "Feature", "geometry": {"type": "Point", "coordinates": [-98.684685, 29.45045]}, "properties": {"crashes": 1, "injury": 1, "fatal": 0, "pedestrian": 0, "bicycle": 1, "density": 0.2, "year_range": "2010-2024"}}, {"type": "Feature", "geometry": {"type": "Point", "coordinates": [-98.315315, 29.556757]}, "properties": {"crashes": 1, "injury": 1, "fatal": 0, "pedestrian": 0, "bicycle": 1, "density": 0.2, "year_range": "2010-2024"}}, {"type": "Feature", "geometry": {"type": "Point", "coordinates": [-97.36036, 31.102703]}, "properties": {"crashes": 2, "injury": 1, "fatal": 0, "pedestrian": 0, "bicycle": 2, "density": 0.5, "year_range": "2010-2024"}}, {"type": "Feature", "geometry": {"type": "Point", "coordinates": [-101.855856, 33.563964]}, "properties": {"crashes": 1, "injury": 1, "fatal": 0, "pedestrian": 0, "bicycle": 1, "density": 0.2, "year_range": "2010-2024"}}, {"type": "Feature", "geometry": {"type": "Point", "coordinates": [-97.124324, 33.189189]}, "properties": {"crashes": 1, "injury": 1, "fatal": 0, "pedestrian": 0, "bicycle": 1, "density": 0.2, "year_range": "2010-2024"}}, {"type": "Feature", "geometry": {"type": "Point", "coordinates": [-97.455856, 25.926126]}, "properties": {"crashes": 1, "injury": 1, "fatal": 0, "pedestrian": 0, "bicycle": 1, "density": 0.2, "year_range": "2010-2024"}}, {"type": "Feature", "geometry": {"type": "Point", "coordinates": [-97.264865, 32.812613]}, "properties": {"crashes": 1, "injury": 0, "fatal": 0, "pedestrian": 0, "bicycle": 1, "density": 0.2, "year_range": "2010-2024"}}, {"type": "Feature", "geometry": {"type": "Point", "coordinates": [-94.064865, 33.448649]}, "properties": {"crashes": 1, "injury": 1, "fatal": 0, "pedestrian": 0, "bicycle": 1, "density": 0.2, "year_range": "2010-2024"}}, {"type": "Feature", "geometry": {"type": "Point", "coordinates": [-106.43964, 31.854054]}, "properties": {"crashes": 1, "injury": 1, "fatal": 0, "pedestrian": 0, "bicycle": 1, "density": 0.2, "year_range": "2010-2024"}}, {"type": "Feature", "geometry": {"type": "Point", "coordinates": [-99.783784, 29.210811]}, "properties": {"crashes": 1, "injury": 0, "fatal": 0, "pedestrian": 0, "bicycle": 1, "density": 0.2, "year_range": "2010-2024"}}, {"type": "Feature", "geometry": {"type": "Point", "coordinates": [-98.232432, 29.571171]}, "properties": {"crashes": 1, "injury": 1, "fatal": 0, "pedestrian": 0, "bicycle": 1, "density": 0.2, "year_range": "2010-2024"}}, {"type": "Feature", "geometry": {"type": "Point", "coordinates": [-97.18018, 32.268468]}, "properties": {"crashes": 1, "injury": 1, "fatal": 0, "pedestrian": 0, "bicycle": 1, "density": 0.2, "year_range": "2010-2024"}}, {"type": "Feature", "geometry": {"type": "Point", "coordinates": [-97.126126, 27.965766]}, "properties": {"crashes": 1, "injury": 1, "fatal": 0, "pedestrian": 0, "bicycle": 1, "density": 0.2, "year_range": "2010-2024"}}, {"type": "Feature", "geometry": {"type": "Point", "coordinates": [-97.904505, 31.120721]}, "properties": {"crashes": 1, "injury": 1, "fatal": 0, "pedestrian": 0, "bicycle": 1, "density": 0.2, "year_range": "2010-2024"}}, {"type": "Feature", "geometry": {"type": "Point", "coordinates": [-96.74955, 33.01982]}, "properties": {"crashes": 1, "injury": 1, "fatal": 0, "pedestrian": 0, "bicycle": 1, "density": 0.2, "year_range": "2010-2024"}}, {"type": "Feature", "geometry": {"type": "Point", "coordinates": [-97.688288, 30.517117]}, "properties": {"crashes": 1, "injury": 1, "fatal": 0, "pedestrian": 0, "bicycle": 1, "density": 0.2, "year_range": "2010-2024"}}, {"type": "Feature", "geometry": {"type": "Point", "coordinates": [-96.805405, 33.113514]}, "properties": {"crashes": 1, "injury": 0, "fatal": 0, "pedestrian": 0, "bicycle": 1, "density": 0.2, "year_range": "2010-2024"}}, {"type": "Feature", "geometry": {"type": "Point", "coordinates": [-101.855856, 33.54955]}, "properties": {"crashes": 1, "injury": 0, "fatal": 0, "pedestrian": 0, "bicycle": 1, "density": 0.2, "year_range": "2010-2024"}}, {"type": "Feature", "geometry": {"type": "Point", "coordinates": [-98.192793, 26.136937]}, "properties": {"crashes": 1, "injury": 1, "fatal": 0, "pedestrian": 0, "bicycle": 1, "density": 0.2, "year_range": "2010-2024"}}, {"type": "Feature", "geometry": {"type": "Point", "coordinates": [-98.87027, 32.754955]}, "properties": {"crashes": 1, "injury": 1, "fatal": 0, "pedestrian": 0, "bicycle": 1, "density": 0.2, "year_range": "2010-2024"}}, {"type": "Feature", "geometry": {"type": "Point", "coordinates": [-94.947748, 29.394595]}, "properties": {"crashes": 1, "injury": 0, "fatal": 0, "pedestrian": 0, "bicycle": 1, "density": 0.2, "year_range": "2010-2024"}}, {"type": "Feature", "geometry": {"type": "Point", "coordinates": [-97.702703, 26.212613]}, "properties": {"crashes": 1, "injury": 0, "fatal": 0, "pedestrian": 0, "bicycle": 1, "density": 0.2, "year_range": "2010-2024"}}, {"type": "Feature", "geometry": {"type": "Point", "coordinates": [-97.046847, 28.030631]}, "properties": {"crashes": 1, "injury": 1, "fatal": 0, "pedestrian": 0, "bicycle": 1, "density": 0.2, "year_range": "2010-2024"}}, {"type": "Feature", "geometry": {"type": "Point", "coordinates": [-98.288288, 29.544144]}, "properties": {"crashes": 1, "injury": 1, "fatal": 0, "pedestrian": 0, "bicycle": 1, "density": 0.2, "year_range": "2010-2024"}}, {"type": "Feature", "geometry": {"type": "Point", "coordinates": [-95.569369, 30.718919]}, "properties": {"crashes": 1, "injury": 1, "fatal": 0, "pedestrian": 0, "bicycle": 1, "density": 0.2, "year_range": "2010-2024"}}, {"type": "Feature", "geometry": {"type": "Point", "coordinates": [-98.511712, 29.385586]}, "properties": {"crashes": 1, "injury": 0, "fatal": 0, "pedestrian": 0, "bicycle": 1, "density": 0.2, "year_range": "2010-2024"}}, {"type": "Feature", "geometry": {"type": "Point", "coordinates": [-94.787387, 32.52973]}, "properties": {"crashes": 1, "injury": 1, "fatal": 0, "pedestrian": 0, "bicycle": 1, "density": 0.2, "year_range": "2010-2024"}}, {"type": "Feature", "geometry": {"type": "Point", "coordinates": [-98.405405, 29.401802]}, "properties": {"crashes": 1, "injury": 1, "fatal": 0, "pedestrian": 0, "bicycle": 1, "density": 0.2, "year_range": "2010-2024"}}, {"type": "Feature", "geometry": {"type": "Point", "coordinates": [-97.279279, 27.673874]}, "properties": {"crashes": 1, "injury": 1, "fatal": 1, "pedestrian": 0, "bicycle": 1, "density": 0.2, "year_range": "2010-2024"}}, {"type": "Feature", "geometry": {"type": "Point", "coordinates": [-95.65045, 30.127928]}, "properties": {"crashes": 1, "injury": 1, "fatal": 0, "pedestrian": 0, "bicycle": 1, "density": 0.2, "year_range": "2010-2024"}}, {"type": "Feature", "geometry": {"type": "Point", "coordinates": [-98.210811, 26.2]}, "properties": {"crashes": 1, "injury": 1, "fatal": 0, "pedestrian": 0, "bicycle": 1, "density": 0.2, "year_range": "2010-2024"}}, {"type": "Feature", "geometry": {"type": "Point", "coordinates": [-94.81982, 29.293694]}, "properties": {"crashes": 2, "injury": 2, "fatal": 1, "pedestrian": 0, "bicycle": 2, "density": 0.5, "year_range": "2010-2024"}}, {"type": "Feature", "geometry": {"type": "Point", "coordinates": [-96.273874, 29.194595]}, "properties": {"crashes": 1, "injury": 1, "fatal": 0, "pedestrian": 0, "bicycle": 1, "density": 0.2, "year_range": "2010-2024"}}, {"type": "Feature", "geometry": {"type": "Point", "coordinates": [-96.812613, 32.783784]}, "properties": {"crashes": 1, "injury": 1, "fatal": 0, "pedestrian": 0, "bicycle": 1, "density": 0.2, "year_range": "2010-2024"}}, {"type": "Feature", "geometry": {"type": "Point", "coordinates": [-97.454054, 31.032432]}, "properties": {"crashes": 1, "injury": 1, "fatal": 1, "pedestrian": 0, "bicycle": 1, "density": 0.2, "year_range": "2010-2024"}}, {"type": "Feature", "geometry": {"type": "Point", "coordinates": [-97.414414, 27.798198]}, "properties": {"crashes": 1, "injury": 1, "fatal": 0, "pedestrian": 0, "bicycle": 1, "density": 0.2, "year_range": "2010-2024"}}, {"type": "Feature", "geometry": {"type": "Point", "coordinates": [-93.827027, 30.23964]}, "properties": {"crashes": 1, "injury": 1, "fatal": 0, "pedestrian": 0, "bicycle": 1, "density": 0.2, "year_range": "2010-2024"}}, {"type": "Feature", "geometry": {"type": "Point", "coordinates": [-95.445045, 30.07027]}, "properties": {"crashes": 1, "injury": 1, "fatal": 0, "pedestrian": 0, "bicycle": 1, "density": 0.2, "year_range": "2010-2024"}}, {"type": "Feature", "geometry": {"type": "Point", "coordinates": [-97.989189, 29.587387]}, "properties": {"crashes": 1, "injury": 1, "fatal": 1, "pedestrian": 0, "bicycle": 1, "density": 0.2, "year_range": "2010-2024"}}, {"type": "Feature", "geometry": {"type": "Point", "coordinates": [-95.643243, 29.772973]}, "properties": {"crashes": 1, "injury": 1, "fatal": 0, "pedestrian": 0, "bicycle": 1, "density": 0.2, "year_range": "2010-2024"}}, {"type": "Feature", "geometry": {"type": "Point", "coordinates": [-98.544144, 29.345946]}, "properties": {"crashes": 1, "injury": 1, "fatal": 0, "pedestrian": 0, "bicycle": 1, "density": 0.2, "year_range": "2010-2024"}}, {"type": "Feature", "geometry": {"type": "Point", "coordinates": [-99.484685, 27.52973]}, "properties": {"crashes": 1, "injury": 1, "fatal": 0, "pedestrian": 0, "bicycle": 1, "density": 0.2, "year_range": "2010-2024"}}, {"type": "Feature", "geometry": {"type": "Point", "coordinates": [-96.632432, 33.216216]}, "properties": {"crashes": 1, "injury": 1, "fatal": 0, "pedestrian": 0, "bicycle": 1, "density": 0.2, "year_range": "2010-2024"}}, {"type": "Feature", "geometry": {"type": "Point", "coordinates": [-96.682883, 32.781982]}, "properties": {"crashes": 1, "injury": 1, "fatal": 0, "pedestrian": 0, "bicycle": 1, "density": 0.2, "year_range": "2010-2024"}}, {"type": "Feature", "geometry": {"type": "Point", "coordinates": [-95.563964, 29.601802]}, "properties": {"crashes": 1, "injury": 1, "fatal": 0, "pedestrian": 0, "bicycle": 1, "density": 0.2, "year_range": "2010-2024"}}, {"type": "Feature", "geometry": {"type": "Point", "coordinates": [-98.758559, 29.423423]}, "properties": {"crashes": 1, "injury": 1, "fatal": 0, "pedestrian": 0, "bicycle": 1, "density": 0.2, "year_range": "2010-2024"}}, {"type": "Feature", "geometry": {"type": "Point", "coordinates": [-95.459459, 29.736937]}, "properties": {"crashes": 1, "injury": 1, "fatal": 0, "pedestrian": 0, "bicycle": 1, "density": 0.2, "year_range": "2010-2024"}}, {"type": "Feature", "geometry": {"type": "Point", "coordinates": [-97.135135, 32.659459]}, "properties": {"crashes": 1, "injury": 1, "fatal": 0, "pedestrian": 0, "bicycle": 1, "density": 0.2, "year_range": "2010-2024"}}, {"type": "Feature", "geometry": {"type": "Point", "coordinates": [-97.663063, 30.677477]}, "properties": {"crashes": 1, "injury": 0, "fatal": 0, "pedestrian": 0, "bicycle": 1, "density": 0.2, "year_range": "2010-2024"}}, {"type": "Feature", "geometry": {"type": "Point", "coordinates": [-106.508108, 31.792793]}, "properties": {"crashes": 1, "injury": 0, "fatal": 0, "pedestrian": 0, "bicycle": 1, "density": 0.2, "year_range": "2010-2024"}}, {"type": "Feature", "geometry": {"type": "Point", "coordinates": [-96.803604, 33.163964]}, "properties": {"crashes": 1, "injury": 0, "fatal": 0, "pedestrian": 0, "bicycle": 1, "density": 0.2, "year_range": "2010-2024"}}, {"type": "Feature", "geometry": {"type": "Point", "coordinates": [-101.827027, 35.192793]}, "properties": {"crashes": 1, "injury": 1, "fatal": 0, "pedestrian": 0, "bicycle": 1, "density": 0.2, "year_range": "2010-2024"}}, {"type": "Feature", "geometry": {"type": "Point", "coordinates": [-98.562162, 34.082883]}, "properties": {"crashes": 1, "injury": 1, "fatal": 0, "pedestrian": 0, "bicycle": 1, "density": 0.2, "year_range": "2010-2024"}}, {"type": "Feature", "geometry": {"type": "Point", "coordinates": [-97.133333, 31.527928]}, "properties": {"crashes": 1, "injury": 1, "fatal": 0, "pedestrian": 0, "bicycle": 1, "density": 0.2, "year_range": "2010-2024"}}, {"type": "Feature", "geometry": {"type": "Point", "coordinates": [-97.836036, 30.21982]}, "properties": {"crashes": 1, "injury": 1, "fatal": 0, "pedestrian": 0, "bicycle": 1, "density": 0.2, "year_range": "2010-2024"}}, {"type": "Feature", "geometry": {"type": "Point", "coordinates": [-96.340541, 30.603604]}, "properties": {"crashes": 2, "injury": 1, "fatal": 0, "pedestrian": 0, "bicycle": 2, "density": 0.5, "year_range": "2010-2024"}}, {"type": "Feature", "geometry": {"type": "Point", "coordinates": [-97.016216, 32.742342]}, "properties": {"crashes": 1, "injury": 0, "fatal": 0, "pedestrian": 0, "bicycle": 1, "density": 0.2, "year_range": "2010-2024"}}, {"type": "Feature", "geometry": {"type": "Point", "coordinates": [-97.324324, 27.899099]}, "properties": {"crashes": 1, "injury": 0, "fatal": 0, "pedestrian": 0, "bicycle": 1, "density": 0.2, "year_range": "2010-2024"}}, {"type": "Feature", "geometry": {"type": "Point", "coordinates": [-97.315315, 32.544144]}, "properties": {"crashes": 1, "injury": 1, "fatal": 0, "pedestrian": 0, "bicycle": 1, "density": 0.2, "year_range": "2010-2024"}}, {"type": "Feature", "geometry": {"type": "Point", "coordinates": [-94.717117, 31.345946]}, "properties": {"crashes": 1, "injury": 1, "fatal": 0, "pedestrian": 0, "bicycle": 1, "density": 0.2, "year_range": "2010-2024"}}, {"type": "Feature", "geometry": {"type": "Point", "coordinates": [-97.695495, 30.535135]}, "properties": {"crashes": 1, "injury": 1, "fatal": 0, "pedestrian": 0, "bicycle": 1, "density": 0.2, "year_range": "2010-2024"}}, {"type": "Feature", "geometry": {"type": "Point", "coordinates": [-101.87027, 33.605405]}, "properties": {"crashes": 1, "injury": 0, "fatal": 0, "pedestrian": 0, "bicycle": 1, "density": 0.2, "year_range": "2010-2024"}}, {"type": "Feature", "geometry": {"type": "Point", "coordinates": [-94.803604, 29.832432]}, "properties": {"crashes": 1, "injury": 1, "fatal": 0, "pedestrian": 0, "bicycle": 1, "density": 0.2, "year_range": "2010-2024"}}, {"type": "Feature", "geometry": {"type": "Point", "coordinates": [-95.700901, 30.49009]}, "properties": {"crashes": 1, "injury": 1, "fatal": 0, "pedestrian": 0, "bicycle": 1, "density": 0.2, "year_range": "2010-2024"}}, {"type": "Feature", "geometry": {"type": "Point", "coordinates": [-97.142342, 32.814414]}, "properties": {"crashes": 1, "injury": 1, "fatal": 1, "pedestrian": 0, "bicycle": 1, "density": 0.2, "year_range": "2010-2024"}}, {"type": "Feature", "geometry": {"type": "Point", "coordinates": [-98.354955, 29.553153]}, "properties": {"crashes": 1, "injury": 1, "fatal": 0, "pedestrian": 0, "bicycle": 1, "density": 0.2, "year_range": "2010-2024"}}, {"type": "Feature", "geometry": {"type": "Point", "coordinates": [-98.518919, 29.392793]}, "properties": {"crashes": 1, "injury": 0, "fatal": 0, "pedestrian": 0, "bicycle": 1, "density": 0.2, "year_range": "2010-2024"}}, {"type": "Feature", "geometry": {"type": "Point", "coordinates": [-98.38018, 29.540541]}, "properties": {"crashes": 1, "injury": 1, "fatal": 0, "pedestrian": 0, "bicycle": 1, "density": 0.2, "year_range": "2010-2024"}}, {"type": "Feature", "geometry": {"type": "Point", "coordinates": [-102.43964, 31.855856]}, "properties": {"crashes": 1, "injury": 0, "fatal": 0, "pedestrian": 0, "bicycle": 1, "density": 0.2, "year_range": "2010-2024"}}, {"type": "Feature", "geometry": {"type": "Point", "coordinates": [-94.837838, 29.288288]}, "properties": {"crashes": 1, "injury": 1, "fatal": 0, "pedestrian": 0, "bicycle": 1, "density": 0.2, "year_range": "2010-2024"}}, {"type": "Feature", "geometry": {"type": "Point", "coordinates": [-97.014414, 32.855856]}, "properties": {"crashes": 1, "injury": 1, "fatal": 0, "pedestrian": 0, "bicycle": 1, "density": 0.2, "year_range": "2010-2024"}}, {"type": "Feature", "geometry": {"type": "Point", "coordinates": [-95.264865, 32.331532]}, "properties": {"crashes": 1, "injury": 1, "fatal": 0, "pedestrian": 0, "bicycle": 1, "density": 0.2, "year_range": "2010-2024"}}, {"type": "Feature", "geometry": {"type": "Point", "coordinates": [-96.695495, 33.003604]}, "properties": {"crashes": 1, "injury": 1, "fatal": 0, "pedestrian": 0, "bicycle": 1, "density": 0.2, "year_range": "2010-2024"}}, {"type": "Feature", "geometry": {"type": "Point", "coordinates": [-96.347748, 30.587387]}, "properties": {"crashes": 1, "injury": 1, "fatal": 0, "pedestrian": 0, "bicycle": 1, "density": 0.2, "year_range": "2010-2024"}}, {"type": "Feature", "geometry": {"type": "Point", "coordinates": [-101.897297, 35.205405]}, "properties": {"crashes": 1, "injury": 0, "fatal": 0, "pedestrian": 0, "bicycle": 1, "density": 0.2, "year_range": "2010-2024"}}, {"type": "Feature", "geometry": {"type": "Point", "coordinates": [-98.273874, 29.594595]}, "properties": {"crashes": 1, "injury": 1, "fatal": 0, "pedestrian": 0, "bicycle": 1, "density": 0.2, "year_range": "2010-2024"}}, {"type": "Feature", "geometry": {"type": "Point", "coordinates": [-97.994595, 26.16036]}, "properties": {"crashes": 1, "injury": 1, "fatal": 0, "pedestrian": 0, "bicycle": 1, "density": 0.2, "year_range": "2010-2024"}}, {"type": "Feature", "geometry": {"type": "Point", "coordinates": [-98.772973, 29.518919]}, "properties": {"crashes": 1, "injury": 0, "fatal": 0, "pedestrian": 0, "bicycle": 1, "density": 0.2, "year_range": "2010-2024"}}, {"type": "Feature", "geometry": {"type": "Point", "coordinates": [-95.21982, 32.322523]}, "properties": {"crashes": 1, "injury": 0, "fatal": 0, "pedestrian": 0, "bicycle": 1, "density": 0.2, "year_range": "2010-2024"}}, {"type": "Feature", "geometry": {"type": "Point", "coordinates": [-95.567568, 29.65045]}, "properties": {"crashes": 1, "injury": 1, "fatal": 0, "pedestrian": 0, "bicycle": 1, "density": 0.2, "year_range": "2010-2024"}}, {"type": "Feature", "geometry": {"type": "Point", "coordinates": [-99.151351, 30.054054]}, "properties": {"crashes": 1, "injury": 1, "fatal": 0, "pedestrian": 0, "bicycle": 1, "density": 0.2, "year_range": "2010-2024"}}, {"type": "Feature", "geometry": {"type": "Point", "coordinates": [-106.482883, 31.756757]}, "properties": {"crashes": 1, "injury": 1, "fatal": 0, "pedestrian": 0, "bicycle": 1, "density": 0.2, "year_range": "2010-2024"}}, {"type": "Feature", "geometry": {"type": "Point", "coordinates": [-96.837838, 32.443243]}, "properties": {"crashes": 1, "injury": 1, "fatal": 1, "pedestrian": 0, "bicycle": 1, "density": 0.2, "year_range": "2010-2024"}}, {"type": "Feature", "geometry": {"type": "Point", "coordinates": [-96.976577, 32.533333]}, "properties": {"crashes": 1, "injury": 1, "fatal": 0, "pedestrian": 0, "bicycle": 1, "density": 0.2, "year_range": "2010-2024"}}, {"type": "Feature", "geometry": {"type": "Point", "coordinates": [-95.264865, 29.774775]}, "properties": {"crashes": 1, "injury": 1, "fatal": 0, "pedestrian": 0, "bicycle": 1, "density": 0.2, "year_range": "2010-2024"}}, {"type": "Feature", "geometry": {"type": "Point", "coordinates": [-94.926126, 29.392793]}, "properties": {"crashes": 1, "injury": 1, "fatal": 0, "pedestrian": 0, "bicycle": 1, "density": 0.2, "year_range": "2010-2024"}}, {"type": "Feature", "geometry": {"type": "Point", "coordinates": [-95.924324, 30.055856]}, "properties": {"crashes": 1, "injury": 1, "fatal": 0, "pedestrian": 0, "bicycle": 1, "density": 0.2, "year_range": "2010-2024"}}, {"type": "Feature", "geometry": {"type": "Point", "coordinates": [-97.264865, 32.836036]}, "properties": {"crashes": 1, "injury": 1, "fatal": 0, "pedestrian": 0, "bicycle": 1, "density": 0.2, "year_range": "2010-2024"}}, {"type": "Feature", "geometry": {"type": "Point", "coordinates": [-97.234234, 33.010811]}, "properties": {"crashes": 1, "injury": 1, "fatal": 0, "pedestrian": 0, "bicycle": 1, "density": 0.2, "year_range": "2010-2024"}}, {"type": "Feature", "geometry": {"type": "Point", "coordinates": [-95.618018, 30.221622]}, "properties": {"crashes": 1, "injury": 1, "fatal": 0, "pedestrian": 0, "bicycle": 1, "density": 0.2, "year_range": "2010-2024"}}, {"type": "Feature", "geometry": {"type": "Point", "coordinates": [-96.508108, 32.920721]}, "properties": {"crashes": 1, "injury": 1, "fatal": 0, "pedestrian": 0, "bicycle": 1, "density": 0.2, "year_range": "2010-2024"}}, {"type": "Feature", "geometry": {"type": "Point", "coordinates": [-94.362162, 32.16036]}, "properties": {"crashes": 1, "injury": 1, "fatal": 0, "pedestrian": 0, "bicycle": 1, "density": 0.2, "year_range": "2010-2024"}}, {"type": "Feature", "geometry": {"type": "Point", "coordinates": [-102.077477, 31.996396]}, "properties": {"crashes": 1, "injury": 1, "fatal": 0, "pedestrian": 0, "bicycle": 1, "density": 0.2, "year_range": "2010-2024"}}, {"type": "Feature", "geometry": {"type": "Point", "coordinates": [-97.194595, 31.50991]}, "properties": {"crashes": 1, "injury": 1, "fatal": 0, "pedestrian": 0, "bicycle": 1, "density": 0.2, "year_range": "2010-2024"}}, {"type": "Feature", "geometry": {"type": "Point", "coordinates": [-97.29009, 27.672072]}, "properties": {"crashes": 1, "injury": 1, "fatal": 0, "pedestrian": 0, "bicycle": 1, "density": 0.2, "year_range": "2010-2024"}}, {"type": "Feature", "geometry": {"type": "Point", "coordinates": [-95.335135, 29.823423]}, "properties": {"crashes": 1, "injury": 1, "fatal": 0, "pedestrian": 0, "bicycle": 1, "density": 0.2, "year_range": "2010-2024"}}, {"type": "Feature", "geometry": {"type": "Point", "coordinates": [-98.515315, 29.396396]}, "properties": {"crashes": 1, "injury": 1, "fatal": 0, "pedestrian": 0, "bicycle": 1, "density": 0.2, "year_range": "2010-2024"}}, {"type": "Feature", "geometry": {"type": "Point", "coordinates": [-102.392793, 34.821622]}, "properties": {"crashes": 1, "injury": 1, "fatal": 0, "pedestrian": 0, "bicycle": 1, "density": 0.2, "year_range": "2010-2024"}}, {"type": "Feature", "geometry": {"type": "Point", "coordinates": [-95.409009, 30.025225]}, "properties": {"crashes": 1, "injury": 1, "fatal": 1, "pedestrian": 0, "bicycle": 1, "density": 0.2, "year_range": "2010-2024"}}, {"type": "Feature", "geometry": {"type": "Point", "coordinates": [-97.72973, 30.279279]}, "properties": {"crashes": 1, "injury": 1, "fatal": 0, "pedestrian": 0, "bicycle": 1, "density": 0.2, "year_range": "2010-2024"}}, {"type": "Feature", "geometry": {"type": "Point", "coordinates": [-96.396396, 30.681081]}, "properties": {"crashes": 1, "injury": 1, "fatal": 0, "pedestrian": 0, "bicycle": 1, "density": 0.2, "year_range": "2010-2024"}}, {"type": "Feature", "geometry": {"type": "Point", "coordinates": [-96.628829, 32.823423]}, "properties": {"crashes": 1, "injury": 1, "fatal": 0, "pedestrian": 0, "bicycle": 1, "density": 0.2, "year_range": "2010-2024"}}, {"type": "Feature", "geometry": {"type": "Point", "coordinates": [-94.940541, 30.727928]}, "properties": {"crashes": 1, "injury": 1, "fatal": 0, "pedestrian": 0, "bicycle": 1, "density": 0.2, "year_range": "2010-2024"}}, {"type": "Feature", "geometry": {"type": "Point", "coordinates": [-94.081081, 33.436036]}, "properties": {"crashes": 1, "injury": 1, "fatal": 0, "pedestrian": 0, "bicycle": 1, "density": 0.2, "year_range": "2010-2024"}}, {"type": "Feature", "geometry": {"type": "Point", "coordinates": [-95.924324, 29.722523]}, "properties": {"crashes": 1, "injury": 1, "fatal": 0, "pedestrian": 0, "bicycle": 1, "density": 0.2, "year_range": "2010-2024"}}, {"type": "Feature", "geometry": {"type": "Point", "coordinates": [-98.259459, 26.223423]}, "properties": {"crashes": 1, "injury": 1, "fatal": 0, "pedestrian": 0, "bicycle": 1, "density": 0.2, "year_range": "2010-2024"}}, {"type": "Feature", "geometry": {"type": "Point", "coordinates": [-97.855856, 27.491892]}, "properties": {"crashes": 1, "injury": 1, "fatal": 0, "pedestrian": 0, "bicycle": 1, "density": 0.2, "year_range": "2010-2024"}}, {"type": "Feature", "geometry": {"type": "Point", "coordinates": [-95.641441, 29.145946]}, "properties": {"crashes": 1, "injury": 1, "fatal": 0, "pedestrian": 0, "bicycle": 1, "density": 0.2, "year_range": "2010-2024"}}, {"type": "Feature", "geometry": {"type": "Point", "coordinates": [-97.299099, 32.794595]}, "properties": {"crashes": 1, "injury": 1, "fatal": 0, "pedestrian": 0, "bicycle": 1, "density": 0.2, "year_range": "2010-2024"}}, {"type": "Feature", "geometry": {"type": "Point", "coordinates": [-106.409009, 31.765766]}, "properties": {"crashes": 1, "injury": 1, "fatal": 0, "pedestrian": 0, "bicycle": 1, "density": 0.2, "year_range": "2010-2024"}}, {"type": "Feature", "geometry": {"type": "Point", "coordinates": [-95.086486, 29.515315]}, "properties": {"crashes": 1, "injury": 1, "fatal": 0, "pedestrian": 0, "bicycle": 1, "density": 0.2, "year_range": "2010-2024"}}, {"type": "Feature", "geometry": {"type": "Point", "coordinates": [-98.16036, 26.308108]}, "properties": {"crashes": 2, "injury": 2, "fatal": 0, "pedestrian": 0, "bicycle": 2, "density": 0.5, "year_range": "2010-2024"}}, {"type": "Feature", "geometry": {"type": "Point", "coordinates": [-95.295495, 32.32973]}, "properties": {"crashes": 1, "injury": 0, "fatal": 0, "pedestrian": 0, "bicycle": 1, "density": 0.2, "year_range": "2010-2024"}}, {"type": "Feature", "geometry": {"type": "Point", "coordinates": [-95.291892, 32.954955]}, "properties": {"crashes": 1, "injury": 1, "fatal": 0, "pedestrian": 0, "bicycle": 1, "density": 0.2, "year_range": "2010-2024"}}, {"type": "Feature", "geometry": {"type": "Point", "coordinates": [-97.695495, 30.347748]}, "properties": {"crashes": 1, "injury": 1, "fatal": 0, "pedestrian": 0, "bicycle": 1, "density": 0.2, "year_range": "2010-2024"}}, {"type": "Feature", "geometry": {"type": "Point", "coordinates": [-97.324324, 31.963964]}, "properties": {"crashes": 1, "injury": 0, "fatal": 0, "pedestrian": 0, "bicycle": 1, "density": 0.2, "year_range": "2010-2024"}}, {"type": "Feature", "geometry": {"type": "Point", "coordinates": [-95.630631, 30.74955]}, "properties": {"crashes": 1, "injury": 0, "fatal": 0, "pedestrian": 0, "bicycle": 1, "density": 0.2, "year_range": "2010-2024"}}, {"type": "Feature", "geometry": {"type": "Point", "coordinates": [-97.446847, 32.711712]}, "properties": {"crashes": 1, "injury": 0, "fatal": 0, "pedestrian": 0, "bicycle": 1, "density": 0.2, "year_range": "2010-2024"}}, {"type": "Feature", "geometry": {"type": "Point", "coordinates": [-95.281081, 29.342342]}, "properties": {"crashes": 1, "injury": 1, "fatal": 0, "pedestrian": 0, "bicycle": 1, "density": 0.2, "year_range": "2010-2024"}}, {"type": "Feature", "geometry": {"type": "Point", "coordinates": [-95.448649, 30.315315]}, "properties": {"crashes": 1, "injury": 1, "fatal": 0, "pedestrian": 0, "bicycle": 1, "density": 0.2, "year_range": "2010-2024"}}, {"type": "Feature", "geometry": {"type": "Point", "coordinates": [-98.506306, 29.520721]}, "properties": {"crashes": 2, "injury": 2, "fatal": 0, "pedestrian": 0, "bicycle": 2, "density": 0.5, "year_range": "2010-2024"}}, {"type": "Feature", "geometry": {"type": "Point", "coordinates": [-97.825225, 33.572973]}, "properties": {"crashes": 1, "injury": 1, "fatal": 0, "pedestrian": 0, "bicycle": 1, "density": 0.2, "year_range": "2010-2024"}}, {"type": "Feature", "geometry": {"type": "Point", "coordinates": [-95.232432, 30.12973]}, "properties": {"crashes": 1, "injury": 1, "fatal": 0, "pedestrian": 0, "bicycle": 1, "density": 0.2, "year_range": "2010-2024"}}, {"type": "Feature", "geometry": {"type": "Point", "coordinates": [-98.445045, 29.488288]}, "properties": {"crashes": 1, "injury": 1, "fatal": 0, "pedestrian": 0, "bicycle": 1, "density": 0.2, "year_range": "2010-2024"}}, {"type": "Feature", "geometry": {"type": "Point", "coordinates": [-94.025225, 30.124324]}, "properties": {"crashes": 1, "injury": 1, "fatal": 0, "pedestrian": 0, "bicycle": 1, "density": 0.2, "year_range": "2010-2024"}}, {"type": "Feature", "geometry": {"type": "Point", "coordinates": [-101.866667, 35.221622]}, "properties": {"crashes": 1, "injury": 1, "fatal": 0, "pedestrian": 0, "bicycle": 1, "density": 0.2, "year_range": "2010-2024"}}, {"type": "Feature", "geometry": {"type": "Point", "coordinates": [-95.412613, 29.87027]}, "properties": {"crashes": 1, "injury": 1, "fatal": 0, "pedestrian": 0, "bicycle": 1, "density": 0.2, "year_range": "2010-2024"}}, {"type": "Feature", "geometry": {"type": "Point", "coordinates": [-95.675676, 30.387387]}, "properties": {"crashes": 1, "injury": 1, "fatal": 0, "pedestrian": 0, "bicycle": 1, "density": 0.2, "year_range": "2010-2024"}}, {"type": "Feature", "geometry": {"type": "Point", "coordinates": [-97.700901, 30.418018]}, "properties": {"crashes": 1, "injury": 1, "fatal": 0, "pedestrian": 0, "bicycle": 1, "density": 0.2, "year_range": "2010-2024"}}, {"type": "Feature", "geometry": {"type": "Point", "coordinates": [-95.535135, 29.736937]}, "properties": {"crashes": 1, "injury": 1, "fatal": 0, "pedestrian": 0, "bicycle": 1, "density": 0.2, "year_range": "2010-2024"}}, {"type": "Feature", "geometry": {"type": "Point", "coordinates": [-94.652252, 31.623423]}, "properties": {"crashes": 1, "injury": 1, "fatal": 0, "pedestrian": 0, "bicycle": 1, "density": 0.2, "year_range": "2010-2024"}}, {"type": "Feature", "geometry": {"type": "Point", "coordinates": [-97.041441, 28.064865]}, "properties": {"crashes": 1, "injury": 1, "fatal": 0, "pedestrian": 0, "bicycle": 1, "density": 0.2, "year_range": "2010-2024"}}, {"type": "Feature", "geometry": {"type": "Point", "coordinates": [-100.918919, 32.70991]}, "properties": {"crashes": 1, "injury": 1, "fatal": 0, "pedestrian": 0, "bicycle": 1, "density": 0.2, "year_range": "2010-2024"}}, {"type": "Feature", "geometry": {"type": "Point", "coordinates": [-96.821622, 32.520721]}, "properties": {"crashes": 1, "injury": 1, "fatal": 1, "pedestrian": 0, "bicycle": 1, "density": 0.2, "year_range": "2010-2024"}}, {"type": "Feature", "geometry": {"type": "Point", "coordinates": [-106.441441, 31.772973]}, "properties": {"crashes": 1, "injury": 1, "fatal": 0, "pedestrian": 0, "bicycle": 1, "density": 0.2, "year_range": "2010-2024"}}, {"type": "Feature", "geometry": {"type": "Point", "coordinates": [-98.708108, 29.495495]}, "properties": {"crashes": 1, "injury": 1, "fatal": 0, "pedestrian": 0, "bicycle": 1, "density": 0.2, "year_range": "2010-2024"}}, {"type": "Feature", "geometry": {"type": "Point", "coordinates": [-95.207207, 29.834234]}, "properties": {"crashes": 1, "injury": 1, "fatal": 1, "pedestrian": 0, "bicycle": 1, "density": 0.2, "year_range": "2010-2024"}}, {"type": "Feature", "geometry": {"type": "Point", "coordinates": [-99.144144, 30.032432]}, "properties": {"crashes": 1, "injury": 1, "fatal": 0, "pedestrian": 0, "bicycle": 1, "density": 0.2, "year_range": "2010-2024"}}, {"type": "Feature", "geometry": {"type": "Point", "coordinates": [-95.754955, 29.518919]}, "properties": {"crashes": 1, "injury": 1, "fatal": 0, "pedestrian": 0, "bicycle": 1, "density": 0.2, "year_range": "2010-2024"}}, {"type": "Feature", "geometry": {"type": "Point", "coordinates": [-97.697297, 30.362162]}, "properties": {"crashes": 1, "injury": 1, "fatal": 0, "pedestrian": 0, "bicycle": 1, "density": 0.2, "year_range": "2010-2024"}}, {"type": "Feature", "geometry": {"type": "Point", "coordinates": [-103.661261, 30.358559]}, "properties": {"crashes": 1, "injury": 1, "fatal": 0, "pedestrian": 0, "bicycle": 1, "density": 0.2, "year_range": "2010-2024"}}, {"type": "Feature", "geometry": {"type": "Point", "coordinates": [-97.464865, 31.059459]}, "properties": {"crashes": 1, "injury": 0, "fatal": 0, "pedestrian": 0, "bicycle": 1, "density": 0.2, "year_range": "2010-2024"}}, {"type": "Feature", "geometry": {"type": "Point", "coordinates": [-97.369369, 31.10991]}, "properties": {"crashes": 1, "injury": 0, "fatal": 0, "pedestrian": 0, "bicycle": 1, "density": 0.2, "year_range": "2010-2024"}}, {"type": "Feature", "geometry": {"type": "Point", "coordinates": [-96.517117, 32.273874]}, "properties": {"crashes": 2, "injury": 1, "fatal": 1, "pedestrian": 0, "bicycle": 2, "density": 0.5, "year_range": "2010-2024"}}, {"type": "Feature", "geometry": {"type": "Point", "coordinates": [-99.502703, 27.542342]}, "properties": {"crashes": 1, "injury": 1, "fatal": 0, "pedestrian": 0, "bicycle": 1, "density": 0.2, "year_range": "2010-2024"}}, {"type": "Feature", "geometry": {"type": "Point", "coordinates": [-96.803604, 33.156757]}, "properties": {"crashes": 1, "injury": 1, "fatal": 0, "pedestrian": 0, "bicycle": 1, "density": 0.2, "year_range": "2010-2024"}}, {"type": "Feature", "geometry": {"type": "Point", "coordinates": [-96.828829, 32.185586]}, "properties": {"crashes": 1, "injury": 1, "fatal": 0, "pedestrian": 0, "bicycle": 1, "density": 0.2, "year_range": "2010-2024"}}, {"type": "Feature", "geometry": {"type": "Point", "coordinates": [-98.297297, 29.54955]}, "properties": {"crashes": 1, "injury": 1, "fatal": 0, "pedestrian": 0, "bicycle": 1, "density": 0.2, "year_range": "2010-2024"}}, {"type": "Feature", "geometry": {"type": "Point", "coordinates": [-95.030631, 29.443243]}, "properties": {"crashes": 1, "injury": 1, "fatal": 0, "pedestrian": 0, "bicycle": 1, "density": 0.2, "year_range": "2010-2024"}}, {"type": "Feature", "geometry": {"type": "Point", "coordinates": [-96.369369, 33.156757]}, "properties": {"crashes": 1, "injury": 1, "fatal": 0, "pedestrian": 0, "bicycle": 1, "density": 0.2, "year_range": "2010-2024"}}, {"type": "Feature", "geometry": {"type": "Point", "coordinates": [-97.754955, 30.335135]}, "properties": {"crashes": 1, "injury": 1, "fatal": 0, "pedestrian": 0, "bicycle": 1, "density": 0.2, "year_range": "2010-2024"}}, {"type": "Feature", "geometry": {"type": "Point", "coordinates": [-97.866667, 30.634234]}, "properties": {"crashes": 1, "injury": 1, "fatal": 0, "pedestrian": 0, "bicycle": 1, "density": 0.2, "year_range": "2010-2024"}}, {"type": "Feature", "geometry": {"type": "Point", "coordinates": [-94.003604, 29.936937]}, "properties": {"crashes": 1, "injury": 1, "fatal": 1, "pedestrian": 0, "bicycle": 1, "density": 0.2, "year_range": "2010-2024"}}, {"type": "Feature", "geometry": {"type": "Point", "coordinates": [-97.409009, 30.571171]}, "properties": {"crashes": 1, "injury": 0, "fatal": 0, "pedestrian": 0, "bicycle": 1, "density": 0.2, "year_range": "2010-2024"}}, {"type": "Feature", "geometry": {"type": "Point", "coordinates": [-98.187387, 29.661261]}, "properties": {"crashes": 1, "injury": 1, "fatal": 0, "pedestrian": 0, "bicycle": 1, "density": 0.2, "year_range": "2010-2024"}}, {"type": "Feature", "geometry": {"type": "Point", "coordinates": [-101.918919, 34.974775]}, "properties": {"crashes": 1, "injury": 1, "fatal": 0, "pedestrian": 0, "bicycle": 1, "density": 0.2, "year_range": "2010-2024"}}, {"type": "Feature", "geometry": {"type": "Point", "coordinates": [-98.52973, 29.445045]}, "properties": {"crashes": 2, "injury": 2, "fatal": 0, "pedestrian": 0, "bicycle": 2, "density": 0.5, "year_range": "2010-2024"}}, {"type": "Feature", "geometry": {"type": "Point", "coordinates": [-101.845045, 33.52973]}, "properties": {"crashes": 1, "injury": 1, "fatal": 0, "pedestrian": 0, "bicycle": 1, "density": 0.2, "year_range": "2010-2024"}}, {"type": "Feature", "geometry": {"type": "Point", "coordinates": [-99.12973, 30.445045]}, "properties": {"crashes": 1, "injury": 1, "fatal": 0, "pedestrian": 0, "bicycle": 1, "density": 0.2, "year_range": "2010-2024"}}, {"type": "Feature", "geometry": {"type": "Point", "coordinates": [-94.994595, 29.499099]}, "properties": {"crashes": 1, "injury": 1, "fatal": 0, "pedestrian": 0, "bicycle": 1, "density": 0.2, "year_range": "2010-2024"}}, {"type": "Feature", "geometry": {"type": "Point", "coordinates": [-95.482883, 29.913514]}, "properties": {"crashes": 1, "injury": 1, "fatal": 0, "pedestrian": 0, "bicycle": 1, "density": 0.2, "year_range": "2010-2024"}}, {"type": "Feature", "geometry": {"type": "Point", "coordinates": [-97.23964, 32.83964]}, "properties": {"crashes": 1, "injury": 1, "fatal": 0, "pedestrian": 0, "bicycle": 1, "density": 0.2, "year_range": "2010-2024"}}, {"type": "Feature", "geometry": {"type": "Point", "coordinates": [-97.681081, 26.16036]}, "properties": {"crashes": 1, "injury": 0, "fatal": 0, "pedestrian": 0, "bicycle": 1, "density": 0.2, "year_range": "2010-2024"}}, {"type": "Feature", "geometry": {"type": "Point", "coordinates": [-97.046847, 30.643243]}, "properties": {"crashes": 1, "injury": 1, "fatal": 1, "pedestrian": 0, "bicycle": 1, "density": 0.2, "year_range": "2010-2024"}}, {"type": "Feature", "geometry": {"type": "Point", "coordinates": [-97.783784, 30.264865]}, "properties": {"crashes": 1, "injury": 1, "fatal": 0, "pedestrian": 0, "bicycle": 1, "density": 0.2, "year_range": "2010-2024"}}, {"type": "Feature", "geometry": {"type": "Point", "coordinates": [-96.108108, 32.94955]}, "properties": {"crashes": 1, "injury": 1, "fatal": 0, "pedestrian": 0, "bicycle": 1, "density": 0.2, "year_range": "2010-2024"}}, {"type": "Feature", "geometry": {"type": "Point", "coordinates": [-95.527928, 33.675676]}, "properties": {"crashes": 1, "injury": 1, "fatal": 0, "pedestrian": 0, "bicycle": 1, "density": 0.2, "year_range": "2010-2024"}}, {"type": "Feature", "geometry": {"type": "Point", "coordinates": [-96.34955, 30.61982]}, "properties": {"crashes": 1, "injury": 1, "fatal": 0, "pedestrian": 0, "bicycle": 1, "density": 0.2, "year_range": "2010-2024"}}, {"type": "Feature", "geometry": {"type": "Point", "coordinates": [-106.407207, 31.902703]}, "properties": {"crashes": 1, "injury": 1, "fatal": 0, "pedestrian": 0, "bicycle": 1, "density": 0.2, "year_range": "2010-2024"}}, {"type": "Feature", "geometry": {"type": "Point", "coordinates": [-95.308108, 29.56036]}, "properties": {"crashes": 1, "injury": 1, "fatal": 0, "pedestrian": 0, "bicycle": 1, "density": 0.2, "year_range": "2010-2024"}}, {"type": "Feature", "geometry": {"type": "Point", "coordinates": [-93.978378, 29.967568]}, "properties": {"crashes": 1, "injury": 1, "fatal": 0, "pedestrian": 0, "bicycle": 1, "density": 0.2, "year_range": "2010-2024"}}, {"type": "Feature", "geometry": {"type": "Point", "coordinates": [-97.336937, 27.702703]}, "properties": {"crashes": 1, "injury": 1, "fatal": 0, "pedestrian": 0, "bicycle": 1, "density": 0.2, "year_range": "2010-2024"}}, {"type": "Feature", "geometry": {"type": "Point", "coordinates": [-97.545946, 30.544144]}, "properties": {"crashes": 1, "injury": 1, "fatal": 0, "pedestrian": 0, "bicycle": 1, "density": 0.2, "year_range": "2010-2024"}}, {"type": "Feature", "geometry": {"type": "Point", "coordinates": [-101.855856, 33.565766]}, "properties": {"crashes": 1, "injury": 1, "fatal": 0, "pedestrian": 0, "bicycle": 1, "density": 0.2, "year_range": "2010-2024"}}, {"type": "Feature", "geometry": {"type": "Point", "coordinates": [-96.992793, 33.023423]}, "properties": {"crashes": 1, "injury": 1, "fatal": 0, "pedestrian": 0, "bicycle": 1, "density": 0.2, "year_range": "2010-2024"}}, {"type": "Feature", "geometry": {"type": "Point", "coordinates": [-98.403604, 29.45045]}, "properties": {"crashes": 1, "injury": 1, "fatal": 0, "pedestrian": 0, "bicycle": 1, "density": 0.2, "year_range": "2010-2024"}}, {"type": "Feature", "geometry": {"type": "Point", "coordinates": [-98.547748, 29.452252]}, "properties": {"crashes": 1, "injury": 1, "fatal": 0, "pedestrian": 0, "bicycle": 1, "density": 0.2, "year_range": "2010-2024"}}, {"type": "Feature", "geometry": {"type": "Point", "coordinates": [-106.351351, 31.717117]}, "properties": {"crashes": 1, "injury": 1, "fatal": 0, "pedestrian": 0, "bicycle": 1, "density": 0.2, "year_range": "2010-2024"}}, {"type": "Feature", "geometry": {"type": "Point", "coordinates": [-98.151351, 26.210811]}, "properties": {"crashes": 1, "injury": 0, "fatal": 0, "pedestrian": 0, "bicycle": 1, "density": 0.2, "year_range": "2010-2024"}}, {"type": "Feature", "geometry": {"type": "Point", "coordinates": [-97.336937, 31.097297]}, "properties": {"crashes": 1, "injury": 1, "fatal": 0, "pedestrian": 0, "bicycle": 1, "density": 0.2, "year_range": "2010-2024"}}, {"type": "Feature", "geometry": {"type": "Point", "coordinates": [-93.774775, 30.106306]}, "properties": {"crashes": 1, "injury": 1, "fatal": 0, "pedestrian": 0, "bicycle": 1, "density": 0.2, "year_range": "2010-2024"}}, {"type": "Feature", "geometry": {"type": "Point", "coordinates": [-96.387387, 33.263063]}, "properties": {"crashes": 1, "injury": 1, "fatal": 0, "pedestrian": 0, "bicycle": 1, "density": 0.2, "year_range": "2010-2024"}}, {"type": "Feature", "geometry": {"type": "Point", "coordinates": [-95.063063, 29.886486]}, "properties": {"crashes": 1, "injury": 0, "fatal": 0, "pedestrian": 0, "bicycle": 1, "density": 0.2, "year_range": "2010-2024"}}, {"type": "Feature", "geometry": {"type": "Point", "coordinates": [-97.969369, 30.340541]}, "properties": {"crashes": 1, "injury": 1, "fatal": 0, "pedestrian": 0, "bicycle": 1, "density": 0.2, "year_range": "2010-2024"}}, {"type": "Feature", "geometry": {"type": "Point", "coordinates": [-98.326126, 26.216216]}, "properties": {"crashes": 1, "injury": 0, "fatal": 0, "pedestrian": 0, "bicycle": 1, "density": 0.2, "year_range": "2010-2024"}}, {"type": "Feature", "geometry": {"type": "Point", "coordinates": [-97.32973, 27.688288]}, "properties": {"crashes": 1, "injury": 1, "fatal": 0, "pedestrian": 0, "bicycle": 1, "density": 0.2, "year_range": "2010-2024"}}, {"type": "Feature", "geometry": {"type": "Point", "coordinates": [-97.504505, 25.94955]}, "properties": {"crashes": 1, "injury": 1, "fatal": 0, "pedestrian": 0, "bicycle": 1, "density": 0.2, "year_range": "2010-2024"}}, {"type": "Feature", "geometry": {"type": "Point", "coordinates": [-97.76036, 30.255856]}, "properties": {"crashes": 1, "injury": 1, "fatal": 0, "pedestrian": 0, "bicycle": 1, "density": 0.2, "year_range": "2010-2024"}}, {"type": "Feature", "geometry": {"type": "Point", "coordinates": [-95.005405, 29.515315]}, "properties": {"crashes": 1, "injury": 1, "fatal": 0, "pedestrian": 0, "bicycle": 1, "density": 0.2, "year_range": "2010-2024"}}, {"type": "Feature", "geometry": {"type": "Point", "coordinates": [-100.495495, 28.708108]}, "properties": {"crashes": 1, "injury": 0, "fatal": 0, "pedestrian": 0, "bicycle": 1, "density": 0.2, "year_range": "2010-2024"}}, {"type": "Feature", "geometry": {"type": "Point", "coordinates": [-97.234234, 32.668468]}, "properties": {"crashes": 1, "injury": 0, "fatal": 0, "pedestrian": 0, "bicycle": 1, "density": 0.2, "year_range": "2010-2024"}}, {"type": "Feature", "geometry": {"type": "Point", "coordinates": [-97.517117, 28.036036]}, "properties": {"crashes": 1, "injury": 0, "fatal": 0, "pedestrian": 0, "bicycle": 1, "density": 0.2, "year_range": "2010-2024"}}, {"type": "Feature", "geometry": {"type": "Point", "coordinates": [-106.263063, 31.765766]}, "properties": {"crashes": 1, "injury": 0, "fatal": 0, "pedestrian": 0, "bicycle": 1, "density": 0.2, "year_range": "2010-2024"}}, {"type": "Feature", "geometry": {"type": "Point", "coordinates": [-97.133333, 33.210811]}, "properties": {"crashes": 1, "injury": 1, "fatal": 0, "pedestrian": 0, "bicycle": 1, "density": 0.2, "year_range": "2010-2024"}}, {"type": "Feature", "geometry": {"type": "Point", "coordinates": [-94.055856, 32.468468]}, "properties": {"crashes": 1, "injury": 0, "fatal": 0, "pedestrian": 0, "bicycle": 1, "density": 0.2, "year_range": "2010-2024"}}, {"type": "Feature", "geometry": {"type": "Point", "coordinates": [-97.254054, 32.935135]}, "properties": {"crashes": 1, "injury": 1, "fatal": 0, "pedestrian": 0, "bicycle": 1, "density": 0.2, "year_range": "2010-2024"}}, {"type": "Feature", "geometry": {"type": "Point", "coordinates": [-97.718919, 30.212613]}, "properties": {"crashes": 1, "injury": 1, "fatal": 0, "pedestrian": 0, "bicycle": 1, "density": 0.2, "year_range": "2010-2024"}}, {"type": "Feature", "geometry": {"type": "Point", "coordinates": [-97.605405, 27.857658]}, "properties": {"crashes": 1, "injury": 1, "fatal": 0, "pedestrian": 0, "bicycle": 1, "density": 0.2, "year_range": "2010-2024"}}, {"type": "Feature", "geometry": {"type": "Point", "coordinates": [-95.347748, 32.254054]}, "properties": {"crashes": 1, "injury": 1, "fatal": 1, "pedestrian": 0, "bicycle": 1, "density": 0.2, "year_range": "2010-2024"}}, {"type": "Feature", "geometry": {"type": "Point", "coordinates": [-99.504505, 27.556757]}, "properties": {"crashes": 1, "injury": 1, "fatal": 0, "pedestrian": 0, "bicycle": 1, "density": 0.2, "year_range": "2010-2024"}}, {"type": "Feature", "geometry": {"type": "Point", "coordinates": [-97.115315, 32.738739]}, "properties": {"crashes": 1, "injury": 1, "fatal": 0, "pedestrian": 0, "bicycle": 1, "density": 0.2, "year_range": "2010-2024"}}, {"type": "Feature", "geometry": {"type": "Point", "coordinates": [-97.990991, 26.187387]}, "properties": {"crashes": 1, "injury": 0, "fatal": 0, "pedestrian": 0, "bicycle": 1, "density": 0.2, "year_range": "2010-2024"}}, {"type": "Feature", "geometry": {"type": "Point", "coordinates": [-95.540541, 29.866667]}, "properties": {"crashes": 1, "injury": 1, "fatal": 0, "pedestrian": 0, "bicycle": 1, "density": 0.2, "year_range": "2010-2024"}}, {"type": "Feature", "geometry": {"type": "Point", "coordinates": [-97.145946, 31.526126]}, "properties": {"crashes": 1, "injury": 1, "fatal": 0, "pedestrian": 0, "bicycle": 1, "density": 0.2, "year_range": "2010-2024"}}, {"type": "Feature", "geometry": {"type": "Point", "coordinates": [-95.156757, 29.488288]}, "properties": {"crashes": 1, "injury": 1, "fatal": 0, "pedestrian": 0, "bicycle": 1, "density": 0.2, "year_range": "2010-2024"}}, {"type": "Feature", "geometry": {"type": "Point", "coordinates": [-96.682883, 32.765766]}, "properties": {"crashes": 1, "injury": 1, "fatal": 0, "pedestrian": 0, "bicycle": 1, "density": 0.2, "year_range": "2010-2024"}}, {"type": "Feature", "geometry": {"type": "Point", "coordinates": [-97.407207, 27.787387]}, "properties": {"crashes": 1, "injury": 0, "fatal": 0, "pedestrian": 0, "bicycle": 1, "density": 0.2, "year_range": "2010-2024"}}, {"type": "Feature", "geometry": {"type": "Point", "coordinates": [-95.32973, 30.010811]}, "properties": {"crashes": 1, "injury": 1, "fatal": 0, "pedestrian": 0, "bicycle": 1, "density": 0.2, "year_range": "2010-2024"}}, {"type": "Feature", "geometry": {"type": "Point", "coordinates": [-94.998198, 29.398198]}, "properties": {"crashes": 1, "injury": 1, "fatal": 2, "pedestrian": 0, "bicycle": 1, "density": 0.2, "year_range": "2010-2024"}}, {"type": "Feature", "geometry": {"type": "Point", "coordinates": [-97.846847, 27.500901]}, "properties": {"crashes": 1, "injury": 1, "fatal": 0, "pedestrian": 0, "bicycle": 1, "density": 0.2, "year_range": "2010-2024"}}, {"type": "Feature", "geometry": {"type": "Point", "coordinates": [-97.76036, 30.428829]}, "properties": {"crashes": 1, "injury": 1, "fatal": 0, "pedestrian": 0, "bicycle": 1, "density": 0.2, "year_range": "2010-2024"}}, {"type": "Feature", "geometry": {"type": "Point", "coordinates": [-95.643243, 29.682883]}, "properties": {"crashes": 1, "injury": 1, "fatal": 0, "pedestrian": 0, "bicycle": 1, "density": 0.2, "year_range": "2010-2024"}}, {"type": "Feature", "geometry": {"type": "Point", "coordinates": [-98.581982, 29.259459]}, "properties": {"crashes": 1, "injury": 1, "fatal": 0, "pedestrian": 0, "bicycle": 1, "density": 0.2, "year_range": "2010-2024"}}, {"type": "Feature", "geometry": {"type": "Point", "coordinates": [-98.499099, 29.434234]}, "properties": {"crashes": 1, "injury": 1, "fatal": 0, "pedestrian": 0, "bicycle": 1, "density": 0.2, "year_range": "2010-2024"}}, {"type": "Feature", "geometry": {"type": "Point", "coordinates": [-97.724324, 30.38018]}, "properties": {"crashes": 1, "injury": 1, "fatal": 0, "pedestrian": 0, "bicycle": 1, "density": 0.2, "year_range": "2010-2024"}}, {"type": "Feature", "geometry": {"type": "Point", "coordinates": [-95.38018, 29.828829]}, "properties": {"crashes": 1, "injury": 1, "fatal": 0, "pedestrian": 0, "bicycle": 1, "density": 0.2, "year_range": "2010-2024"}}, {"type": "Feature", "geometry": {"type": "Point", "coordinates": [-97.855856, 27.520721]}, "properties": {"crashes": 1, "injury": 0, "fatal": 0, "pedestrian": 0, "bicycle": 1, "density": 0.2, "year_range": "2010-2024"}}, {"type": "Feature", "geometry": {"type": "Point", "coordinates": [-97.108108, 33.072072]}, "properties": {"crashes": 1, "injury": 1, "fatal": 0, "pedestrian": 0, "bicycle": 1, "density": 0.2, "year_range": "2010-2024"}}, {"type": "Feature", "geometry": {"type": "Point", "coordinates": [-97.030631, 30.645045]}, "properties": {"crashes": 1, "injury": 1, "fatal": 0, "pedestrian": 0, "bicycle": 1, "density": 0.2, "year_range": "2010-2024"}}, {"type": "Feature", "geometry": {"type": "Point", "coordinates": [-98.623423, 29.65045]}, "properties": {"crashes": 1, "injury": 1, "fatal": 0, "pedestrian": 0, "bicycle": 1, "density": 0.2, "year_range": "2010-2024"}}, {"type": "Feature", "geometry": {"type": "Point", "coordinates": [-98.354955, 30.601802]}, "properties": {"crashes": 1, "injury": 1, "fatal": 1, "pedestrian": 0, "bicycle": 1, "density": 0.2, "year_range": "2010-2024"}}, {"type": "Feature", "geometry": {"type": "Point", "coordinates": [-93.767568, 30.099099]}, "properties": {"crashes": 1, "injury": 1, "fatal": 0, "pedestrian": 0, "bicycle": 1, "density": 0.2, "year_range": "2010-2024"}}, {"type": "Feature", "geometry": {"type": "Point", "coordinates": [-97.084685, 28.041441]}, "properties": {"crashes": 1, "injury": 1, "fatal": 0, "pedestrian": 0, "bicycle": 1, "density": 0.2, "year_range": "2010-2024"}}, {"type": "Feature", "geometry": {"type": "Point", "coordinates": [-95.427027, 29.012613]}, "properties": {"crashes": 1, "injury": 1, "fatal": 1, "pedestrian": 0, "bicycle": 1, "density": 0.2, "year_range": "2010-2024"}}, {"type": "Feature", "geometry": {"type": "Point", "coordinates": [-98.153153, 26.207207]}, "properties": {"crashes": 1, "injury": 0, "fatal": 0, "pedestrian": 0, "bicycle": 1, "density": 0.2, "year_range": "2010-2024"}}, {"type": "Feature", "geometry": {"type": "Point", "coordinates": [-101.888288, 33.52973]}, "properties": {"crashes": 1, "injury": 1, "fatal": 0, "pedestrian": 0, "bicycle": 1, "density": 0.2, "year_range": "2010-2024"}}, {"type": "Feature", "geometry": {"type": "Point", "coordinates": [-97.320721, 32.794595]}, "properties": {"crashes": 1, "injury": 1, "fatal": 0, "pedestrian": 0, "bicycle": 1, "density": 0.2, "year_range": "2010-2024"}}, {"type": "Feature", "geometry": {"type": "Point", "coordinates": [-102.221622, 31.127928]}, "properties": {"crashes": 1, "injury": 1, "fatal": 0, "pedestrian": 0, "bicycle": 1, "density": 0.2, "year_range": "2010-2024"}}, {"type": "Feature", "geometry": {"type": "Point", "coordinates": [-97.392793, 31.111712]}, "properties": {"crashes": 1, "injury": 1, "fatal": 0, "pedestrian": 0, "bicycle": 1, "density": 0.2, "year_range": "2010-2024"}}, {"type": "Feature", "geometry": {"type": "Point", "coordinates": [-101.877477, 33.578378]}, "properties": {"crashes": 1, "injury": 1, "fatal": 0, "pedestrian": 0, "bicycle": 1, "density": 0.2, "year_range": "2010-2024"}}, {"type": "Feature", "geometry": {"type": "Point", "coordinates": [-97.365766, 32.794595]}, "properties": {"crashes": 1, "injury": 1, "fatal": 0, "pedestrian": 0, "bicycle": 1, "density": 0.2, "year_range": "2010-2024"}}, {"type": "Feature", "geometry": {"type": "Point", "coordinates": [-98.374775, 29.50991]}, "properties": {"crashes": 1, "injury": 1, "fatal": 0, "pedestrian": 0, "bicycle": 1, "density": 0.2, "year_range": "2010-2024"}}, {"type": "Feature", "geometry": {"type": "Point", "coordinates": [-98.547748, 29.356757]}, "properties": {"crashes": 1, "injury": 0, "fatal": 0, "pedestrian": 0, "bicycle": 1, "density": 0.2, "year_range": "2010-2024"}}, {"type": "Feature", "geometry": {"type": "Point", "coordinates": [-95.484685, 32.664865]}, "properties": {"crashes": 1, "injury": 1, "fatal": 0, "pedestrian": 0, "bicycle": 1, "density": 0.2, "year_range": "2010-2024"}}, {"type": "Feature", "geometry": {"type": "Point", "coordinates": [-95.356757, 32.372973]}, "properties": {"crashes": 1, "injury": 1, "fatal": 1, "pedestrian": 0, "bicycle": 1, "density": 0.2, "year_range": "2010-2024"}}, {"type": "Feature", "geometry": {"type": "Point", "coordinates": [-96.747748, 32.855856]}, "properties": {"crashes": 1, "injury": 1, "fatal": 0, "pedestrian": 0, "bicycle": 1, "density": 0.2, "year_range": "2010-2024"}}, {"type": "Feature", "geometry": {"type": "Point", "coordinates": [-93.94955, 30.940541]}, "properties": {"crashes": 1, "injury": 1, "fatal": 0, "pedestrian": 0, "bicycle": 1, "density": 0.2, "year_range": "2010-2024"}}, {"type": "Feature", "geometry": {"type": "Point", "coordinates": [-101.825225, 36.021622]}, "properties": {"crashes": 1, "injury": 1, "fatal": 0, "pedestrian": 0, "bicycle": 1, "density": 0.2, "year_range": "2010-2024"}}, {"type": "Feature", "geometry": {"type": "Point", "coordinates": [-95.531532, 29.612613]}, "properties": {"crashes": 1, "injury": 1, "fatal": 0, "pedestrian": 0, "bicycle": 1, "density": 0.2, "year_range": "2010-2024"}}, {"type": "Feature", "geometry": {"type": "Point", "coordinates": [-97.618018, 26.145946]}, "properties": {"crashes": 1, "injury": 1, "fatal": 0, "pedestrian": 0, "bicycle": 1, "density": 0.2, "year_range": "2010-2024"}}, {"type": "Feature", "geometry": {"type": "Point", "coordinates": [-97.147748, 27.90991]}, "properties": {"crashes": 1, "injury": 1, "fatal": 0, "pedestrian": 0, "bicycle": 1, "density": 0.2, "year_range": "2010-2024"}}, {"type": "Feature", "geometry": {"type": "Point", "coordinates": [-95.774775, 30.354955]}, "properties": {"crashes": 1, "injury": 1, "fatal": 0, "pedestrian": 0, "bicycle": 1, "density": 0.2, "year_range": "2010-2024"}}, {"type": "Feature", "geometry": {"type": "Point", "coordinates": [-97.699099, 30.275676]}, "properties": {"crashes": 1, "injury": 1, "fatal": 0, "pedestrian": 0, "bicycle": 1, "density": 0.2, "year_range": "2010-2024"}}, {"type": "Feature", "geometry": {"type": "Point", "coordinates": [-97.607207, 31.079279]}, "properties": {"crashes": 1, "injury": 0, "fatal": 0, "pedestrian": 0, "bicycle": 1, "density": 0.2, "year_range": "2010-2024"}}, {"type": "Feature", "geometry": {"type": "Point", "coordinates": [-94.147748, 30.036036]}, "properties": {"crashes": 1, "injury": 1, "fatal": 0, "pedestrian": 0, "bicycle": 1, "density": 0.2, "year_range": "2010-2024"}}, {"type": "Feature", "geometry": {"type": "Point", "coordinates": [-95.735135, 29.785586]}, "properties": {"crashes": 1, "injury": 0, "fatal": 0, "pedestrian": 0, "bicycle": 1, "density": 0.2, "year_range": "2010-2024"}}, {"type": "Feature", "geometry": {"type": "Point", "coordinates": [-96.825225, 32.531532]}, "properties": {"crashes": 1, "injury": 1, "fatal": 0, "pedestrian": 0, "bicycle": 1, "density": 0.2, "year_range": "2010-2024"}}, {"type": "Feature", "geometry": {"type": "Point", "coordinates": [-100.126126, 32.49009]}, "properties": {"crashes": 1, "injury": 1, "fatal": 0, "pedestrian": 0, "bicycle": 1, "density": 0.2, "year_range": "2010-2024"}}, {"type": "Feature", "geometry": {"type": "Point", "coordinates": [-95.772973, 32.104505]}, "properties": {"crashes": 1, "injury": 1, "fatal": 0, "pedestrian": 0, "bicycle": 1, "density": 0.2, "year_range": "2010-2024"}}, {"type": "Feature", "geometry": {"type": "Point", "coordinates": [-96.324324, 30.618018]}, "properties": {"crashes": 1, "injury": 1, "fatal": 0, "pedestrian": 0, "bicycle": 1, "density": 0.2, "year_range": "2010-2024"}}, {"type": "Feature", "geometry": {"type": "Point", "coordinates": [-101.783784, 35.192793]}, "properties": {"crashes": 1, "injury": 1, "fatal": 0, "pedestrian": 0, "bicycle": 1, "density": 0.2, "year_range": "2010-2024"}}, {"type": "Feature", "geometry": {"type": "Point", "coordinates": [-94.744144, 32.500901]}, "properties": {"crashes": 1, "injury": 1, "fatal": 0, "pedestrian": 0, "bicycle": 1, "density": 0.2, "year_range": "2010-2024"}}, {"type": "Feature", "geometry": {"type": "Point", "coordinates": [-97.176577, 33.230631]}, "properties": {"crashes": 1, "injury": 0, "fatal": 0, "pedestrian": 0, "bicycle": 1, "density": 0.2, "year_range": "2010-2024"}}, {"type": "Feature", "geometry": {"type": "Point", "coordinates": [-93.951351, 29.893694]}, "properties": {"crashes": 1, "injury": 1, "fatal": 1, "pedestrian": 0, "bicycle": 1, "density": 0.2, "year_range": "2010-2024"}}, {"type": "Feature", "geometry": {"type": "Point", "coordinates": [-101.931532, 33.578378]}, "properties": {"crashes": 1, "injury": 1, "fatal": 0, "pedestrian": 0, "bicycle": 1, "density": 0.2, "year_range": "2010-2024"}}, {"type": "Feature", "geometry": {"type": "Point", "coordinates": [-96.117117, 32.902703]}, "properties": {"crashes": 1, "injury": 1, "fatal": 0, "pedestrian": 0, "bicycle": 1, "density": 0.2, "year_range": "2010-2024"}}, {"type": "Feature", "geometry": {"type": "Point", "coordinates": [-95.392793, 30.023423]}, "properties": {"crashes": 1, "injury": 1, "fatal": 0, "pedestrian": 0, "bicycle": 1, "density": 0.2, "year_range": "2010-2024"}}, {"type": "Feature", "geometry": {"type": "Point", "coordinates": [-95.243243, 29.409009]}, "properties": {"crashes": 1, "injury": 1, "fatal": 0, "pedestrian": 0, "bicycle": 1, "density": 0.2, "year_range": "2010-2024"}}, {"type": "Feature", "geometry": {"type": "Point", "coordinates": [-97.407207, 32.318919]}, "properties": {"crashes": 1, "injury": 1, "fatal": 0, "pedestrian": 0, "bicycle": 1, "density": 0.2, "year_range": "2010-2024"}}, {"type": "Feature", "geometry": {"type": "Point", "coordinates": [-94.097297, 33.443243]}, "properties": {"crashes": 1, "injury": 1, "fatal": 0, "pedestrian": 0, "bicycle": 1, "density": 0.2, "year_range": "2010-2024"}}, {"type": "Feature", "geometry": {"type": "Point", "coordinates": [-97.965766, 26.154955]}, "properties": {"crashes": 2, "injury": 2, "fatal": 0, "pedestrian": 0, "bicycle": 2, "density": 0.5, "year_range": "2010-2024"}}, {"type": "Feature", "geometry": {"type": "Point", "coordinates": [-97.823423, 30.236036]}, "properties": {"crashes": 1, "injury": 1, "fatal": 0, "pedestrian": 0, "bicycle": 1, "density": 0.2, "year_range": "2010-2024"}}, {"type": "Feature", "geometry": {"type": "Point", "coordinates": [-95.027027, 29.574775]}, "properties": {"crashes": 1, "injury": 1, "fatal": 0, "pedestrian": 0, "bicycle": 1, "density": 0.2, "year_range": "2010-2024"}}, {"type": "Feature", "geometry": {"type": "Point", "coordinates": [-95.356757, 29.682883]}, "properties": {"crashes": 1, "injury": 1, "fatal": 0, "pedestrian": 0, "bicycle": 1, "density": 0.2, "year_range": "2010-2024"}}, {"type": "Feature", "geometry": {"type": "Point", "coordinates": [-95.2, 29.771171]}, "properties": {"crashes": 1, "injury": 1, "fatal": 0, "pedestrian": 0, "bicycle": 1, "density": 0.2, "year_range": "2010-2024"}}, {"type": "Feature", "geometry": {"type": "Point", "coordinates": [-97.072072, 32.711712]}, "properties": {"crashes": 1, "injury": 1, "fatal": 0, "pedestrian": 0, "bicycle": 1, "density": 0.2, "year_range": "2010-2024"}}, {"type": "Feature", "geometry": {"type": "Point", "coordinates": [-98.163964, 26.203604]}, "properties": {"crashes": 1, "injury": 1, "fatal": 0, "pedestrian": 0, "bicycle": 1, "density": 0.2, "year_range": "2010-2024"}}, {"type": "Feature", "geometry": {"type": "Point", "coordinates": [-98.430631, 29.351351]}, "properties": {"crashes": 1, "injury": 0, "fatal": 0, "pedestrian": 0, "bicycle": 1, "density": 0.2, "year_range": "2010-2024"}}, {"type": "Feature", "geometry": {"type": "Point", "coordinates": [-106.479279, 31.756757]}, "properties": {"crashes": 1, "injury": 1, "fatal": 0, "pedestrian": 0, "bicycle": 1, "density": 0.2, "year_range": "2010-2024"}}, {"type": "Feature", "geometry": {"type": "Point", "coordinates": [-100.500901, 31.434234]}, "properties": {"crashes": 1, "injury": 1, "fatal": 0, "pedestrian": 0, "bicycle": 1, "density": 0.2, "year_range": "2010-2024"}}, {"type": "Feature", "geometry": {"type": "Point", "coordinates": [-97.120721, 32.83964]}, "properties": {"crashes": 1, "injury": 1, "fatal": 0, "pedestrian": 0, "bicycle": 1, "density": 0.2, "year_range": "2010-2024"}}, {"type": "Feature", "geometry": {"type": "Point", "coordinates": [-95.479279, 30.335135]}, "properties": {"crashes": 1, "injury": 1, "fatal": 0, "pedestrian": 0, "bicycle": 1, "density": 0.2, "year_range": "2010-2024"}}, {"type": "Feature", "geometry": {"type": "Point", "coordinates": [-95.385586, 29.58018]}, "properties": {"crashes": 1, "injury": 0, "fatal": 0, "pedestrian": 0, "bicycle": 1, "density": 0.2, "year_range": "2010-2024"}}, {"type": "Feature", "geometry": {"type": "Point", "coordinates": [-97.774775, 31.082883]}, "properties": {"crashes": 1, "injury": 1, "fatal": 0, "pedestrian": 0, "bicycle": 1, "density": 0.2, "year_range": "2010-2024"}}, {"type": "Feature", "geometry": {"type": "Point", "coordinates": [-95.812613, 30.457658]}, "properties": {"crashes": 1, "injury": 1, "fatal": 0, "pedestrian": 0, "bicycle": 1, "density": 0.2, "year_range": "2010-2024"}}, {"type": "Feature", "geometry": {"type": "Point", "coordinates": [-97.327928, 31.093694]}, "properties": {"crashes": 1, "injury": 1, "fatal": 0, "pedestrian": 0, "bicycle": 1, "density": 0.2, "year_range": "2010-2024"}}, {"type": "Feature", "geometry": {"type": "Point", "coordinates": [-95.034234, 29.511712]}, "properties": {"crashes": 1, "injury": 1, "fatal": 0, "pedestrian": 0, "bicycle": 1, "density": 0.2, "year_range": "2010-2024"}}, {"type": "Feature", "geometry": {"type": "Point", "coordinates": [-96.306306, 30.594595]}, "properties": {"crashes": 1, "injury": 1, "fatal": 0, "pedestrian": 0, "bicycle": 1, "density": 0.2, "year_range": "2010-2024"}}, {"type": "Feature", "geometry": {"type": "Point", "coordinates": [-97.774775, 30.227027]}, "properties": {"crashes": 1, "injury": 1, "fatal": 0, "pedestrian": 0, "bicycle": 1, "density": 0.2, "year_range": "2010-2024"}}, {"type": "Feature", "geometry": {"type": "Point", "coordinates": [-96.596396, 32.90991]}, "properties": {"crashes": 1, "injury": 1, "fatal": 0, "pedestrian": 0, "bicycle": 1, "density": 0.2, "year_range": "2010-2024"}}, {"type": "Feature", "geometry": {"type": "Point", "coordinates": [-95.281081, 30.005405]}, "properties": {"crashes": 1, "injury": 1, "fatal": 0, "pedestrian": 0, "bicycle": 1, "density": 0.2, "year_range": "2010-2024"}}, {"type": "Feature", "geometry": {"type": "Point", "coordinates": [-98.163964, 29.151351]}, "properties": {"crashes": 1, "injury": 1, "fatal": 0, "pedestrian": 0, "bicycle": 1, "density": 0.2, "year_range": "2010-2024"}}, {"type": "Feature", "geometry": {"type": "Point", "coordinates": [-96.994595, 32.758559]}, "properties": {"crashes": 1, "injury": 1, "fatal": 0, "pedestrian": 0, "bicycle": 1, "density": 0.2, "year_range": "2010-2024"}}, {"type": "Feature", "geometry": {"type": "Point", "coordinates": [-94.868468, 32.389189]}, "properties": {"crashes": 1, "injury": 1, "fatal": 1, "pedestrian": 0, "bicycle": 1, "density": 0.2, "year_range": "2010-2024"}}, {"type": "Feature", "geometry": {"type": "Point", "coordinates": [-95.522523, 30.227027]}, "properties": {"crashes": 1, "injury": 1, "fatal": 0, "pedestrian": 0, "bicycle": 1, "density": 0.2, "year_range": "2010-2024"}}, {"type": "Feature", "geometry": {"type": "Point", "coordinates": [-95.457658, 31.318919]}, "properties": {"crashes": 1, "injury": 1, "fatal": 0, "pedestrian": 0, "bicycle": 1, "density": 0.2, "year_range": "2010-2024"}}, {"type": "Feature", "geometry": {"type": "Point", "coordinates": [-98.455856, 29.637838]}, "properties": {"crashes": 1, "injury": 1, "fatal": 0, "pedestrian": 0, "bicycle": 1, "density": 0.2, "year_range": "2010-2024"}}, {"type": "Feature", "geometry": {"type": "Point", "coordinates": [-98.394595, 30.091892]}, "properties": {"crashes": 1, "injury": 1, "fatal": 0, "pedestrian": 0, "bicycle": 1, "density": 0.2, "year_range": "2010-2024"}}, {"type": "Feature", "geometry": {"type": "Point", "coordinates": [-97.87027, 27.618018]}, "properties": {"crashes": 1, "injury": 1, "fatal": 0, "pedestrian": 0, "bicycle": 1, "density": 0.2, "year_range": "2010-2024"}}, {"type": "Feature", "geometry": {"type": "Point", "coordinates": [-97.311712, 32.745946]}, "properties": {"crashes": 1, "injury": 1, "fatal": 0, "pedestrian": 0, "bicycle": 1, "density": 0.2, "year_range": "2010-2024"}}, {"type": "Feature", "geometry": {"type": "Point", "coordinates": [-96.313514, 30.637838]}, "properties": {"crashes": 1, "injury": 1, "fatal": 0, "pedestrian": 0, "bicycle": 1, "density": 0.2, "year_range": "2010-2024"}}, {"type": "Feature", "geometry": {"type": "Point", "coordinates": [-98.500901, 29.410811]}, "properties": {"crashes": 1, "injury": 1, "fatal": 0, "pedestrian": 0, "bicycle": 1, "density": 0.2, "year_range": "2010-2024"}}, {"type": "Feature", "geometry": {"type": "Point", "coordinates": [-98.547748, 33.857658]}, "properties": {"crashes": 1, "injury": 1, "fatal": 0, "pedestrian": 0, "bicycle": 1, "density": 0.2, "year_range": "2010-2024"}}, {"type": "Feature", "geometry": {"type": "Point", "coordinates": [-98.172973, 26.192793]}, "properties": {"crashes": 1, "injury": 1, "fatal": 0, "pedestrian": 0, "bicycle": 1, "density": 0.2, "year_range": "2010-2024"}}, {"type": "Feature", "geometry": {"type": "Point", "coordinates": [-98.479279, 29.207207]}, "properties": {"crashes": 1, "injury": 1, "fatal": 1, "pedestrian": 0, "bicycle": 1, "density": 0.2, "year_range": "2010-2024"}}, {"type": "Feature", "geometry": {"type": "Point", "coordinates": [-98.708108, 29.499099]}, "properties": {"crashes": 1, "injury": 1, "fatal": 0, "pedestrian": 0, "bicycle": 1, "density": 0.2, "year_range": "2010-2024"}}, {"type": "Feature", "geometry": {"type": "Point", "coordinates": [-97.459459, 27.756757]}, "properties": {"crashes": 1, "injury": 1, "fatal": 0, "pedestrian": 0, "bicycle": 1, "density": 0.2, "year_range": "2010-2024"}}, {"type": "Feature", "geometry": {"type": "Point", "coordinates": [-96.659459, 32.879279]}, "properties": {"crashes": 1, "injury": 1, "fatal": 0, "pedestrian": 0, "bicycle": 1, "density": 0.2, "year_range": "2010-2024"}}, {"type": "Feature", "geometry": {"type": "Point", "coordinates": [-98.495495, 33.902703]}, "properties": {"crashes": 1, "injury": 1, "fatal": 0, "pedestrian": 0, "bicycle": 1, "density": 0.2, "year_range": "2010-2024"}}, {"type": "Feature", "geometry": {"type": "Point", "coordinates": [-97.881081, 29.989189]}, "properties": {"crashes": 1, "injury": 1, "fatal": 0, "pedestrian": 0, "bicycle": 1, "density": 0.2, "year_range": "2010-2024"}}, {"type": "Feature", "geometry": {"type": "Point", "coordinates": [-98.679279, 29.273874]}, "properties": {"crashes": 1, "injury": 1, "fatal": 0, "pedestrian": 0, "bicycle": 1, "density": 0.2, "year_range": "2010-2024"}}, {"type": "Feature", "geometry": {"type": "Point", "coordinates": [-95.275676, 30.001802]}, "properties": {"crashes": 1, "injury": 1, "fatal": 0, "pedestrian": 0, "bicycle": 1, "density": 0.2, "year_range": "2010-2024"}}, {"type": "Feature", "geometry": {"type": "Point", "coordinates": [-96.282883, 31.636036]}, "properties": {"crashes": 1, "injury": 0, "fatal": 0, "pedestrian": 0, "bicycle": 1, "density": 0.2, "year_range": "2010-2024"}}, {"type": "Feature", "geometry": {"type": "Point", "coordinates": [-95.511712, 29.852252]}, "properties": {"crashes": 1, "injury": 1, "fatal": 0, "pedestrian": 0, "bicycle": 1, "density": 0.2, "year_range": "2010-2024"}}, {"type": "Feature", "geometry": {"type": "Point", "coordinates": [-100.493694, 28.762162]}, "properties": {"crashes": 1, "injury": 0, "fatal": 0, "pedestrian": 0, "bicycle": 1, "density": 0.2, "year_range": "2010-2024"}}, {"type": "Feature", "geometry": {"type": "Point", "coordinates": [-97.551351, 32.900901]}, "properties": {"crashes": 1, "injury": 1, "fatal": 0, "pedestrian": 0, "bicycle": 1, "density": 0.2, "year_range": "2010-2024"}}, {"type": "Feature", "geometry": {"type": "Point", "coordinates": [-95.088288, 30.059459]}, "properties": {"crashes": 1, "injury": 1, "fatal": 0, "pedestrian": 0, "bicycle": 1, "density": 0.2, "year_range": "2010-2024"}}, {"type": "Feature", "geometry": {"type": "Point", "coordinates": [-94.428829, 33.461261]}, "properties": {"crashes": 1, "injury": 0, "fatal": 0, "pedestrian": 0, "bicycle": 1, "density": 0.2, "year_range": "2010-2024"}}, {"type": "Feature", "geometry": {"type": "Point", "coordinates": [-97.47027, 25.94955]}, "properties": {"crashes": 1, "injury": 1, "fatal": 0, "pedestrian": 0, "bicycle": 1, "density": 0.2, "year_range": "2010-2024"}}, {"type": "Feature", "geometry": {"type": "Point", "coordinates": [-97.475676, 26.073874]}, "properties": {"crashes": 1, "injury": 0, "fatal": 0, "pedestrian": 0, "bicycle": 1, "density": 0.2, "year_range": "2010-2024"}}, {"type": "Feature", "geometry": {"type": "Point", "coordinates": [-98.508108, 29.544144]}, "properties": {"crashes": 1, "injury": 0, "fatal": 0, "pedestrian": 0, "bicycle": 1, "density": 0.2, "year_range": "2010-2024"}}, {"type": "Feature", "geometry": {"type": "Point", "coordinates": [-93.821622, 30.115315]}, "properties": {"crashes": 1, "injury": 0, "fatal": 0, "pedestrian": 0, "bicycle": 1, "density": 0.2, "year_range": "2010-2024"}}, {"type": "Feature", "geometry": {"type": "Point", "coordinates": [-93.899099, 30.661261]}, "properties": {"crashes": 1, "injury": 1, "fatal": 0, "pedestrian": 0, "bicycle": 1, "density": 0.2, "year_range": "2010-2024"}}, {"type": "Feature", "geometry": {"type": "Point", "coordinates": [-98.727928, 29.502703]}, "properties": {"crashes": 1, "injury": 0, "fatal": 0, "pedestrian": 0, "bicycle": 1, "density": 0.2, "year_range": "2010-2024"}}, {"type": "Feature", "geometry": {"type": "Point", "coordinates": [-93.92973, 29.897297]}, "properties": {"crashes": 1, "injury": 1, "fatal": 0, "pedestrian": 0, "bicycle": 1, "density": 0.2, "year_range": "2010-2024"}}, {"type": "Feature", "geometry": {"type": "Point", "coordinates": [-95.497297, 29.736937]}, "properties": {"crashes": 1, "injury": 1, "fatal": 0, "pedestrian": 0, "bicycle": 1, "density": 0.2, "year_range": "2010-2024"}}, {"type": "Feature", "geometry": {"type": "Point", "coordinates": [-96.578378, 33.345946]}, "properties": {"crashes": 1, "injury": 0, "fatal": 0, "pedestrian": 0, "bicycle": 1, "density": 0.2, "year_range": "2010-2024"}}, {"type": "Feature", "geometry": {"type": "Point", "coordinates": [-97.942342, 29.866667]}, "properties": {"crashes": 1, "injury": 1, "fatal": 0, "pedestrian": 0, "bicycle": 1, "density": 0.2, "year_range": "2010-2024"}}, {"type": "Feature", "geometry": {"type": "Point", "coordinates": [-96.108108, 33.097297]}, "properties": {"crashes": 1, "injury": 1, "fatal": 0, "pedestrian": 0, "bicycle": 1, "density": 0.2, "year_range": "2010-2024"}}, {"type": "Feature", "geometry": {"type": "Point", "coordinates": [-97.113514, 31.592793]}, "properties": {"crashes": 1, "injury": 1, "fatal": 0, "pedestrian": 0, "bicycle": 1, "density": 0.2, "year_range": "2010-2024"}}, {"type": "Feature", "geometry": {"type": "Point", "coordinates": [-98.563964, 29.6]}, "properties": {"crashes": 1, "injury": 0, "fatal": 0, "pedestrian": 0, "bicycle": 1, "density": 0.2, "year_range": "2010-2024"}}, {"type": "Feature", "geometry": {"type": "Point", "coordinates": [-95.410811, 29.821622]}, "properties": {"crashes": 1, "injury": 1, "fatal": 0, "pedestrian": 0, "bicycle": 1, "density": 0.2, "year_range": "2010-2024"}}, {"type": "Feature", "geometry": {"type": "Point", "coordinates": [-95.463063, 29.814414]}, "properties": {"crashes": 1, "injury": 1, "fatal": 0, "pedestrian": 0, "bicycle": 1, "density": 0.2, "year_range": "2010-2024"}}, {"type": "Feature", "geometry": {"type": "Point", "coordinates": [-97.673874, 29.884685]}, "properties": {"crashes": 1, "injury": 0, "fatal": 0, "pedestrian": 0, "bicycle": 1, "density": 0.2, "year_range": "2010-2024"}}, {"type": "Feature", "geometry": {"type": "Point", "coordinates": [-99.016216, 26.405405]}, "properties": {"crashes": 1, "injury": 0, "fatal": 0, "pedestrian": 0, "bicycle": 1, "density": 0.2, "year_range": "2010-2024"}}, {"type": "Feature", "geometry": {"type": "Point", "coordinates": [-94.176577, 30.133333]}, "properties": {"crashes": 1, "injury": 1, "fatal": 0, "pedestrian": 0, "bicycle": 1, "density": 0.2, "year_range": "2010-2024"}}, {"type": "Feature", "geometry": {"type": "Point", "coordinates": [-96.32973, 30.632432]}, "properties": {"crashes": 1, "injury": 1, "fatal": 0, "pedestrian": 0, "bicycle": 1, "density": 0.2, "year_range": "2010-2024"}}, {"type": "Feature", "geometry": {"type": "Point", "coordinates": [-101.837838, 33.803604]}, "properties": {"crashes": 1, "injury": 1, "fatal": 1, "pedestrian": 0, "bicycle": 1, "density": 0.2, "year_range": "2010-2024"}}, {"type": "Feature", "geometry": {"type": "Point", "coordinates": [-97.009009, 33.046847]}, "properties": {"crashes": 1, "injury": 1, "fatal": 0, "pedestrian": 0, "bicycle": 1, "density": 0.2, "year_range": "2010-2024"}}, {"type": "Feature", "geometry": {"type": "Point", "coordinates": [-97.738739, 32.45045]}, "properties": {"crashes": 1, "injury": 1, "fatal": 0, "pedestrian": 0, "bicycle": 1, "density": 0.2, "year_range": "2010-2024"}}, {"type": "Feature", "geometry": {"type": "Point", "coordinates": [-96.414414, 30.720721]}, "properties": {"crashes": 1, "injury": 1, "fatal": 0, "pedestrian": 0, "bicycle": 1, "density": 0.2, "year_range": "2010-2024"}}, {"type": "Feature", "geometry": {"type": "Point", "coordinates": [-94.727928, 31.315315]}, "properties": {"crashes": 1, "injury": 1, "fatal": 0, "pedestrian": 0, "bicycle": 1, "density": 0.2, "year_range": "2010-2024"}}, {"type": "Feature", "geometry": {"type": "Point", "coordinates": [-95.414414, 30.83964]}, "properties": {"crashes": 1, "injury": 1, "fatal": 0, "pedestrian": 0, "bicycle": 1, "density": 0.2, "year_range": "2010-2024"}}, {"type": "Feature", "geometry": {"type": "Point", "coordinates": [-95.846847, 29.706306]}, "properties": {"crashes": 1, "injury": 1, "fatal": 0, "pedestrian": 0, "bicycle": 1, "density": 0.2, "year_range": "2010-2024"}}, {"type": "Feature", "geometry": {"type": "Point", "coordinates": [-106.252252, 31.636036]}, "properties": {"crashes": 1, "injury": 1, "fatal": 0, "pedestrian": 0, "bicycle": 1, "density": 0.2, "year_range": "2010-2024"}}, {"type": "Feature", "geometry": {"type": "Point", "coordinates": [-97.212613, 31.49009]}, "properties": {"crashes": 1, "injury": 0, "fatal": 0, "pedestrian": 0, "bicycle": 1, "density": 0.2, "year_range": "2010-2024"}}, {"type": "Feature", "geometry": {"type": "Point", "coordinates": [-97.09009, 33.227027]}, "properties": {"crashes": 1, "injury": 1, "fatal": 1, "pedestrian": 0, "bicycle": 1, "density": 0.2, "year_range": "2010-2024"}}, {"type": "Feature", "geometry": {"type": "Point", "coordinates": [-95.790991, 29.558559]}, "properties": {"crashes": 1, "injury": 1, "fatal": 0, "pedestrian": 0, "bicycle": 1, "density": 0.2, "year_range": "2010-2024"}}, {"type": "Feature", "geometry": {"type": "Point", "coordinates": [-97.409009, 32.763964]}, "properties": {"crashes": 1, "injury": 0, "fatal": 0, "pedestrian": 0, "bicycle": 1, "density": 0.2, "year_range": "2010-2024"}}, {"type": "Feature", "geometry": {"type": "Point", "coordinates": [-106.45045, 31.772973]}, "properties": {"crashes": 1, "injury": 0, "fatal": 0, "pedestrian": 0, "bicycle": 1, "density": 0.2, "year_range": "2010-2024"}}, {"type": "Feature", "geometry": {"type": "Point", "coordinates": [-95.054054, 29.463063]}, "properties": {"crashes": 1, "injury": 1, "fatal": 0, "pedestrian": 0, "bicycle": 1, "density": 0.2, "year_range": "2010-2024"}}, {"type": "Feature", "geometry": {"type": "Point", "coordinates": [-106.407207, 31.927928]}, "properties": {"crashes": 1, "injury": 0, "fatal": 0, "pedestrian": 0, "bicycle": 1, "density": 0.2, "year_range": "2010-2024"}}, {"type": "Feature", "geometry": {"type": "Point", "coordinates": [-98.556757, 29.340541]}, "properties": {"crashes": 1, "injury": 1, "fatal": 0, "pedestrian": 0, "bicycle": 1, "density": 0.2, "year_range": "2010-2024"}}, {"type": "Feature", "geometry": {"type": "Point", "coordinates": [-97.093694, 33.127928]}, "properties": {"crashes": 1, "injury": 0, "fatal": 0, "pedestrian": 0, "bicycle": 1, "density": 0.2, "year_range": "2010-2024"}}, {"type": "Feature", "geometry": {"type": "Point", "coordinates": [-102.906306, 31.56036]}, "properties": {"crashes": 1, "injury": 1, "fatal": 0, "pedestrian": 0, "bicycle": 1, "density": 0.2, "year_range": "2010-2024"}}, {"type": "Feature", "geometry": {"type": "Point", "coordinates": [-97.158559, 32.971171]}, "properties": {"crashes": 1, "injury": 1, "fatal": 0, "pedestrian": 0, "bicycle": 1, "density": 0.2, "year_range": "2010-2024"}}, {"type": "Feature", "geometry": {"type": "Point", "coordinates": [-95.194595, 29.596396]}, "properties": {"crashes": 1, "injury": 1, "fatal": 0, "pedestrian": 0, "bicycle": 1, "density": 0.2, "year_range": "2010-2024"}}, {"type": "Feature", "geometry": {"type": "Point", "coordinates": [-97.769369, 26.174775]}, "properties": {"crashes": 1, "injury": 1, "fatal": 0, "pedestrian": 0, "bicycle": 1, "density": 0.2, "year_range": "2010-2024"}}, {"type": "Feature", "geometry": {"type": "Point", "coordinates": [-95.273874, 29.43964]}, "properties": {"crashes": 1, "injury": 1, "fatal": 1, "pedestrian": 0, "bicycle": 1, "density": 0.2, "year_range": "2010-2024"}}, {"type": "Feature", "geometry": {"type": "Point", "coordinates": [-95.131532, 29.551351]}, "properties": {"crashes": 1, "injury": 1, "fatal": 0, "pedestrian": 0, "bicycle": 1, "density": 0.2, "year_range": "2010-2024"}}, {"type": "Feature", "geometry": {"type": "Point", "coordinates": [-95.472072, 30.315315]}, "properties": {"crashes": 1, "injury": 1, "fatal": 0, "pedestrian": 0, "bicycle": 1, "density": 0.2, "year_range": "2010-2024"}}, {"type": "Feature", "geometry": {"type": "Point", "coordinates": [-97.920721, 30.989189]}, "properties": {"crashes": 1, "injury": 1, "fatal": 1, "pedestrian": 0, "bicycle": 1, "density": 0.2, "year_range": "2010-2024"}}, {"type": "Feature", "geometry": {"type": "Point", "coordinates": [-97.209009, 32.72973]}, "properties": {"crashes": 1, "injury": 1, "fatal": 1, "pedestrian": 0, "bicycle": 1, "density": 0.2, "year_range": "2010-2024"}}, {"type": "Feature", "geometry": {"type": "Point", "coordinates": [-97.34955, 32.790991]}, "properties": {"crashes": 1, "injury": 1, "fatal": 0, "pedestrian": 0, "bicycle": 1, "density": 0.2, "year_range": "2010-2024"}}, {"type": "Feature", "geometry": {"type": "Point", "coordinates": [-98.45045, 29.65045]}, "properties": {"crashes": 1, "injury": 1, "fatal": 0, "pedestrian": 0, "bicycle": 1, "density": 0.2, "year_range": "2010-2024"}}, {"type": "Feature", "geometry": {"type": "Point", "coordinates": [-95.254054, 29.381982]}, "properties": {"crashes": 1, "injury": 1, "fatal": 0, "pedestrian": 0, "bicycle": 1, "density": 0.2, "year_range": "2010-2024"}}, {"type": "Feature", "geometry": {"type": "Point", "coordinates": [-98.47027, 29.401802]}, "properties": {"crashes": 1, "injury": 1, "fatal": 0, "pedestrian": 0, "bicycle": 1, "density": 0.2, "year_range": "2010-2024"}}, {"type": "Feature", "geometry": {"type": "Point", "coordinates": [-98.127928, 29.69009]}, "properties": {"crashes": 1, "injury": 1, "fatal": 0, "pedestrian": 0, "bicycle": 1, "density": 0.2, "year_range": "2010-2024"}}, {"type": "Feature", "geometry": {"type": "Point", "coordinates": [-94.659459, 31.610811]}, "properties": {"crashes": 1, "injury": 1, "fatal": 0, "pedestrian": 0, "bicycle": 1, "density": 0.2, "year_range": "2010-2024"}}, {"type": "Feature", "geometry": {"type": "Point", "coordinates": [-97.940541, 29.565766]}, "properties": {"crashes": 1, "injury": 1, "fatal": 0, "pedestrian": 0, "bicycle": 1, "density": 0.2, "year_range": "2010-2024"}}, {"type": "Feature", "geometry": {"type": "Point", "coordinates": [-96.927928, 33.05045]}, "properties": {"crashes": 1, "injury": 1, "fatal": 0, "pedestrian": 0, "bicycle": 1, "density": 0.2, "year_range": "2010-2024"}}, {"type": "Feature", "geometry": {"type": "Point", "coordinates": [-93.981982, 30.427027]}, "properties": {"crashes": 1, "injury": 1, "fatal": 1, "pedestrian": 0, "bicycle": 1, "density": 0.2, "year_range": "2010-2024"}}, {"type": "Feature", "geometry": {"type": "Point", "coordinates": [-97.113514, 33.234234]}, "properties": {"crashes": 1, "injury": 1, "fatal": 0, "pedestrian": 0, "bicycle": 1, "density": 0.2, "year_range": "2010-2024"}}, {"type": "Feature", "geometry": {"type": "Point", "coordinates": [-93.747748, 30.100901]}, "properties": {"crashes": 1, "injury": 1, "fatal": 0, "pedestrian": 0, "bicycle": 1, "density": 0.2, "year_range": "2010-2024"}}, {"type": "Feature", "geometry": {"type": "Point", "coordinates": [-97.711712, 26.190991]}, "properties": {"crashes": 1, "injury": 0, "fatal": 0, "pedestrian": 0, "bicycle": 1, "density": 0.2, "year_range": "2010-2024"}}, {"type": "Feature", "geometry": {"type": "Point", "coordinates": [-96.796396, 32.351351]}, "properties": {"crashes": 1, "injury": 1, "fatal": 0, "pedestrian": 0, "bicycle": 1, "density": 0.2, "year_range": "2010-2024"}}, {"type": "Feature", "geometry": {"type": "Point", "coordinates": [-97.915315, 26.14955]}, "properties": {"crashes": 1, "injury": 1, "fatal": 0, "pedestrian": 0, "bicycle": 1, "density": 0.2, "year_range": "2010-2024"}}, {"type": "Feature", "geometry": {"type": "Point", "coordinates": [-97.390991, 27.672072]}, "properties": {"crashes": 1, "injury": 1, "fatal": 0, "pedestrian": 0, "bicycle": 1, "density": 0.2, "year_range": "2010-2024"}}, {"type": "Feature", "geometry": {"type": "Point", "coordinates": [-95.484685, 30.423423]}, "properties": {"crashes": 1, "injury": 1, "fatal": 0, "pedestrian": 0, "bicycle": 1, "density": 0.2, "year_range": "2010-2024"}}, {"type": "Feature", "geometry": {"type": "Point", "coordinates": [-95.277477, 30.124324]}, "properties": {"crashes": 1, "injury": 1, "fatal": 0, "pedestrian": 0, "bicycle": 1, "density": 0.2, "year_range": "2010-2024"}}, {"type": "Feature", "geometry": {"type": "Point", "coordinates": [-96.67027, 32.864865]}, "properties": {"crashes": 1, "injury": 1, "fatal": 0, "pedestrian": 0, "bicycle": 1, "density": 0.2, "year_range": "2010-2024"}}, {"type": "Feature", "geometry": {"type": "Point", "coordinates": [-98.466667, 29.517117]}, "properties": {"crashes": 1, "injury": 1, "fatal": 1, "pedestrian": 0, "bicycle": 1, "density": 0.2, "year_range": "2010-2024"}}, {"type": "Feature", "geometry": {"type": "Point", "coordinates": [-94.744144, 32.536937]}, "properties": {"crashes": 1, "injury": 0, "fatal": 0, "pedestrian": 0, "bicycle": 1, "density": 0.2, "year_range": "2010-2024"}}, {"type": "Feature", "geometry": {"type": "Point", "coordinates": [-98.243243, 26.100901]}, "properties": {"crashes": 1, "injury": 1, "fatal": 0, "pedestrian": 0, "bicycle": 1, "density": 0.2, "year_range": "2010-2024"}}, {"type": "Feature", "geometry": {"type": "Point", "coordinates": [-95.499099, 29.922523]}, "properties": {"crashes": 1, "injury": 1, "fatal": 1, "pedestrian": 0, "bicycle": 1, "density": 0.2, "year_range": "2010-2024"}}, {"type": "Feature", "geometry": {"type": "Point", "coordinates": [-97.643243, 30.446847]}, "properties": {"crashes": 1, "injury": 1, "fatal": 0, "pedestrian": 0, "bicycle": 1, "density": 0.2, "year_range": "2010-2024"}}, {"type": "Feature", "geometry": {"type": "Point", "coordinates": [-96.654054, 32.886486]}, "properties": {"crashes": 1, "injury": 1, "fatal": 0, "pedestrian": 0, "bicycle": 1, "density": 0.2, "year_range": "2010-2024"}}, {"type": "Feature", "geometry": {"type": "Point", "coordinates": [-95.304505, 30.954955]}, "properties": {"crashes": 1, "injury": 1, "fatal": 0, "pedestrian": 0, "bicycle": 1, "density": 0.2, "year_range": "2010-2024"}}, {"type": "Feature", "geometry": {"type": "Point", "coordinates": [-106.603604, 31.958559]}, "properties": {"crashes": 1, "injury": 1, "fatal": 0, "pedestrian": 0, "bicycle": 1, "density": 0.2, "year_range": "2010-2024"}}, {"type": "Feature", "geometry": {"type": "Point", "coordinates": [-95.558559, 29.736937]}, "properties": {"crashes": 1, "injury": 1, "fatal": 0, "pedestrian": 0, "bicycle": 1, "density": 0.2, "year_range": "2010-2024"}}, {"type": "Feature", "geometry": {"type": "Point", "coordinates": [-97.437838, 27.774775]}, "properties": {"crashes": 1, "injury": 1, "fatal": 0, "pedestrian": 0, "bicycle": 1, "density": 0.2, "year_range": "2010-2024"}}, {"type": "Feature", "geometry": {"type": "Point", "coordinates": [-96.268468, 29.194595]}, "properties": {"crashes": 1, "injury": 1, "fatal": 0, "pedestrian": 0, "bicycle": 1, "density": 0.2, "year_range": "2010-2024"}}]}