{"type": "FeatureCollection", "features": [{"type": "Feature", "geometry": {"type": "Point", "coordinates": [-107.331532, 35.021622]}, "properties": {"crashes": 3, "injury": 1, "fatal": 0, "pedestrian": 0, "bicycle": 0, "density": 0.8, "year_range": "2016-2020"}}, {"type": "Feature", "geometry": {"type": "Point", "coordinates": [-108.942342, 35.461261]}, "properties": {"crashes": 3, "injury": 0, "fatal": 0, "pedestrian": 0, "bicycle": 0, "density": 0.8, "year_range": "2016-2020"}}, {"type": "Feature", "geometry": {"type": "Point", "coordinates": [-108.686486, 35.533333]}, "properties": {"crashes": 12, "injury": 2, "fatal": 1, "pedestrian": 0, "bicycle": 0, "density": 3.0, "year_range": "2016-2020"}}, {"type": "Feature", "geometry": {"type": "Point", "coordinates": [-108.481081, 35.49009]}, "properties": {"crashes": 2, "injury": 0, "fatal": 0, "pedestrian": 0, "bicycle": 0, "density": 0.5, "year_range": "2016-2020"}}, {"type": "Feature", "geometry": {"type": "Point", "coordinates": [-108.358559, 35.445045]}, "properties": {"crashes": 5, "injury": 0, "fatal": 0, "pedestrian": 0, "bicycle": 0, "density": 1.2, "year_range": "2016-2020"}}, {"type": "Feature", "geometry": {"type": "Point", "coordinates": [-108.176577, 35.389189]}, "properties": {"crashes": 1, "injury": 1, "fatal": 0, "pedestrian": 0, "bicycle": 0, "density": 0.2, "year_range": "2016-2020"}}, {"type": "Feature", "geometry": {"type": "Point", "coordinates": [-107.990991, 35.306306]}, "properties": {"crashes": 7, "injury": 0, "fatal": 0, "pedestrian": 0, "bicycle": 0, "density": 1.8, "year_range": "2016-2020"}}, {"type": "Feature", "geometry": {"type": "Point", "coordinates": [-107.983784, 35.277477]}, "properties": {"crashes": 4, "injury": 0, "fatal": 0, "pedestrian": 0, "bicycle": 0, "density": 1.0, "year_range": "2016-2020"}}, {"type": "Feature", "geometry": {"type": "Point", "coordinates": [-107.201802, 34.987387]}, "properties": {"crashes": 7, "injury": 0, "fatal": 0, "pedestrian": 0, "bicycle": 0, "density": 1.8, "year_range": "2016-2020"}}, {"type": "Feature", "geometry": {"type": "Point", "coordinates": [-108.318919, 35.427027]}, "properties": {"crashes": 1, "injury": 0, "fatal": 0, "pedestrian": 0, "bicycle": 0, "density": 0.2, "year_range": "2016-2020"}}, {"type": "Feature", "geometry": {"type": "Point", "coordinates": [-109.03964, 35.371171]}, "properties": {"crashes": 3, "injury": 0, "fatal": 0, "pedestrian": 0, "bicycle": 0, "density": 0.8, "year_range": "2016-2020"}}, {"type": "Feature", "geometry": {"type": "Point", "coordinates": [-108.268468, 35.405405]}, "properties": {"crashes": 2, "injury": 0, "fatal": 0, "pedestrian": 0, "bicycle": 0, "density": 0.5, "year_range": "2016-2020"}}, {"type": "Feature", "geometry": {"type": "Point", "coordinates": [-107.720721, 35.066667]}, "properties": {"crashes": 1, "injury": 0, "fatal": 0, "pedestrian": 0, "bicycle": 0, "density": 0.2, "year_range": "2016-2020"}}, {"type": "Feature", "geometry": {"type": "Point", "coordinates": [-109.001802, 35.403604]}, "properties": {"crashes": 10, "injury": 0, "fatal": 0, "pedestrian": 0, "bicycle": 0, "density": 2.5, "year_range": "2016-2020"}}, {"type": "Feature", "geometry": {"type": "Point", "coordinates": [-108.228829, 35.398198]}, "properties": {"crashes": 5, "injury": 1, "fatal": 1, "pedestrian": 0, "bicycle": 0, "density": 1.2, "year_range": "2016-2020"}}, {"type": "Feature", "geometry": {"type": "Point", "coordinates": [-108.954955, 35.446847]}, "properties": {"crashes": 14, "injury": 1, "fatal": 1, "pedestrian": 0, "bicycle": 0, "density": 3.5, "year_range": "2016-2020"}}, {"type": "Feature", "geometry": {"type": "Point", "coordinates": [-108.945946, 35.457658]}, "properties": {"crashes": 17, "injury": 1, "fatal": 0, "pedestrian": 0, "bicycle": 0, "density": 4.2, "year_range": "2016-2020"}}, {"type": "Feature", "geometry": {"type": "Point", "coordinates": [-108.927928, 35.472072]}, "properties": {"crashes": 1, "injury": 0, "fatal": 0, "pedestrian": 0, "bicycle": 0, "density": 0.2, "year_range": "2016-2020"}}, {"type": "Feature", "geometry": {"type": "Point", "coordinates": [-108.904505, 35.484685]}, "properties": {"crashes": 9, "injury": 0, "fatal": 0, "pedestrian": 0, "bicycle": 0, "density": 2.2, "year_range": "2016-2020"}}, {"type": "Feature", "geometry": {"type": "Point", "coordinates": [-108.87027, 35.493694]}, "properties": {"crashes": 8, "injury": 1, "fatal": 1, "pedestrian": 0, "bicycle": 0, "density": 2.0, "year_range": "2016-2020"}}, {"type": "Feature", "geometry": {"type": "Point", "coordinates": [-108.834234, 35.500901]}, "properties": {"crashes": 26, "injury": 1, "fatal": 0, "pedestrian": 0, "bicycle": 0, "density": 6.5, "year_range": "2016-2020"}}, {"type": "Feature", "geometry": {"type": "Point", "coordinates": [-108.834234, 35.502703]}, "properties": {"crashes": 8, "injury": 1, "fatal": 1, "pedestrian": 0, "bicycle": 0, "density": 2.0, "year_range": "2016-2020"}}, {"type": "Feature", "geometry": {"type": "Point", "coordinates": [-108.828829, 35.508108]}, "properties": {"crashes": 12, "injury": 0, "fatal": 0, "pedestrian": 0, "bicycle": 0, "density": 3.0, "year_range": "2016-2020"}}, {"type": "Feature", "geometry": {"type": "Point", "coordinates": [-108.821622, 35.511712]}, "properties": {"crashes": 3, "injury": 1, "fatal": 0, "pedestrian": 0, "bicycle": 0, "density": 0.8, "year_range": "2016-2020"}}, {"type": "Feature", "geometry": {"type": "Point", "coordinates": [-107.994595, 35.318919]}, "properties": {"crashes": 8, "injury": 0, "fatal": 0, "pedestrian": 0, "bicycle": 0, "density": 2.0, "year_range": "2016-2020"}}, {"type": "Feature", "geometry": {"type": "Point", "coordinates": [-106.787387, 35.064865]}, "properties": {"crashes": 17, "injury": 1, "fatal": 0, "pedestrian": 0, "bicycle": 0, "density": 4.2, "year_range": "2016-2020"}}, {"type": "Feature", "geometry": {"type": "Point", "coordinates": [-108.754955, 35.527928]}, "properties": {"crashes": 6, "injury": 1, "fatal": 1, "pedestrian": 0, "bicycle": 0, "density": 1.5, "year_range": "2016-2020"}}, {"type": "Feature", "geometry": {"type": "Point", "coordinates": [-107.367568, 35.037838]}, "properties": {"crashes": 3, "injury": 1, "fatal": 0, "pedestrian": 0, "bicycle": 0, "density": 0.8, "year_range": "2016-2020"}}, {"type": "Feature", "geometry": {"type": "Point", "coordinates": [-108.67027, 35.52973]}, "properties": {"crashes": 34, "injury": 1, "fatal": 1, "pedestrian": 0, "bicycle": 0, "density": 8.5, "year_range": "2016-2020"}}, {"type": "Feature", "geometry": {"type": "Point", "coordinates": [-108.664865, 35.52973]}, "properties": {"crashes": 6, "injury": 0, "fatal": 0, "pedestrian": 0, "bicycle": 0, "density": 1.5, "year_range": "2016-2020"}}, {"type": "Feature", "geometry": {"type": "Point", "coordinates": [-108.652252, 35.531532]}, "properties": {"crashes": 2, "injury": 0, "fatal": 0, "pedestrian": 0, "bicycle": 0, "density": 0.5, "year_range": "2016-2020"}}, {"type": "Feature", "geometry": {"type": "Point", "coordinates": [-108.618018, 35.531532]}, "properties": {"crashes": 7, "injury": 0, "fatal": 0, "pedestrian": 0, "bicycle": 0, "density": 1.8, "year_range": "2016-2020"}}, {"type": "Feature", "geometry": {"type": "Point", "coordinates": [-108.6, 35.52973]}, "properties": {"crashes": 23, "injury": 1, "fatal": 1, "pedestrian": 0, "bicycle": 0, "density": 5.8, "year_range": "2016-2020"}}, {"type": "Feature", "geometry": {"type": "Point", "coordinates": [-108.587387, 35.526126]}, "properties": {"crashes": 3, "injury": 0, "fatal": 0, "pedestrian": 0, "bicycle": 0, "density": 0.8, "year_range": "2016-2020"}}, {"type": "Feature", "geometry": {"type": "Point", "coordinates": [-108.583784, 35.524324]}, "properties": {"crashes": 11, "injury": 0, "fatal": 0, "pedestrian": 0, "bicycle": 0, "density": 2.8, "year_range": "2016-2020"}}, {"type": "Feature", "geometry": {"type": "Point", "coordinates": [-108.592793, 35.527928]}, "properties": {"crashes": 4, "injury": 0, "fatal": 0, "pedestrian": 0, "bicycle": 0, "density": 1.0, "year_range": "2016-2020"}}, {"type": "Feature", "geometry": {"type": "Point", "coordinates": [-108.547748, 35.513514]}, "properties": {"crashes": 4, "injury": 0, "fatal": 0, "pedestrian": 0, "bicycle": 0, "density": 1.0, "year_range": "2016-2020"}}, {"type": "Feature", "geometry": {"type": "Point", "coordinates": [-108.540541, 35.511712]}, "properties": {"crashes": 2, "injury": 0, "fatal": 0, "pedestrian": 0, "bicycle": 0, "density": 0.5, "year_range": "2016-2020"}}, {"type": "Feature", "geometry": {"type": "Point", "coordinates": [-108.535135, 35.508108]}, "properties": {"crashes": 10, "injury": 0, "fatal": 0, "pedestrian": 0, "bicycle": 0, "density": 2.5, "year_range": "2016-2020"}}, {"type": "Feature", "geometry": {"type": "Point", "coordinates": [-108.518919, 35.502703]}, "properties": {"crashes": 13, "injury": 1, "fatal": 0, "pedestrian": 0, "bicycle": 0, "density": 3.2, "year_range": "2016-2020"}}, {"type": "Feature", "geometry": {"type": "Point", "coordinates": [-108.500901, 35.495495]}, "properties": {"crashes": 3, "injury": 0, "fatal": 0, "pedestrian": 0, "bicycle": 0, "density": 0.8, "year_range": "2016-2020"}}, {"type": "Feature", "geometry": {"type": "Point", "coordinates": [-108.486486, 35.491892]}, "properties": {"crashes": 13, "injury": 1, "fatal": 1, "pedestrian": 0, "bicycle": 0, "density": 3.2, "year_range": "2016-2020"}}, {"type": "Feature", "geometry": {"type": "Point", "coordinates": [-108.484685, 35.491892]}, "properties": {"crashes": 3, "injury": 0, "fatal": 0, "pedestrian": 0, "bicycle": 0, "density": 0.8, "year_range": "2016-2020"}}, {"type": "Feature", "geometry": {"type": "Point", "coordinates": [-108.452252, 35.484685]}, "properties": {"crashes": 14, "injury": 2, "fatal": 0, "pedestrian": 0, "bicycle": 0, "density": 3.5, "year_range": "2016-2020"}}, {"type": "Feature", "geometry": {"type": "Point", "coordinates": [-108.448649, 35.482883]}, "properties": {"crashes": 5, "injury": 1, "fatal": 0, "pedestrian": 0, "bicycle": 0, "density": 1.2, "year_range": "2016-2020"}}, {"type": "Feature", "geometry": {"type": "Point", "coordinates": [-108.454054, 35.484685]}, "properties": {"crashes": 4, "injury": 1, "fatal": 1, "pedestrian": 0, "bicycle": 0, "density": 1.0, "year_range": "2016-2020"}}, {"type": "Feature", "geometry": {"type": "Point", "coordinates": [-108.452252, 35.482883]}, "properties": {"crashes": 14, "injury": 0, "fatal": 0, "pedestrian": 0, "bicycle": 0, "density": 3.5, "year_range": "2016-2020"}}, {"type": "Feature", "geometry": {"type": "Point", "coordinates": [-108.459459, 35.484685]}, "properties": {"crashes": 4, "injury": 0, "fatal": 0, "pedestrian": 0, "bicycle": 0, "density": 1.0, "year_range": "2016-2020"}}, {"type": "Feature", "geometry": {"type": "Point", "coordinates": [-108.434234, 35.479279]}, "properties": {"crashes": 18, "injury": 1, "fatal": 1, "pedestrian": 0, "bicycle": 0, "density": 4.5, "year_range": "2016-2020"}}, {"type": "Feature", "geometry": {"type": "Point", "coordinates": [-108.443243, 35.481081]}, "properties": {"crashes": 9, "injury": 0, "fatal": 0, "pedestrian": 0, "bicycle": 0, "density": 2.2, "year_range": "2016-2020"}}, {"type": "Feature", "geometry": {"type": "Point", "coordinates": [-108.43964, 35.481081]}, "properties": {"crashes": 2, "injury": 0, "fatal": 0, "pedestrian": 0, "bicycle": 0, "density": 0.5, "year_range": "2016-2020"}}, {"type": "Feature", "geometry": {"type": "Point", "coordinates": [-108.421622, 35.475676]}, "properties": {"crashes": 7, "injury": 1, "fatal": 0, "pedestrian": 0, "bicycle": 0, "density": 1.8, "year_range": "2016-2020"}}, {"type": "Feature", "geometry": {"type": "Point", "coordinates": [-108.41982, 35.473874]}, "properties": {"crashes": 25, "injury": 0, "fatal": 0, "pedestrian": 0, "bicycle": 0, "density": 6.2, "year_range": "2016-2020"}}, {"type": "Feature", "geometry": {"type": "Point", "coordinates": [-108.405405, 35.464865]}, "properties": {"crashes": 19, "injury": 0, "fatal": 0, "pedestrian": 0, "bicycle": 0, "density": 4.8, "year_range": "2016-2020"}}, {"type": "Feature", "geometry": {"type": "Point", "coordinates": [-108.4, 35.461261]}, "properties": {"crashes": 3, "injury": 0, "fatal": 0, "pedestrian": 0, "bicycle": 0, "density": 0.8, "year_range": "2016-2020"}}, {"type": "Feature", "geometry": {"type": "Point", "coordinates": [-108.389189, 35.457658]}, "properties": {"crashes": 13, "injury": 0, "fatal": 0, "pedestrian": 0, "bicycle": 0, "density": 3.2, "year_range": "2016-2020"}}, {"type": "Feature", "geometry": {"type": "Point", "coordinates": [-108.374775, 35.45045]}, "properties": {"crashes": 26, "injury": 1, "fatal": 2, "pedestrian": 0, "bicycle": 0, "density": 6.5, "year_range": "2016-2020"}}, {"type": "Feature", "geometry": {"type": "Point", "coordinates": [-108.371171, 35.45045]}, "properties": {"crashes": 1, "injury": 0, "fatal": 0, "pedestrian": 0, "bicycle": 0, "density": 0.2, "year_range": "2016-2020"}}, {"type": "Feature", "geometry": {"type": "Point", "coordinates": [-108.336937, 35.434234]}, "properties": {"crashes": 3, "injury": 0, "fatal": 0, "pedestrian": 0, "bicycle": 0, "density": 0.8, "year_range": "2016-2020"}}, {"type": "Feature", "geometry": {"type": "Point", "coordinates": [-108.338739, 35.436036]}, "properties": {"crashes": 2, "injury": 0, "fatal": 0, "pedestrian": 0, "bicycle": 0, "density": 0.5, "year_range": "2016-2020"}}, {"type": "Feature", "geometry": {"type": "Point", "coordinates": [-108.315315, 35.425225]}, "properties": {"crashes": 5, "injury": 0, "fatal": 0, "pedestrian": 0, "bicycle": 0, "density": 1.2, "year_range": "2016-2020"}}, {"type": "Feature", "geometry": {"type": "Point", "coordinates": [-108.295495, 35.416216]}, "properties": {"crashes": 14, "injury": 0, "fatal": 0, "pedestrian": 0, "bicycle": 0, "density": 3.5, "year_range": "2016-2020"}}, {"type": "Feature", "geometry": {"type": "Point", "coordinates": [-108.284685, 35.412613]}, "properties": {"crashes": 2, "injury": 1, "fatal": 8, "pedestrian": 0, "bicycle": 0, "density": 0.5, "year_range": "2016-2020"}}, {"type": "Feature", "geometry": {"type": "Point", "coordinates": [-108.264865, 35.405405]}, "properties": {"crashes": 3, "injury": 0, "fatal": 0, "pedestrian": 0, "bicycle": 0, "density": 0.8, "year_range": "2016-2020"}}, {"type": "Feature", "geometry": {"type": "Point", "coordinates": [-108.245045, 35.4]}, "properties": {"crashes": 2, "injury": 0, "fatal": 0, "pedestrian": 0, "bicycle": 0, "density": 0.5, "year_range": "2016-2020"}}, {"type": "Feature", "geometry": {"type": "Point", "coordinates": [-108.230631, 35.398198]}, "properties": {"crashes": 22, "injury": 0, "fatal": 0, "pedestrian": 0, "bicycle": 0, "density": 5.5, "year_range": "2016-2020"}}, {"type": "Feature", "geometry": {"type": "Point", "coordinates": [-108.221622, 35.396396]}, "properties": {"crashes": 3, "injury": 1, "fatal": 1, "pedestrian": 0, "bicycle": 0, "density": 0.8, "year_range": "2016-2020"}}, {"type": "Feature", "geometry": {"type": "Point", "coordinates": [-108.194595, 35.390991]}, "properties": {"crashes": 16, "injury": 0, "fatal": 0, "pedestrian": 0, "bicycle": 0, "density": 4.0, "year_range": "2016-2020"}}, {"type": "Feature", "geometry": {"type": "Point", "coordinates": [-108.153153, 35.387387]}, "properties": {"crashes": 5, "injury": 0, "fatal": 0, "pedestrian": 0, "bicycle": 0, "density": 1.2, "year_range": "2016-2020"}}, {"type": "Feature", "geometry": {"type": "Point", "coordinates": [-108.126126, 35.381982]}, "properties": {"crashes": 13, "injury": 0, "fatal": 0, "pedestrian": 0, "bicycle": 0, "density": 3.2, "year_range": "2016-2020"}}, {"type": "Feature", "geometry": {"type": "Point", "coordinates": [-108.131532, 35.383784]}, "properties": {"crashes": 2, "injury": 0, "fatal": 0, "pedestrian": 0, "bicycle": 0, "density": 0.5, "year_range": "2016-2020"}}, {"type": "Feature", "geometry": {"type": "Point", "coordinates": [-108.075676, 35.371171]}, "properties": {"crashes": 15, "injury": 2, "fatal": 1, "pedestrian": 0, "bicycle": 0, "density": 3.8, "year_range": "2016-2020"}}, {"type": "Feature", "geometry": {"type": "Point", "coordinates": [-108.079279, 35.371171]}, "properties": {"crashes": 4, "injury": 0, "fatal": 0, "pedestrian": 0, "bicycle": 0, "density": 1.0, "year_range": "2016-2020"}}, {"type": "Feature", "geometry": {"type": "Point", "coordinates": [-108.059459, 35.365766]}, "properties": {"crashes": 2, "injury": 0, "fatal": 0, "pedestrian": 0, "bicycle": 0, "density": 0.5, "year_range": "2016-2020"}}, {"type": "Feature", "geometry": {"type": "Point", "coordinates": [-108.057658, 35.365766]}, "properties": {"crashes": 14, "injury": 1, "fatal": 0, "pedestrian": 0, "bicycle": 0, "density": 3.5, "year_range": "2016-2020"}}, {"type": "Feature", "geometry": {"type": "Point", "coordinates": [-108.041441, 35.358559]}, "properties": {"crashes": 11, "injury": 2, "fatal": 1, "pedestrian": 0, "bicycle": 0, "density": 2.8, "year_range": "2016-2020"}}, {"type": "Feature", "geometry": {"type": "Point", "coordinates": [-107.911712, 35.196396]}, "properties": {"crashes": 7, "injury": 1, "fatal": 1, "pedestrian": 0, "bicycle": 0, "density": 1.8, "year_range": "2016-2020"}}, {"type": "Feature", "geometry": {"type": "Point", "coordinates": [-107.900901, 35.183784]}, "properties": {"crashes": 6, "injury": 0, "fatal": 0, "pedestrian": 0, "bicycle": 0, "density": 1.5, "year_range": "2016-2020"}}, {"type": "Feature", "geometry": {"type": "Point", "coordinates": [-107.886486, 35.16036]}, "properties": {"crashes": 13, "injury": 0, "fatal": 0, "pedestrian": 0, "bicycle": 0, "density": 3.2, "year_range": "2016-2020"}}, {"type": "Feature", "geometry": {"type": "Point", "coordinates": [-107.857658, 35.144144]}, "properties": {"crashes": 6, "injury": 0, "fatal": 0, "pedestrian": 0, "bicycle": 0, "density": 1.5, "year_range": "2016-2020"}}, {"type": "Feature", "geometry": {"type": "Point", "coordinates": [-107.830631, 35.126126]}, "properties": {"crashes": 9, "injury": 0, "fatal": 0, "pedestrian": 0, "bicycle": 0, "density": 2.2, "year_range": "2016-2020"}}, {"type": "Feature", "geometry": {"type": "Point", "coordinates": [-107.830631, 35.124324]}, "properties": {"crashes": 10, "injury": 0, "fatal": 0, "pedestrian": 0, "bicycle": 0, "density": 2.5, "year_range": "2016-2020"}}, {"type": "Feature", "geometry": {"type": "Point", "coordinates": [-107.803604, 35.106306]}, "properties": {"crashes": 13, "injury": 1, "fatal": 1, "pedestrian": 0, "bicycle": 0, "density": 3.2, "year_range": "2016-2020"}}, {"type": "Feature", "geometry": {"type": "Point", "coordinates": [-107.789189, 35.097297]}, "properties": {"crashes": 10, "injury": 0, "fatal": 0, "pedestrian": 0, "bicycle": 0, "density": 2.5, "year_range": "2016-2020"}}, {"type": "Feature", "geometry": {"type": "Point", "coordinates": [-107.785586, 35.095495]}, "properties": {"crashes": 1, "injury": 1, "fatal": 0, "pedestrian": 0, "bicycle": 0, "density": 0.2, "year_range": "2016-2020"}}, {"type": "Feature", "geometry": {"type": "Point", "coordinates": [-107.742342, 35.07027]}, "properties": {"crashes": 2, "injury": 0, "fatal": 0, "pedestrian": 0, "bicycle": 0, "density": 0.5, "year_range": "2016-2020"}}, {"type": "Feature", "geometry": {"type": "Point", "coordinates": [-107.731532, 35.066667]}, "properties": {"crashes": 17, "injury": 0, "fatal": 0, "pedestrian": 0, "bicycle": 0, "density": 4.2, "year_range": "2016-2020"}}, {"type": "Feature", "geometry": {"type": "Point", "coordinates": [-107.697297, 35.061261]}, "properties": {"crashes": 14, "injury": 0, "fatal": 0, "pedestrian": 0, "bicycle": 0, "density": 3.5, "year_range": "2016-2020"}}, {"type": "Feature", "geometry": {"type": "Point", "coordinates": [-107.681081, 35.068468]}, "properties": {"crashes": 12, "injury": 1, "fatal": 1, "pedestrian": 0, "bicycle": 0, "density": 3.0, "year_range": "2016-2020"}}, {"type": "Feature", "geometry": {"type": "Point", "coordinates": [-107.664865, 35.072072]}, "properties": {"crashes": 23, "injury": 0, "fatal": 0, "pedestrian": 0, "bicycle": 0, "density": 5.8, "year_range": "2016-2020"}}, {"type": "Feature", "geometry": {"type": "Point", "coordinates": [-107.646847, 35.075676]}, "properties": {"crashes": 10, "injury": 0, "fatal": 0, "pedestrian": 0, "bicycle": 0, "density": 2.5, "year_range": "2016-2020"}}, {"type": "Feature", "geometry": {"type": "Point", "coordinates": [-107.612613, 35.075676]}, "properties": {"crashes": 4, "injury": 0, "fatal": 0, "pedestrian": 0, "bicycle": 0, "density": 1.0, "year_range": "2016-2020"}}, {"type": "Feature", "geometry": {"type": "Point", "coordinates": [-107.592793, 35.075676]}, "properties": {"crashes": 2, "injury": 0, "fatal": 0, "pedestrian": 0, "bicycle": 0, "density": 0.5, "year_range": "2016-2020"}}, {"type": "Feature", "geometry": {"type": "Point", "coordinates": [-107.594595, 35.075676]}, "properties": {"crashes": 21, "injury": 2, "fatal": 1, "pedestrian": 0, "bicycle": 0, "density": 5.2, "year_range": "2016-2020"}}, {"type": "Feature", "geometry": {"type": "Point", "coordinates": [-107.556757, 35.073874]}, "properties": {"crashes": 5, "injury": 1, "fatal": 1, "pedestrian": 0, "bicycle": 0, "density": 1.2, "year_range": "2016-2020"}}, {"type": "Feature", "geometry": {"type": "Point", "coordinates": [-107.542342, 35.073874]}, "properties": {"crashes": 9, "injury": 2, "fatal": 1, "pedestrian": 0, "bicycle": 0, "density": 2.2, "year_range": "2016-2020"}}, {"type": "Feature", "geometry": {"type": "Point", "coordinates": [-107.49009, 35.037838]}, "properties": {"crashes": 8, "injury": 1, "fatal": 0, "pedestrian": 0, "bicycle": 0, "density": 2.0, "year_range": "2016-2020"}}, {"type": "Feature", "geometry": {"type": "Point", "coordinates": [-107.473874, 35.034234]}, "properties": {"crashes": 24, "injury": 1, "fatal": 1, "pedestrian": 0, "bicycle": 0, "density": 6.0, "year_range": "2016-2020"}}, {"type": "Feature", "geometry": {"type": "Point", "coordinates": [-107.47027, 35.032432]}, "properties": {"crashes": 3, "injury": 1, "fatal": 1, "pedestrian": 0, "bicycle": 0, "density": 0.8, "year_range": "2016-2020"}}, {"type": "Feature", "geometry": {"type": "Point", "coordinates": [-107.401802, 35.027027]}, "properties": {"crashes": 4, "injury": 0, "fatal": 0, "pedestrian": 0, "bicycle": 0, "density": 1.0, "year_range": "2016-2020"}}, {"type": "Feature", "geometry": {"type": "Point", "coordinates": [-107.389189, 35.027027]}, "properties": {"crashes": 1, "injury": 0, "fatal": 0, "pedestrian": 0, "bicycle": 0, "density": 0.2, "year_range": "2016-2020"}}, {"type": "Feature", "geometry": {"type": "Point", "coordinates": [-107.338739, 35.032432]}, "properties": {"crashes": 19, "injury": 0, "fatal": 0, "pedestrian": 0, "bicycle": 0, "density": 4.8, "year_range": "2016-2020"}}, {"type": "Feature", "geometry": {"type": "Point", "coordinates": [-107.32973, 35.01982]}, "properties": {"crashes": 15, "injury": 0, "fatal": 0, "pedestrian": 0, "bicycle": 0, "density": 3.8, "year_range": "2016-2020"}}, {"type": "Feature", "geometry": {"type": "Point", "coordinates": [-107.318919, 35.009009]}, "properties": {"crashes": 13, "injury": 1, "fatal": 4, "pedestrian": 0, "bicycle": 0, "density": 3.2, "year_range": "2016-2020"}}, {"type": "Feature", "geometry": {"type": "Point", "coordinates": [-107.279279, 34.992793]}, "properties": {"crashes": 1, "injury": 0, "fatal": 0, "pedestrian": 0, "bicycle": 0, "density": 0.2, "year_range": "2016-2020"}}, {"type": "Feature", "geometry": {"type": "Point", "coordinates": [-107.272072, 34.992793]}, "properties": {"crashes": 13, "injury": 0, "fatal": 0, "pedestrian": 0, "bicycle": 0, "density": 3.2, "year_range": "2016-2020"}}, {"type": "Feature", "geometry": {"type": "Point", "coordinates": [-107.255856, 34.992793]}, "properties": {"crashes": 16, "injury": 0, "fatal": 0, "pedestrian": 0, "bicycle": 0, "density": 4.0, "year_range": "2016-2020"}}, {"type": "Feature", "geometry": {"type": "Point", "coordinates": [-107.261261, 34.992793]}, "properties": {"crashes": 1, "injury": 0, "fatal": 0, "pedestrian": 0, "bicycle": 0, "density": 0.2, "year_range": "2016-2020"}}, {"type": "Feature", "geometry": {"type": "Point", "coordinates": [-107.237838, 34.992793]}, "properties": {"crashes": 10, "injury": 1, "fatal": 0, "pedestrian": 0, "bicycle": 0, "density": 2.5, "year_range": "2016-2020"}}, {"type": "Feature", "geometry": {"type": "Point", "coordinates": [-107.21982, 34.990991]}, "properties": {"crashes": 14, "injury": 1, "fatal": 0, "pedestrian": 0, "bicycle": 0, "density": 3.5, "year_range": "2016-2020"}}, {"type": "Feature", "geometry": {"type": "Point", "coordinates": [-107.185586, 34.985586]}, "properties": {"crashes": 23, "injury": 0, "fatal": 0, "pedestrian": 0, "bicycle": 0, "density": 5.8, "year_range": "2016-2020"}}, {"type": "Feature", "geometry": {"type": "Point", "coordinates": [-107.167568, 34.983784]}, "properties": {"crashes": 3, "injury": 0, "fatal": 0, "pedestrian": 0, "bicycle": 0, "density": 0.8, "year_range": "2016-2020"}}, {"type": "Feature", "geometry": {"type": "Point", "coordinates": [-107.151351, 34.98018]}, "properties": {"crashes": 6, "injury": 0, "fatal": 0, "pedestrian": 0, "bicycle": 0, "density": 1.5, "year_range": "2016-2020"}}, {"type": "Feature", "geometry": {"type": "Point", "coordinates": [-107.117117, 34.981982]}, "properties": {"crashes": 11, "injury": 0, "fatal": 0, "pedestrian": 0, "bicycle": 0, "density": 2.8, "year_range": "2016-2020"}}, {"type": "Feature", "geometry": {"type": "Point", "coordinates": [-107.100901, 34.987387]}, "properties": {"crashes": 13, "injury": 0, "fatal": 0, "pedestrian": 0, "bicycle": 0, "density": 3.2, "year_range": "2016-2020"}}, {"type": "Feature", "geometry": {"type": "Point", "coordinates": [-107.066667, 34.998198]}, "properties": {"crashes": 5, "injury": 0, "fatal": 0, "pedestrian": 0, "bicycle": 0, "density": 1.2, "year_range": "2016-2020"}}, {"type": "Feature", "geometry": {"type": "Point", "coordinates": [-107.068468, 34.998198]}, "properties": {"crashes": 1, "injury": 0, "fatal": 0, "pedestrian": 0, "bicycle": 0, "density": 0.2, "year_range": "2016-2020"}}, {"type": "Feature", "geometry": {"type": "Point", "coordinates": [-107.05045, 35.003604]}, "properties": {"crashes": 9, "injury": 1, "fatal": 1, "pedestrian": 0, "bicycle": 0, "density": 2.2, "year_range": "2016-2020"}}, {"type": "Feature", "geometry": {"type": "Point", "coordinates": [-107.032432, 35.009009]}, "properties": {"crashes": 1, "injury": 0, "fatal": 0, "pedestrian": 0, "bicycle": 0, "density": 0.2, "year_range": "2016-2020"}}, {"type": "Feature", "geometry": {"type": "Point", "coordinates": [-107.018018, 35.014414]}, "properties": {"crashes": 13, "injury": 3, "fatal": 1, "pedestrian": 0, "bicycle": 0, "density": 3.2, "year_range": "2016-2020"}}, {"type": "Feature", "geometry": {"type": "Point", "coordinates": [-106.967568, 35.027027]}, "properties": {"crashes": 19, "injury": 1, "fatal": 0, "pedestrian": 0, "bicycle": 0, "density": 4.8, "year_range": "2016-2020"}}, {"type": "Feature", "geometry": {"type": "Point", "coordinates": [-106.951351, 35.030631]}, "properties": {"crashes": 34, "injury": 2, "fatal": 1, "pedestrian": 0, "bicycle": 0, "density": 8.5, "year_range": "2016-2020"}}, {"type": "Feature", "geometry": {"type": "Point", "coordinates": [-106.956757, 35.028829]}, "properties": {"crashes": 1, "injury": 0, "fatal": 0, "pedestrian": 0, "bicycle": 0, "density": 0.2, "year_range": "2016-2020"}}, {"type": "Feature", "geometry": {"type": "Point", "coordinates": [-106.882883, 35.046847]}, "properties": {"crashes": 16, "injury": 4, "fatal": 1, "pedestrian": 0, "bicycle": 0, "density": 4.0, "year_range": "2016-2020"}}, {"type": "Feature", "geometry": {"type": "Point", "coordinates": [-106.864865, 35.05045]}, "properties": {"crashes": 16, "injury": 1, "fatal": 1, "pedestrian": 0, "bicycle": 0, "density": 4.0, "year_range": "2016-2020"}}, {"type": "Feature", "geometry": {"type": "Point", "coordinates": [-106.848649, 35.052252]}, "properties": {"crashes": 8, "injury": 1, "fatal": 1, "pedestrian": 0, "bicycle": 0, "density": 2.0, "year_range": "2016-2020"}}, {"type": "Feature", "geometry": {"type": "Point", "coordinates": [-106.837838, 35.054054]}, "properties": {"crashes": 1, "injury": 0, "fatal": 0, "pedestrian": 0, "bicycle": 0, "density": 0.2, "year_range": "2016-2020"}}, {"type": "Feature", "geometry": {"type": "Point", "coordinates": [-106.814414, 35.059459]}, "properties": {"crashes": 2, "injury": 0, "fatal": 0, "pedestrian": 0, "bicycle": 0, "density": 0.5, "year_range": "2016-2020"}}, {"type": "Feature", "geometry": {"type": "Point", "coordinates": [-106.814414, 35.057658]}, "properties": {"crashes": 3, "injury": 0, "fatal": 0, "pedestrian": 0, "bicycle": 0, "density": 0.8, "year_range": "2016-2020"}}, {"type": "Feature", "geometry": {"type": "Point", "coordinates": [-106.796396, 35.061261]}, "properties": {"crashes": 18, "injury": 3, "fatal": 2, "pedestrian": 0, "bicycle": 0, "density": 4.5, "year_range": "2016-2020"}}, {"type": "Feature", "geometry": {"type": "Point", "coordinates": [-106.790991, 35.063063]}, "properties": {"crashes": 1, "injury": 1, "fatal": 0, "pedestrian": 0, "bicycle": 0, "density": 0.2, "year_range": "2016-2020"}}, {"type": "Feature", "geometry": {"type": "Point", "coordinates": [-106.785586, 35.064865]}, "properties": {"crashes": 1, "injury": 0, "fatal": 0, "pedestrian": 0, "bicycle": 0, "density": 0.2, "year_range": "2016-2020"}}, {"type": "Feature", "geometry": {"type": "Point", "coordinates": [-107.421622, 35.027027]}, "properties": {"crashes": 10, "injury": 1, "fatal": 0, "pedestrian": 0, "bicycle": 0, "density": 2.5, "year_range": "2016-2020"}}, {"type": "Feature", "geometry": {"type": "Point", "coordinates": [-109.043243, 35.367568]}, "properties": {"crashes": 3, "injury": 1, "fatal": 0, "pedestrian": 0, "bicycle": 0, "density": 0.8, "year_range": "2016-2020"}}, {"type": "Feature", "geometry": {"type": "Point", "coordinates": [-107.933333, 35.218018]}, "properties": {"crashes": 10, "injury": 0, "fatal": 0, "pedestrian": 0, "bicycle": 0, "density": 2.5, "year_range": "2016-2020"}}, {"type": "Feature", "geometry": {"type": "Point", "coordinates": [-106.848649, 35.054054]}, "properties": {"crashes": 6, "injury": 1, "fatal": 1, "pedestrian": 0, "bicycle": 0, "density": 1.5, "year_range": "2016-2020"}}, {"type": "Feature", "geometry": {"type": "Point", "coordinates": [-107.468468, 35.032432]}, "properties": {"crashes": 4, "injury": 0, "fatal": 0, "pedestrian": 0, "bicycle": 0, "density": 1.0, "year_range": "2016-2020"}}, {"type": "Feature", "geometry": {"type": "Point", "coordinates": [-107.987387, 35.291892]}, "properties": {"crashes": 6, "injury": 1, "fatal": 0, "pedestrian": 0, "bicycle": 0, "density": 1.5, "year_range": "2016-2020"}}, {"type": "Feature", "geometry": {"type": "Point", "coordinates": [-108.212613, 35.394595]}, "properties": {"crashes": 18, "injury": 0, "fatal": 0, "pedestrian": 0, "bicycle": 0, "density": 4.5, "year_range": "2016-2020"}}, {"type": "Feature", "geometry": {"type": "Point", "coordinates": [-107.354955, 35.037838]}, "properties": {"crashes": 19, "injury": 0, "fatal": 0, "pedestrian": 0, "bicycle": 0, "density": 4.8, "year_range": "2016-2020"}}, {"type": "Feature", "geometry": {"type": "Point", "coordinates": [-107.598198, 35.075676]}, "properties": {"crashes": 3, "injury": 0, "fatal": 0, "pedestrian": 0, "bicycle": 0, "density": 0.8, "year_range": "2016-2020"}}, {"type": "Feature", "geometry": {"type": "Point", "coordinates": [-108.772973, 35.524324]}, "properties": {"crashes": 21, "injury": 1, "fatal": 1, "pedestrian": 0, "bicycle": 0, "density": 5.2, "year_range": "2016-2020"}}, {"type": "Feature", "geometry": {"type": "Point", "coordinates": [-108.672072, 35.531532]}, "properties": {"crashes": 9, "injury": 0, "fatal": 0, "pedestrian": 0, "bicycle": 0, "density": 2.2, "year_range": "2016-2020"}}, {"type": "Feature", "geometry": {"type": "Point", "coordinates": [-108.311712, 35.423423]}, "properties": {"crashes": 8, "injury": 0, "fatal": 0, "pedestrian": 0, "bicycle": 0, "density": 2.0, "year_range": "2016-2020"}}, {"type": "Feature", "geometry": {"type": "Point", "coordinates": [-108.967568, 35.436036]}, "properties": {"crashes": 15, "injury": 0, "fatal": 0, "pedestrian": 0, "bicycle": 0, "density": 3.8, "year_range": "2016-2020"}}, {"type": "Feature", "geometry": {"type": "Point", "coordinates": [-108.515315, 35.500901]}, "properties": {"crashes": 3, "injury": 0, "fatal": 0, "pedestrian": 0, "bicycle": 0, "density": 0.8, "year_range": "2016-2020"}}, {"type": "Feature", "geometry": {"type": "Point", "coordinates": [-108.520721, 35.502703]}, "properties": {"crashes": 2, "injury": 0, "fatal": 0, "pedestrian": 0, "bicycle": 0, "density": 0.5, "year_range": "2016-2020"}}, {"type": "Feature", "geometry": {"type": "Point", "coordinates": [-108.502703, 35.497297]}, "properties": {"crashes": 25, "injury": 0, "fatal": 0, "pedestrian": 0, "bicycle": 0, "density": 6.2, "year_range": "2016-2020"}}, {"type": "Feature", "geometry": {"type": "Point", "coordinates": [-108.830631, 35.504505]}, "properties": {"crashes": 2, "injury": 0, "fatal": 0, "pedestrian": 0, "bicycle": 0, "density": 0.5, "year_range": "2016-2020"}}, {"type": "Feature", "geometry": {"type": "Point", "coordinates": [-108.827027, 35.50991]}, "properties": {"crashes": 1, "injury": 0, "fatal": 0, "pedestrian": 0, "bicycle": 0, "density": 0.2, "year_range": "2016-2020"}}, {"type": "Feature", "geometry": {"type": "Point", "coordinates": [-106.917117, 35.037838]}, "properties": {"crashes": 8, "injury": 1, "fatal": 1, "pedestrian": 0, "bicycle": 0, "density": 2.0, "year_range": "2016-2020"}}, {"type": "Feature", "geometry": {"type": "Point", "coordinates": [-108.526126, 35.506306]}, "properties": {"crashes": 3, "injury": 1, "fatal": 0, "pedestrian": 0, "bicycle": 0, "density": 0.8, "year_range": "2016-2020"}}, {"type": "Feature", "geometry": {"type": "Point", "coordinates": [-109.036036, 35.372973]}, "properties": {"crashes": 16, "injury": 1, "fatal": 0, "pedestrian": 0, "bicycle": 0, "density": 4.0, "year_range": "2016-2020"}}, {"type": "Feature", "geometry": {"type": "Point", "coordinates": [-108.998198, 35.410811]}, "properties": {"crashes": 1, "injury": 0, "fatal": 0, "pedestrian": 0, "bicycle": 0, "density": 0.2, "year_range": "2016-2020"}}, {"type": "Feature", "geometry": {"type": "Point", "coordinates": [-108.992793, 35.416216]}, "properties": {"crashes": 27, "injury": 2, "fatal": 0, "pedestrian": 0, "bicycle": 0, "density": 6.8, "year_range": "2016-2020"}}, {"type": "Feature", "geometry": {"type": "Point", "coordinates": [-108.951351, 35.45045]}, "properties": {"crashes": 4, "injury": 0, "fatal": 0, "pedestrian": 0, "bicycle": 0, "density": 1.0, "year_range": "2016-2020"}}, {"type": "Feature", "geometry": {"type": "Point", "coordinates": [-108.944144, 35.461261]}, "properties": {"crashes": 1, "injury": 0, "fatal": 0, "pedestrian": 0, "bicycle": 0, "density": 0.2, "year_range": "2016-2020"}}, {"type": "Feature", "geometry": {"type": "Point", "coordinates": [-108.156757, 35.387387]}, "properties": {"crashes": 3, "injury": 0, "fatal": 0, "pedestrian": 0, "bicycle": 0, "density": 0.8, "year_range": "2016-2020"}}, {"type": "Feature", "geometry": {"type": "Point", "coordinates": [-108.897297, 35.488288]}, "properties": {"crashes": 2, "injury": 0, "fatal": 0, "pedestrian": 0, "bicycle": 0, "density": 0.5, "year_range": "2016-2020"}}, {"type": "Feature", "geometry": {"type": "Point", "coordinates": [-108.888288, 35.49009]}, "properties": {"crashes": 20, "injury": 0, "fatal": 0, "pedestrian": 0, "bicycle": 0, "density": 5.0, "year_range": "2016-2020"}}, {"type": "Feature", "geometry": {"type": "Point", "coordinates": [-108.756757, 35.527928]}, "properties": {"crashes": 8, "injury": 0, "fatal": 0, "pedestrian": 0, "bicycle": 0, "density": 2.0, "year_range": "2016-2020"}}, {"type": "Feature", "geometry": {"type": "Point", "coordinates": [-108.720721, 35.533333]}, "properties": {"crashes": 1, "injury": 0, "fatal": 0, "pedestrian": 0, "bicycle": 0, "density": 0.2, "year_range": "2016-2020"}}, {"type": "Feature", "geometry": {"type": "Point", "coordinates": [-108.681081, 35.535135]}, "properties": {"crashes": 1, "injury": 0, "fatal": 0, "pedestrian": 0, "bicycle": 0, "density": 0.2, "year_range": "2016-2020"}}, {"type": "Feature", "geometry": {"type": "Point", "coordinates": [-108.663063, 35.52973]}, "properties": {"crashes": 8, "injury": 0, "fatal": 0, "pedestrian": 0, "bicycle": 0, "density": 2.0, "year_range": "2016-2020"}}, {"type": "Feature", "geometry": {"type": "Point", "coordinates": [-108.673874, 35.533333]}, "properties": {"crashes": 1, "injury": 0, "fatal": 0, "pedestrian": 0, "bicycle": 0, "density": 0.2, "year_range": "2016-2020"}}, {"type": "Feature", "geometry": {"type": "Point", "coordinates": [-108.636036, 35.531532]}, "properties": {"crashes": 14, "injury": 0, "fatal": 0, "pedestrian": 0, "bicycle": 0, "density": 3.5, "year_range": "2016-2020"}}, {"type": "Feature", "geometry": {"type": "Point", "coordinates": [-108.612613, 35.52973]}, "properties": {"crashes": 1, "injury": 0, "fatal": 0, "pedestrian": 0, "bicycle": 0, "density": 0.2, "year_range": "2016-2020"}}, {"type": "Feature", "geometry": {"type": "Point", "coordinates": [-108.627027, 35.531532]}, "properties": {"crashes": 1, "injury": 0, "fatal": 0, "pedestrian": 0, "bicycle": 0, "density": 0.2, "year_range": "2016-2020"}}, {"type": "Feature", "geometry": {"type": "Point", "coordinates": [-108.54955, 35.515315]}, "properties": {"crashes": 10, "injury": 0, "fatal": 0, "pedestrian": 0, "bicycle": 0, "density": 2.5, "year_range": "2016-2020"}}, {"type": "Feature", "geometry": {"type": "Point", "coordinates": [-108.538739, 35.50991]}, "properties": {"crashes": 3, "injury": 0, "fatal": 0, "pedestrian": 0, "bicycle": 0, "density": 0.8, "year_range": "2016-2020"}}, {"type": "Feature", "geometry": {"type": "Point", "coordinates": [-108.502703, 35.495495]}, "properties": {"crashes": 1, "injury": 0, "fatal": 0, "pedestrian": 0, "bicycle": 0, "density": 0.2, "year_range": "2016-2020"}}, {"type": "Feature", "geometry": {"type": "Point", "coordinates": [-108.493694, 35.493694]}, "properties": {"crashes": 4, "injury": 0, "fatal": 0, "pedestrian": 0, "bicycle": 0, "density": 1.0, "year_range": "2016-2020"}}, {"type": "Feature", "geometry": {"type": "Point", "coordinates": [-108.466667, 35.486486]}, "properties": {"crashes": 2, "injury": 0, "fatal": 0, "pedestrian": 0, "bicycle": 0, "density": 0.5, "year_range": "2016-2020"}}, {"type": "Feature", "geometry": {"type": "Point", "coordinates": [-108.455856, 35.484685]}, "properties": {"crashes": 5, "injury": 0, "fatal": 0, "pedestrian": 0, "bicycle": 0, "density": 1.2, "year_range": "2016-2020"}}, {"type": "Feature", "geometry": {"type": "Point", "coordinates": [-108.342342, 35.437838]}, "properties": {"crashes": 16, "injury": 1, "fatal": 0, "pedestrian": 0, "bicycle": 0, "density": 4.0, "year_range": "2016-2020"}}, {"type": "Feature", "geometry": {"type": "Point", "coordinates": [-108.335135, 35.434234]}, "properties": {"crashes": 3, "injury": 0, "fatal": 0, "pedestrian": 0, "bicycle": 0, "density": 0.8, "year_range": "2016-2020"}}, {"type": "Feature", "geometry": {"type": "Point", "coordinates": [-108.32973, 35.432432]}, "properties": {"crashes": 3, "injury": 0, "fatal": 0, "pedestrian": 0, "bicycle": 0, "density": 0.8, "year_range": "2016-2020"}}, {"type": "Feature", "geometry": {"type": "Point", "coordinates": [-108.324324, 35.428829]}, "properties": {"crashes": 3, "injury": 0, "fatal": 0, "pedestrian": 0, "bicycle": 0, "density": 0.8, "year_range": "2016-2020"}}, {"type": "Feature", "geometry": {"type": "Point", "coordinates": [-108.281081, 35.409009]}, "properties": {"crashes": 4, "injury": 0, "fatal": 0, "pedestrian": 0, "bicycle": 0, "density": 1.0, "year_range": "2016-2020"}}, {"type": "Feature", "geometry": {"type": "Point", "coordinates": [-108.279279, 35.409009]}, "properties": {"crashes": 2, "injury": 0, "fatal": 0, "pedestrian": 0, "bicycle": 0, "density": 0.5, "year_range": "2016-2020"}}, {"type": "Feature", "geometry": {"type": "Point", "coordinates": [-108.246847, 35.401802]}, "properties": {"crashes": 9, "injury": 0, "fatal": 0, "pedestrian": 0, "bicycle": 0, "density": 2.2, "year_range": "2016-2020"}}, {"type": "Feature", "geometry": {"type": "Point", "coordinates": [-108.205405, 35.392793]}, "properties": {"crashes": 1, "injury": 0, "fatal": 0, "pedestrian": 0, "bicycle": 0, "density": 0.2, "year_range": "2016-2020"}}, {"type": "Feature", "geometry": {"type": "Point", "coordinates": [-108.194595, 35.389189]}, "properties": {"crashes": 1, "injury": 0, "fatal": 0, "pedestrian": 0, "bicycle": 0, "density": 0.2, "year_range": "2016-2020"}}, {"type": "Feature", "geometry": {"type": "Point", "coordinates": [-108.203604, 35.392793]}, "properties": {"crashes": 4, "injury": 0, "fatal": 0, "pedestrian": 0, "bicycle": 0, "density": 1.0, "year_range": "2016-2020"}}, {"type": "Feature", "geometry": {"type": "Point", "coordinates": [-108.16036, 35.387387]}, "properties": {"crashes": 13, "injury": 0, "fatal": 0, "pedestrian": 0, "bicycle": 0, "density": 3.2, "year_range": "2016-2020"}}, {"type": "Feature", "geometry": {"type": "Point", "coordinates": [-108.055856, 35.363964]}, "properties": {"crashes": 3, "injury": 0, "fatal": 0, "pedestrian": 0, "bicycle": 0, "density": 0.8, "year_range": "2016-2020"}}, {"type": "Feature", "geometry": {"type": "Point", "coordinates": [-108.023423, 35.351351]}, "properties": {"crashes": 1, "injury": 0, "fatal": 0, "pedestrian": 0, "bicycle": 0, "density": 0.2, "year_range": "2016-2020"}}, {"type": "Feature", "geometry": {"type": "Point", "coordinates": [-108.007207, 35.340541]}, "properties": {"crashes": 3, "injury": 0, "fatal": 0, "pedestrian": 0, "bicycle": 0, "density": 0.8, "year_range": "2016-2020"}}, {"type": "Feature", "geometry": {"type": "Point", "coordinates": [-107.992793, 35.313514]}, "properties": {"crashes": 3, "injury": 0, "fatal": 0, "pedestrian": 0, "bicycle": 0, "density": 0.8, "year_range": "2016-2020"}}, {"type": "Feature", "geometry": {"type": "Point", "coordinates": [-107.990991, 35.304505]}, "properties": {"crashes": 3, "injury": 1, "fatal": 0, "pedestrian": 0, "bicycle": 0, "density": 0.8, "year_range": "2016-2020"}}, {"type": "Feature", "geometry": {"type": "Point", "coordinates": [-107.978378, 35.264865]}, "properties": {"crashes": 9, "injury": 1, "fatal": 0, "pedestrian": 0, "bicycle": 0, "density": 2.2, "year_range": "2016-2020"}}, {"type": "Feature", "geometry": {"type": "Point", "coordinates": [-107.962162, 35.246847]}, "properties": {"crashes": 2, "injury": 0, "fatal": 0, "pedestrian": 0, "bicycle": 0, "density": 0.5, "year_range": "2016-2020"}}, {"type": "Feature", "geometry": {"type": "Point", "coordinates": [-107.954955, 35.241441]}, "properties": {"crashes": 7, "injury": 0, "fatal": 0, "pedestrian": 0, "bicycle": 0, "density": 1.8, "year_range": "2016-2020"}}, {"type": "Feature", "geometry": {"type": "Point", "coordinates": [-107.956757, 35.241441]}, "properties": {"crashes": 4, "injury": 0, "fatal": 0, "pedestrian": 0, "bicycle": 0, "density": 1.0, "year_range": "2016-2020"}}, {"type": "Feature", "geometry": {"type": "Point", "coordinates": [-107.924324, 35.207207]}, "properties": {"crashes": 1, "injury": 0, "fatal": 0, "pedestrian": 0, "bicycle": 0, "density": 0.2, "year_range": "2016-2020"}}, {"type": "Feature", "geometry": {"type": "Point", "coordinates": [-107.917117, 35.201802]}, "properties": {"crashes": 1, "injury": 0, "fatal": 0, "pedestrian": 0, "bicycle": 0, "density": 0.2, "year_range": "2016-2020"}}, {"type": "Feature", "geometry": {"type": "Point", "coordinates": [-107.911712, 35.194595]}, "properties": {"crashes": 1, "injury": 0, "fatal": 0, "pedestrian": 0, "bicycle": 0, "density": 0.2, "year_range": "2016-2020"}}, {"type": "Feature", "geometry": {"type": "Point", "coordinates": [-107.900901, 35.181982]}, "properties": {"crashes": 4, "injury": 0, "fatal": 0, "pedestrian": 0, "bicycle": 0, "density": 1.0, "year_range": "2016-2020"}}, {"type": "Feature", "geometry": {"type": "Point", "coordinates": [-107.899099, 35.169369]}, "properties": {"crashes": 11, "injury": 0, "fatal": 0, "pedestrian": 0, "bicycle": 0, "density": 2.8, "year_range": "2016-2020"}}, {"type": "Feature", "geometry": {"type": "Point", "coordinates": [-107.818018, 35.115315]}, "properties": {"crashes": 8, "injury": 2, "fatal": 0, "pedestrian": 0, "bicycle": 0, "density": 2.0, "year_range": "2016-2020"}}, {"type": "Feature", "geometry": {"type": "Point", "coordinates": [-107.713514, 35.064865]}, "properties": {"crashes": 4, "injury": 0, "fatal": 0, "pedestrian": 0, "bicycle": 0, "density": 1.0, "year_range": "2016-2020"}}, {"type": "Feature", "geometry": {"type": "Point", "coordinates": [-107.715315, 35.064865]}, "properties": {"crashes": 10, "injury": 1, "fatal": 1, "pedestrian": 0, "bicycle": 0, "density": 2.5, "year_range": "2016-2020"}}, {"type": "Feature", "geometry": {"type": "Point", "coordinates": [-107.673874, 35.07027]}, "properties": {"crashes": 1, "injury": 0, "fatal": 0, "pedestrian": 0, "bicycle": 0, "density": 0.2, "year_range": "2016-2020"}}, {"type": "Feature", "geometry": {"type": "Point", "coordinates": [-107.576577, 35.073874]}, "properties": {"crashes": 2, "injury": 0, "fatal": 0, "pedestrian": 0, "bicycle": 0, "density": 0.5, "year_range": "2016-2020"}}, {"type": "Feature", "geometry": {"type": "Point", "coordinates": [-107.558559, 35.073874]}, "properties": {"crashes": 4, "injury": 0, "fatal": 0, "pedestrian": 0, "bicycle": 0, "density": 1.0, "year_range": "2016-2020"}}, {"type": "Feature", "geometry": {"type": "Point", "coordinates": [-107.527928, 35.066667]}, "properties": {"crashes": 18, "injury": 4, "fatal": 3, "pedestrian": 0, "bicycle": 0, "density": 4.5, "year_range": "2016-2020"}}, {"type": "Feature", "geometry": {"type": "Point", "coordinates": [-107.518919, 35.054054]}, "properties": {"crashes": 11, "injury": 1, "fatal": 1, "pedestrian": 0, "bicycle": 0, "density": 2.8, "year_range": "2016-2020"}}, {"type": "Feature", "geometry": {"type": "Point", "coordinates": [-107.504505, 35.046847]}, "properties": {"crashes": 16, "injury": 0, "fatal": 0, "pedestrian": 0, "bicycle": 0, "density": 4.0, "year_range": "2016-2020"}}, {"type": "Feature", "geometry": {"type": "Point", "coordinates": [-107.448649, 35.027027]}, "properties": {"crashes": 2, "injury": 0, "fatal": 0, "pedestrian": 0, "bicycle": 0, "density": 0.5, "year_range": "2016-2020"}}, {"type": "Feature", "geometry": {"type": "Point", "coordinates": [-107.43964, 35.027027]}, "properties": {"crashes": 10, "injury": 1, "fatal": 1, "pedestrian": 0, "bicycle": 0, "density": 2.5, "year_range": "2016-2020"}}, {"type": "Feature", "geometry": {"type": "Point", "coordinates": [-107.38018, 35.032432]}, "properties": {"crashes": 2, "injury": 0, "fatal": 0, "pedestrian": 0, "bicycle": 0, "density": 0.5, "year_range": "2016-2020"}}, {"type": "Feature", "geometry": {"type": "Point", "coordinates": [-107.371171, 35.036036]}, "properties": {"crashes": 31, "injury": 1, "fatal": 1, "pedestrian": 0, "bicycle": 0, "density": 7.8, "year_range": "2016-2020"}}, {"type": "Feature", "geometry": {"type": "Point", "coordinates": [-107.326126, 35.016216]}, "properties": {"crashes": 2, "injury": 0, "fatal": 0, "pedestrian": 0, "bicycle": 0, "density": 0.5, "year_range": "2016-2020"}}, {"type": "Feature", "geometry": {"type": "Point", "coordinates": [-107.29009, 34.992793]}, "properties": {"crashes": 8, "injury": 0, "fatal": 0, "pedestrian": 0, "bicycle": 0, "density": 2.0, "year_range": "2016-2020"}}, {"type": "Feature", "geometry": {"type": "Point", "coordinates": [-107.189189, 34.985586]}, "properties": {"crashes": 1, "injury": 0, "fatal": 0, "pedestrian": 0, "bicycle": 0, "density": 0.2, "year_range": "2016-2020"}}, {"type": "Feature", "geometry": {"type": "Point", "coordinates": [-107.088288, 34.990991]}, "properties": {"crashes": 2, "injury": 0, "fatal": 0, "pedestrian": 0, "bicycle": 0, "density": 0.5, "year_range": "2016-2020"}}, {"type": "Feature", "geometry": {"type": "Point", "coordinates": [-107.034234, 35.009009]}, "properties": {"crashes": 15, "injury": 0, "fatal": 0, "pedestrian": 0, "bicycle": 0, "density": 3.8, "year_range": "2016-2020"}}, {"type": "Feature", "geometry": {"type": "Point", "coordinates": [-106.899099, 35.043243]}, "properties": {"crashes": 16, "injury": 5, "fatal": 6, "pedestrian": 0, "bicycle": 0, "density": 4.0, "year_range": "2016-2020"}}, {"type": "Feature", "geometry": {"type": "Point", "coordinates": [-108.886486, 35.49009]}, "properties": {"crashes": 4, "injury": 0, "fatal": 0, "pedestrian": 0, "bicycle": 0, "density": 1.0, "year_range": "2016-2020"}}, {"type": "Feature", "geometry": {"type": "Point", "coordinates": [-108.972973, 35.432432]}, "properties": {"crashes": 1, "injury": 0, "fatal": 0, "pedestrian": 0, "bicycle": 0, "density": 0.2, "year_range": "2016-2020"}}, {"type": "Feature", "geometry": {"type": "Point", "coordinates": [-108.01982, 35.351351]}, "properties": {"crashes": 1, "injury": 0, "fatal": 0, "pedestrian": 0, "bicycle": 0, "density": 0.2, "year_range": "2016-2020"}}, {"type": "Feature", "geometry": {"type": "Point", "coordinates": [-108.010811, 35.345946]}, "properties": {"crashes": 14, "injury": 0, "fatal": 0, "pedestrian": 0, "bicycle": 0, "density": 3.5, "year_range": "2016-2020"}}, {"type": "Feature", "geometry": {"type": "Point", "coordinates": [-108.83964, 35.499099]}, "properties": {"crashes": 2, "injury": 0, "fatal": 0, "pedestrian": 0, "bicycle": 0, "density": 0.5, "year_range": "2016-2020"}}, {"type": "Feature", "geometry": {"type": "Point", "coordinates": [-108.931532, 35.47027]}, "properties": {"crashes": 2, "injury": 0, "fatal": 0, "pedestrian": 0, "bicycle": 0, "density": 0.5, "year_range": "2016-2020"}}, {"type": "Feature", "geometry": {"type": "Point", "coordinates": [-107.403604, 35.027027]}, "properties": {"crashes": 12, "injury": 0, "fatal": 0, "pedestrian": 0, "bicycle": 0, "density": 3.0, "year_range": "2016-2020"}}, {"type": "Feature", "geometry": {"type": "Point", "coordinates": [-107.976577, 35.263063]}, "properties": {"crashes": 3, "injury": 0, "fatal": 0, "pedestrian": 0, "bicycle": 0, "density": 0.8, "year_range": "2016-2020"}}, {"type": "Feature", "geometry": {"type": "Point", "coordinates": [-107.953153, 35.237838]}, "properties": {"crashes": 1, "injury": 0, "fatal": 0, "pedestrian": 0, "bicycle": 0, "density": 0.2, "year_range": "2016-2020"}}, {"type": "Feature", "geometry": {"type": "Point", "coordinates": [-107.643243, 35.075676]}, "properties": {"crashes": 1, "injury": 0, "fatal": 0, "pedestrian": 0, "bicycle": 0, "density": 0.2, "year_range": "2016-2020"}}, {"type": "Feature", "geometry": {"type": "Point", "coordinates": [-107.273874, 34.992793]}, "properties": {"crashes": 1, "injury": 0, "fatal": 0, "pedestrian": 0, "bicycle": 0, "density": 0.2, "year_range": "2016-2020"}}, {"type": "Feature", "geometry": {"type": "Point", "coordinates": [-108.85045, 35.497297]}, "properties": {"crashes": 2, "injury": 0, "fatal": 0, "pedestrian": 0, "bicycle": 0, "density": 0.5, "year_range": "2016-2020"}}, {"type": "Feature", "geometry": {"type": "Point", "coordinates": [-108.210811, 35.392793]}, "properties": {"crashes": 1, "injury": 0, "fatal": 0, "pedestrian": 0, "bicycle": 0, "density": 0.2, "year_range": "2016-2020"}}, {"type": "Feature", "geometry": {"type": "Point", "coordinates": [-108.672072, 35.52973]}, "properties": {"crashes": 2, "injury": 0, "fatal": 0, "pedestrian": 0, "bicycle": 0, "density": 0.5, "year_range": "2016-2020"}}, {"type": "Feature", "geometry": {"type": "Point", "coordinates": [-108.789189, 35.518919]}, "properties": {"crashes": 12, "injury": 0, "fatal": 0, "pedestrian": 0, "bicycle": 0, "density": 3.0, "year_range": "2016-2020"}}, {"type": "Feature", "geometry": {"type": "Point", "coordinates": [-108.805405, 35.513514]}, "properties": {"crashes": 18, "injury": 1, "fatal": 0, "pedestrian": 0, "bicycle": 0, "density": 4.5, "year_range": "2016-2020"}}, {"type": "Feature", "geometry": {"type": "Point", "coordinates": [-108.284685, 35.410811]}, "properties": {"crashes": 2, "injury": 0, "fatal": 0, "pedestrian": 0, "bicycle": 0, "density": 0.5, "year_range": "2016-2020"}}, {"type": "Feature", "geometry": {"type": "Point", "coordinates": [-108.855856, 35.497297]}, "properties": {"crashes": 2, "injury": 0, "fatal": 0, "pedestrian": 0, "bicycle": 0, "density": 0.5, "year_range": "2016-2020"}}, {"type": "Feature", "geometry": {"type": "Point", "coordinates": [-109.009009, 35.392793]}, "properties": {"crashes": 4, "injury": 3, "fatal": 3, "pedestrian": 0, "bicycle": 0, "density": 1.0, "year_range": "2016-2020"}}, {"type": "Feature", "geometry": {"type": "Point", "coordinates": [-107.56036, 35.073874]}, "properties": {"crashes": 18, "injury": 2, "fatal": 0, "pedestrian": 0, "bicycle": 0, "density": 4.5, "year_range": "2016-2020"}}, {"type": "Feature", "geometry": {"type": "Point", "coordinates": [-106.917117, 35.03964]}, "properties": {"crashes": 7, "injury": 1, "fatal": 0, "pedestrian": 0, "bicycle": 0, "density": 1.8, "year_range": "2016-2020"}}, {"type": "Feature", "geometry": {"type": "Point", "coordinates": [-106.94955, 35.030631]}, "properties": {"crashes": 10, "injury": 2, "fatal": 1, "pedestrian": 0, "bicycle": 0, "density": 2.5, "year_range": "2016-2020"}}, {"type": "Feature", "geometry": {"type": "Point", "coordinates": [-108.603604, 35.52973]}, "properties": {"crashes": 3, "injury": 0, "fatal": 0, "pedestrian": 0, "bicycle": 0, "density": 0.8, "year_range": "2016-2020"}}, {"type": "Feature", "geometry": {"type": "Point", "coordinates": [-108.021622, 35.351351]}, "properties": {"crashes": 1, "injury": 0, "fatal": 0, "pedestrian": 0, "bicycle": 0, "density": 0.2, "year_range": "2016-2020"}}, {"type": "Feature", "geometry": {"type": "Point", "coordinates": [-107.322523, 35.012613]}, "properties": {"crashes": 3, "injury": 1, "fatal": 1, "pedestrian": 0, "bicycle": 0, "density": 0.8, "year_range": "2016-2020"}}, {"type": "Feature", "geometry": {"type": "Point", "coordinates": [-109.021622, 35.38018]}, "properties": {"crashes": 4, "injury": 0, "fatal": 0, "pedestrian": 0, "bicycle": 0, "density": 1.0, "year_range": "2016-2020"}}, {"type": "Feature", "geometry": {"type": "Point", "coordinates": [-108.933333, 35.468468]}, "properties": {"crashes": 5, "injury": 0, "fatal": 0, "pedestrian": 0, "bicycle": 0, "density": 1.2, "year_range": "2016-2020"}}, {"type": "Feature", "geometry": {"type": "Point", "coordinates": [-108.918919, 35.477477]}, "properties": {"crashes": 6, "injury": 0, "fatal": 0, "pedestrian": 0, "bicycle": 0, "density": 1.5, "year_range": "2016-2020"}}, {"type": "Feature", "geometry": {"type": "Point", "coordinates": [-108.893694, 35.488288]}, "properties": {"crashes": 1, "injury": 0, "fatal": 0, "pedestrian": 0, "bicycle": 0, "density": 0.2, "year_range": "2016-2020"}}, {"type": "Feature", "geometry": {"type": "Point", "coordinates": [-108.787387, 35.520721]}, "properties": {"crashes": 2, "injury": 1, "fatal": 1, "pedestrian": 0, "bicycle": 0, "density": 0.5, "year_range": "2016-2020"}}, {"type": "Feature", "geometry": {"type": "Point", "coordinates": [-108.796396, 35.517117]}, "properties": {"crashes": 1, "injury": 0, "fatal": 0, "pedestrian": 0, "bicycle": 0, "density": 0.2, "year_range": "2016-2020"}}, {"type": "Feature", "geometry": {"type": "Point", "coordinates": [-108.738739, 35.531532]}, "properties": {"crashes": 12, "injury": 0, "fatal": 0, "pedestrian": 0, "bicycle": 0, "density": 3.0, "year_range": "2016-2020"}}, {"type": "Feature", "geometry": {"type": "Point", "coordinates": [-108.69009, 35.533333]}, "properties": {"crashes": 3, "injury": 1, "fatal": 0, "pedestrian": 0, "bicycle": 0, "density": 0.8, "year_range": "2016-2020"}}, {"type": "Feature", "geometry": {"type": "Point", "coordinates": [-108.654054, 35.531532]}, "properties": {"crashes": 16, "injury": 0, "fatal": 0, "pedestrian": 0, "bicycle": 0, "density": 4.0, "year_range": "2016-2020"}}, {"type": "Feature", "geometry": {"type": "Point", "coordinates": [-108.610811, 35.52973]}, "properties": {"crashes": 3, "injury": 0, "fatal": 0, "pedestrian": 0, "bicycle": 0, "density": 0.8, "year_range": "2016-2020"}}, {"type": "Feature", "geometry": {"type": "Point", "coordinates": [-108.590991, 35.526126]}, "properties": {"crashes": 2, "injury": 0, "fatal": 0, "pedestrian": 0, "bicycle": 0, "density": 0.5, "year_range": "2016-2020"}}, {"type": "Feature", "geometry": {"type": "Point", "coordinates": [-108.30991, 35.423423]}, "properties": {"crashes": 4, "injury": 1, "fatal": 1, "pedestrian": 0, "bicycle": 0, "density": 1.0, "year_range": "2016-2020"}}, {"type": "Feature", "geometry": {"type": "Point", "coordinates": [-108.142342, 35.385586]}, "properties": {"crashes": 14, "injury": 0, "fatal": 0, "pedestrian": 0, "bicycle": 0, "density": 3.5, "year_range": "2016-2020"}}, {"type": "Feature", "geometry": {"type": "Point", "coordinates": [-107.900901, 35.178378]}, "properties": {"crashes": 2, "injury": 0, "fatal": 0, "pedestrian": 0, "bicycle": 0, "density": 0.5, "year_range": "2016-2020"}}, {"type": "Feature", "geometry": {"type": "Point", "coordinates": [-107.500901, 35.043243]}, "properties": {"crashes": 4, "injury": 0, "fatal": 0, "pedestrian": 0, "bicycle": 0, "density": 1.0, "year_range": "2016-2020"}}, {"type": "Feature", "geometry": {"type": "Point", "coordinates": [-107.29009, 34.994595]}, "properties": {"crashes": 9, "injury": 0, "fatal": 0, "pedestrian": 0, "bicycle": 0, "density": 2.2, "year_range": "2016-2020"}}, {"type": "Feature", "geometry": {"type": "Point", "coordinates": [-107.099099, 34.987387]}, "properties": {"crashes": 2, "injury": 0, "fatal": 0, "pedestrian": 0, "bicycle": 0, "density": 0.5, "year_range": "2016-2020"}}, {"type": "Feature", "geometry": {"type": "Point", "coordinates": [-107.001802, 35.01982]}, "properties": {"crashes": 12, "injury": 0, "fatal": 0, "pedestrian": 0, "bicycle": 0, "density": 3.0, "year_range": "2016-2020"}}, {"type": "Feature", "geometry": {"type": "Point", "coordinates": [-106.933333, 35.034234]}, "properties": {"crashes": 12, "injury": 3, "fatal": 3, "pedestrian": 0, "bicycle": 0, "density": 3.0, "year_range": "2016-2020"}}, {"type": "Feature", "geometry": {"type": "Point", "coordinates": [-109.046847, 35.363964]}, "properties": {"crashes": 4, "injury": 0, "fatal": 0, "pedestrian": 0, "bicycle": 0, "density": 1.0, "year_range": "2016-2020"}}, {"type": "Feature", "geometry": {"type": "Point", "coordinates": [-107.904505, 35.187387]}, "properties": {"crashes": 3, "injury": 0, "fatal": 0, "pedestrian": 0, "bicycle": 0, "density": 0.8, "year_range": "2016-2020"}}, {"type": "Feature", "geometry": {"type": "Point", "coordinates": [-107.944144, 35.230631]}, "properties": {"crashes": 6, "injury": 0, "fatal": 0, "pedestrian": 0, "bicycle": 0, "density": 1.5, "year_range": "2016-2020"}}, {"type": "Feature", "geometry": {"type": "Point", "coordinates": [-109.045045, 35.365766]}, "properties": {"crashes": 3, "injury": 1, "fatal": 1, "pedestrian": 0, "bicycle": 0, "density": 0.8, "year_range": "2016-2020"}}, {"type": "Feature", "geometry": {"type": "Point", "coordinates": [-109.045045, 35.363964]}, "properties": {"crashes": 3, "injury": 0, "fatal": 0, "pedestrian": 0, "bicycle": 0, "density": 0.8, "year_range": "2016-2020"}}, {"type": "Feature", "geometry": {"type": "Point", "coordinates": [-107.74955, 35.072072]}, "properties": {"crashes": 1, "injury": 0, "fatal": 0, "pedestrian": 0, "bicycle": 0, "density": 0.2, "year_range": "2016-2020"}}, {"type": "Feature", "geometry": {"type": "Point", "coordinates": [-109.037838, 35.372973]}, "properties": {"crashes": 2, "injury": 0, "fatal": 0, "pedestrian": 0, "bicycle": 0, "density": 0.5, "year_range": "2016-2020"}}, {"type": "Feature", "geometry": {"type": "Point", "coordinates": [-109.043243, 35.369369]}, "properties": {"crashes": 9, "injury": 0, "fatal": 0, "pedestrian": 0, "bicycle": 0, "density": 2.2, "year_range": "2016-2020"}}, {"type": "Feature", "geometry": {"type": "Point", "coordinates": [-109.01982, 35.38018]}, "properties": {"crashes": 6, "injury": 2, "fatal": 1, "pedestrian": 0, "bicycle": 0, "density": 1.5, "year_range": "2016-2020"}}, {"type": "Feature", "geometry": {"type": "Point", "coordinates": [-109.014414, 35.383784]}, "properties": {"crashes": 2, "injury": 0, "fatal": 0, "pedestrian": 0, "bicycle": 0, "density": 0.5, "year_range": "2016-2020"}}, {"type": "Feature", "geometry": {"type": "Point", "coordinates": [-109.009009, 35.390991]}, "properties": {"crashes": 10, "injury": 1, "fatal": 0, "pedestrian": 0, "bicycle": 0, "density": 2.5, "year_range": "2016-2020"}}, {"type": "Feature", "geometry": {"type": "Point", "coordinates": [-109.007207, 35.394595]}, "properties": {"crashes": 2, "injury": 0, "fatal": 0, "pedestrian": 0, "bicycle": 0, "density": 0.5, "year_range": "2016-2020"}}, {"type": "Feature", "geometry": {"type": "Point", "coordinates": [-109.001802, 35.405405]}, "properties": {"crashes": 2, "injury": 0, "fatal": 0, "pedestrian": 0, "bicycle": 0, "density": 0.5, "year_range": "2016-2020"}}, {"type": "Feature", "geometry": {"type": "Point", "coordinates": [-109.003604, 35.401802]}, "properties": {"crashes": 2, "injury": 1, "fatal": 2, "pedestrian": 0, "bicycle": 0, "density": 0.5, "year_range": "2016-2020"}}, {"type": "Feature", "geometry": {"type": "Point", "coordinates": [-109.003604, 35.4]}, "properties": {"crashes": 1, "injury": 0, "fatal": 0, "pedestrian": 0, "bicycle": 0, "density": 0.2, "year_range": "2016-2020"}}, {"type": "Feature", "geometry": {"type": "Point", "coordinates": [-109.005405, 35.398198]}, "properties": {"crashes": 2, "injury": 0, "fatal": 0, "pedestrian": 0, "bicycle": 0, "density": 0.5, "year_range": "2016-2020"}}, {"type": "Feature", "geometry": {"type": "Point", "coordinates": [-107.69009, 35.063063]}, "properties": {"crashes": 1, "injury": 0, "fatal": 0, "pedestrian": 0, "bicycle": 0, "density": 0.2, "year_range": "2016-2020"}}, {"type": "Feature", "geometry": {"type": "Point", "coordinates": [-108.994595, 35.414414]}, "properties": {"crashes": 5, "injury": 0, "fatal": 0, "pedestrian": 0, "bicycle": 0, "density": 1.2, "year_range": "2016-2020"}}, {"type": "Feature", "geometry": {"type": "Point", "coordinates": [-108.996396, 35.412613]}, "properties": {"crashes": 2, "injury": 0, "fatal": 0, "pedestrian": 0, "bicycle": 0, "density": 0.5, "year_range": "2016-2020"}}, {"type": "Feature", "geometry": {"type": "Point", "coordinates": [-108.992793, 35.418018]}, "properties": {"crashes": 1, "injury": 0, "fatal": 0, "pedestrian": 0, "bicycle": 0, "density": 0.2, "year_range": "2016-2020"}}, {"type": "Feature", "geometry": {"type": "Point", "coordinates": [-108.972973, 35.430631]}, "properties": {"crashes": 1, "injury": 0, "fatal": 0, "pedestrian": 0, "bicycle": 0, "density": 0.2, "year_range": "2016-2020"}}, {"type": "Feature", "geometry": {"type": "Point", "coordinates": [-108.98018, 35.427027]}, "properties": {"crashes": 9, "injury": 1, "fatal": 0, "pedestrian": 0, "bicycle": 0, "density": 2.2, "year_range": "2016-2020"}}, {"type": "Feature", "geometry": {"type": "Point", "coordinates": [-107.661261, 35.073874]}, "properties": {"crashes": 2, "injury": 1, "fatal": 0, "pedestrian": 0, "bicycle": 0, "density": 0.5, "year_range": "2016-2020"}}, {"type": "Feature", "geometry": {"type": "Point", "coordinates": [-107.655856, 35.073874]}, "properties": {"crashes": 4, "injury": 0, "fatal": 0, "pedestrian": 0, "bicycle": 0, "density": 1.0, "year_range": "2016-2020"}}, {"type": "Feature", "geometry": {"type": "Point", "coordinates": [-108.965766, 35.437838]}, "properties": {"crashes": 1, "injury": 0, "fatal": 0, "pedestrian": 0, "bicycle": 0, "density": 0.2, "year_range": "2016-2020"}}, {"type": "Feature", "geometry": {"type": "Point", "coordinates": [-108.954955, 35.448649]}, "properties": {"crashes": 1, "injury": 0, "fatal": 0, "pedestrian": 0, "bicycle": 0, "density": 0.2, "year_range": "2016-2020"}}, {"type": "Feature", "geometry": {"type": "Point", "coordinates": [-108.956757, 35.445045]}, "properties": {"crashes": 3, "injury": 0, "fatal": 0, "pedestrian": 0, "bicycle": 0, "density": 0.8, "year_range": "2016-2020"}}, {"type": "Feature", "geometry": {"type": "Point", "coordinates": [-108.953153, 35.45045]}, "properties": {"crashes": 1, "injury": 0, "fatal": 0, "pedestrian": 0, "bicycle": 0, "density": 0.2, "year_range": "2016-2020"}}, {"type": "Feature", "geometry": {"type": "Point", "coordinates": [-108.94955, 35.454054]}, "properties": {"crashes": 3, "injury": 0, "fatal": 0, "pedestrian": 0, "bicycle": 0, "density": 0.8, "year_range": "2016-2020"}}, {"type": "Feature", "geometry": {"type": "Point", "coordinates": [-108.917117, 35.477477]}, "properties": {"crashes": 1, "injury": 0, "fatal": 0, "pedestrian": 0, "bicycle": 0, "density": 0.2, "year_range": "2016-2020"}}, {"type": "Feature", "geometry": {"type": "Point", "coordinates": [-108.900901, 35.486486]}, "properties": {"crashes": 3, "injury": 1, "fatal": 0, "pedestrian": 0, "bicycle": 0, "density": 0.8, "year_range": "2016-2020"}}, {"type": "Feature", "geometry": {"type": "Point", "coordinates": [-108.908108, 35.482883]}, "properties": {"crashes": 2, "injury": 0, "fatal": 0, "pedestrian": 0, "bicycle": 0, "density": 0.5, "year_range": "2016-2020"}}, {"type": "Feature", "geometry": {"type": "Point", "coordinates": [-108.902703, 35.486486]}, "properties": {"crashes": 4, "injury": 0, "fatal": 0, "pedestrian": 0, "bicycle": 0, "density": 1.0, "year_range": "2016-2020"}}, {"type": "Feature", "geometry": {"type": "Point", "coordinates": [-108.854054, 35.497297]}, "properties": {"crashes": 9, "injury": 2, "fatal": 1, "pedestrian": 0, "bicycle": 0, "density": 2.2, "year_range": "2016-2020"}}, {"type": "Feature", "geometry": {"type": "Point", "coordinates": [-108.848649, 35.497297]}, "properties": {"crashes": 2, "injury": 0, "fatal": 0, "pedestrian": 0, "bicycle": 0, "density": 0.5, "year_range": "2016-2020"}}, {"type": "Feature", "geometry": {"type": "Point", "coordinates": [-108.837838, 35.499099]}, "properties": {"crashes": 1, "injury": 0, "fatal": 0, "pedestrian": 0, "bicycle": 0, "density": 0.2, "year_range": "2016-2020"}}, {"type": "Feature", "geometry": {"type": "Point", "coordinates": [-108.836036, 35.500901]}, "properties": {"crashes": 3, "injury": 0, "fatal": 0, "pedestrian": 0, "bicycle": 0, "density": 0.8, "year_range": "2016-2020"}}, {"type": "Feature", "geometry": {"type": "Point", "coordinates": [-108.823423, 35.511712]}, "properties": {"crashes": 7, "injury": 0, "fatal": 0, "pedestrian": 0, "bicycle": 0, "density": 1.8, "year_range": "2016-2020"}}, {"type": "Feature", "geometry": {"type": "Point", "coordinates": [-108.814414, 35.513514]}, "properties": {"crashes": 3, "injury": 0, "fatal": 0, "pedestrian": 0, "bicycle": 0, "density": 0.8, "year_range": "2016-2020"}}, {"type": "Feature", "geometry": {"type": "Point", "coordinates": [-108.812613, 35.513514]}, "properties": {"crashes": 1, "injury": 0, "fatal": 0, "pedestrian": 0, "bicycle": 0, "density": 0.2, "year_range": "2016-2020"}}, {"type": "Feature", "geometry": {"type": "Point", "coordinates": [-108.789189, 35.520721]}, "properties": {"crashes": 2, "injury": 0, "fatal": 0, "pedestrian": 0, "bicycle": 0, "density": 0.5, "year_range": "2016-2020"}}, {"type": "Feature", "geometry": {"type": "Point", "coordinates": [-108.794595, 35.518919]}, "properties": {"crashes": 1, "injury": 0, "fatal": 0, "pedestrian": 0, "bicycle": 0, "density": 0.2, "year_range": "2016-2020"}}, {"type": "Feature", "geometry": {"type": "Point", "coordinates": [-108.790991, 35.518919]}, "properties": {"crashes": 2, "injury": 0, "fatal": 0, "pedestrian": 0, "bicycle": 0, "density": 0.5, "year_range": "2016-2020"}}, {"type": "Feature", "geometry": {"type": "Point", "coordinates": [-108.78018, 35.522523]}, "properties": {"crashes": 1, "injury": 0, "fatal": 0, "pedestrian": 0, "bicycle": 0, "density": 0.2, "year_range": "2016-2020"}}, {"type": "Feature", "geometry": {"type": "Point", "coordinates": [-108.774775, 35.524324]}, "properties": {"crashes": 5, "injury": 1, "fatal": 1, "pedestrian": 0, "bicycle": 0, "density": 1.2, "year_range": "2016-2020"}}, {"type": "Feature", "geometry": {"type": "Point", "coordinates": [-108.005405, 35.336937]}, "properties": {"crashes": 2, "injury": 0, "fatal": 0, "pedestrian": 0, "bicycle": 0, "density": 0.5, "year_range": "2016-2020"}}, {"type": "Feature", "geometry": {"type": "Point", "coordinates": [-108.753153, 35.527928]}, "properties": {"crashes": 3, "injury": 0, "fatal": 0, "pedestrian": 0, "bicycle": 0, "density": 0.8, "year_range": "2016-2020"}}, {"type": "Feature", "geometry": {"type": "Point", "coordinates": [-108.758559, 35.527928]}, "properties": {"crashes": 3, "injury": 0, "fatal": 0, "pedestrian": 0, "bicycle": 0, "density": 0.8, "year_range": "2016-2020"}}, {"type": "Feature", "geometry": {"type": "Point", "coordinates": [-107.996396, 35.324324]}, "properties": {"crashes": 1, "injury": 0, "fatal": 0, "pedestrian": 0, "bicycle": 0, "density": 0.2, "year_range": "2016-2020"}}, {"type": "Feature", "geometry": {"type": "Point", "coordinates": [-108.736937, 35.531532]}, "properties": {"crashes": 2, "injury": 0, "fatal": 0, "pedestrian": 0, "bicycle": 0, "density": 0.5, "year_range": "2016-2020"}}, {"type": "Feature", "geometry": {"type": "Point", "coordinates": [-108.677477, 35.533333]}, "properties": {"crashes": 3, "injury": 0, "fatal": 0, "pedestrian": 0, "bicycle": 0, "density": 0.8, "year_range": "2016-2020"}}, {"type": "Feature", "geometry": {"type": "Point", "coordinates": [-108.673874, 35.531532]}, "properties": {"crashes": 3, "injury": 0, "fatal": 0, "pedestrian": 0, "bicycle": 0, "density": 0.8, "year_range": "2016-2020"}}, {"type": "Feature", "geometry": {"type": "Point", "coordinates": [-108.668468, 35.52973]}, "properties": {"crashes": 2, "injury": 0, "fatal": 0, "pedestrian": 0, "bicycle": 0, "density": 0.5, "year_range": "2016-2020"}}, {"type": "Feature", "geometry": {"type": "Point", "coordinates": [-108.65045, 35.533333]}, "properties": {"crashes": 3, "injury": 0, "fatal": 0, "pedestrian": 0, "bicycle": 0, "density": 0.8, "year_range": "2016-2020"}}, {"type": "Feature", "geometry": {"type": "Point", "coordinates": [-108.648649, 35.533333]}, "properties": {"crashes": 1, "injury": 1, "fatal": 1, "pedestrian": 0, "bicycle": 0, "density": 0.2, "year_range": "2016-2020"}}, {"type": "Feature", "geometry": {"type": "Point", "coordinates": [-108.634234, 35.531532]}, "properties": {"crashes": 3, "injury": 0, "fatal": 0, "pedestrian": 0, "bicycle": 0, "density": 0.8, "year_range": "2016-2020"}}, {"type": "Feature", "geometry": {"type": "Point", "coordinates": [-108.594595, 35.527928]}, "properties": {"crashes": 5, "injury": 1, "fatal": 1, "pedestrian": 0, "bicycle": 0, "density": 1.2, "year_range": "2016-2020"}}, {"type": "Feature", "geometry": {"type": "Point", "coordinates": [-108.585586, 35.524324]}, "properties": {"crashes": 1, "injury": 0, "fatal": 0, "pedestrian": 0, "bicycle": 0, "density": 0.2, "year_range": "2016-2020"}}, {"type": "Feature", "geometry": {"type": "Point", "coordinates": [-108.565766, 35.518919]}, "properties": {"crashes": 10, "injury": 0, "fatal": 0, "pedestrian": 0, "bicycle": 0, "density": 2.5, "year_range": "2016-2020"}}, {"type": "Feature", "geometry": {"type": "Point", "coordinates": [-108.536937, 35.50991]}, "properties": {"crashes": 1, "injury": 0, "fatal": 0, "pedestrian": 0, "bicycle": 0, "density": 0.2, "year_range": "2016-2020"}}, {"type": "Feature", "geometry": {"type": "Point", "coordinates": [-108.50991, 35.499099]}, "properties": {"crashes": 4, "injury": 0, "fatal": 0, "pedestrian": 0, "bicycle": 0, "density": 1.0, "year_range": "2016-2020"}}, {"type": "Feature", "geometry": {"type": "Point", "coordinates": [-108.488288, 35.491892]}, "properties": {"crashes": 4, "injury": 2, "fatal": 0, "pedestrian": 0, "bicycle": 0, "density": 1.0, "year_range": "2016-2020"}}, {"type": "Feature", "geometry": {"type": "Point", "coordinates": [-108.464865, 35.486486]}, "properties": {"crashes": 3, "injury": 1, "fatal": 2, "pedestrian": 0, "bicycle": 0, "density": 0.8, "year_range": "2016-2020"}}, {"type": "Feature", "geometry": {"type": "Point", "coordinates": [-108.468468, 35.488288]}, "properties": {"crashes": 10, "injury": 1, "fatal": 1, "pedestrian": 0, "bicycle": 0, "density": 2.5, "year_range": "2016-2020"}}, {"type": "Feature", "geometry": {"type": "Point", "coordinates": [-108.472072, 35.488288]}, "properties": {"crashes": 1, "injury": 0, "fatal": 0, "pedestrian": 0, "bicycle": 0, "density": 0.2, "year_range": "2016-2020"}}, {"type": "Feature", "geometry": {"type": "Point", "coordinates": [-108.446847, 35.482883]}, "properties": {"crashes": 2, "injury": 0, "fatal": 0, "pedestrian": 0, "bicycle": 0, "density": 0.5, "year_range": "2016-2020"}}, {"type": "Feature", "geometry": {"type": "Point", "coordinates": [-108.441441, 35.481081]}, "properties": {"crashes": 7, "injury": 1, "fatal": 1, "pedestrian": 0, "bicycle": 0, "density": 1.8, "year_range": "2016-2020"}}, {"type": "Feature", "geometry": {"type": "Point", "coordinates": [-108.432432, 35.479279]}, "properties": {"crashes": 7, "injury": 0, "fatal": 0, "pedestrian": 0, "bicycle": 0, "density": 1.8, "year_range": "2016-2020"}}, {"type": "Feature", "geometry": {"type": "Point", "coordinates": [-108.416216, 35.472072]}, "properties": {"crashes": 1, "injury": 0, "fatal": 0, "pedestrian": 0, "bicycle": 0, "density": 0.2, "year_range": "2016-2020"}}, {"type": "Feature", "geometry": {"type": "Point", "coordinates": [-108.418018, 35.472072]}, "properties": {"crashes": 2, "injury": 0, "fatal": 0, "pedestrian": 0, "bicycle": 0, "density": 0.5, "year_range": "2016-2020"}}, {"type": "Feature", "geometry": {"type": "Point", "coordinates": [-108.423423, 35.475676]}, "properties": {"crashes": 2, "injury": 0, "fatal": 0, "pedestrian": 0, "bicycle": 0, "density": 0.5, "year_range": "2016-2020"}}, {"type": "Feature", "geometry": {"type": "Point", "coordinates": [-108.414414, 35.47027]}, "properties": {"crashes": 5, "injury": 0, "fatal": 0, "pedestrian": 0, "bicycle": 0, "density": 1.2, "year_range": "2016-2020"}}, {"type": "Feature", "geometry": {"type": "Point", "coordinates": [-108.410811, 35.468468]}, "properties": {"crashes": 2, "injury": 0, "fatal": 0, "pedestrian": 0, "bicycle": 0, "density": 0.5, "year_range": "2016-2020"}}, {"type": "Feature", "geometry": {"type": "Point", "coordinates": [-108.401802, 35.463063]}, "properties": {"crashes": 2, "injury": 0, "fatal": 0, "pedestrian": 0, "bicycle": 0, "density": 0.5, "year_range": "2016-2020"}}, {"type": "Feature", "geometry": {"type": "Point", "coordinates": [-108.412613, 35.468468]}, "properties": {"crashes": 4, "injury": 0, "fatal": 0, "pedestrian": 0, "bicycle": 0, "density": 1.0, "year_range": "2016-2020"}}, {"type": "Feature", "geometry": {"type": "Point", "coordinates": [-108.389189, 35.455856]}, "properties": {"crashes": 2, "injury": 0, "fatal": 0, "pedestrian": 0, "bicycle": 0, "density": 0.5, "year_range": "2016-2020"}}, {"type": "Feature", "geometry": {"type": "Point", "coordinates": [-108.396396, 35.459459]}, "properties": {"crashes": 2, "injury": 0, "fatal": 0, "pedestrian": 0, "bicycle": 0, "density": 0.5, "year_range": "2016-2020"}}, {"type": "Feature", "geometry": {"type": "Point", "coordinates": [-108.390991, 35.457658]}, "properties": {"crashes": 6, "injury": 0, "fatal": 0, "pedestrian": 0, "bicycle": 0, "density": 1.5, "year_range": "2016-2020"}}, {"type": "Feature", "geometry": {"type": "Point", "coordinates": [-108.392793, 35.457658]}, "properties": {"crashes": 6, "injury": 0, "fatal": 0, "pedestrian": 0, "bicycle": 0, "density": 1.5, "year_range": "2016-2020"}}, {"type": "Feature", "geometry": {"type": "Point", "coordinates": [-108.383784, 35.454054]}, "properties": {"crashes": 2, "injury": 0, "fatal": 0, "pedestrian": 0, "bicycle": 0, "density": 0.5, "year_range": "2016-2020"}}, {"type": "Feature", "geometry": {"type": "Point", "coordinates": [-108.387387, 35.455856]}, "properties": {"crashes": 2, "injury": 0, "fatal": 0, "pedestrian": 0, "bicycle": 0, "density": 0.5, "year_range": "2016-2020"}}, {"type": "Feature", "geometry": {"type": "Point", "coordinates": [-108.367568, 35.446847]}, "properties": {"crashes": 1, "injury": 0, "fatal": 0, "pedestrian": 0, "bicycle": 0, "density": 0.2, "year_range": "2016-2020"}}, {"type": "Feature", "geometry": {"type": "Point", "coordinates": [-108.367568, 35.448649]}, "properties": {"crashes": 2, "injury": 0, "fatal": 0, "pedestrian": 0, "bicycle": 0, "density": 0.5, "year_range": "2016-2020"}}, {"type": "Feature", "geometry": {"type": "Point", "coordinates": [-108.38018, 35.452252]}, "properties": {"crashes": 1, "injury": 0, "fatal": 0, "pedestrian": 0, "bicycle": 0, "density": 0.2, "year_range": "2016-2020"}}, {"type": "Feature", "geometry": {"type": "Point", "coordinates": [-108.351351, 35.441441]}, "properties": {"crashes": 1, "injury": 0, "fatal": 0, "pedestrian": 0, "bicycle": 0, "density": 0.2, "year_range": "2016-2020"}}, {"type": "Feature", "geometry": {"type": "Point", "coordinates": [-108.36036, 35.445045]}, "properties": {"crashes": 2, "injury": 0, "fatal": 0, "pedestrian": 0, "bicycle": 0, "density": 0.5, "year_range": "2016-2020"}}, {"type": "Feature", "geometry": {"type": "Point", "coordinates": [-108.362162, 35.446847]}, "properties": {"crashes": 1, "injury": 0, "fatal": 0, "pedestrian": 0, "bicycle": 0, "density": 0.2, "year_range": "2016-2020"}}, {"type": "Feature", "geometry": {"type": "Point", "coordinates": [-108.326126, 35.428829]}, "properties": {"crashes": 1, "injury": 0, "fatal": 0, "pedestrian": 0, "bicycle": 0, "density": 0.2, "year_range": "2016-2020"}}, {"type": "Feature", "geometry": {"type": "Point", "coordinates": [-108.320721, 35.427027]}, "properties": {"crashes": 2, "injury": 0, "fatal": 0, "pedestrian": 0, "bicycle": 0, "density": 0.5, "year_range": "2016-2020"}}, {"type": "Feature", "geometry": {"type": "Point", "coordinates": [-108.331532, 35.432432]}, "properties": {"crashes": 1, "injury": 0, "fatal": 0, "pedestrian": 0, "bicycle": 0, "density": 0.2, "year_range": "2016-2020"}}, {"type": "Feature", "geometry": {"type": "Point", "coordinates": [-108.32973, 35.430631]}, "properties": {"crashes": 3, "injury": 0, "fatal": 0, "pedestrian": 0, "bicycle": 0, "density": 0.8, "year_range": "2016-2020"}}, {"type": "Feature", "geometry": {"type": "Point", "coordinates": [-108.327928, 35.430631]}, "properties": {"crashes": 18, "injury": 1, "fatal": 0, "pedestrian": 0, "bicycle": 0, "density": 4.5, "year_range": "2016-2020"}}, {"type": "Feature", "geometry": {"type": "Point", "coordinates": [-108.322523, 35.428829]}, "properties": {"crashes": 1, "injury": 0, "fatal": 0, "pedestrian": 0, "bicycle": 0, "density": 0.2, "year_range": "2016-2020"}}, {"type": "Feature", "geometry": {"type": "Point", "coordinates": [-108.308108, 35.421622]}, "properties": {"crashes": 1, "injury": 0, "fatal": 0, "pedestrian": 0, "bicycle": 0, "density": 0.2, "year_range": "2016-2020"}}, {"type": "Feature", "geometry": {"type": "Point", "coordinates": [-108.297297, 35.418018]}, "properties": {"crashes": 4, "injury": 0, "fatal": 0, "pedestrian": 0, "bicycle": 0, "density": 1.0, "year_range": "2016-2020"}}, {"type": "Feature", "geometry": {"type": "Point", "coordinates": [-108.207207, 35.392793]}, "properties": {"crashes": 2, "injury": 0, "fatal": 0, "pedestrian": 0, "bicycle": 0, "density": 0.5, "year_range": "2016-2020"}}, {"type": "Feature", "geometry": {"type": "Point", "coordinates": [-108.209009, 35.392793]}, "properties": {"crashes": 2, "injury": 0, "fatal": 0, "pedestrian": 0, "bicycle": 0, "density": 0.5, "year_range": "2016-2020"}}, {"type": "Feature", "geometry": {"type": "Point", "coordinates": [-108.190991, 35.389189]}, "properties": {"crashes": 2, "injury": 0, "fatal": 0, "pedestrian": 0, "bicycle": 0, "density": 0.5, "year_range": "2016-2020"}}, {"type": "Feature", "geometry": {"type": "Point", "coordinates": [-108.178378, 35.389189]}, "properties": {"crashes": 11, "injury": 2, "fatal": 0, "pedestrian": 0, "bicycle": 0, "density": 2.8, "year_range": "2016-2020"}}, {"type": "Feature", "geometry": {"type": "Point", "coordinates": [-108.183784, 35.389189]}, "properties": {"crashes": 3, "injury": 0, "fatal": 0, "pedestrian": 0, "bicycle": 0, "density": 0.8, "year_range": "2016-2020"}}, {"type": "Feature", "geometry": {"type": "Point", "coordinates": [-108.135135, 35.383784]}, "properties": {"crashes": 1, "injury": 0, "fatal": 0, "pedestrian": 0, "bicycle": 0, "density": 0.2, "year_range": "2016-2020"}}, {"type": "Feature", "geometry": {"type": "Point", "coordinates": [-108.122523, 35.38018]}, "properties": {"crashes": 1, "injury": 1, "fatal": 0, "pedestrian": 0, "bicycle": 0, "density": 0.2, "year_range": "2016-2020"}}, {"type": "Feature", "geometry": {"type": "Point", "coordinates": [-108.118919, 35.38018]}, "properties": {"crashes": 4, "injury": 0, "fatal": 0, "pedestrian": 0, "bicycle": 0, "density": 1.0, "year_range": "2016-2020"}}, {"type": "Feature", "geometry": {"type": "Point", "coordinates": [-108.10991, 35.376577]}, "properties": {"crashes": 18, "injury": 2, "fatal": 2, "pedestrian": 0, "bicycle": 0, "density": 4.5, "year_range": "2016-2020"}}, {"type": "Feature", "geometry": {"type": "Point", "coordinates": [-108.106306, 35.376577]}, "properties": {"crashes": 3, "injury": 0, "fatal": 0, "pedestrian": 0, "bicycle": 0, "density": 0.8, "year_range": "2016-2020"}}, {"type": "Feature", "geometry": {"type": "Point", "coordinates": [-108.091892, 35.372973]}, "properties": {"crashes": 3, "injury": 0, "fatal": 0, "pedestrian": 0, "bicycle": 0, "density": 0.8, "year_range": "2016-2020"}}, {"type": "Feature", "geometry": {"type": "Point", "coordinates": [-108.09009, 35.372973]}, "properties": {"crashes": 1, "injury": 0, "fatal": 0, "pedestrian": 0, "bicycle": 0, "density": 0.2, "year_range": "2016-2020"}}, {"type": "Feature", "geometry": {"type": "Point", "coordinates": [-108.066667, 35.369369]}, "properties": {"crashes": 2, "injury": 0, "fatal": 0, "pedestrian": 0, "bicycle": 0, "density": 0.5, "year_range": "2016-2020"}}, {"type": "Feature", "geometry": {"type": "Point", "coordinates": [-108.082883, 35.372973]}, "properties": {"crashes": 1, "injury": 0, "fatal": 0, "pedestrian": 0, "bicycle": 0, "density": 0.2, "year_range": "2016-2020"}}, {"type": "Feature", "geometry": {"type": "Point", "coordinates": [-108.084685, 35.372973]}, "properties": {"crashes": 2, "injury": 0, "fatal": 0, "pedestrian": 0, "bicycle": 0, "density": 0.5, "year_range": "2016-2020"}}, {"type": "Feature", "geometry": {"type": "Point", "coordinates": [-108.072072, 35.369369]}, "properties": {"crashes": 4, "injury": 0, "fatal": 0, "pedestrian": 0, "bicycle": 0, "density": 1.0, "year_range": "2016-2020"}}, {"type": "Feature", "geometry": {"type": "Point", "coordinates": [-108.054054, 35.363964]}, "properties": {"crashes": 2, "injury": 0, "fatal": 0, "pedestrian": 0, "bicycle": 0, "density": 0.5, "year_range": "2016-2020"}}, {"type": "Feature", "geometry": {"type": "Point", "coordinates": [-108.027027, 35.353153]}, "properties": {"crashes": 7, "injury": 0, "fatal": 0, "pedestrian": 0, "bicycle": 0, "density": 1.8, "year_range": "2016-2020"}}, {"type": "Feature", "geometry": {"type": "Point", "coordinates": [-108.01982, 35.34955]}, "properties": {"crashes": 1, "injury": 0, "fatal": 0, "pedestrian": 0, "bicycle": 0, "density": 0.2, "year_range": "2016-2020"}}, {"type": "Feature", "geometry": {"type": "Point", "coordinates": [-108.009009, 35.344144]}, "properties": {"crashes": 5, "injury": 0, "fatal": 0, "pedestrian": 0, "bicycle": 0, "density": 1.2, "year_range": "2016-2020"}}, {"type": "Feature", "geometry": {"type": "Point", "coordinates": [-108.001802, 35.333333]}, "properties": {"crashes": 4, "injury": 0, "fatal": 0, "pedestrian": 0, "bicycle": 0, "density": 1.0, "year_range": "2016-2020"}}, {"type": "Feature", "geometry": {"type": "Point", "coordinates": [-107.990991, 35.308108]}, "properties": {"crashes": 1, "injury": 0, "fatal": 0, "pedestrian": 0, "bicycle": 0, "density": 0.2, "year_range": "2016-2020"}}, {"type": "Feature", "geometry": {"type": "Point", "coordinates": [-107.985586, 35.277477]}, "properties": {"crashes": 4, "injury": 0, "fatal": 0, "pedestrian": 0, "bicycle": 0, "density": 1.0, "year_range": "2016-2020"}}, {"type": "Feature", "geometry": {"type": "Point", "coordinates": [-107.967568, 35.252252]}, "properties": {"crashes": 5, "injury": 0, "fatal": 0, "pedestrian": 0, "bicycle": 0, "density": 1.2, "year_range": "2016-2020"}}, {"type": "Feature", "geometry": {"type": "Point", "coordinates": [-107.958559, 35.243243]}, "properties": {"crashes": 2, "injury": 0, "fatal": 0, "pedestrian": 0, "bicycle": 0, "density": 0.5, "year_range": "2016-2020"}}, {"type": "Feature", "geometry": {"type": "Point", "coordinates": [-107.927928, 35.212613]}, "properties": {"crashes": 1, "injury": 0, "fatal": 0, "pedestrian": 0, "bicycle": 0, "density": 0.2, "year_range": "2016-2020"}}, {"type": "Feature", "geometry": {"type": "Point", "coordinates": [-107.922523, 35.207207]}, "properties": {"crashes": 3, "injury": 0, "fatal": 0, "pedestrian": 0, "bicycle": 0, "density": 0.8, "year_range": "2016-2020"}}, {"type": "Feature", "geometry": {"type": "Point", "coordinates": [-107.902703, 35.185586]}, "properties": {"crashes": 5, "injury": 0, "fatal": 0, "pedestrian": 0, "bicycle": 0, "density": 1.2, "year_range": "2016-2020"}}, {"type": "Feature", "geometry": {"type": "Point", "coordinates": [-107.902703, 35.183784]}, "properties": {"crashes": 8, "injury": 0, "fatal": 0, "pedestrian": 0, "bicycle": 0, "density": 2.0, "year_range": "2016-2020"}}, {"type": "Feature", "geometry": {"type": "Point", "coordinates": [-107.900901, 35.172973]}, "properties": {"crashes": 2, "injury": 0, "fatal": 0, "pedestrian": 0, "bicycle": 0, "density": 0.5, "year_range": "2016-2020"}}, {"type": "Feature", "geometry": {"type": "Point", "coordinates": [-107.87027, 35.151351]}, "properties": {"crashes": 3, "injury": 0, "fatal": 0, "pedestrian": 0, "bicycle": 0, "density": 0.8, "year_range": "2016-2020"}}, {"type": "Feature", "geometry": {"type": "Point", "coordinates": [-107.866667, 35.14955]}, "properties": {"crashes": 1, "injury": 0, "fatal": 0, "pedestrian": 0, "bicycle": 0, "density": 0.2, "year_range": "2016-2020"}}, {"type": "Feature", "geometry": {"type": "Point", "coordinates": [-107.857658, 35.145946]}, "properties": {"crashes": 4, "injury": 1, "fatal": 1, "pedestrian": 0, "bicycle": 0, "density": 1.0, "year_range": "2016-2020"}}, {"type": "Feature", "geometry": {"type": "Point", "coordinates": [-107.85045, 35.140541]}, "properties": {"crashes": 1, "injury": 0, "fatal": 0, "pedestrian": 0, "bicycle": 0, "density": 0.2, "year_range": "2016-2020"}}, {"type": "Feature", "geometry": {"type": "Point", "coordinates": [-107.776577, 35.088288]}, "properties": {"crashes": 14, "injury": 0, "fatal": 0, "pedestrian": 0, "bicycle": 0, "density": 3.5, "year_range": "2016-2020"}}, {"type": "Feature", "geometry": {"type": "Point", "coordinates": [-107.772973, 35.088288]}, "properties": {"crashes": 1, "injury": 0, "fatal": 0, "pedestrian": 0, "bicycle": 0, "density": 0.2, "year_range": "2016-2020"}}, {"type": "Feature", "geometry": {"type": "Point", "coordinates": [-107.772973, 35.086486]}, "properties": {"crashes": 1, "injury": 1, "fatal": 0, "pedestrian": 0, "bicycle": 0, "density": 0.2, "year_range": "2016-2020"}}, {"type": "Feature", "geometry": {"type": "Point", "coordinates": [-107.747748, 35.072072]}, "properties": {"crashes": 10, "injury": 2, "fatal": 2, "pedestrian": 0, "bicycle": 0, "density": 2.5, "year_range": "2016-2020"}}, {"type": "Feature", "geometry": {"type": "Point", "coordinates": [-107.72973, 35.066667]}, "properties": {"crashes": 4, "injury": 0, "fatal": 0, "pedestrian": 0, "bicycle": 0, "density": 1.0, "year_range": "2016-2020"}}, {"type": "Feature", "geometry": {"type": "Point", "coordinates": [-107.679279, 35.07027]}, "properties": {"crashes": 1, "injury": 0, "fatal": 0, "pedestrian": 0, "bicycle": 0, "density": 0.2, "year_range": "2016-2020"}}, {"type": "Feature", "geometry": {"type": "Point", "coordinates": [-107.686486, 35.066667]}, "properties": {"crashes": 4, "injury": 1, "fatal": 1, "pedestrian": 0, "bicycle": 0, "density": 1.0, "year_range": "2016-2020"}}, {"type": "Feature", "geometry": {"type": "Point", "coordinates": [-107.682883, 35.068468]}, "properties": {"crashes": 5, "injury": 0, "fatal": 0, "pedestrian": 0, "bicycle": 0, "density": 1.2, "year_range": "2016-2020"}}, {"type": "Feature", "geometry": {"type": "Point", "coordinates": [-107.659459, 35.073874]}, "properties": {"crashes": 2, "injury": 0, "fatal": 0, "pedestrian": 0, "bicycle": 0, "density": 0.5, "year_range": "2016-2020"}}, {"type": "Feature", "geometry": {"type": "Point", "coordinates": [-107.663063, 35.073874]}, "properties": {"crashes": 4, "injury": 0, "fatal": 0, "pedestrian": 0, "bicycle": 0, "density": 1.0, "year_range": "2016-2020"}}, {"type": "Feature", "geometry": {"type": "Point", "coordinates": [-107.630631, 35.075676]}, "properties": {"crashes": 17, "injury": 0, "fatal": 0, "pedestrian": 0, "bicycle": 0, "density": 4.2, "year_range": "2016-2020"}}, {"type": "Feature", "geometry": {"type": "Point", "coordinates": [-107.637838, 35.075676]}, "properties": {"crashes": 2, "injury": 0, "fatal": 0, "pedestrian": 0, "bicycle": 0, "density": 0.5, "year_range": "2016-2020"}}, {"type": "Feature", "geometry": {"type": "Point", "coordinates": [-107.609009, 35.075676]}, "properties": {"crashes": 1, "injury": 0, "fatal": 0, "pedestrian": 0, "bicycle": 0, "density": 0.2, "year_range": "2016-2020"}}, {"type": "Feature", "geometry": {"type": "Point", "coordinates": [-107.589189, 35.075676]}, "properties": {"crashes": 1, "injury": 0, "fatal": 0, "pedestrian": 0, "bicycle": 0, "density": 0.2, "year_range": "2016-2020"}}, {"type": "Feature", "geometry": {"type": "Point", "coordinates": [-107.596396, 35.075676]}, "properties": {"crashes": 3, "injury": 0, "fatal": 0, "pedestrian": 0, "bicycle": 0, "density": 0.8, "year_range": "2016-2020"}}, {"type": "Feature", "geometry": {"type": "Point", "coordinates": [-107.565766, 35.073874]}, "properties": {"crashes": 1, "injury": 0, "fatal": 0, "pedestrian": 0, "bicycle": 0, "density": 0.2, "year_range": "2016-2020"}}, {"type": "Feature", "geometry": {"type": "Point", "coordinates": [-107.535135, 35.072072]}, "properties": {"crashes": 2, "injury": 0, "fatal": 0, "pedestrian": 0, "bicycle": 0, "density": 0.5, "year_range": "2016-2020"}}, {"type": "Feature", "geometry": {"type": "Point", "coordinates": [-107.536937, 35.073874]}, "properties": {"crashes": 1, "injury": 0, "fatal": 0, "pedestrian": 0, "bicycle": 0, "density": 0.2, "year_range": "2016-2020"}}, {"type": "Feature", "geometry": {"type": "Point", "coordinates": [-107.52973, 35.07027]}, "properties": {"crashes": 2, "injury": 0, "fatal": 0, "pedestrian": 0, "bicycle": 0, "density": 0.5, "year_range": "2016-2020"}}, {"type": "Feature", "geometry": {"type": "Point", "coordinates": [-107.531532, 35.072072]}, "properties": {"crashes": 1, "injury": 0, "fatal": 0, "pedestrian": 0, "bicycle": 0, "density": 0.2, "year_range": "2016-2020"}}, {"type": "Feature", "geometry": {"type": "Point", "coordinates": [-107.499099, 35.043243]}, "properties": {"crashes": 1, "injury": 0, "fatal": 0, "pedestrian": 0, "bicycle": 0, "density": 0.2, "year_range": "2016-2020"}}, {"type": "Feature", "geometry": {"type": "Point", "coordinates": [-107.484685, 35.037838]}, "properties": {"crashes": 1, "injury": 0, "fatal": 0, "pedestrian": 0, "bicycle": 0, "density": 0.2, "year_range": "2016-2020"}}, {"type": "Feature", "geometry": {"type": "Point", "coordinates": [-107.441441, 35.027027]}, "properties": {"crashes": 2, "injury": 1, "fatal": 1, "pedestrian": 0, "bicycle": 0, "density": 0.5, "year_range": "2016-2020"}}, {"type": "Feature", "geometry": {"type": "Point", "coordinates": [-107.387387, 35.028829]}, "properties": {"crashes": 17, "injury": 1, "fatal": 1, "pedestrian": 0, "bicycle": 0, "density": 4.2, "year_range": "2016-2020"}}, {"type": "Feature", "geometry": {"type": "Point", "coordinates": [-107.363964, 35.03964]}, "properties": {"crashes": 4, "injury": 0, "fatal": 0, "pedestrian": 0, "bicycle": 0, "density": 1.0, "year_range": "2016-2020"}}, {"type": "Feature", "geometry": {"type": "Point", "coordinates": [-107.369369, 35.037838]}, "properties": {"crashes": 2, "injury": 0, "fatal": 0, "pedestrian": 0, "bicycle": 0, "density": 0.5, "year_range": "2016-2020"}}, {"type": "Feature", "geometry": {"type": "Point", "coordinates": [-107.378378, 35.032432]}, "properties": {"crashes": 1, "injury": 0, "fatal": 0, "pedestrian": 0, "bicycle": 0, "density": 0.2, "year_range": "2016-2020"}}, {"type": "Feature", "geometry": {"type": "Point", "coordinates": [-107.353153, 35.037838]}, "properties": {"crashes": 1, "injury": 0, "fatal": 0, "pedestrian": 0, "bicycle": 0, "density": 0.2, "year_range": "2016-2020"}}, {"type": "Feature", "geometry": {"type": "Point", "coordinates": [-107.356757, 35.037838]}, "properties": {"crashes": 1, "injury": 0, "fatal": 0, "pedestrian": 0, "bicycle": 0, "density": 0.2, "year_range": "2016-2020"}}, {"type": "Feature", "geometry": {"type": "Point", "coordinates": [-107.335135, 35.025225]}, "properties": {"crashes": 1, "injury": 0, "fatal": 0, "pedestrian": 0, "bicycle": 0, "density": 0.2, "year_range": "2016-2020"}}, {"type": "Feature", "geometry": {"type": "Point", "coordinates": [-107.342342, 35.034234]}, "properties": {"crashes": 2, "injury": 0, "fatal": 0, "pedestrian": 0, "bicycle": 0, "density": 0.5, "year_range": "2016-2020"}}, {"type": "Feature", "geometry": {"type": "Point", "coordinates": [-107.340541, 35.034234]}, "properties": {"crashes": 1, "injury": 0, "fatal": 0, "pedestrian": 0, "bicycle": 0, "density": 0.2, "year_range": "2016-2020"}}, {"type": "Feature", "geometry": {"type": "Point", "coordinates": [-107.306306, 34.998198]}, "properties": {"crashes": 5, "injury": 0, "fatal": 0, "pedestrian": 0, "bicycle": 0, "density": 1.2, "year_range": "2016-2020"}}, {"type": "Feature", "geometry": {"type": "Point", "coordinates": [-107.291892, 34.992793]}, "properties": {"crashes": 1, "injury": 0, "fatal": 0, "pedestrian": 0, "bicycle": 0, "density": 0.2, "year_range": "2016-2020"}}, {"type": "Feature", "geometry": {"type": "Point", "coordinates": [-107.254054, 34.992793]}, "properties": {"crashes": 2, "injury": 0, "fatal": 0, "pedestrian": 0, "bicycle": 0, "density": 0.5, "year_range": "2016-2020"}}, {"type": "Feature", "geometry": {"type": "Point", "coordinates": [-107.2, 34.987387]}, "properties": {"crashes": 1, "injury": 0, "fatal": 0, "pedestrian": 0, "bicycle": 0, "density": 0.2, "year_range": "2016-2020"}}, {"type": "Feature", "geometry": {"type": "Point", "coordinates": [-107.165766, 34.981982]}, "properties": {"crashes": 1, "injury": 0, "fatal": 0, "pedestrian": 0, "bicycle": 0, "density": 0.2, "year_range": "2016-2020"}}, {"type": "Feature", "geometry": {"type": "Point", "coordinates": [-107.154955, 34.98018]}, "properties": {"crashes": 1, "injury": 0, "fatal": 0, "pedestrian": 0, "bicycle": 0, "density": 0.2, "year_range": "2016-2020"}}, {"type": "Feature", "geometry": {"type": "Point", "coordinates": [-107.133333, 34.978378]}, "properties": {"crashes": 7, "injury": 1, "fatal": 0, "pedestrian": 0, "bicycle": 0, "density": 1.8, "year_range": "2016-2020"}}, {"type": "Feature", "geometry": {"type": "Point", "coordinates": [-107.12973, 34.978378]}, "properties": {"crashes": 1, "injury": 0, "fatal": 0, "pedestrian": 0, "bicycle": 0, "density": 0.2, "year_range": "2016-2020"}}, {"type": "Feature", "geometry": {"type": "Point", "coordinates": [-107.097297, 34.989189]}, "properties": {"crashes": 1, "injury": 0, "fatal": 0, "pedestrian": 0, "bicycle": 0, "density": 0.2, "year_range": "2016-2020"}}, {"type": "Feature", "geometry": {"type": "Point", "coordinates": [-107.084685, 34.992793]}, "properties": {"crashes": 11, "injury": 0, "fatal": 0, "pedestrian": 0, "bicycle": 0, "density": 2.8, "year_range": "2016-2020"}}, {"type": "Feature", "geometry": {"type": "Point", "coordinates": [-107.03964, 35.007207]}, "properties": {"crashes": 2, "injury": 0, "fatal": 0, "pedestrian": 0, "bicycle": 0, "density": 0.5, "year_range": "2016-2020"}}, {"type": "Feature", "geometry": {"type": "Point", "coordinates": [-106.983784, 35.023423]}, "properties": {"crashes": 10, "injury": 1, "fatal": 2, "pedestrian": 0, "bicycle": 0, "density": 2.5, "year_range": "2016-2020"}}, {"type": "Feature", "geometry": {"type": "Point", "coordinates": [-106.947748, 35.032432]}, "properties": {"crashes": 1, "injury": 0, "fatal": 0, "pedestrian": 0, "bicycle": 0, "density": 0.2, "year_range": "2016-2020"}}, {"type": "Feature", "geometry": {"type": "Point", "coordinates": [-106.931532, 35.036036]}, "properties": {"crashes": 6, "injury": 0, "fatal": 0, "pedestrian": 0, "bicycle": 0, "density": 1.5, "year_range": "2016-2020"}}, {"type": "Feature", "geometry": {"type": "Point", "coordinates": [-106.933333, 35.036036]}, "properties": {"crashes": 2, "injury": 0, "fatal": 0, "pedestrian": 0, "bicycle": 0, "density": 0.5, "year_range": "2016-2020"}}, {"type": "Feature", "geometry": {"type": "Point", "coordinates": [-106.897297, 35.043243]}, "properties": {"crashes": 3, "injury": 0, "fatal": 0, "pedestrian": 0, "bicycle": 0, "density": 0.8, "year_range": "2016-2020"}}, {"type": "Feature", "geometry": {"type": "Point", "coordinates": [-106.886486, 35.045045]}, "properties": {"crashes": 1, "injury": 0, "fatal": 0, "pedestrian": 0, "bicycle": 0, "density": 0.2, "year_range": "2016-2020"}}, {"type": "Feature", "geometry": {"type": "Point", "coordinates": [-106.78018, 35.068468]}, "properties": {"crashes": 6, "injury": 0, "fatal": 0, "pedestrian": 0, "bicycle": 0, "density": 1.5, "year_range": "2016-2020"}}, {"type": "Feature", "geometry": {"type": "Point", "coordinates": [-109.046847, 35.362162]}, "properties": {"crashes": 8, "injury": 0, "fatal": 0, "pedestrian": 0, "bicycle": 0, "density": 2.0, "year_range": "2016-2020"}}, {"type": "Feature", "geometry": {"type": "Point", "coordinates": [-108.879279, 35.491892]}, "properties": {"crashes": 1, "injury": 0, "fatal": 0, "pedestrian": 0, "bicycle": 0, "density": 0.2, "year_range": "2016-2020"}}, {"type": "Feature", "geometry": {"type": "Point", "coordinates": [-108.21982, 35.396396]}, "properties": {"crashes": 1, "injury": 0, "fatal": 0, "pedestrian": 0, "bicycle": 0, "density": 0.2, "year_range": "2016-2020"}}, {"type": "Feature", "geometry": {"type": "Point", "coordinates": [-108.140541, 35.385586]}, "properties": {"crashes": 2, "injury": 0, "fatal": 0, "pedestrian": 0, "bicycle": 0, "density": 0.5, "year_range": "2016-2020"}}, {"type": "Feature", "geometry": {"type": "Point", "coordinates": [-106.810811, 35.059459]}, "properties": {"crashes": 1, "injury": 0, "fatal": 0, "pedestrian": 0, "bicycle": 0, "density": 0.2, "year_range": "2016-2020"}}, {"type": "Feature", "geometry": {"type": "Point", "coordinates": [-108.07027, 35.369369]}, "properties": {"crashes": 3, "injury": 1, "fatal": 0, "pedestrian": 0, "bicycle": 0, "density": 0.8, "year_range": "2016-2020"}}, {"type": "Feature", "geometry": {"type": "Point", "coordinates": [-107.881081, 35.156757]}, "properties": {"crashes": 1, "injury": 0, "fatal": 0, "pedestrian": 0, "bicycle": 0, "density": 0.2, "year_range": "2016-2020"}}, {"type": "Feature", "geometry": {"type": "Point", "coordinates": [-107.900901, 35.174775]}, "properties": {"crashes": 1, "injury": 0, "fatal": 0, "pedestrian": 0, "bicycle": 0, "density": 0.2, "year_range": "2016-2020"}}, {"type": "Feature", "geometry": {"type": "Point", "coordinates": [-106.945946, 35.032432]}, "properties": {"crashes": 4, "injury": 0, "fatal": 0, "pedestrian": 0, "bicycle": 0, "density": 1.0, "year_range": "2016-2020"}}, {"type": "Feature", "geometry": {"type": "Point", "coordinates": [-108.201802, 35.392793]}, "properties": {"crashes": 1, "injury": 0, "fatal": 0, "pedestrian": 0, "bicycle": 0, "density": 0.2, "year_range": "2016-2020"}}, {"type": "Feature", "geometry": {"type": "Point", "coordinates": [-108.100901, 35.374775]}, "properties": {"crashes": 1, "injury": 0, "fatal": 0, "pedestrian": 0, "bicycle": 0, "density": 0.2, "year_range": "2016-2020"}}, {"type": "Feature", "geometry": {"type": "Point", "coordinates": [-108.405405, 35.463063]}, "properties": {"crashes": 1, "injury": 0, "fatal": 0, "pedestrian": 0, "bicycle": 0, "density": 0.2, "year_range": "2016-2020"}}, {"type": "Feature", "geometry": {"type": "Point", "coordinates": [-107.583784, 35.073874]}, "properties": {"crashes": 1, "injury": 0, "fatal": 0, "pedestrian": 0, "bicycle": 0, "density": 0.2, "year_range": "2016-2020"}}, {"type": "Feature", "geometry": {"type": "Point", "coordinates": [-107.102703, 34.987387]}, "properties": {"crashes": 4, "injury": 0, "fatal": 0, "pedestrian": 0, "bicycle": 0, "density": 1.0, "year_range": "2016-2020"}}, {"type": "Feature", "geometry": {"type": "Point", "coordinates": [-107.093694, 34.989189]}, "properties": {"crashes": 1, "injury": 0, "fatal": 0, "pedestrian": 0, "bicycle": 0, "density": 0.2, "year_range": "2016-2020"}}, {"type": "Feature", "geometry": {"type": "Point", "coordinates": [-108.38018, 35.454054]}, "properties": {"crashes": 1, "injury": 0, "fatal": 0, "pedestrian": 0, "bicycle": 0, "density": 0.2, "year_range": "2016-2020"}}, {"type": "Feature", "geometry": {"type": "Point", "coordinates": [-108.558559, 35.517117]}, "properties": {"crashes": 2, "injury": 0, "fatal": 0, "pedestrian": 0, "bicycle": 0, "density": 0.5, "year_range": "2016-2020"}}, {"type": "Feature", "geometry": {"type": "Point", "coordinates": [-108.614414, 35.52973]}, "properties": {"crashes": 1, "injury": 0, "fatal": 0, "pedestrian": 0, "bicycle": 0, "density": 0.2, "year_range": "2016-2020"}}, {"type": "Feature", "geometry": {"type": "Point", "coordinates": [-108.192793, 35.389189]}, "properties": {"crashes": 2, "injury": 0, "fatal": 0, "pedestrian": 0, "bicycle": 0, "density": 0.5, "year_range": "2016-2020"}}, {"type": "Feature", "geometry": {"type": "Point", "coordinates": [-108.542342, 35.511712]}, "properties": {"crashes": 4, "injury": 0, "fatal": 0, "pedestrian": 0, "bicycle": 0, "density": 1.0, "year_range": "2016-2020"}}, {"type": "Feature", "geometry": {"type": "Point", "coordinates": [-106.888288, 35.045045]}, "properties": {"crashes": 1, "injury": 0, "fatal": 0, "pedestrian": 0, "bicycle": 0, "density": 0.2, "year_range": "2016-2020"}}, {"type": "Feature", "geometry": {"type": "Point", "coordinates": [-107.475676, 35.034234]}, "properties": {"crashes": 1, "injury": 0, "fatal": 0, "pedestrian": 0, "bicycle": 0, "density": 0.2, "year_range": "2016-2020"}}, {"type": "Feature", "geometry": {"type": "Point", "coordinates": [-107.385586, 35.028829]}, "properties": {"crashes": 2, "injury": 0, "fatal": 0, "pedestrian": 0, "bicycle": 0, "density": 0.5, "year_range": "2016-2020"}}, {"type": "Feature", "geometry": {"type": "Point", "coordinates": [-107.945946, 35.230631]}, "properties": {"crashes": 6, "injury": 1, "fatal": 0, "pedestrian": 0, "bicycle": 0, "density": 1.5, "year_range": "2016-2020"}}, {"type": "Feature", "geometry": {"type": "Point", "coordinates": [-107.461261, 35.030631]}, "properties": {"crashes": 2, "injury": 0, "fatal": 0, "pedestrian": 0, "bicycle": 0, "density": 0.5, "year_range": "2016-2020"}}, {"type": "Feature", "geometry": {"type": "Point", "coordinates": [-107.295495, 34.994595]}, "properties": {"crashes": 3, "injury": 1, "fatal": 3, "pedestrian": 0, "bicycle": 0, "density": 0.8, "year_range": "2016-2020"}}, {"type": "Feature", "geometry": {"type": "Point", "coordinates": [-108.47027, 35.488288]}, "properties": {"crashes": 5, "injury": 0, "fatal": 0, "pedestrian": 0, "bicycle": 0, "density": 1.2, "year_range": "2016-2020"}}, {"type": "Feature", "geometry": {"type": "Point", "coordinates": [-108.965766, 35.436036]}, "properties": {"crashes": 1, "injury": 0, "fatal": 0, "pedestrian": 0, "bicycle": 0, "density": 0.2, "year_range": "2016-2020"}}, {"type": "Feature", "geometry": {"type": "Point", "coordinates": [-108.127928, 35.381982]}, "properties": {"crashes": 1, "injury": 0, "fatal": 0, "pedestrian": 0, "bicycle": 0, "density": 0.2, "year_range": "2016-2020"}}, {"type": "Feature", "geometry": {"type": "Point", "coordinates": [-108.477477, 35.49009]}, "properties": {"crashes": 2, "injury": 0, "fatal": 0, "pedestrian": 0, "bicycle": 0, "density": 0.5, "year_range": "2016-2020"}}, {"type": "Feature", "geometry": {"type": "Point", "coordinates": [-108.798198, 35.517117]}, "properties": {"crashes": 2, "injury": 0, "fatal": 0, "pedestrian": 0, "bicycle": 0, "density": 0.5, "year_range": "2016-2020"}}, {"type": "Feature", "geometry": {"type": "Point", "coordinates": [-108.120721, 35.38018]}, "properties": {"crashes": 1, "injury": 0, "fatal": 0, "pedestrian": 0, "bicycle": 0, "density": 0.2, "year_range": "2016-2020"}}, {"type": "Feature", "geometry": {"type": "Point", "coordinates": [-108.906306, 35.482883]}, "properties": {"crashes": 1, "injury": 0, "fatal": 0, "pedestrian": 0, "bicycle": 0, "density": 0.2, "year_range": "2016-2020"}}, {"type": "Feature", "geometry": {"type": "Point", "coordinates": [-107.394595, 35.027027]}, "properties": {"crashes": 1, "injury": 0, "fatal": 0, "pedestrian": 0, "bicycle": 0, "density": 0.2, "year_range": "2016-2020"}}, {"type": "Feature", "geometry": {"type": "Point", "coordinates": [-107.706306, 35.063063]}, "properties": {"crashes": 1, "injury": 0, "fatal": 0, "pedestrian": 0, "bicycle": 0, "density": 0.2, "year_range": "2016-2020"}}, {"type": "Feature", "geometry": {"type": "Point", "coordinates": [-107.554955, 35.073874]}, "properties": {"crashes": 1, "injury": 0, "fatal": 0, "pedestrian": 0, "bicycle": 0, "density": 0.2, "year_range": "2016-2020"}}, {"type": "Feature", "geometry": {"type": "Point", "coordinates": [-108.185586, 35.389189]}, "properties": {"crashes": 4, "injury": 0, "fatal": 0, "pedestrian": 0, "bicycle": 0, "density": 1.0, "year_range": "2016-2020"}}, {"type": "Feature", "geometry": {"type": "Point", "coordinates": [-107.992793, 35.315315]}, "properties": {"crashes": 5, "injury": 0, "fatal": 0, "pedestrian": 0, "bicycle": 0, "density": 1.2, "year_range": "2016-2020"}}, {"type": "Feature", "geometry": {"type": "Point", "coordinates": [-108.010811, 35.344144]}, "properties": {"crashes": 1, "injury": 0, "fatal": 0, "pedestrian": 0, "bicycle": 0, "density": 0.2, "year_range": "2016-2020"}}, {"type": "Feature", "geometry": {"type": "Point", "coordinates": [-108.607207, 35.52973]}, "properties": {"crashes": 1, "injury": 0, "fatal": 0, "pedestrian": 0, "bicycle": 0, "density": 0.2, "year_range": "2016-2020"}}, {"type": "Feature", "geometry": {"type": "Point", "coordinates": [-107.936937, 35.221622]}, "properties": {"crashes": 2, "injury": 0, "fatal": 0, "pedestrian": 0, "bicycle": 0, "density": 0.5, "year_range": "2016-2020"}}, {"type": "Feature", "geometry": {"type": "Point", "coordinates": [-107.987387, 35.288288]}, "properties": {"crashes": 2, "injury": 1, "fatal": 1, "pedestrian": 0, "bicycle": 0, "density": 0.5, "year_range": "2016-2020"}}, {"type": "Feature", "geometry": {"type": "Point", "coordinates": [-106.857658, 35.052252]}, "properties": {"crashes": 2, "injury": 0, "fatal": 0, "pedestrian": 0, "bicycle": 0, "density": 0.5, "year_range": "2016-2020"}}, {"type": "Feature", "geometry": {"type": "Point", "coordinates": [-108.992793, 35.414414]}, "properties": {"crashes": 1, "injury": 0, "fatal": 0, "pedestrian": 0, "bicycle": 0, "density": 0.2, "year_range": "2016-2020"}}, {"type": "Feature", "geometry": {"type": "Point", "coordinates": [-108.410811, 35.466667]}, "properties": {"crashes": 3, "injury": 0, "fatal": 0, "pedestrian": 0, "bicycle": 0, "density": 0.8, "year_range": "2016-2020"}}, {"type": "Feature", "geometry": {"type": "Point", "coordinates": [-107.699099, 35.061261]}, "properties": {"crashes": 3, "injury": 1, "fatal": 0, "pedestrian": 0, "bicycle": 0, "density": 0.8, "year_range": "2016-2020"}}, {"type": "Feature", "geometry": {"type": "Point", "coordinates": [-107.398198, 35.027027]}, "properties": {"crashes": 1, "injury": 0, "fatal": 0, "pedestrian": 0, "bicycle": 0, "density": 0.2, "year_range": "2016-2020"}}, {"type": "Feature", "geometry": {"type": "Point", "coordinates": [-108.666667, 35.52973]}, "properties": {"crashes": 1, "injury": 1, "fatal": 2, "pedestrian": 0, "bicycle": 0, "density": 0.2, "year_range": "2016-2020"}}, {"type": "Feature", "geometry": {"type": "Point", "coordinates": [-108.747748, 35.52973]}, "properties": {"crashes": 5, "injury": 0, "fatal": 0, "pedestrian": 0, "bicycle": 0, "density": 1.2, "year_range": "2016-2020"}}, {"type": "Feature", "geometry": {"type": "Point", "coordinates": [-107.628829, 35.075676]}, "properties": {"crashes": 3, "injury": 1, "fatal": 1, "pedestrian": 0, "bicycle": 0, "density": 0.8, "year_range": "2016-2020"}}, {"type": "Feature", "geometry": {"type": "Point", "coordinates": [-108.079279, 35.372973]}, "properties": {"crashes": 2, "injury": 1, "fatal": 1, "pedestrian": 0, "bicycle": 0, "density": 0.5, "year_range": "2016-2020"}}, {"type": "Feature", "geometry": {"type": "Point", "coordinates": [-107.994595, 35.320721]}, "properties": {"crashes": 6, "injury": 0, "fatal": 0, "pedestrian": 0, "bicycle": 0, "density": 1.5, "year_range": "2016-2020"}}, {"type": "Feature", "geometry": {"type": "Point", "coordinates": [-108.765766, 35.526126]}, "properties": {"crashes": 6, "injury": 1, "fatal": 0, "pedestrian": 0, "bicycle": 0, "density": 1.5, "year_range": "2016-2020"}}, {"type": "Feature", "geometry": {"type": "Point", "coordinates": [-108.688288, 35.533333]}, "properties": {"crashes": 2, "injury": 0, "fatal": 0, "pedestrian": 0, "bicycle": 0, "density": 0.5, "year_range": "2016-2020"}}, {"type": "Feature", "geometry": {"type": "Point", "coordinates": [-108.661261, 35.52973]}, "properties": {"crashes": 1, "injury": 0, "fatal": 0, "pedestrian": 0, "bicycle": 0, "density": 0.2, "year_range": "2016-2020"}}, {"type": "Feature", "geometry": {"type": "Point", "coordinates": [-108.531532, 35.508108]}, "properties": {"crashes": 2, "injury": 0, "fatal": 0, "pedestrian": 0, "bicycle": 0, "density": 0.5, "year_range": "2016-2020"}}, {"type": "Feature", "geometry": {"type": "Point", "coordinates": [-108.333333, 35.432432]}, "properties": {"crashes": 1, "injury": 0, "fatal": 0, "pedestrian": 0, "bicycle": 0, "density": 0.2, "year_range": "2016-2020"}}, {"type": "Feature", "geometry": {"type": "Point", "coordinates": [-107.969369, 35.255856]}, "properties": {"crashes": 1, "injury": 1, "fatal": 1, "pedestrian": 0, "bicycle": 0, "density": 0.2, "year_range": "2016-2020"}}, {"type": "Feature", "geometry": {"type": "Point", "coordinates": [-107.836036, 35.127928]}, "properties": {"crashes": 1, "injury": 1, "fatal": 2, "pedestrian": 0, "bicycle": 0, "density": 0.2, "year_range": "2016-2020"}}, {"type": "Feature", "geometry": {"type": "Point", "coordinates": [-107.781982, 35.093694]}, "properties": {"crashes": 1, "injury": 0, "fatal": 0, "pedestrian": 0, "bicycle": 0, "density": 0.2, "year_range": "2016-2020"}}, {"type": "Feature", "geometry": {"type": "Point", "coordinates": [-107.324324, 35.014414]}, "properties": {"crashes": 1, "injury": 1, "fatal": 0, "pedestrian": 0, "bicycle": 0, "density": 0.2, "year_range": "2016-2020"}}, {"type": "Feature", "geometry": {"type": "Point", "coordinates": [-107.259459, 34.992793]}, "properties": {"crashes": 1, "injury": 0, "fatal": 0, "pedestrian": 0, "bicycle": 0, "density": 0.2, "year_range": "2016-2020"}}, {"type": "Feature", "geometry": {"type": "Point", "coordinates": [-107.25045, 34.992793]}, "properties": {"crashes": 1, "injury": 0, "fatal": 0, "pedestrian": 0, "bicycle": 0, "density": 0.2, "year_range": "2016-2020"}}, {"type": "Feature", "geometry": {"type": "Point", "coordinates": [-107.236036, 34.992793]}, "properties": {"crashes": 1, "injury": 1, "fatal": 2, "pedestrian": 0, "bicycle": 0, "density": 0.2, "year_range": "2016-2020"}}, {"type": "Feature", "geometry": {"type": "Point", "coordinates": [-106.836036, 35.055856]}, "properties": {"crashes": 1, "injury": 1, "fatal": 1, "pedestrian": 0, "bicycle": 0, "density": 0.2, "year_range": "2016-2020"}}, {"type": "Feature", "geometry": {"type": "Point", "coordinates": [-106.830631, 35.055856]}, "properties": {"crashes": 10, "injury": 1, "fatal": 0, "pedestrian": 0, "bicycle": 0, "density": 2.5, "year_range": "2016-2020"}}, {"type": "Feature", "geometry": {"type": "Point", "coordinates": [-107.09009, 34.990991]}, "properties": {"crashes": 1, "injury": 1, "fatal": 1, "pedestrian": 0, "bicycle": 0, "density": 0.2, "year_range": "2016-2020"}}, {"type": "Feature", "geometry": {"type": "Point", "coordinates": [-107.171171, 34.983784]}, "properties": {"crashes": 4, "injury": 1, "fatal": 1, "pedestrian": 0, "bicycle": 0, "density": 1.0, "year_range": "2016-2020"}}, {"type": "Feature", "geometry": {"type": "Point", "coordinates": [-108.473874, 35.488288]}, "properties": {"crashes": 1, "injury": 0, "fatal": 0, "pedestrian": 0, "bicycle": 0, "density": 0.2, "year_range": "2016-2020"}}, {"type": "Feature", "geometry": {"type": "Point", "coordinates": [-108.574775, 35.522523]}, "properties": {"crashes": 2, "injury": 0, "fatal": 0, "pedestrian": 0, "bicycle": 0, "density": 0.5, "year_range": "2016-2020"}}, {"type": "Feature", "geometry": {"type": "Point", "coordinates": [-108.911712, 35.481081]}, "properties": {"crashes": 6, "injury": 0, "fatal": 0, "pedestrian": 0, "bicycle": 0, "density": 1.5, "year_range": "2016-2020"}}, {"type": "Feature", "geometry": {"type": "Point", "coordinates": [-108.884685, 35.49009]}, "properties": {"crashes": 2, "injury": 0, "fatal": 0, "pedestrian": 0, "bicycle": 0, "density": 0.5, "year_range": "2016-2020"}}, {"type": "Feature", "geometry": {"type": "Point", "coordinates": [-108.461261, 35.486486]}, "properties": {"crashes": 3, "injury": 0, "fatal": 0, "pedestrian": 0, "bicycle": 0, "density": 0.8, "year_range": "2016-2020"}}, {"type": "Feature", "geometry": {"type": "Point", "coordinates": [-107.203604, 34.987387]}, "properties": {"crashes": 5, "injury": 1, "fatal": 1, "pedestrian": 0, "bicycle": 0, "density": 1.2, "year_range": "2016-2020"}}, {"type": "Feature", "geometry": {"type": "Point", "coordinates": [-108.562162, 35.517117]}, "properties": {"crashes": 2, "injury": 0, "fatal": 0, "pedestrian": 0, "bicycle": 0, "density": 0.5, "year_range": "2016-2020"}}, {"type": "Feature", "geometry": {"type": "Point", "coordinates": [-108.234234, 35.398198]}, "properties": {"crashes": 1, "injury": 0, "fatal": 0, "pedestrian": 0, "bicycle": 0, "density": 0.2, "year_range": "2016-2020"}}, {"type": "Feature", "geometry": {"type": "Point", "coordinates": [-108.852252, 35.497297]}, "properties": {"crashes": 1, "injury": 0, "fatal": 0, "pedestrian": 0, "bicycle": 0, "density": 0.2, "year_range": "2016-2020"}}, {"type": "Feature", "geometry": {"type": "Point", "coordinates": [-108.068468, 35.369369]}, "properties": {"crashes": 2, "injury": 0, "fatal": 0, "pedestrian": 0, "bicycle": 0, "density": 0.5, "year_range": "2016-2020"}}, {"type": "Feature", "geometry": {"type": "Point", "coordinates": [-108.832432, 35.504505]}, "properties": {"crashes": 1, "injury": 0, "fatal": 0, "pedestrian": 0, "bicycle": 0, "density": 0.2, "year_range": "2016-2020"}}, {"type": "Feature", "geometry": {"type": "Point", "coordinates": [-108.830631, 35.506306]}, "properties": {"crashes": 2, "injury": 0, "fatal": 0, "pedestrian": 0, "bicycle": 0, "density": 0.5, "year_range": "2016-2020"}}, {"type": "Feature", "geometry": {"type": "Point", "coordinates": [-108.771171, 35.526126]}, "properties": {"crashes": 1, "injury": 0, "fatal": 0, "pedestrian": 0, "bicycle": 0, "density": 0.2, "year_range": "2016-2020"}}, {"type": "Feature", "geometry": {"type": "Point", "coordinates": [-108.74955, 35.52973]}, "properties": {"crashes": 1, "injury": 0, "fatal": 0, "pedestrian": 0, "bicycle": 0, "density": 0.2, "year_range": "2016-2020"}}, {"type": "Feature", "geometry": {"type": "Point", "coordinates": [-108.733333, 35.533333]}, "properties": {"crashes": 2, "injury": 0, "fatal": 0, "pedestrian": 0, "bicycle": 0, "density": 0.5, "year_range": "2016-2020"}}, {"type": "Feature", "geometry": {"type": "Point", "coordinates": [-108.722523, 35.533333]}, "properties": {"crashes": 8, "injury": 0, "fatal": 0, "pedestrian": 0, "bicycle": 0, "density": 2.0, "year_range": "2016-2020"}}, {"type": "Feature", "geometry": {"type": "Point", "coordinates": [-108.724324, 35.533333]}, "properties": {"crashes": 1, "injury": 0, "fatal": 0, "pedestrian": 0, "bicycle": 0, "density": 0.2, "year_range": "2016-2020"}}, {"type": "Feature", "geometry": {"type": "Point", "coordinates": [-108.697297, 35.533333]}, "properties": {"crashes": 1, "injury": 0, "fatal": 0, "pedestrian": 0, "bicycle": 0, "density": 0.2, "year_range": "2016-2020"}}, {"type": "Feature", "geometry": {"type": "Point", "coordinates": [-108.654054, 35.533333]}, "properties": {"crashes": 1, "injury": 0, "fatal": 0, "pedestrian": 0, "bicycle": 0, "density": 0.2, "year_range": "2016-2020"}}, {"type": "Feature", "geometry": {"type": "Point", "coordinates": [-108.646847, 35.531532]}, "properties": {"crashes": 2, "injury": 0, "fatal": 0, "pedestrian": 0, "bicycle": 0, "density": 0.5, "year_range": "2016-2020"}}, {"type": "Feature", "geometry": {"type": "Point", "coordinates": [-108.618018, 35.52973]}, "properties": {"crashes": 6, "injury": 1, "fatal": 0, "pedestrian": 0, "bicycle": 0, "density": 1.5, "year_range": "2016-2020"}}, {"type": "Feature", "geometry": {"type": "Point", "coordinates": [-108.569369, 35.520721]}, "properties": {"crashes": 1, "injury": 0, "fatal": 0, "pedestrian": 0, "bicycle": 0, "density": 0.2, "year_range": "2016-2020"}}, {"type": "Feature", "geometry": {"type": "Point", "coordinates": [-108.553153, 35.515315]}, "properties": {"crashes": 2, "injury": 0, "fatal": 0, "pedestrian": 0, "bicycle": 0, "density": 0.5, "year_range": "2016-2020"}}, {"type": "Feature", "geometry": {"type": "Point", "coordinates": [-108.511712, 35.500901]}, "properties": {"crashes": 2, "injury": 1, "fatal": 0, "pedestrian": 0, "bicycle": 0, "density": 0.5, "year_range": "2016-2020"}}, {"type": "Feature", "geometry": {"type": "Point", "coordinates": [-108.517117, 35.502703]}, "properties": {"crashes": 3, "injury": 0, "fatal": 0, "pedestrian": 0, "bicycle": 0, "density": 0.8, "year_range": "2016-2020"}}, {"type": "Feature", "geometry": {"type": "Point", "coordinates": [-108.409009, 35.464865]}, "properties": {"crashes": 1, "injury": 0, "fatal": 0, "pedestrian": 0, "bicycle": 0, "density": 0.2, "year_range": "2016-2020"}}, {"type": "Feature", "geometry": {"type": "Point", "coordinates": [-108.353153, 35.441441]}, "properties": {"crashes": 2, "injury": 0, "fatal": 0, "pedestrian": 0, "bicycle": 0, "density": 0.5, "year_range": "2016-2020"}}, {"type": "Feature", "geometry": {"type": "Point", "coordinates": [-108.365766, 35.446847]}, "properties": {"crashes": 4, "injury": 1, "fatal": 1, "pedestrian": 0, "bicycle": 0, "density": 1.0, "year_range": "2016-2020"}}, {"type": "Feature", "geometry": {"type": "Point", "coordinates": [-108.344144, 35.437838]}, "properties": {"crashes": 1, "injury": 0, "fatal": 0, "pedestrian": 0, "bicycle": 0, "density": 0.2, "year_range": "2016-2020"}}, {"type": "Feature", "geometry": {"type": "Point", "coordinates": [-108.232432, 35.398198]}, "properties": {"crashes": 4, "injury": 0, "fatal": 0, "pedestrian": 0, "bicycle": 0, "density": 1.0, "year_range": "2016-2020"}}, {"type": "Feature", "geometry": {"type": "Point", "coordinates": [-108.218018, 35.394595]}, "properties": {"crashes": 2, "injury": 0, "fatal": 0, "pedestrian": 0, "bicycle": 0, "density": 0.5, "year_range": "2016-2020"}}, {"type": "Feature", "geometry": {"type": "Point", "coordinates": [-108.187387, 35.389189]}, "properties": {"crashes": 1, "injury": 0, "fatal": 0, "pedestrian": 0, "bicycle": 0, "density": 0.2, "year_range": "2016-2020"}}, {"type": "Feature", "geometry": {"type": "Point", "coordinates": [-108.127928, 35.383784]}, "properties": {"crashes": 1, "injury": 0, "fatal": 0, "pedestrian": 0, "bicycle": 0, "density": 0.2, "year_range": "2016-2020"}}, {"type": "Feature", "geometry": {"type": "Point", "coordinates": [-108.133333, 35.383784]}, "properties": {"crashes": 3, "injury": 0, "fatal": 0, "pedestrian": 0, "bicycle": 0, "density": 0.8, "year_range": "2016-2020"}}, {"type": "Feature", "geometry": {"type": "Point", "coordinates": [-108.104505, 35.376577]}, "properties": {"crashes": 2, "injury": 0, "fatal": 0, "pedestrian": 0, "bicycle": 0, "density": 0.5, "year_range": "2016-2020"}}, {"type": "Feature", "geometry": {"type": "Point", "coordinates": [-108.093694, 35.374775]}, "properties": {"crashes": 1, "injury": 0, "fatal": 0, "pedestrian": 0, "bicycle": 0, "density": 0.2, "year_range": "2016-2020"}}, {"type": "Feature", "geometry": {"type": "Point", "coordinates": [-108.055856, 35.365766]}, "properties": {"crashes": 2, "injury": 0, "fatal": 0, "pedestrian": 0, "bicycle": 0, "density": 0.5, "year_range": "2016-2020"}}, {"type": "Feature", "geometry": {"type": "Point", "coordinates": [-108.05045, 35.362162]}, "properties": {"crashes": 1, "injury": 0, "fatal": 0, "pedestrian": 0, "bicycle": 0, "density": 0.2, "year_range": "2016-2020"}}, {"type": "Feature", "geometry": {"type": "Point", "coordinates": [-108.0, 35.327928]}, "properties": {"crashes": 2, "injury": 0, "fatal": 0, "pedestrian": 0, "bicycle": 0, "density": 0.5, "year_range": "2016-2020"}}, {"type": "Feature", "geometry": {"type": "Point", "coordinates": [-107.989189, 35.304505]}, "properties": {"crashes": 1, "injury": 0, "fatal": 0, "pedestrian": 0, "bicycle": 0, "density": 0.2, "year_range": "2016-2020"}}, {"type": "Feature", "geometry": {"type": "Point", "coordinates": [-107.286486, 34.992793]}, "properties": {"crashes": 1, "injury": 0, "fatal": 0, "pedestrian": 0, "bicycle": 0, "density": 0.2, "year_range": "2016-2020"}}, {"type": "Feature", "geometry": {"type": "Point", "coordinates": [-107.875676, 35.154955]}, "properties": {"crashes": 2, "injury": 0, "fatal": 0, "pedestrian": 0, "bicycle": 0, "density": 0.5, "year_range": "2016-2020"}}, {"type": "Feature", "geometry": {"type": "Point", "coordinates": [-107.846847, 35.138739]}, "properties": {"crashes": 1, "injury": 0, "fatal": 0, "pedestrian": 0, "bicycle": 0, "density": 0.2, "year_range": "2016-2020"}}, {"type": "Feature", "geometry": {"type": "Point", "coordinates": [-107.8, 35.104505]}, "properties": {"crashes": 2, "injury": 1, "fatal": 0, "pedestrian": 0, "bicycle": 0, "density": 0.5, "year_range": "2016-2020"}}, {"type": "Feature", "geometry": {"type": "Point", "coordinates": [-107.805405, 35.108108]}, "properties": {"crashes": 2, "injury": 0, "fatal": 0, "pedestrian": 0, "bicycle": 0, "density": 0.5, "year_range": "2016-2020"}}, {"type": "Feature", "geometry": {"type": "Point", "coordinates": [-107.695495, 35.063063]}, "properties": {"crashes": 2, "injury": 0, "fatal": 0, "pedestrian": 0, "bicycle": 0, "density": 0.5, "year_range": "2016-2020"}}, {"type": "Feature", "geometry": {"type": "Point", "coordinates": [-107.704505, 35.063063]}, "properties": {"crashes": 1, "injury": 0, "fatal": 0, "pedestrian": 0, "bicycle": 0, "density": 0.2, "year_range": "2016-2020"}}, {"type": "Feature", "geometry": {"type": "Point", "coordinates": [-107.648649, 35.075676]}, "properties": {"crashes": 3, "injury": 0, "fatal": 0, "pedestrian": 0, "bicycle": 0, "density": 0.8, "year_range": "2016-2020"}}, {"type": "Feature", "geometry": {"type": "Point", "coordinates": [-107.632432, 35.075676]}, "properties": {"crashes": 3, "injury": 0, "fatal": 0, "pedestrian": 0, "bicycle": 0, "density": 0.8, "year_range": "2016-2020"}}, {"type": "Feature", "geometry": {"type": "Point", "coordinates": [-107.562162, 35.073874]}, "properties": {"crashes": 2, "injury": 0, "fatal": 0, "pedestrian": 0, "bicycle": 0, "density": 0.5, "year_range": "2016-2020"}}, {"type": "Feature", "geometry": {"type": "Point", "coordinates": [-107.533333, 35.072072]}, "properties": {"crashes": 2, "injury": 0, "fatal": 0, "pedestrian": 0, "bicycle": 0, "density": 0.5, "year_range": "2016-2020"}}, {"type": "Feature", "geometry": {"type": "Point", "coordinates": [-107.522523, 35.055856]}, "properties": {"crashes": 1, "injury": 0, "fatal": 0, "pedestrian": 0, "bicycle": 0, "density": 0.2, "year_range": "2016-2020"}}, {"type": "Feature", "geometry": {"type": "Point", "coordinates": [-107.362162, 35.03964]}, "properties": {"crashes": 1, "injury": 0, "fatal": 0, "pedestrian": 0, "bicycle": 0, "density": 0.2, "year_range": "2016-2020"}}, {"type": "Feature", "geometry": {"type": "Point", "coordinates": [-107.194595, 34.987387]}, "properties": {"crashes": 2, "injury": 0, "fatal": 0, "pedestrian": 0, "bicycle": 0, "density": 0.5, "year_range": "2016-2020"}}, {"type": "Feature", "geometry": {"type": "Point", "coordinates": [-107.167568, 34.981982]}, "properties": {"crashes": 2, "injury": 0, "fatal": 0, "pedestrian": 0, "bicycle": 0, "density": 0.5, "year_range": "2016-2020"}}, {"type": "Feature", "geometry": {"type": "Point", "coordinates": [-107.176577, 34.983784]}, "properties": {"crashes": 3, "injury": 0, "fatal": 0, "pedestrian": 0, "bicycle": 0, "density": 0.8, "year_range": "2016-2020"}}, {"type": "Feature", "geometry": {"type": "Point", "coordinates": [-107.169369, 34.983784]}, "properties": {"crashes": 3, "injury": 0, "fatal": 0, "pedestrian": 0, "bicycle": 0, "density": 0.8, "year_range": "2016-2020"}}, {"type": "Feature", "geometry": {"type": "Point", "coordinates": [-107.091892, 34.990991]}, "properties": {"crashes": 2, "injury": 0, "fatal": 0, "pedestrian": 0, "bicycle": 0, "density": 0.5, "year_range": "2016-2020"}}, {"type": "Feature", "geometry": {"type": "Point", "coordinates": [-107.0, 35.01982]}, "properties": {"crashes": 1, "injury": 0, "fatal": 0, "pedestrian": 0, "bicycle": 0, "density": 0.2, "year_range": "2016-2020"}}, {"type": "Feature", "geometry": {"type": "Point", "coordinates": [-106.794595, 35.061261]}, "properties": {"crashes": 2, "injury": 0, "fatal": 0, "pedestrian": 0, "bicycle": 0, "density": 0.5, "year_range": "2016-2020"}}, {"type": "Feature", "geometry": {"type": "Point", "coordinates": [-108.100901, 35.376577]}, "properties": {"crashes": 1, "injury": 1, "fatal": 0, "pedestrian": 0, "bicycle": 0, "density": 0.2, "year_range": "2016-2020"}}, {"type": "Feature", "geometry": {"type": "Point", "coordinates": [-107.868468, 35.151351]}, "properties": {"crashes": 1, "injury": 0, "fatal": 0, "pedestrian": 0, "bicycle": 0, "density": 0.2, "year_range": "2016-2020"}}, {"type": "Feature", "geometry": {"type": "Point", "coordinates": [-107.918919, 35.203604]}, "properties": {"crashes": 1, "injury": 0, "fatal": 0, "pedestrian": 0, "bicycle": 0, "density": 0.2, "year_range": "2016-2020"}}, {"type": "Feature", "geometry": {"type": "Point", "coordinates": [-108.165766, 35.389189]}, "properties": {"crashes": 1, "injury": 0, "fatal": 0, "pedestrian": 0, "bicycle": 0, "density": 0.2, "year_range": "2016-2020"}}, {"type": "Feature", "geometry": {"type": "Point", "coordinates": [-107.944144, 35.228829]}, "properties": {"crashes": 1, "injury": 0, "fatal": 0, "pedestrian": 0, "bicycle": 0, "density": 0.2, "year_range": "2016-2020"}}, {"type": "Feature", "geometry": {"type": "Point", "coordinates": [-108.073874, 35.371171]}, "properties": {"crashes": 1, "injury": 0, "fatal": 0, "pedestrian": 0, "bicycle": 0, "density": 0.2, "year_range": "2016-2020"}}, {"type": "Feature", "geometry": {"type": "Point", "coordinates": [-107.913514, 35.196396]}, "properties": {"crashes": 1, "injury": 0, "fatal": 0, "pedestrian": 0, "bicycle": 0, "density": 0.2, "year_range": "2016-2020"}}, {"type": "Feature", "geometry": {"type": "Point", "coordinates": [-107.888288, 35.162162]}, "properties": {"crashes": 2, "injury": 0, "fatal": 0, "pedestrian": 0, "bicycle": 0, "density": 0.5, "year_range": "2016-2020"}}, {"type": "Feature", "geometry": {"type": "Point", "coordinates": [-107.702703, 35.063063]}, "properties": {"crashes": 1, "injury": 0, "fatal": 0, "pedestrian": 0, "bicycle": 0, "density": 0.2, "year_range": "2016-2020"}}, {"type": "Feature", "geometry": {"type": "Point", "coordinates": [-107.756757, 35.073874]}, "properties": {"crashes": 2, "injury": 0, "fatal": 0, "pedestrian": 0, "bicycle": 0, "density": 0.5, "year_range": "2016-2020"}}, {"type": "Feature", "geometry": {"type": "Point", "coordinates": [-107.082883, 34.992793]}, "properties": {"crashes": 2, "injury": 0, "fatal": 0, "pedestrian": 0, "bicycle": 0, "density": 0.5, "year_range": "2016-2020"}}, {"type": "Feature", "geometry": {"type": "Point", "coordinates": [-108.935135, 35.468468]}, "properties": {"crashes": 1, "injury": 0, "fatal": 0, "pedestrian": 0, "bicycle": 0, "density": 0.2, "year_range": "2016-2020"}}, {"type": "Feature", "geometry": {"type": "Point", "coordinates": [-108.621622, 35.531532]}, "properties": {"crashes": 1, "injury": 0, "fatal": 0, "pedestrian": 0, "bicycle": 0, "density": 0.2, "year_range": "2016-2020"}}, {"type": "Feature", "geometry": {"type": "Point", "coordinates": [-108.014414, 35.347748]}, "properties": {"crashes": 4, "injury": 0, "fatal": 0, "pedestrian": 0, "bicycle": 0, "density": 1.0, "year_range": "2016-2020"}}, {"type": "Feature", "geometry": {"type": "Point", "coordinates": [-109.028829, 35.376577]}, "properties": {"crashes": 1, "injury": 0, "fatal": 0, "pedestrian": 0, "bicycle": 0, "density": 0.2, "year_range": "2016-2020"}}, {"type": "Feature", "geometry": {"type": "Point", "coordinates": [-108.861261, 35.495495]}, "properties": {"crashes": 1, "injury": 0, "fatal": 0, "pedestrian": 0, "bicycle": 0, "density": 0.2, "year_range": "2016-2020"}}, {"type": "Feature", "geometry": {"type": "Point", "coordinates": [-108.181982, 35.389189]}, "properties": {"crashes": 1, "injury": 0, "fatal": 0, "pedestrian": 0, "bicycle": 0, "density": 0.2, "year_range": "2016-2020"}}, {"type": "Feature", "geometry": {"type": "Point", "coordinates": [-108.2, 35.390991]}, "properties": {"crashes": 2, "injury": 0, "fatal": 0, "pedestrian": 0, "bicycle": 0, "density": 0.5, "year_range": "2016-2020"}}, {"type": "Feature", "geometry": {"type": "Point", "coordinates": [-108.895495, 35.488288]}, "properties": {"crashes": 2, "injury": 0, "fatal": 0, "pedestrian": 0, "bicycle": 0, "density": 0.5, "year_range": "2016-2020"}}, {"type": "Feature", "geometry": {"type": "Point", "coordinates": [-108.288288, 35.412613]}, "properties": {"crashes": 1, "injury": 0, "fatal": 0, "pedestrian": 0, "bicycle": 0, "density": 0.2, "year_range": "2016-2020"}}, {"type": "Feature", "geometry": {"type": "Point", "coordinates": [-108.003604, 35.335135]}, "properties": {"crashes": 2, "injury": 0, "fatal": 0, "pedestrian": 0, "bicycle": 0, "density": 0.5, "year_range": "2016-2020"}}, {"type": "Feature", "geometry": {"type": "Point", "coordinates": [-107.540541, 35.073874]}, "properties": {"crashes": 1, "injury": 0, "fatal": 0, "pedestrian": 0, "bicycle": 0, "density": 0.2, "year_range": "2016-2020"}}, {"type": "Feature", "geometry": {"type": "Point", "coordinates": [-108.846847, 35.497297]}, "properties": {"crashes": 2, "injury": 1, "fatal": 2, "pedestrian": 0, "bicycle": 0, "density": 0.5, "year_range": "2016-2020"}}, {"type": "Feature", "geometry": {"type": "Point", "coordinates": [-108.394595, 35.459459]}, "properties": {"crashes": 1, "injury": 0, "fatal": 0, "pedestrian": 0, "bicycle": 0, "density": 0.2, "year_range": "2016-2020"}}, {"type": "Feature", "geometry": {"type": "Point", "coordinates": [-107.688288, 35.064865]}, "properties": {"crashes": 2, "injury": 0, "fatal": 0, "pedestrian": 0, "bicycle": 0, "density": 0.5, "year_range": "2016-2020"}}, {"type": "Feature", "geometry": {"type": "Point", "coordinates": [-107.962162, 35.248649]}, "properties": {"crashes": 1, "injury": 0, "fatal": 0, "pedestrian": 0, "bicycle": 0, "density": 0.2, "year_range": "2016-2020"}}, {"type": "Feature", "geometry": {"type": "Point", "coordinates": [-108.081081, 35.371171]}, "properties": {"crashes": 1, "injury": 0, "fatal": 0, "pedestrian": 0, "bicycle": 0, "density": 0.2, "year_range": "2016-2020"}}, {"type": "Feature", "geometry": {"type": "Point", "coordinates": [-107.641441, 35.075676]}, "properties": {"crashes": 1, "injury": 0, "fatal": 0, "pedestrian": 0, "bicycle": 0, "density": 0.2, "year_range": "2016-2020"}}, {"type": "Feature", "geometry": {"type": "Point", "coordinates": [-108.263063, 35.405405]}, "properties": {"crashes": 1, "injury": 0, "fatal": 0, "pedestrian": 0, "bicycle": 0, "density": 0.2, "year_range": "2016-2020"}}, {"type": "Feature", "geometry": {"type": "Point", "coordinates": [-108.016216, 35.34955]}, "properties": {"crashes": 1, "injury": 0, "fatal": 0, "pedestrian": 0, "bicycle": 0, "density": 0.2, "year_range": "2016-2020"}}, {"type": "Feature", "geometry": {"type": "Point", "coordinates": [-108.767568, 35.526126]}, "properties": {"crashes": 2, "injury": 0, "fatal": 0, "pedestrian": 0, "bicycle": 0, "density": 0.5, "year_range": "2016-2020"}}, {"type": "Feature", "geometry": {"type": "Point", "coordinates": [-107.657658, 35.073874]}, "properties": {"crashes": 2, "injury": 0, "fatal": 0, "pedestrian": 0, "bicycle": 0, "density": 0.5, "year_range": "2016-2020"}}, {"type": "Feature", "geometry": {"type": "Point", "coordinates": [-107.756757, 35.075676]}, "properties": {"crashes": 1, "injury": 0, "fatal": 0, "pedestrian": 0, "bicycle": 0, "density": 0.2, "year_range": "2016-2020"}}, {"type": "Feature", "geometry": {"type": "Point", "coordinates": [-107.571171, 35.073874]}, "properties": {"crashes": 2, "injury": 0, "fatal": 0, "pedestrian": 0, "bicycle": 0, "density": 0.5, "year_range": "2016-2020"}}, {"type": "Feature", "geometry": {"type": "Point", "coordinates": [-107.457658, 35.028829]}, "properties": {"crashes": 2, "injury": 0, "fatal": 0, "pedestrian": 0, "bicycle": 0, "density": 0.5, "year_range": "2016-2020"}}, {"type": "Feature", "geometry": {"type": "Point", "coordinates": [-107.574775, 35.073874]}, "properties": {"crashes": 1, "injury": 0, "fatal": 0, "pedestrian": 0, "bicycle": 0, "density": 0.2, "year_range": "2016-2020"}}, {"type": "Feature", "geometry": {"type": "Point", "coordinates": [-107.174775, 34.983784]}, "properties": {"crashes": 2, "injury": 1, "fatal": 1, "pedestrian": 0, "bicycle": 0, "density": 0.5, "year_range": "2016-2020"}}, {"type": "Feature", "geometry": {"type": "Point", "coordinates": [-108.827027, 35.508108]}, "properties": {"crashes": 1, "injury": 0, "fatal": 0, "pedestrian": 0, "bicycle": 0, "density": 0.2, "year_range": "2016-2020"}}, {"type": "Feature", "geometry": {"type": "Point", "coordinates": [-108.272072, 35.407207]}, "properties": {"crashes": 1, "injury": 0, "fatal": 0, "pedestrian": 0, "bicycle": 0, "density": 0.2, "year_range": "2016-2020"}}, {"type": "Feature", "geometry": {"type": "Point", "coordinates": [-108.277477, 35.409009]}, "properties": {"crashes": 1, "injury": 0, "fatal": 0, "pedestrian": 0, "bicycle": 0, "density": 0.2, "year_range": "2016-2020"}}, {"type": "Feature", "geometry": {"type": "Point", "coordinates": [-109.0, 35.407207]}, "properties": {"crashes": 3, "injury": 0, "fatal": 0, "pedestrian": 0, "bicycle": 0, "density": 0.8, "year_range": "2016-2020"}}, {"type": "Feature", "geometry": {"type": "Point", "coordinates": [-108.218018, 35.396396]}, "properties": {"crashes": 1, "injury": 0, "fatal": 0, "pedestrian": 0, "bicycle": 0, "density": 0.2, "year_range": "2016-2020"}}, {"type": "Feature", "geometry": {"type": "Point", "coordinates": [-108.936937, 35.466667]}, "properties": {"crashes": 1, "injury": 0, "fatal": 0, "pedestrian": 0, "bicycle": 0, "density": 0.2, "year_range": "2016-2020"}}, {"type": "Feature", "geometry": {"type": "Point", "coordinates": [-108.906306, 35.484685]}, "properties": {"crashes": 2, "injury": 0, "fatal": 0, "pedestrian": 0, "bicycle": 0, "density": 0.5, "year_range": "2016-2020"}}, {"type": "Feature", "geometry": {"type": "Point", "coordinates": [-108.87027, 35.495495]}, "properties": {"crashes": 1, "injury": 0, "fatal": 0, "pedestrian": 0, "bicycle": 0, "density": 0.2, "year_range": "2016-2020"}}, {"type": "Feature", "geometry": {"type": "Point", "coordinates": [-108.708108, 35.533333]}, "properties": {"crashes": 1, "injury": 0, "fatal": 0, "pedestrian": 0, "bicycle": 0, "density": 0.2, "year_range": "2016-2020"}}, {"type": "Feature", "geometry": {"type": "Point", "coordinates": [-108.684685, 35.535135]}, "properties": {"crashes": 1, "injury": 0, "fatal": 0, "pedestrian": 0, "bicycle": 0, "density": 0.2, "year_range": "2016-2020"}}, {"type": "Feature", "geometry": {"type": "Point", "coordinates": [-108.609009, 35.52973]}, "properties": {"crashes": 1, "injury": 0, "fatal": 0, "pedestrian": 0, "bicycle": 0, "density": 0.2, "year_range": "2016-2020"}}, {"type": "Feature", "geometry": {"type": "Point", "coordinates": [-108.601802, 35.52973]}, "properties": {"crashes": 2, "injury": 0, "fatal": 0, "pedestrian": 0, "bicycle": 0, "density": 0.5, "year_range": "2016-2020"}}, {"type": "Feature", "geometry": {"type": "Point", "coordinates": [-108.533333, 35.508108]}, "properties": {"crashes": 1, "injury": 0, "fatal": 0, "pedestrian": 0, "bicycle": 0, "density": 0.2, "year_range": "2016-2020"}}, {"type": "Feature", "geometry": {"type": "Point", "coordinates": [-108.522523, 35.504505]}, "properties": {"crashes": 1, "injury": 0, "fatal": 0, "pedestrian": 0, "bicycle": 0, "density": 0.2, "year_range": "2016-2020"}}, {"type": "Feature", "geometry": {"type": "Point", "coordinates": [-108.427027, 35.477477]}, "properties": {"crashes": 1, "injury": 0, "fatal": 0, "pedestrian": 0, "bicycle": 0, "density": 0.2, "year_range": "2016-2020"}}, {"type": "Feature", "geometry": {"type": "Point", "coordinates": [-108.416216, 35.47027]}, "properties": {"crashes": 1, "injury": 0, "fatal": 0, "pedestrian": 0, "bicycle": 0, "density": 0.2, "year_range": "2016-2020"}}, {"type": "Feature", "geometry": {"type": "Point", "coordinates": [-108.425225, 35.477477]}, "properties": {"crashes": 4, "injury": 0, "fatal": 0, "pedestrian": 0, "bicycle": 0, "density": 1.0, "year_range": "2016-2020"}}, {"type": "Feature", "geometry": {"type": "Point", "coordinates": [-108.358559, 35.443243]}, "properties": {"crashes": 4, "injury": 0, "fatal": 0, "pedestrian": 0, "bicycle": 0, "density": 1.0, "year_range": "2016-2020"}}, {"type": "Feature", "geometry": {"type": "Point", "coordinates": [-108.198198, 35.390991]}, "properties": {"crashes": 1, "injury": 0, "fatal": 0, "pedestrian": 0, "bicycle": 0, "density": 0.2, "year_range": "2016-2020"}}, {"type": "Feature", "geometry": {"type": "Point", "coordinates": [-107.769369, 35.084685]}, "properties": {"crashes": 3, "injury": 0, "fatal": 0, "pedestrian": 0, "bicycle": 0, "density": 0.8, "year_range": "2016-2020"}}, {"type": "Feature", "geometry": {"type": "Point", "coordinates": [-108.124324, 35.381982]}, "properties": {"crashes": 3, "injury": 1, "fatal": 1, "pedestrian": 0, "bicycle": 0, "density": 0.8, "year_range": "2016-2020"}}, {"type": "Feature", "geometry": {"type": "Point", "coordinates": [-108.025225, 35.353153]}, "properties": {"crashes": 1, "injury": 0, "fatal": 0, "pedestrian": 0, "bicycle": 0, "density": 0.2, "year_range": "2016-2020"}}, {"type": "Feature", "geometry": {"type": "Point", "coordinates": [-107.872072, 35.153153]}, "properties": {"crashes": 5, "injury": 0, "fatal": 0, "pedestrian": 0, "bicycle": 0, "density": 1.2, "year_range": "2016-2020"}}, {"type": "Feature", "geometry": {"type": "Point", "coordinates": [-107.843243, 35.135135]}, "properties": {"crashes": 6, "injury": 0, "fatal": 0, "pedestrian": 0, "bicycle": 0, "density": 1.5, "year_range": "2016-2020"}}, {"type": "Feature", "geometry": {"type": "Point", "coordinates": [-107.832432, 35.126126]}, "properties": {"crashes": 2, "injury": 0, "fatal": 0, "pedestrian": 0, "bicycle": 0, "density": 0.5, "year_range": "2016-2020"}}, {"type": "Feature", "geometry": {"type": "Point", "coordinates": [-107.652252, 35.075676]}, "properties": {"crashes": 1, "injury": 0, "fatal": 0, "pedestrian": 0, "bicycle": 0, "density": 0.2, "year_range": "2016-2020"}}, {"type": "Feature", "geometry": {"type": "Point", "coordinates": [-107.65045, 35.075676]}, "properties": {"crashes": 1, "injury": 0, "fatal": 0, "pedestrian": 0, "bicycle": 0, "density": 0.2, "year_range": "2016-2020"}}, {"type": "Feature", "geometry": {"type": "Point", "coordinates": [-107.502703, 35.045045]}, "properties": {"crashes": 1, "injury": 0, "fatal": 0, "pedestrian": 0, "bicycle": 0, "density": 0.2, "year_range": "2016-2020"}}, {"type": "Feature", "geometry": {"type": "Point", "coordinates": [-107.481081, 35.036036]}, "properties": {"crashes": 1, "injury": 0, "fatal": 0, "pedestrian": 0, "bicycle": 0, "density": 0.2, "year_range": "2016-2020"}}, {"type": "Feature", "geometry": {"type": "Point", "coordinates": [-107.455856, 35.028829]}, "properties": {"crashes": 7, "injury": 0, "fatal": 0, "pedestrian": 0, "bicycle": 0, "density": 1.8, "year_range": "2016-2020"}}, {"type": "Feature", "geometry": {"type": "Point", "coordinates": [-107.454054, 35.028829]}, "properties": {"crashes": 1, "injury": 0, "fatal": 0, "pedestrian": 0, "bicycle": 0, "density": 0.2, "year_range": "2016-2020"}}, {"type": "Feature", "geometry": {"type": "Point", "coordinates": [-107.336937, 35.028829]}, "properties": {"crashes": 1, "injury": 0, "fatal": 0, "pedestrian": 0, "bicycle": 0, "density": 0.2, "year_range": "2016-2020"}}, {"type": "Feature", "geometry": {"type": "Point", "coordinates": [-107.275676, 34.992793]}, "properties": {"crashes": 1, "injury": 0, "fatal": 0, "pedestrian": 0, "bicycle": 0, "density": 0.2, "year_range": "2016-2020"}}, {"type": "Feature", "geometry": {"type": "Point", "coordinates": [-107.209009, 34.989189]}, "properties": {"crashes": 3, "injury": 0, "fatal": 0, "pedestrian": 0, "bicycle": 0, "density": 0.8, "year_range": "2016-2020"}}, {"type": "Feature", "geometry": {"type": "Point", "coordinates": [-107.063063, 35.0]}, "properties": {"crashes": 1, "injury": 0, "fatal": 0, "pedestrian": 0, "bicycle": 0, "density": 0.2, "year_range": "2016-2020"}}, {"type": "Feature", "geometry": {"type": "Point", "coordinates": [-106.87027, 35.048649]}, "properties": {"crashes": 1, "injury": 0, "fatal": 0, "pedestrian": 0, "bicycle": 0, "density": 0.2, "year_range": "2016-2020"}}, {"type": "Feature", "geometry": {"type": "Point", "coordinates": [-107.899099, 35.171171]}, "properties": {"crashes": 1, "injury": 0, "fatal": 0, "pedestrian": 0, "bicycle": 0, "density": 0.2, "year_range": "2016-2020"}}, {"type": "Feature", "geometry": {"type": "Point", "coordinates": [-108.985586, 35.423423]}, "properties": {"crashes": 2, "injury": 0, "fatal": 0, "pedestrian": 0, "bicycle": 0, "density": 0.5, "year_range": "2016-2020"}}, {"type": "Feature", "geometry": {"type": "Point", "coordinates": [-106.936937, 35.034234]}, "properties": {"crashes": 1, "injury": 0, "fatal": 0, "pedestrian": 0, "bicycle": 0, "density": 0.2, "year_range": "2016-2020"}}, {"type": "Feature", "geometry": {"type": "Point", "coordinates": [-107.985586, 35.279279]}, "properties": {"crashes": 1, "injury": 0, "fatal": 0, "pedestrian": 0, "bicycle": 0, "density": 0.2, "year_range": "2016-2020"}}, {"type": "Feature", "geometry": {"type": "Point", "coordinates": [-108.963964, 35.43964]}, "properties": {"crashes": 1, "injury": 0, "fatal": 0, "pedestrian": 0, "bicycle": 0, "density": 0.2, "year_range": "2016-2020"}}, {"type": "Feature", "geometry": {"type": "Point", "coordinates": [-107.744144, 35.07027]}, "properties": {"crashes": 1, "injury": 0, "fatal": 0, "pedestrian": 0, "bicycle": 0, "density": 0.2, "year_range": "2016-2020"}}, {"type": "Feature", "geometry": {"type": "Point", "coordinates": [-107.935135, 35.218018]}, "properties": {"crashes": 3, "injury": 0, "fatal": 0, "pedestrian": 0, "bicycle": 0, "density": 0.8, "year_range": "2016-2020"}}, {"type": "Feature", "geometry": {"type": "Point", "coordinates": [-107.668468, 35.072072]}, "properties": {"crashes": 1, "injury": 0, "fatal": 0, "pedestrian": 0, "bicycle": 0, "density": 0.2, "year_range": "2016-2020"}}, {"type": "Feature", "geometry": {"type": "Point", "coordinates": [-108.378378, 35.452252]}, "properties": {"crashes": 1, "injury": 0, "fatal": 0, "pedestrian": 0, "bicycle": 0, "density": 0.2, "year_range": "2016-2020"}}, {"type": "Feature", "geometry": {"type": "Point", "coordinates": [-109.041441, 35.371171]}, "properties": {"crashes": 3, "injury": 0, "fatal": 0, "pedestrian": 0, "bicycle": 0, "density": 0.8, "year_range": "2016-2020"}}, {"type": "Feature", "geometry": {"type": "Point", "coordinates": [-108.938739, 35.464865]}, "properties": {"crashes": 1, "injury": 0, "fatal": 0, "pedestrian": 0, "bicycle": 0, "density": 0.2, "year_range": "2016-2020"}}, {"type": "Feature", "geometry": {"type": "Point", "coordinates": [-108.684685, 35.533333]}, "properties": {"crashes": 2, "injury": 0, "fatal": 0, "pedestrian": 0, "bicycle": 0, "density": 0.5, "year_range": "2016-2020"}}, {"type": "Feature", "geometry": {"type": "Point", "coordinates": [-108.92973, 35.47027]}, "properties": {"crashes": 1, "injury": 0, "fatal": 0, "pedestrian": 0, "bicycle": 0, "density": 0.2, "year_range": "2016-2020"}}, {"type": "Feature", "geometry": {"type": "Point", "coordinates": [-107.464865, 35.030631]}, "properties": {"crashes": 3, "injury": 1, "fatal": 1, "pedestrian": 0, "bicycle": 0, "density": 0.8, "year_range": "2016-2020"}}, {"type": "Feature", "geometry": {"type": "Point", "coordinates": [-107.607207, 35.075676]}, "properties": {"crashes": 2, "injury": 0, "fatal": 0, "pedestrian": 0, "bicycle": 0, "density": 0.5, "year_range": "2016-2020"}}, {"type": "Feature", "geometry": {"type": "Point", "coordinates": [-107.981982, 35.27027]}, "properties": {"crashes": 2, "injury": 0, "fatal": 0, "pedestrian": 0, "bicycle": 0, "density": 0.5, "year_range": "2016-2020"}}, {"type": "Feature", "geometry": {"type": "Point", "coordinates": [-108.58018, 35.524324]}, "properties": {"crashes": 2, "injury": 1, "fatal": 0, "pedestrian": 0, "bicycle": 0, "density": 0.5, "year_range": "2016-2020"}}, {"type": "Feature", "geometry": {"type": "Point", "coordinates": [-106.801802, 35.059459]}, "properties": {"crashes": 1, "injury": 0, "fatal": 0, "pedestrian": 0, "bicycle": 0, "density": 0.2, "year_range": "2016-2020"}}, {"type": "Feature", "geometry": {"type": "Point", "coordinates": [-107.634234, 35.075676]}, "properties": {"crashes": 2, "injury": 1, "fatal": 1, "pedestrian": 0, "bicycle": 0, "density": 0.5, "year_range": "2016-2020"}}, {"type": "Feature", "geometry": {"type": "Point", "coordinates": [-108.953153, 35.448649]}, "properties": {"crashes": 2, "injury": 0, "fatal": 0, "pedestrian": 0, "bicycle": 0, "density": 0.5, "year_range": "2016-2020"}}, {"type": "Feature", "geometry": {"type": "Point", "coordinates": [-107.938739, 35.223423]}, "properties": {"crashes": 2, "injury": 0, "fatal": 0, "pedestrian": 0, "bicycle": 0, "density": 0.5, "year_range": "2016-2020"}}, {"type": "Feature", "geometry": {"type": "Point", "coordinates": [-107.515315, 35.052252]}, "properties": {"crashes": 1, "injury": 0, "fatal": 0, "pedestrian": 0, "bicycle": 0, "density": 0.2, "year_range": "2016-2020"}}, {"type": "Feature", "geometry": {"type": "Point", "coordinates": [-107.524324, 35.059459]}, "properties": {"crashes": 1, "injury": 0, "fatal": 0, "pedestrian": 0, "bicycle": 0, "density": 0.2, "year_range": "2016-2020"}}, {"type": "Feature", "geometry": {"type": "Point", "coordinates": [-108.891892, 35.488288]}, "properties": {"crashes": 2, "injury": 1, "fatal": 0, "pedestrian": 0, "bicycle": 0, "density": 0.5, "year_range": "2016-2020"}}, {"type": "Feature", "geometry": {"type": "Point", "coordinates": [-108.704505, 35.533333]}, "properties": {"crashes": 4, "injury": 1, "fatal": 0, "pedestrian": 0, "bicycle": 0, "density": 1.0, "year_range": "2016-2020"}}, {"type": "Feature", "geometry": {"type": "Point", "coordinates": [-108.666667, 35.527928]}, "properties": {"crashes": 2, "injury": 0, "fatal": 0, "pedestrian": 0, "bicycle": 0, "density": 0.5, "year_range": "2016-2020"}}, {"type": "Feature", "geometry": {"type": "Point", "coordinates": [-108.428829, 35.479279]}, "properties": {"crashes": 2, "injury": 0, "fatal": 0, "pedestrian": 0, "bicycle": 0, "density": 0.5, "year_range": "2016-2020"}}, {"type": "Feature", "geometry": {"type": "Point", "coordinates": [-108.376577, 35.45045]}, "properties": {"crashes": 1, "injury": 0, "fatal": 0, "pedestrian": 0, "bicycle": 0, "density": 0.2, "year_range": "2016-2020"}}, {"type": "Feature", "geometry": {"type": "Point", "coordinates": [-107.904505, 35.189189]}, "properties": {"crashes": 1, "injury": 0, "fatal": 0, "pedestrian": 0, "bicycle": 0, "density": 0.2, "year_range": "2016-2020"}}, {"type": "Feature", "geometry": {"type": "Point", "coordinates": [-107.61982, 35.075676]}, "properties": {"crashes": 1, "injury": 0, "fatal": 0, "pedestrian": 0, "bicycle": 0, "density": 0.2, "year_range": "2016-2020"}}, {"type": "Feature", "geometry": {"type": "Point", "coordinates": [-109.01982, 35.381982]}, "properties": {"crashes": 1, "injury": 0, "fatal": 0, "pedestrian": 0, "bicycle": 0, "density": 0.2, "year_range": "2016-2020"}}, {"type": "Feature", "geometry": {"type": "Point", "coordinates": [-108.956757, 35.443243]}, "properties": {"crashes": 1, "injury": 0, "fatal": 0, "pedestrian": 0, "bicycle": 0, "density": 0.2, "year_range": "2016-2020"}}, {"type": "Feature", "geometry": {"type": "Point", "coordinates": [-108.915315, 35.479279]}, "properties": {"crashes": 3, "injury": 0, "fatal": 0, "pedestrian": 0, "bicycle": 0, "density": 0.8, "year_range": "2016-2020"}}, {"type": "Feature", "geometry": {"type": "Point", "coordinates": [-108.884685, 35.491892]}, "properties": {"crashes": 1, "injury": 0, "fatal": 0, "pedestrian": 0, "bicycle": 0, "density": 0.2, "year_range": "2016-2020"}}, {"type": "Feature", "geometry": {"type": "Point", "coordinates": [-108.225225, 35.396396]}, "properties": {"crashes": 2, "injury": 0, "fatal": 0, "pedestrian": 0, "bicycle": 0, "density": 0.5, "year_range": "2016-2020"}}, {"type": "Feature", "geometry": {"type": "Point", "coordinates": [-108.111712, 35.378378]}, "properties": {"crashes": 1, "injury": 1, "fatal": 0, "pedestrian": 0, "bicycle": 0, "density": 0.2, "year_range": "2016-2020"}}, {"type": "Feature", "geometry": {"type": "Point", "coordinates": [-108.868468, 35.493694]}, "properties": {"crashes": 1, "injury": 1, "fatal": 1, "pedestrian": 0, "bicycle": 0, "density": 0.2, "year_range": "2016-2020"}}, {"type": "Feature", "geometry": {"type": "Point", "coordinates": [-108.0, 35.32973]}, "properties": {"crashes": 2, "injury": 0, "fatal": 0, "pedestrian": 0, "bicycle": 0, "density": 0.5, "year_range": "2016-2020"}}, {"type": "Feature", "geometry": {"type": "Point", "coordinates": [-107.998198, 35.326126]}, "properties": {"crashes": 3, "injury": 0, "fatal": 0, "pedestrian": 0, "bicycle": 0, "density": 0.8, "year_range": "2016-2020"}}, {"type": "Feature", "geometry": {"type": "Point", "coordinates": [-108.745946, 35.52973]}, "properties": {"crashes": 1, "injury": 0, "fatal": 0, "pedestrian": 0, "bicycle": 0, "density": 0.2, "year_range": "2016-2020"}}, {"type": "Feature", "geometry": {"type": "Point", "coordinates": [-108.699099, 35.533333]}, "properties": {"crashes": 2, "injury": 1, "fatal": 1, "pedestrian": 0, "bicycle": 0, "density": 0.5, "year_range": "2016-2020"}}, {"type": "Feature", "geometry": {"type": "Point", "coordinates": [-108.695495, 35.533333]}, "properties": {"crashes": 1, "injury": 0, "fatal": 0, "pedestrian": 0, "bicycle": 0, "density": 0.2, "year_range": "2016-2020"}}, {"type": "Feature", "geometry": {"type": "Point", "coordinates": [-108.576577, 35.522523]}, "properties": {"crashes": 1, "injury": 1, "fatal": 2, "pedestrian": 0, "bicycle": 0, "density": 0.2, "year_range": "2016-2020"}}, {"type": "Feature", "geometry": {"type": "Point", "coordinates": [-108.572973, 35.520721]}, "properties": {"crashes": 2, "injury": 0, "fatal": 0, "pedestrian": 0, "bicycle": 0, "density": 0.5, "year_range": "2016-2020"}}, {"type": "Feature", "geometry": {"type": "Point", "coordinates": [-108.54955, 35.513514]}, "properties": {"crashes": 4, "injury": 0, "fatal": 0, "pedestrian": 0, "bicycle": 0, "density": 1.0, "year_range": "2016-2020"}}, {"type": "Feature", "geometry": {"type": "Point", "coordinates": [-108.513514, 35.500901]}, "properties": {"crashes": 2, "injury": 1, "fatal": 0, "pedestrian": 0, "bicycle": 0, "density": 0.5, "year_range": "2016-2020"}}, {"type": "Feature", "geometry": {"type": "Point", "coordinates": [-108.479279, 35.49009]}, "properties": {"crashes": 4, "injury": 0, "fatal": 0, "pedestrian": 0, "bicycle": 0, "density": 1.0, "year_range": "2016-2020"}}, {"type": "Feature", "geometry": {"type": "Point", "coordinates": [-108.459459, 35.486486]}, "properties": {"crashes": 2, "injury": 0, "fatal": 0, "pedestrian": 0, "bicycle": 0, "density": 0.5, "year_range": "2016-2020"}}, {"type": "Feature", "geometry": {"type": "Point", "coordinates": [-108.436036, 35.481081]}, "properties": {"crashes": 3, "injury": 0, "fatal": 0, "pedestrian": 0, "bicycle": 0, "density": 0.8, "year_range": "2016-2020"}}, {"type": "Feature", "geometry": {"type": "Point", "coordinates": [-108.407207, 35.464865]}, "properties": {"crashes": 2, "injury": 0, "fatal": 0, "pedestrian": 0, "bicycle": 0, "density": 0.5, "year_range": "2016-2020"}}, {"type": "Feature", "geometry": {"type": "Point", "coordinates": [-108.282883, 35.410811]}, "properties": {"crashes": 3, "injury": 0, "fatal": 0, "pedestrian": 0, "bicycle": 0, "density": 0.8, "year_range": "2016-2020"}}, {"type": "Feature", "geometry": {"type": "Point", "coordinates": [-108.273874, 35.407207]}, "properties": {"crashes": 1, "injury": 0, "fatal": 0, "pedestrian": 0, "bicycle": 0, "density": 0.2, "year_range": "2016-2020"}}, {"type": "Feature", "geometry": {"type": "Point", "coordinates": [-108.255856, 35.403604]}, "properties": {"crashes": 1, "injury": 0, "fatal": 0, "pedestrian": 0, "bicycle": 0, "density": 0.2, "year_range": "2016-2020"}}, {"type": "Feature", "geometry": {"type": "Point", "coordinates": [-108.264865, 35.403604]}, "properties": {"crashes": 4, "injury": 0, "fatal": 0, "pedestrian": 0, "bicycle": 0, "density": 1.0, "year_range": "2016-2020"}}, {"type": "Feature", "geometry": {"type": "Point", "coordinates": [-108.246847, 35.4]}, "properties": {"crashes": 1, "injury": 0, "fatal": 0, "pedestrian": 0, "bicycle": 0, "density": 0.2, "year_range": "2016-2020"}}, {"type": "Feature", "geometry": {"type": "Point", "coordinates": [-108.18018, 35.389189]}, "properties": {"crashes": 1, "injury": 1, "fatal": 1, "pedestrian": 0, "bicycle": 0, "density": 0.2, "year_range": "2016-2020"}}, {"type": "Feature", "geometry": {"type": "Point", "coordinates": [-108.172973, 35.389189]}, "properties": {"crashes": 2, "injury": 0, "fatal": 0, "pedestrian": 0, "bicycle": 0, "density": 0.5, "year_range": "2016-2020"}}, {"type": "Feature", "geometry": {"type": "Point", "coordinates": [-108.169369, 35.389189]}, "properties": {"crashes": 2, "injury": 0, "fatal": 0, "pedestrian": 0, "bicycle": 0, "density": 0.5, "year_range": "2016-2020"}}, {"type": "Feature", "geometry": {"type": "Point", "coordinates": [-108.145946, 35.385586]}, "properties": {"crashes": 1, "injury": 0, "fatal": 0, "pedestrian": 0, "bicycle": 0, "density": 0.2, "year_range": "2016-2020"}}, {"type": "Feature", "geometry": {"type": "Point", "coordinates": [-108.111712, 35.376577]}, "properties": {"crashes": 1, "injury": 0, "fatal": 0, "pedestrian": 0, "bicycle": 0, "density": 0.2, "year_range": "2016-2020"}}, {"type": "Feature", "geometry": {"type": "Point", "coordinates": [-108.077477, 35.371171]}, "properties": {"crashes": 1, "injury": 0, "fatal": 0, "pedestrian": 0, "bicycle": 0, "density": 0.2, "year_range": "2016-2020"}}, {"type": "Feature", "geometry": {"type": "Point", "coordinates": [-108.059459, 35.367568]}, "properties": {"crashes": 1, "injury": 0, "fatal": 0, "pedestrian": 0, "bicycle": 0, "density": 0.2, "year_range": "2016-2020"}}, {"type": "Feature", "geometry": {"type": "Point", "coordinates": [-108.03964, 35.358559]}, "properties": {"crashes": 1, "injury": 0, "fatal": 0, "pedestrian": 0, "bicycle": 0, "density": 0.2, "year_range": "2016-2020"}}, {"type": "Feature", "geometry": {"type": "Point", "coordinates": [-108.046847, 35.36036]}, "properties": {"crashes": 1, "injury": 0, "fatal": 0, "pedestrian": 0, "bicycle": 0, "density": 0.2, "year_range": "2016-2020"}}, {"type": "Feature", "geometry": {"type": "Point", "coordinates": [-108.037838, 35.356757]}, "properties": {"crashes": 1, "injury": 1, "fatal": 0, "pedestrian": 0, "bicycle": 0, "density": 0.2, "year_range": "2016-2020"}}, {"type": "Feature", "geometry": {"type": "Point", "coordinates": [-108.025225, 35.351351]}, "properties": {"crashes": 1, "injury": 0, "fatal": 0, "pedestrian": 0, "bicycle": 0, "density": 0.2, "year_range": "2016-2020"}}, {"type": "Feature", "geometry": {"type": "Point", "coordinates": [-108.007207, 35.342342]}, "properties": {"crashes": 1, "injury": 0, "fatal": 0, "pedestrian": 0, "bicycle": 0, "density": 0.2, "year_range": "2016-2020"}}, {"type": "Feature", "geometry": {"type": "Point", "coordinates": [-107.996396, 35.322523]}, "properties": {"crashes": 1, "injury": 0, "fatal": 0, "pedestrian": 0, "bicycle": 0, "density": 0.2, "year_range": "2016-2020"}}, {"type": "Feature", "geometry": {"type": "Point", "coordinates": [-107.985586, 35.281081]}, "properties": {"crashes": 1, "injury": 0, "fatal": 0, "pedestrian": 0, "bicycle": 0, "density": 0.2, "year_range": "2016-2020"}}, {"type": "Feature", "geometry": {"type": "Point", "coordinates": [-107.98018, 35.266667]}, "properties": {"crashes": 1, "injury": 0, "fatal": 0, "pedestrian": 0, "bicycle": 0, "density": 0.2, "year_range": "2016-2020"}}, {"type": "Feature", "geometry": {"type": "Point", "coordinates": [-107.976577, 35.261261]}, "properties": {"crashes": 1, "injury": 0, "fatal": 0, "pedestrian": 0, "bicycle": 0, "density": 0.2, "year_range": "2016-2020"}}, {"type": "Feature", "geometry": {"type": "Point", "coordinates": [-107.935135, 35.21982]}, "properties": {"crashes": 2, "injury": 0, "fatal": 0, "pedestrian": 0, "bicycle": 0, "density": 0.5, "year_range": "2016-2020"}}, {"type": "Feature", "geometry": {"type": "Point", "coordinates": [-107.92973, 35.214414]}, "properties": {"crashes": 1, "injury": 0, "fatal": 0, "pedestrian": 0, "bicycle": 0, "density": 0.2, "year_range": "2016-2020"}}, {"type": "Feature", "geometry": {"type": "Point", "coordinates": [-107.922523, 35.205405]}, "properties": {"crashes": 2, "injury": 0, "fatal": 0, "pedestrian": 0, "bicycle": 0, "density": 0.5, "year_range": "2016-2020"}}, {"type": "Feature", "geometry": {"type": "Point", "coordinates": [-107.924324, 35.209009]}, "properties": {"crashes": 1, "injury": 1, "fatal": 0, "pedestrian": 0, "bicycle": 0, "density": 0.2, "year_range": "2016-2020"}}, {"type": "Feature", "geometry": {"type": "Point", "coordinates": [-107.915315, 35.2]}, "properties": {"crashes": 1, "injury": 0, "fatal": 0, "pedestrian": 0, "bicycle": 0, "density": 0.2, "year_range": "2016-2020"}}, {"type": "Feature", "geometry": {"type": "Point", "coordinates": [-107.891892, 35.163964]}, "properties": {"crashes": 1, "injury": 1, "fatal": 0, "pedestrian": 0, "bicycle": 0, "density": 0.2, "year_range": "2016-2020"}}, {"type": "Feature", "geometry": {"type": "Point", "coordinates": [-107.825225, 35.120721]}, "properties": {"crashes": 1, "injury": 0, "fatal": 0, "pedestrian": 0, "bicycle": 0, "density": 0.2, "year_range": "2016-2020"}}, {"type": "Feature", "geometry": {"type": "Point", "coordinates": [-107.816216, 35.115315]}, "properties": {"crashes": 1, "injury": 0, "fatal": 0, "pedestrian": 0, "bicycle": 0, "density": 0.2, "year_range": "2016-2020"}}, {"type": "Feature", "geometry": {"type": "Point", "coordinates": [-107.873874, 35.153153]}, "properties": {"crashes": 2, "injury": 0, "fatal": 0, "pedestrian": 0, "bicycle": 0, "density": 0.5, "year_range": "2016-2020"}}, {"type": "Feature", "geometry": {"type": "Point", "coordinates": [-107.774775, 35.088288]}, "properties": {"crashes": 3, "injury": 0, "fatal": 0, "pedestrian": 0, "bicycle": 0, "density": 0.8, "year_range": "2016-2020"}}, {"type": "Feature", "geometry": {"type": "Point", "coordinates": [-107.783784, 35.093694]}, "properties": {"crashes": 1, "injury": 0, "fatal": 0, "pedestrian": 0, "bicycle": 0, "density": 0.2, "year_range": "2016-2020"}}, {"type": "Feature", "geometry": {"type": "Point", "coordinates": [-107.763964, 35.079279]}, "properties": {"crashes": 2, "injury": 0, "fatal": 0, "pedestrian": 0, "bicycle": 0, "density": 0.5, "year_range": "2016-2020"}}, {"type": "Feature", "geometry": {"type": "Point", "coordinates": [-107.636036, 35.075676]}, "properties": {"crashes": 2, "injury": 0, "fatal": 0, "pedestrian": 0, "bicycle": 0, "density": 0.5, "year_range": "2016-2020"}}, {"type": "Feature", "geometry": {"type": "Point", "coordinates": [-107.585586, 35.075676]}, "properties": {"crashes": 2, "injury": 0, "fatal": 0, "pedestrian": 0, "bicycle": 0, "density": 0.5, "year_range": "2016-2020"}}, {"type": "Feature", "geometry": {"type": "Point", "coordinates": [-107.581982, 35.075676]}, "properties": {"crashes": 1, "injury": 0, "fatal": 0, "pedestrian": 0, "bicycle": 0, "density": 0.2, "year_range": "2016-2020"}}, {"type": "Feature", "geometry": {"type": "Point", "coordinates": [-107.572973, 35.073874]}, "properties": {"crashes": 1, "injury": 0, "fatal": 0, "pedestrian": 0, "bicycle": 0, "density": 0.2, "year_range": "2016-2020"}}, {"type": "Feature", "geometry": {"type": "Point", "coordinates": [-107.54955, 35.073874]}, "properties": {"crashes": 1, "injury": 1, "fatal": 1, "pedestrian": 0, "bicycle": 0, "density": 0.2, "year_range": "2016-2020"}}, {"type": "Feature", "geometry": {"type": "Point", "coordinates": [-107.538739, 35.073874]}, "properties": {"crashes": 4, "injury": 2, "fatal": 1, "pedestrian": 0, "bicycle": 0, "density": 1.0, "year_range": "2016-2020"}}, {"type": "Feature", "geometry": {"type": "Point", "coordinates": [-107.477477, 35.034234]}, "properties": {"crashes": 3, "injury": 0, "fatal": 0, "pedestrian": 0, "bicycle": 0, "density": 0.8, "year_range": "2016-2020"}}, {"type": "Feature", "geometry": {"type": "Point", "coordinates": [-107.381982, 35.030631]}, "properties": {"crashes": 1, "injury": 0, "fatal": 0, "pedestrian": 0, "bicycle": 0, "density": 0.2, "year_range": "2016-2020"}}, {"type": "Feature", "geometry": {"type": "Point", "coordinates": [-107.383784, 35.030631]}, "properties": {"crashes": 1, "injury": 0, "fatal": 0, "pedestrian": 0, "bicycle": 0, "density": 0.2, "year_range": "2016-2020"}}, {"type": "Feature", "geometry": {"type": "Point", "coordinates": [-107.243243, 34.992793]}, "properties": {"crashes": 1, "injury": 0, "fatal": 0, "pedestrian": 0, "bicycle": 0, "density": 0.2, "year_range": "2016-2020"}}, {"type": "Feature", "geometry": {"type": "Point", "coordinates": [-107.218018, 34.990991]}, "properties": {"crashes": 1, "injury": 0, "fatal": 0, "pedestrian": 0, "bicycle": 0, "density": 0.2, "year_range": "2016-2020"}}, {"type": "Feature", "geometry": {"type": "Point", "coordinates": [-107.095495, 34.989189]}, "properties": {"crashes": 1, "injury": 0, "fatal": 0, "pedestrian": 0, "bicycle": 0, "density": 0.2, "year_range": "2016-2020"}}, {"type": "Feature", "geometry": {"type": "Point", "coordinates": [-107.073874, 34.996396]}, "properties": {"crashes": 1, "injury": 0, "fatal": 0, "pedestrian": 0, "bicycle": 0, "density": 0.2, "year_range": "2016-2020"}}, {"type": "Feature", "geometry": {"type": "Point", "coordinates": [-107.046847, 35.005405]}, "properties": {"crashes": 1, "injury": 0, "fatal": 0, "pedestrian": 0, "bicycle": 0, "density": 0.2, "year_range": "2016-2020"}}, {"type": "Feature", "geometry": {"type": "Point", "coordinates": [-106.985586, 35.023423]}, "properties": {"crashes": 3, "injury": 1, "fatal": 0, "pedestrian": 0, "bicycle": 0, "density": 0.8, "year_range": "2016-2020"}}, {"type": "Feature", "geometry": {"type": "Point", "coordinates": [-106.987387, 35.023423]}, "properties": {"crashes": 1, "injury": 0, "fatal": 0, "pedestrian": 0, "bicycle": 0, "density": 0.2, "year_range": "2016-2020"}}, {"type": "Feature", "geometry": {"type": "Point", "coordinates": [-106.954955, 35.030631]}, "properties": {"crashes": 1, "injury": 1, "fatal": 0, "pedestrian": 0, "bicycle": 0, "density": 0.2, "year_range": "2016-2020"}}, {"type": "Feature", "geometry": {"type": "Point", "coordinates": [-106.913514, 35.03964]}, "properties": {"crashes": 1, "injury": 1, "fatal": 0, "pedestrian": 0, "bicycle": 0, "density": 0.2, "year_range": "2016-2020"}}, {"type": "Feature", "geometry": {"type": "Point", "coordinates": [-106.902703, 35.041441]}, "properties": {"crashes": 1, "injury": 0, "fatal": 0, "pedestrian": 0, "bicycle": 0, "density": 0.2, "year_range": "2016-2020"}}, {"type": "Feature", "geometry": {"type": "Point", "coordinates": [-106.781982, 35.068468]}, "properties": {"crashes": 6, "injury": 1, "fatal": 0, "pedestrian": 0, "bicycle": 0, "density": 1.5, "year_range": "2016-2020"}}, {"type": "Feature", "geometry": {"type": "Point", "coordinates": [-106.846847, 35.054054]}, "properties": {"crashes": 1, "injury": 0, "fatal": 0, "pedestrian": 0, "bicycle": 0, "density": 0.2, "year_range": "2016-2020"}}, {"type": "Feature", "geometry": {"type": "Point", "coordinates": [-108.102703, 35.376577]}, "properties": {"crashes": 1, "injury": 0, "fatal": 0, "pedestrian": 0, "bicycle": 0, "density": 0.2, "year_range": "2016-2020"}}, {"type": "Feature", "geometry": {"type": "Point", "coordinates": [-108.018018, 35.34955]}, "properties": {"crashes": 1, "injury": 0, "fatal": 0, "pedestrian": 0, "bicycle": 0, "density": 0.2, "year_range": "2016-2020"}}, {"type": "Feature", "geometry": {"type": "Point", "coordinates": [-108.10991, 35.378378]}, "properties": {"crashes": 1, "injury": 0, "fatal": 0, "pedestrian": 0, "bicycle": 0, "density": 0.2, "year_range": "2016-2020"}}, {"type": "Feature", "geometry": {"type": "Point", "coordinates": [-108.064865, 35.367568]}, "properties": {"crashes": 1, "injury": 1, "fatal": 0, "pedestrian": 0, "bicycle": 0, "density": 0.2, "year_range": "2016-2020"}}, {"type": "Feature", "geometry": {"type": "Point", "coordinates": [-108.091892, 35.374775]}, "properties": {"crashes": 6, "injury": 0, "fatal": 0, "pedestrian": 0, "bicycle": 0, "density": 1.5, "year_range": "2016-2020"}}, {"type": "Feature", "geometry": {"type": "Point", "coordinates": [-108.189189, 35.389189]}, "properties": {"crashes": 1, "injury": 0, "fatal": 0, "pedestrian": 0, "bicycle": 0, "density": 0.2, "year_range": "2016-2020"}}, {"type": "Feature", "geometry": {"type": "Point", "coordinates": [-108.875676, 35.493694]}, "properties": {"crashes": 1, "injury": 1, "fatal": 0, "pedestrian": 0, "bicycle": 0, "density": 0.2, "year_range": "2016-2020"}}, {"type": "Feature", "geometry": {"type": "Point", "coordinates": [-108.401802, 35.461261]}, "properties": {"crashes": 1, "injury": 0, "fatal": 0, "pedestrian": 0, "bicycle": 0, "density": 0.2, "year_range": "2016-2020"}}, {"type": "Feature", "geometry": {"type": "Point", "coordinates": [-108.293694, 35.414414]}, "properties": {"crashes": 1, "injury": 0, "fatal": 0, "pedestrian": 0, "bicycle": 0, "density": 0.2, "year_range": "2016-2020"}}, {"type": "Feature", "geometry": {"type": "Point", "coordinates": [-107.89009, 35.162162]}, "properties": {"crashes": 2, "injury": 0, "fatal": 0, "pedestrian": 0, "bicycle": 0, "density": 0.5, "year_range": "2016-2020"}}, {"type": "Feature", "geometry": {"type": "Point", "coordinates": [-106.89009, 35.045045]}, "properties": {"crashes": 1, "injury": 0, "fatal": 0, "pedestrian": 0, "bicycle": 0, "density": 0.2, "year_range": "2016-2020"}}, {"type": "Feature", "geometry": {"type": "Point", "coordinates": [-107.902703, 35.187387]}, "properties": {"crashes": 2, "injury": 0, "fatal": 0, "pedestrian": 0, "bicycle": 0, "density": 0.5, "year_range": "2016-2020"}}, {"type": "Feature", "geometry": {"type": "Point", "coordinates": [-107.115315, 34.983784]}, "properties": {"crashes": 1, "injury": 0, "fatal": 0, "pedestrian": 0, "bicycle": 0, "density": 0.2, "year_range": "2016-2020"}}, {"type": "Feature", "geometry": {"type": "Point", "coordinates": [-107.576577, 35.075676]}, "properties": {"crashes": 1, "injury": 0, "fatal": 0, "pedestrian": 0, "bicycle": 0, "density": 0.2, "year_range": "2016-2020"}}, {"type": "Feature", "geometry": {"type": "Point", "coordinates": [-107.989189, 35.297297]}, "properties": {"crashes": 2, "injury": 0, "fatal": 0, "pedestrian": 0, "bicycle": 0, "density": 0.5, "year_range": "2016-2020"}}, {"type": "Feature", "geometry": {"type": "Point", "coordinates": [-107.814414, 35.113514]}, "properties": {"crashes": 1, "injury": 0, "fatal": 0, "pedestrian": 0, "bicycle": 0, "density": 0.2, "year_range": "2016-2020"}}, {"type": "Feature", "geometry": {"type": "Point", "coordinates": [-107.828829, 35.124324]}, "properties": {"crashes": 2, "injury": 0, "fatal": 0, "pedestrian": 0, "bicycle": 0, "density": 0.5, "year_range": "2016-2020"}}, {"type": "Feature", "geometry": {"type": "Point", "coordinates": [-108.099099, 35.374775]}, "properties": {"crashes": 1, "injury": 0, "fatal": 0, "pedestrian": 0, "bicycle": 0, "density": 0.2, "year_range": "2016-2020"}}, {"type": "Feature", "geometry": {"type": "Point", "coordinates": [-107.994595, 35.317117]}, "properties": {"crashes": 1, "injury": 0, "fatal": 0, "pedestrian": 0, "bicycle": 0, "density": 0.2, "year_range": "2016-2020"}}, {"type": "Feature", "geometry": {"type": "Point", "coordinates": [-108.45045, 35.482883]}, "properties": {"crashes": 1, "injury": 0, "fatal": 0, "pedestrian": 0, "bicycle": 0, "density": 0.2, "year_range": "2016-2020"}}, {"type": "Feature", "geometry": {"type": "Point", "coordinates": [-107.987387, 35.29009]}, "properties": {"crashes": 1, "injury": 0, "fatal": 0, "pedestrian": 0, "bicycle": 0, "density": 0.2, "year_range": "2016-2020"}}, {"type": "Feature", "geometry": {"type": "Point", "coordinates": [-107.144144, 34.978378]}, "properties": {"crashes": 1, "injury": 1, "fatal": 1, "pedestrian": 0, "bicycle": 0, "density": 0.2, "year_range": "2016-2020"}}, {"type": "Feature", "geometry": {"type": "Point", "coordinates": [-108.675676, 35.533333]}, "properties": {"crashes": 1, "injury": 0, "fatal": 0, "pedestrian": 0, "bicycle": 0, "density": 0.2, "year_range": "2016-2020"}}, {"type": "Feature", "geometry": {"type": "Point", "coordinates": [-106.906306, 35.041441]}, "properties": {"crashes": 1, "injury": 0, "fatal": 0, "pedestrian": 0, "bicycle": 0, "density": 0.2, "year_range": "2016-2020"}}, {"type": "Feature", "geometry": {"type": "Point", "coordinates": [-107.230631, 34.992793]}, "properties": {"crashes": 1, "injury": 0, "fatal": 0, "pedestrian": 0, "bicycle": 0, "density": 0.2, "year_range": "2016-2020"}}, {"type": "Feature", "geometry": {"type": "Point", "coordinates": [-107.987387, 35.284685]}, "properties": {"crashes": 1, "injury": 0, "fatal": 0, "pedestrian": 0, "bicycle": 0, "density": 0.2, "year_range": "2016-2020"}}, {"type": "Feature", "geometry": {"type": "Point", "coordinates": [-109.041441, 35.369369]}, "properties": {"crashes": 2, "injury": 0, "fatal": 0, "pedestrian": 0, "bicycle": 0, "density": 0.5, "year_range": "2016-2020"}}, {"type": "Feature", "geometry": {"type": "Point", "coordinates": [-106.969369, 35.027027]}, "properties": {"crashes": 1, "injury": 1, "fatal": 1, "pedestrian": 0, "bicycle": 0, "density": 0.2, "year_range": "2016-2020"}}, {"type": "Feature", "geometry": {"type": "Point", "coordinates": [-108.655856, 35.531532]}, "properties": {"crashes": 1, "injury": 0, "fatal": 0, "pedestrian": 0, "bicycle": 0, "density": 0.2, "year_range": "2016-2020"}}, {"type": "Feature", "geometry": {"type": "Point", "coordinates": [-108.030631, 35.354955]}, "properties": {"crashes": 1, "injury": 1, "fatal": 1, "pedestrian": 0, "bicycle": 0, "density": 0.2, "year_range": "2016-2020"}}, {"type": "Feature", "geometry": {"type": "Point", "coordinates": [-107.553153, 35.073874]}, "properties": {"crashes": 1, "injury": 0, "fatal": 0, "pedestrian": 0, "bicycle": 0, "density": 0.2, "year_range": "2016-2020"}}, {"type": "Feature", "geometry": {"type": "Point", "coordinates": [-106.924324, 35.036036]}, "properties": {"crashes": 1, "injury": 1, "fatal": 1, "pedestrian": 0, "bicycle": 0, "density": 0.2, "year_range": "2016-2020"}}, {"type": "Feature", "geometry": {"type": "Point", "coordinates": [-107.967568, 35.254054]}, "properties": {"crashes": 1, "injury": 1, "fatal": 2, "pedestrian": 0, "bicycle": 0, "density": 0.2, "year_range": "2016-2020"}}, {"type": "Feature", "geometry": {"type": "Point", "coordinates": [-108.917117, 35.479279]}, "properties": {"crashes": 1, "injury": 0, "fatal": 0, "pedestrian": 0, "bicycle": 0, "density": 0.2, "year_range": "2016-2020"}}, {"type": "Feature", "geometry": {"type": "Point", "coordinates": [-109.032432, 35.374775]}, "properties": {"crashes": 2, "injury": 0, "fatal": 0, "pedestrian": 0, "bicycle": 0, "density": 0.5, "year_range": "2016-2020"}}, {"type": "Feature", "geometry": {"type": "Point", "coordinates": [-108.996396, 35.410811]}, "properties": {"crashes": 1, "injury": 0, "fatal": 0, "pedestrian": 0, "bicycle": 0, "density": 0.2, "year_range": "2016-2020"}}, {"type": "Feature", "geometry": {"type": "Point", "coordinates": [-107.666667, 35.072072]}, "properties": {"crashes": 1, "injury": 0, "fatal": 0, "pedestrian": 0, "bicycle": 0, "density": 0.2, "year_range": "2016-2020"}}, {"type": "Feature", "geometry": {"type": "Point", "coordinates": [-108.963964, 35.437838]}, "properties": {"crashes": 1, "injury": 0, "fatal": 0, "pedestrian": 0, "bicycle": 0, "density": 0.2, "year_range": "2016-2020"}}, {"type": "Feature", "geometry": {"type": "Point", "coordinates": [-108.933333, 35.47027]}, "properties": {"crashes": 1, "injury": 0, "fatal": 0, "pedestrian": 0, "bicycle": 0, "density": 0.2, "year_range": "2016-2020"}}, {"type": "Feature", "geometry": {"type": "Point", "coordinates": [-108.223423, 35.396396]}, "properties": {"crashes": 1, "injury": 0, "fatal": 0, "pedestrian": 0, "bicycle": 0, "density": 0.2, "year_range": "2016-2020"}}, {"type": "Feature", "geometry": {"type": "Point", "coordinates": [-108.863063, 35.495495]}, "properties": {"crashes": 1, "injury": 0, "fatal": 0, "pedestrian": 0, "bicycle": 0, "density": 0.2, "year_range": "2016-2020"}}, {"type": "Feature", "geometry": {"type": "Point", "coordinates": [-108.765766, 35.527928]}, "properties": {"crashes": 1, "injury": 0, "fatal": 0, "pedestrian": 0, "bicycle": 0, "density": 0.2, "year_range": "2016-2020"}}, {"type": "Feature", "geometry": {"type": "Point", "coordinates": [-108.76036, 35.527928]}, "properties": {"crashes": 2, "injury": 0, "fatal": 0, "pedestrian": 0, "bicycle": 0, "density": 0.5, "year_range": "2016-2020"}}, {"type": "Feature", "geometry": {"type": "Point", "coordinates": [-107.996396, 35.320721]}, "properties": {"crashes": 1, "injury": 0, "fatal": 0, "pedestrian": 0, "bicycle": 0, "density": 0.2, "year_range": "2016-2020"}}, {"type": "Feature", "geometry": {"type": "Point", "coordinates": [-108.751351, 35.527928]}, "properties": {"crashes": 1, "injury": 0, "fatal": 0, "pedestrian": 0, "bicycle": 0, "density": 0.2, "year_range": "2016-2020"}}, {"type": "Feature", "geometry": {"type": "Point", "coordinates": [-108.645045, 35.531532]}, "properties": {"crashes": 1, "injury": 0, "fatal": 0, "pedestrian": 0, "bicycle": 0, "density": 0.2, "year_range": "2016-2020"}}, {"type": "Feature", "geometry": {"type": "Point", "coordinates": [-108.567568, 35.518919]}, "properties": {"crashes": 2, "injury": 1, "fatal": 1, "pedestrian": 0, "bicycle": 0, "density": 0.5, "year_range": "2016-2020"}}, {"type": "Feature", "geometry": {"type": "Point", "coordinates": [-108.506306, 35.497297]}, "properties": {"crashes": 1, "injury": 0, "fatal": 0, "pedestrian": 0, "bicycle": 0, "density": 0.2, "year_range": "2016-2020"}}, {"type": "Feature", "geometry": {"type": "Point", "coordinates": [-108.475676, 35.488288]}, "properties": {"crashes": 1, "injury": 0, "fatal": 0, "pedestrian": 0, "bicycle": 0, "density": 0.2, "year_range": "2016-2020"}}, {"type": "Feature", "geometry": {"type": "Point", "coordinates": [-108.457658, 35.484685]}, "properties": {"crashes": 2, "injury": 0, "fatal": 0, "pedestrian": 0, "bicycle": 0, "density": 0.5, "year_range": "2016-2020"}}, {"type": "Feature", "geometry": {"type": "Point", "coordinates": [-108.436036, 35.479279]}, "properties": {"crashes": 1, "injury": 0, "fatal": 0, "pedestrian": 0, "bicycle": 0, "density": 0.2, "year_range": "2016-2020"}}, {"type": "Feature", "geometry": {"type": "Point", "coordinates": [-108.345946, 35.437838]}, "properties": {"crashes": 1, "injury": 0, "fatal": 0, "pedestrian": 0, "bicycle": 0, "density": 0.2, "year_range": "2016-2020"}}, {"type": "Feature", "geometry": {"type": "Point", "coordinates": [-108.063063, 35.367568]}, "properties": {"crashes": 1, "injury": 0, "fatal": 0, "pedestrian": 0, "bicycle": 0, "density": 0.2, "year_range": "2016-2020"}}, {"type": "Feature", "geometry": {"type": "Point", "coordinates": [-107.931532, 35.216216]}, "properties": {"crashes": 1, "injury": 0, "fatal": 0, "pedestrian": 0, "bicycle": 0, "density": 0.2, "year_range": "2016-2020"}}, {"type": "Feature", "geometry": {"type": "Point", "coordinates": [-107.920721, 35.203604]}, "properties": {"crashes": 1, "injury": 0, "fatal": 0, "pedestrian": 0, "bicycle": 0, "density": 0.2, "year_range": "2016-2020"}}, {"type": "Feature", "geometry": {"type": "Point", "coordinates": [-107.90991, 35.194595]}, "properties": {"crashes": 1, "injury": 0, "fatal": 0, "pedestrian": 0, "bicycle": 0, "density": 0.2, "year_range": "2016-2020"}}, {"type": "Feature", "geometry": {"type": "Point", "coordinates": [-107.882883, 35.158559]}, "properties": {"crashes": 2, "injury": 1, "fatal": 2, "pedestrian": 0, "bicycle": 0, "density": 0.5, "year_range": "2016-2020"}}, {"type": "Feature", "geometry": {"type": "Point", "coordinates": [-107.845045, 35.135135]}, "properties": {"crashes": 1, "injury": 1, "fatal": 0, "pedestrian": 0, "bicycle": 0, "density": 0.2, "year_range": "2016-2020"}}, {"type": "Feature", "geometry": {"type": "Point", "coordinates": [-107.790991, 35.097297]}, "properties": {"crashes": 1, "injury": 0, "fatal": 0, "pedestrian": 0, "bicycle": 0, "density": 0.2, "year_range": "2016-2020"}}, {"type": "Feature", "geometry": {"type": "Point", "coordinates": [-107.733333, 35.066667]}, "properties": {"crashes": 1, "injury": 0, "fatal": 0, "pedestrian": 0, "bicycle": 0, "density": 0.2, "year_range": "2016-2020"}}, {"type": "Feature", "geometry": {"type": "Point", "coordinates": [-107.708108, 35.063063]}, "properties": {"crashes": 1, "injury": 0, "fatal": 0, "pedestrian": 0, "bicycle": 0, "density": 0.2, "year_range": "2016-2020"}}, {"type": "Feature", "geometry": {"type": "Point", "coordinates": [-107.655856, 35.075676]}, "properties": {"crashes": 2, "injury": 0, "fatal": 0, "pedestrian": 0, "bicycle": 0, "density": 0.5, "year_range": "2016-2020"}}, {"type": "Feature", "geometry": {"type": "Point", "coordinates": [-107.614414, 35.075676]}, "properties": {"crashes": 1, "injury": 0, "fatal": 0, "pedestrian": 0, "bicycle": 0, "density": 0.2, "year_range": "2016-2020"}}, {"type": "Feature", "geometry": {"type": "Point", "coordinates": [-107.526126, 35.064865]}, "properties": {"crashes": 2, "injury": 0, "fatal": 0, "pedestrian": 0, "bicycle": 0, "density": 0.5, "year_range": "2016-2020"}}, {"type": "Feature", "geometry": {"type": "Point", "coordinates": [-107.427027, 35.027027]}, "properties": {"crashes": 1, "injury": 0, "fatal": 0, "pedestrian": 0, "bicycle": 0, "density": 0.2, "year_range": "2016-2020"}}, {"type": "Feature", "geometry": {"type": "Point", "coordinates": [-107.392793, 35.027027]}, "properties": {"crashes": 1, "injury": 0, "fatal": 0, "pedestrian": 0, "bicycle": 0, "density": 0.2, "year_range": "2016-2020"}}, {"type": "Feature", "geometry": {"type": "Point", "coordinates": [-107.36036, 35.037838]}, "properties": {"crashes": 2, "injury": 0, "fatal": 0, "pedestrian": 0, "bicycle": 0, "density": 0.5, "year_range": "2016-2020"}}, {"type": "Feature", "geometry": {"type": "Point", "coordinates": [-107.358559, 35.037838]}, "properties": {"crashes": 2, "injury": 0, "fatal": 0, "pedestrian": 0, "bicycle": 0, "density": 0.5, "year_range": "2016-2020"}}, {"type": "Feature", "geometry": {"type": "Point", "coordinates": [-107.34955, 35.036036]}, "properties": {"crashes": 2, "injury": 0, "fatal": 0, "pedestrian": 0, "bicycle": 0, "density": 0.5, "year_range": "2016-2020"}}, {"type": "Feature", "geometry": {"type": "Point", "coordinates": [-107.335135, 35.027027]}, "properties": {"crashes": 1, "injury": 0, "fatal": 0, "pedestrian": 0, "bicycle": 0, "density": 0.2, "year_range": "2016-2020"}}, {"type": "Feature", "geometry": {"type": "Point", "coordinates": [-107.320721, 35.010811]}, "properties": {"crashes": 1, "injury": 0, "fatal": 0, "pedestrian": 0, "bicycle": 0, "density": 0.2, "year_range": "2016-2020"}}, {"type": "Feature", "geometry": {"type": "Point", "coordinates": [-107.302703, 34.996396]}, "properties": {"crashes": 1, "injury": 0, "fatal": 0, "pedestrian": 0, "bicycle": 0, "density": 0.2, "year_range": "2016-2020"}}, {"type": "Feature", "geometry": {"type": "Point", "coordinates": [-107.266667, 34.992793]}, "properties": {"crashes": 1, "injury": 0, "fatal": 0, "pedestrian": 0, "bicycle": 0, "density": 0.2, "year_range": "2016-2020"}}, {"type": "Feature", "geometry": {"type": "Point", "coordinates": [-107.205405, 34.989189]}, "properties": {"crashes": 1, "injury": 0, "fatal": 0, "pedestrian": 0, "bicycle": 0, "density": 0.2, "year_range": "2016-2020"}}, {"type": "Feature", "geometry": {"type": "Point", "coordinates": [-106.938739, 35.034234]}, "properties": {"crashes": 1, "injury": 0, "fatal": 0, "pedestrian": 0, "bicycle": 0, "density": 0.2, "year_range": "2016-2020"}}, {"type": "Feature", "geometry": {"type": "Point", "coordinates": [-106.915315, 35.03964]}, "properties": {"crashes": 2, "injury": 1, "fatal": 1, "pedestrian": 0, "bicycle": 0, "density": 0.5, "year_range": "2016-2020"}}, {"type": "Feature", "geometry": {"type": "Point", "coordinates": [-106.922523, 35.037838]}, "properties": {"crashes": 1, "injury": 0, "fatal": 0, "pedestrian": 0, "bicycle": 0, "density": 0.2, "year_range": "2016-2020"}}, {"type": "Feature", "geometry": {"type": "Point", "coordinates": [-108.718919, 35.533333]}, "properties": {"crashes": 1, "injury": 1, "fatal": 0, "pedestrian": 0, "bicycle": 0, "density": 0.2, "year_range": "2016-2020"}}, {"type": "Feature", "geometry": {"type": "Point", "coordinates": [-107.407207, 35.027027]}, "properties": {"crashes": 2, "injury": 2, "fatal": 2, "pedestrian": 0, "bicycle": 0, "density": 0.5, "year_range": "2016-2020"}}, {"type": "Feature", "geometry": {"type": "Point", "coordinates": [-107.333333, 35.025225]}, "properties": {"crashes": 1, "injury": 0, "fatal": 0, "pedestrian": 0, "bicycle": 0, "density": 0.2, "year_range": "2016-2020"}}, {"type": "Feature", "geometry": {"type": "Point", "coordinates": [-107.787387, 35.095495]}, "properties": {"crashes": 1, "injury": 0, "fatal": 0, "pedestrian": 0, "bicycle": 0, "density": 0.2, "year_range": "2016-2020"}}, {"type": "Feature", "geometry": {"type": "Point", "coordinates": [-107.900901, 35.176577]}, "properties": {"crashes": 1, "injury": 0, "fatal": 0, "pedestrian": 0, "bicycle": 0, "density": 0.2, "year_range": "2016-2020"}}, {"type": "Feature", "geometry": {"type": "Point", "coordinates": [-108.381982, 35.454054]}, "properties": {"crashes": 2, "injury": 0, "fatal": 0, "pedestrian": 0, "bicycle": 0, "density": 0.5, "year_range": "2016-2020"}}, {"type": "Feature", "geometry": {"type": "Point", "coordinates": [-108.691892, 35.533333]}, "properties": {"crashes": 1, "injury": 0, "fatal": 0, "pedestrian": 0, "bicycle": 0, "density": 0.2, "year_range": "2016-2020"}}, {"type": "Feature", "geometry": {"type": "Point", "coordinates": [-108.551351, 35.515315]}, "properties": {"crashes": 1, "injury": 0, "fatal": 0, "pedestrian": 0, "bicycle": 0, "density": 0.2, "year_range": "2016-2020"}}, {"type": "Feature", "geometry": {"type": "Point", "coordinates": [-107.477477, 35.036036]}, "properties": {"crashes": 1, "injury": 0, "fatal": 0, "pedestrian": 0, "bicycle": 0, "density": 0.2, "year_range": "2016-2020"}}, {"type": "Feature", "geometry": {"type": "Point", "coordinates": [-107.009009, 35.016216]}, "properties": {"crashes": 1, "injury": 0, "fatal": 0, "pedestrian": 0, "bicycle": 0, "density": 0.2, "year_range": "2016-2020"}}, {"type": "Feature", "geometry": {"type": "Point", "coordinates": [-107.818018, 35.117117]}, "properties": {"crashes": 3, "injury": 1, "fatal": 0, "pedestrian": 0, "bicycle": 0, "density": 0.8, "year_range": "2016-2020"}}, {"type": "Feature", "geometry": {"type": "Point", "coordinates": [-107.940541, 35.225225]}, "properties": {"crashes": 1, "injury": 0, "fatal": 0, "pedestrian": 0, "bicycle": 0, "density": 0.2, "year_range": "2016-2020"}}, {"type": "Feature", "geometry": {"type": "Point", "coordinates": [-107.308108, 35.001802]}, "properties": {"crashes": 1, "injury": 0, "fatal": 0, "pedestrian": 0, "bicycle": 0, "density": 0.2, "year_range": "2016-2020"}}, {"type": "Feature", "geometry": {"type": "Point", "coordinates": [-108.372973, 35.45045]}, "properties": {"crashes": 2, "injury": 0, "fatal": 0, "pedestrian": 0, "bicycle": 0, "density": 0.5, "year_range": "2016-2020"}}, {"type": "Feature", "geometry": {"type": "Point", "coordinates": [-107.207207, 34.989189]}, "properties": {"crashes": 1, "injury": 0, "fatal": 0, "pedestrian": 0, "bicycle": 0, "density": 0.2, "year_range": "2016-2020"}}, {"type": "Feature", "geometry": {"type": "Point", "coordinates": [-107.585586, 35.073874]}, "properties": {"crashes": 1, "injury": 0, "fatal": 0, "pedestrian": 0, "bicycle": 0, "density": 0.2, "year_range": "2016-2020"}}, {"type": "Feature", "geometry": {"type": "Point", "coordinates": [-107.308108, 35.0]}, "properties": {"crashes": 1, "injury": 0, "fatal": 0, "pedestrian": 0, "bicycle": 0, "density": 0.2, "year_range": "2016-2020"}}, {"type": "Feature", "geometry": {"type": "Point", "coordinates": [-108.781982, 35.522523]}, "properties": {"crashes": 2, "injury": 0, "fatal": 0, "pedestrian": 0, "bicycle": 0, "density": 0.5, "year_range": "2016-2020"}}, {"type": "Feature", "geometry": {"type": "Point", "coordinates": [-108.504505, 35.497297]}, "properties": {"crashes": 1, "injury": 0, "fatal": 0, "pedestrian": 0, "bicycle": 0, "density": 0.2, "year_range": "2016-2020"}}, {"type": "Feature", "geometry": {"type": "Point", "coordinates": [-108.544144, 35.511712]}, "properties": {"crashes": 2, "injury": 0, "fatal": 0, "pedestrian": 0, "bicycle": 0, "density": 0.5, "year_range": "2016-2020"}}, {"type": "Feature", "geometry": {"type": "Point", "coordinates": [-108.162162, 35.387387]}, "properties": {"crashes": 1, "injury": 0, "fatal": 0, "pedestrian": 0, "bicycle": 0, "density": 0.2, "year_range": "2016-2020"}}, {"type": "Feature", "geometry": {"type": "Point", "coordinates": [-108.922523, 35.475676]}, "properties": {"crashes": 1, "injury": 0, "fatal": 0, "pedestrian": 0, "bicycle": 0, "density": 0.2, "year_range": "2016-2020"}}, {"type": "Feature", "geometry": {"type": "Point", "coordinates": [-108.727928, 35.533333]}, "properties": {"crashes": 1, "injury": 0, "fatal": 0, "pedestrian": 0, "bicycle": 0, "density": 0.2, "year_range": "2016-2020"}}, {"type": "Feature", "geometry": {"type": "Point", "coordinates": [-108.277477, 35.407207]}, "properties": {"crashes": 1, "injury": 0, "fatal": 0, "pedestrian": 0, "bicycle": 0, "density": 0.2, "year_range": "2016-2020"}}, {"type": "Feature", "geometry": {"type": "Point", "coordinates": [-107.547748, 35.073874]}, "properties": {"crashes": 2, "injury": 0, "fatal": 0, "pedestrian": 0, "bicycle": 0, "density": 0.5, "year_range": "2016-2020"}}, {"type": "Feature", "geometry": {"type": "Point", "coordinates": [-107.131532, 34.978378]}, "properties": {"crashes": 1, "injury": 0, "fatal": 0, "pedestrian": 0, "bicycle": 0, "density": 0.2, "year_range": "2016-2020"}}, {"type": "Feature", "geometry": {"type": "Point", "coordinates": [-107.077477, 34.994595]}, "properties": {"crashes": 1, "injury": 0, "fatal": 0, "pedestrian": 0, "bicycle": 0, "density": 0.2, "year_range": "2016-2020"}}, {"type": "Feature", "geometry": {"type": "Point", "coordinates": [-107.172973, 34.983784]}, "properties": {"crashes": 1, "injury": 0, "fatal": 0, "pedestrian": 0, "bicycle": 0, "density": 0.2, "year_range": "2016-2020"}}, {"type": "Feature", "geometry": {"type": "Point", "coordinates": [-107.423423, 35.027027]}, "properties": {"crashes": 2, "injury": 1, "fatal": 0, "pedestrian": 0, "bicycle": 0, "density": 0.5, "year_range": "2016-2020"}}, {"type": "Feature", "geometry": {"type": "Point", "coordinates": [-107.491892, 35.03964]}, "properties": {"crashes": 1, "injury": 1, "fatal": 0, "pedestrian": 0, "bicycle": 0, "density": 0.2, "year_range": "2016-2020"}}, {"type": "Feature", "geometry": {"type": "Point", "coordinates": [-108.563964, 35.518919]}, "properties": {"crashes": 3, "injury": 1, "fatal": 0, "pedestrian": 0, "bicycle": 0, "density": 0.8, "year_range": "2016-2020"}}, {"type": "Feature", "geometry": {"type": "Point", "coordinates": [-108.646847, 35.533333]}, "properties": {"crashes": 1, "injury": 0, "fatal": 0, "pedestrian": 0, "bicycle": 0, "density": 0.2, "year_range": "2016-2020"}}, {"type": "Feature", "geometry": {"type": "Point", "coordinates": [-107.956757, 35.243243]}, "properties": {"crashes": 2, "injury": 0, "fatal": 0, "pedestrian": 0, "bicycle": 0, "density": 0.5, "year_range": "2016-2020"}}, {"type": "Feature", "geometry": {"type": "Point", "coordinates": [-107.895495, 35.165766]}, "properties": {"crashes": 1, "injury": 0, "fatal": 0, "pedestrian": 0, "bicycle": 0, "density": 0.2, "year_range": "2016-2020"}}, {"type": "Feature", "geometry": {"type": "Point", "coordinates": [-106.794595, 35.063063]}, "properties": {"crashes": 1, "injury": 0, "fatal": 0, "pedestrian": 0, "bicycle": 0, "density": 0.2, "year_range": "2016-2020"}}, {"type": "Feature", "geometry": {"type": "Point", "coordinates": [-107.864865, 35.14955]}, "properties": {"crashes": 1, "injury": 1, "fatal": 1, "pedestrian": 0, "bicycle": 0, "density": 0.2, "year_range": "2016-2020"}}, {"type": "Feature", "geometry": {"type": "Point", "coordinates": [-108.882883, 35.491892]}, "properties": {"crashes": 1, "injury": 1, "fatal": 1, "pedestrian": 0, "bicycle": 0, "density": 0.2, "year_range": "2016-2020"}}, {"type": "Feature", "geometry": {"type": "Point", "coordinates": [-109.023423, 35.378378]}, "properties": {"crashes": 1, "injury": 0, "fatal": 0, "pedestrian": 0, "bicycle": 0, "density": 0.2, "year_range": "2016-2020"}}, {"type": "Feature", "geometry": {"type": "Point", "coordinates": [-109.025225, 35.378378]}, "properties": {"crashes": 1, "injury": 0, "fatal": 0, "pedestrian": 0, "bicycle": 0, "density": 0.2, "year_range": "2016-2020"}}, {"type": "Feature", "geometry": {"type": "Point", "coordinates": [-109.007207, 35.396396]}, "properties": {"crashes": 1, "injury": 0, "fatal": 0, "pedestrian": 0, "bicycle": 0, "density": 0.2, "year_range": "2016-2020"}}, {"type": "Feature", "geometry": {"type": "Point", "coordinates": [-108.962162, 35.43964]}, "properties": {"crashes": 1, "injury": 0, "fatal": 0, "pedestrian": 0, "bicycle": 0, "density": 0.2, "year_range": "2016-2020"}}, {"type": "Feature", "geometry": {"type": "Point", "coordinates": [-108.951351, 35.452252]}, "properties": {"crashes": 2, "injury": 0, "fatal": 0, "pedestrian": 0, "bicycle": 0, "density": 0.5, "year_range": "2016-2020"}}, {"type": "Feature", "geometry": {"type": "Point", "coordinates": [-108.935135, 35.466667]}, "properties": {"crashes": 1, "injury": 1, "fatal": 0, "pedestrian": 0, "bicycle": 0, "density": 0.2, "year_range": "2016-2020"}}, {"type": "Feature", "geometry": {"type": "Point", "coordinates": [-108.89009, 35.49009]}, "properties": {"crashes": 1, "injury": 0, "fatal": 0, "pedestrian": 0, "bicycle": 0, "density": 0.2, "year_range": "2016-2020"}}, {"type": "Feature", "geometry": {"type": "Point", "coordinates": [-108.864865, 35.495495]}, "properties": {"crashes": 1, "injury": 0, "fatal": 0, "pedestrian": 0, "bicycle": 0, "density": 0.2, "year_range": "2016-2020"}}, {"type": "Feature", "geometry": {"type": "Point", "coordinates": [-108.843243, 35.499099]}, "properties": {"crashes": 1, "injury": 0, "fatal": 0, "pedestrian": 0, "bicycle": 0, "density": 0.2, "year_range": "2016-2020"}}, {"type": "Feature", "geometry": {"type": "Point", "coordinates": [-108.841441, 35.499099]}, "properties": {"crashes": 1, "injury": 0, "fatal": 0, "pedestrian": 0, "bicycle": 0, "density": 0.2, "year_range": "2016-2020"}}, {"type": "Feature", "geometry": {"type": "Point", "coordinates": [-108.803604, 35.513514]}, "properties": {"crashes": 1, "injury": 0, "fatal": 0, "pedestrian": 0, "bicycle": 0, "density": 0.2, "year_range": "2016-2020"}}, {"type": "Feature", "geometry": {"type": "Point", "coordinates": [-108.769369, 35.526126]}, "properties": {"crashes": 2, "injury": 0, "fatal": 0, "pedestrian": 0, "bicycle": 0, "density": 0.5, "year_range": "2016-2020"}}, {"type": "Feature", "geometry": {"type": "Point", "coordinates": [-108.679279, 35.535135]}, "properties": {"crashes": 1, "injury": 0, "fatal": 0, "pedestrian": 0, "bicycle": 0, "density": 0.2, "year_range": "2016-2020"}}, {"type": "Feature", "geometry": {"type": "Point", "coordinates": [-108.641441, 35.531532]}, "properties": {"crashes": 1, "injury": 0, "fatal": 0, "pedestrian": 0, "bicycle": 0, "density": 0.2, "year_range": "2016-2020"}}, {"type": "Feature", "geometry": {"type": "Point", "coordinates": [-108.628829, 35.531532]}, "properties": {"crashes": 1, "injury": 0, "fatal": 0, "pedestrian": 0, "bicycle": 0, "density": 0.2, "year_range": "2016-2020"}}, {"type": "Feature", "geometry": {"type": "Point", "coordinates": [-108.545946, 35.513514]}, "properties": {"crashes": 1, "injury": 0, "fatal": 0, "pedestrian": 0, "bicycle": 0, "density": 0.2, "year_range": "2016-2020"}}, {"type": "Feature", "geometry": {"type": "Point", "coordinates": [-108.506306, 35.499099]}, "properties": {"crashes": 1, "injury": 0, "fatal": 0, "pedestrian": 0, "bicycle": 0, "density": 0.2, "year_range": "2016-2020"}}, {"type": "Feature", "geometry": {"type": "Point", "coordinates": [-108.495495, 35.493694]}, "properties": {"crashes": 1, "injury": 0, "fatal": 0, "pedestrian": 0, "bicycle": 0, "density": 0.2, "year_range": "2016-2020"}}, {"type": "Feature", "geometry": {"type": "Point", "coordinates": [-108.369369, 35.448649]}, "properties": {"crashes": 1, "injury": 0, "fatal": 0, "pedestrian": 0, "bicycle": 0, "density": 0.2, "year_range": "2016-2020"}}, {"type": "Feature", "geometry": {"type": "Point", "coordinates": [-108.371171, 35.448649]}, "properties": {"crashes": 2, "injury": 0, "fatal": 0, "pedestrian": 0, "bicycle": 0, "density": 0.5, "year_range": "2016-2020"}}, {"type": "Feature", "geometry": {"type": "Point", "coordinates": [-108.326126, 35.430631]}, "properties": {"crashes": 1, "injury": 0, "fatal": 0, "pedestrian": 0, "bicycle": 0, "density": 0.2, "year_range": "2016-2020"}}, {"type": "Feature", "geometry": {"type": "Point", "coordinates": [-108.281081, 35.410811]}, "properties": {"crashes": 2, "injury": 0, "fatal": 0, "pedestrian": 0, "bicycle": 0, "density": 0.5, "year_range": "2016-2020"}}, {"type": "Feature", "geometry": {"type": "Point", "coordinates": [-108.266667, 35.405405]}, "properties": {"crashes": 1, "injury": 0, "fatal": 0, "pedestrian": 0, "bicycle": 0, "density": 0.2, "year_range": "2016-2020"}}, {"type": "Feature", "geometry": {"type": "Point", "coordinates": [-108.252252, 35.401802]}, "properties": {"crashes": 1, "injury": 0, "fatal": 0, "pedestrian": 0, "bicycle": 0, "density": 0.2, "year_range": "2016-2020"}}, {"type": "Feature", "geometry": {"type": "Point", "coordinates": [-108.163964, 35.389189]}, "properties": {"crashes": 1, "injury": 0, "fatal": 0, "pedestrian": 0, "bicycle": 0, "density": 0.2, "year_range": "2016-2020"}}, {"type": "Feature", "geometry": {"type": "Point", "coordinates": [-108.151351, 35.385586]}, "properties": {"crashes": 1, "injury": 0, "fatal": 0, "pedestrian": 0, "bicycle": 0, "density": 0.2, "year_range": "2016-2020"}}, {"type": "Feature", "geometry": {"type": "Point", "coordinates": [-108.138739, 35.385586]}, "properties": {"crashes": 2, "injury": 0, "fatal": 0, "pedestrian": 0, "bicycle": 0, "density": 0.5, "year_range": "2016-2020"}}, {"type": "Feature", "geometry": {"type": "Point", "coordinates": [-108.088288, 35.372973]}, "properties": {"crashes": 1, "injury": 0, "fatal": 0, "pedestrian": 0, "bicycle": 0, "density": 0.2, "year_range": "2016-2020"}}, {"type": "Feature", "geometry": {"type": "Point", "coordinates": [-108.005405, 35.338739]}, "properties": {"crashes": 1, "injury": 0, "fatal": 0, "pedestrian": 0, "bicycle": 0, "density": 0.2, "year_range": "2016-2020"}}, {"type": "Feature", "geometry": {"type": "Point", "coordinates": [-107.985586, 35.284685]}, "properties": {"crashes": 1, "injury": 0, "fatal": 0, "pedestrian": 0, "bicycle": 0, "density": 0.2, "year_range": "2016-2020"}}, {"type": "Feature", "geometry": {"type": "Point", "coordinates": [-107.985586, 35.286486]}, "properties": {"crashes": 1, "injury": 0, "fatal": 0, "pedestrian": 0, "bicycle": 0, "density": 0.2, "year_range": "2016-2020"}}, {"type": "Feature", "geometry": {"type": "Point", "coordinates": [-107.942342, 35.227027]}, "properties": {"crashes": 1, "injury": 0, "fatal": 0, "pedestrian": 0, "bicycle": 0, "density": 0.2, "year_range": "2016-2020"}}, {"type": "Feature", "geometry": {"type": "Point", "coordinates": [-107.810811, 35.111712]}, "properties": {"crashes": 1, "injury": 0, "fatal": 0, "pedestrian": 0, "bicycle": 0, "density": 0.2, "year_range": "2016-2020"}}, {"type": "Feature", "geometry": {"type": "Point", "coordinates": [-107.794595, 35.100901]}, "properties": {"crashes": 1, "injury": 0, "fatal": 0, "pedestrian": 0, "bicycle": 0, "density": 0.2, "year_range": "2016-2020"}}, {"type": "Feature", "geometry": {"type": "Point", "coordinates": [-107.778378, 35.09009]}, "properties": {"crashes": 1, "injury": 0, "fatal": 0, "pedestrian": 0, "bicycle": 0, "density": 0.2, "year_range": "2016-2020"}}, {"type": "Feature", "geometry": {"type": "Point", "coordinates": [-107.603604, 35.075676]}, "properties": {"crashes": 1, "injury": 0, "fatal": 0, "pedestrian": 0, "bicycle": 0, "density": 0.2, "year_range": "2016-2020"}}, {"type": "Feature", "geometry": {"type": "Point", "coordinates": [-107.578378, 35.073874]}, "properties": {"crashes": 1, "injury": 0, "fatal": 0, "pedestrian": 0, "bicycle": 0, "density": 0.2, "year_range": "2016-2020"}}, {"type": "Feature", "geometry": {"type": "Point", "coordinates": [-107.504505, 35.045045]}, "properties": {"crashes": 1, "injury": 0, "fatal": 0, "pedestrian": 0, "bicycle": 0, "density": 0.2, "year_range": "2016-2020"}}, {"type": "Feature", "geometry": {"type": "Point", "coordinates": [-107.472072, 35.034234]}, "properties": {"crashes": 1, "injury": 0, "fatal": 0, "pedestrian": 0, "bicycle": 0, "density": 0.2, "year_range": "2016-2020"}}, {"type": "Feature", "geometry": {"type": "Point", "coordinates": [-107.437838, 35.027027]}, "properties": {"crashes": 1, "injury": 0, "fatal": 0, "pedestrian": 0, "bicycle": 0, "density": 0.2, "year_range": "2016-2020"}}, {"type": "Feature", "geometry": {"type": "Point", "coordinates": [-107.443243, 35.027027]}, "properties": {"crashes": 1, "injury": 0, "fatal": 0, "pedestrian": 0, "bicycle": 0, "density": 0.2, "year_range": "2016-2020"}}, {"type": "Feature", "geometry": {"type": "Point", "coordinates": [-107.340541, 35.032432]}, "properties": {"crashes": 1, "injury": 0, "fatal": 0, "pedestrian": 0, "bicycle": 0, "density": 0.2, "year_range": "2016-2020"}}, {"type": "Feature", "geometry": {"type": "Point", "coordinates": [-107.333333, 35.023423]}, "properties": {"crashes": 1, "injury": 0, "fatal": 0, "pedestrian": 0, "bicycle": 0, "density": 0.2, "year_range": "2016-2020"}}, {"type": "Feature", "geometry": {"type": "Point", "coordinates": [-107.318919, 35.010811]}, "properties": {"crashes": 1, "injury": 0, "fatal": 0, "pedestrian": 0, "bicycle": 0, "density": 0.2, "year_range": "2016-2020"}}, {"type": "Feature", "geometry": {"type": "Point", "coordinates": [-107.23964, 34.992793]}, "properties": {"crashes": 1, "injury": 1, "fatal": 0, "pedestrian": 0, "bicycle": 0, "density": 0.2, "year_range": "2016-2020"}}, {"type": "Feature", "geometry": {"type": "Point", "coordinates": [-107.212613, 34.989189]}, "properties": {"crashes": 1, "injury": 0, "fatal": 0, "pedestrian": 0, "bicycle": 0, "density": 0.2, "year_range": "2016-2020"}}, {"type": "Feature", "geometry": {"type": "Point", "coordinates": [-107.210811, 34.989189]}, "properties": {"crashes": 1, "injury": 0, "fatal": 0, "pedestrian": 0, "bicycle": 0, "density": 0.2, "year_range": "2016-2020"}}, {"type": "Feature", "geometry": {"type": "Point", "coordinates": [-107.201802, 34.989189]}, "properties": {"crashes": 1, "injury": 0, "fatal": 0, "pedestrian": 0, "bicycle": 0, "density": 0.2, "year_range": "2016-2020"}}, {"type": "Feature", "geometry": {"type": "Point", "coordinates": [-107.178378, 34.983784]}, "properties": {"crashes": 1, "injury": 0, "fatal": 0, "pedestrian": 0, "bicycle": 0, "density": 0.2, "year_range": "2016-2020"}}, {"type": "Feature", "geometry": {"type": "Point", "coordinates": [-107.079279, 34.994595]}, "properties": {"crashes": 1, "injury": 0, "fatal": 0, "pedestrian": 0, "bicycle": 0, "density": 0.2, "year_range": "2016-2020"}}, {"type": "Feature", "geometry": {"type": "Point", "coordinates": [-106.855856, 35.052252]}, "properties": {"crashes": 1, "injury": 0, "fatal": 0, "pedestrian": 0, "bicycle": 0, "density": 0.2, "year_range": "2016-2020"}}, {"type": "Feature", "geometry": {"type": "Point", "coordinates": [-106.812613, 35.057658]}, "properties": {"crashes": 1, "injury": 0, "fatal": 0, "pedestrian": 0, "bicycle": 0, "density": 0.2, "year_range": "2016-2020"}}, {"type": "Feature", "geometry": {"type": "Point", "coordinates": [-108.740541, 35.531532]}, "properties": {"crashes": 1, "injury": 0, "fatal": 0, "pedestrian": 0, "bicycle": 0, "density": 0.2, "year_range": "2016-2020"}}, {"type": "Feature", "geometry": {"type": "Point", "coordinates": [-109.005405, 35.4]}, "properties": {"crashes": 1, "injury": 0, "fatal": 0, "pedestrian": 0, "bicycle": 0, "density": 0.2, "year_range": "2016-2020"}}, {"type": "Feature", "geometry": {"type": "Point", "coordinates": [-107.945946, 35.232432]}, "properties": {"crashes": 1, "injury": 0, "fatal": 0, "pedestrian": 0, "bicycle": 0, "density": 0.2, "year_range": "2016-2020"}}, {"type": "Feature", "geometry": {"type": "Point", "coordinates": [-107.727928, 35.066667]}, "properties": {"crashes": 1, "injury": 0, "fatal": 0, "pedestrian": 0, "bicycle": 0, "density": 0.2, "year_range": "2016-2020"}}, {"type": "Feature", "geometry": {"type": "Point", "coordinates": [-108.216216, 35.394595]}, "properties": {"crashes": 1, "injury": 0, "fatal": 0, "pedestrian": 0, "bicycle": 0, "density": 0.2, "year_range": "2016-2020"}}, {"type": "Feature", "geometry": {"type": "Point", "coordinates": [-108.028829, 35.353153]}, "properties": {"crashes": 1, "injury": 0, "fatal": 0, "pedestrian": 0, "bicycle": 0, "density": 0.2, "year_range": "2016-2020"}}, {"type": "Feature", "geometry": {"type": "Point", "coordinates": [-107.888288, 35.16036]}, "properties": {"crashes": 1, "injury": 0, "fatal": 0, "pedestrian": 0, "bicycle": 0, "density": 0.2, "year_range": "2016-2020"}}, {"type": "Feature", "geometry": {"type": "Point", "coordinates": [-108.418018, 35.473874]}, "properties": {"crashes": 1, "injury": 0, "fatal": 0, "pedestrian": 0, "bicycle": 0, "density": 0.2, "year_range": "2016-2020"}}, {"type": "Feature", "geometry": {"type": "Point", "coordinates": [-108.810811, 35.513514]}, "properties": {"crashes": 1, "injury": 0, "fatal": 0, "pedestrian": 0, "bicycle": 0, "density": 0.2, "year_range": "2016-2020"}}, {"type": "Feature", "geometry": {"type": "Point", "coordinates": [-108.693694, 35.533333]}, "properties": {"crashes": 1, "injury": 0, "fatal": 0, "pedestrian": 0, "bicycle": 0, "density": 0.2, "year_range": "2016-2020"}}, {"type": "Feature", "geometry": {"type": "Point", "coordinates": [-108.625225, 35.531532]}, "properties": {"crashes": 1, "injury": 0, "fatal": 0, "pedestrian": 0, "bicycle": 0, "density": 0.2, "year_range": "2016-2020"}}, {"type": "Feature", "geometry": {"type": "Point", "coordinates": [-106.908108, 35.041441]}, "properties": {"crashes": 1, "injury": 0, "fatal": 0, "pedestrian": 0, "bicycle": 0, "density": 0.2, "year_range": "2016-2020"}}, {"type": "Feature", "geometry": {"type": "Point", "coordinates": [-107.32973, 35.018018]}, "properties": {"crashes": 1, "injury": 0, "fatal": 0, "pedestrian": 0, "bicycle": 0, "density": 0.2, "year_range": "2016-2020"}}, {"type": "Feature", "geometry": {"type": "Point", "coordinates": [-107.113514, 34.983784]}, "properties": {"crashes": 2, "injury": 0, "fatal": 0, "pedestrian": 0, "bicycle": 0, "density": 0.5, "year_range": "2016-2020"}}, {"type": "Feature", "geometry": {"type": "Point", "coordinates": [-107.801802, 35.106306]}, "properties": {"crashes": 2, "injury": 0, "fatal": 0, "pedestrian": 0, "bicycle": 0, "density": 0.5, "year_range": "2016-2020"}}, {"type": "Feature", "geometry": {"type": "Point", "coordinates": [-107.010811, 35.016216]}, "properties": {"crashes": 1, "injury": 0, "fatal": 0, "pedestrian": 0, "bicycle": 0, "density": 0.2, "year_range": "2016-2020"}}, {"type": "Feature", "geometry": {"type": "Point", "coordinates": [-108.347748, 35.43964]}, "properties": {"crashes": 1, "injury": 0, "fatal": 0, "pedestrian": 0, "bicycle": 0, "density": 0.2, "year_range": "2016-2020"}}, {"type": "Feature", "geometry": {"type": "Point", "coordinates": [-108.362162, 35.445045]}, "properties": {"crashes": 1, "injury": 0, "fatal": 0, "pedestrian": 0, "bicycle": 0, "density": 0.2, "year_range": "2016-2020"}}, {"type": "Feature", "geometry": {"type": "Point", "coordinates": [-106.792793, 35.063063]}, "properties": {"crashes": 2, "injury": 0, "fatal": 0, "pedestrian": 0, "bicycle": 0, "density": 0.5, "year_range": "2016-2020"}}, {"type": "Feature", "geometry": {"type": "Point", "coordinates": [-108.81982, 35.513514]}, "properties": {"crashes": 1, "injury": 0, "fatal": 0, "pedestrian": 0, "bicycle": 0, "density": 0.2, "year_range": "2016-2020"}}, {"type": "Feature", "geometry": {"type": "Point", "coordinates": [-108.598198, 35.527928]}, "properties": {"crashes": 1, "injury": 0, "fatal": 0, "pedestrian": 0, "bicycle": 0, "density": 0.2, "year_range": "2016-2020"}}, {"type": "Feature", "geometry": {"type": "Point", "coordinates": [-108.589189, 35.526126]}, "properties": {"crashes": 1, "injury": 0, "fatal": 0, "pedestrian": 0, "bicycle": 0, "density": 0.2, "year_range": "2016-2020"}}, {"type": "Feature", "geometry": {"type": "Point", "coordinates": [-108.499099, 35.495495]}, "properties": {"crashes": 2, "injury": 0, "fatal": 0, "pedestrian": 0, "bicycle": 0, "density": 0.5, "year_range": "2016-2020"}}, {"type": "Feature", "geometry": {"type": "Point", "coordinates": [-108.445045, 35.482883]}, "properties": {"crashes": 1, "injury": 0, "fatal": 0, "pedestrian": 0, "bicycle": 0, "density": 0.2, "year_range": "2016-2020"}}, {"type": "Feature", "geometry": {"type": "Point", "coordinates": [-108.430631, 35.479279]}, "properties": {"crashes": 1, "injury": 0, "fatal": 0, "pedestrian": 0, "bicycle": 0, "density": 0.2, "year_range": "2016-2020"}}, {"type": "Feature", "geometry": {"type": "Point", "coordinates": [-108.398198, 35.461261]}, "properties": {"crashes": 1, "injury": 0, "fatal": 0, "pedestrian": 0, "bicycle": 0, "density": 0.2, "year_range": "2016-2020"}}, {"type": "Feature", "geometry": {"type": "Point", "coordinates": [-108.304505, 35.41982]}, "properties": {"crashes": 1, "injury": 0, "fatal": 0, "pedestrian": 0, "bicycle": 0, "density": 0.2, "year_range": "2016-2020"}}, {"type": "Feature", "geometry": {"type": "Point", "coordinates": [-108.313514, 35.423423]}, "properties": {"crashes": 1, "injury": 0, "fatal": 0, "pedestrian": 0, "bicycle": 0, "density": 0.2, "year_range": "2016-2020"}}, {"type": "Feature", "geometry": {"type": "Point", "coordinates": [-108.313514, 35.425225]}, "properties": {"crashes": 1, "injury": 0, "fatal": 0, "pedestrian": 0, "bicycle": 0, "density": 0.2, "year_range": "2016-2020"}}, {"type": "Feature", "geometry": {"type": "Point", "coordinates": [-108.300901, 35.418018]}, "properties": {"crashes": 1, "injury": 0, "fatal": 0, "pedestrian": 0, "bicycle": 0, "density": 0.2, "year_range": "2016-2020"}}, {"type": "Feature", "geometry": {"type": "Point", "coordinates": [-108.108108, 35.376577]}, "properties": {"crashes": 1, "injury": 0, "fatal": 0, "pedestrian": 0, "bicycle": 0, "density": 0.2, "year_range": "2016-2020"}}, {"type": "Feature", "geometry": {"type": "Point", "coordinates": [-108.048649, 35.362162]}, "properties": {"crashes": 1, "injury": 0, "fatal": 0, "pedestrian": 0, "bicycle": 0, "density": 0.2, "year_range": "2016-2020"}}, {"type": "Feature", "geometry": {"type": "Point", "coordinates": [-108.003604, 35.333333]}, "properties": {"crashes": 1, "injury": 0, "fatal": 0, "pedestrian": 0, "bicycle": 0, "density": 0.2, "year_range": "2016-2020"}}, {"type": "Feature", "geometry": {"type": "Point", "coordinates": [-108.003604, 35.336937]}, "properties": {"crashes": 1, "injury": 0, "fatal": 0, "pedestrian": 0, "bicycle": 0, "density": 0.2, "year_range": "2016-2020"}}, {"type": "Feature", "geometry": {"type": "Point", "coordinates": [-107.963964, 35.248649]}, "properties": {"crashes": 1, "injury": 0, "fatal": 0, "pedestrian": 0, "bicycle": 0, "density": 0.2, "year_range": "2016-2020"}}, {"type": "Feature", "geometry": {"type": "Point", "coordinates": [-107.965766, 35.252252]}, "properties": {"crashes": 1, "injury": 0, "fatal": 0, "pedestrian": 0, "bicycle": 0, "density": 0.2, "year_range": "2016-2020"}}, {"type": "Feature", "geometry": {"type": "Point", "coordinates": [-107.81982, 35.117117]}, "properties": {"crashes": 1, "injury": 0, "fatal": 0, "pedestrian": 0, "bicycle": 0, "density": 0.2, "year_range": "2016-2020"}}, {"type": "Feature", "geometry": {"type": "Point", "coordinates": [-107.801802, 35.104505]}, "properties": {"crashes": 1, "injury": 0, "fatal": 0, "pedestrian": 0, "bicycle": 0, "density": 0.2, "year_range": "2016-2020"}}, {"type": "Feature", "geometry": {"type": "Point", "coordinates": [-107.681081, 35.07027]}, "properties": {"crashes": 1, "injury": 0, "fatal": 0, "pedestrian": 0, "bicycle": 0, "density": 0.2, "year_range": "2016-2020"}}, {"type": "Feature", "geometry": {"type": "Point", "coordinates": [-107.551351, 35.073874]}, "properties": {"crashes": 1, "injury": 0, "fatal": 0, "pedestrian": 0, "bicycle": 0, "density": 0.2, "year_range": "2016-2020"}}, {"type": "Feature", "geometry": {"type": "Point", "coordinates": [-107.545946, 35.073874]}, "properties": {"crashes": 1, "injury": 0, "fatal": 0, "pedestrian": 0, "bicycle": 0, "density": 0.2, "year_range": "2016-2020"}}, {"type": "Feature", "geometry": {"type": "Point", "coordinates": [-107.493694, 35.03964]}, "properties": {"crashes": 1, "injury": 0, "fatal": 0, "pedestrian": 0, "bicycle": 0, "density": 0.2, "year_range": "2016-2020"}}, {"type": "Feature", "geometry": {"type": "Point", "coordinates": [-107.41982, 35.027027]}, "properties": {"crashes": 1, "injury": 0, "fatal": 0, "pedestrian": 0, "bicycle": 0, "density": 0.2, "year_range": "2016-2020"}}, {"type": "Feature", "geometry": {"type": "Point", "coordinates": [-107.412613, 35.027027]}, "properties": {"crashes": 1, "injury": 0, "fatal": 0, "pedestrian": 0, "bicycle": 0, "density": 0.2, "year_range": "2016-2020"}}, {"type": "Feature", "geometry": {"type": "Point", "coordinates": [-107.369369, 35.036036]}, "properties": {"crashes": 1, "injury": 0, "fatal": 0, "pedestrian": 0, "bicycle": 0, "density": 0.2, "year_range": "2016-2020"}}, {"type": "Feature", "geometry": {"type": "Point", "coordinates": [-107.326126, 35.014414]}, "properties": {"crashes": 1, "injury": 0, "fatal": 0, "pedestrian": 0, "bicycle": 0, "density": 0.2, "year_range": "2016-2020"}}, {"type": "Feature", "geometry": {"type": "Point", "coordinates": [-107.043243, 35.005405]}, "properties": {"crashes": 1, "injury": 0, "fatal": 0, "pedestrian": 0, "bicycle": 0, "density": 0.2, "year_range": "2016-2020"}}, {"type": "Feature", "geometry": {"type": "Point", "coordinates": [-106.98018, 35.025225]}, "properties": {"crashes": 1, "injury": 0, "fatal": 0, "pedestrian": 0, "bicycle": 0, "density": 0.2, "year_range": "2016-2020"}}, {"type": "Feature", "geometry": {"type": "Point", "coordinates": [-106.94955, 35.032432]}, "properties": {"crashes": 1, "injury": 0, "fatal": 0, "pedestrian": 0, "bicycle": 0, "density": 0.2, "year_range": "2016-2020"}}, {"type": "Feature", "geometry": {"type": "Point", "coordinates": [-106.789189, 35.064865]}, "properties": {"crashes": 1, "injury": 0, "fatal": 0, "pedestrian": 0, "bicycle": 0, "density": 0.2, "year_range": "2016-2020"}}, {"type": "Feature", "geometry": {"type": "Point", "coordinates": [-108.14955, 35.387387]}, "properties": {"crashes": 1, "injury": 0, "fatal": 0, "pedestrian": 0, "bicycle": 0, "density": 0.2, "year_range": "2016-2020"}}, {"type": "Feature", "geometry": {"type": "Point", "coordinates": [-107.974775, 35.259459]}, "properties": {"crashes": 1, "injury": 0, "fatal": 0, "pedestrian": 0, "bicycle": 0, "density": 0.2, "year_range": "2016-2020"}}, {"type": "Feature", "geometry": {"type": "Point", "coordinates": [-106.92973, 35.036036]}, "properties": {"crashes": 1, "injury": 0, "fatal": 0, "pedestrian": 0, "bicycle": 0, "density": 0.2, "year_range": "2016-2020"}}, {"type": "Feature", "geometry": {"type": "Point", "coordinates": [-107.879279, 35.156757]}, "properties": {"crashes": 1, "injury": 0, "fatal": 0, "pedestrian": 0, "bicycle": 0, "density": 0.2, "year_range": "2016-2020"}}, {"type": "Feature", "geometry": {"type": "Point", "coordinates": [-107.87027, 35.153153]}, "properties": {"crashes": 1, "injury": 0, "fatal": 0, "pedestrian": 0, "bicycle": 0, "density": 0.2, "year_range": "2016-2020"}}]}