{"type": "FeatureCollection", "features": [{"type": "Feature", "geometry": {"type": "Point", "coordinates": [-104.798198, 41.144144]}, "properties": {"crashes": 12, "injury": 0, "fatal": 0, "pedestrian": 0, "bicycle": 0, "density": 3.0, "year_range": "unknown"}}, {"type": "Feature", "geometry": {"type": "Point", "coordinates": [-104.76036, 41.185586]}, "properties": {"crashes": 2, "injury": 0, "fatal": 0, "pedestrian": 0, "bicycle": 0, "density": 0.5, "year_range": "unknown"}}, {"type": "Feature", "geometry": {"type": "Point", "coordinates": [-104.884685, 41.057658]}, "properties": {"crashes": 1, "injury": 0, "fatal": 0, "pedestrian": 0, "bicycle": 0, "density": 0.2, "year_range": "unknown"}}, {"type": "Feature", "geometry": {"type": "Point", "coordinates": [-104.828829, 41.102703]}, "properties": {"crashes": 6, "injury": 0, "fatal": 0, "pedestrian": 0, "bicycle": 0, "density": 1.5, "year_range": "unknown"}}, {"type": "Feature", "geometry": {"type": "Point", "coordinates": [-104.891892, 41.045045]}, "properties": {"crashes": 13, "injury": 0, "fatal": 0, "pedestrian": 0, "bicycle": 0, "density": 3.2, "year_range": "unknown"}}, {"type": "Feature", "geometry": {"type": "Point", "coordinates": [-104.8, 41.093694]}, "properties": {"crashes": 26, "injury": 0, "fatal": 0, "pedestrian": 0, "bicycle": 0, "density": 6.5, "year_range": "unknown"}}, {"type": "Feature", "geometry": {"type": "Point", "coordinates": [-104.807207, 41.16036]}, "properties": {"crashes": 17, "injury": 0, "fatal": 0, "pedestrian": 0, "bicycle": 0, "density": 4.2, "year_range": "unknown"}}, {"type": "Feature", "geometry": {"type": "Point", "coordinates": [-104.758559, 41.142342]}, "properties": {"crashes": 14, "injury": 0, "fatal": 0, "pedestrian": 0, "bicycle": 0, "density": 3.5, "year_range": "unknown"}}, {"type": "Feature", "geometry": {"type": "Point", "coordinates": [-104.818018, 41.136937]}, "properties": {"crashes": 14, "injury": 0, "fatal": 0, "pedestrian": 0, "bicycle": 0, "density": 3.5, "year_range": "unknown"}}, {"type": "Feature", "geometry": {"type": "Point", "coordinates": [-104.751351, 41.16036]}, "properties": {"crashes": 1, "injury": 0, "fatal": 0, "pedestrian": 0, "bicycle": 0, "density": 0.2, "year_range": "unknown"}}, {"type": "Feature", "geometry": {"type": "Point", "coordinates": [-104.787387, 41.041441]}, "properties": {"crashes": 2, "injury": 0, "fatal": 0, "pedestrian": 0, "bicycle": 0, "density": 0.5, "year_range": "unknown"}}, {"type": "Feature", "geometry": {"type": "Point", "coordinates": [-104.762162, 41.127928]}, "properties": {"crashes": 8, "injury": 0, "fatal": 0, "pedestrian": 0, "bicycle": 0, "density": 2.0, "year_range": "unknown"}}, {"type": "Feature", "geometry": {"type": "Point", "coordinates": [-104.827027, 41.158559]}, "properties": {"crashes": 5, "injury": 0, "fatal": 0, "pedestrian": 0, "bicycle": 0, "density": 1.2, "year_range": "unknown"}}, {"type": "Feature", "geometry": {"type": "Point", "coordinates": [-104.821622, 41.133333]}, "properties": {"crashes": 5, "injury": 0, "fatal": 0, "pedestrian": 0, "bicycle": 0, "density": 1.2, "year_range": "unknown"}}, {"type": "Feature", "geometry": {"type": "Point", "coordinates": [-104.827027, 41.147748]}, "properties": {"crashes": 2, "injury": 0, "fatal": 0, "pedestrian": 0, "bicycle": 0, "density": 0.5, "year_range": "unknown"}}, {"type": "Feature", "geometry": {"type": "Point", "coordinates": [-104.810811, 41.135135]}, "properties": {"crashes": 32, "injury": 0, "fatal": 0, "pedestrian": 0, "bicycle": 0, "density": 8.0, "year_range": "unknown"}}, {"type": "Feature", "geometry": {"type": "Point", "coordinates": [-104.83964, 41.21982]}, "properties": {"crashes": 1, "injury": 0, "fatal": 0, "pedestrian": 0, "bicycle": 0, "density": 0.2, "year_range": "unknown"}}, {"type": "Feature", "geometry": {"type": "Point", "coordinates": [-104.816216, 41.135135]}, "properties": {"crashes": 22, "injury": 0, "fatal": 0, "pedestrian": 0, "bicycle": 0, "density": 5.5, "year_range": "unknown"}}, {"type": "Feature", "geometry": {"type": "Point", "coordinates": [-104.825225, 41.163964]}, "properties": {"crashes": 10, "injury": 0, "fatal": 0, "pedestrian": 0, "bicycle": 0, "density": 2.5, "year_range": "unknown"}}, {"type": "Feature", "geometry": {"type": "Point", "coordinates": [-104.78018, 41.145946]}, "properties": {"crashes": 17, "injury": 0, "fatal": 0, "pedestrian": 0, "bicycle": 0, "density": 4.2, "year_range": "unknown"}}, {"type": "Feature", "geometry": {"type": "Point", "coordinates": [-104.767568, 41.145946]}, "properties": {"crashes": 8, "injury": 0, "fatal": 0, "pedestrian": 0, "bicycle": 0, "density": 2.0, "year_range": "unknown"}}, {"type": "Feature", "geometry": {"type": "Point", "coordinates": [-104.783784, 41.122523]}, "properties": {"crashes": 2, "injury": 0, "fatal": 0, "pedestrian": 0, "bicycle": 0, "density": 0.5, "year_range": "unknown"}}, {"type": "Feature", "geometry": {"type": "Point", "coordinates": [-104.704505, 41.136937]}, "properties": {"crashes": 3, "injury": 0, "fatal": 0, "pedestrian": 0, "bicycle": 0, "density": 0.8, "year_range": "unknown"}}, {"type": "Feature", "geometry": {"type": "Point", "coordinates": [-104.72973, 41.126126]}, "properties": {"crashes": 2, "injury": 0, "fatal": 0, "pedestrian": 0, "bicycle": 0, "density": 0.5, "year_range": "unknown"}}, {"type": "Feature", "geometry": {"type": "Point", "coordinates": [-104.695495, 41.140541]}, "properties": {"crashes": 3, "injury": 0, "fatal": 0, "pedestrian": 0, "bicycle": 0, "density": 0.8, "year_range": "unknown"}}, {"type": "Feature", "geometry": {"type": "Point", "coordinates": [-104.74955, 41.144144]}, "properties": {"crashes": 7, "injury": 0, "fatal": 0, "pedestrian": 0, "bicycle": 0, "density": 1.8, "year_range": "unknown"}}, {"type": "Feature", "geometry": {"type": "Point", "coordinates": [-104.796396, 41.16036]}, "properties": {"crashes": 44, "injury": 0, "fatal": 0, "pedestrian": 0, "bicycle": 0, "density": 11.0, "year_range": "unknown"}}, {"type": "Feature", "geometry": {"type": "Point", "coordinates": [-104.810811, 41.140541]}, "properties": {"crashes": 6, "injury": 0, "fatal": 0, "pedestrian": 0, "bicycle": 0, "density": 1.5, "year_range": "unknown"}}, {"type": "Feature", "geometry": {"type": "Point", "coordinates": [-104.762162, 41.144144]}, "properties": {"crashes": 3, "injury": 0, "fatal": 0, "pedestrian": 0, "bicycle": 0, "density": 0.8, "year_range": "unknown"}}, {"type": "Feature", "geometry": {"type": "Point", "coordinates": [-104.733333, 41.145946]}, "properties": {"crashes": 6, "injury": 0, "fatal": 0, "pedestrian": 0, "bicycle": 0, "density": 1.5, "year_range": "unknown"}}, {"type": "Feature", "geometry": {"type": "Point", "coordinates": [-104.785586, 41.16036]}, "properties": {"crashes": 88, "injury": 0, "fatal": 0, "pedestrian": 0, "bicycle": 0, "density": 22.0, "year_range": "unknown"}}, {"type": "Feature", "geometry": {"type": "Point", "coordinates": [-104.742342, 41.151351]}, "properties": {"crashes": 22, "injury": 0, "fatal": 0, "pedestrian": 0, "bicycle": 0, "density": 5.5, "year_range": "unknown"}}, {"type": "Feature", "geometry": {"type": "Point", "coordinates": [-104.794595, 41.12973]}, "properties": {"crashes": 17, "injury": 0, "fatal": 0, "pedestrian": 0, "bicycle": 0, "density": 4.2, "year_range": "unknown"}}, {"type": "Feature", "geometry": {"type": "Point", "coordinates": [-104.803604, 41.117117]}, "properties": {"crashes": 54, "injury": 0, "fatal": 0, "pedestrian": 0, "bicycle": 0, "density": 13.5, "year_range": "unknown"}}, {"type": "Feature", "geometry": {"type": "Point", "coordinates": [-104.778378, 41.136937]}, "properties": {"crashes": 3, "injury": 0, "fatal": 0, "pedestrian": 0, "bicycle": 0, "density": 0.8, "year_range": "unknown"}}, {"type": "Feature", "geometry": {"type": "Point", "coordinates": [-104.814414, 41.133333]}, "properties": {"crashes": 98, "injury": 0, "fatal": 0, "pedestrian": 0, "bicycle": 0, "density": 24.5, "year_range": "unknown"}}, {"type": "Feature", "geometry": {"type": "Point", "coordinates": [-104.832432, 41.140541]}, "properties": {"crashes": 4, "injury": 0, "fatal": 0, "pedestrian": 0, "bicycle": 0, "density": 1.0, "year_range": "unknown"}}, {"type": "Feature", "geometry": {"type": "Point", "coordinates": [-104.771171, 41.120721]}, "properties": {"crashes": 1, "injury": 0, "fatal": 0, "pedestrian": 0, "bicycle": 0, "density": 0.2, "year_range": "unknown"}}, {"type": "Feature", "geometry": {"type": "Point", "coordinates": [-104.767568, 41.153153]}, "properties": {"crashes": 1, "injury": 0, "fatal": 0, "pedestrian": 0, "bicycle": 0, "density": 0.2, "year_range": "unknown"}}, {"type": "Feature", "geometry": {"type": "Point", "coordinates": [-104.789189, 41.145946]}, "properties": {"crashes": 201, "injury": 0, "fatal": 0, "pedestrian": 0, "bicycle": 0, "density": 50.2, "year_range": "unknown"}}, {"type": "Feature", "geometry": {"type": "Point", "coordinates": [-104.796396, 41.138739]}, "properties": {"crashes": 4, "injury": 0, "fatal": 0, "pedestrian": 0, "bicycle": 0, "density": 1.0, "year_range": "unknown"}}, {"type": "Feature", "geometry": {"type": "Point", "coordinates": [-104.834234, 41.140541]}, "properties": {"crashes": 4, "injury": 0, "fatal": 0, "pedestrian": 0, "bicycle": 0, "density": 1.0, "year_range": "unknown"}}, {"type": "Feature", "geometry": {"type": "Point", "coordinates": [-104.807207, 41.077477]}, "properties": {"crashes": 2, "injury": 0, "fatal": 0, "pedestrian": 0, "bicycle": 0, "density": 0.5, "year_range": "unknown"}}, {"type": "Feature", "geometry": {"type": "Point", "coordinates": [-104.798198, 41.126126]}, "properties": {"crashes": 8, "injury": 0, "fatal": 0, "pedestrian": 0, "bicycle": 0, "density": 2.0, "year_range": "unknown"}}, {"type": "Feature", "geometry": {"type": "Point", "coordinates": [-104.740541, 41.124324]}, "properties": {"crashes": 1, "injury": 0, "fatal": 0, "pedestrian": 0, "bicycle": 0, "density": 0.2, "year_range": "unknown"}}, {"type": "Feature", "geometry": {"type": "Point", "coordinates": [-104.841441, 41.135135]}, "properties": {"crashes": 5, "injury": 0, "fatal": 0, "pedestrian": 0, "bicycle": 0, "density": 1.2, "year_range": "unknown"}}, {"type": "Feature", "geometry": {"type": "Point", "coordinates": [-104.76036, 41.153153]}, "properties": {"crashes": 5, "injury": 0, "fatal": 0, "pedestrian": 0, "bicycle": 0, "density": 1.2, "year_range": "unknown"}}, {"type": "Feature", "geometry": {"type": "Point", "coordinates": [-104.848649, 41.099099]}, "properties": {"crashes": 30, "injury": 0, "fatal": 0, "pedestrian": 0, "bicycle": 0, "density": 7.5, "year_range": "unknown"}}, {"type": "Feature", "geometry": {"type": "Point", "coordinates": [-104.763964, 41.131532]}, "properties": {"crashes": 1, "injury": 0, "fatal": 0, "pedestrian": 0, "bicycle": 0, "density": 0.2, "year_range": "unknown"}}, {"type": "Feature", "geometry": {"type": "Point", "coordinates": [-104.767568, 41.16036]}, "properties": {"crashes": 76, "injury": 0, "fatal": 0, "pedestrian": 0, "bicycle": 0, "density": 19.0, "year_range": "unknown"}}, {"type": "Feature", "geometry": {"type": "Point", "coordinates": [-104.828829, 41.174775]}, "properties": {"crashes": 26, "injury": 0, "fatal": 0, "pedestrian": 0, "bicycle": 0, "density": 6.5, "year_range": "unknown"}}, {"type": "Feature", "geometry": {"type": "Point", "coordinates": [-104.812613, 41.135135]}, "properties": {"crashes": 12, "injury": 0, "fatal": 0, "pedestrian": 0, "bicycle": 0, "density": 3.0, "year_range": "unknown"}}, {"type": "Feature", "geometry": {"type": "Point", "coordinates": [-104.794595, 41.16036]}, "properties": {"crashes": 37, "injury": 0, "fatal": 0, "pedestrian": 0, "bicycle": 0, "density": 9.2, "year_range": "unknown"}}, {"type": "Feature", "geometry": {"type": "Point", "coordinates": [-104.783784, 41.16036]}, "properties": {"crashes": 28, "injury": 0, "fatal": 0, "pedestrian": 0, "bicycle": 0, "density": 7.0, "year_range": "unknown"}}, {"type": "Feature", "geometry": {"type": "Point", "coordinates": [-105.030631, 41.102703]}, "properties": {"crashes": 6, "injury": 0, "fatal": 0, "pedestrian": 0, "bicycle": 0, "density": 1.5, "year_range": "unknown"}}, {"type": "Feature", "geometry": {"type": "Point", "coordinates": [-104.756757, 41.154955]}, "properties": {"crashes": 1, "injury": 0, "fatal": 0, "pedestrian": 0, "bicycle": 0, "density": 0.2, "year_range": "unknown"}}, {"type": "Feature", "geometry": {"type": "Point", "coordinates": [-104.762162, 41.142342]}, "properties": {"crashes": 29, "injury": 0, "fatal": 0, "pedestrian": 0, "bicycle": 0, "density": 7.2, "year_range": "unknown"}}, {"type": "Feature", "geometry": {"type": "Point", "coordinates": [-104.821622, 41.153153]}, "properties": {"crashes": 26, "injury": 0, "fatal": 0, "pedestrian": 0, "bicycle": 0, "density": 6.5, "year_range": "unknown"}}, {"type": "Feature", "geometry": {"type": "Point", "coordinates": [-104.83964, 41.122523]}, "properties": {"crashes": 8, "injury": 0, "fatal": 0, "pedestrian": 0, "bicycle": 0, "density": 2.0, "year_range": "unknown"}}, {"type": "Feature", "geometry": {"type": "Point", "coordinates": [-104.8, 41.16036]}, "properties": {"crashes": 22, "injury": 0, "fatal": 0, "pedestrian": 0, "bicycle": 0, "density": 5.5, "year_range": "unknown"}}, {"type": "Feature", "geometry": {"type": "Point", "coordinates": [-104.805405, 41.145946]}, "properties": {"crashes": 6, "injury": 0, "fatal": 0, "pedestrian": 0, "bicycle": 0, "density": 1.5, "year_range": "unknown"}}, {"type": "Feature", "geometry": {"type": "Point", "coordinates": [-104.790991, 41.16036]}, "properties": {"crashes": 49, "injury": 0, "fatal": 0, "pedestrian": 0, "bicycle": 0, "density": 12.2, "year_range": "unknown"}}, {"type": "Feature", "geometry": {"type": "Point", "coordinates": [-104.763964, 41.135135]}, "properties": {"crashes": 5, "injury": 0, "fatal": 0, "pedestrian": 0, "bicycle": 0, "density": 1.2, "year_range": "unknown"}}, {"type": "Feature", "geometry": {"type": "Point", "coordinates": [-104.809009, 41.124324]}, "properties": {"crashes": 10, "injury": 0, "fatal": 0, "pedestrian": 0, "bicycle": 0, "density": 2.5, "year_range": "unknown"}}, {"type": "Feature", "geometry": {"type": "Point", "coordinates": [-104.810811, 41.122523]}, "properties": {"crashes": 22, "injury": 0, "fatal": 0, "pedestrian": 0, "bicycle": 0, "density": 5.5, "year_range": "unknown"}}, {"type": "Feature", "geometry": {"type": "Point", "coordinates": [-104.836036, 41.183784]}, "properties": {"crashes": 9, "injury": 0, "fatal": 0, "pedestrian": 0, "bicycle": 0, "density": 2.2, "year_range": "unknown"}}, {"type": "Feature", "geometry": {"type": "Point", "coordinates": [-104.837838, 41.165766]}, "properties": {"crashes": 11, "injury": 0, "fatal": 0, "pedestrian": 0, "bicycle": 0, "density": 2.8, "year_range": "unknown"}}, {"type": "Feature", "geometry": {"type": "Point", "coordinates": [-104.828829, 41.18018]}, "properties": {"crashes": 3, "injury": 0, "fatal": 0, "pedestrian": 0, "bicycle": 0, "density": 0.8, "year_range": "unknown"}}, {"type": "Feature", "geometry": {"type": "Point", "coordinates": [-104.790991, 41.138739]}, "properties": {"crashes": 33, "injury": 0, "fatal": 0, "pedestrian": 0, "bicycle": 0, "density": 8.2, "year_range": "unknown"}}, {"type": "Feature", "geometry": {"type": "Point", "coordinates": [-104.769369, 41.136937]}, "properties": {"crashes": 12, "injury": 0, "fatal": 0, "pedestrian": 0, "bicycle": 0, "density": 3.0, "year_range": "unknown"}}, {"type": "Feature", "geometry": {"type": "Point", "coordinates": [-104.828829, 41.218018]}, "properties": {"crashes": 19, "injury": 0, "fatal": 0, "pedestrian": 0, "bicycle": 0, "density": 4.8, "year_range": "unknown"}}, {"type": "Feature", "geometry": {"type": "Point", "coordinates": [-104.830631, 41.145946]}, "properties": {"crashes": 23, "injury": 0, "fatal": 0, "pedestrian": 0, "bicycle": 0, "density": 5.8, "year_range": "unknown"}}, {"type": "Feature", "geometry": {"type": "Point", "coordinates": [-104.83964, 41.167568]}, "properties": {"crashes": 12, "injury": 0, "fatal": 0, "pedestrian": 0, "bicycle": 0, "density": 3.0, "year_range": "unknown"}}, {"type": "Feature", "geometry": {"type": "Point", "coordinates": [-104.843243, 41.136937]}, "properties": {"crashes": 7, "injury": 0, "fatal": 0, "pedestrian": 0, "bicycle": 0, "density": 1.8, "year_range": "unknown"}}, {"type": "Feature", "geometry": {"type": "Point", "coordinates": [-104.814414, 41.172973]}, "properties": {"crashes": 1, "injury": 0, "fatal": 0, "pedestrian": 0, "bicycle": 0, "density": 0.2, "year_range": "unknown"}}, {"type": "Feature", "geometry": {"type": "Point", "coordinates": [-104.818018, 41.135135]}, "properties": {"crashes": 16, "injury": 0, "fatal": 0, "pedestrian": 0, "bicycle": 0, "density": 4.0, "year_range": "unknown"}}, {"type": "Feature", "geometry": {"type": "Point", "coordinates": [-104.762162, 41.16036]}, "properties": {"crashes": 37, "injury": 0, "fatal": 0, "pedestrian": 0, "bicycle": 0, "density": 9.2, "year_range": "unknown"}}, {"type": "Feature", "geometry": {"type": "Point", "coordinates": [-104.818018, 41.097297]}, "properties": {"crashes": 1, "injury": 0, "fatal": 0, "pedestrian": 0, "bicycle": 0, "density": 0.2, "year_range": "unknown"}}, {"type": "Feature", "geometry": {"type": "Point", "coordinates": [-104.756757, 41.145946]}, "properties": {"crashes": 31, "injury": 0, "fatal": 0, "pedestrian": 0, "bicycle": 0, "density": 7.8, "year_range": "unknown"}}, {"type": "Feature", "geometry": {"type": "Point", "coordinates": [-104.837838, 41.145946]}, "properties": {"crashes": 17, "injury": 0, "fatal": 0, "pedestrian": 0, "bicycle": 0, "density": 4.2, "year_range": "unknown"}}, {"type": "Feature", "geometry": {"type": "Point", "coordinates": [-104.781982, 41.136937]}, "properties": {"crashes": 4, "injury": 0, "fatal": 0, "pedestrian": 0, "bicycle": 0, "density": 1.0, "year_range": "unknown"}}, {"type": "Feature", "geometry": {"type": "Point", "coordinates": [-104.792793, 41.16036]}, "properties": {"crashes": 18, "injury": 0, "fatal": 0, "pedestrian": 0, "bicycle": 0, "density": 4.5, "year_range": "unknown"}}, {"type": "Feature", "geometry": {"type": "Point", "coordinates": [-104.796396, 41.055856]}, "properties": {"crashes": 8, "injury": 0, "fatal": 0, "pedestrian": 0, "bicycle": 0, "density": 2.0, "year_range": "unknown"}}, {"type": "Feature", "geometry": {"type": "Point", "coordinates": [-104.821622, 41.12973]}, "properties": {"crashes": 1, "injury": 0, "fatal": 0, "pedestrian": 0, "bicycle": 0, "density": 0.2, "year_range": "unknown"}}, {"type": "Feature", "geometry": {"type": "Point", "coordinates": [-104.837838, 41.218018]}, "properties": {"crashes": 7, "injury": 0, "fatal": 0, "pedestrian": 0, "bicycle": 0, "density": 1.8, "year_range": "unknown"}}, {"type": "Feature", "geometry": {"type": "Point", "coordinates": [-104.684685, 41.043243]}, "properties": {"crashes": 1, "injury": 0, "fatal": 0, "pedestrian": 0, "bicycle": 0, "density": 0.2, "year_range": "unknown"}}, {"type": "Feature", "geometry": {"type": "Point", "coordinates": [-104.803604, 41.124324]}, "properties": {"crashes": 14, "injury": 0, "fatal": 0, "pedestrian": 0, "bicycle": 0, "density": 3.5, "year_range": "unknown"}}, {"type": "Feature", "geometry": {"type": "Point", "coordinates": [-104.810811, 41.138739]}, "properties": {"crashes": 8, "injury": 0, "fatal": 0, "pedestrian": 0, "bicycle": 0, "density": 2.0, "year_range": "unknown"}}, {"type": "Feature", "geometry": {"type": "Point", "coordinates": [-104.731532, 41.154955]}, "properties": {"crashes": 19, "injury": 0, "fatal": 0, "pedestrian": 0, "bicycle": 0, "density": 4.8, "year_range": "unknown"}}, {"type": "Feature", "geometry": {"type": "Point", "coordinates": [-104.81982, 41.131532]}, "properties": {"crashes": 12, "injury": 0, "fatal": 0, "pedestrian": 0, "bicycle": 0, "density": 3.0, "year_range": "unknown"}}, {"type": "Feature", "geometry": {"type": "Point", "coordinates": [-104.803604, 41.138739]}, "properties": {"crashes": 1, "injury": 0, "fatal": 0, "pedestrian": 0, "bicycle": 0, "density": 0.2, "year_range": "unknown"}}, {"type": "Feature", "geometry": {"type": "Point", "coordinates": [-104.87027, 41.064865]}, "properties": {"crashes": 4, "injury": 0, "fatal": 0, "pedestrian": 0, "bicycle": 0, "density": 1.0, "year_range": "unknown"}}, {"type": "Feature", "geometry": {"type": "Point", "coordinates": [-104.873874, 41.063063]}, "properties": {"crashes": 5, "injury": 0, "fatal": 0, "pedestrian": 0, "bicycle": 0, "density": 1.2, "year_range": "unknown"}}, {"type": "Feature", "geometry": {"type": "Point", "coordinates": [-104.906306, 41.0]}, "properties": {"crashes": 8, "injury": 0, "fatal": 0, "pedestrian": 0, "bicycle": 0, "density": 2.0, "year_range": "unknown"}}, {"type": "Feature", "geometry": {"type": "Point", "coordinates": [-104.85045, 41.113514]}, "properties": {"crashes": 28, "injury": 0, "fatal": 0, "pedestrian": 0, "bicycle": 0, "density": 7.0, "year_range": "unknown"}}, {"type": "Feature", "geometry": {"type": "Point", "coordinates": [-104.863063, 41.072072]}, "properties": {"crashes": 6, "injury": 0, "fatal": 0, "pedestrian": 0, "bicycle": 0, "density": 1.5, "year_range": "unknown"}}, {"type": "Feature", "geometry": {"type": "Point", "coordinates": [-104.801802, 41.118919]}, "properties": {"crashes": 5, "injury": 0, "fatal": 0, "pedestrian": 0, "bicycle": 0, "density": 1.2, "year_range": "unknown"}}, {"type": "Feature", "geometry": {"type": "Point", "coordinates": [-104.794595, 41.144144]}, "properties": {"crashes": 5, "injury": 0, "fatal": 0, "pedestrian": 0, "bicycle": 0, "density": 1.2, "year_range": "unknown"}}, {"type": "Feature", "geometry": {"type": "Point", "coordinates": [-104.830631, 41.131532]}, "properties": {"crashes": 4, "injury": 0, "fatal": 0, "pedestrian": 0, "bicycle": 0, "density": 1.0, "year_range": "unknown"}}, {"type": "Feature", "geometry": {"type": "Point", "coordinates": [-104.790991, 41.145946]}, "properties": {"crashes": 144, "injury": 0, "fatal": 0, "pedestrian": 0, "bicycle": 0, "density": 36.0, "year_range": "unknown"}}, {"type": "Feature", "geometry": {"type": "Point", "coordinates": [-104.76036, 41.162162]}, "properties": {"crashes": 5, "injury": 0, "fatal": 0, "pedestrian": 0, "bicycle": 0, "density": 1.2, "year_range": "unknown"}}, {"type": "Feature", "geometry": {"type": "Point", "coordinates": [-104.713514, 41.131532]}, "properties": {"crashes": 4, "injury": 0, "fatal": 0, "pedestrian": 0, "bicycle": 0, "density": 1.0, "year_range": "unknown"}}, {"type": "Feature", "geometry": {"type": "Point", "coordinates": [-104.769369, 41.142342]}, "properties": {"crashes": 8, "injury": 0, "fatal": 0, "pedestrian": 0, "bicycle": 0, "density": 2.0, "year_range": "unknown"}}, {"type": "Feature", "geometry": {"type": "Point", "coordinates": [-104.812613, 41.138739]}, "properties": {"crashes": 14, "injury": 0, "fatal": 0, "pedestrian": 0, "bicycle": 0, "density": 3.5, "year_range": "unknown"}}, {"type": "Feature", "geometry": {"type": "Point", "coordinates": [-104.805405, 41.099099]}, "properties": {"crashes": 2, "injury": 0, "fatal": 0, "pedestrian": 0, "bicycle": 0, "density": 0.5, "year_range": "unknown"}}, {"type": "Feature", "geometry": {"type": "Point", "coordinates": [-104.794595, 41.097297]}, "properties": {"crashes": 1, "injury": 0, "fatal": 0, "pedestrian": 0, "bicycle": 0, "density": 0.2, "year_range": "unknown"}}, {"type": "Feature", "geometry": {"type": "Point", "coordinates": [-104.801802, 41.113514]}, "properties": {"crashes": 33, "injury": 0, "fatal": 0, "pedestrian": 0, "bicycle": 0, "density": 8.2, "year_range": "unknown"}}, {"type": "Feature", "geometry": {"type": "Point", "coordinates": [-104.83964, 41.136937]}, "properties": {"crashes": 6, "injury": 0, "fatal": 0, "pedestrian": 0, "bicycle": 0, "density": 1.5, "year_range": "unknown"}}, {"type": "Feature", "geometry": {"type": "Point", "coordinates": [-104.828829, 41.181982]}, "properties": {"crashes": 21, "injury": 0, "fatal": 0, "pedestrian": 0, "bicycle": 0, "density": 5.2, "year_range": "unknown"}}, {"type": "Feature", "geometry": {"type": "Point", "coordinates": [-104.736937, 41.16036]}, "properties": {"crashes": 2, "injury": 0, "fatal": 0, "pedestrian": 0, "bicycle": 0, "density": 0.5, "year_range": "unknown"}}, {"type": "Feature", "geometry": {"type": "Point", "coordinates": [-104.717117, 41.16036]}, "properties": {"crashes": 19, "injury": 0, "fatal": 0, "pedestrian": 0, "bicycle": 0, "density": 4.8, "year_range": "unknown"}}, {"type": "Feature", "geometry": {"type": "Point", "coordinates": [-104.843243, 41.099099]}, "properties": {"crashes": 7, "injury": 0, "fatal": 0, "pedestrian": 0, "bicycle": 0, "density": 1.8, "year_range": "unknown"}}, {"type": "Feature", "geometry": {"type": "Point", "coordinates": [-104.731532, 41.218018]}, "properties": {"crashes": 8, "injury": 0, "fatal": 0, "pedestrian": 0, "bicycle": 0, "density": 2.0, "year_range": "unknown"}}, {"type": "Feature", "geometry": {"type": "Point", "coordinates": [-104.810811, 41.106306]}, "properties": {"crashes": 4, "injury": 0, "fatal": 0, "pedestrian": 0, "bicycle": 0, "density": 1.0, "year_range": "unknown"}}, {"type": "Feature", "geometry": {"type": "Point", "coordinates": [-104.828829, 41.144144]}, "properties": {"crashes": 3, "injury": 0, "fatal": 0, "pedestrian": 0, "bicycle": 0, "density": 0.8, "year_range": "unknown"}}, {"type": "Feature", "geometry": {"type": "Point", "coordinates": [-104.807207, 41.142342]}, "properties": {"crashes": 5, "injury": 0, "fatal": 0, "pedestrian": 0, "bicycle": 0, "density": 1.2, "year_range": "unknown"}}, {"type": "Feature", "geometry": {"type": "Point", "coordinates": [-104.767568, 41.122523]}, "properties": {"crashes": 39, "injury": 0, "fatal": 0, "pedestrian": 0, "bicycle": 0, "density": 9.8, "year_range": "unknown"}}, {"type": "Feature", "geometry": {"type": "Point", "coordinates": [-104.818018, 41.181982]}, "properties": {"crashes": 4, "injury": 0, "fatal": 0, "pedestrian": 0, "bicycle": 0, "density": 1.0, "year_range": "unknown"}}, {"type": "Feature", "geometry": {"type": "Point", "coordinates": [-104.785586, 41.122523]}, "properties": {"crashes": 5, "injury": 0, "fatal": 0, "pedestrian": 0, "bicycle": 0, "density": 1.2, "year_range": "unknown"}}, {"type": "Feature", "geometry": {"type": "Point", "coordinates": [-104.8, 41.088288]}, "properties": {"crashes": 7, "injury": 0, "fatal": 0, "pedestrian": 0, "bicycle": 0, "density": 1.8, "year_range": "unknown"}}, {"type": "Feature", "geometry": {"type": "Point", "coordinates": [-104.810811, 41.136937]}, "properties": {"crashes": 11, "injury": 0, "fatal": 0, "pedestrian": 0, "bicycle": 0, "density": 2.8, "year_range": "unknown"}}, {"type": "Feature", "geometry": {"type": "Point", "coordinates": [-104.769369, 41.124324]}, "properties": {"crashes": 5, "injury": 0, "fatal": 0, "pedestrian": 0, "bicycle": 0, "density": 1.2, "year_range": "unknown"}}, {"type": "Feature", "geometry": {"type": "Point", "coordinates": [-104.828829, 41.169369]}, "properties": {"crashes": 6, "injury": 0, "fatal": 0, "pedestrian": 0, "bicycle": 0, "density": 1.5, "year_range": "unknown"}}, {"type": "Feature", "geometry": {"type": "Point", "coordinates": [-104.812613, 41.133333]}, "properties": {"crashes": 58, "injury": 0, "fatal": 0, "pedestrian": 0, "bicycle": 0, "density": 14.5, "year_range": "unknown"}}, {"type": "Feature", "geometry": {"type": "Point", "coordinates": [-104.744144, 41.151351]}, "properties": {"crashes": 3, "injury": 0, "fatal": 0, "pedestrian": 0, "bicycle": 0, "density": 0.8, "year_range": "unknown"}}, {"type": "Feature", "geometry": {"type": "Point", "coordinates": [-104.796396, 41.126126]}, "properties": {"crashes": 3, "injury": 0, "fatal": 0, "pedestrian": 0, "bicycle": 0, "density": 0.8, "year_range": "unknown"}}, {"type": "Feature", "geometry": {"type": "Point", "coordinates": [-104.78018, 41.165766]}, "properties": {"crashes": 2, "injury": 0, "fatal": 0, "pedestrian": 0, "bicycle": 0, "density": 0.5, "year_range": "unknown"}}, {"type": "Feature", "geometry": {"type": "Point", "coordinates": [-104.778378, 41.16036]}, "properties": {"crashes": 10, "injury": 0, "fatal": 0, "pedestrian": 0, "bicycle": 0, "density": 2.5, "year_range": "unknown"}}, {"type": "Feature", "geometry": {"type": "Point", "coordinates": [-104.828829, 41.171171]}, "properties": {"crashes": 29, "injury": 0, "fatal": 0, "pedestrian": 0, "bicycle": 0, "density": 7.2, "year_range": "unknown"}}, {"type": "Feature", "geometry": {"type": "Point", "coordinates": [-104.641441, 41.158559]}, "properties": {"crashes": 2, "injury": 0, "fatal": 0, "pedestrian": 0, "bicycle": 0, "density": 0.5, "year_range": "unknown"}}, {"type": "Feature", "geometry": {"type": "Point", "coordinates": [-104.85045, 41.135135]}, "properties": {"crashes": 1, "injury": 0, "fatal": 0, "pedestrian": 0, "bicycle": 0, "density": 0.2, "year_range": "unknown"}}, {"type": "Feature", "geometry": {"type": "Point", "coordinates": [-104.828829, 41.12973]}, "properties": {"crashes": 1, "injury": 0, "fatal": 0, "pedestrian": 0, "bicycle": 0, "density": 0.2, "year_range": "unknown"}}, {"type": "Feature", "geometry": {"type": "Point", "coordinates": [-104.841441, 41.167568]}, "properties": {"crashes": 11, "injury": 0, "fatal": 0, "pedestrian": 0, "bicycle": 0, "density": 2.8, "year_range": "unknown"}}, {"type": "Feature", "geometry": {"type": "Point", "coordinates": [-104.78018, 41.16036]}, "properties": {"crashes": 53, "injury": 0, "fatal": 0, "pedestrian": 0, "bicycle": 0, "density": 13.2, "year_range": "unknown"}}, {"type": "Feature", "geometry": {"type": "Point", "coordinates": [-104.875676, 41.063063]}, "properties": {"crashes": 2, "injury": 0, "fatal": 0, "pedestrian": 0, "bicycle": 0, "density": 0.5, "year_range": "unknown"}}, {"type": "Feature", "geometry": {"type": "Point", "coordinates": [-104.828829, 41.162162]}, "properties": {"crashes": 5, "injury": 0, "fatal": 0, "pedestrian": 0, "bicycle": 0, "density": 1.2, "year_range": "unknown"}}, {"type": "Feature", "geometry": {"type": "Point", "coordinates": [-104.904505, 41.009009]}, "properties": {"crashes": 8, "injury": 0, "fatal": 0, "pedestrian": 0, "bicycle": 0, "density": 2.0, "year_range": "unknown"}}, {"type": "Feature", "geometry": {"type": "Point", "coordinates": [-104.904505, 41.016216]}, "properties": {"crashes": 6, "injury": 0, "fatal": 0, "pedestrian": 0, "bicycle": 0, "density": 1.5, "year_range": "unknown"}}, {"type": "Feature", "geometry": {"type": "Point", "coordinates": [-104.801802, 41.142342]}, "properties": {"crashes": 8, "injury": 0, "fatal": 0, "pedestrian": 0, "bicycle": 0, "density": 2.0, "year_range": "unknown"}}, {"type": "Feature", "geometry": {"type": "Point", "coordinates": [-104.877477, 41.117117]}, "properties": {"crashes": 3, "injury": 0, "fatal": 0, "pedestrian": 0, "bicycle": 0, "density": 0.8, "year_range": "unknown"}}, {"type": "Feature", "geometry": {"type": "Point", "coordinates": [-104.818018, 41.138739]}, "properties": {"crashes": 14, "injury": 0, "fatal": 0, "pedestrian": 0, "bicycle": 0, "density": 3.5, "year_range": "unknown"}}, {"type": "Feature", "geometry": {"type": "Point", "coordinates": [-104.945946, 41.111712]}, "properties": {"crashes": 1, "injury": 0, "fatal": 0, "pedestrian": 0, "bicycle": 0, "density": 0.2, "year_range": "unknown"}}, {"type": "Feature", "geometry": {"type": "Point", "coordinates": [-104.738739, 41.124324]}, "properties": {"crashes": 1, "injury": 0, "fatal": 0, "pedestrian": 0, "bicycle": 0, "density": 0.2, "year_range": "unknown"}}, {"type": "Feature", "geometry": {"type": "Point", "coordinates": [-104.684685, 41.14955]}, "properties": {"crashes": 1, "injury": 0, "fatal": 0, "pedestrian": 0, "bicycle": 0, "density": 0.2, "year_range": "unknown"}}, {"type": "Feature", "geometry": {"type": "Point", "coordinates": [-104.834234, 41.145946]}, "properties": {"crashes": 2, "injury": 0, "fatal": 0, "pedestrian": 0, "bicycle": 0, "density": 0.5, "year_range": "unknown"}}, {"type": "Feature", "geometry": {"type": "Point", "coordinates": [-104.843243, 41.118919]}, "properties": {"crashes": 2, "injury": 0, "fatal": 0, "pedestrian": 0, "bicycle": 0, "density": 0.5, "year_range": "unknown"}}, {"type": "Feature", "geometry": {"type": "Point", "coordinates": [-104.837838, 41.176577]}, "properties": {"crashes": 2, "injury": 0, "fatal": 0, "pedestrian": 0, "bicycle": 0, "density": 0.5, "year_range": "unknown"}}, {"type": "Feature", "geometry": {"type": "Point", "coordinates": [-104.823423, 41.052252]}, "properties": {"crashes": 2, "injury": 0, "fatal": 0, "pedestrian": 0, "bicycle": 0, "density": 0.5, "year_range": "unknown"}}, {"type": "Feature", "geometry": {"type": "Point", "coordinates": [-104.807207, 41.118919]}, "properties": {"crashes": 2, "injury": 0, "fatal": 0, "pedestrian": 0, "bicycle": 0, "density": 0.5, "year_range": "unknown"}}, {"type": "Feature", "geometry": {"type": "Point", "coordinates": [-104.778378, 41.117117]}, "properties": {"crashes": 4, "injury": 0, "fatal": 0, "pedestrian": 0, "bicycle": 0, "density": 1.0, "year_range": "unknown"}}, {"type": "Feature", "geometry": {"type": "Point", "coordinates": [-104.78018, 41.189189]}, "properties": {"crashes": 2, "injury": 0, "fatal": 0, "pedestrian": 0, "bicycle": 0, "density": 0.5, "year_range": "unknown"}}, {"type": "Feature", "geometry": {"type": "Point", "coordinates": [-104.76036, 41.16036]}, "properties": {"crashes": 47, "injury": 0, "fatal": 0, "pedestrian": 0, "bicycle": 0, "density": 11.8, "year_range": "unknown"}}, {"type": "Feature", "geometry": {"type": "Point", "coordinates": [-104.753153, 41.135135]}, "properties": {"crashes": 7, "injury": 0, "fatal": 0, "pedestrian": 0, "bicycle": 0, "density": 1.8, "year_range": "unknown"}}, {"type": "Feature", "geometry": {"type": "Point", "coordinates": [-104.767568, 41.154955]}, "properties": {"crashes": 4, "injury": 0, "fatal": 0, "pedestrian": 0, "bicycle": 0, "density": 1.0, "year_range": "unknown"}}, {"type": "Feature", "geometry": {"type": "Point", "coordinates": [-104.740541, 41.151351]}, "properties": {"crashes": 1, "injury": 0, "fatal": 0, "pedestrian": 0, "bicycle": 0, "density": 0.2, "year_range": "unknown"}}, {"type": "Feature", "geometry": {"type": "Point", "coordinates": [-104.789189, 41.108108]}, "properties": {"crashes": 4, "injury": 0, "fatal": 0, "pedestrian": 0, "bicycle": 0, "density": 1.0, "year_range": "unknown"}}, {"type": "Feature", "geometry": {"type": "Point", "coordinates": [-104.792793, 41.140541]}, "properties": {"crashes": 4, "injury": 0, "fatal": 0, "pedestrian": 0, "bicycle": 0, "density": 1.0, "year_range": "unknown"}}, {"type": "Feature", "geometry": {"type": "Point", "coordinates": [-104.807207, 41.124324]}, "properties": {"crashes": 63, "injury": 0, "fatal": 0, "pedestrian": 0, "bicycle": 0, "density": 15.8, "year_range": "unknown"}}, {"type": "Feature", "geometry": {"type": "Point", "coordinates": [-104.765766, 41.151351]}, "properties": {"crashes": 2, "injury": 0, "fatal": 0, "pedestrian": 0, "bicycle": 0, "density": 0.5, "year_range": "unknown"}}, {"type": "Feature", "geometry": {"type": "Point", "coordinates": [-104.836036, 41.145946]}, "properties": {"crashes": 12, "injury": 0, "fatal": 0, "pedestrian": 0, "bicycle": 0, "density": 3.0, "year_range": "unknown"}}, {"type": "Feature", "geometry": {"type": "Point", "coordinates": [-104.801802, 41.163964]}, "properties": {"crashes": 4, "injury": 0, "fatal": 0, "pedestrian": 0, "bicycle": 0, "density": 1.0, "year_range": "unknown"}}, {"type": "Feature", "geometry": {"type": "Point", "coordinates": [-104.661261, 41.156757]}, "properties": {"crashes": 1, "injury": 0, "fatal": 0, "pedestrian": 0, "bicycle": 0, "density": 0.2, "year_range": "unknown"}}, {"type": "Feature", "geometry": {"type": "Point", "coordinates": [-104.866667, 41.218018]}, "properties": {"crashes": 1, "injury": 0, "fatal": 0, "pedestrian": 0, "bicycle": 0, "density": 0.2, "year_range": "unknown"}}, {"type": "Feature", "geometry": {"type": "Point", "coordinates": [-104.897297, 41.036036]}, "properties": {"crashes": 12, "injury": 0, "fatal": 0, "pedestrian": 0, "bicycle": 0, "density": 3.0, "year_range": "unknown"}}, {"type": "Feature", "geometry": {"type": "Point", "coordinates": [-104.8, 41.106306]}, "properties": {"crashes": 16, "injury": 0, "fatal": 0, "pedestrian": 0, "bicycle": 0, "density": 4.0, "year_range": "unknown"}}, {"type": "Feature", "geometry": {"type": "Point", "coordinates": [-104.897297, 41.034234]}, "properties": {"crashes": 10, "injury": 0, "fatal": 0, "pedestrian": 0, "bicycle": 0, "density": 2.5, "year_range": "unknown"}}, {"type": "Feature", "geometry": {"type": "Point", "coordinates": [-104.827027, 41.117117]}, "properties": {"crashes": 4, "injury": 0, "fatal": 0, "pedestrian": 0, "bicycle": 0, "density": 1.0, "year_range": "unknown"}}, {"type": "Feature", "geometry": {"type": "Point", "coordinates": [-104.902703, 41.021622]}, "properties": {"crashes": 3, "injury": 0, "fatal": 0, "pedestrian": 0, "bicycle": 0, "density": 0.8, "year_range": "unknown"}}, {"type": "Feature", "geometry": {"type": "Point", "coordinates": [-104.801802, 41.115315]}, "properties": {"crashes": 10, "injury": 0, "fatal": 0, "pedestrian": 0, "bicycle": 0, "density": 2.5, "year_range": "unknown"}}, {"type": "Feature", "geometry": {"type": "Point", "coordinates": [-104.790991, 41.174775]}, "properties": {"crashes": 5, "injury": 0, "fatal": 0, "pedestrian": 0, "bicycle": 0, "density": 1.2, "year_range": "unknown"}}, {"type": "Feature", "geometry": {"type": "Point", "coordinates": [-104.827027, 41.16036]}, "properties": {"crashes": 2, "injury": 0, "fatal": 0, "pedestrian": 0, "bicycle": 0, "density": 0.5, "year_range": "unknown"}}, {"type": "Feature", "geometry": {"type": "Point", "coordinates": [-104.810811, 41.118919]}, "properties": {"crashes": 4, "injury": 0, "fatal": 0, "pedestrian": 0, "bicycle": 0, "density": 1.0, "year_range": "unknown"}}, {"type": "Feature", "geometry": {"type": "Point", "coordinates": [-104.781982, 41.140541]}, "properties": {"crashes": 1, "injury": 0, "fatal": 0, "pedestrian": 0, "bicycle": 0, "density": 0.2, "year_range": "unknown"}}, {"type": "Feature", "geometry": {"type": "Point", "coordinates": [-104.827027, 41.145946]}, "properties": {"crashes": 8, "injury": 0, "fatal": 0, "pedestrian": 0, "bicycle": 0, "density": 2.0, "year_range": "unknown"}}, {"type": "Feature", "geometry": {"type": "Point", "coordinates": [-104.828829, 41.172973]}, "properties": {"crashes": 8, "injury": 0, "fatal": 0, "pedestrian": 0, "bicycle": 0, "density": 2.0, "year_range": "unknown"}}, {"type": "Feature", "geometry": {"type": "Point", "coordinates": [-104.809009, 41.126126]}, "properties": {"crashes": 10, "injury": 0, "fatal": 0, "pedestrian": 0, "bicycle": 0, "density": 2.5, "year_range": "unknown"}}, {"type": "Feature", "geometry": {"type": "Point", "coordinates": [-104.767568, 41.174775]}, "properties": {"crashes": 12, "injury": 0, "fatal": 0, "pedestrian": 0, "bicycle": 0, "density": 3.0, "year_range": "unknown"}}, {"type": "Feature", "geometry": {"type": "Point", "coordinates": [-104.798198, 41.142342]}, "properties": {"crashes": 24, "injury": 0, "fatal": 0, "pedestrian": 0, "bicycle": 0, "density": 6.0, "year_range": "unknown"}}, {"type": "Feature", "geometry": {"type": "Point", "coordinates": [-104.762162, 41.140541]}, "properties": {"crashes": 2, "injury": 0, "fatal": 0, "pedestrian": 0, "bicycle": 0, "density": 0.5, "year_range": "unknown"}}, {"type": "Feature", "geometry": {"type": "Point", "coordinates": [-104.834234, 41.117117]}, "properties": {"crashes": 2, "injury": 0, "fatal": 0, "pedestrian": 0, "bicycle": 0, "density": 0.5, "year_range": "unknown"}}, {"type": "Feature", "geometry": {"type": "Point", "coordinates": [-104.814414, 41.102703]}, "properties": {"crashes": 1, "injury": 0, "fatal": 0, "pedestrian": 0, "bicycle": 0, "density": 0.2, "year_range": "unknown"}}, {"type": "Feature", "geometry": {"type": "Point", "coordinates": [-104.827027, 41.133333]}, "properties": {"crashes": 2, "injury": 0, "fatal": 0, "pedestrian": 0, "bicycle": 0, "density": 0.5, "year_range": "unknown"}}, {"type": "Feature", "geometry": {"type": "Point", "coordinates": [-104.828829, 41.167568]}, "properties": {"crashes": 8, "injury": 0, "fatal": 0, "pedestrian": 0, "bicycle": 0, "density": 2.0, "year_range": "unknown"}}, {"type": "Feature", "geometry": {"type": "Point", "coordinates": [-104.830631, 41.171171]}, "properties": {"crashes": 2, "injury": 0, "fatal": 0, "pedestrian": 0, "bicycle": 0, "density": 0.5, "year_range": "unknown"}}, {"type": "Feature", "geometry": {"type": "Point", "coordinates": [-104.807207, 41.144144]}, "properties": {"crashes": 5, "injury": 0, "fatal": 0, "pedestrian": 0, "bicycle": 0, "density": 1.2, "year_range": "unknown"}}, {"type": "Feature", "geometry": {"type": "Point", "coordinates": [-104.837838, 41.136937]}, "properties": {"crashes": 1, "injury": 0, "fatal": 0, "pedestrian": 0, "bicycle": 0, "density": 0.2, "year_range": "unknown"}}, {"type": "Feature", "geometry": {"type": "Point", "coordinates": [-104.767568, 41.162162]}, "properties": {"crashes": 1, "injury": 0, "fatal": 0, "pedestrian": 0, "bicycle": 0, "density": 0.2, "year_range": "unknown"}}, {"type": "Feature", "geometry": {"type": "Point", "coordinates": [-104.785586, 41.145946]}, "properties": {"crashes": 19, "injury": 0, "fatal": 0, "pedestrian": 0, "bicycle": 0, "density": 4.8, "year_range": "unknown"}}, {"type": "Feature", "geometry": {"type": "Point", "coordinates": [-104.801802, 41.12973]}, "properties": {"crashes": 7, "injury": 0, "fatal": 0, "pedestrian": 0, "bicycle": 0, "density": 1.8, "year_range": "unknown"}}, {"type": "Feature", "geometry": {"type": "Point", "coordinates": [-104.769369, 41.138739]}, "properties": {"crashes": 28, "injury": 0, "fatal": 0, "pedestrian": 0, "bicycle": 0, "density": 7.0, "year_range": "unknown"}}, {"type": "Feature", "geometry": {"type": "Point", "coordinates": [-104.765766, 41.136937]}, "properties": {"crashes": 8, "injury": 0, "fatal": 0, "pedestrian": 0, "bicycle": 0, "density": 2.0, "year_range": "unknown"}}, {"type": "Feature", "geometry": {"type": "Point", "coordinates": [-104.818018, 41.144144]}, "properties": {"crashes": 9, "injury": 0, "fatal": 0, "pedestrian": 0, "bicycle": 0, "density": 2.2, "year_range": "unknown"}}, {"type": "Feature", "geometry": {"type": "Point", "coordinates": [-104.805405, 41.077477]}, "properties": {"crashes": 1, "injury": 0, "fatal": 0, "pedestrian": 0, "bicycle": 0, "density": 0.2, "year_range": "unknown"}}, {"type": "Feature", "geometry": {"type": "Point", "coordinates": [-104.828829, 41.189189]}, "properties": {"crashes": 12, "injury": 0, "fatal": 0, "pedestrian": 0, "bicycle": 0, "density": 3.0, "year_range": "unknown"}}, {"type": "Feature", "geometry": {"type": "Point", "coordinates": [-104.807207, 41.135135]}, "properties": {"crashes": 18, "injury": 0, "fatal": 0, "pedestrian": 0, "bicycle": 0, "density": 4.5, "year_range": "unknown"}}, {"type": "Feature", "geometry": {"type": "Point", "coordinates": [-104.798198, 41.136937]}, "properties": {"crashes": 23, "injury": 0, "fatal": 0, "pedestrian": 0, "bicycle": 0, "density": 5.8, "year_range": "unknown"}}, {"type": "Feature", "geometry": {"type": "Point", "coordinates": [-104.765766, 41.127928]}, "properties": {"crashes": 18, "injury": 0, "fatal": 0, "pedestrian": 0, "bicycle": 0, "density": 4.5, "year_range": "unknown"}}, {"type": "Feature", "geometry": {"type": "Point", "coordinates": [-104.809009, 41.068468]}, "properties": {"crashes": 1, "injury": 0, "fatal": 0, "pedestrian": 0, "bicycle": 0, "density": 0.2, "year_range": "unknown"}}, {"type": "Feature", "geometry": {"type": "Point", "coordinates": [-104.834234, 41.142342]}, "properties": {"crashes": 2, "injury": 0, "fatal": 0, "pedestrian": 0, "bicycle": 0, "density": 0.5, "year_range": "unknown"}}, {"type": "Feature", "geometry": {"type": "Point", "coordinates": [-104.751351, 41.151351]}, "properties": {"crashes": 1, "injury": 0, "fatal": 0, "pedestrian": 0, "bicycle": 0, "density": 0.2, "year_range": "unknown"}}, {"type": "Feature", "geometry": {"type": "Point", "coordinates": [-104.763964, 41.142342]}, "properties": {"crashes": 1, "injury": 0, "fatal": 0, "pedestrian": 0, "bicycle": 0, "density": 0.2, "year_range": "unknown"}}, {"type": "Feature", "geometry": {"type": "Point", "coordinates": [-104.816216, 41.122523]}, "properties": {"crashes": 3, "injury": 0, "fatal": 0, "pedestrian": 0, "bicycle": 0, "density": 0.8, "year_range": "unknown"}}, {"type": "Feature", "geometry": {"type": "Point", "coordinates": [-104.816216, 41.136937]}, "properties": {"crashes": 40, "injury": 0, "fatal": 0, "pedestrian": 0, "bicycle": 0, "density": 10.0, "year_range": "unknown"}}, {"type": "Feature", "geometry": {"type": "Point", "coordinates": [-104.821622, 41.136937]}, "properties": {"crashes": 4, "injury": 0, "fatal": 0, "pedestrian": 0, "bicycle": 0, "density": 1.0, "year_range": "unknown"}}, {"type": "Feature", "geometry": {"type": "Point", "coordinates": [-105.028829, 41.102703]}, "properties": {"crashes": 2, "injury": 0, "fatal": 0, "pedestrian": 0, "bicycle": 0, "density": 0.5, "year_range": "unknown"}}, {"type": "Feature", "geometry": {"type": "Point", "coordinates": [-104.8, 41.097297]}, "properties": {"crashes": 5, "injury": 0, "fatal": 0, "pedestrian": 0, "bicycle": 0, "density": 1.2, "year_range": "unknown"}}, {"type": "Feature", "geometry": {"type": "Point", "coordinates": [-104.76036, 41.144144]}, "properties": {"crashes": 7, "injury": 0, "fatal": 0, "pedestrian": 0, "bicycle": 0, "density": 1.8, "year_range": "unknown"}}, {"type": "Feature", "geometry": {"type": "Point", "coordinates": [-104.83964, 41.14955]}, "properties": {"crashes": 6, "injury": 0, "fatal": 0, "pedestrian": 0, "bicycle": 0, "density": 1.5, "year_range": "unknown"}}, {"type": "Feature", "geometry": {"type": "Point", "coordinates": [-104.803604, 41.16036]}, "properties": {"crashes": 18, "injury": 0, "fatal": 0, "pedestrian": 0, "bicycle": 0, "density": 4.5, "year_range": "unknown"}}, {"type": "Feature", "geometry": {"type": "Point", "coordinates": [-104.794595, 41.104505]}, "properties": {"crashes": 1, "injury": 0, "fatal": 0, "pedestrian": 0, "bicycle": 0, "density": 0.2, "year_range": "unknown"}}, {"type": "Feature", "geometry": {"type": "Point", "coordinates": [-104.803604, 41.151351]}, "properties": {"crashes": 2, "injury": 0, "fatal": 0, "pedestrian": 0, "bicycle": 0, "density": 0.5, "year_range": "unknown"}}, {"type": "Feature", "geometry": {"type": "Point", "coordinates": [-104.812613, 41.136937]}, "properties": {"crashes": 8, "injury": 0, "fatal": 0, "pedestrian": 0, "bicycle": 0, "density": 2.0, "year_range": "unknown"}}, {"type": "Feature", "geometry": {"type": "Point", "coordinates": [-104.803604, 41.136937]}, "properties": {"crashes": 11, "injury": 0, "fatal": 0, "pedestrian": 0, "bicycle": 0, "density": 2.8, "year_range": "unknown"}}, {"type": "Feature", "geometry": {"type": "Point", "coordinates": [-104.778378, 41.102703]}, "properties": {"crashes": 2, "injury": 0, "fatal": 0, "pedestrian": 0, "bicycle": 0, "density": 0.5, "year_range": "unknown"}}, {"type": "Feature", "geometry": {"type": "Point", "coordinates": [-104.706306, 41.12973]}, "properties": {"crashes": 2, "injury": 0, "fatal": 0, "pedestrian": 0, "bicycle": 0, "density": 0.5, "year_range": "unknown"}}, {"type": "Feature", "geometry": {"type": "Point", "coordinates": [-104.828829, 41.16036]}, "properties": {"crashes": 65, "injury": 0, "fatal": 0, "pedestrian": 0, "bicycle": 0, "density": 16.2, "year_range": "unknown"}}, {"type": "Feature", "geometry": {"type": "Point", "coordinates": [-104.792793, 41.135135]}, "properties": {"crashes": 16, "injury": 0, "fatal": 0, "pedestrian": 0, "bicycle": 0, "density": 4.0, "year_range": "unknown"}}, {"type": "Feature", "geometry": {"type": "Point", "coordinates": [-104.81982, 41.120721]}, "properties": {"crashes": 7, "injury": 0, "fatal": 0, "pedestrian": 0, "bicycle": 0, "density": 1.8, "year_range": "unknown"}}, {"type": "Feature", "geometry": {"type": "Point", "coordinates": [-104.805405, 41.118919]}, "properties": {"crashes": 65, "injury": 0, "fatal": 0, "pedestrian": 0, "bicycle": 0, "density": 16.2, "year_range": "unknown"}}, {"type": "Feature", "geometry": {"type": "Point", "coordinates": [-104.8, 41.102703]}, "properties": {"crashes": 62, "injury": 0, "fatal": 0, "pedestrian": 0, "bicycle": 0, "density": 15.5, "year_range": "unknown"}}, {"type": "Feature", "geometry": {"type": "Point", "coordinates": [-104.904505, 41.014414]}, "properties": {"crashes": 3, "injury": 0, "fatal": 0, "pedestrian": 0, "bicycle": 0, "density": 0.8, "year_range": "unknown"}}, {"type": "Feature", "geometry": {"type": "Point", "coordinates": [-104.893694, 41.03964]}, "properties": {"crashes": 11, "injury": 0, "fatal": 0, "pedestrian": 0, "bicycle": 0, "density": 2.8, "year_range": "unknown"}}, {"type": "Feature", "geometry": {"type": "Point", "coordinates": [-104.893694, 41.041441]}, "properties": {"crashes": 7, "injury": 0, "fatal": 0, "pedestrian": 0, "bicycle": 0, "density": 1.8, "year_range": "unknown"}}, {"type": "Feature", "geometry": {"type": "Point", "coordinates": [-104.888288, 41.048649]}, "properties": {"crashes": 7, "injury": 0, "fatal": 0, "pedestrian": 0, "bicycle": 0, "density": 1.8, "year_range": "unknown"}}, {"type": "Feature", "geometry": {"type": "Point", "coordinates": [-104.794595, 41.099099]}, "properties": {"crashes": 2, "injury": 0, "fatal": 0, "pedestrian": 0, "bicycle": 0, "density": 0.5, "year_range": "unknown"}}, {"type": "Feature", "geometry": {"type": "Point", "coordinates": [-104.789189, 41.138739]}, "properties": {"crashes": 33, "injury": 0, "fatal": 0, "pedestrian": 0, "bicycle": 0, "density": 8.2, "year_range": "unknown"}}, {"type": "Feature", "geometry": {"type": "Point", "coordinates": [-104.735135, 41.045045]}, "properties": {"crashes": 1, "injury": 0, "fatal": 0, "pedestrian": 0, "bicycle": 0, "density": 0.2, "year_range": "unknown"}}, {"type": "Feature", "geometry": {"type": "Point", "coordinates": [-104.823423, 41.142342]}, "properties": {"crashes": 8, "injury": 0, "fatal": 0, "pedestrian": 0, "bicycle": 0, "density": 2.0, "year_range": "unknown"}}, {"type": "Feature", "geometry": {"type": "Point", "coordinates": [-104.837838, 41.099099]}, "properties": {"crashes": 5, "injury": 0, "fatal": 0, "pedestrian": 0, "bicycle": 0, "density": 1.2, "year_range": "unknown"}}, {"type": "Feature", "geometry": {"type": "Point", "coordinates": [-104.828829, 41.163964]}, "properties": {"crashes": 39, "injury": 0, "fatal": 0, "pedestrian": 0, "bicycle": 0, "density": 9.8, "year_range": "unknown"}}, {"type": "Feature", "geometry": {"type": "Point", "coordinates": [-104.807207, 41.136937]}, "properties": {"crashes": 10, "injury": 0, "fatal": 0, "pedestrian": 0, "bicycle": 0, "density": 2.5, "year_range": "unknown"}}, {"type": "Feature", "geometry": {"type": "Point", "coordinates": [-104.828829, 41.14955]}, "properties": {"crashes": 2, "injury": 0, "fatal": 0, "pedestrian": 0, "bicycle": 0, "density": 0.5, "year_range": "unknown"}}, {"type": "Feature", "geometry": {"type": "Point", "coordinates": [-104.758559, 41.145946]}, "properties": {"crashes": 4, "injury": 0, "fatal": 0, "pedestrian": 0, "bicycle": 0, "density": 1.0, "year_range": "unknown"}}, {"type": "Feature", "geometry": {"type": "Point", "coordinates": [-104.803604, 41.118919]}, "properties": {"crashes": 11, "injury": 0, "fatal": 0, "pedestrian": 0, "bicycle": 0, "density": 2.8, "year_range": "unknown"}}, {"type": "Feature", "geometry": {"type": "Point", "coordinates": [-104.825225, 41.142342]}, "properties": {"crashes": 4, "injury": 0, "fatal": 0, "pedestrian": 0, "bicycle": 0, "density": 1.0, "year_range": "unknown"}}, {"type": "Feature", "geometry": {"type": "Point", "coordinates": [-104.794595, 41.14955]}, "properties": {"crashes": 1, "injury": 0, "fatal": 0, "pedestrian": 0, "bicycle": 0, "density": 0.2, "year_range": "unknown"}}, {"type": "Feature", "geometry": {"type": "Point", "coordinates": [-104.803604, 41.145946]}, "properties": {"crashes": 1, "injury": 0, "fatal": 0, "pedestrian": 0, "bicycle": 0, "density": 0.2, "year_range": "unknown"}}, {"type": "Feature", "geometry": {"type": "Point", "coordinates": [-104.825225, 41.174775]}, "properties": {"crashes": 4, "injury": 0, "fatal": 0, "pedestrian": 0, "bicycle": 0, "density": 1.0, "year_range": "unknown"}}, {"type": "Feature", "geometry": {"type": "Point", "coordinates": [-104.809009, 41.10991]}, "properties": {"crashes": 13, "injury": 0, "fatal": 0, "pedestrian": 0, "bicycle": 0, "density": 3.2, "year_range": "unknown"}}, {"type": "Feature", "geometry": {"type": "Point", "coordinates": [-104.85045, 41.099099]}, "properties": {"crashes": 17, "injury": 0, "fatal": 0, "pedestrian": 0, "bicycle": 0, "density": 4.2, "year_range": "unknown"}}, {"type": "Feature", "geometry": {"type": "Point", "coordinates": [-104.837838, 41.227027]}, "properties": {"crashes": 7, "injury": 0, "fatal": 0, "pedestrian": 0, "bicycle": 0, "density": 1.8, "year_range": "unknown"}}, {"type": "Feature", "geometry": {"type": "Point", "coordinates": [-104.854054, 41.082883]}, "properties": {"crashes": 2, "injury": 0, "fatal": 0, "pedestrian": 0, "bicycle": 0, "density": 0.5, "year_range": "unknown"}}, {"type": "Feature", "geometry": {"type": "Point", "coordinates": [-104.990991, 41.108108]}, "properties": {"crashes": 1, "injury": 0, "fatal": 0, "pedestrian": 0, "bicycle": 0, "density": 0.2, "year_range": "unknown"}}, {"type": "Feature", "geometry": {"type": "Point", "coordinates": [-104.792793, 41.117117]}, "properties": {"crashes": 4, "injury": 0, "fatal": 0, "pedestrian": 0, "bicycle": 0, "density": 1.0, "year_range": "unknown"}}, {"type": "Feature", "geometry": {"type": "Point", "coordinates": [-104.823423, 41.126126]}, "properties": {"crashes": 13, "injury": 0, "fatal": 0, "pedestrian": 0, "bicycle": 0, "density": 3.2, "year_range": "unknown"}}, {"type": "Feature", "geometry": {"type": "Point", "coordinates": [-104.827027, 41.127928]}, "properties": {"crashes": 17, "injury": 0, "fatal": 0, "pedestrian": 0, "bicycle": 0, "density": 4.2, "year_range": "unknown"}}, {"type": "Feature", "geometry": {"type": "Point", "coordinates": [-104.767568, 41.189189]}, "properties": {"crashes": 12, "injury": 0, "fatal": 0, "pedestrian": 0, "bicycle": 0, "density": 3.0, "year_range": "unknown"}}, {"type": "Feature", "geometry": {"type": "Point", "coordinates": [-104.8, 41.095495]}, "properties": {"crashes": 3, "injury": 0, "fatal": 0, "pedestrian": 0, "bicycle": 0, "density": 0.8, "year_range": "unknown"}}, {"type": "Feature", "geometry": {"type": "Point", "coordinates": [-104.814414, 41.117117]}, "properties": {"crashes": 9, "injury": 0, "fatal": 0, "pedestrian": 0, "bicycle": 0, "density": 2.2, "year_range": "unknown"}}, {"type": "Feature", "geometry": {"type": "Point", "coordinates": [-104.866667, 41.07027]}, "properties": {"crashes": 3, "injury": 0, "fatal": 0, "pedestrian": 0, "bicycle": 0, "density": 0.8, "year_range": "unknown"}}, {"type": "Feature", "geometry": {"type": "Point", "coordinates": [-104.962162, 41.10991]}, "properties": {"crashes": 2, "injury": 0, "fatal": 0, "pedestrian": 0, "bicycle": 0, "density": 0.5, "year_range": "unknown"}}, {"type": "Feature", "geometry": {"type": "Point", "coordinates": [-105.073874, 41.100901]}, "properties": {"crashes": 2, "injury": 0, "fatal": 0, "pedestrian": 0, "bicycle": 0, "density": 0.5, "year_range": "unknown"}}, {"type": "Feature", "geometry": {"type": "Point", "coordinates": [-104.875676, 41.059459]}, "properties": {"crashes": 2, "injury": 0, "fatal": 0, "pedestrian": 0, "bicycle": 0, "density": 0.5, "year_range": "unknown"}}, {"type": "Feature", "geometry": {"type": "Point", "coordinates": [-104.790991, 41.12973]}, "properties": {"crashes": 1, "injury": 0, "fatal": 0, "pedestrian": 0, "bicycle": 0, "density": 0.2, "year_range": "unknown"}}, {"type": "Feature", "geometry": {"type": "Point", "coordinates": [-104.809009, 41.162162]}, "properties": {"crashes": 1, "injury": 0, "fatal": 0, "pedestrian": 0, "bicycle": 0, "density": 0.2, "year_range": "unknown"}}, {"type": "Feature", "geometry": {"type": "Point", "coordinates": [-104.827027, 41.113514]}, "properties": {"crashes": 6, "injury": 0, "fatal": 0, "pedestrian": 0, "bicycle": 0, "density": 1.5, "year_range": "unknown"}}, {"type": "Feature", "geometry": {"type": "Point", "coordinates": [-104.798198, 41.127928]}, "properties": {"crashes": 20, "injury": 0, "fatal": 0, "pedestrian": 0, "bicycle": 0, "density": 5.0, "year_range": "unknown"}}, {"type": "Feature", "geometry": {"type": "Point", "coordinates": [-104.731532, 41.147748]}, "properties": {"crashes": 1, "injury": 0, "fatal": 0, "pedestrian": 0, "bicycle": 0, "density": 0.2, "year_range": "unknown"}}, {"type": "Feature", "geometry": {"type": "Point", "coordinates": [-104.8, 41.162162]}, "properties": {"crashes": 3, "injury": 0, "fatal": 0, "pedestrian": 0, "bicycle": 0, "density": 0.8, "year_range": "unknown"}}, {"type": "Feature", "geometry": {"type": "Point", "coordinates": [-104.809009, 41.118919]}, "properties": {"crashes": 7, "injury": 0, "fatal": 0, "pedestrian": 0, "bicycle": 0, "density": 1.8, "year_range": "unknown"}}, {"type": "Feature", "geometry": {"type": "Point", "coordinates": [-104.823423, 41.12973]}, "properties": {"crashes": 10, "injury": 0, "fatal": 0, "pedestrian": 0, "bicycle": 0, "density": 2.5, "year_range": "unknown"}}, {"type": "Feature", "geometry": {"type": "Point", "coordinates": [-104.827027, 41.163964]}, "properties": {"crashes": 9, "injury": 0, "fatal": 0, "pedestrian": 0, "bicycle": 0, "density": 2.2, "year_range": "unknown"}}, {"type": "Feature", "geometry": {"type": "Point", "coordinates": [-104.751351, 41.147748]}, "properties": {"crashes": 1, "injury": 0, "fatal": 0, "pedestrian": 0, "bicycle": 0, "density": 0.2, "year_range": "unknown"}}, {"type": "Feature", "geometry": {"type": "Point", "coordinates": [-104.854054, 41.133333]}, "properties": {"crashes": 1, "injury": 0, "fatal": 0, "pedestrian": 0, "bicycle": 0, "density": 0.2, "year_range": "unknown"}}, {"type": "Feature", "geometry": {"type": "Point", "coordinates": [-104.81982, 41.117117]}, "properties": {"crashes": 3, "injury": 0, "fatal": 0, "pedestrian": 0, "bicycle": 0, "density": 0.8, "year_range": "unknown"}}, {"type": "Feature", "geometry": {"type": "Point", "coordinates": [-104.821622, 41.117117]}, "properties": {"crashes": 2, "injury": 0, "fatal": 0, "pedestrian": 0, "bicycle": 0, "density": 0.5, "year_range": "unknown"}}, {"type": "Feature", "geometry": {"type": "Point", "coordinates": [-104.722523, 41.127928]}, "properties": {"crashes": 3, "injury": 0, "fatal": 0, "pedestrian": 0, "bicycle": 0, "density": 0.8, "year_range": "unknown"}}, {"type": "Feature", "geometry": {"type": "Point", "coordinates": [-104.886486, 41.052252]}, "properties": {"crashes": 16, "injury": 0, "fatal": 0, "pedestrian": 0, "bicycle": 0, "density": 4.0, "year_range": "unknown"}}, {"type": "Feature", "geometry": {"type": "Point", "coordinates": [-104.655856, 41.158559]}, "properties": {"crashes": 13, "injury": 0, "fatal": 0, "pedestrian": 0, "bicycle": 0, "density": 3.2, "year_range": "unknown"}}, {"type": "Feature", "geometry": {"type": "Point", "coordinates": [-104.8, 41.136937]}, "properties": {"crashes": 5, "injury": 0, "fatal": 0, "pedestrian": 0, "bicycle": 0, "density": 1.2, "year_range": "unknown"}}, {"type": "Feature", "geometry": {"type": "Point", "coordinates": [-104.774775, 41.142342]}, "properties": {"crashes": 2, "injury": 0, "fatal": 0, "pedestrian": 0, "bicycle": 0, "density": 0.5, "year_range": "unknown"}}, {"type": "Feature", "geometry": {"type": "Point", "coordinates": [-104.790991, 41.135135]}, "properties": {"crashes": 7, "injury": 0, "fatal": 0, "pedestrian": 0, "bicycle": 0, "density": 1.8, "year_range": "unknown"}}, {"type": "Feature", "geometry": {"type": "Point", "coordinates": [-104.747748, 41.14955]}, "properties": {"crashes": 4, "injury": 0, "fatal": 0, "pedestrian": 0, "bicycle": 0, "density": 1.0, "year_range": "unknown"}}, {"type": "Feature", "geometry": {"type": "Point", "coordinates": [-104.828829, 41.142342]}, "properties": {"crashes": 3, "injury": 0, "fatal": 0, "pedestrian": 0, "bicycle": 0, "density": 0.8, "year_range": "unknown"}}, {"type": "Feature", "geometry": {"type": "Point", "coordinates": [-104.832432, 41.138739]}, "properties": {"crashes": 1, "injury": 0, "fatal": 0, "pedestrian": 0, "bicycle": 0, "density": 0.2, "year_range": "unknown"}}, {"type": "Feature", "geometry": {"type": "Point", "coordinates": [-104.664865, 41.16036]}, "properties": {"crashes": 1, "injury": 0, "fatal": 0, "pedestrian": 0, "bicycle": 0, "density": 0.2, "year_range": "unknown"}}, {"type": "Feature", "geometry": {"type": "Point", "coordinates": [-104.809009, 41.145946]}, "properties": {"crashes": 22, "injury": 0, "fatal": 0, "pedestrian": 0, "bicycle": 0, "density": 5.5, "year_range": "unknown"}}, {"type": "Feature", "geometry": {"type": "Point", "coordinates": [-104.810811, 41.12973]}, "properties": {"crashes": 6, "injury": 0, "fatal": 0, "pedestrian": 0, "bicycle": 0, "density": 1.5, "year_range": "unknown"}}, {"type": "Feature", "geometry": {"type": "Point", "coordinates": [-104.724324, 41.16036]}, "properties": {"crashes": 3, "injury": 0, "fatal": 0, "pedestrian": 0, "bicycle": 0, "density": 0.8, "year_range": "unknown"}}, {"type": "Feature", "geometry": {"type": "Point", "coordinates": [-104.821622, 41.145946]}, "properties": {"crashes": 57, "injury": 0, "fatal": 0, "pedestrian": 0, "bicycle": 0, "density": 14.2, "year_range": "unknown"}}, {"type": "Feature", "geometry": {"type": "Point", "coordinates": [-104.843243, 41.167568]}, "properties": {"crashes": 2, "injury": 0, "fatal": 0, "pedestrian": 0, "bicycle": 0, "density": 0.5, "year_range": "unknown"}}, {"type": "Feature", "geometry": {"type": "Point", "coordinates": [-105.097297, 41.099099]}, "properties": {"crashes": 2, "injury": 0, "fatal": 0, "pedestrian": 0, "bicycle": 0, "density": 0.5, "year_range": "unknown"}}, {"type": "Feature", "geometry": {"type": "Point", "coordinates": [-104.781982, 41.030631]}, "properties": {"crashes": 1, "injury": 0, "fatal": 0, "pedestrian": 0, "bicycle": 0, "density": 0.2, "year_range": "unknown"}}, {"type": "Feature", "geometry": {"type": "Point", "coordinates": [-104.895495, 41.036036]}, "properties": {"crashes": 6, "injury": 0, "fatal": 0, "pedestrian": 0, "bicycle": 0, "density": 1.5, "year_range": "unknown"}}, {"type": "Feature", "geometry": {"type": "Point", "coordinates": [-104.951351, 41.111712]}, "properties": {"crashes": 2, "injury": 0, "fatal": 0, "pedestrian": 0, "bicycle": 0, "density": 0.5, "year_range": "unknown"}}, {"type": "Feature", "geometry": {"type": "Point", "coordinates": [-104.884685, 41.055856]}, "properties": {"crashes": 8, "injury": 0, "fatal": 0, "pedestrian": 0, "bicycle": 0, "density": 2.0, "year_range": "unknown"}}, {"type": "Feature", "geometry": {"type": "Point", "coordinates": [-104.906306, 41.001802]}, "properties": {"crashes": 13, "injury": 0, "fatal": 0, "pedestrian": 0, "bicycle": 0, "density": 3.2, "year_range": "unknown"}}, {"type": "Feature", "geometry": {"type": "Point", "coordinates": [-104.85045, 41.100901]}, "properties": {"crashes": 3, "injury": 0, "fatal": 0, "pedestrian": 0, "bicycle": 0, "density": 0.8, "year_range": "unknown"}}, {"type": "Feature", "geometry": {"type": "Point", "coordinates": [-104.85045, 41.122523]}, "properties": {"crashes": 4, "injury": 0, "fatal": 0, "pedestrian": 0, "bicycle": 0, "density": 1.0, "year_range": "unknown"}}, {"type": "Feature", "geometry": {"type": "Point", "coordinates": [-104.863063, 41.115315]}, "properties": {"crashes": 2, "injury": 0, "fatal": 0, "pedestrian": 0, "bicycle": 0, "density": 0.5, "year_range": "unknown"}}, {"type": "Feature", "geometry": {"type": "Point", "coordinates": [-104.789189, 41.113514]}, "properties": {"crashes": 4, "injury": 0, "fatal": 0, "pedestrian": 0, "bicycle": 0, "density": 1.0, "year_range": "unknown"}}, {"type": "Feature", "geometry": {"type": "Point", "coordinates": [-104.807207, 41.140541]}, "properties": {"crashes": 19, "injury": 0, "fatal": 0, "pedestrian": 0, "bicycle": 0, "density": 4.8, "year_range": "unknown"}}, {"type": "Feature", "geometry": {"type": "Point", "coordinates": [-104.76036, 41.167568]}, "properties": {"crashes": 1, "injury": 0, "fatal": 0, "pedestrian": 0, "bicycle": 0, "density": 0.2, "year_range": "unknown"}}, {"type": "Feature", "geometry": {"type": "Point", "coordinates": [-104.8, 41.09009]}, "properties": {"crashes": 3, "injury": 0, "fatal": 0, "pedestrian": 0, "bicycle": 0, "density": 0.8, "year_range": "unknown"}}, {"type": "Feature", "geometry": {"type": "Point", "coordinates": [-104.803604, 41.172973]}, "properties": {"crashes": 1, "injury": 0, "fatal": 0, "pedestrian": 0, "bicycle": 0, "density": 0.2, "year_range": "unknown"}}, {"type": "Feature", "geometry": {"type": "Point", "coordinates": [-104.809009, 41.127928]}, "properties": {"crashes": 14, "injury": 0, "fatal": 0, "pedestrian": 0, "bicycle": 0, "density": 3.5, "year_range": "unknown"}}, {"type": "Feature", "geometry": {"type": "Point", "coordinates": [-104.823423, 41.153153]}, "properties": {"crashes": 6, "injury": 0, "fatal": 0, "pedestrian": 0, "bicycle": 0, "density": 1.5, "year_range": "unknown"}}, {"type": "Feature", "geometry": {"type": "Point", "coordinates": [-104.803604, 41.088288]}, "properties": {"crashes": 1, "injury": 0, "fatal": 0, "pedestrian": 0, "bicycle": 0, "density": 0.2, "year_range": "unknown"}}, {"type": "Feature", "geometry": {"type": "Point", "coordinates": [-104.828829, 41.135135]}, "properties": {"crashes": 1, "injury": 0, "fatal": 0, "pedestrian": 0, "bicycle": 0, "density": 0.2, "year_range": "unknown"}}, {"type": "Feature", "geometry": {"type": "Point", "coordinates": [-104.816216, 41.142342]}, "properties": {"crashes": 2, "injury": 0, "fatal": 0, "pedestrian": 0, "bicycle": 0, "density": 0.5, "year_range": "unknown"}}, {"type": "Feature", "geometry": {"type": "Point", "coordinates": [-104.830631, 41.142342]}, "properties": {"crashes": 11, "injury": 0, "fatal": 0, "pedestrian": 0, "bicycle": 0, "density": 2.8, "year_range": "unknown"}}, {"type": "Feature", "geometry": {"type": "Point", "coordinates": [-104.67027, 41.153153]}, "properties": {"crashes": 3, "injury": 0, "fatal": 0, "pedestrian": 0, "bicycle": 0, "density": 0.8, "year_range": "unknown"}}, {"type": "Feature", "geometry": {"type": "Point", "coordinates": [-104.794595, 41.135135]}, "properties": {"crashes": 25, "injury": 0, "fatal": 0, "pedestrian": 0, "bicycle": 0, "density": 6.2, "year_range": "unknown"}}, {"type": "Feature", "geometry": {"type": "Point", "coordinates": [-104.783784, 41.102703]}, "properties": {"crashes": 3, "injury": 0, "fatal": 0, "pedestrian": 0, "bicycle": 0, "density": 0.8, "year_range": "unknown"}}, {"type": "Feature", "geometry": {"type": "Point", "coordinates": [-104.814414, 41.138739]}, "properties": {"crashes": 10, "injury": 0, "fatal": 0, "pedestrian": 0, "bicycle": 0, "density": 2.5, "year_range": "unknown"}}, {"type": "Feature", "geometry": {"type": "Point", "coordinates": [-104.818018, 41.140541]}, "properties": {"crashes": 22, "injury": 0, "fatal": 0, "pedestrian": 0, "bicycle": 0, "density": 5.5, "year_range": "unknown"}}, {"type": "Feature", "geometry": {"type": "Point", "coordinates": [-104.828829, 41.145946]}, "properties": {"crashes": 4, "injury": 0, "fatal": 0, "pedestrian": 0, "bicycle": 0, "density": 1.0, "year_range": "unknown"}}, {"type": "Feature", "geometry": {"type": "Point", "coordinates": [-104.810811, 41.102703]}, "properties": {"crashes": 1, "injury": 0, "fatal": 0, "pedestrian": 0, "bicycle": 0, "density": 0.2, "year_range": "unknown"}}, {"type": "Feature", "geometry": {"type": "Point", "coordinates": [-104.8, 41.091892]}, "properties": {"crashes": 7, "injury": 0, "fatal": 0, "pedestrian": 0, "bicycle": 0, "density": 1.8, "year_range": "unknown"}}, {"type": "Feature", "geometry": {"type": "Point", "coordinates": [-104.769369, 41.144144]}, "properties": {"crashes": 9, "injury": 0, "fatal": 0, "pedestrian": 0, "bicycle": 0, "density": 2.2, "year_range": "unknown"}}, {"type": "Feature", "geometry": {"type": "Point", "coordinates": [-105.145946, 41.099099]}, "properties": {"crashes": 1, "injury": 0, "fatal": 0, "pedestrian": 0, "bicycle": 0, "density": 0.2, "year_range": "unknown"}}, {"type": "Feature", "geometry": {"type": "Point", "coordinates": [-105.144144, 41.099099]}, "properties": {"crashes": 2, "injury": 0, "fatal": 0, "pedestrian": 0, "bicycle": 0, "density": 0.5, "year_range": "unknown"}}, {"type": "Feature", "geometry": {"type": "Point", "coordinates": [-104.751351, 41.14955]}, "properties": {"crashes": 3, "injury": 0, "fatal": 0, "pedestrian": 0, "bicycle": 0, "density": 0.8, "year_range": "unknown"}}, {"type": "Feature", "geometry": {"type": "Point", "coordinates": [-104.693694, 41.16036]}, "properties": {"crashes": 6, "injury": 0, "fatal": 0, "pedestrian": 0, "bicycle": 0, "density": 1.5, "year_range": "unknown"}}, {"type": "Feature", "geometry": {"type": "Point", "coordinates": [-104.745946, 41.136937]}, "properties": {"crashes": 2, "injury": 0, "fatal": 0, "pedestrian": 0, "bicycle": 0, "density": 0.5, "year_range": "unknown"}}, {"type": "Feature", "geometry": {"type": "Point", "coordinates": [-104.767568, 41.144144]}, "properties": {"crashes": 4, "injury": 0, "fatal": 0, "pedestrian": 0, "bicycle": 0, "density": 1.0, "year_range": "unknown"}}, {"type": "Feature", "geometry": {"type": "Point", "coordinates": [-104.771171, 41.154955]}, "properties": {"crashes": 2, "injury": 0, "fatal": 0, "pedestrian": 0, "bicycle": 0, "density": 0.5, "year_range": "unknown"}}, {"type": "Feature", "geometry": {"type": "Point", "coordinates": [-104.848649, 41.115315]}, "properties": {"crashes": 5, "injury": 0, "fatal": 0, "pedestrian": 0, "bicycle": 0, "density": 1.2, "year_range": "unknown"}}, {"type": "Feature", "geometry": {"type": "Point", "coordinates": [-104.771171, 41.140541]}, "properties": {"crashes": 1, "injury": 0, "fatal": 0, "pedestrian": 0, "bicycle": 0, "density": 0.2, "year_range": "unknown"}}, {"type": "Feature", "geometry": {"type": "Point", "coordinates": [-104.801802, 41.136937]}, "properties": {"crashes": 4, "injury": 0, "fatal": 0, "pedestrian": 0, "bicycle": 0, "density": 1.0, "year_range": "unknown"}}, {"type": "Feature", "geometry": {"type": "Point", "coordinates": [-104.767568, 41.124324]}, "properties": {"crashes": 12, "injury": 0, "fatal": 0, "pedestrian": 0, "bicycle": 0, "density": 3.0, "year_range": "unknown"}}, {"type": "Feature", "geometry": {"type": "Point", "coordinates": [-104.753153, 41.145946]}, "properties": {"crashes": 3, "injury": 0, "fatal": 0, "pedestrian": 0, "bicycle": 0, "density": 0.8, "year_range": "unknown"}}, {"type": "Feature", "geometry": {"type": "Point", "coordinates": [-104.81982, 41.174775]}, "properties": {"crashes": 12, "injury": 0, "fatal": 0, "pedestrian": 0, "bicycle": 0, "density": 3.0, "year_range": "unknown"}}, {"type": "Feature", "geometry": {"type": "Point", "coordinates": [-104.852252, 41.218018]}, "properties": {"crashes": 2, "injury": 0, "fatal": 0, "pedestrian": 0, "bicycle": 0, "density": 0.5, "year_range": "unknown"}}, {"type": "Feature", "geometry": {"type": "Point", "coordinates": [-104.834234, 41.189189]}, "properties": {"crashes": 2, "injury": 0, "fatal": 0, "pedestrian": 0, "bicycle": 0, "density": 0.5, "year_range": "unknown"}}, {"type": "Feature", "geometry": {"type": "Point", "coordinates": [-104.812613, 41.131532]}, "properties": {"crashes": 8, "injury": 0, "fatal": 0, "pedestrian": 0, "bicycle": 0, "density": 2.0, "year_range": "unknown"}}, {"type": "Feature", "geometry": {"type": "Point", "coordinates": [-104.8, 41.099099]}, "properties": {"crashes": 7, "injury": 0, "fatal": 0, "pedestrian": 0, "bicycle": 0, "density": 1.8, "year_range": "unknown"}}, {"type": "Feature", "geometry": {"type": "Point", "coordinates": [-104.763964, 41.136937]}, "properties": {"crashes": 40, "injury": 0, "fatal": 0, "pedestrian": 0, "bicycle": 0, "density": 10.0, "year_range": "unknown"}}, {"type": "Feature", "geometry": {"type": "Point", "coordinates": [-104.787387, 41.12973]}, "properties": {"crashes": 1, "injury": 0, "fatal": 0, "pedestrian": 0, "bicycle": 0, "density": 0.2, "year_range": "unknown"}}, {"type": "Feature", "geometry": {"type": "Point", "coordinates": [-104.711712, 41.16036]}, "properties": {"crashes": 1, "injury": 0, "fatal": 0, "pedestrian": 0, "bicycle": 0, "density": 0.2, "year_range": "unknown"}}, {"type": "Feature", "geometry": {"type": "Point", "coordinates": [-104.805405, 41.136937]}, "properties": {"crashes": 17, "injury": 0, "fatal": 0, "pedestrian": 0, "bicycle": 0, "density": 4.2, "year_range": "unknown"}}, {"type": "Feature", "geometry": {"type": "Point", "coordinates": [-104.765766, 41.174775]}, "properties": {"crashes": 1, "injury": 0, "fatal": 0, "pedestrian": 0, "bicycle": 0, "density": 0.2, "year_range": "unknown"}}, {"type": "Feature", "geometry": {"type": "Point", "coordinates": [-104.823423, 41.117117]}, "properties": {"crashes": 6, "injury": 0, "fatal": 0, "pedestrian": 0, "bicycle": 0, "density": 1.5, "year_range": "unknown"}}, {"type": "Feature", "geometry": {"type": "Point", "coordinates": [-104.83964, 41.163964]}, "properties": {"crashes": 15, "injury": 0, "fatal": 0, "pedestrian": 0, "bicycle": 0, "density": 3.8, "year_range": "unknown"}}, {"type": "Feature", "geometry": {"type": "Point", "coordinates": [-104.731532, 41.165766]}, "properties": {"crashes": 3, "injury": 0, "fatal": 0, "pedestrian": 0, "bicycle": 0, "density": 0.8, "year_range": "unknown"}}, {"type": "Feature", "geometry": {"type": "Point", "coordinates": [-104.807207, 41.122523]}, "properties": {"crashes": 17, "injury": 0, "fatal": 0, "pedestrian": 0, "bicycle": 0, "density": 4.2, "year_range": "unknown"}}, {"type": "Feature", "geometry": {"type": "Point", "coordinates": [-104.814414, 41.163964]}, "properties": {"crashes": 1, "injury": 0, "fatal": 0, "pedestrian": 0, "bicycle": 0, "density": 0.2, "year_range": "unknown"}}, {"type": "Feature", "geometry": {"type": "Point", "coordinates": [-104.884685, 41.03964]}, "properties": {"crashes": 2, "injury": 0, "fatal": 0, "pedestrian": 0, "bicycle": 0, "density": 0.5, "year_range": "unknown"}}, {"type": "Feature", "geometry": {"type": "Point", "coordinates": [-104.85045, 41.106306]}, "properties": {"crashes": 9, "injury": 0, "fatal": 0, "pedestrian": 0, "bicycle": 0, "density": 2.2, "year_range": "unknown"}}, {"type": "Feature", "geometry": {"type": "Point", "coordinates": [-104.762162, 41.154955]}, "properties": {"crashes": 1, "injury": 0, "fatal": 0, "pedestrian": 0, "bicycle": 0, "density": 0.2, "year_range": "unknown"}}, {"type": "Feature", "geometry": {"type": "Point", "coordinates": [-104.803604, 41.10991]}, "properties": {"crashes": 2, "injury": 0, "fatal": 0, "pedestrian": 0, "bicycle": 0, "density": 0.5, "year_range": "unknown"}}, {"type": "Feature", "geometry": {"type": "Point", "coordinates": [-104.825225, 41.108108]}, "properties": {"crashes": 4, "injury": 0, "fatal": 0, "pedestrian": 0, "bicycle": 0, "density": 1.0, "year_range": "unknown"}}, {"type": "Feature", "geometry": {"type": "Point", "coordinates": [-104.76036, 41.145946]}, "properties": {"crashes": 57, "injury": 0, "fatal": 0, "pedestrian": 0, "bicycle": 0, "density": 14.2, "year_range": "unknown"}}, {"type": "Feature", "geometry": {"type": "Point", "coordinates": [-104.8, 41.086486]}, "properties": {"crashes": 18, "injury": 0, "fatal": 0, "pedestrian": 0, "bicycle": 0, "density": 4.5, "year_range": "unknown"}}, {"type": "Feature", "geometry": {"type": "Point", "coordinates": [-104.805405, 41.14955]}, "properties": {"crashes": 2, "injury": 0, "fatal": 0, "pedestrian": 0, "bicycle": 0, "density": 0.5, "year_range": "unknown"}}, {"type": "Feature", "geometry": {"type": "Point", "coordinates": [-104.83964, 41.144144]}, "properties": {"crashes": 3, "injury": 0, "fatal": 0, "pedestrian": 0, "bicycle": 0, "density": 0.8, "year_range": "unknown"}}, {"type": "Feature", "geometry": {"type": "Point", "coordinates": [-104.83964, 41.171171]}, "properties": {"crashes": 3, "injury": 0, "fatal": 0, "pedestrian": 0, "bicycle": 0, "density": 0.8, "year_range": "unknown"}}, {"type": "Feature", "geometry": {"type": "Point", "coordinates": [-104.83964, 41.138739]}, "properties": {"crashes": 19, "injury": 0, "fatal": 0, "pedestrian": 0, "bicycle": 0, "density": 4.8, "year_range": "unknown"}}, {"type": "Feature", "geometry": {"type": "Point", "coordinates": [-104.861261, 41.073874]}, "properties": {"crashes": 5, "injury": 0, "fatal": 0, "pedestrian": 0, "bicycle": 0, "density": 1.2, "year_range": "unknown"}}, {"type": "Feature", "geometry": {"type": "Point", "coordinates": [-104.769369, 41.145946]}, "properties": {"crashes": 45, "injury": 0, "fatal": 0, "pedestrian": 0, "bicycle": 0, "density": 11.2, "year_range": "unknown"}}, {"type": "Feature", "geometry": {"type": "Point", "coordinates": [-104.832432, 41.162162]}, "properties": {"crashes": 4, "injury": 0, "fatal": 0, "pedestrian": 0, "bicycle": 0, "density": 1.0, "year_range": "unknown"}}, {"type": "Feature", "geometry": {"type": "Point", "coordinates": [-104.827027, 41.23964]}, "properties": {"crashes": 14, "injury": 0, "fatal": 0, "pedestrian": 0, "bicycle": 0, "density": 3.5, "year_range": "unknown"}}, {"type": "Feature", "geometry": {"type": "Point", "coordinates": [-104.83964, 41.140541]}, "properties": {"crashes": 12, "injury": 0, "fatal": 0, "pedestrian": 0, "bicycle": 0, "density": 3.0, "year_range": "unknown"}}, {"type": "Feature", "geometry": {"type": "Point", "coordinates": [-104.790991, 41.140541]}, "properties": {"crashes": 6, "injury": 0, "fatal": 0, "pedestrian": 0, "bicycle": 0, "density": 1.5, "year_range": "unknown"}}, {"type": "Feature", "geometry": {"type": "Point", "coordinates": [-104.809009, 41.117117]}, "properties": {"crashes": 32, "injury": 0, "fatal": 0, "pedestrian": 0, "bicycle": 0, "density": 8.0, "year_range": "unknown"}}, {"type": "Feature", "geometry": {"type": "Point", "coordinates": [-104.843243, 41.115315]}, "properties": {"crashes": 6, "injury": 0, "fatal": 0, "pedestrian": 0, "bicycle": 0, "density": 1.5, "year_range": "unknown"}}, {"type": "Feature", "geometry": {"type": "Point", "coordinates": [-104.812613, 41.115315]}, "properties": {"crashes": 3, "injury": 0, "fatal": 0, "pedestrian": 0, "bicycle": 0, "density": 0.8, "year_range": "unknown"}}, {"type": "Feature", "geometry": {"type": "Point", "coordinates": [-104.767568, 41.203604]}, "properties": {"crashes": 4, "injury": 0, "fatal": 0, "pedestrian": 0, "bicycle": 0, "density": 1.0, "year_range": "unknown"}}, {"type": "Feature", "geometry": {"type": "Point", "coordinates": [-104.818018, 41.131532]}, "properties": {"crashes": 10, "injury": 0, "fatal": 0, "pedestrian": 0, "bicycle": 0, "density": 2.5, "year_range": "unknown"}}, {"type": "Feature", "geometry": {"type": "Point", "coordinates": [-104.818018, 41.126126]}, "properties": {"crashes": 3, "injury": 0, "fatal": 0, "pedestrian": 0, "bicycle": 0, "density": 0.8, "year_range": "unknown"}}, {"type": "Feature", "geometry": {"type": "Point", "coordinates": [-104.776577, 41.138739]}, "properties": {"crashes": 6, "injury": 0, "fatal": 0, "pedestrian": 0, "bicycle": 0, "density": 1.5, "year_range": "unknown"}}, {"type": "Feature", "geometry": {"type": "Point", "coordinates": [-104.834234, 41.14955]}, "properties": {"crashes": 1, "injury": 0, "fatal": 0, "pedestrian": 0, "bicycle": 0, "density": 0.2, "year_range": "unknown"}}, {"type": "Feature", "geometry": {"type": "Point", "coordinates": [-104.814414, 41.118919]}, "properties": {"crashes": 3, "injury": 0, "fatal": 0, "pedestrian": 0, "bicycle": 0, "density": 0.8, "year_range": "unknown"}}, {"type": "Feature", "geometry": {"type": "Point", "coordinates": [-104.785586, 41.138739]}, "properties": {"crashes": 38, "injury": 0, "fatal": 0, "pedestrian": 0, "bicycle": 0, "density": 9.5, "year_range": "unknown"}}, {"type": "Feature", "geometry": {"type": "Point", "coordinates": [-104.845045, 41.127928]}, "properties": {"crashes": 3, "injury": 0, "fatal": 0, "pedestrian": 0, "bicycle": 0, "density": 0.8, "year_range": "unknown"}}, {"type": "Feature", "geometry": {"type": "Point", "coordinates": [-104.807207, 41.120721]}, "properties": {"crashes": 3, "injury": 0, "fatal": 0, "pedestrian": 0, "bicycle": 0, "density": 0.8, "year_range": "unknown"}}, {"type": "Feature", "geometry": {"type": "Point", "coordinates": [-104.832432, 41.117117]}, "properties": {"crashes": 1, "injury": 0, "fatal": 0, "pedestrian": 0, "bicycle": 0, "density": 0.2, "year_range": "unknown"}}, {"type": "Feature", "geometry": {"type": "Point", "coordinates": [-104.830631, 41.117117]}, "properties": {"crashes": 3, "injury": 0, "fatal": 0, "pedestrian": 0, "bicycle": 0, "density": 0.8, "year_range": "unknown"}}, {"type": "Feature", "geometry": {"type": "Point", "coordinates": [-104.895495, 41.117117]}, "properties": {"crashes": 3, "injury": 0, "fatal": 0, "pedestrian": 0, "bicycle": 0, "density": 0.8, "year_range": "unknown"}}, {"type": "Feature", "geometry": {"type": "Point", "coordinates": [-104.814414, 41.136937]}, "properties": {"crashes": 19, "injury": 0, "fatal": 0, "pedestrian": 0, "bicycle": 0, "density": 4.8, "year_range": "unknown"}}, {"type": "Feature", "geometry": {"type": "Point", "coordinates": [-104.983784, 41.09009]}, "properties": {"crashes": 1, "injury": 0, "fatal": 0, "pedestrian": 0, "bicycle": 0, "density": 0.2, "year_range": "unknown"}}, {"type": "Feature", "geometry": {"type": "Point", "coordinates": [-105.167568, 41.097297]}, "properties": {"crashes": 2, "injury": 0, "fatal": 0, "pedestrian": 0, "bicycle": 0, "density": 0.5, "year_range": "unknown"}}, {"type": "Feature", "geometry": {"type": "Point", "coordinates": [-104.976577, 41.108108]}, "properties": {"crashes": 1, "injury": 0, "fatal": 0, "pedestrian": 0, "bicycle": 0, "density": 0.2, "year_range": "unknown"}}, {"type": "Feature", "geometry": {"type": "Point", "coordinates": [-104.837838, 41.178378]}, "properties": {"crashes": 3, "injury": 0, "fatal": 0, "pedestrian": 0, "bicycle": 0, "density": 0.8, "year_range": "unknown"}}, {"type": "Feature", "geometry": {"type": "Point", "coordinates": [-104.830631, 41.147748]}, "properties": {"crashes": 9, "injury": 0, "fatal": 0, "pedestrian": 0, "bicycle": 0, "density": 2.2, "year_range": "unknown"}}, {"type": "Feature", "geometry": {"type": "Point", "coordinates": [-105.068468, 41.099099]}, "properties": {"crashes": 2, "injury": 0, "fatal": 0, "pedestrian": 0, "bicycle": 0, "density": 0.5, "year_range": "unknown"}}, {"type": "Feature", "geometry": {"type": "Point", "coordinates": [-104.816216, 41.133333]}, "properties": {"crashes": 33, "injury": 0, "fatal": 0, "pedestrian": 0, "bicycle": 0, "density": 8.2, "year_range": "unknown"}}, {"type": "Feature", "geometry": {"type": "Point", "coordinates": [-104.825225, 41.131532]}, "properties": {"crashes": 6, "injury": 0, "fatal": 0, "pedestrian": 0, "bicycle": 0, "density": 1.5, "year_range": "unknown"}}, {"type": "Feature", "geometry": {"type": "Point", "coordinates": [-105.169369, 41.097297]}, "properties": {"crashes": 2, "injury": 0, "fatal": 0, "pedestrian": 0, "bicycle": 0, "density": 0.5, "year_range": "unknown"}}, {"type": "Feature", "geometry": {"type": "Point", "coordinates": [-104.816216, 41.131532]}, "properties": {"crashes": 17, "injury": 0, "fatal": 0, "pedestrian": 0, "bicycle": 0, "density": 4.2, "year_range": "unknown"}}, {"type": "Feature", "geometry": {"type": "Point", "coordinates": [-104.769369, 41.174775]}, "properties": {"crashes": 2, "injury": 0, "fatal": 0, "pedestrian": 0, "bicycle": 0, "density": 0.5, "year_range": "unknown"}}, {"type": "Feature", "geometry": {"type": "Point", "coordinates": [-104.828829, 41.203604]}, "properties": {"crashes": 12, "injury": 0, "fatal": 0, "pedestrian": 0, "bicycle": 0, "density": 3.0, "year_range": "unknown"}}, {"type": "Feature", "geometry": {"type": "Point", "coordinates": [-104.823423, 41.145946]}, "properties": {"crashes": 15, "injury": 0, "fatal": 0, "pedestrian": 0, "bicycle": 0, "density": 3.8, "year_range": "unknown"}}, {"type": "Feature", "geometry": {"type": "Point", "coordinates": [-104.803604, 41.140541]}, "properties": {"crashes": 3, "injury": 0, "fatal": 0, "pedestrian": 0, "bicycle": 0, "density": 0.8, "year_range": "unknown"}}, {"type": "Feature", "geometry": {"type": "Point", "coordinates": [-104.886486, 41.054054]}, "properties": {"crashes": 13, "injury": 0, "fatal": 0, "pedestrian": 0, "bicycle": 0, "density": 3.2, "year_range": "unknown"}}, {"type": "Feature", "geometry": {"type": "Point", "coordinates": [-104.744144, 41.16036]}, "properties": {"crashes": 6, "injury": 0, "fatal": 0, "pedestrian": 0, "bicycle": 0, "density": 1.5, "year_range": "unknown"}}, {"type": "Feature", "geometry": {"type": "Point", "coordinates": [-104.837838, 41.135135]}, "properties": {"crashes": 5, "injury": 0, "fatal": 0, "pedestrian": 0, "bicycle": 0, "density": 1.2, "year_range": "unknown"}}, {"type": "Feature", "geometry": {"type": "Point", "coordinates": [-104.74955, 41.145946]}, "properties": {"crashes": 10, "injury": 0, "fatal": 0, "pedestrian": 0, "bicycle": 0, "density": 2.5, "year_range": "unknown"}}, {"type": "Feature", "geometry": {"type": "Point", "coordinates": [-104.852252, 41.118919]}, "properties": {"crashes": 2, "injury": 0, "fatal": 0, "pedestrian": 0, "bicycle": 0, "density": 0.5, "year_range": "unknown"}}, {"type": "Feature", "geometry": {"type": "Point", "coordinates": [-104.810811, 41.054054]}, "properties": {"crashes": 2, "injury": 0, "fatal": 0, "pedestrian": 0, "bicycle": 0, "density": 0.5, "year_range": "unknown"}}, {"type": "Feature", "geometry": {"type": "Point", "coordinates": [-104.814414, 41.135135]}, "properties": {"crashes": 30, "injury": 0, "fatal": 0, "pedestrian": 0, "bicycle": 0, "density": 7.5, "year_range": "unknown"}}, {"type": "Feature", "geometry": {"type": "Point", "coordinates": [-104.711712, 41.131532]}, "properties": {"crashes": 5, "injury": 0, "fatal": 0, "pedestrian": 0, "bicycle": 0, "density": 1.2, "year_range": "unknown"}}, {"type": "Feature", "geometry": {"type": "Point", "coordinates": [-104.796396, 41.162162]}, "properties": {"crashes": 14, "injury": 0, "fatal": 0, "pedestrian": 0, "bicycle": 0, "density": 3.5, "year_range": "unknown"}}, {"type": "Feature", "geometry": {"type": "Point", "coordinates": [-104.726126, 41.158559]}, "properties": {"crashes": 2, "injury": 0, "fatal": 0, "pedestrian": 0, "bicycle": 0, "density": 0.5, "year_range": "unknown"}}, {"type": "Feature", "geometry": {"type": "Point", "coordinates": [-104.81982, 41.118919]}, "properties": {"crashes": 2, "injury": 0, "fatal": 0, "pedestrian": 0, "bicycle": 0, "density": 0.5, "year_range": "unknown"}}, {"type": "Feature", "geometry": {"type": "Point", "coordinates": [-104.843243, 41.189189]}, "properties": {"crashes": 1, "injury": 0, "fatal": 0, "pedestrian": 0, "bicycle": 0, "density": 0.2, "year_range": "unknown"}}, {"type": "Feature", "geometry": {"type": "Point", "coordinates": [-104.778378, 41.158559]}, "properties": {"crashes": 7, "injury": 0, "fatal": 0, "pedestrian": 0, "bicycle": 0, "density": 1.8, "year_range": "unknown"}}, {"type": "Feature", "geometry": {"type": "Point", "coordinates": [-104.801802, 41.126126]}, "properties": {"crashes": 12, "injury": 0, "fatal": 0, "pedestrian": 0, "bicycle": 0, "density": 3.0, "year_range": "unknown"}}, {"type": "Feature", "geometry": {"type": "Point", "coordinates": [-104.814414, 41.126126]}, "properties": {"crashes": 10, "injury": 0, "fatal": 0, "pedestrian": 0, "bicycle": 0, "density": 2.5, "year_range": "unknown"}}, {"type": "Feature", "geometry": {"type": "Point", "coordinates": [-104.836036, 41.218018]}, "properties": {"crashes": 5, "injury": 0, "fatal": 0, "pedestrian": 0, "bicycle": 0, "density": 1.2, "year_range": "unknown"}}, {"type": "Feature", "geometry": {"type": "Point", "coordinates": [-104.785586, 41.133333]}, "properties": {"crashes": 14, "injury": 0, "fatal": 0, "pedestrian": 0, "bicycle": 0, "density": 3.5, "year_range": "unknown"}}, {"type": "Feature", "geometry": {"type": "Point", "coordinates": [-104.809009, 41.140541]}, "properties": {"crashes": 1, "injury": 0, "fatal": 0, "pedestrian": 0, "bicycle": 0, "density": 0.2, "year_range": "unknown"}}, {"type": "Feature", "geometry": {"type": "Point", "coordinates": [-104.83964, 41.153153]}, "properties": {"crashes": 1, "injury": 0, "fatal": 0, "pedestrian": 0, "bicycle": 0, "density": 0.2, "year_range": "unknown"}}, {"type": "Feature", "geometry": {"type": "Point", "coordinates": [-105.086486, 41.099099]}, "properties": {"crashes": 1, "injury": 0, "fatal": 0, "pedestrian": 0, "bicycle": 0, "density": 0.2, "year_range": "unknown"}}, {"type": "Feature", "geometry": {"type": "Point", "coordinates": [-104.789189, 41.117117]}, "properties": {"crashes": 10, "injury": 0, "fatal": 0, "pedestrian": 0, "bicycle": 0, "density": 2.5, "year_range": "unknown"}}, {"type": "Feature", "geometry": {"type": "Point", "coordinates": [-104.78018, 41.12973]}, "properties": {"crashes": 1, "injury": 0, "fatal": 0, "pedestrian": 0, "bicycle": 0, "density": 0.2, "year_range": "unknown"}}, {"type": "Feature", "geometry": {"type": "Point", "coordinates": [-104.818018, 41.174775]}, "properties": {"crashes": 5, "injury": 0, "fatal": 0, "pedestrian": 0, "bicycle": 0, "density": 1.2, "year_range": "unknown"}}, {"type": "Feature", "geometry": {"type": "Point", "coordinates": [-104.8, 41.10991]}, "properties": {"crashes": 34, "injury": 0, "fatal": 0, "pedestrian": 0, "bicycle": 0, "density": 8.5, "year_range": "unknown"}}, {"type": "Feature", "geometry": {"type": "Point", "coordinates": [-104.771171, 41.163964]}, "properties": {"crashes": 1, "injury": 0, "fatal": 0, "pedestrian": 0, "bicycle": 0, "density": 0.2, "year_range": "unknown"}}, {"type": "Feature", "geometry": {"type": "Point", "coordinates": [-104.809009, 41.178378]}, "properties": {"crashes": 4, "injury": 0, "fatal": 0, "pedestrian": 0, "bicycle": 0, "density": 1.0, "year_range": "unknown"}}, {"type": "Feature", "geometry": {"type": "Point", "coordinates": [-104.85045, 41.104505]}, "properties": {"crashes": 7, "injury": 0, "fatal": 0, "pedestrian": 0, "bicycle": 0, "density": 1.8, "year_range": "unknown"}}, {"type": "Feature", "geometry": {"type": "Point", "coordinates": [-104.763964, 41.163964]}, "properties": {"crashes": 2, "injury": 0, "fatal": 0, "pedestrian": 0, "bicycle": 0, "density": 0.5, "year_range": "unknown"}}, {"type": "Feature", "geometry": {"type": "Point", "coordinates": [-104.796396, 41.140541]}, "properties": {"crashes": 5, "injury": 0, "fatal": 0, "pedestrian": 0, "bicycle": 0, "density": 1.2, "year_range": "unknown"}}, {"type": "Feature", "geometry": {"type": "Point", "coordinates": [-104.809009, 41.16036]}, "properties": {"crashes": 24, "injury": 0, "fatal": 0, "pedestrian": 0, "bicycle": 0, "density": 6.0, "year_range": "unknown"}}, {"type": "Feature", "geometry": {"type": "Point", "coordinates": [-104.627027, 41.122523]}, "properties": {"crashes": 1, "injury": 0, "fatal": 0, "pedestrian": 0, "bicycle": 0, "density": 0.2, "year_range": "unknown"}}, {"type": "Feature", "geometry": {"type": "Point", "coordinates": [-104.787387, 41.142342]}, "properties": {"crashes": 4, "injury": 0, "fatal": 0, "pedestrian": 0, "bicycle": 0, "density": 1.0, "year_range": "unknown"}}, {"type": "Feature", "geometry": {"type": "Point", "coordinates": [-104.809009, 41.102703]}, "properties": {"crashes": 13, "injury": 0, "fatal": 0, "pedestrian": 0, "bicycle": 0, "density": 3.2, "year_range": "unknown"}}, {"type": "Feature", "geometry": {"type": "Point", "coordinates": [-104.776577, 41.16036]}, "properties": {"crashes": 4, "injury": 0, "fatal": 0, "pedestrian": 0, "bicycle": 0, "density": 1.0, "year_range": "unknown"}}, {"type": "Feature", "geometry": {"type": "Point", "coordinates": [-104.78018, 41.138739]}, "properties": {"crashes": 7, "injury": 0, "fatal": 0, "pedestrian": 0, "bicycle": 0, "density": 1.8, "year_range": "unknown"}}, {"type": "Feature", "geometry": {"type": "Point", "coordinates": [-104.767568, 41.133333]}, "properties": {"crashes": 1, "injury": 0, "fatal": 0, "pedestrian": 0, "bicycle": 0, "density": 0.2, "year_range": "unknown"}}, {"type": "Feature", "geometry": {"type": "Point", "coordinates": [-104.792793, 41.145946]}, "properties": {"crashes": 6, "injury": 0, "fatal": 0, "pedestrian": 0, "bicycle": 0, "density": 1.5, "year_range": "unknown"}}, {"type": "Feature", "geometry": {"type": "Point", "coordinates": [-104.72973, 41.154955]}, "properties": {"crashes": 2, "injury": 0, "fatal": 0, "pedestrian": 0, "bicycle": 0, "density": 0.5, "year_range": "unknown"}}, {"type": "Feature", "geometry": {"type": "Point", "coordinates": [-104.771171, 41.165766]}, "properties": {"crashes": 3, "injury": 0, "fatal": 0, "pedestrian": 0, "bicycle": 0, "density": 0.8, "year_range": "unknown"}}, {"type": "Feature", "geometry": {"type": "Point", "coordinates": [-104.798198, 41.158559]}, "properties": {"crashes": 1, "injury": 0, "fatal": 0, "pedestrian": 0, "bicycle": 0, "density": 0.2, "year_range": "unknown"}}, {"type": "Feature", "geometry": {"type": "Point", "coordinates": [-104.798198, 41.117117]}, "properties": {"crashes": 4, "injury": 0, "fatal": 0, "pedestrian": 0, "bicycle": 0, "density": 1.0, "year_range": "unknown"}}, {"type": "Feature", "geometry": {"type": "Point", "coordinates": [-104.790991, 41.136937]}, "properties": {"crashes": 9, "injury": 0, "fatal": 0, "pedestrian": 0, "bicycle": 0, "density": 2.2, "year_range": "unknown"}}, {"type": "Feature", "geometry": {"type": "Point", "coordinates": [-104.805405, 41.138739]}, "properties": {"crashes": 11, "injury": 0, "fatal": 0, "pedestrian": 0, "bicycle": 0, "density": 2.8, "year_range": "unknown"}}, {"type": "Feature", "geometry": {"type": "Point", "coordinates": [-104.713514, 41.187387]}, "properties": {"crashes": 3, "injury": 0, "fatal": 0, "pedestrian": 0, "bicycle": 0, "density": 0.8, "year_range": "unknown"}}, {"type": "Feature", "geometry": {"type": "Point", "coordinates": [-104.758559, 41.131532]}, "properties": {"crashes": 2, "injury": 0, "fatal": 0, "pedestrian": 0, "bicycle": 0, "density": 0.5, "year_range": "unknown"}}, {"type": "Feature", "geometry": {"type": "Point", "coordinates": [-104.663063, 41.16036]}, "properties": {"crashes": 2, "injury": 0, "fatal": 0, "pedestrian": 0, "bicycle": 0, "density": 0.5, "year_range": "unknown"}}, {"type": "Feature", "geometry": {"type": "Point", "coordinates": [-104.771171, 41.167568]}, "properties": {"crashes": 1, "injury": 0, "fatal": 0, "pedestrian": 0, "bicycle": 0, "density": 0.2, "year_range": "unknown"}}, {"type": "Feature", "geometry": {"type": "Point", "coordinates": [-104.778378, 41.138739]}, "properties": {"crashes": 3, "injury": 0, "fatal": 0, "pedestrian": 0, "bicycle": 0, "density": 0.8, "year_range": "unknown"}}, {"type": "Feature", "geometry": {"type": "Point", "coordinates": [-104.825225, 41.145946]}, "properties": {"crashes": 4, "injury": 0, "fatal": 0, "pedestrian": 0, "bicycle": 0, "density": 1.0, "year_range": "unknown"}}, {"type": "Feature", "geometry": {"type": "Point", "coordinates": [-104.845045, 41.126126]}, "properties": {"crashes": 3, "injury": 0, "fatal": 0, "pedestrian": 0, "bicycle": 0, "density": 0.8, "year_range": "unknown"}}, {"type": "Feature", "geometry": {"type": "Point", "coordinates": [-104.625225, 41.158559]}, "properties": {"crashes": 3, "injury": 0, "fatal": 0, "pedestrian": 0, "bicycle": 0, "density": 0.8, "year_range": "unknown"}}, {"type": "Feature", "geometry": {"type": "Point", "coordinates": [-104.708108, 41.133333]}, "properties": {"crashes": 1, "injury": 0, "fatal": 0, "pedestrian": 0, "bicycle": 0, "density": 0.2, "year_range": "unknown"}}, {"type": "Feature", "geometry": {"type": "Point", "coordinates": [-104.906306, 41.117117]}, "properties": {"crashes": 2, "injury": 0, "fatal": 0, "pedestrian": 0, "bicycle": 0, "density": 0.5, "year_range": "unknown"}}, {"type": "Feature", "geometry": {"type": "Point", "coordinates": [-104.720721, 41.194595]}, "properties": {"crashes": 1, "injury": 0, "fatal": 0, "pedestrian": 0, "bicycle": 0, "density": 0.2, "year_range": "unknown"}}, {"type": "Feature", "geometry": {"type": "Point", "coordinates": [-104.805405, 41.095495]}, "properties": {"crashes": 4, "injury": 0, "fatal": 0, "pedestrian": 0, "bicycle": 0, "density": 1.0, "year_range": "unknown"}}, {"type": "Feature", "geometry": {"type": "Point", "coordinates": [-104.834234, 41.133333]}, "properties": {"crashes": 6, "injury": 0, "fatal": 0, "pedestrian": 0, "bicycle": 0, "density": 1.5, "year_range": "unknown"}}, {"type": "Feature", "geometry": {"type": "Point", "coordinates": [-104.814414, 41.167568]}, "properties": {"crashes": 3, "injury": 0, "fatal": 0, "pedestrian": 0, "bicycle": 0, "density": 0.8, "year_range": "unknown"}}, {"type": "Feature", "geometry": {"type": "Point", "coordinates": [-104.76036, 41.151351]}, "properties": {"crashes": 7, "injury": 0, "fatal": 0, "pedestrian": 0, "bicycle": 0, "density": 1.8, "year_range": "unknown"}}, {"type": "Feature", "geometry": {"type": "Point", "coordinates": [-104.763964, 41.16036]}, "properties": {"crashes": 30, "injury": 0, "fatal": 0, "pedestrian": 0, "bicycle": 0, "density": 7.5, "year_range": "unknown"}}, {"type": "Feature", "geometry": {"type": "Point", "coordinates": [-104.789189, 41.16036]}, "properties": {"crashes": 38, "injury": 0, "fatal": 0, "pedestrian": 0, "bicycle": 0, "density": 9.5, "year_range": "unknown"}}, {"type": "Feature", "geometry": {"type": "Point", "coordinates": [-104.828829, 41.106306]}, "properties": {"crashes": 3, "injury": 0, "fatal": 0, "pedestrian": 0, "bicycle": 0, "density": 0.8, "year_range": "unknown"}}, {"type": "Feature", "geometry": {"type": "Point", "coordinates": [-104.834234, 41.167568]}, "properties": {"crashes": 2, "injury": 0, "fatal": 0, "pedestrian": 0, "bicycle": 0, "density": 0.5, "year_range": "unknown"}}, {"type": "Feature", "geometry": {"type": "Point", "coordinates": [-104.823423, 41.111712]}, "properties": {"crashes": 3, "injury": 0, "fatal": 0, "pedestrian": 0, "bicycle": 0, "density": 0.8, "year_range": "unknown"}}, {"type": "Feature", "geometry": {"type": "Point", "coordinates": [-104.756757, 41.136937]}, "properties": {"crashes": 7, "injury": 0, "fatal": 0, "pedestrian": 0, "bicycle": 0, "density": 1.8, "year_range": "unknown"}}, {"type": "Feature", "geometry": {"type": "Point", "coordinates": [-104.718919, 41.147748]}, "properties": {"crashes": 2, "injury": 0, "fatal": 0, "pedestrian": 0, "bicycle": 0, "density": 0.5, "year_range": "unknown"}}, {"type": "Feature", "geometry": {"type": "Point", "coordinates": [-105.142342, 41.099099]}, "properties": {"crashes": 1, "injury": 0, "fatal": 0, "pedestrian": 0, "bicycle": 0, "density": 0.2, "year_range": "unknown"}}, {"type": "Feature", "geometry": {"type": "Point", "coordinates": [-104.78018, 41.133333]}, "properties": {"crashes": 5, "injury": 0, "fatal": 0, "pedestrian": 0, "bicycle": 0, "density": 1.2, "year_range": "unknown"}}, {"type": "Feature", "geometry": {"type": "Point", "coordinates": [-104.83964, 41.145946]}, "properties": {"crashes": 10, "injury": 0, "fatal": 0, "pedestrian": 0, "bicycle": 0, "density": 2.5, "year_range": "unknown"}}, {"type": "Feature", "geometry": {"type": "Point", "coordinates": [-104.778378, 41.140541]}, "properties": {"crashes": 13, "injury": 0, "fatal": 0, "pedestrian": 0, "bicycle": 0, "density": 3.2, "year_range": "unknown"}}, {"type": "Feature", "geometry": {"type": "Point", "coordinates": [-104.787387, 41.138739]}, "properties": {"crashes": 16, "injury": 0, "fatal": 0, "pedestrian": 0, "bicycle": 0, "density": 4.0, "year_range": "unknown"}}, {"type": "Feature", "geometry": {"type": "Point", "coordinates": [-104.81982, 41.144144]}, "properties": {"crashes": 6, "injury": 0, "fatal": 0, "pedestrian": 0, "bicycle": 0, "density": 1.5, "year_range": "unknown"}}, {"type": "Feature", "geometry": {"type": "Point", "coordinates": [-104.774775, 41.16036]}, "properties": {"crashes": 13, "injury": 0, "fatal": 0, "pedestrian": 0, "bicycle": 0, "density": 3.2, "year_range": "unknown"}}, {"type": "Feature", "geometry": {"type": "Point", "coordinates": [-104.708108, 41.138739]}, "properties": {"crashes": 10, "injury": 0, "fatal": 0, "pedestrian": 0, "bicycle": 0, "density": 2.5, "year_range": "unknown"}}, {"type": "Feature", "geometry": {"type": "Point", "coordinates": [-104.774775, 41.124324]}, "properties": {"crashes": 2, "injury": 0, "fatal": 0, "pedestrian": 0, "bicycle": 0, "density": 0.5, "year_range": "unknown"}}, {"type": "Feature", "geometry": {"type": "Point", "coordinates": [-104.659459, 41.158559]}, "properties": {"crashes": 1, "injury": 0, "fatal": 0, "pedestrian": 0, "bicycle": 0, "density": 0.2, "year_range": "unknown"}}, {"type": "Feature", "geometry": {"type": "Point", "coordinates": [-104.828829, 41.138739]}, "properties": {"crashes": 8, "injury": 0, "fatal": 0, "pedestrian": 0, "bicycle": 0, "density": 2.0, "year_range": "unknown"}}, {"type": "Feature", "geometry": {"type": "Point", "coordinates": [-104.814414, 41.115315]}, "properties": {"crashes": 4, "injury": 0, "fatal": 0, "pedestrian": 0, "bicycle": 0, "density": 1.0, "year_range": "unknown"}}, {"type": "Feature", "geometry": {"type": "Point", "coordinates": [-104.789189, 41.140541]}, "properties": {"crashes": 7, "injury": 0, "fatal": 0, "pedestrian": 0, "bicycle": 0, "density": 1.8, "year_range": "unknown"}}, {"type": "Feature", "geometry": {"type": "Point", "coordinates": [-104.809009, 41.138739]}, "properties": {"crashes": 16, "injury": 0, "fatal": 0, "pedestrian": 0, "bicycle": 0, "density": 4.0, "year_range": "unknown"}}, {"type": "Feature", "geometry": {"type": "Point", "coordinates": [-104.805405, 41.126126]}, "properties": {"crashes": 5, "injury": 0, "fatal": 0, "pedestrian": 0, "bicycle": 0, "density": 1.2, "year_range": "unknown"}}, {"type": "Feature", "geometry": {"type": "Point", "coordinates": [-104.771171, 41.16036]}, "properties": {"crashes": 21, "injury": 0, "fatal": 0, "pedestrian": 0, "bicycle": 0, "density": 5.2, "year_range": "unknown"}}, {"type": "Feature", "geometry": {"type": "Point", "coordinates": [-104.785586, 41.135135]}, "properties": {"crashes": 7, "injury": 0, "fatal": 0, "pedestrian": 0, "bicycle": 0, "density": 1.8, "year_range": "unknown"}}, {"type": "Feature", "geometry": {"type": "Point", "coordinates": [-104.823423, 41.181982]}, "properties": {"crashes": 2, "injury": 0, "fatal": 0, "pedestrian": 0, "bicycle": 0, "density": 0.5, "year_range": "unknown"}}, {"type": "Feature", "geometry": {"type": "Point", "coordinates": [-104.809009, 41.165766]}, "properties": {"crashes": 3, "injury": 0, "fatal": 0, "pedestrian": 0, "bicycle": 0, "density": 0.8, "year_range": "unknown"}}, {"type": "Feature", "geometry": {"type": "Point", "coordinates": [-104.823423, 41.172973]}, "properties": {"crashes": 1, "injury": 0, "fatal": 0, "pedestrian": 0, "bicycle": 0, "density": 0.2, "year_range": "unknown"}}, {"type": "Feature", "geometry": {"type": "Point", "coordinates": [-104.769369, 41.122523]}, "properties": {"crashes": 2, "injury": 0, "fatal": 0, "pedestrian": 0, "bicycle": 0, "density": 0.5, "year_range": "unknown"}}, {"type": "Feature", "geometry": {"type": "Point", "coordinates": [-104.798198, 41.16036]}, "properties": {"crashes": 7, "injury": 0, "fatal": 0, "pedestrian": 0, "bicycle": 0, "density": 1.8, "year_range": "unknown"}}, {"type": "Feature", "geometry": {"type": "Point", "coordinates": [-104.809009, 41.106306]}, "properties": {"crashes": 2, "injury": 0, "fatal": 0, "pedestrian": 0, "bicycle": 0, "density": 0.5, "year_range": "unknown"}}, {"type": "Feature", "geometry": {"type": "Point", "coordinates": [-104.731532, 41.16036]}, "properties": {"crashes": 13, "injury": 0, "fatal": 0, "pedestrian": 0, "bicycle": 0, "density": 3.2, "year_range": "unknown"}}, {"type": "Feature", "geometry": {"type": "Point", "coordinates": [-104.706306, 41.135135]}, "properties": {"crashes": 2, "injury": 0, "fatal": 0, "pedestrian": 0, "bicycle": 0, "density": 0.5, "year_range": "unknown"}}, {"type": "Feature", "geometry": {"type": "Point", "coordinates": [-104.857658, 41.113514]}, "properties": {"crashes": 7, "injury": 0, "fatal": 0, "pedestrian": 0, "bicycle": 0, "density": 1.8, "year_range": "unknown"}}, {"type": "Feature", "geometry": {"type": "Point", "coordinates": [-104.8, 41.120721]}, "properties": {"crashes": 4, "injury": 0, "fatal": 0, "pedestrian": 0, "bicycle": 0, "density": 1.0, "year_range": "unknown"}}, {"type": "Feature", "geometry": {"type": "Point", "coordinates": [-104.789189, 41.147748]}, "properties": {"crashes": 6, "injury": 0, "fatal": 0, "pedestrian": 0, "bicycle": 0, "density": 1.5, "year_range": "unknown"}}, {"type": "Feature", "geometry": {"type": "Point", "coordinates": [-104.756757, 41.138739]}, "properties": {"crashes": 4, "injury": 0, "fatal": 0, "pedestrian": 0, "bicycle": 0, "density": 1.0, "year_range": "unknown"}}, {"type": "Feature", "geometry": {"type": "Point", "coordinates": [-104.846847, 41.183784]}, "properties": {"crashes": 2, "injury": 0, "fatal": 0, "pedestrian": 0, "bicycle": 0, "density": 0.5, "year_range": "unknown"}}, {"type": "Feature", "geometry": {"type": "Point", "coordinates": [-104.771171, 41.122523]}, "properties": {"crashes": 2, "injury": 0, "fatal": 0, "pedestrian": 0, "bicycle": 0, "density": 0.5, "year_range": "unknown"}}, {"type": "Feature", "geometry": {"type": "Point", "coordinates": [-104.828829, 41.117117]}, "properties": {"crashes": 6, "injury": 0, "fatal": 0, "pedestrian": 0, "bicycle": 0, "density": 1.5, "year_range": "unknown"}}, {"type": "Feature", "geometry": {"type": "Point", "coordinates": [-104.792793, 41.133333]}, "properties": {"crashes": 4, "injury": 0, "fatal": 0, "pedestrian": 0, "bicycle": 0, "density": 1.0, "year_range": "unknown"}}, {"type": "Feature", "geometry": {"type": "Point", "coordinates": [-104.787387, 41.16036]}, "properties": {"crashes": 22, "injury": 0, "fatal": 0, "pedestrian": 0, "bicycle": 0, "density": 5.5, "year_range": "unknown"}}, {"type": "Feature", "geometry": {"type": "Point", "coordinates": [-104.855856, 41.113514]}, "properties": {"crashes": 12, "injury": 0, "fatal": 0, "pedestrian": 0, "bicycle": 0, "density": 3.0, "year_range": "unknown"}}, {"type": "Feature", "geometry": {"type": "Point", "coordinates": [-104.81982, 41.163964]}, "properties": {"crashes": 8, "injury": 0, "fatal": 0, "pedestrian": 0, "bicycle": 0, "density": 2.0, "year_range": "unknown"}}, {"type": "Feature", "geometry": {"type": "Point", "coordinates": [-104.663063, 41.158559]}, "properties": {"crashes": 6, "injury": 0, "fatal": 0, "pedestrian": 0, "bicycle": 0, "density": 1.5, "year_range": "unknown"}}, {"type": "Feature", "geometry": {"type": "Point", "coordinates": [-104.801802, 41.117117]}, "properties": {"crashes": 6, "injury": 0, "fatal": 0, "pedestrian": 0, "bicycle": 0, "density": 1.5, "year_range": "unknown"}}, {"type": "Feature", "geometry": {"type": "Point", "coordinates": [-104.827027, 41.136937]}, "properties": {"crashes": 13, "injury": 0, "fatal": 0, "pedestrian": 0, "bicycle": 0, "density": 3.2, "year_range": "unknown"}}, {"type": "Feature", "geometry": {"type": "Point", "coordinates": [-104.63964, 41.158559]}, "properties": {"crashes": 2, "injury": 0, "fatal": 0, "pedestrian": 0, "bicycle": 0, "density": 0.5, "year_range": "unknown"}}, {"type": "Feature", "geometry": {"type": "Point", "coordinates": [-104.751351, 41.136937]}, "properties": {"crashes": 11, "injury": 0, "fatal": 0, "pedestrian": 0, "bicycle": 0, "density": 2.8, "year_range": "unknown"}}, {"type": "Feature", "geometry": {"type": "Point", "coordinates": [-104.794595, 41.158559]}, "properties": {"crashes": 5, "injury": 0, "fatal": 0, "pedestrian": 0, "bicycle": 0, "density": 1.2, "year_range": "unknown"}}, {"type": "Feature", "geometry": {"type": "Point", "coordinates": [-104.825225, 41.133333]}, "properties": {"crashes": 16, "injury": 0, "fatal": 0, "pedestrian": 0, "bicycle": 0, "density": 4.0, "year_range": "unknown"}}, {"type": "Feature", "geometry": {"type": "Point", "coordinates": [-104.816216, 41.144144]}, "properties": {"crashes": 1, "injury": 0, "fatal": 0, "pedestrian": 0, "bicycle": 0, "density": 0.2, "year_range": "unknown"}}, {"type": "Feature", "geometry": {"type": "Point", "coordinates": [-104.772973, 41.135135]}, "properties": {"crashes": 1, "injury": 0, "fatal": 0, "pedestrian": 0, "bicycle": 0, "density": 0.2, "year_range": "unknown"}}, {"type": "Feature", "geometry": {"type": "Point", "coordinates": [-104.789189, 41.14955]}, "properties": {"crashes": 13, "injury": 0, "fatal": 0, "pedestrian": 0, "bicycle": 0, "density": 3.2, "year_range": "unknown"}}, {"type": "Feature", "geometry": {"type": "Point", "coordinates": [-104.85045, 41.10991]}, "properties": {"crashes": 7, "injury": 0, "fatal": 0, "pedestrian": 0, "bicycle": 0, "density": 1.8, "year_range": "unknown"}}, {"type": "Feature", "geometry": {"type": "Point", "coordinates": [-104.825225, 41.12973]}, "properties": {"crashes": 17, "injury": 0, "fatal": 0, "pedestrian": 0, "bicycle": 0, "density": 4.2, "year_range": "unknown"}}, {"type": "Feature", "geometry": {"type": "Point", "coordinates": [-104.684685, 41.145946]}, "properties": {"crashes": 1, "injury": 0, "fatal": 0, "pedestrian": 0, "bicycle": 0, "density": 0.2, "year_range": "unknown"}}, {"type": "Feature", "geometry": {"type": "Point", "coordinates": [-104.8, 41.100901]}, "properties": {"crashes": 19, "injury": 0, "fatal": 0, "pedestrian": 0, "bicycle": 0, "density": 4.8, "year_range": "unknown"}}, {"type": "Feature", "geometry": {"type": "Point", "coordinates": [-104.85045, 41.118919]}, "properties": {"crashes": 11, "injury": 0, "fatal": 0, "pedestrian": 0, "bicycle": 0, "density": 2.8, "year_range": "unknown"}}, {"type": "Feature", "geometry": {"type": "Point", "coordinates": [-104.787387, 41.133333]}, "properties": {"crashes": 3, "injury": 0, "fatal": 0, "pedestrian": 0, "bicycle": 0, "density": 0.8, "year_range": "unknown"}}, {"type": "Feature", "geometry": {"type": "Point", "coordinates": [-104.825225, 41.158559]}, "properties": {"crashes": 5, "injury": 0, "fatal": 0, "pedestrian": 0, "bicycle": 0, "density": 1.2, "year_range": "unknown"}}, {"type": "Feature", "geometry": {"type": "Point", "coordinates": [-104.805405, 41.16036]}, "properties": {"crashes": 7, "injury": 0, "fatal": 0, "pedestrian": 0, "bicycle": 0, "density": 1.8, "year_range": "unknown"}}, {"type": "Feature", "geometry": {"type": "Point", "coordinates": [-104.825225, 41.115315]}, "properties": {"crashes": 3, "injury": 0, "fatal": 0, "pedestrian": 0, "bicycle": 0, "density": 0.8, "year_range": "unknown"}}, {"type": "Feature", "geometry": {"type": "Point", "coordinates": [-104.85045, 41.120721]}, "properties": {"crashes": 4, "injury": 0, "fatal": 0, "pedestrian": 0, "bicycle": 0, "density": 1.0, "year_range": "unknown"}}, {"type": "Feature", "geometry": {"type": "Point", "coordinates": [-104.836036, 41.117117]}, "properties": {"crashes": 3, "injury": 0, "fatal": 0, "pedestrian": 0, "bicycle": 0, "density": 0.8, "year_range": "unknown"}}, {"type": "Feature", "geometry": {"type": "Point", "coordinates": [-104.805405, 41.212613]}, "properties": {"crashes": 1, "injury": 0, "fatal": 0, "pedestrian": 0, "bicycle": 0, "density": 0.2, "year_range": "unknown"}}, {"type": "Feature", "geometry": {"type": "Point", "coordinates": [-104.747748, 41.131532]}, "properties": {"crashes": 2, "injury": 0, "fatal": 0, "pedestrian": 0, "bicycle": 0, "density": 0.5, "year_range": "unknown"}}, {"type": "Feature", "geometry": {"type": "Point", "coordinates": [-104.837838, 41.221622]}, "properties": {"crashes": 2, "injury": 0, "fatal": 0, "pedestrian": 0, "bicycle": 0, "density": 0.5, "year_range": "unknown"}}, {"type": "Feature", "geometry": {"type": "Point", "coordinates": [-104.720721, 41.127928]}, "properties": {"crashes": 1, "injury": 0, "fatal": 0, "pedestrian": 0, "bicycle": 0, "density": 0.2, "year_range": "unknown"}}, {"type": "Feature", "geometry": {"type": "Point", "coordinates": [-104.895495, 41.126126]}, "properties": {"crashes": 1, "injury": 0, "fatal": 0, "pedestrian": 0, "bicycle": 0, "density": 0.2, "year_range": "unknown"}}, {"type": "Feature", "geometry": {"type": "Point", "coordinates": [-104.794595, 41.138739]}, "properties": {"crashes": 41, "injury": 0, "fatal": 0, "pedestrian": 0, "bicycle": 0, "density": 10.2, "year_range": "unknown"}}, {"type": "Feature", "geometry": {"type": "Point", "coordinates": [-104.816216, 41.140541]}, "properties": {"crashes": 12, "injury": 0, "fatal": 0, "pedestrian": 0, "bicycle": 0, "density": 3.0, "year_range": "unknown"}}, {"type": "Feature", "geometry": {"type": "Point", "coordinates": [-104.753153, 41.171171]}, "properties": {"crashes": 1, "injury": 0, "fatal": 0, "pedestrian": 0, "bicycle": 0, "density": 0.2, "year_range": "unknown"}}, {"type": "Feature", "geometry": {"type": "Point", "coordinates": [-104.776577, 41.156757]}, "properties": {"crashes": 2, "injury": 0, "fatal": 0, "pedestrian": 0, "bicycle": 0, "density": 0.5, "year_range": "unknown"}}, {"type": "Feature", "geometry": {"type": "Point", "coordinates": [-104.801802, 41.127928]}, "properties": {"crashes": 4, "injury": 0, "fatal": 0, "pedestrian": 0, "bicycle": 0, "density": 1.0, "year_range": "unknown"}}, {"type": "Feature", "geometry": {"type": "Point", "coordinates": [-104.830631, 41.153153]}, "properties": {"crashes": 8, "injury": 0, "fatal": 0, "pedestrian": 0, "bicycle": 0, "density": 2.0, "year_range": "unknown"}}, {"type": "Feature", "geometry": {"type": "Point", "coordinates": [-104.902703, 41.218018]}, "properties": {"crashes": 1, "injury": 0, "fatal": 0, "pedestrian": 0, "bicycle": 0, "density": 0.2, "year_range": "unknown"}}, {"type": "Feature", "geometry": {"type": "Point", "coordinates": [-104.83964, 41.156757]}, "properties": {"crashes": 2, "injury": 0, "fatal": 0, "pedestrian": 0, "bicycle": 0, "density": 0.5, "year_range": "unknown"}}, {"type": "Feature", "geometry": {"type": "Point", "coordinates": [-104.76036, 41.127928]}, "properties": {"crashes": 1, "injury": 0, "fatal": 0, "pedestrian": 0, "bicycle": 0, "density": 0.2, "year_range": "unknown"}}, {"type": "Feature", "geometry": {"type": "Point", "coordinates": [-104.906306, 41.003604]}, "properties": {"crashes": 10, "injury": 0, "fatal": 0, "pedestrian": 0, "bicycle": 0, "density": 2.5, "year_range": "unknown"}}, {"type": "Feature", "geometry": {"type": "Point", "coordinates": [-104.771171, 41.106306]}, "properties": {"crashes": 2, "injury": 0, "fatal": 0, "pedestrian": 0, "bicycle": 0, "density": 0.5, "year_range": "unknown"}}, {"type": "Feature", "geometry": {"type": "Point", "coordinates": [-104.832432, 41.131532]}, "properties": {"crashes": 1, "injury": 0, "fatal": 0, "pedestrian": 0, "bicycle": 0, "density": 0.2, "year_range": "unknown"}}, {"type": "Feature", "geometry": {"type": "Point", "coordinates": [-105.176577, 41.073874]}, "properties": {"crashes": 1, "injury": 0, "fatal": 0, "pedestrian": 0, "bicycle": 0, "density": 0.2, "year_range": "unknown"}}, {"type": "Feature", "geometry": {"type": "Point", "coordinates": [-104.801802, 41.16036]}, "properties": {"crashes": 21, "injury": 0, "fatal": 0, "pedestrian": 0, "bicycle": 0, "density": 5.2, "year_range": "unknown"}}, {"type": "Feature", "geometry": {"type": "Point", "coordinates": [-104.81982, 41.140541]}, "properties": {"crashes": 9, "injury": 0, "fatal": 0, "pedestrian": 0, "bicycle": 0, "density": 2.2, "year_range": "unknown"}}, {"type": "Feature", "geometry": {"type": "Point", "coordinates": [-104.821622, 41.218018]}, "properties": {"crashes": 1, "injury": 0, "fatal": 0, "pedestrian": 0, "bicycle": 0, "density": 0.2, "year_range": "unknown"}}, {"type": "Feature", "geometry": {"type": "Point", "coordinates": [-104.841441, 41.136937]}, "properties": {"crashes": 6, "injury": 0, "fatal": 0, "pedestrian": 0, "bicycle": 0, "density": 1.5, "year_range": "unknown"}}, {"type": "Feature", "geometry": {"type": "Point", "coordinates": [-104.837838, 41.185586]}, "properties": {"crashes": 3, "injury": 0, "fatal": 0, "pedestrian": 0, "bicycle": 0, "density": 0.8, "year_range": "unknown"}}, {"type": "Feature", "geometry": {"type": "Point", "coordinates": [-104.830631, 41.162162]}, "properties": {"crashes": 12, "injury": 0, "fatal": 0, "pedestrian": 0, "bicycle": 0, "density": 3.0, "year_range": "unknown"}}, {"type": "Feature", "geometry": {"type": "Point", "coordinates": [-104.809009, 41.18018]}, "properties": {"crashes": 5, "injury": 0, "fatal": 0, "pedestrian": 0, "bicycle": 0, "density": 1.2, "year_range": "unknown"}}, {"type": "Feature", "geometry": {"type": "Point", "coordinates": [-104.821622, 41.174775]}, "properties": {"crashes": 6, "injury": 0, "fatal": 0, "pedestrian": 0, "bicycle": 0, "density": 1.5, "year_range": "unknown"}}, {"type": "Feature", "geometry": {"type": "Point", "coordinates": [-104.864865, 41.113514]}, "properties": {"crashes": 1, "injury": 0, "fatal": 0, "pedestrian": 0, "bicycle": 0, "density": 0.2, "year_range": "unknown"}}, {"type": "Feature", "geometry": {"type": "Point", "coordinates": [-104.836036, 41.174775]}, "properties": {"crashes": 2, "injury": 0, "fatal": 0, "pedestrian": 0, "bicycle": 0, "density": 0.5, "year_range": "unknown"}}, {"type": "Feature", "geometry": {"type": "Point", "coordinates": [-104.738739, 41.127928]}, "properties": {"crashes": 1, "injury": 0, "fatal": 0, "pedestrian": 0, "bicycle": 0, "density": 0.2, "year_range": "unknown"}}, {"type": "Feature", "geometry": {"type": "Point", "coordinates": [-104.823423, 41.10991]}, "properties": {"crashes": 2, "injury": 0, "fatal": 0, "pedestrian": 0, "bicycle": 0, "density": 0.5, "year_range": "unknown"}}, {"type": "Feature", "geometry": {"type": "Point", "coordinates": [-104.756757, 41.144144]}, "properties": {"crashes": 9, "injury": 0, "fatal": 0, "pedestrian": 0, "bicycle": 0, "density": 2.2, "year_range": "unknown"}}, {"type": "Feature", "geometry": {"type": "Point", "coordinates": [-104.805405, 41.120721]}, "properties": {"crashes": 5, "injury": 0, "fatal": 0, "pedestrian": 0, "bicycle": 0, "density": 1.2, "year_range": "unknown"}}, {"type": "Feature", "geometry": {"type": "Point", "coordinates": [-104.675676, 41.169369]}, "properties": {"crashes": 1, "injury": 0, "fatal": 0, "pedestrian": 0, "bicycle": 0, "density": 0.2, "year_range": "unknown"}}, {"type": "Feature", "geometry": {"type": "Point", "coordinates": [-104.76036, 41.156757]}, "properties": {"crashes": 3, "injury": 0, "fatal": 0, "pedestrian": 0, "bicycle": 0, "density": 0.8, "year_range": "unknown"}}, {"type": "Feature", "geometry": {"type": "Point", "coordinates": [-104.846847, 41.099099]}, "properties": {"crashes": 13, "injury": 0, "fatal": 0, "pedestrian": 0, "bicycle": 0, "density": 3.2, "year_range": "unknown"}}, {"type": "Feature", "geometry": {"type": "Point", "coordinates": [-104.765766, 41.16036]}, "properties": {"crashes": 9, "injury": 0, "fatal": 0, "pedestrian": 0, "bicycle": 0, "density": 2.2, "year_range": "unknown"}}, {"type": "Feature", "geometry": {"type": "Point", "coordinates": [-104.778378, 41.018018]}, "properties": {"crashes": 1, "injury": 0, "fatal": 0, "pedestrian": 0, "bicycle": 0, "density": 0.2, "year_range": "unknown"}}, {"type": "Feature", "geometry": {"type": "Point", "coordinates": [-104.821622, 41.151351]}, "properties": {"crashes": 12, "injury": 0, "fatal": 0, "pedestrian": 0, "bicycle": 0, "density": 3.0, "year_range": "unknown"}}, {"type": "Feature", "geometry": {"type": "Point", "coordinates": [-104.81982, 41.145946]}, "properties": {"crashes": 5, "injury": 0, "fatal": 0, "pedestrian": 0, "bicycle": 0, "density": 1.2, "year_range": "unknown"}}, {"type": "Feature", "geometry": {"type": "Point", "coordinates": [-104.738739, 41.14955]}, "properties": {"crashes": 2, "injury": 0, "fatal": 0, "pedestrian": 0, "bicycle": 0, "density": 0.5, "year_range": "unknown"}}, {"type": "Feature", "geometry": {"type": "Point", "coordinates": [-105.072072, 41.099099]}, "properties": {"crashes": 1, "injury": 0, "fatal": 0, "pedestrian": 0, "bicycle": 0, "density": 0.2, "year_range": "unknown"}}, {"type": "Feature", "geometry": {"type": "Point", "coordinates": [-104.794595, 41.115315]}, "properties": {"crashes": 2, "injury": 0, "fatal": 0, "pedestrian": 0, "bicycle": 0, "density": 0.5, "year_range": "unknown"}}, {"type": "Feature", "geometry": {"type": "Point", "coordinates": [-104.825225, 41.127928]}, "properties": {"crashes": 6, "injury": 0, "fatal": 0, "pedestrian": 0, "bicycle": 0, "density": 1.5, "year_range": "unknown"}}, {"type": "Feature", "geometry": {"type": "Point", "coordinates": [-104.805405, 41.124324]}, "properties": {"crashes": 9, "injury": 0, "fatal": 0, "pedestrian": 0, "bicycle": 0, "density": 2.2, "year_range": "unknown"}}, {"type": "Feature", "geometry": {"type": "Point", "coordinates": [-104.772973, 41.16036]}, "properties": {"crashes": 6, "injury": 0, "fatal": 0, "pedestrian": 0, "bicycle": 0, "density": 1.5, "year_range": "unknown"}}, {"type": "Feature", "geometry": {"type": "Point", "coordinates": [-104.74955, 41.162162]}, "properties": {"crashes": 1, "injury": 0, "fatal": 0, "pedestrian": 0, "bicycle": 0, "density": 0.2, "year_range": "unknown"}}, {"type": "Feature", "geometry": {"type": "Point", "coordinates": [-104.756757, 41.16036]}, "properties": {"crashes": 2, "injury": 0, "fatal": 0, "pedestrian": 0, "bicycle": 0, "density": 0.5, "year_range": "unknown"}}, {"type": "Feature", "geometry": {"type": "Point", "coordinates": [-104.747748, 41.127928]}, "properties": {"crashes": 1, "injury": 0, "fatal": 0, "pedestrian": 0, "bicycle": 0, "density": 0.2, "year_range": "unknown"}}, {"type": "Feature", "geometry": {"type": "Point", "coordinates": [-104.740541, 41.156757]}, "properties": {"crashes": 2, "injury": 0, "fatal": 0, "pedestrian": 0, "bicycle": 0, "density": 0.5, "year_range": "unknown"}}, {"type": "Feature", "geometry": {"type": "Point", "coordinates": [-104.895495, 41.127928]}, "properties": {"crashes": 3, "injury": 0, "fatal": 0, "pedestrian": 0, "bicycle": 0, "density": 0.8, "year_range": "unknown"}}, {"type": "Feature", "geometry": {"type": "Point", "coordinates": [-104.857658, 41.077477]}, "properties": {"crashes": 6, "injury": 0, "fatal": 0, "pedestrian": 0, "bicycle": 0, "density": 1.5, "year_range": "unknown"}}, {"type": "Feature", "geometry": {"type": "Point", "coordinates": [-104.801802, 41.158559]}, "properties": {"crashes": 1, "injury": 0, "fatal": 0, "pedestrian": 0, "bicycle": 0, "density": 0.2, "year_range": "unknown"}}, {"type": "Feature", "geometry": {"type": "Point", "coordinates": [-104.816216, 41.117117]}, "properties": {"crashes": 4, "injury": 0, "fatal": 0, "pedestrian": 0, "bicycle": 0, "density": 1.0, "year_range": "unknown"}}, {"type": "Feature", "geometry": {"type": "Point", "coordinates": [-104.818018, 41.142342]}, "properties": {"crashes": 11, "injury": 0, "fatal": 0, "pedestrian": 0, "bicycle": 0, "density": 2.8, "year_range": "unknown"}}, {"type": "Feature", "geometry": {"type": "Point", "coordinates": [-104.78018, 41.117117]}, "properties": {"crashes": 3, "injury": 0, "fatal": 0, "pedestrian": 0, "bicycle": 0, "density": 0.8, "year_range": "unknown"}}, {"type": "Feature", "geometry": {"type": "Point", "coordinates": [-104.781982, 41.16036]}, "properties": {"crashes": 7, "injury": 0, "fatal": 0, "pedestrian": 0, "bicycle": 0, "density": 1.8, "year_range": "unknown"}}, {"type": "Feature", "geometry": {"type": "Point", "coordinates": [-104.863063, 41.043243]}, "properties": {"crashes": 1, "injury": 0, "fatal": 0, "pedestrian": 0, "bicycle": 0, "density": 0.2, "year_range": "unknown"}}, {"type": "Feature", "geometry": {"type": "Point", "coordinates": [-104.794595, 41.162162]}, "properties": {"crashes": 24, "injury": 0, "fatal": 0, "pedestrian": 0, "bicycle": 0, "density": 6.0, "year_range": "unknown"}}, {"type": "Feature", "geometry": {"type": "Point", "coordinates": [-104.818018, 41.117117]}, "properties": {"crashes": 3, "injury": 0, "fatal": 0, "pedestrian": 0, "bicycle": 0, "density": 0.8, "year_range": "unknown"}}, {"type": "Feature", "geometry": {"type": "Point", "coordinates": [-104.920721, 41.095495]}, "properties": {"crashes": 1, "injury": 0, "fatal": 0, "pedestrian": 0, "bicycle": 0, "density": 0.2, "year_range": "unknown"}}, {"type": "Feature", "geometry": {"type": "Point", "coordinates": [-104.771171, 41.145946]}, "properties": {"crashes": 9, "injury": 0, "fatal": 0, "pedestrian": 0, "bicycle": 0, "density": 2.2, "year_range": "unknown"}}, {"type": "Feature", "geometry": {"type": "Point", "coordinates": [-104.771171, 41.127928]}, "properties": {"crashes": 1, "injury": 0, "fatal": 0, "pedestrian": 0, "bicycle": 0, "density": 0.2, "year_range": "unknown"}}, {"type": "Feature", "geometry": {"type": "Point", "coordinates": [-104.792793, 41.142342]}, "properties": {"crashes": 1, "injury": 0, "fatal": 0, "pedestrian": 0, "bicycle": 0, "density": 0.2, "year_range": "unknown"}}, {"type": "Feature", "geometry": {"type": "Point", "coordinates": [-104.852252, 41.099099]}, "properties": {"crashes": 11, "injury": 0, "fatal": 0, "pedestrian": 0, "bicycle": 0, "density": 2.8, "year_range": "unknown"}}, {"type": "Feature", "geometry": {"type": "Point", "coordinates": [-104.767568, 41.172973]}, "properties": {"crashes": 2, "injury": 0, "fatal": 0, "pedestrian": 0, "bicycle": 0, "density": 0.5, "year_range": "unknown"}}, {"type": "Feature", "geometry": {"type": "Point", "coordinates": [-104.781982, 41.138739]}, "properties": {"crashes": 9, "injury": 0, "fatal": 0, "pedestrian": 0, "bicycle": 0, "density": 2.2, "year_range": "unknown"}}, {"type": "Feature", "geometry": {"type": "Point", "coordinates": [-104.713514, 41.174775]}, "properties": {"crashes": 3, "injury": 0, "fatal": 0, "pedestrian": 0, "bicycle": 0, "density": 0.8, "year_range": "unknown"}}, {"type": "Feature", "geometry": {"type": "Point", "coordinates": [-104.718919, 41.135135]}, "properties": {"crashes": 3, "injury": 0, "fatal": 0, "pedestrian": 0, "bicycle": 0, "density": 0.8, "year_range": "unknown"}}, {"type": "Feature", "geometry": {"type": "Point", "coordinates": [-104.789189, 41.142342]}, "properties": {"crashes": 6, "injury": 0, "fatal": 0, "pedestrian": 0, "bicycle": 0, "density": 1.5, "year_range": "unknown"}}, {"type": "Feature", "geometry": {"type": "Point", "coordinates": [-104.646847, 41.158559]}, "properties": {"crashes": 1, "injury": 0, "fatal": 0, "pedestrian": 0, "bicycle": 0, "density": 0.2, "year_range": "unknown"}}, {"type": "Feature", "geometry": {"type": "Point", "coordinates": [-104.823423, 41.171171]}, "properties": {"crashes": 7, "injury": 0, "fatal": 0, "pedestrian": 0, "bicycle": 0, "density": 1.8, "year_range": "unknown"}}, {"type": "Feature", "geometry": {"type": "Point", "coordinates": [-104.758559, 41.127928]}, "properties": {"crashes": 1, "injury": 0, "fatal": 0, "pedestrian": 0, "bicycle": 0, "density": 0.2, "year_range": "unknown"}}, {"type": "Feature", "geometry": {"type": "Point", "coordinates": [-104.733333, 41.154955]}, "properties": {"crashes": 6, "injury": 0, "fatal": 0, "pedestrian": 0, "bicycle": 0, "density": 1.5, "year_range": "unknown"}}, {"type": "Feature", "geometry": {"type": "Point", "coordinates": [-104.837838, 41.187387]}, "properties": {"crashes": 1, "injury": 0, "fatal": 0, "pedestrian": 0, "bicycle": 0, "density": 0.2, "year_range": "unknown"}}, {"type": "Feature", "geometry": {"type": "Point", "coordinates": [-104.818018, 41.10991]}, "properties": {"crashes": 3, "injury": 0, "fatal": 0, "pedestrian": 0, "bicycle": 0, "density": 0.8, "year_range": "unknown"}}, {"type": "Feature", "geometry": {"type": "Point", "coordinates": [-104.830631, 41.140541]}, "properties": {"crashes": 9, "injury": 0, "fatal": 0, "pedestrian": 0, "bicycle": 0, "density": 2.2, "year_range": "unknown"}}, {"type": "Feature", "geometry": {"type": "Point", "coordinates": [-104.832432, 41.167568]}, "properties": {"crashes": 6, "injury": 0, "fatal": 0, "pedestrian": 0, "bicycle": 0, "density": 1.5, "year_range": "unknown"}}, {"type": "Feature", "geometry": {"type": "Point", "coordinates": [-104.771171, 41.162162]}, "properties": {"crashes": 2, "injury": 0, "fatal": 0, "pedestrian": 0, "bicycle": 0, "density": 0.5, "year_range": "unknown"}}, {"type": "Feature", "geometry": {"type": "Point", "coordinates": [-105.003604, 41.147748]}, "properties": {"crashes": 1, "injury": 0, "fatal": 0, "pedestrian": 0, "bicycle": 0, "density": 0.2, "year_range": "unknown"}}, {"type": "Feature", "geometry": {"type": "Point", "coordinates": [-104.742342, 41.145946]}, "properties": {"crashes": 1, "injury": 0, "fatal": 0, "pedestrian": 0, "bicycle": 0, "density": 0.2, "year_range": "unknown"}}, {"type": "Feature", "geometry": {"type": "Point", "coordinates": [-104.807207, 41.127928]}, "properties": {"crashes": 8, "injury": 0, "fatal": 0, "pedestrian": 0, "bicycle": 0, "density": 2.0, "year_range": "unknown"}}, {"type": "Feature", "geometry": {"type": "Point", "coordinates": [-104.832432, 41.169369]}, "properties": {"crashes": 2, "injury": 0, "fatal": 0, "pedestrian": 0, "bicycle": 0, "density": 0.5, "year_range": "unknown"}}, {"type": "Feature", "geometry": {"type": "Point", "coordinates": [-104.845045, 41.136937]}, "properties": {"crashes": 2, "injury": 0, "fatal": 0, "pedestrian": 0, "bicycle": 0, "density": 0.5, "year_range": "unknown"}}, {"type": "Feature", "geometry": {"type": "Point", "coordinates": [-104.794595, 41.140541]}, "properties": {"crashes": 4, "injury": 0, "fatal": 0, "pedestrian": 0, "bicycle": 0, "density": 1.0, "year_range": "unknown"}}, {"type": "Feature", "geometry": {"type": "Point", "coordinates": [-104.769369, 41.16036]}, "properties": {"crashes": 11, "injury": 0, "fatal": 0, "pedestrian": 0, "bicycle": 0, "density": 2.8, "year_range": "unknown"}}, {"type": "Feature", "geometry": {"type": "Point", "coordinates": [-104.798198, 41.189189]}, "properties": {"crashes": 14, "injury": 0, "fatal": 0, "pedestrian": 0, "bicycle": 0, "density": 3.5, "year_range": "unknown"}}, {"type": "Feature", "geometry": {"type": "Point", "coordinates": [-104.76036, 41.142342]}, "properties": {"crashes": 20, "injury": 0, "fatal": 0, "pedestrian": 0, "bicycle": 0, "density": 5.0, "year_range": "unknown"}}, {"type": "Feature", "geometry": {"type": "Point", "coordinates": [-104.785586, 41.163964]}, "properties": {"crashes": 13, "injury": 0, "fatal": 0, "pedestrian": 0, "bicycle": 0, "density": 3.2, "year_range": "unknown"}}, {"type": "Feature", "geometry": {"type": "Point", "coordinates": [-104.753153, 41.16036]}, "properties": {"crashes": 2, "injury": 0, "fatal": 0, "pedestrian": 0, "bicycle": 0, "density": 0.5, "year_range": "unknown"}}, {"type": "Feature", "geometry": {"type": "Point", "coordinates": [-104.794595, 41.145946]}, "properties": {"crashes": 2, "injury": 0, "fatal": 0, "pedestrian": 0, "bicycle": 0, "density": 0.5, "year_range": "unknown"}}, {"type": "Feature", "geometry": {"type": "Point", "coordinates": [-104.765766, 41.165766]}, "properties": {"crashes": 1, "injury": 0, "fatal": 0, "pedestrian": 0, "bicycle": 0, "density": 0.2, "year_range": "unknown"}}, {"type": "Feature", "geometry": {"type": "Point", "coordinates": [-104.798198, 41.115315]}, "properties": {"crashes": 1, "injury": 0, "fatal": 0, "pedestrian": 0, "bicycle": 0, "density": 0.2, "year_range": "unknown"}}, {"type": "Feature", "geometry": {"type": "Point", "coordinates": [-104.832432, 41.145946]}, "properties": {"crashes": 8, "injury": 0, "fatal": 0, "pedestrian": 0, "bicycle": 0, "density": 2.0, "year_range": "unknown"}}, {"type": "Feature", "geometry": {"type": "Point", "coordinates": [-104.767568, 41.2]}, "properties": {"crashes": 1, "injury": 0, "fatal": 0, "pedestrian": 0, "bicycle": 0, "density": 0.2, "year_range": "unknown"}}, {"type": "Feature", "geometry": {"type": "Point", "coordinates": [-104.789189, 41.136937]}, "properties": {"crashes": 4, "injury": 0, "fatal": 0, "pedestrian": 0, "bicycle": 0, "density": 1.0, "year_range": "unknown"}}, {"type": "Feature", "geometry": {"type": "Point", "coordinates": [-104.823423, 41.115315]}, "properties": {"crashes": 6, "injury": 0, "fatal": 0, "pedestrian": 0, "bicycle": 0, "density": 1.5, "year_range": "unknown"}}, {"type": "Feature", "geometry": {"type": "Point", "coordinates": [-104.821622, 41.126126]}, "properties": {"crashes": 1, "injury": 0, "fatal": 0, "pedestrian": 0, "bicycle": 0, "density": 0.2, "year_range": "unknown"}}, {"type": "Feature", "geometry": {"type": "Point", "coordinates": [-104.762162, 41.135135]}, "properties": {"crashes": 7, "injury": 0, "fatal": 0, "pedestrian": 0, "bicycle": 0, "density": 1.8, "year_range": "unknown"}}, {"type": "Feature", "geometry": {"type": "Point", "coordinates": [-104.837838, 41.203604]}, "properties": {"crashes": 4, "injury": 0, "fatal": 0, "pedestrian": 0, "bicycle": 0, "density": 1.0, "year_range": "unknown"}}, {"type": "Feature", "geometry": {"type": "Point", "coordinates": [-104.772973, 41.145946]}, "properties": {"crashes": 5, "injury": 0, "fatal": 0, "pedestrian": 0, "bicycle": 0, "density": 1.2, "year_range": "unknown"}}, {"type": "Feature", "geometry": {"type": "Point", "coordinates": [-104.814414, 41.140541]}, "properties": {"crashes": 5, "injury": 0, "fatal": 0, "pedestrian": 0, "bicycle": 0, "density": 1.2, "year_range": "unknown"}}, {"type": "Feature", "geometry": {"type": "Point", "coordinates": [-104.785586, 41.136937]}, "properties": {"crashes": 3, "injury": 0, "fatal": 0, "pedestrian": 0, "bicycle": 0, "density": 0.8, "year_range": "unknown"}}, {"type": "Feature", "geometry": {"type": "Point", "coordinates": [-104.774775, 41.145946]}, "properties": {"crashes": 9, "injury": 0, "fatal": 0, "pedestrian": 0, "bicycle": 0, "density": 2.2, "year_range": "unknown"}}, {"type": "Feature", "geometry": {"type": "Point", "coordinates": [-104.792793, 41.144144]}, "properties": {"crashes": 8, "injury": 0, "fatal": 0, "pedestrian": 0, "bicycle": 0, "density": 2.0, "year_range": "unknown"}}, {"type": "Feature", "geometry": {"type": "Point", "coordinates": [-104.751351, 41.131532]}, "properties": {"crashes": 1, "injury": 0, "fatal": 0, "pedestrian": 0, "bicycle": 0, "density": 0.2, "year_range": "unknown"}}, {"type": "Feature", "geometry": {"type": "Point", "coordinates": [-104.798198, 41.120721]}, "properties": {"crashes": 6, "injury": 0, "fatal": 0, "pedestrian": 0, "bicycle": 0, "density": 1.5, "year_range": "unknown"}}, {"type": "Feature", "geometry": {"type": "Point", "coordinates": [-104.992793, 41.106306]}, "properties": {"crashes": 1, "injury": 0, "fatal": 0, "pedestrian": 0, "bicycle": 0, "density": 0.2, "year_range": "unknown"}}, {"type": "Feature", "geometry": {"type": "Point", "coordinates": [-104.648649, 41.158559]}, "properties": {"crashes": 1, "injury": 0, "fatal": 0, "pedestrian": 0, "bicycle": 0, "density": 0.2, "year_range": "unknown"}}, {"type": "Feature", "geometry": {"type": "Point", "coordinates": [-104.83964, 41.099099]}, "properties": {"crashes": 3, "injury": 0, "fatal": 0, "pedestrian": 0, "bicycle": 0, "density": 0.8, "year_range": "unknown"}}, {"type": "Feature", "geometry": {"type": "Point", "coordinates": [-104.812613, 41.122523]}, "properties": {"crashes": 3, "injury": 0, "fatal": 0, "pedestrian": 0, "bicycle": 0, "density": 0.8, "year_range": "unknown"}}, {"type": "Feature", "geometry": {"type": "Point", "coordinates": [-104.857658, 41.218018]}, "properties": {"crashes": 1, "injury": 0, "fatal": 0, "pedestrian": 0, "bicycle": 0, "density": 0.2, "year_range": "unknown"}}, {"type": "Feature", "geometry": {"type": "Point", "coordinates": [-104.783784, 41.138739]}, "properties": {"crashes": 6, "injury": 0, "fatal": 0, "pedestrian": 0, "bicycle": 0, "density": 1.5, "year_range": "unknown"}}, {"type": "Feature", "geometry": {"type": "Point", "coordinates": [-104.774775, 41.118919]}, "properties": {"crashes": 1, "injury": 0, "fatal": 0, "pedestrian": 0, "bicycle": 0, "density": 0.2, "year_range": "unknown"}}, {"type": "Feature", "geometry": {"type": "Point", "coordinates": [-104.837838, 41.183784]}, "properties": {"crashes": 13, "injury": 0, "fatal": 0, "pedestrian": 0, "bicycle": 0, "density": 3.2, "year_range": "unknown"}}, {"type": "Feature", "geometry": {"type": "Point", "coordinates": [-104.846847, 41.115315]}, "properties": {"crashes": 5, "injury": 0, "fatal": 0, "pedestrian": 0, "bicycle": 0, "density": 1.2, "year_range": "unknown"}}, {"type": "Feature", "geometry": {"type": "Point", "coordinates": [-104.85045, 41.117117]}, "properties": {"crashes": 20, "injury": 0, "fatal": 0, "pedestrian": 0, "bicycle": 0, "density": 5.0, "year_range": "unknown"}}, {"type": "Feature", "geometry": {"type": "Point", "coordinates": [-104.823423, 41.113514]}, "properties": {"crashes": 4, "injury": 0, "fatal": 0, "pedestrian": 0, "bicycle": 0, "density": 1.0, "year_range": "unknown"}}, {"type": "Feature", "geometry": {"type": "Point", "coordinates": [-104.857658, 41.045045]}, "properties": {"crashes": 2, "injury": 0, "fatal": 0, "pedestrian": 0, "bicycle": 0, "density": 0.5, "year_range": "unknown"}}, {"type": "Feature", "geometry": {"type": "Point", "coordinates": [-104.742342, 41.135135]}, "properties": {"crashes": 2, "injury": 0, "fatal": 0, "pedestrian": 0, "bicycle": 0, "density": 0.5, "year_range": "unknown"}}, {"type": "Feature", "geometry": {"type": "Point", "coordinates": [-104.8, 41.084685]}, "properties": {"crashes": 4, "injury": 0, "fatal": 0, "pedestrian": 0, "bicycle": 0, "density": 1.0, "year_range": "unknown"}}, {"type": "Feature", "geometry": {"type": "Point", "coordinates": [-104.754955, 41.144144]}, "properties": {"crashes": 2, "injury": 0, "fatal": 0, "pedestrian": 0, "bicycle": 0, "density": 0.5, "year_range": "unknown"}}, {"type": "Feature", "geometry": {"type": "Point", "coordinates": [-104.722523, 41.158559]}, "properties": {"crashes": 1, "injury": 0, "fatal": 0, "pedestrian": 0, "bicycle": 0, "density": 0.2, "year_range": "unknown"}}, {"type": "Feature", "geometry": {"type": "Point", "coordinates": [-105.009009, 41.145946]}, "properties": {"crashes": 1, "injury": 0, "fatal": 0, "pedestrian": 0, "bicycle": 0, "density": 0.2, "year_range": "unknown"}}, {"type": "Feature", "geometry": {"type": "Point", "coordinates": [-104.891892, 41.117117]}, "properties": {"crashes": 2, "injury": 0, "fatal": 0, "pedestrian": 0, "bicycle": 0, "density": 0.5, "year_range": "unknown"}}, {"type": "Feature", "geometry": {"type": "Point", "coordinates": [-104.828829, 41.113514]}, "properties": {"crashes": 1, "injury": 0, "fatal": 0, "pedestrian": 0, "bicycle": 0, "density": 0.2, "year_range": "unknown"}}, {"type": "Feature", "geometry": {"type": "Point", "coordinates": [-104.81982, 41.181982]}, "properties": {"crashes": 4, "injury": 0, "fatal": 0, "pedestrian": 0, "bicycle": 0, "density": 1.0, "year_range": "unknown"}}, {"type": "Feature", "geometry": {"type": "Point", "coordinates": [-104.830631, 41.181982]}, "properties": {"crashes": 4, "injury": 0, "fatal": 0, "pedestrian": 0, "bicycle": 0, "density": 1.0, "year_range": "unknown"}}, {"type": "Feature", "geometry": {"type": "Point", "coordinates": [-104.85045, 41.091892]}, "properties": {"crashes": 2, "injury": 0, "fatal": 0, "pedestrian": 0, "bicycle": 0, "density": 0.5, "year_range": "unknown"}}, {"type": "Feature", "geometry": {"type": "Point", "coordinates": [-104.8, 41.163964]}, "properties": {"crashes": 4, "injury": 0, "fatal": 0, "pedestrian": 0, "bicycle": 0, "density": 1.0, "year_range": "unknown"}}, {"type": "Feature", "geometry": {"type": "Point", "coordinates": [-104.790991, 41.142342]}, "properties": {"crashes": 6, "injury": 0, "fatal": 0, "pedestrian": 0, "bicycle": 0, "density": 1.5, "year_range": "unknown"}}, {"type": "Feature", "geometry": {"type": "Point", "coordinates": [-104.792793, 41.138739]}, "properties": {"crashes": 9, "injury": 0, "fatal": 0, "pedestrian": 0, "bicycle": 0, "density": 2.2, "year_range": "unknown"}}, {"type": "Feature", "geometry": {"type": "Point", "coordinates": [-104.809009, 41.174775]}, "properties": {"crashes": 26, "injury": 0, "fatal": 0, "pedestrian": 0, "bicycle": 0, "density": 6.5, "year_range": "unknown"}}, {"type": "Feature", "geometry": {"type": "Point", "coordinates": [-104.895495, 41.124324]}, "properties": {"crashes": 1, "injury": 0, "fatal": 0, "pedestrian": 0, "bicycle": 0, "density": 0.2, "year_range": "unknown"}}, {"type": "Feature", "geometry": {"type": "Point", "coordinates": [-104.767568, 41.127928]}, "properties": {"crashes": 13, "injury": 0, "fatal": 0, "pedestrian": 0, "bicycle": 0, "density": 3.2, "year_range": "unknown"}}, {"type": "Feature", "geometry": {"type": "Point", "coordinates": [-104.742342, 41.156757]}, "properties": {"crashes": 1, "injury": 0, "fatal": 0, "pedestrian": 0, "bicycle": 0, "density": 0.2, "year_range": "unknown"}}, {"type": "Feature", "geometry": {"type": "Point", "coordinates": [-104.756757, 41.162162]}, "properties": {"crashes": 2, "injury": 0, "fatal": 0, "pedestrian": 0, "bicycle": 0, "density": 0.5, "year_range": "unknown"}}, {"type": "Feature", "geometry": {"type": "Point", "coordinates": [-104.810811, 41.133333]}, "properties": {"crashes": 7, "injury": 0, "fatal": 0, "pedestrian": 0, "bicycle": 0, "density": 1.8, "year_range": "unknown"}}, {"type": "Feature", "geometry": {"type": "Point", "coordinates": [-104.745946, 41.124324]}, "properties": {"crashes": 4, "injury": 0, "fatal": 0, "pedestrian": 0, "bicycle": 0, "density": 1.0, "year_range": "unknown"}}, {"type": "Feature", "geometry": {"type": "Point", "coordinates": [-104.805405, 41.12973]}, "properties": {"crashes": 2, "injury": 0, "fatal": 0, "pedestrian": 0, "bicycle": 0, "density": 0.5, "year_range": "unknown"}}, {"type": "Feature", "geometry": {"type": "Point", "coordinates": [-104.765766, 41.138739]}, "properties": {"crashes": 10, "injury": 0, "fatal": 0, "pedestrian": 0, "bicycle": 0, "density": 2.5, "year_range": "unknown"}}, {"type": "Feature", "geometry": {"type": "Point", "coordinates": [-104.774775, 41.127928]}, "properties": {"crashes": 1, "injury": 0, "fatal": 0, "pedestrian": 0, "bicycle": 0, "density": 0.2, "year_range": "unknown"}}, {"type": "Feature", "geometry": {"type": "Point", "coordinates": [-104.637838, 41.176577]}, "properties": {"crashes": 1, "injury": 0, "fatal": 0, "pedestrian": 0, "bicycle": 0, "density": 0.2, "year_range": "unknown"}}, {"type": "Feature", "geometry": {"type": "Point", "coordinates": [-104.762162, 41.136937]}, "properties": {"crashes": 12, "injury": 0, "fatal": 0, "pedestrian": 0, "bicycle": 0, "density": 3.0, "year_range": "unknown"}}, {"type": "Feature", "geometry": {"type": "Point", "coordinates": [-104.767568, 41.117117]}, "properties": {"crashes": 8, "injury": 0, "fatal": 0, "pedestrian": 0, "bicycle": 0, "density": 2.0, "year_range": "unknown"}}, {"type": "Feature", "geometry": {"type": "Point", "coordinates": [-104.724324, 41.154955]}, "properties": {"crashes": 1, "injury": 0, "fatal": 0, "pedestrian": 0, "bicycle": 0, "density": 0.2, "year_range": "unknown"}}, {"type": "Feature", "geometry": {"type": "Point", "coordinates": [-104.74955, 41.16036]}, "properties": {"crashes": 2, "injury": 0, "fatal": 0, "pedestrian": 0, "bicycle": 0, "density": 0.5, "year_range": "unknown"}}, {"type": "Feature", "geometry": {"type": "Point", "coordinates": [-104.778378, 41.167568]}, "properties": {"crashes": 4, "injury": 0, "fatal": 0, "pedestrian": 0, "bicycle": 0, "density": 1.0, "year_range": "unknown"}}, {"type": "Feature", "geometry": {"type": "Point", "coordinates": [-104.868468, 41.117117]}, "properties": {"crashes": 3, "injury": 0, "fatal": 0, "pedestrian": 0, "bicycle": 0, "density": 0.8, "year_range": "unknown"}}, {"type": "Feature", "geometry": {"type": "Point", "coordinates": [-104.852252, 41.113514]}, "properties": {"crashes": 6, "injury": 0, "fatal": 0, "pedestrian": 0, "bicycle": 0, "density": 1.5, "year_range": "unknown"}}, {"type": "Feature", "geometry": {"type": "Point", "coordinates": [-104.767568, 41.178378]}, "properties": {"crashes": 1, "injury": 0, "fatal": 0, "pedestrian": 0, "bicycle": 0, "density": 0.2, "year_range": "unknown"}}, {"type": "Feature", "geometry": {"type": "Point", "coordinates": [-104.792793, 41.113514]}, "properties": {"crashes": 1, "injury": 0, "fatal": 0, "pedestrian": 0, "bicycle": 0, "density": 0.2, "year_range": "unknown"}}, {"type": "Feature", "geometry": {"type": "Point", "coordinates": [-104.794595, 41.133333]}, "properties": {"crashes": 14, "injury": 0, "fatal": 0, "pedestrian": 0, "bicycle": 0, "density": 3.5, "year_range": "unknown"}}, {"type": "Feature", "geometry": {"type": "Point", "coordinates": [-104.836036, 41.135135]}, "properties": {"crashes": 2, "injury": 0, "fatal": 0, "pedestrian": 0, "bicycle": 0, "density": 0.5, "year_range": "unknown"}}, {"type": "Feature", "geometry": {"type": "Point", "coordinates": [-104.771171, 41.174775]}, "properties": {"crashes": 1, "injury": 0, "fatal": 0, "pedestrian": 0, "bicycle": 0, "density": 0.2, "year_range": "unknown"}}, {"type": "Feature", "geometry": {"type": "Point", "coordinates": [-104.812613, 41.113514]}, "properties": {"crashes": 5, "injury": 0, "fatal": 0, "pedestrian": 0, "bicycle": 0, "density": 1.2, "year_range": "unknown"}}, {"type": "Feature", "geometry": {"type": "Point", "coordinates": [-104.828829, 41.178378]}, "properties": {"crashes": 3, "injury": 0, "fatal": 0, "pedestrian": 0, "bicycle": 0, "density": 0.8, "year_range": "unknown"}}, {"type": "Feature", "geometry": {"type": "Point", "coordinates": [-104.76036, 41.147748]}, "properties": {"crashes": 8, "injury": 0, "fatal": 0, "pedestrian": 0, "bicycle": 0, "density": 2.0, "year_range": "unknown"}}, {"type": "Feature", "geometry": {"type": "Point", "coordinates": [-104.8, 41.117117]}, "properties": {"crashes": 1, "injury": 0, "fatal": 0, "pedestrian": 0, "bicycle": 0, "density": 0.2, "year_range": "unknown"}}, {"type": "Feature", "geometry": {"type": "Point", "coordinates": [-104.837838, 41.147748]}, "properties": {"crashes": 4, "injury": 0, "fatal": 0, "pedestrian": 0, "bicycle": 0, "density": 1.0, "year_range": "unknown"}}, {"type": "Feature", "geometry": {"type": "Point", "coordinates": [-104.972973, 41.151351]}, "properties": {"crashes": 2, "injury": 0, "fatal": 0, "pedestrian": 0, "bicycle": 0, "density": 0.5, "year_range": "unknown"}}, {"type": "Feature", "geometry": {"type": "Point", "coordinates": [-104.837838, 41.230631]}, "properties": {"crashes": 3, "injury": 0, "fatal": 0, "pedestrian": 0, "bicycle": 0, "density": 0.8, "year_range": "unknown"}}, {"type": "Feature", "geometry": {"type": "Point", "coordinates": [-104.81982, 41.102703]}, "properties": {"crashes": 1, "injury": 0, "fatal": 0, "pedestrian": 0, "bicycle": 0, "density": 0.2, "year_range": "unknown"}}, {"type": "Feature", "geometry": {"type": "Point", "coordinates": [-104.83964, 41.218018]}, "properties": {"crashes": 11, "injury": 0, "fatal": 0, "pedestrian": 0, "bicycle": 0, "density": 2.8, "year_range": "unknown"}}, {"type": "Feature", "geometry": {"type": "Point", "coordinates": [-104.837838, 41.192793]}, "properties": {"crashes": 1, "injury": 0, "fatal": 0, "pedestrian": 0, "bicycle": 0, "density": 0.2, "year_range": "unknown"}}, {"type": "Feature", "geometry": {"type": "Point", "coordinates": [-104.83964, 41.158559]}, "properties": {"crashes": 3, "injury": 0, "fatal": 0, "pedestrian": 0, "bicycle": 0, "density": 0.8, "year_range": "unknown"}}, {"type": "Feature", "geometry": {"type": "Point", "coordinates": [-104.774775, 41.158559]}, "properties": {"crashes": 1, "injury": 0, "fatal": 0, "pedestrian": 0, "bicycle": 0, "density": 0.2, "year_range": "unknown"}}, {"type": "Feature", "geometry": {"type": "Point", "coordinates": [-104.891892, 41.043243]}, "properties": {"crashes": 13, "injury": 0, "fatal": 0, "pedestrian": 0, "bicycle": 0, "density": 3.2, "year_range": "unknown"}}, {"type": "Feature", "geometry": {"type": "Point", "coordinates": [-104.726126, 41.126126]}, "properties": {"crashes": 1, "injury": 0, "fatal": 0, "pedestrian": 0, "bicycle": 0, "density": 0.2, "year_range": "unknown"}}, {"type": "Feature", "geometry": {"type": "Point", "coordinates": [-104.918919, 41.115315]}, "properties": {"crashes": 3, "injury": 0, "fatal": 0, "pedestrian": 0, "bicycle": 0, "density": 0.8, "year_range": "unknown"}}, {"type": "Feature", "geometry": {"type": "Point", "coordinates": [-105.104505, 41.097297]}, "properties": {"crashes": 3, "injury": 0, "fatal": 0, "pedestrian": 0, "bicycle": 0, "density": 0.8, "year_range": "unknown"}}, {"type": "Feature", "geometry": {"type": "Point", "coordinates": [-104.837838, 41.124324]}, "properties": {"crashes": 4, "injury": 0, "fatal": 0, "pedestrian": 0, "bicycle": 0, "density": 1.0, "year_range": "unknown"}}, {"type": "Feature", "geometry": {"type": "Point", "coordinates": [-104.636036, 41.16036]}, "properties": {"crashes": 1, "injury": 0, "fatal": 0, "pedestrian": 0, "bicycle": 0, "density": 0.2, "year_range": "unknown"}}, {"type": "Feature", "geometry": {"type": "Point", "coordinates": [-104.85045, 41.097297]}, "properties": {"crashes": 2, "injury": 0, "fatal": 0, "pedestrian": 0, "bicycle": 0, "density": 0.5, "year_range": "unknown"}}, {"type": "Feature", "geometry": {"type": "Point", "coordinates": [-104.657658, 41.122523]}, "properties": {"crashes": 1, "injury": 0, "fatal": 0, "pedestrian": 0, "bicycle": 0, "density": 0.2, "year_range": "unknown"}}, {"type": "Feature", "geometry": {"type": "Point", "coordinates": [-104.715315, 41.12973]}, "properties": {"crashes": 1, "injury": 0, "fatal": 0, "pedestrian": 0, "bicycle": 0, "density": 0.2, "year_range": "unknown"}}, {"type": "Feature", "geometry": {"type": "Point", "coordinates": [-104.823423, 41.131532]}, "properties": {"crashes": 2, "injury": 0, "fatal": 0, "pedestrian": 0, "bicycle": 0, "density": 0.5, "year_range": "unknown"}}, {"type": "Feature", "geometry": {"type": "Point", "coordinates": [-104.778378, 41.163964]}, "properties": {"crashes": 1, "injury": 0, "fatal": 0, "pedestrian": 0, "bicycle": 0, "density": 0.2, "year_range": "unknown"}}, {"type": "Feature", "geometry": {"type": "Point", "coordinates": [-104.816216, 41.10991]}, "properties": {"crashes": 6, "injury": 0, "fatal": 0, "pedestrian": 0, "bicycle": 0, "density": 1.5, "year_range": "unknown"}}, {"type": "Feature", "geometry": {"type": "Point", "coordinates": [-104.828829, 41.201802]}, "properties": {"crashes": 1, "injury": 0, "fatal": 0, "pedestrian": 0, "bicycle": 0, "density": 0.2, "year_range": "unknown"}}, {"type": "Feature", "geometry": {"type": "Point", "coordinates": [-104.85045, 41.108108]}, "properties": {"crashes": 2, "injury": 0, "fatal": 0, "pedestrian": 0, "bicycle": 0, "density": 0.5, "year_range": "unknown"}}, {"type": "Feature", "geometry": {"type": "Point", "coordinates": [-104.841441, 41.115315]}, "properties": {"crashes": 2, "injury": 0, "fatal": 0, "pedestrian": 0, "bicycle": 0, "density": 0.5, "year_range": "unknown"}}, {"type": "Feature", "geometry": {"type": "Point", "coordinates": [-104.872072, 41.10991]}, "properties": {"crashes": 1, "injury": 0, "fatal": 0, "pedestrian": 0, "bicycle": 0, "density": 0.2, "year_range": "unknown"}}, {"type": "Feature", "geometry": {"type": "Point", "coordinates": [-104.809009, 41.144144]}, "properties": {"crashes": 6, "injury": 0, "fatal": 0, "pedestrian": 0, "bicycle": 0, "density": 1.5, "year_range": "unknown"}}, {"type": "Feature", "geometry": {"type": "Point", "coordinates": [-104.798198, 41.140541]}, "properties": {"crashes": 3, "injury": 0, "fatal": 0, "pedestrian": 0, "bicycle": 0, "density": 0.8, "year_range": "unknown"}}, {"type": "Feature", "geometry": {"type": "Point", "coordinates": [-104.762162, 41.165766]}, "properties": {"crashes": 1, "injury": 0, "fatal": 0, "pedestrian": 0, "bicycle": 0, "density": 0.2, "year_range": "unknown"}}, {"type": "Feature", "geometry": {"type": "Point", "coordinates": [-104.736937, 41.12973]}, "properties": {"crashes": 1, "injury": 0, "fatal": 0, "pedestrian": 0, "bicycle": 0, "density": 0.2, "year_range": "unknown"}}, {"type": "Feature", "geometry": {"type": "Point", "coordinates": [-104.814414, 41.113514]}, "properties": {"crashes": 6, "injury": 0, "fatal": 0, "pedestrian": 0, "bicycle": 0, "density": 1.5, "year_range": "unknown"}}, {"type": "Feature", "geometry": {"type": "Point", "coordinates": [-104.767568, 41.138739]}, "properties": {"crashes": 10, "injury": 0, "fatal": 0, "pedestrian": 0, "bicycle": 0, "density": 2.5, "year_range": "unknown"}}, {"type": "Feature", "geometry": {"type": "Point", "coordinates": [-104.895495, 41.037838]}, "properties": {"crashes": 9, "injury": 0, "fatal": 0, "pedestrian": 0, "bicycle": 0, "density": 2.2, "year_range": "unknown"}}, {"type": "Feature", "geometry": {"type": "Point", "coordinates": [-104.906306, 41.005405]}, "properties": {"crashes": 12, "injury": 0, "fatal": 0, "pedestrian": 0, "bicycle": 0, "density": 3.0, "year_range": "unknown"}}, {"type": "Feature", "geometry": {"type": "Point", "coordinates": [-104.661261, 41.158559]}, "properties": {"crashes": 1, "injury": 0, "fatal": 0, "pedestrian": 0, "bicycle": 0, "density": 0.2, "year_range": "unknown"}}, {"type": "Feature", "geometry": {"type": "Point", "coordinates": [-104.836036, 41.147748]}, "properties": {"crashes": 3, "injury": 0, "fatal": 0, "pedestrian": 0, "bicycle": 0, "density": 0.8, "year_range": "unknown"}}, {"type": "Feature", "geometry": {"type": "Point", "coordinates": [-104.798198, 41.12973]}, "properties": {"crashes": 3, "injury": 0, "fatal": 0, "pedestrian": 0, "bicycle": 0, "density": 0.8, "year_range": "unknown"}}, {"type": "Feature", "geometry": {"type": "Point", "coordinates": [-104.789189, 41.133333]}, "properties": {"crashes": 9, "injury": 0, "fatal": 0, "pedestrian": 0, "bicycle": 0, "density": 2.2, "year_range": "unknown"}}, {"type": "Feature", "geometry": {"type": "Point", "coordinates": [-104.821622, 41.140541]}, "properties": {"crashes": 5, "injury": 0, "fatal": 0, "pedestrian": 0, "bicycle": 0, "density": 1.2, "year_range": "unknown"}}, {"type": "Feature", "geometry": {"type": "Point", "coordinates": [-104.767568, 41.136937]}, "properties": {"crashes": 7, "injury": 0, "fatal": 0, "pedestrian": 0, "bicycle": 0, "density": 1.8, "year_range": "unknown"}}, {"type": "Feature", "geometry": {"type": "Point", "coordinates": [-104.888288, 41.05045]}, "properties": {"crashes": 4, "injury": 0, "fatal": 0, "pedestrian": 0, "bicycle": 0, "density": 1.0, "year_range": "unknown"}}, {"type": "Feature", "geometry": {"type": "Point", "coordinates": [-104.841441, 41.176577]}, "properties": {"crashes": 1, "injury": 0, "fatal": 0, "pedestrian": 0, "bicycle": 0, "density": 0.2, "year_range": "unknown"}}, {"type": "Feature", "geometry": {"type": "Point", "coordinates": [-104.821622, 41.163964]}, "properties": {"crashes": 4, "injury": 0, "fatal": 0, "pedestrian": 0, "bicycle": 0, "density": 1.0, "year_range": "unknown"}}, {"type": "Feature", "geometry": {"type": "Point", "coordinates": [-104.8, 41.126126]}, "properties": {"crashes": 5, "injury": 0, "fatal": 0, "pedestrian": 0, "bicycle": 0, "density": 1.2, "year_range": "unknown"}}, {"type": "Feature", "geometry": {"type": "Point", "coordinates": [-104.747748, 41.124324]}, "properties": {"crashes": 6, "injury": 0, "fatal": 0, "pedestrian": 0, "bicycle": 0, "density": 1.5, "year_range": "unknown"}}, {"type": "Feature", "geometry": {"type": "Point", "coordinates": [-104.762162, 41.145946]}, "properties": {"crashes": 12, "injury": 0, "fatal": 0, "pedestrian": 0, "bicycle": 0, "density": 3.0, "year_range": "unknown"}}, {"type": "Feature", "geometry": {"type": "Point", "coordinates": [-104.814414, 41.10991]}, "properties": {"crashes": 2, "injury": 0, "fatal": 0, "pedestrian": 0, "bicycle": 0, "density": 0.5, "year_range": "unknown"}}, {"type": "Feature", "geometry": {"type": "Point", "coordinates": [-104.781982, 41.167568]}, "properties": {"crashes": 4, "injury": 0, "fatal": 0, "pedestrian": 0, "bicycle": 0, "density": 1.0, "year_range": "unknown"}}, {"type": "Feature", "geometry": {"type": "Point", "coordinates": [-104.809009, 41.135135]}, "properties": {"crashes": 9, "injury": 0, "fatal": 0, "pedestrian": 0, "bicycle": 0, "density": 2.2, "year_range": "unknown"}}, {"type": "Feature", "geometry": {"type": "Point", "coordinates": [-104.805405, 41.127928]}, "properties": {"crashes": 6, "injury": 0, "fatal": 0, "pedestrian": 0, "bicycle": 0, "density": 1.5, "year_range": "unknown"}}, {"type": "Feature", "geometry": {"type": "Point", "coordinates": [-104.832432, 41.100901]}, "properties": {"crashes": 2, "injury": 0, "fatal": 0, "pedestrian": 0, "bicycle": 0, "density": 0.5, "year_range": "unknown"}}, {"type": "Feature", "geometry": {"type": "Point", "coordinates": [-104.769369, 41.165766]}, "properties": {"crashes": 1, "injury": 0, "fatal": 0, "pedestrian": 0, "bicycle": 0, "density": 0.2, "year_range": "unknown"}}, {"type": "Feature", "geometry": {"type": "Point", "coordinates": [-104.886486, 41.05045]}, "properties": {"crashes": 1, "injury": 0, "fatal": 0, "pedestrian": 0, "bicycle": 0, "density": 0.2, "year_range": "unknown"}}, {"type": "Feature", "geometry": {"type": "Point", "coordinates": [-104.821622, 41.172973]}, "properties": {"crashes": 1, "injury": 0, "fatal": 0, "pedestrian": 0, "bicycle": 0, "density": 0.2, "year_range": "unknown"}}, {"type": "Feature", "geometry": {"type": "Point", "coordinates": [-104.785586, 41.154955]}, "properties": {"crashes": 1, "injury": 0, "fatal": 0, "pedestrian": 0, "bicycle": 0, "density": 0.2, "year_range": "unknown"}}, {"type": "Feature", "geometry": {"type": "Point", "coordinates": [-104.809009, 41.169369]}, "properties": {"crashes": 2, "injury": 0, "fatal": 0, "pedestrian": 0, "bicycle": 0, "density": 0.5, "year_range": "unknown"}}, {"type": "Feature", "geometry": {"type": "Point", "coordinates": [-104.809009, 41.108108]}, "properties": {"crashes": 3, "injury": 0, "fatal": 0, "pedestrian": 0, "bicycle": 0, "density": 0.8, "year_range": "unknown"}}, {"type": "Feature", "geometry": {"type": "Point", "coordinates": [-104.74955, 41.142342]}, "properties": {"crashes": 5, "injury": 0, "fatal": 0, "pedestrian": 0, "bicycle": 0, "density": 1.2, "year_range": "unknown"}}, {"type": "Feature", "geometry": {"type": "Point", "coordinates": [-104.810811, 41.120721]}, "properties": {"crashes": 7, "injury": 0, "fatal": 0, "pedestrian": 0, "bicycle": 0, "density": 1.8, "year_range": "unknown"}}, {"type": "Feature", "geometry": {"type": "Point", "coordinates": [-104.713514, 41.151351]}, "properties": {"crashes": 4, "injury": 0, "fatal": 0, "pedestrian": 0, "bicycle": 0, "density": 1.0, "year_range": "unknown"}}, {"type": "Feature", "geometry": {"type": "Point", "coordinates": [-104.769369, 41.113514]}, "properties": {"crashes": 3, "injury": 0, "fatal": 0, "pedestrian": 0, "bicycle": 0, "density": 0.8, "year_range": "unknown"}}, {"type": "Feature", "geometry": {"type": "Point", "coordinates": [-104.846847, 41.122523]}, "properties": {"crashes": 1, "injury": 0, "fatal": 0, "pedestrian": 0, "bicycle": 0, "density": 0.2, "year_range": "unknown"}}, {"type": "Feature", "geometry": {"type": "Point", "coordinates": [-104.837838, 41.228829]}, "properties": {"crashes": 3, "injury": 0, "fatal": 0, "pedestrian": 0, "bicycle": 0, "density": 0.8, "year_range": "unknown"}}, {"type": "Feature", "geometry": {"type": "Point", "coordinates": [-104.772973, 41.001802]}, "properties": {"crashes": 2, "injury": 0, "fatal": 0, "pedestrian": 0, "bicycle": 0, "density": 0.5, "year_range": "unknown"}}, {"type": "Feature", "geometry": {"type": "Point", "coordinates": [-104.790991, 41.144144]}, "properties": {"crashes": 6, "injury": 0, "fatal": 0, "pedestrian": 0, "bicycle": 0, "density": 1.5, "year_range": "unknown"}}, {"type": "Feature", "geometry": {"type": "Point", "coordinates": [-104.812613, 41.167568]}, "properties": {"crashes": 3, "injury": 0, "fatal": 0, "pedestrian": 0, "bicycle": 0, "density": 0.8, "year_range": "unknown"}}, {"type": "Feature", "geometry": {"type": "Point", "coordinates": [-104.754955, 41.145946]}, "properties": {"crashes": 5, "injury": 0, "fatal": 0, "pedestrian": 0, "bicycle": 0, "density": 1.2, "year_range": "unknown"}}, {"type": "Feature", "geometry": {"type": "Point", "coordinates": [-104.832432, 41.16036]}, "properties": {"crashes": 2, "injury": 0, "fatal": 0, "pedestrian": 0, "bicycle": 0, "density": 0.5, "year_range": "unknown"}}, {"type": "Feature", "geometry": {"type": "Point", "coordinates": [-104.717117, 41.12973]}, "properties": {"crashes": 5, "injury": 0, "fatal": 0, "pedestrian": 0, "bicycle": 0, "density": 1.2, "year_range": "unknown"}}, {"type": "Feature", "geometry": {"type": "Point", "coordinates": [-104.83964, 41.142342]}, "properties": {"crashes": 3, "injury": 0, "fatal": 0, "pedestrian": 0, "bicycle": 0, "density": 0.8, "year_range": "unknown"}}, {"type": "Feature", "geometry": {"type": "Point", "coordinates": [-104.823423, 41.151351]}, "properties": {"crashes": 1, "injury": 0, "fatal": 0, "pedestrian": 0, "bicycle": 0, "density": 0.2, "year_range": "unknown"}}, {"type": "Feature", "geometry": {"type": "Point", "coordinates": [-104.675676, 41.158559]}, "properties": {"crashes": 3, "injury": 0, "fatal": 0, "pedestrian": 0, "bicycle": 0, "density": 0.8, "year_range": "unknown"}}, {"type": "Feature", "geometry": {"type": "Point", "coordinates": [-104.751351, 41.156757]}, "properties": {"crashes": 3, "injury": 0, "fatal": 0, "pedestrian": 0, "bicycle": 0, "density": 0.8, "year_range": "unknown"}}, {"type": "Feature", "geometry": {"type": "Point", "coordinates": [-104.785586, 41.142342]}, "properties": {"crashes": 5, "injury": 0, "fatal": 0, "pedestrian": 0, "bicycle": 0, "density": 1.2, "year_range": "unknown"}}, {"type": "Feature", "geometry": {"type": "Point", "coordinates": [-104.765766, 41.135135]}, "properties": {"crashes": 2, "injury": 0, "fatal": 0, "pedestrian": 0, "bicycle": 0, "density": 0.5, "year_range": "unknown"}}, {"type": "Feature", "geometry": {"type": "Point", "coordinates": [-104.8, 41.181982]}, "properties": {"crashes": 1, "injury": 0, "fatal": 0, "pedestrian": 0, "bicycle": 0, "density": 0.2, "year_range": "unknown"}}, {"type": "Feature", "geometry": {"type": "Point", "coordinates": [-104.81982, 41.165766]}, "properties": {"crashes": 3, "injury": 0, "fatal": 0, "pedestrian": 0, "bicycle": 0, "density": 0.8, "year_range": "unknown"}}, {"type": "Feature", "geometry": {"type": "Point", "coordinates": [-104.812613, 41.142342]}, "properties": {"crashes": 5, "injury": 0, "fatal": 0, "pedestrian": 0, "bicycle": 0, "density": 1.2, "year_range": "unknown"}}, {"type": "Feature", "geometry": {"type": "Point", "coordinates": [-104.789189, 41.106306]}, "properties": {"crashes": 3, "injury": 0, "fatal": 0, "pedestrian": 0, "bicycle": 0, "density": 0.8, "year_range": "unknown"}}, {"type": "Feature", "geometry": {"type": "Point", "coordinates": [-105.003604, 41.104505]}, "properties": {"crashes": 1, "injury": 0, "fatal": 0, "pedestrian": 0, "bicycle": 0, "density": 0.2, "year_range": "unknown"}}, {"type": "Feature", "geometry": {"type": "Point", "coordinates": [-104.809009, 41.163964]}, "properties": {"crashes": 13, "injury": 0, "fatal": 0, "pedestrian": 0, "bicycle": 0, "density": 3.2, "year_range": "unknown"}}, {"type": "Feature", "geometry": {"type": "Point", "coordinates": [-104.807207, 41.126126]}, "properties": {"crashes": 3, "injury": 0, "fatal": 0, "pedestrian": 0, "bicycle": 0, "density": 0.8, "year_range": "unknown"}}, {"type": "Feature", "geometry": {"type": "Point", "coordinates": [-104.794595, 41.102703]}, "properties": {"crashes": 4, "injury": 0, "fatal": 0, "pedestrian": 0, "bicycle": 0, "density": 1.0, "year_range": "unknown"}}, {"type": "Feature", "geometry": {"type": "Point", "coordinates": [-104.902703, 41.023423]}, "properties": {"crashes": 2, "injury": 0, "fatal": 0, "pedestrian": 0, "bicycle": 0, "density": 0.5, "year_range": "unknown"}}, {"type": "Feature", "geometry": {"type": "Point", "coordinates": [-104.848649, 41.124324]}, "properties": {"crashes": 3, "injury": 0, "fatal": 0, "pedestrian": 0, "bicycle": 0, "density": 0.8, "year_range": "unknown"}}, {"type": "Feature", "geometry": {"type": "Point", "coordinates": [-104.796396, 41.120721]}, "properties": {"crashes": 6, "injury": 0, "fatal": 0, "pedestrian": 0, "bicycle": 0, "density": 1.5, "year_range": "unknown"}}, {"type": "Feature", "geometry": {"type": "Point", "coordinates": [-104.74955, 41.120721]}, "properties": {"crashes": 1, "injury": 0, "fatal": 0, "pedestrian": 0, "bicycle": 0, "density": 0.2, "year_range": "unknown"}}, {"type": "Feature", "geometry": {"type": "Point", "coordinates": [-104.810811, 41.124324]}, "properties": {"crashes": 2, "injury": 0, "fatal": 0, "pedestrian": 0, "bicycle": 0, "density": 0.5, "year_range": "unknown"}}, {"type": "Feature", "geometry": {"type": "Point", "coordinates": [-104.805405, 41.066667]}, "properties": {"crashes": 2, "injury": 0, "fatal": 0, "pedestrian": 0, "bicycle": 0, "density": 0.5, "year_range": "unknown"}}, {"type": "Feature", "geometry": {"type": "Point", "coordinates": [-104.697297, 41.138739]}, "properties": {"crashes": 1, "injury": 0, "fatal": 0, "pedestrian": 0, "bicycle": 0, "density": 0.2, "year_range": "unknown"}}, {"type": "Feature", "geometry": {"type": "Point", "coordinates": [-104.89009, 41.045045]}, "properties": {"crashes": 9, "injury": 0, "fatal": 0, "pedestrian": 0, "bicycle": 0, "density": 2.2, "year_range": "unknown"}}, {"type": "Feature", "geometry": {"type": "Point", "coordinates": [-104.718919, 41.12973]}, "properties": {"crashes": 5, "injury": 0, "fatal": 0, "pedestrian": 0, "bicycle": 0, "density": 1.2, "year_range": "unknown"}}, {"type": "Feature", "geometry": {"type": "Point", "coordinates": [-104.830631, 41.12973]}, "properties": {"crashes": 3, "injury": 0, "fatal": 0, "pedestrian": 0, "bicycle": 0, "density": 0.8, "year_range": "unknown"}}, {"type": "Feature", "geometry": {"type": "Point", "coordinates": [-104.787387, 41.135135]}, "properties": {"crashes": 4, "injury": 0, "fatal": 0, "pedestrian": 0, "bicycle": 0, "density": 1.0, "year_range": "unknown"}}, {"type": "Feature", "geometry": {"type": "Point", "coordinates": [-104.726126, 41.156757]}, "properties": {"crashes": 1, "injury": 0, "fatal": 0, "pedestrian": 0, "bicycle": 0, "density": 0.2, "year_range": "unknown"}}, {"type": "Feature", "geometry": {"type": "Point", "coordinates": [-104.809009, 41.104505]}, "properties": {"crashes": 1, "injury": 0, "fatal": 0, "pedestrian": 0, "bicycle": 0, "density": 0.2, "year_range": "unknown"}}, {"type": "Feature", "geometry": {"type": "Point", "coordinates": [-104.834234, 41.144144]}, "properties": {"crashes": 4, "injury": 0, "fatal": 0, "pedestrian": 0, "bicycle": 0, "density": 1.0, "year_range": "unknown"}}, {"type": "Feature", "geometry": {"type": "Point", "coordinates": [-104.772973, 41.165766]}, "properties": {"crashes": 2, "injury": 0, "fatal": 0, "pedestrian": 0, "bicycle": 0, "density": 0.5, "year_range": "unknown"}}, {"type": "Feature", "geometry": {"type": "Point", "coordinates": [-104.731532, 41.153153]}, "properties": {"crashes": 1, "injury": 0, "fatal": 0, "pedestrian": 0, "bicycle": 0, "density": 0.2, "year_range": "unknown"}}, {"type": "Feature", "geometry": {"type": "Point", "coordinates": [-104.828829, 41.153153]}, "properties": {"crashes": 3, "injury": 0, "fatal": 0, "pedestrian": 0, "bicycle": 0, "density": 0.8, "year_range": "unknown"}}, {"type": "Feature", "geometry": {"type": "Point", "coordinates": [-104.812613, 41.171171]}, "properties": {"crashes": 1, "injury": 0, "fatal": 0, "pedestrian": 0, "bicycle": 0, "density": 0.2, "year_range": "unknown"}}, {"type": "Feature", "geometry": {"type": "Point", "coordinates": [-104.792793, 41.218018]}, "properties": {"crashes": 2, "injury": 0, "fatal": 0, "pedestrian": 0, "bicycle": 0, "density": 0.5, "year_range": "unknown"}}, {"type": "Feature", "geometry": {"type": "Point", "coordinates": [-104.78018, 41.162162]}, "properties": {"crashes": 2, "injury": 0, "fatal": 0, "pedestrian": 0, "bicycle": 0, "density": 0.5, "year_range": "unknown"}}, {"type": "Feature", "geometry": {"type": "Point", "coordinates": [-104.713514, 41.16036]}, "properties": {"crashes": 16, "injury": 0, "fatal": 0, "pedestrian": 0, "bicycle": 0, "density": 4.0, "year_range": "unknown"}}, {"type": "Feature", "geometry": {"type": "Point", "coordinates": [-104.632432, 41.16036]}, "properties": {"crashes": 4, "injury": 0, "fatal": 0, "pedestrian": 0, "bicycle": 0, "density": 1.0, "year_range": "unknown"}}, {"type": "Feature", "geometry": {"type": "Point", "coordinates": [-104.81982, 41.115315]}, "properties": {"crashes": 5, "injury": 0, "fatal": 0, "pedestrian": 0, "bicycle": 0, "density": 1.2, "year_range": "unknown"}}, {"type": "Feature", "geometry": {"type": "Point", "coordinates": [-104.762162, 41.138739]}, "properties": {"crashes": 2, "injury": 0, "fatal": 0, "pedestrian": 0, "bicycle": 0, "density": 0.5, "year_range": "unknown"}}, {"type": "Feature", "geometry": {"type": "Point", "coordinates": [-104.801802, 41.145946]}, "properties": {"crashes": 6, "injury": 0, "fatal": 0, "pedestrian": 0, "bicycle": 0, "density": 1.5, "year_range": "unknown"}}, {"type": "Feature", "geometry": {"type": "Point", "coordinates": [-104.769369, 41.135135]}, "properties": {"crashes": 3, "injury": 0, "fatal": 0, "pedestrian": 0, "bicycle": 0, "density": 0.8, "year_range": "unknown"}}, {"type": "Feature", "geometry": {"type": "Point", "coordinates": [-104.836036, 41.14955]}, "properties": {"crashes": 4, "injury": 0, "fatal": 0, "pedestrian": 0, "bicycle": 0, "density": 1.0, "year_range": "unknown"}}, {"type": "Feature", "geometry": {"type": "Point", "coordinates": [-104.776577, 41.165766]}, "properties": {"crashes": 2, "injury": 0, "fatal": 0, "pedestrian": 0, "bicycle": 0, "density": 0.5, "year_range": "unknown"}}, {"type": "Feature", "geometry": {"type": "Point", "coordinates": [-104.825225, 41.144144]}, "properties": {"crashes": 6, "injury": 0, "fatal": 0, "pedestrian": 0, "bicycle": 0, "density": 1.5, "year_range": "unknown"}}, {"type": "Feature", "geometry": {"type": "Point", "coordinates": [-104.772973, 41.133333]}, "properties": {"crashes": 4, "injury": 0, "fatal": 0, "pedestrian": 0, "bicycle": 0, "density": 1.0, "year_range": "unknown"}}, {"type": "Feature", "geometry": {"type": "Point", "coordinates": [-104.884685, 41.117117]}, "properties": {"crashes": 2, "injury": 0, "fatal": 0, "pedestrian": 0, "bicycle": 0, "density": 0.5, "year_range": "unknown"}}, {"type": "Feature", "geometry": {"type": "Point", "coordinates": [-104.807207, 41.102703]}, "properties": {"crashes": 3, "injury": 0, "fatal": 0, "pedestrian": 0, "bicycle": 0, "density": 0.8, "year_range": "unknown"}}, {"type": "Feature", "geometry": {"type": "Point", "coordinates": [-104.790991, 41.133333]}, "properties": {"crashes": 5, "injury": 0, "fatal": 0, "pedestrian": 0, "bicycle": 0, "density": 1.2, "year_range": "unknown"}}, {"type": "Feature", "geometry": {"type": "Point", "coordinates": [-104.774775, 41.135135]}, "properties": {"crashes": 2, "injury": 0, "fatal": 0, "pedestrian": 0, "bicycle": 0, "density": 0.5, "year_range": "unknown"}}, {"type": "Feature", "geometry": {"type": "Point", "coordinates": [-104.794595, 41.113514]}, "properties": {"crashes": 2, "injury": 0, "fatal": 0, "pedestrian": 0, "bicycle": 0, "density": 0.5, "year_range": "unknown"}}, {"type": "Feature", "geometry": {"type": "Point", "coordinates": [-104.818018, 41.163964]}, "properties": {"crashes": 3, "injury": 0, "fatal": 0, "pedestrian": 0, "bicycle": 0, "density": 0.8, "year_range": "unknown"}}, {"type": "Feature", "geometry": {"type": "Point", "coordinates": [-104.74955, 41.156757]}, "properties": {"crashes": 4, "injury": 0, "fatal": 0, "pedestrian": 0, "bicycle": 0, "density": 1.0, "year_range": "unknown"}}, {"type": "Feature", "geometry": {"type": "Point", "coordinates": [-104.74955, 41.158559]}, "properties": {"crashes": 2, "injury": 0, "fatal": 0, "pedestrian": 0, "bicycle": 0, "density": 0.5, "year_range": "unknown"}}, {"type": "Feature", "geometry": {"type": "Point", "coordinates": [-104.900901, 41.027027]}, "properties": {"crashes": 10, "injury": 0, "fatal": 0, "pedestrian": 0, "bicycle": 0, "density": 2.5, "year_range": "unknown"}}, {"type": "Feature", "geometry": {"type": "Point", "coordinates": [-104.792793, 41.14955]}, "properties": {"crashes": 1, "injury": 0, "fatal": 0, "pedestrian": 0, "bicycle": 0, "density": 0.2, "year_range": "unknown"}}, {"type": "Feature", "geometry": {"type": "Point", "coordinates": [-104.801802, 41.140541]}, "properties": {"crashes": 9, "injury": 0, "fatal": 0, "pedestrian": 0, "bicycle": 0, "density": 2.2, "year_range": "unknown"}}, {"type": "Feature", "geometry": {"type": "Point", "coordinates": [-104.805405, 41.187387]}, "properties": {"crashes": 1, "injury": 0, "fatal": 0, "pedestrian": 0, "bicycle": 0, "density": 0.2, "year_range": "unknown"}}, {"type": "Feature", "geometry": {"type": "Point", "coordinates": [-104.837838, 41.198198]}, "properties": {"crashes": 4, "injury": 0, "fatal": 0, "pedestrian": 0, "bicycle": 0, "density": 1.0, "year_range": "unknown"}}, {"type": "Feature", "geometry": {"type": "Point", "coordinates": [-104.823423, 41.163964]}, "properties": {"crashes": 9, "injury": 0, "fatal": 0, "pedestrian": 0, "bicycle": 0, "density": 2.2, "year_range": "unknown"}}, {"type": "Feature", "geometry": {"type": "Point", "coordinates": [-104.790991, 41.102703]}, "properties": {"crashes": 5, "injury": 0, "fatal": 0, "pedestrian": 0, "bicycle": 0, "density": 1.2, "year_range": "unknown"}}, {"type": "Feature", "geometry": {"type": "Point", "coordinates": [-104.855856, 41.097297]}, "properties": {"crashes": 1, "injury": 0, "fatal": 0, "pedestrian": 0, "bicycle": 0, "density": 0.2, "year_range": "unknown"}}, {"type": "Feature", "geometry": {"type": "Point", "coordinates": [-104.834234, 41.131532]}, "properties": {"crashes": 1, "injury": 0, "fatal": 0, "pedestrian": 0, "bicycle": 0, "density": 0.2, "year_range": "unknown"}}, {"type": "Feature", "geometry": {"type": "Point", "coordinates": [-104.792793, 41.203604]}, "properties": {"crashes": 7, "injury": 0, "fatal": 0, "pedestrian": 0, "bicycle": 0, "density": 1.8, "year_range": "unknown"}}, {"type": "Feature", "geometry": {"type": "Point", "coordinates": [-104.841441, 41.133333]}, "properties": {"crashes": 5, "injury": 0, "fatal": 0, "pedestrian": 0, "bicycle": 0, "density": 1.2, "year_range": "unknown"}}, {"type": "Feature", "geometry": {"type": "Point", "coordinates": [-104.825225, 41.10991]}, "properties": {"crashes": 4, "injury": 0, "fatal": 0, "pedestrian": 0, "bicycle": 0, "density": 1.0, "year_range": "unknown"}}, {"type": "Feature", "geometry": {"type": "Point", "coordinates": [-104.805405, 41.140541]}, "properties": {"crashes": 6, "injury": 0, "fatal": 0, "pedestrian": 0, "bicycle": 0, "density": 1.5, "year_range": "unknown"}}, {"type": "Feature", "geometry": {"type": "Point", "coordinates": [-104.769369, 41.140541]}, "properties": {"crashes": 7, "injury": 0, "fatal": 0, "pedestrian": 0, "bicycle": 0, "density": 1.8, "year_range": "unknown"}}, {"type": "Feature", "geometry": {"type": "Point", "coordinates": [-105.012613, 41.100901]}, "properties": {"crashes": 4, "injury": 0, "fatal": 0, "pedestrian": 0, "bicycle": 0, "density": 1.0, "year_range": "unknown"}}, {"type": "Feature", "geometry": {"type": "Point", "coordinates": [-104.8, 41.081081]}, "properties": {"crashes": 11, "injury": 0, "fatal": 0, "pedestrian": 0, "bicycle": 0, "density": 2.8, "year_range": "unknown"}}, {"type": "Feature", "geometry": {"type": "Point", "coordinates": [-105.066667, 41.099099]}, "properties": {"crashes": 2, "injury": 0, "fatal": 0, "pedestrian": 0, "bicycle": 0, "density": 0.5, "year_range": "unknown"}}, {"type": "Feature", "geometry": {"type": "Point", "coordinates": [-104.85045, 41.102703]}, "properties": {"crashes": 4, "injury": 0, "fatal": 0, "pedestrian": 0, "bicycle": 0, "density": 1.0, "year_range": "unknown"}}, {"type": "Feature", "geometry": {"type": "Point", "coordinates": [-105.077477, 41.100901]}, "properties": {"crashes": 3, "injury": 0, "fatal": 0, "pedestrian": 0, "bicycle": 0, "density": 0.8, "year_range": "unknown"}}, {"type": "Feature", "geometry": {"type": "Point", "coordinates": [-104.8, 41.104505]}, "properties": {"crashes": 11, "injury": 0, "fatal": 0, "pedestrian": 0, "bicycle": 0, "density": 2.8, "year_range": "unknown"}}, {"type": "Feature", "geometry": {"type": "Point", "coordinates": [-104.902703, 41.025225]}, "properties": {"crashes": 3, "injury": 0, "fatal": 0, "pedestrian": 0, "bicycle": 0, "density": 0.8, "year_range": "unknown"}}, {"type": "Feature", "geometry": {"type": "Point", "coordinates": [-104.85045, 41.111712]}, "properties": {"crashes": 2, "injury": 0, "fatal": 0, "pedestrian": 0, "bicycle": 0, "density": 0.5, "year_range": "unknown"}}, {"type": "Feature", "geometry": {"type": "Point", "coordinates": [-104.848649, 41.122523]}, "properties": {"crashes": 3, "injury": 0, "fatal": 0, "pedestrian": 0, "bicycle": 0, "density": 0.8, "year_range": "unknown"}}, {"type": "Feature", "geometry": {"type": "Point", "coordinates": [-104.902703, 41.018018]}, "properties": {"crashes": 3, "injury": 0, "fatal": 0, "pedestrian": 0, "bicycle": 0, "density": 0.8, "year_range": "unknown"}}, {"type": "Feature", "geometry": {"type": "Point", "coordinates": [-104.794595, 41.120721]}, "properties": {"crashes": 6, "injury": 0, "fatal": 0, "pedestrian": 0, "bicycle": 0, "density": 1.5, "year_range": "unknown"}}, {"type": "Feature", "geometry": {"type": "Point", "coordinates": [-104.904505, 41.007207]}, "properties": {"crashes": 5, "injury": 0, "fatal": 0, "pedestrian": 0, "bicycle": 0, "density": 1.2, "year_range": "unknown"}}, {"type": "Feature", "geometry": {"type": "Point", "coordinates": [-104.900901, 41.227027]}, "properties": {"crashes": 1, "injury": 0, "fatal": 0, "pedestrian": 0, "bicycle": 0, "density": 0.2, "year_range": "unknown"}}, {"type": "Feature", "geometry": {"type": "Point", "coordinates": [-104.830631, 41.138739]}, "properties": {"crashes": 2, "injury": 0, "fatal": 0, "pedestrian": 0, "bicycle": 0, "density": 0.5, "year_range": "unknown"}}, {"type": "Feature", "geometry": {"type": "Point", "coordinates": [-104.868468, 41.232432]}, "properties": {"crashes": 1, "injury": 0, "fatal": 0, "pedestrian": 0, "bicycle": 0, "density": 0.2, "year_range": "unknown"}}, {"type": "Feature", "geometry": {"type": "Point", "coordinates": [-104.787387, 41.136937]}, "properties": {"crashes": 3, "injury": 0, "fatal": 0, "pedestrian": 0, "bicycle": 0, "density": 0.8, "year_range": "unknown"}}, {"type": "Feature", "geometry": {"type": "Point", "coordinates": [-104.789189, 41.102703]}, "properties": {"crashes": 4, "injury": 0, "fatal": 0, "pedestrian": 0, "bicycle": 0, "density": 1.0, "year_range": "unknown"}}, {"type": "Feature", "geometry": {"type": "Point", "coordinates": [-104.790991, 41.10991]}, "properties": {"crashes": 3, "injury": 0, "fatal": 0, "pedestrian": 0, "bicycle": 0, "density": 0.8, "year_range": "unknown"}}, {"type": "Feature", "geometry": {"type": "Point", "coordinates": [-104.747748, 41.133333]}, "properties": {"crashes": 1, "injury": 0, "fatal": 0, "pedestrian": 0, "bicycle": 0, "density": 0.2, "year_range": "unknown"}}, {"type": "Feature", "geometry": {"type": "Point", "coordinates": [-104.825225, 41.138739]}, "properties": {"crashes": 7, "injury": 0, "fatal": 0, "pedestrian": 0, "bicycle": 0, "density": 1.8, "year_range": "unknown"}}, {"type": "Feature", "geometry": {"type": "Point", "coordinates": [-104.823423, 41.140541]}, "properties": {"crashes": 3, "injury": 0, "fatal": 0, "pedestrian": 0, "bicycle": 0, "density": 0.8, "year_range": "unknown"}}, {"type": "Feature", "geometry": {"type": "Point", "coordinates": [-104.763964, 41.151351]}, "properties": {"crashes": 3, "injury": 0, "fatal": 0, "pedestrian": 0, "bicycle": 0, "density": 0.8, "year_range": "unknown"}}, {"type": "Feature", "geometry": {"type": "Point", "coordinates": [-104.816216, 41.113514]}, "properties": {"crashes": 3, "injury": 0, "fatal": 0, "pedestrian": 0, "bicycle": 0, "density": 0.8, "year_range": "unknown"}}, {"type": "Feature", "geometry": {"type": "Point", "coordinates": [-104.722523, 41.154955]}, "properties": {"crashes": 1, "injury": 0, "fatal": 0, "pedestrian": 0, "bicycle": 0, "density": 0.2, "year_range": "unknown"}}, {"type": "Feature", "geometry": {"type": "Point", "coordinates": [-104.809009, 41.151351]}, "properties": {"crashes": 1, "injury": 0, "fatal": 0, "pedestrian": 0, "bicycle": 0, "density": 0.2, "year_range": "unknown"}}, {"type": "Feature", "geometry": {"type": "Point", "coordinates": [-104.818018, 41.133333]}, "properties": {"crashes": 9, "injury": 0, "fatal": 0, "pedestrian": 0, "bicycle": 0, "density": 2.2, "year_range": "unknown"}}, {"type": "Feature", "geometry": {"type": "Point", "coordinates": [-104.78018, 41.140541]}, "properties": {"crashes": 3, "injury": 0, "fatal": 0, "pedestrian": 0, "bicycle": 0, "density": 0.8, "year_range": "unknown"}}, {"type": "Feature", "geometry": {"type": "Point", "coordinates": [-104.8, 41.077477]}, "properties": {"crashes": 3, "injury": 0, "fatal": 0, "pedestrian": 0, "bicycle": 0, "density": 0.8, "year_range": "unknown"}}, {"type": "Feature", "geometry": {"type": "Point", "coordinates": [-104.841441, 41.099099]}, "properties": {"crashes": 4, "injury": 0, "fatal": 0, "pedestrian": 0, "bicycle": 0, "density": 1.0, "year_range": "unknown"}}, {"type": "Feature", "geometry": {"type": "Point", "coordinates": [-104.848649, 41.048649]}, "properties": {"crashes": 1, "injury": 0, "fatal": 0, "pedestrian": 0, "bicycle": 0, "density": 0.2, "year_range": "unknown"}}, {"type": "Feature", "geometry": {"type": "Point", "coordinates": [-104.789189, 41.135135]}, "properties": {"crashes": 4, "injury": 0, "fatal": 0, "pedestrian": 0, "bicycle": 0, "density": 1.0, "year_range": "unknown"}}, {"type": "Feature", "geometry": {"type": "Point", "coordinates": [-104.8, 41.147748]}, "properties": {"crashes": 2, "injury": 0, "fatal": 0, "pedestrian": 0, "bicycle": 0, "density": 0.5, "year_range": "unknown"}}, {"type": "Feature", "geometry": {"type": "Point", "coordinates": [-104.899099, 41.032432]}, "properties": {"crashes": 6, "injury": 0, "fatal": 0, "pedestrian": 0, "bicycle": 0, "density": 1.5, "year_range": "unknown"}}, {"type": "Feature", "geometry": {"type": "Point", "coordinates": [-104.702703, 41.136937]}, "properties": {"crashes": 1, "injury": 0, "fatal": 0, "pedestrian": 0, "bicycle": 0, "density": 0.2, "year_range": "unknown"}}, {"type": "Feature", "geometry": {"type": "Point", "coordinates": [-104.787387, 41.045045]}, "properties": {"crashes": 4, "injury": 0, "fatal": 0, "pedestrian": 0, "bicycle": 0, "density": 1.0, "year_range": "unknown"}}, {"type": "Feature", "geometry": {"type": "Point", "coordinates": [-104.821622, 41.171171]}, "properties": {"crashes": 3, "injury": 0, "fatal": 0, "pedestrian": 0, "bicycle": 0, "density": 0.8, "year_range": "unknown"}}, {"type": "Feature", "geometry": {"type": "Point", "coordinates": [-104.753153, 41.138739]}, "properties": {"crashes": 1, "injury": 0, "fatal": 0, "pedestrian": 0, "bicycle": 0, "density": 0.2, "year_range": "unknown"}}, {"type": "Feature", "geometry": {"type": "Point", "coordinates": [-104.700901, 41.16036]}, "properties": {"crashes": 2, "injury": 0, "fatal": 0, "pedestrian": 0, "bicycle": 0, "density": 0.5, "year_range": "unknown"}}, {"type": "Feature", "geometry": {"type": "Point", "coordinates": [-104.776577, 41.171171]}, "properties": {"crashes": 1, "injury": 0, "fatal": 0, "pedestrian": 0, "bicycle": 0, "density": 0.2, "year_range": "unknown"}}, {"type": "Feature", "geometry": {"type": "Point", "coordinates": [-104.801802, 41.091892]}, "properties": {"crashes": 3, "injury": 0, "fatal": 0, "pedestrian": 0, "bicycle": 0, "density": 0.8, "year_range": "unknown"}}, {"type": "Feature", "geometry": {"type": "Point", "coordinates": [-104.776577, 41.142342]}, "properties": {"crashes": 1, "injury": 0, "fatal": 0, "pedestrian": 0, "bicycle": 0, "density": 0.2, "year_range": "unknown"}}, {"type": "Feature", "geometry": {"type": "Point", "coordinates": [-104.803604, 41.127928]}, "properties": {"crashes": 5, "injury": 0, "fatal": 0, "pedestrian": 0, "bicycle": 0, "density": 1.2, "year_range": "unknown"}}, {"type": "Feature", "geometry": {"type": "Point", "coordinates": [-104.834234, 41.16036]}, "properties": {"crashes": 3, "injury": 0, "fatal": 0, "pedestrian": 0, "bicycle": 0, "density": 0.8, "year_range": "unknown"}}, {"type": "Feature", "geometry": {"type": "Point", "coordinates": [-104.816216, 41.145946]}, "properties": {"crashes": 3, "injury": 0, "fatal": 0, "pedestrian": 0, "bicycle": 0, "density": 0.8, "year_range": "unknown"}}, {"type": "Feature", "geometry": {"type": "Point", "coordinates": [-104.814414, 41.174775]}, "properties": {"crashes": 1, "injury": 0, "fatal": 0, "pedestrian": 0, "bicycle": 0, "density": 0.2, "year_range": "unknown"}}, {"type": "Feature", "geometry": {"type": "Point", "coordinates": [-104.836036, 41.144144]}, "properties": {"crashes": 4, "injury": 0, "fatal": 0, "pedestrian": 0, "bicycle": 0, "density": 1.0, "year_range": "unknown"}}, {"type": "Feature", "geometry": {"type": "Point", "coordinates": [-104.886486, 41.131532]}, "properties": {"crashes": 6, "injury": 0, "fatal": 0, "pedestrian": 0, "bicycle": 0, "density": 1.5, "year_range": "unknown"}}, {"type": "Feature", "geometry": {"type": "Point", "coordinates": [-104.805405, 41.147748]}, "properties": {"crashes": 3, "injury": 0, "fatal": 0, "pedestrian": 0, "bicycle": 0, "density": 0.8, "year_range": "unknown"}}, {"type": "Feature", "geometry": {"type": "Point", "coordinates": [-104.805405, 41.189189]}, "properties": {"crashes": 2, "injury": 0, "fatal": 0, "pedestrian": 0, "bicycle": 0, "density": 0.5, "year_range": "unknown"}}, {"type": "Feature", "geometry": {"type": "Point", "coordinates": [-104.818018, 41.113514]}, "properties": {"crashes": 2, "injury": 0, "fatal": 0, "pedestrian": 0, "bicycle": 0, "density": 0.5, "year_range": "unknown"}}, {"type": "Feature", "geometry": {"type": "Point", "coordinates": [-104.763964, 41.14955]}, "properties": {"crashes": 4, "injury": 0, "fatal": 0, "pedestrian": 0, "bicycle": 0, "density": 1.0, "year_range": "unknown"}}, {"type": "Feature", "geometry": {"type": "Point", "coordinates": [-104.832432, 41.181982]}, "properties": {"crashes": 2, "injury": 0, "fatal": 0, "pedestrian": 0, "bicycle": 0, "density": 0.5, "year_range": "unknown"}}, {"type": "Feature", "geometry": {"type": "Point", "coordinates": [-104.830631, 41.144144]}, "properties": {"crashes": 18, "injury": 0, "fatal": 0, "pedestrian": 0, "bicycle": 0, "density": 4.5, "year_range": "unknown"}}, {"type": "Feature", "geometry": {"type": "Point", "coordinates": [-104.8, 41.079279]}, "properties": {"crashes": 2, "injury": 0, "fatal": 0, "pedestrian": 0, "bicycle": 0, "density": 0.5, "year_range": "unknown"}}, {"type": "Feature", "geometry": {"type": "Point", "coordinates": [-104.904505, 41.117117]}, "properties": {"crashes": 2, "injury": 0, "fatal": 0, "pedestrian": 0, "bicycle": 0, "density": 0.5, "year_range": "unknown"}}, {"type": "Feature", "geometry": {"type": "Point", "coordinates": [-104.83964, 41.151351]}, "properties": {"crashes": 3, "injury": 0, "fatal": 0, "pedestrian": 0, "bicycle": 0, "density": 0.8, "year_range": "unknown"}}, {"type": "Feature", "geometry": {"type": "Point", "coordinates": [-104.810811, 41.127928]}, "properties": {"crashes": 4, "injury": 0, "fatal": 0, "pedestrian": 0, "bicycle": 0, "density": 1.0, "year_range": "unknown"}}, {"type": "Feature", "geometry": {"type": "Point", "coordinates": [-104.753153, 41.142342]}, "properties": {"crashes": 5, "injury": 0, "fatal": 0, "pedestrian": 0, "bicycle": 0, "density": 1.2, "year_range": "unknown"}}, {"type": "Feature", "geometry": {"type": "Point", "coordinates": [-104.859459, 41.075676]}, "properties": {"crashes": 2, "injury": 0, "fatal": 0, "pedestrian": 0, "bicycle": 0, "density": 0.5, "year_range": "unknown"}}, {"type": "Feature", "geometry": {"type": "Point", "coordinates": [-104.832432, 41.171171]}, "properties": {"crashes": 7, "injury": 0, "fatal": 0, "pedestrian": 0, "bicycle": 0, "density": 1.8, "year_range": "unknown"}}, {"type": "Feature", "geometry": {"type": "Point", "coordinates": [-104.818018, 41.120721]}, "properties": {"crashes": 4, "injury": 0, "fatal": 0, "pedestrian": 0, "bicycle": 0, "density": 1.0, "year_range": "unknown"}}, {"type": "Feature", "geometry": {"type": "Point", "coordinates": [-104.69009, 41.142342]}, "properties": {"crashes": 1, "injury": 0, "fatal": 0, "pedestrian": 0, "bicycle": 0, "density": 0.2, "year_range": "unknown"}}, {"type": "Feature", "geometry": {"type": "Point", "coordinates": [-104.763964, 41.145946]}, "properties": {"crashes": 10, "injury": 0, "fatal": 0, "pedestrian": 0, "bicycle": 0, "density": 2.5, "year_range": "unknown"}}, {"type": "Feature", "geometry": {"type": "Point", "coordinates": [-104.81982, 41.167568]}, "properties": {"crashes": 3, "injury": 0, "fatal": 0, "pedestrian": 0, "bicycle": 0, "density": 0.8, "year_range": "unknown"}}, {"type": "Feature", "geometry": {"type": "Point", "coordinates": [-104.85045, 41.115315]}, "properties": {"crashes": 14, "injury": 0, "fatal": 0, "pedestrian": 0, "bicycle": 0, "density": 3.5, "year_range": "unknown"}}, {"type": "Feature", "geometry": {"type": "Point", "coordinates": [-104.821622, 41.122523]}, "properties": {"crashes": 1, "injury": 0, "fatal": 0, "pedestrian": 0, "bicycle": 0, "density": 0.2, "year_range": "unknown"}}, {"type": "Feature", "geometry": {"type": "Point", "coordinates": [-104.747748, 41.162162]}, "properties": {"crashes": 1, "injury": 0, "fatal": 0, "pedestrian": 0, "bicycle": 0, "density": 0.2, "year_range": "unknown"}}, {"type": "Feature", "geometry": {"type": "Point", "coordinates": [-104.816216, 41.171171]}, "properties": {"crashes": 3, "injury": 0, "fatal": 0, "pedestrian": 0, "bicycle": 0, "density": 0.8, "year_range": "unknown"}}, {"type": "Feature", "geometry": {"type": "Point", "coordinates": [-104.745946, 41.151351]}, "properties": {"crashes": 1, "injury": 0, "fatal": 0, "pedestrian": 0, "bicycle": 0, "density": 0.2, "year_range": "unknown"}}, {"type": "Feature", "geometry": {"type": "Point", "coordinates": [-104.778378, 41.144144]}, "properties": {"crashes": 1, "injury": 0, "fatal": 0, "pedestrian": 0, "bicycle": 0, "density": 0.2, "year_range": "unknown"}}, {"type": "Feature", "geometry": {"type": "Point", "coordinates": [-104.774775, 41.131532]}, "properties": {"crashes": 1, "injury": 0, "fatal": 0, "pedestrian": 0, "bicycle": 0, "density": 0.2, "year_range": "unknown"}}, {"type": "Feature", "geometry": {"type": "Point", "coordinates": [-104.904505, 41.012613]}, "properties": {"crashes": 7, "injury": 0, "fatal": 0, "pedestrian": 0, "bicycle": 0, "density": 1.8, "year_range": "unknown"}}, {"type": "Feature", "geometry": {"type": "Point", "coordinates": [-104.837838, 41.216216]}, "properties": {"crashes": 5, "injury": 0, "fatal": 0, "pedestrian": 0, "bicycle": 0, "density": 1.2, "year_range": "unknown"}}, {"type": "Feature", "geometry": {"type": "Point", "coordinates": [-104.827027, 41.108108]}, "properties": {"crashes": 1, "injury": 0, "fatal": 0, "pedestrian": 0, "bicycle": 0, "density": 0.2, "year_range": "unknown"}}, {"type": "Feature", "geometry": {"type": "Point", "coordinates": [-104.812613, 41.126126]}, "properties": {"crashes": 3, "injury": 0, "fatal": 0, "pedestrian": 0, "bicycle": 0, "density": 0.8, "year_range": "unknown"}}, {"type": "Feature", "geometry": {"type": "Point", "coordinates": [-104.731532, 41.126126]}, "properties": {"crashes": 1, "injury": 0, "fatal": 0, "pedestrian": 0, "bicycle": 0, "density": 0.2, "year_range": "unknown"}}, {"type": "Feature", "geometry": {"type": "Point", "coordinates": [-104.776577, 41.122523]}, "properties": {"crashes": 7, "injury": 0, "fatal": 0, "pedestrian": 0, "bicycle": 0, "density": 1.8, "year_range": "unknown"}}, {"type": "Feature", "geometry": {"type": "Point", "coordinates": [-104.814414, 41.131532]}, "properties": {"crashes": 5, "injury": 0, "fatal": 0, "pedestrian": 0, "bicycle": 0, "density": 1.2, "year_range": "unknown"}}, {"type": "Feature", "geometry": {"type": "Point", "coordinates": [-104.8, 41.145946]}, "properties": {"crashes": 19, "injury": 0, "fatal": 0, "pedestrian": 0, "bicycle": 0, "density": 4.8, "year_range": "unknown"}}, {"type": "Feature", "geometry": {"type": "Point", "coordinates": [-104.904505, 41.010811]}, "properties": {"crashes": 3, "injury": 0, "fatal": 0, "pedestrian": 0, "bicycle": 0, "density": 0.8, "year_range": "unknown"}}, {"type": "Feature", "geometry": {"type": "Point", "coordinates": [-104.762162, 41.147748]}, "properties": {"crashes": 3, "injury": 0, "fatal": 0, "pedestrian": 0, "bicycle": 0, "density": 0.8, "year_range": "unknown"}}, {"type": "Feature", "geometry": {"type": "Point", "coordinates": [-104.89009, 41.046847]}, "properties": {"crashes": 3, "injury": 0, "fatal": 0, "pedestrian": 0, "bicycle": 0, "density": 0.8, "year_range": "unknown"}}, {"type": "Feature", "geometry": {"type": "Point", "coordinates": [-104.718919, 41.138739]}, "properties": {"crashes": 1, "injury": 0, "fatal": 0, "pedestrian": 0, "bicycle": 0, "density": 0.2, "year_range": "unknown"}}, {"type": "Feature", "geometry": {"type": "Point", "coordinates": [-104.774775, 41.133333]}, "properties": {"crashes": 6, "injury": 0, "fatal": 0, "pedestrian": 0, "bicycle": 0, "density": 1.5, "year_range": "unknown"}}, {"type": "Feature", "geometry": {"type": "Point", "coordinates": [-104.812613, 41.189189]}, "properties": {"crashes": 2, "injury": 0, "fatal": 0, "pedestrian": 0, "bicycle": 0, "density": 0.5, "year_range": "unknown"}}, {"type": "Feature", "geometry": {"type": "Point", "coordinates": [-104.747748, 41.154955]}, "properties": {"crashes": 3, "injury": 0, "fatal": 0, "pedestrian": 0, "bicycle": 0, "density": 0.8, "year_range": "unknown"}}, {"type": "Feature", "geometry": {"type": "Point", "coordinates": [-104.785586, 41.144144]}, "properties": {"crashes": 5, "injury": 0, "fatal": 0, "pedestrian": 0, "bicycle": 0, "density": 1.2, "year_range": "unknown"}}, {"type": "Feature", "geometry": {"type": "Point", "coordinates": [-104.762162, 41.151351]}, "properties": {"crashes": 2, "injury": 0, "fatal": 0, "pedestrian": 0, "bicycle": 0, "density": 0.5, "year_range": "unknown"}}, {"type": "Feature", "geometry": {"type": "Point", "coordinates": [-104.733333, 41.12973]}, "properties": {"crashes": 3, "injury": 0, "fatal": 0, "pedestrian": 0, "bicycle": 0, "density": 0.8, "year_range": "unknown"}}, {"type": "Feature", "geometry": {"type": "Point", "coordinates": [-105.061261, 41.099099]}, "properties": {"crashes": 1, "injury": 0, "fatal": 0, "pedestrian": 0, "bicycle": 0, "density": 0.2, "year_range": "unknown"}}, {"type": "Feature", "geometry": {"type": "Point", "coordinates": [-104.778378, 41.156757]}, "properties": {"crashes": 1, "injury": 0, "fatal": 0, "pedestrian": 0, "bicycle": 0, "density": 0.2, "year_range": "unknown"}}, {"type": "Feature", "geometry": {"type": "Point", "coordinates": [-104.981982, 41.09009]}, "properties": {"crashes": 1, "injury": 0, "fatal": 0, "pedestrian": 0, "bicycle": 0, "density": 0.2, "year_range": "unknown"}}, {"type": "Feature", "geometry": {"type": "Point", "coordinates": [-104.823423, 41.127928]}, "properties": {"crashes": 4, "injury": 0, "fatal": 0, "pedestrian": 0, "bicycle": 0, "density": 1.0, "year_range": "unknown"}}, {"type": "Feature", "geometry": {"type": "Point", "coordinates": [-104.785586, 41.162162]}, "properties": {"crashes": 5, "injury": 0, "fatal": 0, "pedestrian": 0, "bicycle": 0, "density": 1.2, "year_range": "unknown"}}, {"type": "Feature", "geometry": {"type": "Point", "coordinates": [-104.720721, 41.12973]}, "properties": {"crashes": 1, "injury": 0, "fatal": 0, "pedestrian": 0, "bicycle": 0, "density": 0.2, "year_range": "unknown"}}, {"type": "Feature", "geometry": {"type": "Point", "coordinates": [-104.866667, 41.113514]}, "properties": {"crashes": 2, "injury": 0, "fatal": 0, "pedestrian": 0, "bicycle": 0, "density": 0.5, "year_range": "unknown"}}, {"type": "Feature", "geometry": {"type": "Point", "coordinates": [-104.781982, 41.142342]}, "properties": {"crashes": 2, "injury": 0, "fatal": 0, "pedestrian": 0, "bicycle": 0, "density": 0.5, "year_range": "unknown"}}, {"type": "Feature", "geometry": {"type": "Point", "coordinates": [-104.713514, 41.176577]}, "properties": {"crashes": 1, "injury": 0, "fatal": 0, "pedestrian": 0, "bicycle": 0, "density": 0.2, "year_range": "unknown"}}, {"type": "Feature", "geometry": {"type": "Point", "coordinates": [-104.859459, 41.113514]}, "properties": {"crashes": 6, "injury": 0, "fatal": 0, "pedestrian": 0, "bicycle": 0, "density": 1.5, "year_range": "unknown"}}, {"type": "Feature", "geometry": {"type": "Point", "coordinates": [-104.884685, 41.054054]}, "properties": {"crashes": 6, "injury": 0, "fatal": 0, "pedestrian": 0, "bicycle": 0, "density": 1.5, "year_range": "unknown"}}, {"type": "Feature", "geometry": {"type": "Point", "coordinates": [-104.841441, 41.185586]}, "properties": {"crashes": 1, "injury": 0, "fatal": 0, "pedestrian": 0, "bicycle": 0, "density": 0.2, "year_range": "unknown"}}, {"type": "Feature", "geometry": {"type": "Point", "coordinates": [-104.83964, 41.18018]}, "properties": {"crashes": 4, "injury": 0, "fatal": 0, "pedestrian": 0, "bicycle": 0, "density": 1.0, "year_range": "unknown"}}, {"type": "Feature", "geometry": {"type": "Point", "coordinates": [-104.801802, 41.111712]}, "properties": {"crashes": 13, "injury": 0, "fatal": 0, "pedestrian": 0, "bicycle": 0, "density": 3.2, "year_range": "unknown"}}, {"type": "Feature", "geometry": {"type": "Point", "coordinates": [-104.875676, 41.117117]}, "properties": {"crashes": 5, "injury": 0, "fatal": 0, "pedestrian": 0, "bicycle": 0, "density": 1.2, "year_range": "unknown"}}, {"type": "Feature", "geometry": {"type": "Point", "coordinates": [-104.854054, 41.113514]}, "properties": {"crashes": 5, "injury": 0, "fatal": 0, "pedestrian": 0, "bicycle": 0, "density": 1.2, "year_range": "unknown"}}, {"type": "Feature", "geometry": {"type": "Point", "coordinates": [-104.827027, 41.140541]}, "properties": {"crashes": 5, "injury": 0, "fatal": 0, "pedestrian": 0, "bicycle": 0, "density": 1.2, "year_range": "unknown"}}, {"type": "Feature", "geometry": {"type": "Point", "coordinates": [-104.843243, 41.122523]}, "properties": {"crashes": 6, "injury": 0, "fatal": 0, "pedestrian": 0, "bicycle": 0, "density": 1.5, "year_range": "unknown"}}, {"type": "Feature", "geometry": {"type": "Point", "coordinates": [-104.796396, 41.144144]}, "properties": {"crashes": 2, "injury": 0, "fatal": 0, "pedestrian": 0, "bicycle": 0, "density": 0.5, "year_range": "unknown"}}, {"type": "Feature", "geometry": {"type": "Point", "coordinates": [-104.841441, 41.171171]}, "properties": {"crashes": 1, "injury": 0, "fatal": 0, "pedestrian": 0, "bicycle": 0, "density": 0.2, "year_range": "unknown"}}, {"type": "Feature", "geometry": {"type": "Point", "coordinates": [-104.731532, 41.12973]}, "properties": {"crashes": 2, "injury": 0, "fatal": 0, "pedestrian": 0, "bicycle": 0, "density": 0.5, "year_range": "unknown"}}, {"type": "Feature", "geometry": {"type": "Point", "coordinates": [-104.8, 41.254054]}, "properties": {"crashes": 1, "injury": 0, "fatal": 0, "pedestrian": 0, "bicycle": 0, "density": 0.2, "year_range": "unknown"}}, {"type": "Feature", "geometry": {"type": "Point", "coordinates": [-104.836036, 41.165766]}, "properties": {"crashes": 1, "injury": 0, "fatal": 0, "pedestrian": 0, "bicycle": 0, "density": 0.2, "year_range": "unknown"}}, {"type": "Feature", "geometry": {"type": "Point", "coordinates": [-104.8, 41.142342]}, "properties": {"crashes": 6, "injury": 0, "fatal": 0, "pedestrian": 0, "bicycle": 0, "density": 1.5, "year_range": "unknown"}}, {"type": "Feature", "geometry": {"type": "Point", "coordinates": [-104.78018, 41.174775]}, "properties": {"crashes": 1, "injury": 0, "fatal": 0, "pedestrian": 0, "bicycle": 0, "density": 0.2, "year_range": "unknown"}}, {"type": "Feature", "geometry": {"type": "Point", "coordinates": [-105.005405, 41.147748]}, "properties": {"crashes": 1, "injury": 0, "fatal": 0, "pedestrian": 0, "bicycle": 0, "density": 0.2, "year_range": "unknown"}}, {"type": "Feature", "geometry": {"type": "Point", "coordinates": [-104.837838, 41.209009]}, "properties": {"crashes": 4, "injury": 0, "fatal": 0, "pedestrian": 0, "bicycle": 0, "density": 1.0, "year_range": "unknown"}}, {"type": "Feature", "geometry": {"type": "Point", "coordinates": [-104.881081, 41.117117]}, "properties": {"crashes": 4, "injury": 0, "fatal": 0, "pedestrian": 0, "bicycle": 0, "density": 1.0, "year_range": "unknown"}}, {"type": "Feature", "geometry": {"type": "Point", "coordinates": [-104.866667, 41.117117]}, "properties": {"crashes": 6, "injury": 0, "fatal": 0, "pedestrian": 0, "bicycle": 0, "density": 1.5, "year_range": "unknown"}}, {"type": "Feature", "geometry": {"type": "Point", "coordinates": [-104.8, 41.118919]}, "properties": {"crashes": 1, "injury": 0, "fatal": 0, "pedestrian": 0, "bicycle": 0, "density": 0.2, "year_range": "unknown"}}, {"type": "Feature", "geometry": {"type": "Point", "coordinates": [-104.731532, 41.174775]}, "properties": {"crashes": 1, "injury": 0, "fatal": 0, "pedestrian": 0, "bicycle": 0, "density": 0.2, "year_range": "unknown"}}, {"type": "Feature", "geometry": {"type": "Point", "coordinates": [-104.900901, 41.21982]}, "properties": {"crashes": 1, "injury": 0, "fatal": 0, "pedestrian": 0, "bicycle": 0, "density": 0.2, "year_range": "unknown"}}, {"type": "Feature", "geometry": {"type": "Point", "coordinates": [-104.774775, 41.122523]}, "properties": {"crashes": 3, "injury": 0, "fatal": 0, "pedestrian": 0, "bicycle": 0, "density": 0.8, "year_range": "unknown"}}, {"type": "Feature", "geometry": {"type": "Point", "coordinates": [-104.767568, 41.18018]}, "properties": {"crashes": 2, "injury": 0, "fatal": 0, "pedestrian": 0, "bicycle": 0, "density": 0.5, "year_range": "unknown"}}, {"type": "Feature", "geometry": {"type": "Point", "coordinates": [-104.908108, 41.216216]}, "properties": {"crashes": 1, "injury": 0, "fatal": 0, "pedestrian": 0, "bicycle": 0, "density": 0.2, "year_range": "unknown"}}, {"type": "Feature", "geometry": {"type": "Point", "coordinates": [-104.873874, 41.117117]}, "properties": {"crashes": 5, "injury": 0, "fatal": 0, "pedestrian": 0, "bicycle": 0, "density": 1.2, "year_range": "unknown"}}, {"type": "Feature", "geometry": {"type": "Point", "coordinates": [-104.781982, 41.163964]}, "properties": {"crashes": 2, "injury": 0, "fatal": 0, "pedestrian": 0, "bicycle": 0, "density": 0.5, "year_range": "unknown"}}, {"type": "Feature", "geometry": {"type": "Point", "coordinates": [-104.834234, 41.135135]}, "properties": {"crashes": 3, "injury": 0, "fatal": 0, "pedestrian": 0, "bicycle": 0, "density": 0.8, "year_range": "unknown"}}, {"type": "Feature", "geometry": {"type": "Point", "coordinates": [-104.845045, 41.190991]}, "properties": {"crashes": 1, "injury": 0, "fatal": 0, "pedestrian": 0, "bicycle": 0, "density": 0.2, "year_range": "unknown"}}, {"type": "Feature", "geometry": {"type": "Point", "coordinates": [-104.828829, 41.183784]}, "properties": {"crashes": 2, "injury": 0, "fatal": 0, "pedestrian": 0, "bicycle": 0, "density": 0.5, "year_range": "unknown"}}, {"type": "Feature", "geometry": {"type": "Point", "coordinates": [-104.837838, 41.214414]}, "properties": {"crashes": 4, "injury": 0, "fatal": 0, "pedestrian": 0, "bicycle": 0, "density": 1.0, "year_range": "unknown"}}, {"type": "Feature", "geometry": {"type": "Point", "coordinates": [-104.787387, 41.162162]}, "properties": {"crashes": 1, "injury": 0, "fatal": 0, "pedestrian": 0, "bicycle": 0, "density": 0.2, "year_range": "unknown"}}, {"type": "Feature", "geometry": {"type": "Point", "coordinates": [-104.821622, 41.138739]}, "properties": {"crashes": 5, "injury": 0, "fatal": 0, "pedestrian": 0, "bicycle": 0, "density": 1.2, "year_range": "unknown"}}, {"type": "Feature", "geometry": {"type": "Point", "coordinates": [-104.789189, 41.131532]}, "properties": {"crashes": 2, "injury": 0, "fatal": 0, "pedestrian": 0, "bicycle": 0, "density": 0.5, "year_range": "unknown"}}, {"type": "Feature", "geometry": {"type": "Point", "coordinates": [-104.852252, 41.117117]}, "properties": {"crashes": 6, "injury": 0, "fatal": 0, "pedestrian": 0, "bicycle": 0, "density": 1.5, "year_range": "unknown"}}, {"type": "Feature", "geometry": {"type": "Point", "coordinates": [-104.74955, 41.154955]}, "properties": {"crashes": 3, "injury": 0, "fatal": 0, "pedestrian": 0, "bicycle": 0, "density": 0.8, "year_range": "unknown"}}, {"type": "Feature", "geometry": {"type": "Point", "coordinates": [-104.747748, 41.12973]}, "properties": {"crashes": 1, "injury": 0, "fatal": 0, "pedestrian": 0, "bicycle": 0, "density": 0.2, "year_range": "unknown"}}, {"type": "Feature", "geometry": {"type": "Point", "coordinates": [-104.783784, 41.140541]}, "properties": {"crashes": 3, "injury": 0, "fatal": 0, "pedestrian": 0, "bicycle": 0, "density": 0.8, "year_range": "unknown"}}, {"type": "Feature", "geometry": {"type": "Point", "coordinates": [-104.823423, 41.147748]}, "properties": {"crashes": 6, "injury": 0, "fatal": 0, "pedestrian": 0, "bicycle": 0, "density": 1.5, "year_range": "unknown"}}, {"type": "Feature", "geometry": {"type": "Point", "coordinates": [-104.778378, 41.145946]}, "properties": {"crashes": 3, "injury": 0, "fatal": 0, "pedestrian": 0, "bicycle": 0, "density": 0.8, "year_range": "unknown"}}, {"type": "Feature", "geometry": {"type": "Point", "coordinates": [-104.954955, 41.151351]}, "properties": {"crashes": 1, "injury": 0, "fatal": 0, "pedestrian": 0, "bicycle": 0, "density": 0.2, "year_range": "unknown"}}, {"type": "Feature", "geometry": {"type": "Point", "coordinates": [-104.751351, 41.140541]}, "properties": {"crashes": 6, "injury": 0, "fatal": 0, "pedestrian": 0, "bicycle": 0, "density": 1.5, "year_range": "unknown"}}, {"type": "Feature", "geometry": {"type": "Point", "coordinates": [-104.848649, 41.136937]}, "properties": {"crashes": 1, "injury": 0, "fatal": 0, "pedestrian": 0, "bicycle": 0, "density": 0.2, "year_range": "unknown"}}, {"type": "Feature", "geometry": {"type": "Point", "coordinates": [-104.958559, 41.10991]}, "properties": {"crashes": 1, "injury": 0, "fatal": 0, "pedestrian": 0, "bicycle": 0, "density": 0.2, "year_range": "unknown"}}, {"type": "Feature", "geometry": {"type": "Point", "coordinates": [-104.848649, 41.113514]}, "properties": {"crashes": 5, "injury": 0, "fatal": 0, "pedestrian": 0, "bicycle": 0, "density": 1.2, "year_range": "unknown"}}, {"type": "Feature", "geometry": {"type": "Point", "coordinates": [-105.014414, 41.100901]}, "properties": {"crashes": 1, "injury": 0, "fatal": 0, "pedestrian": 0, "bicycle": 0, "density": 0.2, "year_range": "unknown"}}, {"type": "Feature", "geometry": {"type": "Point", "coordinates": [-104.769369, 41.115315]}, "properties": {"crashes": 1, "injury": 0, "fatal": 0, "pedestrian": 0, "bicycle": 0, "density": 0.2, "year_range": "unknown"}}, {"type": "Feature", "geometry": {"type": "Point", "coordinates": [-104.812613, 41.117117]}, "properties": {"crashes": 7, "injury": 0, "fatal": 0, "pedestrian": 0, "bicycle": 0, "density": 1.8, "year_range": "unknown"}}, {"type": "Feature", "geometry": {"type": "Point", "coordinates": [-104.830631, 41.154955]}, "properties": {"crashes": 1, "injury": 0, "fatal": 0, "pedestrian": 0, "bicycle": 0, "density": 0.2, "year_range": "unknown"}}, {"type": "Feature", "geometry": {"type": "Point", "coordinates": [-104.796396, 41.113514]}, "properties": {"crashes": 1, "injury": 0, "fatal": 0, "pedestrian": 0, "bicycle": 0, "density": 0.2, "year_range": "unknown"}}, {"type": "Feature", "geometry": {"type": "Point", "coordinates": [-104.859459, 41.131532]}, "properties": {"crashes": 2, "injury": 0, "fatal": 0, "pedestrian": 0, "bicycle": 0, "density": 0.5, "year_range": "unknown"}}, {"type": "Feature", "geometry": {"type": "Point", "coordinates": [-104.726126, 41.16036]}, "properties": {"crashes": 1, "injury": 0, "fatal": 0, "pedestrian": 0, "bicycle": 0, "density": 0.2, "year_range": "unknown"}}, {"type": "Feature", "geometry": {"type": "Point", "coordinates": [-104.778378, 41.169369]}, "properties": {"crashes": 1, "injury": 0, "fatal": 0, "pedestrian": 0, "bicycle": 0, "density": 0.2, "year_range": "unknown"}}, {"type": "Feature", "geometry": {"type": "Point", "coordinates": [-104.845045, 41.218018]}, "properties": {"crashes": 1, "injury": 0, "fatal": 0, "pedestrian": 0, "bicycle": 0, "density": 0.2, "year_range": "unknown"}}, {"type": "Feature", "geometry": {"type": "Point", "coordinates": [-104.798198, 41.135135]}, "properties": {"crashes": 1, "injury": 0, "fatal": 0, "pedestrian": 0, "bicycle": 0, "density": 0.2, "year_range": "unknown"}}, {"type": "Feature", "geometry": {"type": "Point", "coordinates": [-104.855856, 41.079279]}, "properties": {"crashes": 6, "injury": 0, "fatal": 0, "pedestrian": 0, "bicycle": 0, "density": 1.5, "year_range": "unknown"}}, {"type": "Feature", "geometry": {"type": "Point", "coordinates": [-104.899099, 41.030631]}, "properties": {"crashes": 3, "injury": 0, "fatal": 0, "pedestrian": 0, "bicycle": 0, "density": 0.8, "year_range": "unknown"}}, {"type": "Feature", "geometry": {"type": "Point", "coordinates": [-104.886486, 41.124324]}, "properties": {"crashes": 1, "injury": 0, "fatal": 0, "pedestrian": 0, "bicycle": 0, "density": 0.2, "year_range": "unknown"}}, {"type": "Feature", "geometry": {"type": "Point", "coordinates": [-105.005405, 41.145946]}, "properties": {"crashes": 1, "injury": 0, "fatal": 0, "pedestrian": 0, "bicycle": 0, "density": 0.2, "year_range": "unknown"}}, {"type": "Feature", "geometry": {"type": "Point", "coordinates": [-104.836036, 41.151351]}, "properties": {"crashes": 1, "injury": 0, "fatal": 0, "pedestrian": 0, "bicycle": 0, "density": 0.2, "year_range": "unknown"}}, {"type": "Feature", "geometry": {"type": "Point", "coordinates": [-104.783784, 41.117117]}, "properties": {"crashes": 1, "injury": 0, "fatal": 0, "pedestrian": 0, "bicycle": 0, "density": 0.2, "year_range": "unknown"}}, {"type": "Feature", "geometry": {"type": "Point", "coordinates": [-104.805405, 41.081081]}, "properties": {"crashes": 1, "injury": 0, "fatal": 0, "pedestrian": 0, "bicycle": 0, "density": 0.2, "year_range": "unknown"}}, {"type": "Feature", "geometry": {"type": "Point", "coordinates": [-104.846847, 41.126126]}, "properties": {"crashes": 6, "injury": 0, "fatal": 0, "pedestrian": 0, "bicycle": 0, "density": 1.5, "year_range": "unknown"}}, {"type": "Feature", "geometry": {"type": "Point", "coordinates": [-104.738739, 41.153153]}, "properties": {"crashes": 3, "injury": 0, "fatal": 0, "pedestrian": 0, "bicycle": 0, "density": 0.8, "year_range": "unknown"}}, {"type": "Feature", "geometry": {"type": "Point", "coordinates": [-104.818018, 41.115315]}, "properties": {"crashes": 3, "injury": 0, "fatal": 0, "pedestrian": 0, "bicycle": 0, "density": 0.8, "year_range": "unknown"}}, {"type": "Feature", "geometry": {"type": "Point", "coordinates": [-104.763964, 41.140541]}, "properties": {"crashes": 5, "injury": 0, "fatal": 0, "pedestrian": 0, "bicycle": 0, "density": 1.2, "year_range": "unknown"}}, {"type": "Feature", "geometry": {"type": "Point", "coordinates": [-104.821622, 41.120721]}, "properties": {"crashes": 4, "injury": 0, "fatal": 0, "pedestrian": 0, "bicycle": 0, "density": 1.0, "year_range": "unknown"}}, {"type": "Feature", "geometry": {"type": "Point", "coordinates": [-104.769369, 41.147748]}, "properties": {"crashes": 1, "injury": 0, "fatal": 0, "pedestrian": 0, "bicycle": 0, "density": 0.2, "year_range": "unknown"}}, {"type": "Feature", "geometry": {"type": "Point", "coordinates": [-104.837838, 41.234234]}, "properties": {"crashes": 4, "injury": 0, "fatal": 0, "pedestrian": 0, "bicycle": 0, "density": 1.0, "year_range": "unknown"}}, {"type": "Feature", "geometry": {"type": "Point", "coordinates": [-104.805405, 41.102703]}, "properties": {"crashes": 3, "injury": 0, "fatal": 0, "pedestrian": 0, "bicycle": 0, "density": 0.8, "year_range": "unknown"}}, {"type": "Feature", "geometry": {"type": "Point", "coordinates": [-104.78018, 41.147748]}, "properties": {"crashes": 8, "injury": 0, "fatal": 0, "pedestrian": 0, "bicycle": 0, "density": 2.0, "year_range": "unknown"}}, {"type": "Feature", "geometry": {"type": "Point", "coordinates": [-104.792793, 41.102703]}, "properties": {"crashes": 1, "injury": 0, "fatal": 0, "pedestrian": 0, "bicycle": 0, "density": 0.2, "year_range": "unknown"}}, {"type": "Feature", "geometry": {"type": "Point", "coordinates": [-104.781982, 41.122523]}, "properties": {"crashes": 4, "injury": 0, "fatal": 0, "pedestrian": 0, "bicycle": 0, "density": 1.0, "year_range": "unknown"}}, {"type": "Feature", "geometry": {"type": "Point", "coordinates": [-104.783784, 41.136937]}, "properties": {"crashes": 5, "injury": 0, "fatal": 0, "pedestrian": 0, "bicycle": 0, "density": 1.2, "year_range": "unknown"}}, {"type": "Feature", "geometry": {"type": "Point", "coordinates": [-104.796396, 41.158559]}, "properties": {"crashes": 3, "injury": 0, "fatal": 0, "pedestrian": 0, "bicycle": 0, "density": 0.8, "year_range": "unknown"}}, {"type": "Feature", "geometry": {"type": "Point", "coordinates": [-104.623423, 41.158559]}, "properties": {"crashes": 2, "injury": 0, "fatal": 0, "pedestrian": 0, "bicycle": 0, "density": 0.5, "year_range": "unknown"}}, {"type": "Feature", "geometry": {"type": "Point", "coordinates": [-104.828829, 41.140541]}, "properties": {"crashes": 6, "injury": 0, "fatal": 0, "pedestrian": 0, "bicycle": 0, "density": 1.5, "year_range": "unknown"}}, {"type": "Feature", "geometry": {"type": "Point", "coordinates": [-104.76036, 41.138739]}, "properties": {"crashes": 1, "injury": 0, "fatal": 0, "pedestrian": 0, "bicycle": 0, "density": 0.2, "year_range": "unknown"}}, {"type": "Feature", "geometry": {"type": "Point", "coordinates": [-104.828829, 41.176577]}, "properties": {"crashes": 3, "injury": 0, "fatal": 0, "pedestrian": 0, "bicycle": 0, "density": 0.8, "year_range": "unknown"}}, {"type": "Feature", "geometry": {"type": "Point", "coordinates": [-104.864865, 41.117117]}, "properties": {"crashes": 1, "injury": 0, "fatal": 0, "pedestrian": 0, "bicycle": 0, "density": 0.2, "year_range": "unknown"}}, {"type": "Feature", "geometry": {"type": "Point", "coordinates": [-104.753153, 41.133333]}, "properties": {"crashes": 1, "injury": 0, "fatal": 0, "pedestrian": 0, "bicycle": 0, "density": 0.2, "year_range": "unknown"}}, {"type": "Feature", "geometry": {"type": "Point", "coordinates": [-104.81982, 41.138739]}, "properties": {"crashes": 1, "injury": 0, "fatal": 0, "pedestrian": 0, "bicycle": 0, "density": 0.2, "year_range": "unknown"}}, {"type": "Feature", "geometry": {"type": "Point", "coordinates": [-104.807207, 41.138739]}, "properties": {"crashes": 5, "injury": 0, "fatal": 0, "pedestrian": 0, "bicycle": 0, "density": 1.2, "year_range": "unknown"}}, {"type": "Feature", "geometry": {"type": "Point", "coordinates": [-104.8, 41.07027]}, "properties": {"crashes": 1, "injury": 0, "fatal": 0, "pedestrian": 0, "bicycle": 0, "density": 0.2, "year_range": "unknown"}}, {"type": "Feature", "geometry": {"type": "Point", "coordinates": [-104.864865, 41.07027]}, "properties": {"crashes": 2, "injury": 0, "fatal": 0, "pedestrian": 0, "bicycle": 0, "density": 0.5, "year_range": "unknown"}}, {"type": "Feature", "geometry": {"type": "Point", "coordinates": [-104.981982, 41.14955]}, "properties": {"crashes": 1, "injury": 0, "fatal": 0, "pedestrian": 0, "bicycle": 0, "density": 0.2, "year_range": "unknown"}}, {"type": "Feature", "geometry": {"type": "Point", "coordinates": [-105.151351, 41.099099]}, "properties": {"crashes": 1, "injury": 0, "fatal": 0, "pedestrian": 0, "bicycle": 0, "density": 0.2, "year_range": "unknown"}}, {"type": "Feature", "geometry": {"type": "Point", "coordinates": [-104.654054, 41.156757]}, "properties": {"crashes": 2, "injury": 0, "fatal": 0, "pedestrian": 0, "bicycle": 0, "density": 0.5, "year_range": "unknown"}}, {"type": "Feature", "geometry": {"type": "Point", "coordinates": [-104.796396, 41.189189]}, "properties": {"crashes": 1, "injury": 0, "fatal": 0, "pedestrian": 0, "bicycle": 0, "density": 0.2, "year_range": "unknown"}}, {"type": "Feature", "geometry": {"type": "Point", "coordinates": [-104.825225, 41.165766]}, "properties": {"crashes": 3, "injury": 0, "fatal": 0, "pedestrian": 0, "bicycle": 0, "density": 0.8, "year_range": "unknown"}}, {"type": "Feature", "geometry": {"type": "Point", "coordinates": [-104.812613, 41.140541]}, "properties": {"crashes": 1, "injury": 0, "fatal": 0, "pedestrian": 0, "bicycle": 0, "density": 0.2, "year_range": "unknown"}}, {"type": "Feature", "geometry": {"type": "Point", "coordinates": [-104.78018, 41.135135]}, "properties": {"crashes": 3, "injury": 0, "fatal": 0, "pedestrian": 0, "bicycle": 0, "density": 0.8, "year_range": "unknown"}}, {"type": "Feature", "geometry": {"type": "Point", "coordinates": [-104.814414, 41.120721]}, "properties": {"crashes": 12, "injury": 0, "fatal": 0, "pedestrian": 0, "bicycle": 0, "density": 3.0, "year_range": "unknown"}}, {"type": "Feature", "geometry": {"type": "Point", "coordinates": [-104.861261, 41.115315]}, "properties": {"crashes": 4, "injury": 0, "fatal": 0, "pedestrian": 0, "bicycle": 0, "density": 1.0, "year_range": "unknown"}}, {"type": "Feature", "geometry": {"type": "Point", "coordinates": [-104.837838, 41.223423]}, "properties": {"crashes": 2, "injury": 0, "fatal": 0, "pedestrian": 0, "bicycle": 0, "density": 0.5, "year_range": "unknown"}}, {"type": "Feature", "geometry": {"type": "Point", "coordinates": [-104.756757, 41.142342]}, "properties": {"crashes": 4, "injury": 0, "fatal": 0, "pedestrian": 0, "bicycle": 0, "density": 1.0, "year_range": "unknown"}}, {"type": "Feature", "geometry": {"type": "Point", "coordinates": [-104.682883, 41.147748]}, "properties": {"crashes": 1, "injury": 0, "fatal": 0, "pedestrian": 0, "bicycle": 0, "density": 0.2, "year_range": "unknown"}}, {"type": "Feature", "geometry": {"type": "Point", "coordinates": [-104.787387, 41.14955]}, "properties": {"crashes": 2, "injury": 0, "fatal": 0, "pedestrian": 0, "bicycle": 0, "density": 0.5, "year_range": "unknown"}}, {"type": "Feature", "geometry": {"type": "Point", "coordinates": [-104.803604, 41.14955]}, "properties": {"crashes": 1, "injury": 0, "fatal": 0, "pedestrian": 0, "bicycle": 0, "density": 0.2, "year_range": "unknown"}}, {"type": "Feature", "geometry": {"type": "Point", "coordinates": [-104.753153, 41.131532]}, "properties": {"crashes": 3, "injury": 0, "fatal": 0, "pedestrian": 0, "bicycle": 0, "density": 0.8, "year_range": "unknown"}}, {"type": "Feature", "geometry": {"type": "Point", "coordinates": [-104.866667, 41.068468]}, "properties": {"crashes": 5, "injury": 0, "fatal": 0, "pedestrian": 0, "bicycle": 0, "density": 1.2, "year_range": "unknown"}}, {"type": "Feature", "geometry": {"type": "Point", "coordinates": [-104.821622, 41.144144]}, "properties": {"crashes": 9, "injury": 0, "fatal": 0, "pedestrian": 0, "bicycle": 0, "density": 2.2, "year_range": "unknown"}}, {"type": "Feature", "geometry": {"type": "Point", "coordinates": [-104.803604, 41.142342]}, "properties": {"crashes": 4, "injury": 0, "fatal": 0, "pedestrian": 0, "bicycle": 0, "density": 1.0, "year_range": "unknown"}}, {"type": "Feature", "geometry": {"type": "Point", "coordinates": [-104.810811, 41.126126]}, "properties": {"crashes": 5, "injury": 0, "fatal": 0, "pedestrian": 0, "bicycle": 0, "density": 1.2, "year_range": "unknown"}}, {"type": "Feature", "geometry": {"type": "Point", "coordinates": [-104.772973, 41.138739]}, "properties": {"crashes": 3, "injury": 0, "fatal": 0, "pedestrian": 0, "bicycle": 0, "density": 0.8, "year_range": "unknown"}}, {"type": "Feature", "geometry": {"type": "Point", "coordinates": [-104.836036, 41.16036]}, "properties": {"crashes": 1, "injury": 0, "fatal": 0, "pedestrian": 0, "bicycle": 0, "density": 0.2, "year_range": "unknown"}}, {"type": "Feature", "geometry": {"type": "Point", "coordinates": [-104.89009, 41.218018]}, "properties": {"crashes": 1, "injury": 0, "fatal": 0, "pedestrian": 0, "bicycle": 0, "density": 0.2, "year_range": "unknown"}}, {"type": "Feature", "geometry": {"type": "Point", "coordinates": [-104.823423, 41.133333]}, "properties": {"crashes": 5, "injury": 0, "fatal": 0, "pedestrian": 0, "bicycle": 0, "density": 1.2, "year_range": "unknown"}}, {"type": "Feature", "geometry": {"type": "Point", "coordinates": [-104.731532, 41.176577]}, "properties": {"crashes": 1, "injury": 0, "fatal": 0, "pedestrian": 0, "bicycle": 0, "density": 0.2, "year_range": "unknown"}}, {"type": "Feature", "geometry": {"type": "Point", "coordinates": [-104.83964, 41.117117]}, "properties": {"crashes": 1, "injury": 0, "fatal": 0, "pedestrian": 0, "bicycle": 0, "density": 0.2, "year_range": "unknown"}}, {"type": "Feature", "geometry": {"type": "Point", "coordinates": [-105.028829, 41.151351]}, "properties": {"crashes": 1, "injury": 0, "fatal": 0, "pedestrian": 0, "bicycle": 0, "density": 0.2, "year_range": "unknown"}}, {"type": "Feature", "geometry": {"type": "Point", "coordinates": [-104.704505, 41.135135]}, "properties": {"crashes": 6, "injury": 0, "fatal": 0, "pedestrian": 0, "bicycle": 0, "density": 1.5, "year_range": "unknown"}}, {"type": "Feature", "geometry": {"type": "Point", "coordinates": [-105.165766, 41.097297]}, "properties": {"crashes": 3, "injury": 0, "fatal": 0, "pedestrian": 0, "bicycle": 0, "density": 0.8, "year_range": "unknown"}}, {"type": "Feature", "geometry": {"type": "Point", "coordinates": [-104.790991, 41.178378]}, "properties": {"crashes": 1, "injury": 0, "fatal": 0, "pedestrian": 0, "bicycle": 0, "density": 0.2, "year_range": "unknown"}}, {"type": "Feature", "geometry": {"type": "Point", "coordinates": [-104.783784, 41.133333]}, "properties": {"crashes": 2, "injury": 0, "fatal": 0, "pedestrian": 0, "bicycle": 0, "density": 0.5, "year_range": "unknown"}}, {"type": "Feature", "geometry": {"type": "Point", "coordinates": [-104.809009, 41.122523]}, "properties": {"crashes": 3, "injury": 0, "fatal": 0, "pedestrian": 0, "bicycle": 0, "density": 0.8, "year_range": "unknown"}}, {"type": "Feature", "geometry": {"type": "Point", "coordinates": [-104.738739, 41.145946]}, "properties": {"crashes": 1, "injury": 0, "fatal": 0, "pedestrian": 0, "bicycle": 0, "density": 0.2, "year_range": "unknown"}}, {"type": "Feature", "geometry": {"type": "Point", "coordinates": [-104.81982, 41.133333]}, "properties": {"crashes": 3, "injury": 0, "fatal": 0, "pedestrian": 0, "bicycle": 0, "density": 0.8, "year_range": "unknown"}}, {"type": "Feature", "geometry": {"type": "Point", "coordinates": [-104.818018, 41.145946]}, "properties": {"crashes": 9, "injury": 0, "fatal": 0, "pedestrian": 0, "bicycle": 0, "density": 2.2, "year_range": "unknown"}}, {"type": "Feature", "geometry": {"type": "Point", "coordinates": [-104.83964, 41.178378]}, "properties": {"crashes": 1, "injury": 0, "fatal": 0, "pedestrian": 0, "bicycle": 0, "density": 0.2, "year_range": "unknown"}}, {"type": "Feature", "geometry": {"type": "Point", "coordinates": [-104.81982, 41.126126]}, "properties": {"crashes": 2, "injury": 0, "fatal": 0, "pedestrian": 0, "bicycle": 0, "density": 0.5, "year_range": "unknown"}}, {"type": "Feature", "geometry": {"type": "Point", "coordinates": [-104.832432, 41.158559]}, "properties": {"crashes": 1, "injury": 0, "fatal": 0, "pedestrian": 0, "bicycle": 0, "density": 0.2, "year_range": "unknown"}}, {"type": "Feature", "geometry": {"type": "Point", "coordinates": [-104.754955, 41.158559]}, "properties": {"crashes": 1, "injury": 0, "fatal": 0, "pedestrian": 0, "bicycle": 0, "density": 0.2, "year_range": "unknown"}}, {"type": "Feature", "geometry": {"type": "Point", "coordinates": [-104.823423, 41.14955]}, "properties": {"crashes": 4, "injury": 0, "fatal": 0, "pedestrian": 0, "bicycle": 0, "density": 1.0, "year_range": "unknown"}}, {"type": "Feature", "geometry": {"type": "Point", "coordinates": [-104.758559, 41.136937]}, "properties": {"crashes": 1, "injury": 0, "fatal": 0, "pedestrian": 0, "bicycle": 0, "density": 0.2, "year_range": "unknown"}}, {"type": "Feature", "geometry": {"type": "Point", "coordinates": [-104.807207, 41.163964]}, "properties": {"crashes": 3, "injury": 0, "fatal": 0, "pedestrian": 0, "bicycle": 0, "density": 0.8, "year_range": "unknown"}}, {"type": "Feature", "geometry": {"type": "Point", "coordinates": [-104.753153, 41.136937]}, "properties": {"crashes": 2, "injury": 0, "fatal": 0, "pedestrian": 0, "bicycle": 0, "density": 0.5, "year_range": "unknown"}}, {"type": "Feature", "geometry": {"type": "Point", "coordinates": [-104.897297, 41.028829]}, "properties": {"crashes": 1, "injury": 0, "fatal": 0, "pedestrian": 0, "bicycle": 0, "density": 0.2, "year_range": "unknown"}}, {"type": "Feature", "geometry": {"type": "Point", "coordinates": [-104.877477, 41.061261]}, "properties": {"crashes": 5, "injury": 0, "fatal": 0, "pedestrian": 0, "bicycle": 0, "density": 1.2, "year_range": "unknown"}}, {"type": "Feature", "geometry": {"type": "Point", "coordinates": [-104.837838, 41.2]}, "properties": {"crashes": 2, "injury": 0, "fatal": 0, "pedestrian": 0, "bicycle": 0, "density": 0.5, "year_range": "unknown"}}, {"type": "Feature", "geometry": {"type": "Point", "coordinates": [-104.740541, 41.145946]}, "properties": {"crashes": 1, "injury": 0, "fatal": 0, "pedestrian": 0, "bicycle": 0, "density": 0.2, "year_range": "unknown"}}, {"type": "Feature", "geometry": {"type": "Point", "coordinates": [-104.753153, 41.124324]}, "properties": {"crashes": 1, "injury": 0, "fatal": 0, "pedestrian": 0, "bicycle": 0, "density": 0.2, "year_range": "unknown"}}, {"type": "Feature", "geometry": {"type": "Point", "coordinates": [-104.814414, 41.171171]}, "properties": {"crashes": 3, "injury": 0, "fatal": 0, "pedestrian": 0, "bicycle": 0, "density": 0.8, "year_range": "unknown"}}, {"type": "Feature", "geometry": {"type": "Point", "coordinates": [-104.81982, 41.171171]}, "properties": {"crashes": 2, "injury": 0, "fatal": 0, "pedestrian": 0, "bicycle": 0, "density": 0.5, "year_range": "unknown"}}, {"type": "Feature", "geometry": {"type": "Point", "coordinates": [-104.828829, 41.221622]}, "properties": {"crashes": 1, "injury": 0, "fatal": 0, "pedestrian": 0, "bicycle": 0, "density": 0.2, "year_range": "unknown"}}, {"type": "Feature", "geometry": {"type": "Point", "coordinates": [-104.823423, 41.118919]}, "properties": {"crashes": 6, "injury": 0, "fatal": 0, "pedestrian": 0, "bicycle": 0, "density": 1.5, "year_range": "unknown"}}, {"type": "Feature", "geometry": {"type": "Point", "coordinates": [-104.789189, 41.21982]}, "properties": {"crashes": 1, "injury": 0, "fatal": 0, "pedestrian": 0, "bicycle": 0, "density": 0.2, "year_range": "unknown"}}, {"type": "Feature", "geometry": {"type": "Point", "coordinates": [-105.178378, 41.088288]}, "properties": {"crashes": 1, "injury": 0, "fatal": 0, "pedestrian": 0, "bicycle": 0, "density": 0.2, "year_range": "unknown"}}, {"type": "Feature", "geometry": {"type": "Point", "coordinates": [-104.708108, 41.16036]}, "properties": {"crashes": 1, "injury": 0, "fatal": 0, "pedestrian": 0, "bicycle": 0, "density": 0.2, "year_range": "unknown"}}, {"type": "Feature", "geometry": {"type": "Point", "coordinates": [-104.789189, 41.162162]}, "properties": {"crashes": 4, "injury": 0, "fatal": 0, "pedestrian": 0, "bicycle": 0, "density": 1.0, "year_range": "unknown"}}, {"type": "Feature", "geometry": {"type": "Point", "coordinates": [-104.886486, 41.055856]}, "properties": {"crashes": 1, "injury": 0, "fatal": 0, "pedestrian": 0, "bicycle": 0, "density": 0.2, "year_range": "unknown"}}, {"type": "Feature", "geometry": {"type": "Point", "coordinates": [-104.81982, 41.136937]}, "properties": {"crashes": 3, "injury": 0, "fatal": 0, "pedestrian": 0, "bicycle": 0, "density": 0.8, "year_range": "unknown"}}, {"type": "Feature", "geometry": {"type": "Point", "coordinates": [-104.767568, 41.151351]}, "properties": {"crashes": 3, "injury": 0, "fatal": 0, "pedestrian": 0, "bicycle": 0, "density": 0.8, "year_range": "unknown"}}, {"type": "Feature", "geometry": {"type": "Point", "coordinates": [-104.825225, 41.153153]}, "properties": {"crashes": 1, "injury": 0, "fatal": 0, "pedestrian": 0, "bicycle": 0, "density": 0.2, "year_range": "unknown"}}, {"type": "Feature", "geometry": {"type": "Point", "coordinates": [-104.776577, 41.102703]}, "properties": {"crashes": 1, "injury": 0, "fatal": 0, "pedestrian": 0, "bicycle": 0, "density": 0.2, "year_range": "unknown"}}, {"type": "Feature", "geometry": {"type": "Point", "coordinates": [-104.801802, 41.088288]}, "properties": {"crashes": 2, "injury": 0, "fatal": 0, "pedestrian": 0, "bicycle": 0, "density": 0.5, "year_range": "unknown"}}, {"type": "Feature", "geometry": {"type": "Point", "coordinates": [-104.8, 41.108108]}, "properties": {"crashes": 3, "injury": 0, "fatal": 0, "pedestrian": 0, "bicycle": 0, "density": 0.8, "year_range": "unknown"}}, {"type": "Feature", "geometry": {"type": "Point", "coordinates": [-104.940541, 41.09009]}, "properties": {"crashes": 1, "injury": 0, "fatal": 0, "pedestrian": 0, "bicycle": 0, "density": 0.2, "year_range": "unknown"}}, {"type": "Feature", "geometry": {"type": "Point", "coordinates": [-104.990991, 41.106306]}, "properties": {"crashes": 1, "injury": 0, "fatal": 0, "pedestrian": 0, "bicycle": 0, "density": 0.2, "year_range": "unknown"}}, {"type": "Feature", "geometry": {"type": "Point", "coordinates": [-104.837838, 41.225225]}, "properties": {"crashes": 1, "injury": 0, "fatal": 0, "pedestrian": 0, "bicycle": 0, "density": 0.2, "year_range": "unknown"}}, {"type": "Feature", "geometry": {"type": "Point", "coordinates": [-104.998198, 41.104505]}, "properties": {"crashes": 1, "injury": 0, "fatal": 0, "pedestrian": 0, "bicycle": 0, "density": 0.2, "year_range": "unknown"}}, {"type": "Feature", "geometry": {"type": "Point", "coordinates": [-104.789189, 41.120721]}, "properties": {"crashes": 2, "injury": 0, "fatal": 0, "pedestrian": 0, "bicycle": 0, "density": 0.5, "year_range": "unknown"}}, {"type": "Feature", "geometry": {"type": "Point", "coordinates": [-104.827027, 41.138739]}, "properties": {"crashes": 5, "injury": 0, "fatal": 0, "pedestrian": 0, "bicycle": 0, "density": 1.2, "year_range": "unknown"}}, {"type": "Feature", "geometry": {"type": "Point", "coordinates": [-104.753153, 41.126126]}, "properties": {"crashes": 1, "injury": 0, "fatal": 0, "pedestrian": 0, "bicycle": 0, "density": 0.2, "year_range": "unknown"}}, {"type": "Feature", "geometry": {"type": "Point", "coordinates": [-104.753153, 41.12973]}, "properties": {"crashes": 1, "injury": 0, "fatal": 0, "pedestrian": 0, "bicycle": 0, "density": 0.2, "year_range": "unknown"}}, {"type": "Feature", "geometry": {"type": "Point", "coordinates": [-104.744144, 41.158559]}, "properties": {"crashes": 1, "injury": 0, "fatal": 0, "pedestrian": 0, "bicycle": 0, "density": 0.2, "year_range": "unknown"}}, {"type": "Feature", "geometry": {"type": "Point", "coordinates": [-104.823423, 41.183784]}, "properties": {"crashes": 3, "injury": 0, "fatal": 0, "pedestrian": 0, "bicycle": 0, "density": 0.8, "year_range": "unknown"}}, {"type": "Feature", "geometry": {"type": "Point", "coordinates": [-104.816216, 41.181982]}, "properties": {"crashes": 1, "injury": 0, "fatal": 0, "pedestrian": 0, "bicycle": 0, "density": 0.2, "year_range": "unknown"}}, {"type": "Feature", "geometry": {"type": "Point", "coordinates": [-104.832432, 41.176577]}, "properties": {"crashes": 1, "injury": 0, "fatal": 0, "pedestrian": 0, "bicycle": 0, "density": 0.2, "year_range": "unknown"}}, {"type": "Feature", "geometry": {"type": "Point", "coordinates": [-104.715315, 41.131532]}, "properties": {"crashes": 2, "injury": 0, "fatal": 0, "pedestrian": 0, "bicycle": 0, "density": 0.5, "year_range": "unknown"}}, {"type": "Feature", "geometry": {"type": "Point", "coordinates": [-104.821622, 41.169369]}, "properties": {"crashes": 1, "injury": 0, "fatal": 0, "pedestrian": 0, "bicycle": 0, "density": 0.2, "year_range": "unknown"}}, {"type": "Feature", "geometry": {"type": "Point", "coordinates": [-104.751351, 41.162162]}, "properties": {"crashes": 1, "injury": 0, "fatal": 0, "pedestrian": 0, "bicycle": 0, "density": 0.2, "year_range": "unknown"}}, {"type": "Feature", "geometry": {"type": "Point", "coordinates": [-104.663063, 41.154955]}, "properties": {"crashes": 3, "injury": 0, "fatal": 0, "pedestrian": 0, "bicycle": 0, "density": 0.8, "year_range": "unknown"}}, {"type": "Feature", "geometry": {"type": "Point", "coordinates": [-104.774775, 41.138739]}, "properties": {"crashes": 2, "injury": 0, "fatal": 0, "pedestrian": 0, "bicycle": 0, "density": 0.5, "year_range": "unknown"}}, {"type": "Feature", "geometry": {"type": "Point", "coordinates": [-104.816216, 41.138739]}, "properties": {"crashes": 17, "injury": 0, "fatal": 0, "pedestrian": 0, "bicycle": 0, "density": 4.2, "year_range": "unknown"}}, {"type": "Feature", "geometry": {"type": "Point", "coordinates": [-104.823423, 41.144144]}, "properties": {"crashes": 1, "injury": 0, "fatal": 0, "pedestrian": 0, "bicycle": 0, "density": 0.2, "year_range": "unknown"}}, {"type": "Feature", "geometry": {"type": "Point", "coordinates": [-104.790991, 41.14955]}, "properties": {"crashes": 1, "injury": 0, "fatal": 0, "pedestrian": 0, "bicycle": 0, "density": 0.2, "year_range": "unknown"}}, {"type": "Feature", "geometry": {"type": "Point", "coordinates": [-104.794595, 41.127928]}, "properties": {"crashes": 3, "injury": 0, "fatal": 0, "pedestrian": 0, "bicycle": 0, "density": 0.8, "year_range": "unknown"}}, {"type": "Feature", "geometry": {"type": "Point", "coordinates": [-104.772973, 41.203604]}, "properties": {"crashes": 1, "injury": 0, "fatal": 0, "pedestrian": 0, "bicycle": 0, "density": 0.2, "year_range": "unknown"}}, {"type": "Feature", "geometry": {"type": "Point", "coordinates": [-104.668468, 41.140541]}, "properties": {"crashes": 1, "injury": 0, "fatal": 0, "pedestrian": 0, "bicycle": 0, "density": 0.2, "year_range": "unknown"}}, {"type": "Feature", "geometry": {"type": "Point", "coordinates": [-104.823423, 41.136937]}, "properties": {"crashes": 3, "injury": 0, "fatal": 0, "pedestrian": 0, "bicycle": 0, "density": 0.8, "year_range": "unknown"}}, {"type": "Feature", "geometry": {"type": "Point", "coordinates": [-104.771171, 41.124324]}, "properties": {"crashes": 3, "injury": 0, "fatal": 0, "pedestrian": 0, "bicycle": 0, "density": 0.8, "year_range": "unknown"}}, {"type": "Feature", "geometry": {"type": "Point", "coordinates": [-104.836036, 41.153153]}, "properties": {"crashes": 4, "injury": 0, "fatal": 0, "pedestrian": 0, "bicycle": 0, "density": 1.0, "year_range": "unknown"}}, {"type": "Feature", "geometry": {"type": "Point", "coordinates": [-104.834234, 41.169369]}, "properties": {"crashes": 2, "injury": 0, "fatal": 0, "pedestrian": 0, "bicycle": 0, "density": 0.5, "year_range": "unknown"}}, {"type": "Feature", "geometry": {"type": "Point", "coordinates": [-104.814414, 41.142342]}, "properties": {"crashes": 4, "injury": 0, "fatal": 0, "pedestrian": 0, "bicycle": 0, "density": 1.0, "year_range": "unknown"}}, {"type": "Feature", "geometry": {"type": "Point", "coordinates": [-104.713514, 41.147748]}, "properties": {"crashes": 1, "injury": 0, "fatal": 0, "pedestrian": 0, "bicycle": 0, "density": 0.2, "year_range": "unknown"}}, {"type": "Feature", "geometry": {"type": "Point", "coordinates": [-104.834234, 41.174775]}, "properties": {"crashes": 1, "injury": 0, "fatal": 0, "pedestrian": 0, "bicycle": 0, "density": 0.2, "year_range": "unknown"}}, {"type": "Feature", "geometry": {"type": "Point", "coordinates": [-104.801802, 41.102703]}, "properties": {"crashes": 7, "injury": 0, "fatal": 0, "pedestrian": 0, "bicycle": 0, "density": 1.8, "year_range": "unknown"}}, {"type": "Feature", "geometry": {"type": "Point", "coordinates": [-104.790991, 41.120721]}, "properties": {"crashes": 1, "injury": 0, "fatal": 0, "pedestrian": 0, "bicycle": 0, "density": 0.2, "year_range": "unknown"}}, {"type": "Feature", "geometry": {"type": "Point", "coordinates": [-104.888288, 41.131532]}, "properties": {"crashes": 1, "injury": 0, "fatal": 0, "pedestrian": 0, "bicycle": 0, "density": 0.2, "year_range": "unknown"}}, {"type": "Feature", "geometry": {"type": "Point", "coordinates": [-105.163964, 41.097297]}, "properties": {"crashes": 1, "injury": 0, "fatal": 0, "pedestrian": 0, "bicycle": 0, "density": 0.2, "year_range": "unknown"}}, {"type": "Feature", "geometry": {"type": "Point", "coordinates": [-105.066667, 41.100901]}, "properties": {"crashes": 1, "injury": 0, "fatal": 0, "pedestrian": 0, "bicycle": 0, "density": 0.2, "year_range": "unknown"}}, {"type": "Feature", "geometry": {"type": "Point", "coordinates": [-104.767568, 41.171171]}, "properties": {"crashes": 2, "injury": 0, "fatal": 0, "pedestrian": 0, "bicycle": 0, "density": 0.5, "year_range": "unknown"}}, {"type": "Feature", "geometry": {"type": "Point", "coordinates": [-104.989189, 41.108108]}, "properties": {"crashes": 1, "injury": 0, "fatal": 0, "pedestrian": 0, "bicycle": 0, "density": 0.2, "year_range": "unknown"}}, {"type": "Feature", "geometry": {"type": "Point", "coordinates": [-104.821622, 41.183784]}, "properties": {"crashes": 1, "injury": 0, "fatal": 0, "pedestrian": 0, "bicycle": 0, "density": 0.2, "year_range": "unknown"}}, {"type": "Feature", "geometry": {"type": "Point", "coordinates": [-104.913514, 41.12973]}, "properties": {"crashes": 1, "injury": 0, "fatal": 0, "pedestrian": 0, "bicycle": 0, "density": 0.2, "year_range": "unknown"}}, {"type": "Feature", "geometry": {"type": "Point", "coordinates": [-104.805405, 41.144144]}, "properties": {"crashes": 3, "injury": 0, "fatal": 0, "pedestrian": 0, "bicycle": 0, "density": 0.8, "year_range": "unknown"}}, {"type": "Feature", "geometry": {"type": "Point", "coordinates": [-104.790991, 41.147748]}, "properties": {"crashes": 1, "injury": 0, "fatal": 0, "pedestrian": 0, "bicycle": 0, "density": 0.2, "year_range": "unknown"}}, {"type": "Feature", "geometry": {"type": "Point", "coordinates": [-104.699099, 41.136937]}, "properties": {"crashes": 1, "injury": 0, "fatal": 0, "pedestrian": 0, "bicycle": 0, "density": 0.2, "year_range": "unknown"}}, {"type": "Feature", "geometry": {"type": "Point", "coordinates": [-104.76036, 41.154955]}, "properties": {"crashes": 5, "injury": 0, "fatal": 0, "pedestrian": 0, "bicycle": 0, "density": 1.2, "year_range": "unknown"}}, {"type": "Feature", "geometry": {"type": "Point", "coordinates": [-104.807207, 41.097297]}, "properties": {"crashes": 1, "injury": 0, "fatal": 0, "pedestrian": 0, "bicycle": 0, "density": 0.2, "year_range": "unknown"}}, {"type": "Feature", "geometry": {"type": "Point", "coordinates": [-104.83964, 41.183784]}, "properties": {"crashes": 5, "injury": 0, "fatal": 0, "pedestrian": 0, "bicycle": 0, "density": 1.2, "year_range": "unknown"}}, {"type": "Feature", "geometry": {"type": "Point", "coordinates": [-104.796396, 41.145946]}, "properties": {"crashes": 2, "injury": 0, "fatal": 0, "pedestrian": 0, "bicycle": 0, "density": 0.5, "year_range": "unknown"}}, {"type": "Feature", "geometry": {"type": "Point", "coordinates": [-104.83964, 41.115315]}, "properties": {"crashes": 2, "injury": 0, "fatal": 0, "pedestrian": 0, "bicycle": 0, "density": 0.5, "year_range": "unknown"}}, {"type": "Feature", "geometry": {"type": "Point", "coordinates": [-104.785586, 41.140541]}, "properties": {"crashes": 5, "injury": 0, "fatal": 0, "pedestrian": 0, "bicycle": 0, "density": 1.2, "year_range": "unknown"}}, {"type": "Feature", "geometry": {"type": "Point", "coordinates": [-104.771171, 41.135135]}, "properties": {"crashes": 3, "injury": 0, "fatal": 0, "pedestrian": 0, "bicycle": 0, "density": 0.8, "year_range": "unknown"}}, {"type": "Feature", "geometry": {"type": "Point", "coordinates": [-104.837838, 41.169369]}, "properties": {"crashes": 1, "injury": 0, "fatal": 0, "pedestrian": 0, "bicycle": 0, "density": 0.2, "year_range": "unknown"}}, {"type": "Feature", "geometry": {"type": "Point", "coordinates": [-104.899099, 41.117117]}, "properties": {"crashes": 4, "injury": 0, "fatal": 0, "pedestrian": 0, "bicycle": 0, "density": 1.0, "year_range": "unknown"}}, {"type": "Feature", "geometry": {"type": "Point", "coordinates": [-104.785586, 41.167568]}, "properties": {"crashes": 3, "injury": 0, "fatal": 0, "pedestrian": 0, "bicycle": 0, "density": 0.8, "year_range": "unknown"}}, {"type": "Feature", "geometry": {"type": "Point", "coordinates": [-104.776577, 41.174775]}, "properties": {"crashes": 1, "injury": 0, "fatal": 0, "pedestrian": 0, "bicycle": 0, "density": 0.2, "year_range": "unknown"}}, {"type": "Feature", "geometry": {"type": "Point", "coordinates": [-104.807207, 41.145946]}, "properties": {"crashes": 7, "injury": 0, "fatal": 0, "pedestrian": 0, "bicycle": 0, "density": 1.8, "year_range": "unknown"}}, {"type": "Feature", "geometry": {"type": "Point", "coordinates": [-104.81982, 41.135135]}, "properties": {"crashes": 13, "injury": 0, "fatal": 0, "pedestrian": 0, "bicycle": 0, "density": 3.2, "year_range": "unknown"}}, {"type": "Feature", "geometry": {"type": "Point", "coordinates": [-104.765766, 41.156757]}, "properties": {"crashes": 4, "injury": 0, "fatal": 0, "pedestrian": 0, "bicycle": 0, "density": 1.0, "year_range": "unknown"}}, {"type": "Feature", "geometry": {"type": "Point", "coordinates": [-104.771171, 41.138739]}, "properties": {"crashes": 2, "injury": 0, "fatal": 0, "pedestrian": 0, "bicycle": 0, "density": 0.5, "year_range": "unknown"}}, {"type": "Feature", "geometry": {"type": "Point", "coordinates": [-104.805405, 41.163964]}, "properties": {"crashes": 1, "injury": 0, "fatal": 0, "pedestrian": 0, "bicycle": 0, "density": 0.2, "year_range": "unknown"}}, {"type": "Feature", "geometry": {"type": "Point", "coordinates": [-104.812613, 41.127928]}, "properties": {"crashes": 2, "injury": 0, "fatal": 0, "pedestrian": 0, "bicycle": 0, "density": 0.5, "year_range": "unknown"}}, {"type": "Feature", "geometry": {"type": "Point", "coordinates": [-104.87027, 41.117117]}, "properties": {"crashes": 5, "injury": 0, "fatal": 0, "pedestrian": 0, "bicycle": 0, "density": 1.2, "year_range": "unknown"}}, {"type": "Feature", "geometry": {"type": "Point", "coordinates": [-104.879279, 41.059459]}, "properties": {"crashes": 1, "injury": 0, "fatal": 0, "pedestrian": 0, "bicycle": 0, "density": 0.2, "year_range": "unknown"}}, {"type": "Feature", "geometry": {"type": "Point", "coordinates": [-104.76036, 41.136937]}, "properties": {"crashes": 2, "injury": 0, "fatal": 0, "pedestrian": 0, "bicycle": 0, "density": 0.5, "year_range": "unknown"}}, {"type": "Feature", "geometry": {"type": "Point", "coordinates": [-104.872072, 41.117117]}, "properties": {"crashes": 3, "injury": 0, "fatal": 0, "pedestrian": 0, "bicycle": 0, "density": 0.8, "year_range": "unknown"}}, {"type": "Feature", "geometry": {"type": "Point", "coordinates": [-104.821622, 41.147748]}, "properties": {"crashes": 11, "injury": 0, "fatal": 0, "pedestrian": 0, "bicycle": 0, "density": 2.8, "year_range": "unknown"}}, {"type": "Feature", "geometry": {"type": "Point", "coordinates": [-104.891892, 41.034234]}, "properties": {"crashes": 2, "injury": 0, "fatal": 0, "pedestrian": 0, "bicycle": 0, "density": 0.5, "year_range": "unknown"}}, {"type": "Feature", "geometry": {"type": "Point", "coordinates": [-104.845045, 41.118919]}, "properties": {"crashes": 1, "injury": 0, "fatal": 0, "pedestrian": 0, "bicycle": 0, "density": 0.2, "year_range": "unknown"}}, {"type": "Feature", "geometry": {"type": "Point", "coordinates": [-104.754955, 41.127928]}, "properties": {"crashes": 2, "injury": 0, "fatal": 0, "pedestrian": 0, "bicycle": 0, "density": 0.5, "year_range": "unknown"}}, {"type": "Feature", "geometry": {"type": "Point", "coordinates": [-104.805405, 41.117117]}, "properties": {"crashes": 4, "injury": 0, "fatal": 0, "pedestrian": 0, "bicycle": 0, "density": 1.0, "year_range": "unknown"}}, {"type": "Feature", "geometry": {"type": "Point", "coordinates": [-104.825225, 41.124324]}, "properties": {"crashes": 1, "injury": 0, "fatal": 0, "pedestrian": 0, "bicycle": 0, "density": 0.2, "year_range": "unknown"}}, {"type": "Feature", "geometry": {"type": "Point", "coordinates": [-104.81982, 41.142342]}, "properties": {"crashes": 5, "injury": 0, "fatal": 0, "pedestrian": 0, "bicycle": 0, "density": 1.2, "year_range": "unknown"}}, {"type": "Feature", "geometry": {"type": "Point", "coordinates": [-104.809009, 41.171171]}, "properties": {"crashes": 4, "injury": 0, "fatal": 0, "pedestrian": 0, "bicycle": 0, "density": 1.0, "year_range": "unknown"}}, {"type": "Feature", "geometry": {"type": "Point", "coordinates": [-104.798198, 41.063063]}, "properties": {"crashes": 2, "injury": 0, "fatal": 0, "pedestrian": 0, "bicycle": 0, "density": 0.5, "year_range": "unknown"}}, {"type": "Feature", "geometry": {"type": "Point", "coordinates": [-104.744144, 41.142342]}, "properties": {"crashes": 1, "injury": 0, "fatal": 0, "pedestrian": 0, "bicycle": 0, "density": 0.2, "year_range": "unknown"}}, {"type": "Feature", "geometry": {"type": "Point", "coordinates": [-104.78018, 41.218018]}, "properties": {"crashes": 1, "injury": 0, "fatal": 0, "pedestrian": 0, "bicycle": 0, "density": 0.2, "year_range": "unknown"}}, {"type": "Feature", "geometry": {"type": "Point", "coordinates": [-104.828829, 41.120721]}, "properties": {"crashes": 5, "injury": 0, "fatal": 0, "pedestrian": 0, "bicycle": 0, "density": 1.2, "year_range": "unknown"}}, {"type": "Feature", "geometry": {"type": "Point", "coordinates": [-104.798198, 41.10991]}, "properties": {"crashes": 2, "injury": 0, "fatal": 0, "pedestrian": 0, "bicycle": 0, "density": 0.5, "year_range": "unknown"}}, {"type": "Feature", "geometry": {"type": "Point", "coordinates": [-104.767568, 41.158559]}, "properties": {"crashes": 2, "injury": 0, "fatal": 0, "pedestrian": 0, "bicycle": 0, "density": 0.5, "year_range": "unknown"}}, {"type": "Feature", "geometry": {"type": "Point", "coordinates": [-104.758559, 41.163964]}, "properties": {"crashes": 1, "injury": 0, "fatal": 0, "pedestrian": 0, "bicycle": 0, "density": 0.2, "year_range": "unknown"}}, {"type": "Feature", "geometry": {"type": "Point", "coordinates": [-104.767568, 41.165766]}, "properties": {"crashes": 1, "injury": 0, "fatal": 0, "pedestrian": 0, "bicycle": 0, "density": 0.2, "year_range": "unknown"}}, {"type": "Feature", "geometry": {"type": "Point", "coordinates": [-104.76036, 41.140541]}, "properties": {"crashes": 4, "injury": 0, "fatal": 0, "pedestrian": 0, "bicycle": 0, "density": 1.0, "year_range": "unknown"}}, {"type": "Feature", "geometry": {"type": "Point", "coordinates": [-104.736937, 41.225225]}, "properties": {"crashes": 1, "injury": 0, "fatal": 0, "pedestrian": 0, "bicycle": 0, "density": 0.2, "year_range": "unknown"}}, {"type": "Feature", "geometry": {"type": "Point", "coordinates": [-104.8, 41.140541]}, "properties": {"crashes": 1, "injury": 0, "fatal": 0, "pedestrian": 0, "bicycle": 0, "density": 0.2, "year_range": "unknown"}}, {"type": "Feature", "geometry": {"type": "Point", "coordinates": [-104.796396, 41.118919]}, "properties": {"crashes": 1, "injury": 0, "fatal": 0, "pedestrian": 0, "bicycle": 0, "density": 0.2, "year_range": "unknown"}}, {"type": "Feature", "geometry": {"type": "Point", "coordinates": [-104.886486, 41.122523]}, "properties": {"crashes": 1, "injury": 0, "fatal": 0, "pedestrian": 0, "bicycle": 0, "density": 0.2, "year_range": "unknown"}}, {"type": "Feature", "geometry": {"type": "Point", "coordinates": [-104.803604, 41.144144]}, "properties": {"crashes": 4, "injury": 0, "fatal": 0, "pedestrian": 0, "bicycle": 0, "density": 1.0, "year_range": "unknown"}}, {"type": "Feature", "geometry": {"type": "Point", "coordinates": [-104.818018, 41.061261]}, "properties": {"crashes": 2, "injury": 0, "fatal": 0, "pedestrian": 0, "bicycle": 0, "density": 0.5, "year_range": "unknown"}}, {"type": "Feature", "geometry": {"type": "Point", "coordinates": [-104.794595, 41.136937]}, "properties": {"crashes": 4, "injury": 0, "fatal": 0, "pedestrian": 0, "bicycle": 0, "density": 1.0, "year_range": "unknown"}}, {"type": "Feature", "geometry": {"type": "Point", "coordinates": [-104.783784, 41.144144]}, "properties": {"crashes": 1, "injury": 0, "fatal": 0, "pedestrian": 0, "bicycle": 0, "density": 0.2, "year_range": "unknown"}}, {"type": "Feature", "geometry": {"type": "Point", "coordinates": [-104.904505, 41.018018]}, "properties": {"crashes": 1, "injury": 0, "fatal": 0, "pedestrian": 0, "bicycle": 0, "density": 0.2, "year_range": "unknown"}}, {"type": "Feature", "geometry": {"type": "Point", "coordinates": [-104.90991, 41.218018]}, "properties": {"crashes": 2, "injury": 0, "fatal": 0, "pedestrian": 0, "bicycle": 0, "density": 0.5, "year_range": "unknown"}}, {"type": "Feature", "geometry": {"type": "Point", "coordinates": [-104.677477, 41.14955]}, "properties": {"crashes": 2, "injury": 0, "fatal": 0, "pedestrian": 0, "bicycle": 0, "density": 0.5, "year_range": "unknown"}}, {"type": "Feature", "geometry": {"type": "Point", "coordinates": [-104.753153, 41.156757]}, "properties": {"crashes": 1, "injury": 0, "fatal": 0, "pedestrian": 0, "bicycle": 0, "density": 0.2, "year_range": "unknown"}}, {"type": "Feature", "geometry": {"type": "Point", "coordinates": [-104.832432, 41.147748]}, "properties": {"crashes": 2, "injury": 0, "fatal": 0, "pedestrian": 0, "bicycle": 0, "density": 0.5, "year_range": "unknown"}}, {"type": "Feature", "geometry": {"type": "Point", "coordinates": [-104.825225, 41.118919]}, "properties": {"crashes": 6, "injury": 0, "fatal": 0, "pedestrian": 0, "bicycle": 0, "density": 1.5, "year_range": "unknown"}}, {"type": "Feature", "geometry": {"type": "Point", "coordinates": [-104.828829, 41.10991]}, "properties": {"crashes": 1, "injury": 0, "fatal": 0, "pedestrian": 0, "bicycle": 0, "density": 0.2, "year_range": "unknown"}}, {"type": "Feature", "geometry": {"type": "Point", "coordinates": [-104.767568, 41.126126]}, "properties": {"crashes": 4, "injury": 0, "fatal": 0, "pedestrian": 0, "bicycle": 0, "density": 1.0, "year_range": "unknown"}}, {"type": "Feature", "geometry": {"type": "Point", "coordinates": [-104.848649, 41.111712]}, "properties": {"crashes": 1, "injury": 0, "fatal": 0, "pedestrian": 0, "bicycle": 0, "density": 0.2, "year_range": "unknown"}}, {"type": "Feature", "geometry": {"type": "Point", "coordinates": [-104.828829, 41.131532]}, "properties": {"crashes": 1, "injury": 0, "fatal": 0, "pedestrian": 0, "bicycle": 0, "density": 0.2, "year_range": "unknown"}}, {"type": "Feature", "geometry": {"type": "Point", "coordinates": [-104.787387, 41.120721]}, "properties": {"crashes": 1, "injury": 0, "fatal": 0, "pedestrian": 0, "bicycle": 0, "density": 0.2, "year_range": "unknown"}}, {"type": "Feature", "geometry": {"type": "Point", "coordinates": [-104.781982, 41.144144]}, "properties": {"crashes": 1, "injury": 0, "fatal": 0, "pedestrian": 0, "bicycle": 0, "density": 0.2, "year_range": "unknown"}}, {"type": "Feature", "geometry": {"type": "Point", "coordinates": [-104.81982, 41.10991]}, "properties": {"crashes": 2, "injury": 0, "fatal": 0, "pedestrian": 0, "bicycle": 0, "density": 0.5, "year_range": "unknown"}}, {"type": "Feature", "geometry": {"type": "Point", "coordinates": [-104.877477, 41.218018]}, "properties": {"crashes": 1, "injury": 0, "fatal": 0, "pedestrian": 0, "bicycle": 0, "density": 0.2, "year_range": "unknown"}}, {"type": "Feature", "geometry": {"type": "Point", "coordinates": [-104.796396, 41.131532]}, "properties": {"crashes": 1, "injury": 0, "fatal": 0, "pedestrian": 0, "bicycle": 0, "density": 0.2, "year_range": "unknown"}}, {"type": "Feature", "geometry": {"type": "Point", "coordinates": [-104.827027, 41.111712]}, "properties": {"crashes": 4, "injury": 0, "fatal": 0, "pedestrian": 0, "bicycle": 0, "density": 1.0, "year_range": "unknown"}}, {"type": "Feature", "geometry": {"type": "Point", "coordinates": [-104.767568, 41.135135]}, "properties": {"crashes": 4, "injury": 0, "fatal": 0, "pedestrian": 0, "bicycle": 0, "density": 1.0, "year_range": "unknown"}}, {"type": "Feature", "geometry": {"type": "Point", "coordinates": [-104.834234, 41.052252]}, "properties": {"crashes": 1, "injury": 0, "fatal": 0, "pedestrian": 0, "bicycle": 0, "density": 0.2, "year_range": "unknown"}}, {"type": "Feature", "geometry": {"type": "Point", "coordinates": [-104.837838, 41.174775]}, "properties": {"crashes": 1, "injury": 0, "fatal": 0, "pedestrian": 0, "bicycle": 0, "density": 0.2, "year_range": "unknown"}}, {"type": "Feature", "geometry": {"type": "Point", "coordinates": [-104.792793, 41.136937]}, "properties": {"crashes": 2, "injury": 0, "fatal": 0, "pedestrian": 0, "bicycle": 0, "density": 0.5, "year_range": "unknown"}}, {"type": "Feature", "geometry": {"type": "Point", "coordinates": [-104.810811, 41.115315]}, "properties": {"crashes": 1, "injury": 0, "fatal": 0, "pedestrian": 0, "bicycle": 0, "density": 0.2, "year_range": "unknown"}}, {"type": "Feature", "geometry": {"type": "Point", "coordinates": [-104.72973, 41.16036]}, "properties": {"crashes": 1, "injury": 0, "fatal": 0, "pedestrian": 0, "bicycle": 0, "density": 0.2, "year_range": "unknown"}}, {"type": "Feature", "geometry": {"type": "Point", "coordinates": [-104.796396, 41.142342]}, "properties": {"crashes": 2, "injury": 0, "fatal": 0, "pedestrian": 0, "bicycle": 0, "density": 0.5, "year_range": "unknown"}}, {"type": "Feature", "geometry": {"type": "Point", "coordinates": [-104.814414, 41.099099]}, "properties": {"crashes": 1, "injury": 0, "fatal": 0, "pedestrian": 0, "bicycle": 0, "density": 0.2, "year_range": "unknown"}}, {"type": "Feature", "geometry": {"type": "Point", "coordinates": [-104.785586, 41.151351]}, "properties": {"crashes": 5, "injury": 0, "fatal": 0, "pedestrian": 0, "bicycle": 0, "density": 1.2, "year_range": "unknown"}}, {"type": "Feature", "geometry": {"type": "Point", "coordinates": [-104.830631, 41.126126]}, "properties": {"crashes": 3, "injury": 0, "fatal": 0, "pedestrian": 0, "bicycle": 0, "density": 0.8, "year_range": "unknown"}}, {"type": "Feature", "geometry": {"type": "Point", "coordinates": [-104.823423, 41.156757]}, "properties": {"crashes": 1, "injury": 0, "fatal": 0, "pedestrian": 0, "bicycle": 0, "density": 0.2, "year_range": "unknown"}}, {"type": "Feature", "geometry": {"type": "Point", "coordinates": [-104.794595, 41.10991]}, "properties": {"crashes": 3, "injury": 0, "fatal": 0, "pedestrian": 0, "bicycle": 0, "density": 0.8, "year_range": "unknown"}}, {"type": "Feature", "geometry": {"type": "Point", "coordinates": [-104.803604, 41.174775]}, "properties": {"crashes": 1, "injury": 0, "fatal": 0, "pedestrian": 0, "bicycle": 0, "density": 0.2, "year_range": "unknown"}}, {"type": "Feature", "geometry": {"type": "Point", "coordinates": [-104.702703, 41.16036]}, "properties": {"crashes": 1, "injury": 0, "fatal": 0, "pedestrian": 0, "bicycle": 0, "density": 0.2, "year_range": "unknown"}}, {"type": "Feature", "geometry": {"type": "Point", "coordinates": [-104.713514, 41.14955]}, "properties": {"crashes": 1, "injury": 0, "fatal": 0, "pedestrian": 0, "bicycle": 0, "density": 0.2, "year_range": "unknown"}}, {"type": "Feature", "geometry": {"type": "Point", "coordinates": [-104.895495, 41.218018]}, "properties": {"crashes": 1, "injury": 0, "fatal": 0, "pedestrian": 0, "bicycle": 0, "density": 0.2, "year_range": "unknown"}}, {"type": "Feature", "geometry": {"type": "Point", "coordinates": [-104.837838, 41.205405]}, "properties": {"crashes": 1, "injury": 0, "fatal": 0, "pedestrian": 0, "bicycle": 0, "density": 0.2, "year_range": "unknown"}}, {"type": "Feature", "geometry": {"type": "Point", "coordinates": [-104.686486, 41.122523]}, "properties": {"crashes": 1, "injury": 0, "fatal": 0, "pedestrian": 0, "bicycle": 0, "density": 0.2, "year_range": "unknown"}}, {"type": "Feature", "geometry": {"type": "Point", "coordinates": [-104.76036, 41.135135]}, "properties": {"crashes": 1, "injury": 0, "fatal": 0, "pedestrian": 0, "bicycle": 0, "density": 0.2, "year_range": "unknown"}}, {"type": "Feature", "geometry": {"type": "Point", "coordinates": [-104.810811, 41.108108]}, "properties": {"crashes": 1, "injury": 0, "fatal": 0, "pedestrian": 0, "bicycle": 0, "density": 0.2, "year_range": "unknown"}}, {"type": "Feature", "geometry": {"type": "Point", "coordinates": [-104.745946, 41.145946]}, "properties": {"crashes": 3, "injury": 0, "fatal": 0, "pedestrian": 0, "bicycle": 0, "density": 0.8, "year_range": "unknown"}}, {"type": "Feature", "geometry": {"type": "Point", "coordinates": [-104.805405, 41.181982]}, "properties": {"crashes": 1, "injury": 0, "fatal": 0, "pedestrian": 0, "bicycle": 0, "density": 0.2, "year_range": "unknown"}}, {"type": "Feature", "geometry": {"type": "Point", "coordinates": [-104.8, 41.144144]}, "properties": {"crashes": 3, "injury": 0, "fatal": 0, "pedestrian": 0, "bicycle": 0, "density": 0.8, "year_range": "unknown"}}, {"type": "Feature", "geometry": {"type": "Point", "coordinates": [-104.845045, 41.187387]}, "properties": {"crashes": 1, "injury": 0, "fatal": 0, "pedestrian": 0, "bicycle": 0, "density": 0.2, "year_range": "unknown"}}, {"type": "Feature", "geometry": {"type": "Point", "coordinates": [-104.740541, 41.16036]}, "properties": {"crashes": 2, "injury": 0, "fatal": 0, "pedestrian": 0, "bicycle": 0, "density": 0.5, "year_range": "unknown"}}, {"type": "Feature", "geometry": {"type": "Point", "coordinates": [-104.767568, 41.190991]}, "properties": {"crashes": 1, "injury": 0, "fatal": 0, "pedestrian": 0, "bicycle": 0, "density": 0.2, "year_range": "unknown"}}, {"type": "Feature", "geometry": {"type": "Point", "coordinates": [-104.816216, 41.163964]}, "properties": {"crashes": 5, "injury": 0, "fatal": 0, "pedestrian": 0, "bicycle": 0, "density": 1.2, "year_range": "unknown"}}, {"type": "Feature", "geometry": {"type": "Point", "coordinates": [-104.787387, 41.043243]}, "properties": {"crashes": 1, "injury": 0, "fatal": 0, "pedestrian": 0, "bicycle": 0, "density": 0.2, "year_range": "unknown"}}, {"type": "Feature", "geometry": {"type": "Point", "coordinates": [-104.882883, 41.057658]}, "properties": {"crashes": 6, "injury": 0, "fatal": 0, "pedestrian": 0, "bicycle": 0, "density": 1.5, "year_range": "unknown"}}, {"type": "Feature", "geometry": {"type": "Point", "coordinates": [-104.872072, 41.063063]}, "properties": {"crashes": 1, "injury": 0, "fatal": 0, "pedestrian": 0, "bicycle": 0, "density": 0.2, "year_range": "unknown"}}, {"type": "Feature", "geometry": {"type": "Point", "coordinates": [-104.798198, 41.145946]}, "properties": {"crashes": 4, "injury": 0, "fatal": 0, "pedestrian": 0, "bicycle": 0, "density": 1.0, "year_range": "unknown"}}, {"type": "Feature", "geometry": {"type": "Point", "coordinates": [-104.814414, 41.145946]}, "properties": {"crashes": 3, "injury": 0, "fatal": 0, "pedestrian": 0, "bicycle": 0, "density": 0.8, "year_range": "unknown"}}, {"type": "Feature", "geometry": {"type": "Point", "coordinates": [-104.796396, 41.10991]}, "properties": {"crashes": 1, "injury": 0, "fatal": 0, "pedestrian": 0, "bicycle": 0, "density": 0.2, "year_range": "unknown"}}, {"type": "Feature", "geometry": {"type": "Point", "coordinates": [-104.812613, 41.106306]}, "properties": {"crashes": 1, "injury": 0, "fatal": 0, "pedestrian": 0, "bicycle": 0, "density": 0.2, "year_range": "unknown"}}, {"type": "Feature", "geometry": {"type": "Point", "coordinates": [-104.796396, 41.12973]}, "properties": {"crashes": 2, "injury": 0, "fatal": 0, "pedestrian": 0, "bicycle": 0, "density": 0.5, "year_range": "unknown"}}, {"type": "Feature", "geometry": {"type": "Point", "coordinates": [-104.837838, 41.156757]}, "properties": {"crashes": 1, "injury": 0, "fatal": 0, "pedestrian": 0, "bicycle": 0, "density": 0.2, "year_range": "unknown"}}, {"type": "Feature", "geometry": {"type": "Point", "coordinates": [-104.96036, 41.151351]}, "properties": {"crashes": 1, "injury": 0, "fatal": 0, "pedestrian": 0, "bicycle": 0, "density": 0.2, "year_range": "unknown"}}, {"type": "Feature", "geometry": {"type": "Point", "coordinates": [-104.76036, 41.163964]}, "properties": {"crashes": 5, "injury": 0, "fatal": 0, "pedestrian": 0, "bicycle": 0, "density": 1.2, "year_range": "unknown"}}, {"type": "Feature", "geometry": {"type": "Point", "coordinates": [-104.796396, 41.136937]}, "properties": {"crashes": 5, "injury": 0, "fatal": 0, "pedestrian": 0, "bicycle": 0, "density": 1.2, "year_range": "unknown"}}, {"type": "Feature", "geometry": {"type": "Point", "coordinates": [-104.726126, 41.153153]}, "properties": {"crashes": 1, "injury": 0, "fatal": 0, "pedestrian": 0, "bicycle": 0, "density": 0.2, "year_range": "unknown"}}, {"type": "Feature", "geometry": {"type": "Point", "coordinates": [-104.753153, 41.154955]}, "properties": {"crashes": 1, "injury": 0, "fatal": 0, "pedestrian": 0, "bicycle": 0, "density": 0.2, "year_range": "unknown"}}, {"type": "Feature", "geometry": {"type": "Point", "coordinates": [-104.809009, 41.142342]}, "properties": {"crashes": 4, "injury": 0, "fatal": 0, "pedestrian": 0, "bicycle": 0, "density": 1.0, "year_range": "unknown"}}, {"type": "Feature", "geometry": {"type": "Point", "coordinates": [-104.636036, 41.158559]}, "properties": {"crashes": 1, "injury": 0, "fatal": 0, "pedestrian": 0, "bicycle": 0, "density": 0.2, "year_range": "unknown"}}, {"type": "Feature", "geometry": {"type": "Point", "coordinates": [-104.736937, 41.14955]}, "properties": {"crashes": 2, "injury": 0, "fatal": 0, "pedestrian": 0, "bicycle": 0, "density": 0.5, "year_range": "unknown"}}, {"type": "Feature", "geometry": {"type": "Point", "coordinates": [-104.747748, 41.136937]}, "properties": {"crashes": 1, "injury": 0, "fatal": 0, "pedestrian": 0, "bicycle": 0, "density": 0.2, "year_range": "unknown"}}, {"type": "Feature", "geometry": {"type": "Point", "coordinates": [-105.093694, 41.099099]}, "properties": {"crashes": 1, "injury": 0, "fatal": 0, "pedestrian": 0, "bicycle": 0, "density": 0.2, "year_range": "unknown"}}, {"type": "Feature", "geometry": {"type": "Point", "coordinates": [-104.818018, 41.203604]}, "properties": {"crashes": 1, "injury": 0, "fatal": 0, "pedestrian": 0, "bicycle": 0, "density": 0.2, "year_range": "unknown"}}, {"type": "Feature", "geometry": {"type": "Point", "coordinates": [-104.886486, 41.037838]}, "properties": {"crashes": 1, "injury": 0, "fatal": 0, "pedestrian": 0, "bicycle": 0, "density": 0.2, "year_range": "unknown"}}, {"type": "Feature", "geometry": {"type": "Point", "coordinates": [-104.893694, 41.144144]}, "properties": {"crashes": 1, "injury": 0, "fatal": 0, "pedestrian": 0, "bicycle": 0, "density": 0.2, "year_range": "unknown"}}, {"type": "Feature", "geometry": {"type": "Point", "coordinates": [-104.809009, 41.136937]}, "properties": {"crashes": 7, "injury": 0, "fatal": 0, "pedestrian": 0, "bicycle": 0, "density": 1.8, "year_range": "unknown"}}, {"type": "Feature", "geometry": {"type": "Point", "coordinates": [-104.837838, 41.14955]}, "properties": {"crashes": 3, "injury": 0, "fatal": 0, "pedestrian": 0, "bicycle": 0, "density": 0.8, "year_range": "unknown"}}, {"type": "Feature", "geometry": {"type": "Point", "coordinates": [-104.81982, 41.178378]}, "properties": {"crashes": 1, "injury": 0, "fatal": 0, "pedestrian": 0, "bicycle": 0, "density": 0.2, "year_range": "unknown"}}, {"type": "Feature", "geometry": {"type": "Point", "coordinates": [-104.828829, 41.136937]}, "properties": {"crashes": 2, "injury": 0, "fatal": 0, "pedestrian": 0, "bicycle": 0, "density": 0.5, "year_range": "unknown"}}, {"type": "Feature", "geometry": {"type": "Point", "coordinates": [-104.753153, 41.147748]}, "properties": {"crashes": 2, "injury": 0, "fatal": 0, "pedestrian": 0, "bicycle": 0, "density": 0.5, "year_range": "unknown"}}, {"type": "Feature", "geometry": {"type": "Point", "coordinates": [-104.763964, 41.162162]}, "properties": {"crashes": 2, "injury": 0, "fatal": 0, "pedestrian": 0, "bicycle": 0, "density": 0.5, "year_range": "unknown"}}, {"type": "Feature", "geometry": {"type": "Point", "coordinates": [-104.83964, 41.135135]}, "properties": {"crashes": 1, "injury": 0, "fatal": 0, "pedestrian": 0, "bicycle": 0, "density": 0.2, "year_range": "unknown"}}, {"type": "Feature", "geometry": {"type": "Point", "coordinates": [-104.778378, 41.12973]}, "properties": {"crashes": 1, "injury": 0, "fatal": 0, "pedestrian": 0, "bicycle": 0, "density": 0.2, "year_range": "unknown"}}, {"type": "Feature", "geometry": {"type": "Point", "coordinates": [-104.767568, 41.156757]}, "properties": {"crashes": 3, "injury": 0, "fatal": 0, "pedestrian": 0, "bicycle": 0, "density": 0.8, "year_range": "unknown"}}, {"type": "Feature", "geometry": {"type": "Point", "coordinates": [-105.079279, 41.099099]}, "properties": {"crashes": 1, "injury": 0, "fatal": 0, "pedestrian": 0, "bicycle": 0, "density": 0.2, "year_range": "unknown"}}, {"type": "Feature", "geometry": {"type": "Point", "coordinates": [-105.088288, 41.099099]}, "properties": {"crashes": 1, "injury": 0, "fatal": 0, "pedestrian": 0, "bicycle": 0, "density": 0.2, "year_range": "unknown"}}, {"type": "Feature", "geometry": {"type": "Point", "coordinates": [-104.769369, 41.14955]}, "properties": {"crashes": 2, "injury": 0, "fatal": 0, "pedestrian": 0, "bicycle": 0, "density": 0.5, "year_range": "unknown"}}, {"type": "Feature", "geometry": {"type": "Point", "coordinates": [-105.113514, 41.097297]}, "properties": {"crashes": 1, "injury": 0, "fatal": 0, "pedestrian": 0, "bicycle": 0, "density": 0.2, "year_range": "unknown"}}, {"type": "Feature", "geometry": {"type": "Point", "coordinates": [-104.787387, 41.144144]}, "properties": {"crashes": 3, "injury": 0, "fatal": 0, "pedestrian": 0, "bicycle": 0, "density": 0.8, "year_range": "unknown"}}, {"type": "Feature", "geometry": {"type": "Point", "coordinates": [-104.810811, 41.145946]}, "properties": {"crashes": 3, "injury": 0, "fatal": 0, "pedestrian": 0, "bicycle": 0, "density": 0.8, "year_range": "unknown"}}, {"type": "Feature", "geometry": {"type": "Point", "coordinates": [-104.765766, 41.145946]}, "properties": {"crashes": 2, "injury": 0, "fatal": 0, "pedestrian": 0, "bicycle": 0, "density": 0.5, "year_range": "unknown"}}, {"type": "Feature", "geometry": {"type": "Point", "coordinates": [-104.832432, 41.151351]}, "properties": {"crashes": 1, "injury": 0, "fatal": 0, "pedestrian": 0, "bicycle": 0, "density": 0.2, "year_range": "unknown"}}, {"type": "Feature", "geometry": {"type": "Point", "coordinates": [-104.981982, 41.108108]}, "properties": {"crashes": 1, "injury": 0, "fatal": 0, "pedestrian": 0, "bicycle": 0, "density": 0.2, "year_range": "unknown"}}, {"type": "Feature", "geometry": {"type": "Point", "coordinates": [-104.699099, 41.122523]}, "properties": {"crashes": 1, "injury": 0, "fatal": 0, "pedestrian": 0, "bicycle": 0, "density": 0.2, "year_range": "unknown"}}, {"type": "Feature", "geometry": {"type": "Point", "coordinates": [-104.809009, 41.115315]}, "properties": {"crashes": 4, "injury": 0, "fatal": 0, "pedestrian": 0, "bicycle": 0, "density": 1.0, "year_range": "unknown"}}, {"type": "Feature", "geometry": {"type": "Point", "coordinates": [-104.810811, 41.104505]}, "properties": {"crashes": 1, "injury": 0, "fatal": 0, "pedestrian": 0, "bicycle": 0, "density": 0.2, "year_range": "unknown"}}, {"type": "Feature", "geometry": {"type": "Point", "coordinates": [-104.789189, 41.221622]}, "properties": {"crashes": 1, "injury": 0, "fatal": 0, "pedestrian": 0, "bicycle": 0, "density": 0.2, "year_range": "unknown"}}, {"type": "Feature", "geometry": {"type": "Point", "coordinates": [-104.778378, 41.142342]}, "properties": {"crashes": 1, "injury": 0, "fatal": 0, "pedestrian": 0, "bicycle": 0, "density": 0.2, "year_range": "unknown"}}, {"type": "Feature", "geometry": {"type": "Point", "coordinates": [-104.83964, 41.185586]}, "properties": {"crashes": 1, "injury": 0, "fatal": 0, "pedestrian": 0, "bicycle": 0, "density": 0.2, "year_range": "unknown"}}, {"type": "Feature", "geometry": {"type": "Point", "coordinates": [-104.827027, 41.10991]}, "properties": {"crashes": 3, "injury": 0, "fatal": 0, "pedestrian": 0, "bicycle": 0, "density": 0.8, "year_range": "unknown"}}, {"type": "Feature", "geometry": {"type": "Point", "coordinates": [-104.776577, 41.163964]}, "properties": {"crashes": 3, "injury": 0, "fatal": 0, "pedestrian": 0, "bicycle": 0, "density": 0.8, "year_range": "unknown"}}, {"type": "Feature", "geometry": {"type": "Point", "coordinates": [-104.769369, 41.167568]}, "properties": {"crashes": 1, "injury": 0, "fatal": 0, "pedestrian": 0, "bicycle": 0, "density": 0.2, "year_range": "unknown"}}, {"type": "Feature", "geometry": {"type": "Point", "coordinates": [-104.814414, 41.169369]}, "properties": {"crashes": 2, "injury": 0, "fatal": 0, "pedestrian": 0, "bicycle": 0, "density": 0.5, "year_range": "unknown"}}, {"type": "Feature", "geometry": {"type": "Point", "coordinates": [-104.792793, 41.120721]}, "properties": {"crashes": 2, "injury": 0, "fatal": 0, "pedestrian": 0, "bicycle": 0, "density": 0.5, "year_range": "unknown"}}, {"type": "Feature", "geometry": {"type": "Point", "coordinates": [-104.693694, 41.189189]}, "properties": {"crashes": 1, "injury": 0, "fatal": 0, "pedestrian": 0, "bicycle": 0, "density": 0.2, "year_range": "unknown"}}, {"type": "Feature", "geometry": {"type": "Point", "coordinates": [-104.754955, 41.136937]}, "properties": {"crashes": 2, "injury": 0, "fatal": 0, "pedestrian": 0, "bicycle": 0, "density": 0.5, "year_range": "unknown"}}, {"type": "Feature", "geometry": {"type": "Point", "coordinates": [-104.837838, 41.212613]}, "properties": {"crashes": 3, "injury": 0, "fatal": 0, "pedestrian": 0, "bicycle": 0, "density": 0.8, "year_range": "unknown"}}, {"type": "Feature", "geometry": {"type": "Point", "coordinates": [-104.727928, 41.154955]}, "properties": {"crashes": 1, "injury": 0, "fatal": 0, "pedestrian": 0, "bicycle": 0, "density": 0.2, "year_range": "unknown"}}, {"type": "Feature", "geometry": {"type": "Point", "coordinates": [-104.798198, 41.122523]}, "properties": {"crashes": 2, "injury": 0, "fatal": 0, "pedestrian": 0, "bicycle": 0, "density": 0.5, "year_range": "unknown"}}, {"type": "Feature", "geometry": {"type": "Point", "coordinates": [-105.05045, 41.102703]}, "properties": {"crashes": 2, "injury": 0, "fatal": 0, "pedestrian": 0, "bicycle": 0, "density": 0.5, "year_range": "unknown"}}, {"type": "Feature", "geometry": {"type": "Point", "coordinates": [-104.776577, 41.145946]}, "properties": {"crashes": 3, "injury": 0, "fatal": 0, "pedestrian": 0, "bicycle": 0, "density": 0.8, "year_range": "unknown"}}, {"type": "Feature", "geometry": {"type": "Point", "coordinates": [-104.74955, 41.14955]}, "properties": {"crashes": 3, "injury": 0, "fatal": 0, "pedestrian": 0, "bicycle": 0, "density": 0.8, "year_range": "unknown"}}, {"type": "Feature", "geometry": {"type": "Point", "coordinates": [-104.645045, 41.169369]}, "properties": {"crashes": 1, "injury": 0, "fatal": 0, "pedestrian": 0, "bicycle": 0, "density": 0.2, "year_range": "unknown"}}, {"type": "Feature", "geometry": {"type": "Point", "coordinates": [-104.85045, 41.095495]}, "properties": {"crashes": 2, "injury": 0, "fatal": 0, "pedestrian": 0, "bicycle": 0, "density": 0.5, "year_range": "unknown"}}, {"type": "Feature", "geometry": {"type": "Point", "coordinates": [-104.627027, 41.158559]}, "properties": {"crashes": 2, "injury": 0, "fatal": 0, "pedestrian": 0, "bicycle": 0, "density": 0.5, "year_range": "unknown"}}, {"type": "Feature", "geometry": {"type": "Point", "coordinates": [-104.810811, 41.131532]}, "properties": {"crashes": 1, "injury": 0, "fatal": 0, "pedestrian": 0, "bicycle": 0, "density": 0.2, "year_range": "unknown"}}, {"type": "Feature", "geometry": {"type": "Point", "coordinates": [-105.14955, 41.099099]}, "properties": {"crashes": 2, "injury": 0, "fatal": 0, "pedestrian": 0, "bicycle": 0, "density": 0.5, "year_range": "unknown"}}, {"type": "Feature", "geometry": {"type": "Point", "coordinates": [-104.846847, 41.124324]}, "properties": {"crashes": 1, "injury": 0, "fatal": 0, "pedestrian": 0, "bicycle": 0, "density": 0.2, "year_range": "unknown"}}, {"type": "Feature", "geometry": {"type": "Point", "coordinates": [-105.068468, 41.100901]}, "properties": {"crashes": 2, "injury": 0, "fatal": 0, "pedestrian": 0, "bicycle": 0, "density": 0.5, "year_range": "unknown"}}, {"type": "Feature", "geometry": {"type": "Point", "coordinates": [-104.790991, 41.117117]}, "properties": {"crashes": 2, "injury": 0, "fatal": 0, "pedestrian": 0, "bicycle": 0, "density": 0.5, "year_range": "unknown"}}, {"type": "Feature", "geometry": {"type": "Point", "coordinates": [-104.828829, 41.104505]}, "properties": {"crashes": 2, "injury": 0, "fatal": 0, "pedestrian": 0, "bicycle": 0, "density": 0.5, "year_range": "unknown"}}, {"type": "Feature", "geometry": {"type": "Point", "coordinates": [-104.691892, 41.135135]}, "properties": {"crashes": 1, "injury": 0, "fatal": 0, "pedestrian": 0, "bicycle": 0, "density": 0.2, "year_range": "unknown"}}, {"type": "Feature", "geometry": {"type": "Point", "coordinates": [-104.762162, 41.126126]}, "properties": {"crashes": 3, "injury": 0, "fatal": 0, "pedestrian": 0, "bicycle": 0, "density": 0.8, "year_range": "unknown"}}, {"type": "Feature", "geometry": {"type": "Point", "coordinates": [-104.803604, 41.163964]}, "properties": {"crashes": 1, "injury": 0, "fatal": 0, "pedestrian": 0, "bicycle": 0, "density": 0.2, "year_range": "unknown"}}, {"type": "Feature", "geometry": {"type": "Point", "coordinates": [-104.801802, 41.124324]}, "properties": {"crashes": 1, "injury": 0, "fatal": 0, "pedestrian": 0, "bicycle": 0, "density": 0.2, "year_range": "unknown"}}, {"type": "Feature", "geometry": {"type": "Point", "coordinates": [-105.124324, 41.099099]}, "properties": {"crashes": 1, "injury": 0, "fatal": 0, "pedestrian": 0, "bicycle": 0, "density": 0.2, "year_range": "unknown"}}, {"type": "Feature", "geometry": {"type": "Point", "coordinates": [-105.156757, 41.099099]}, "properties": {"crashes": 1, "injury": 0, "fatal": 0, "pedestrian": 0, "bicycle": 0, "density": 0.2, "year_range": "unknown"}}, {"type": "Feature", "geometry": {"type": "Point", "coordinates": [-104.628829, 41.158559]}, "properties": {"crashes": 1, "injury": 0, "fatal": 0, "pedestrian": 0, "bicycle": 0, "density": 0.2, "year_range": "unknown"}}, {"type": "Feature", "geometry": {"type": "Point", "coordinates": [-104.78018, 41.172973]}, "properties": {"crashes": 2, "injury": 0, "fatal": 0, "pedestrian": 0, "bicycle": 0, "density": 0.5, "year_range": "unknown"}}, {"type": "Feature", "geometry": {"type": "Point", "coordinates": [-104.855856, 41.117117]}, "properties": {"crashes": 2, "injury": 0, "fatal": 0, "pedestrian": 0, "bicycle": 0, "density": 0.5, "year_range": "unknown"}}, {"type": "Feature", "geometry": {"type": "Point", "coordinates": [-104.778378, 41.153153]}, "properties": {"crashes": 2, "injury": 0, "fatal": 0, "pedestrian": 0, "bicycle": 0, "density": 0.5, "year_range": "unknown"}}, {"type": "Feature", "geometry": {"type": "Point", "coordinates": [-104.812613, 41.163964]}, "properties": {"crashes": 1, "injury": 0, "fatal": 0, "pedestrian": 0, "bicycle": 0, "density": 0.2, "year_range": "unknown"}}, {"type": "Feature", "geometry": {"type": "Point", "coordinates": [-104.708108, 41.136937]}, "properties": {"crashes": 2, "injury": 0, "fatal": 0, "pedestrian": 0, "bicycle": 0, "density": 0.5, "year_range": "unknown"}}, {"type": "Feature", "geometry": {"type": "Point", "coordinates": [-104.859459, 41.115315]}, "properties": {"crashes": 3, "injury": 0, "fatal": 0, "pedestrian": 0, "bicycle": 0, "density": 0.8, "year_range": "unknown"}}, {"type": "Feature", "geometry": {"type": "Point", "coordinates": [-104.776577, 41.010811]}, "properties": {"crashes": 2, "injury": 0, "fatal": 0, "pedestrian": 0, "bicycle": 0, "density": 0.5, "year_range": "unknown"}}, {"type": "Feature", "geometry": {"type": "Point", "coordinates": [-104.789189, 41.104505]}, "properties": {"crashes": 1, "injury": 0, "fatal": 0, "pedestrian": 0, "bicycle": 0, "density": 0.2, "year_range": "unknown"}}, {"type": "Feature", "geometry": {"type": "Point", "coordinates": [-104.807207, 41.178378]}, "properties": {"crashes": 3, "injury": 0, "fatal": 0, "pedestrian": 0, "bicycle": 0, "density": 0.8, "year_range": "unknown"}}, {"type": "Feature", "geometry": {"type": "Point", "coordinates": [-104.845045, 41.115315]}, "properties": {"crashes": 5, "injury": 0, "fatal": 0, "pedestrian": 0, "bicycle": 0, "density": 1.2, "year_range": "unknown"}}, {"type": "Feature", "geometry": {"type": "Point", "coordinates": [-104.76036, 41.158559]}, "properties": {"crashes": 1, "injury": 0, "fatal": 0, "pedestrian": 0, "bicycle": 0, "density": 0.2, "year_range": "unknown"}}, {"type": "Feature", "geometry": {"type": "Point", "coordinates": [-104.877477, 41.059459]}, "properties": {"crashes": 1, "injury": 0, "fatal": 0, "pedestrian": 0, "bicycle": 0, "density": 0.2, "year_range": "unknown"}}, {"type": "Feature", "geometry": {"type": "Point", "coordinates": [-105.048649, 41.102703]}, "properties": {"crashes": 1, "injury": 0, "fatal": 0, "pedestrian": 0, "bicycle": 0, "density": 0.2, "year_range": "unknown"}}, {"type": "Feature", "geometry": {"type": "Point", "coordinates": [-104.754955, 41.142342]}, "properties": {"crashes": 1, "injury": 0, "fatal": 0, "pedestrian": 0, "bicycle": 0, "density": 0.2, "year_range": "unknown"}}, {"type": "Feature", "geometry": {"type": "Point", "coordinates": [-104.735135, 41.124324]}, "properties": {"crashes": 1, "injury": 0, "fatal": 0, "pedestrian": 0, "bicycle": 0, "density": 0.2, "year_range": "unknown"}}, {"type": "Feature", "geometry": {"type": "Point", "coordinates": [-104.971171, 41.151351]}, "properties": {"crashes": 1, "injury": 0, "fatal": 0, "pedestrian": 0, "bicycle": 0, "density": 0.2, "year_range": "unknown"}}, {"type": "Feature", "geometry": {"type": "Point", "coordinates": [-104.956757, 41.10991]}, "properties": {"crashes": 1, "injury": 0, "fatal": 0, "pedestrian": 0, "bicycle": 0, "density": 0.2, "year_range": "unknown"}}, {"type": "Feature", "geometry": {"type": "Point", "coordinates": [-104.976577, 41.09009]}, "properties": {"crashes": 1, "injury": 0, "fatal": 0, "pedestrian": 0, "bicycle": 0, "density": 0.2, "year_range": "unknown"}}, {"type": "Feature", "geometry": {"type": "Point", "coordinates": [-104.803604, 41.095495]}, "properties": {"crashes": 1, "injury": 0, "fatal": 0, "pedestrian": 0, "bicycle": 0, "density": 0.2, "year_range": "unknown"}}, {"type": "Feature", "geometry": {"type": "Point", "coordinates": [-104.828829, 41.210811]}, "properties": {"crashes": 1, "injury": 0, "fatal": 0, "pedestrian": 0, "bicycle": 0, "density": 0.2, "year_range": "unknown"}}, {"type": "Feature", "geometry": {"type": "Point", "coordinates": [-104.81982, 41.111712]}, "properties": {"crashes": 1, "injury": 0, "fatal": 0, "pedestrian": 0, "bicycle": 0, "density": 0.2, "year_range": "unknown"}}, {"type": "Feature", "geometry": {"type": "Point", "coordinates": [-104.643243, 41.158559]}, "properties": {"crashes": 1, "injury": 0, "fatal": 0, "pedestrian": 0, "bicycle": 0, "density": 0.2, "year_range": "unknown"}}, {"type": "Feature", "geometry": {"type": "Point", "coordinates": [-104.618018, 41.158559]}, "properties": {"crashes": 2, "injury": 0, "fatal": 0, "pedestrian": 0, "bicycle": 0, "density": 0.5, "year_range": "unknown"}}, {"type": "Feature", "geometry": {"type": "Point", "coordinates": [-104.827027, 41.120721]}, "properties": {"crashes": 2, "injury": 0, "fatal": 0, "pedestrian": 0, "bicycle": 0, "density": 0.5, "year_range": "unknown"}}, {"type": "Feature", "geometry": {"type": "Point", "coordinates": [-104.772973, 41.167568]}, "properties": {"crashes": 4, "injury": 0, "fatal": 0, "pedestrian": 0, "bicycle": 0, "density": 1.0, "year_range": "unknown"}}, {"type": "Feature", "geometry": {"type": "Point", "coordinates": [-104.756757, 41.189189]}, "properties": {"crashes": 2, "injury": 0, "fatal": 0, "pedestrian": 0, "bicycle": 0, "density": 0.5, "year_range": "unknown"}}, {"type": "Feature", "geometry": {"type": "Point", "coordinates": [-104.796396, 41.127928]}, "properties": {"crashes": 5, "injury": 0, "fatal": 0, "pedestrian": 0, "bicycle": 0, "density": 1.2, "year_range": "unknown"}}, {"type": "Feature", "geometry": {"type": "Point", "coordinates": [-104.807207, 41.185586]}, "properties": {"crashes": 1, "injury": 0, "fatal": 0, "pedestrian": 0, "bicycle": 0, "density": 0.2, "year_range": "unknown"}}, {"type": "Feature", "geometry": {"type": "Point", "coordinates": [-104.713514, 41.189189]}, "properties": {"crashes": 1, "injury": 0, "fatal": 0, "pedestrian": 0, "bicycle": 0, "density": 0.2, "year_range": "unknown"}}, {"type": "Feature", "geometry": {"type": "Point", "coordinates": [-104.790991, 41.212613]}, "properties": {"crashes": 1, "injury": 0, "fatal": 0, "pedestrian": 0, "bicycle": 0, "density": 0.2, "year_range": "unknown"}}, {"type": "Feature", "geometry": {"type": "Point", "coordinates": [-104.812613, 41.120721]}, "properties": {"crashes": 5, "injury": 0, "fatal": 0, "pedestrian": 0, "bicycle": 0, "density": 1.2, "year_range": "unknown"}}, {"type": "Feature", "geometry": {"type": "Point", "coordinates": [-104.828829, 41.165766]}, "properties": {"crashes": 3, "injury": 0, "fatal": 0, "pedestrian": 0, "bicycle": 0, "density": 0.8, "year_range": "unknown"}}, {"type": "Feature", "geometry": {"type": "Point", "coordinates": [-104.726126, 41.162162]}, "properties": {"crashes": 1, "injury": 0, "fatal": 0, "pedestrian": 0, "bicycle": 0, "density": 0.2, "year_range": "unknown"}}, {"type": "Feature", "geometry": {"type": "Point", "coordinates": [-104.8, 41.127928]}, "properties": {"crashes": 3, "injury": 0, "fatal": 0, "pedestrian": 0, "bicycle": 0, "density": 0.8, "year_range": "unknown"}}, {"type": "Feature", "geometry": {"type": "Point", "coordinates": [-104.740541, 41.127928]}, "properties": {"crashes": 1, "injury": 0, "fatal": 0, "pedestrian": 0, "bicycle": 0, "density": 0.2, "year_range": "unknown"}}, {"type": "Feature", "geometry": {"type": "Point", "coordinates": [-104.76036, 41.14955]}, "properties": {"crashes": 5, "injury": 0, "fatal": 0, "pedestrian": 0, "bicycle": 0, "density": 1.2, "year_range": "unknown"}}, {"type": "Feature", "geometry": {"type": "Point", "coordinates": [-104.823423, 41.185586]}, "properties": {"crashes": 1, "injury": 0, "fatal": 0, "pedestrian": 0, "bicycle": 0, "density": 0.2, "year_range": "unknown"}}, {"type": "Feature", "geometry": {"type": "Point", "coordinates": [-104.763964, 41.144144]}, "properties": {"crashes": 1, "injury": 0, "fatal": 0, "pedestrian": 0, "bicycle": 0, "density": 0.2, "year_range": "unknown"}}, {"type": "Feature", "geometry": {"type": "Point", "coordinates": [-104.87027, 41.066667]}, "properties": {"crashes": 1, "injury": 0, "fatal": 0, "pedestrian": 0, "bicycle": 0, "density": 0.2, "year_range": "unknown"}}, {"type": "Feature", "geometry": {"type": "Point", "coordinates": [-104.828829, 41.127928]}, "properties": {"crashes": 1, "injury": 0, "fatal": 0, "pedestrian": 0, "bicycle": 0, "density": 0.2, "year_range": "unknown"}}, {"type": "Feature", "geometry": {"type": "Point", "coordinates": [-104.85045, 41.046847]}, "properties": {"crashes": 1, "injury": 0, "fatal": 0, "pedestrian": 0, "bicycle": 0, "density": 0.2, "year_range": "unknown"}}, {"type": "Feature", "geometry": {"type": "Point", "coordinates": [-104.807207, 41.081081]}, "properties": {"crashes": 4, "injury": 0, "fatal": 0, "pedestrian": 0, "bicycle": 0, "density": 1.0, "year_range": "unknown"}}, {"type": "Feature", "geometry": {"type": "Point", "coordinates": [-104.744144, 41.138739]}, "properties": {"crashes": 1, "injury": 0, "fatal": 0, "pedestrian": 0, "bicycle": 0, "density": 0.2, "year_range": "unknown"}}, {"type": "Feature", "geometry": {"type": "Point", "coordinates": [-104.754955, 41.131532]}, "properties": {"crashes": 1, "injury": 0, "fatal": 0, "pedestrian": 0, "bicycle": 0, "density": 0.2, "year_range": "unknown"}}, {"type": "Feature", "geometry": {"type": "Point", "coordinates": [-104.785586, 41.189189]}, "properties": {"crashes": 2, "injury": 0, "fatal": 0, "pedestrian": 0, "bicycle": 0, "density": 0.5, "year_range": "unknown"}}, {"type": "Feature", "geometry": {"type": "Point", "coordinates": [-104.825225, 41.140541]}, "properties": {"crashes": 2, "injury": 0, "fatal": 0, "pedestrian": 0, "bicycle": 0, "density": 0.5, "year_range": "unknown"}}, {"type": "Feature", "geometry": {"type": "Point", "coordinates": [-104.772973, 41.162162]}, "properties": {"crashes": 1, "injury": 0, "fatal": 0, "pedestrian": 0, "bicycle": 0, "density": 0.2, "year_range": "unknown"}}, {"type": "Feature", "geometry": {"type": "Point", "coordinates": [-104.807207, 41.100901]}, "properties": {"crashes": 2, "injury": 0, "fatal": 0, "pedestrian": 0, "bicycle": 0, "density": 0.5, "year_range": "unknown"}}, {"type": "Feature", "geometry": {"type": "Point", "coordinates": [-104.754955, 41.16036]}, "properties": {"crashes": 2, "injury": 0, "fatal": 0, "pedestrian": 0, "bicycle": 0, "density": 0.5, "year_range": "unknown"}}, {"type": "Feature", "geometry": {"type": "Point", "coordinates": [-104.675676, 41.171171]}, "properties": {"crashes": 1, "injury": 0, "fatal": 0, "pedestrian": 0, "bicycle": 0, "density": 0.2, "year_range": "unknown"}}, {"type": "Feature", "geometry": {"type": "Point", "coordinates": [-104.818018, 41.176577]}, "properties": {"crashes": 2, "injury": 0, "fatal": 0, "pedestrian": 0, "bicycle": 0, "density": 0.5, "year_range": "unknown"}}, {"type": "Feature", "geometry": {"type": "Point", "coordinates": [-104.763964, 41.147748]}, "properties": {"crashes": 1, "injury": 0, "fatal": 0, "pedestrian": 0, "bicycle": 0, "density": 0.2, "year_range": "unknown"}}, {"type": "Feature", "geometry": {"type": "Point", "coordinates": [-104.807207, 41.113514]}, "properties": {"crashes": 3, "injury": 0, "fatal": 0, "pedestrian": 0, "bicycle": 0, "density": 0.8, "year_range": "unknown"}}, {"type": "Feature", "geometry": {"type": "Point", "coordinates": [-104.805405, 41.151351]}, "properties": {"crashes": 1, "injury": 0, "fatal": 0, "pedestrian": 0, "bicycle": 0, "density": 0.2, "year_range": "unknown"}}, {"type": "Feature", "geometry": {"type": "Point", "coordinates": [-104.787387, 41.145946]}, "properties": {"crashes": 2, "injury": 0, "fatal": 0, "pedestrian": 0, "bicycle": 0, "density": 0.5, "year_range": "unknown"}}, {"type": "Feature", "geometry": {"type": "Point", "coordinates": [-104.789189, 41.151351]}, "properties": {"crashes": 1, "injury": 0, "fatal": 0, "pedestrian": 0, "bicycle": 0, "density": 0.2, "year_range": "unknown"}}, {"type": "Feature", "geometry": {"type": "Point", "coordinates": [-104.756757, 41.151351]}, "properties": {"crashes": 2, "injury": 0, "fatal": 0, "pedestrian": 0, "bicycle": 0, "density": 0.5, "year_range": "unknown"}}, {"type": "Feature", "geometry": {"type": "Point", "coordinates": [-104.821622, 41.113514]}, "properties": {"crashes": 2, "injury": 0, "fatal": 0, "pedestrian": 0, "bicycle": 0, "density": 0.5, "year_range": "unknown"}}, {"type": "Feature", "geometry": {"type": "Point", "coordinates": [-104.886486, 41.117117]}, "properties": {"crashes": 5, "injury": 0, "fatal": 0, "pedestrian": 0, "bicycle": 0, "density": 1.2, "year_range": "unknown"}}, {"type": "Feature", "geometry": {"type": "Point", "coordinates": [-104.852252, 41.111712]}, "properties": {"crashes": 1, "injury": 0, "fatal": 0, "pedestrian": 0, "bicycle": 0, "density": 0.2, "year_range": "unknown"}}, {"type": "Feature", "geometry": {"type": "Point", "coordinates": [-104.846847, 41.120721]}, "properties": {"crashes": 3, "injury": 0, "fatal": 0, "pedestrian": 0, "bicycle": 0, "density": 0.8, "year_range": "unknown"}}, {"type": "Feature", "geometry": {"type": "Point", "coordinates": [-104.809009, 41.14955]}, "properties": {"crashes": 1, "injury": 0, "fatal": 0, "pedestrian": 0, "bicycle": 0, "density": 0.2, "year_range": "unknown"}}, {"type": "Feature", "geometry": {"type": "Point", "coordinates": [-104.794595, 41.131532]}, "properties": {"crashes": 4, "injury": 0, "fatal": 0, "pedestrian": 0, "bicycle": 0, "density": 1.0, "year_range": "unknown"}}, {"type": "Feature", "geometry": {"type": "Point", "coordinates": [-104.778378, 41.131532]}, "properties": {"crashes": 1, "injury": 0, "fatal": 0, "pedestrian": 0, "bicycle": 0, "density": 0.2, "year_range": "unknown"}}, {"type": "Feature", "geometry": {"type": "Point", "coordinates": [-104.794595, 41.185586]}, "properties": {"crashes": 1, "injury": 0, "fatal": 0, "pedestrian": 0, "bicycle": 0, "density": 0.2, "year_range": "unknown"}}, {"type": "Feature", "geometry": {"type": "Point", "coordinates": [-104.765766, 41.133333]}, "properties": {"crashes": 1, "injury": 0, "fatal": 0, "pedestrian": 0, "bicycle": 0, "density": 0.2, "year_range": "unknown"}}, {"type": "Feature", "geometry": {"type": "Point", "coordinates": [-104.825225, 41.14955]}, "properties": {"crashes": 1, "injury": 0, "fatal": 0, "pedestrian": 0, "bicycle": 0, "density": 0.2, "year_range": "unknown"}}, {"type": "Feature", "geometry": {"type": "Point", "coordinates": [-104.836036, 41.167568]}, "properties": {"crashes": 4, "injury": 0, "fatal": 0, "pedestrian": 0, "bicycle": 0, "density": 1.0, "year_range": "unknown"}}, {"type": "Feature", "geometry": {"type": "Point", "coordinates": [-104.879279, 41.064865]}, "properties": {"crashes": 3, "injury": 0, "fatal": 0, "pedestrian": 0, "bicycle": 0, "density": 0.8, "year_range": "unknown"}}, {"type": "Feature", "geometry": {"type": "Point", "coordinates": [-104.772973, 41.124324]}, "properties": {"crashes": 2, "injury": 0, "fatal": 0, "pedestrian": 0, "bicycle": 0, "density": 0.5, "year_range": "unknown"}}, {"type": "Feature", "geometry": {"type": "Point", "coordinates": [-104.830631, 41.052252]}, "properties": {"crashes": 1, "injury": 0, "fatal": 0, "pedestrian": 0, "bicycle": 0, "density": 0.2, "year_range": "unknown"}}, {"type": "Feature", "geometry": {"type": "Point", "coordinates": [-104.740541, 41.135135]}, "properties": {"crashes": 1, "injury": 0, "fatal": 0, "pedestrian": 0, "bicycle": 0, "density": 0.2, "year_range": "unknown"}}, {"type": "Feature", "geometry": {"type": "Point", "coordinates": [-104.731532, 41.171171]}, "properties": {"crashes": 1, "injury": 0, "fatal": 0, "pedestrian": 0, "bicycle": 0, "density": 0.2, "year_range": "unknown"}}, {"type": "Feature", "geometry": {"type": "Point", "coordinates": [-104.736937, 41.124324]}, "properties": {"crashes": 2, "injury": 0, "fatal": 0, "pedestrian": 0, "bicycle": 0, "density": 0.5, "year_range": "unknown"}}, {"type": "Feature", "geometry": {"type": "Point", "coordinates": [-104.812613, 41.118919]}, "properties": {"crashes": 1, "injury": 0, "fatal": 0, "pedestrian": 0, "bicycle": 0, "density": 0.2, "year_range": "unknown"}}, {"type": "Feature", "geometry": {"type": "Point", "coordinates": [-104.792793, 41.106306]}, "properties": {"crashes": 2, "injury": 0, "fatal": 0, "pedestrian": 0, "bicycle": 0, "density": 0.5, "year_range": "unknown"}}, {"type": "Feature", "geometry": {"type": "Point", "coordinates": [-104.843243, 41.2]}, "properties": {"crashes": 1, "injury": 0, "fatal": 0, "pedestrian": 0, "bicycle": 0, "density": 0.2, "year_range": "unknown"}}, {"type": "Feature", "geometry": {"type": "Point", "coordinates": [-104.781982, 41.118919]}, "properties": {"crashes": 1, "injury": 0, "fatal": 0, "pedestrian": 0, "bicycle": 0, "density": 0.2, "year_range": "unknown"}}, {"type": "Feature", "geometry": {"type": "Point", "coordinates": [-104.827027, 41.131532]}, "properties": {"crashes": 2, "injury": 0, "fatal": 0, "pedestrian": 0, "bicycle": 0, "density": 0.5, "year_range": "unknown"}}, {"type": "Feature", "geometry": {"type": "Point", "coordinates": [-104.805405, 41.106306]}, "properties": {"crashes": 2, "injury": 0, "fatal": 0, "pedestrian": 0, "bicycle": 0, "density": 0.5, "year_range": "unknown"}}, {"type": "Feature", "geometry": {"type": "Point", "coordinates": [-104.803604, 41.126126]}, "properties": {"crashes": 3, "injury": 0, "fatal": 0, "pedestrian": 0, "bicycle": 0, "density": 0.8, "year_range": "unknown"}}, {"type": "Feature", "geometry": {"type": "Point", "coordinates": [-104.895495, 41.03964]}, "properties": {"crashes": 4, "injury": 0, "fatal": 0, "pedestrian": 0, "bicycle": 0, "density": 1.0, "year_range": "unknown"}}, {"type": "Feature", "geometry": {"type": "Point", "coordinates": [-104.720721, 41.16036]}, "properties": {"crashes": 1, "injury": 0, "fatal": 0, "pedestrian": 0, "bicycle": 0, "density": 0.2, "year_range": "unknown"}}, {"type": "Feature", "geometry": {"type": "Point", "coordinates": [-104.825225, 41.117117]}, "properties": {"crashes": 1, "injury": 0, "fatal": 0, "pedestrian": 0, "bicycle": 0, "density": 0.2, "year_range": "unknown"}}, {"type": "Feature", "geometry": {"type": "Point", "coordinates": [-105.095495, 41.099099]}, "properties": {"crashes": 1, "injury": 0, "fatal": 0, "pedestrian": 0, "bicycle": 0, "density": 0.2, "year_range": "unknown"}}, {"type": "Feature", "geometry": {"type": "Point", "coordinates": [-104.794595, 41.118919]}, "properties": {"crashes": 1, "injury": 0, "fatal": 0, "pedestrian": 0, "bicycle": 0, "density": 0.2, "year_range": "unknown"}}, {"type": "Feature", "geometry": {"type": "Point", "coordinates": [-104.753153, 41.127928]}, "properties": {"crashes": 2, "injury": 0, "fatal": 0, "pedestrian": 0, "bicycle": 0, "density": 0.5, "year_range": "unknown"}}, {"type": "Feature", "geometry": {"type": "Point", "coordinates": [-104.837838, 41.210811]}, "properties": {"crashes": 2, "injury": 0, "fatal": 0, "pedestrian": 0, "bicycle": 0, "density": 0.5, "year_range": "unknown"}}, {"type": "Feature", "geometry": {"type": "Point", "coordinates": [-104.765766, 41.144144]}, "properties": {"crashes": 2, "injury": 0, "fatal": 0, "pedestrian": 0, "bicycle": 0, "density": 0.5, "year_range": "unknown"}}, {"type": "Feature", "geometry": {"type": "Point", "coordinates": [-104.801802, 41.151351]}, "properties": {"crashes": 1, "injury": 0, "fatal": 0, "pedestrian": 0, "bicycle": 0, "density": 0.2, "year_range": "unknown"}}, {"type": "Feature", "geometry": {"type": "Point", "coordinates": [-104.807207, 41.147748]}, "properties": {"crashes": 2, "injury": 0, "fatal": 0, "pedestrian": 0, "bicycle": 0, "density": 0.5, "year_range": "unknown"}}, {"type": "Feature", "geometry": {"type": "Point", "coordinates": [-104.98018, 41.09009]}, "properties": {"crashes": 1, "injury": 0, "fatal": 0, "pedestrian": 0, "bicycle": 0, "density": 0.2, "year_range": "unknown"}}, {"type": "Feature", "geometry": {"type": "Point", "coordinates": [-104.758559, 41.124324]}, "properties": {"crashes": 3, "injury": 0, "fatal": 0, "pedestrian": 0, "bicycle": 0, "density": 0.8, "year_range": "unknown"}}, {"type": "Feature", "geometry": {"type": "Point", "coordinates": [-104.8, 41.12973]}, "properties": {"crashes": 2, "injury": 0, "fatal": 0, "pedestrian": 0, "bicycle": 0, "density": 0.5, "year_range": "unknown"}}, {"type": "Feature", "geometry": {"type": "Point", "coordinates": [-104.812613, 41.18018]}, "properties": {"crashes": 1, "injury": 0, "fatal": 0, "pedestrian": 0, "bicycle": 0, "density": 0.2, "year_range": "unknown"}}, {"type": "Feature", "geometry": {"type": "Point", "coordinates": [-104.634234, 41.185586]}, "properties": {"crashes": 1, "injury": 0, "fatal": 0, "pedestrian": 0, "bicycle": 0, "density": 0.2, "year_range": "unknown"}}, {"type": "Feature", "geometry": {"type": "Point", "coordinates": [-104.803604, 41.115315]}, "properties": {"crashes": 2, "injury": 0, "fatal": 0, "pedestrian": 0, "bicycle": 0, "density": 0.5, "year_range": "unknown"}}, {"type": "Feature", "geometry": {"type": "Point", "coordinates": [-104.794595, 41.106306]}, "properties": {"crashes": 1, "injury": 0, "fatal": 0, "pedestrian": 0, "bicycle": 0, "density": 0.2, "year_range": "unknown"}}, {"type": "Feature", "geometry": {"type": "Point", "coordinates": [-104.814414, 41.111712]}, "properties": {"crashes": 1, "injury": 0, "fatal": 0, "pedestrian": 0, "bicycle": 0, "density": 0.2, "year_range": "unknown"}}, {"type": "Feature", "geometry": {"type": "Point", "coordinates": [-104.754955, 41.124324]}, "properties": {"crashes": 1, "injury": 0, "fatal": 0, "pedestrian": 0, "bicycle": 0, "density": 0.2, "year_range": "unknown"}}, {"type": "Feature", "geometry": {"type": "Point", "coordinates": [-105.043243, 41.102703]}, "properties": {"crashes": 1, "injury": 0, "fatal": 0, "pedestrian": 0, "bicycle": 0, "density": 0.2, "year_range": "unknown"}}, {"type": "Feature", "geometry": {"type": "Point", "coordinates": [-104.727928, 41.126126]}, "properties": {"crashes": 2, "injury": 0, "fatal": 0, "pedestrian": 0, "bicycle": 0, "density": 0.5, "year_range": "unknown"}}, {"type": "Feature", "geometry": {"type": "Point", "coordinates": [-104.848649, 41.135135]}, "properties": {"crashes": 1, "injury": 0, "fatal": 0, "pedestrian": 0, "bicycle": 0, "density": 0.2, "year_range": "unknown"}}, {"type": "Feature", "geometry": {"type": "Point", "coordinates": [-104.818018, 41.057658]}, "properties": {"crashes": 1, "injury": 0, "fatal": 0, "pedestrian": 0, "bicycle": 0, "density": 0.2, "year_range": "unknown"}}, {"type": "Feature", "geometry": {"type": "Point", "coordinates": [-104.816216, 41.097297]}, "properties": {"crashes": 1, "injury": 0, "fatal": 0, "pedestrian": 0, "bicycle": 0, "density": 0.2, "year_range": "unknown"}}, {"type": "Feature", "geometry": {"type": "Point", "coordinates": [-104.733333, 41.126126]}, "properties": {"crashes": 3, "injury": 0, "fatal": 0, "pedestrian": 0, "bicycle": 0, "density": 0.8, "year_range": "unknown"}}, {"type": "Feature", "geometry": {"type": "Point", "coordinates": [-104.668468, 41.153153]}, "properties": {"crashes": 1, "injury": 0, "fatal": 0, "pedestrian": 0, "bicycle": 0, "density": 0.2, "year_range": "unknown"}}, {"type": "Feature", "geometry": {"type": "Point", "coordinates": [-104.774775, 41.102703]}, "properties": {"crashes": 1, "injury": 0, "fatal": 0, "pedestrian": 0, "bicycle": 0, "density": 0.2, "year_range": "unknown"}}, {"type": "Feature", "geometry": {"type": "Point", "coordinates": [-104.801802, 41.097297]}, "properties": {"crashes": 1, "injury": 0, "fatal": 0, "pedestrian": 0, "bicycle": 0, "density": 0.2, "year_range": "unknown"}}, {"type": "Feature", "geometry": {"type": "Point", "coordinates": [-104.809009, 41.093694]}, "properties": {"crashes": 2, "injury": 0, "fatal": 0, "pedestrian": 0, "bicycle": 0, "density": 0.5, "year_range": "unknown"}}, {"type": "Feature", "geometry": {"type": "Point", "coordinates": [-104.78018, 41.122523]}, "properties": {"crashes": 1, "injury": 0, "fatal": 0, "pedestrian": 0, "bicycle": 0, "density": 0.2, "year_range": "unknown"}}, {"type": "Feature", "geometry": {"type": "Point", "coordinates": [-104.805405, 41.158559]}, "properties": {"crashes": 1, "injury": 0, "fatal": 0, "pedestrian": 0, "bicycle": 0, "density": 0.2, "year_range": "unknown"}}, {"type": "Feature", "geometry": {"type": "Point", "coordinates": [-104.722523, 41.156757]}, "properties": {"crashes": 2, "injury": 0, "fatal": 0, "pedestrian": 0, "bicycle": 0, "density": 0.5, "year_range": "unknown"}}, {"type": "Feature", "geometry": {"type": "Point", "coordinates": [-104.8, 41.138739]}, "properties": {"crashes": 1, "injury": 0, "fatal": 0, "pedestrian": 0, "bicycle": 0, "density": 0.2, "year_range": "unknown"}}, {"type": "Feature", "geometry": {"type": "Point", "coordinates": [-104.774775, 41.165766]}, "properties": {"crashes": 2, "injury": 0, "fatal": 0, "pedestrian": 0, "bicycle": 0, "density": 0.5, "year_range": "unknown"}}, {"type": "Feature", "geometry": {"type": "Point", "coordinates": [-105.106306, 41.097297]}, "properties": {"crashes": 2, "injury": 0, "fatal": 0, "pedestrian": 0, "bicycle": 0, "density": 0.5, "year_range": "unknown"}}, {"type": "Feature", "geometry": {"type": "Point", "coordinates": [-104.823423, 41.120721]}, "properties": {"crashes": 2, "injury": 0, "fatal": 0, "pedestrian": 0, "bicycle": 0, "density": 0.5, "year_range": "unknown"}}, {"type": "Feature", "geometry": {"type": "Point", "coordinates": [-104.762162, 41.156757]}, "properties": {"crashes": 1, "injury": 0, "fatal": 0, "pedestrian": 0, "bicycle": 0, "density": 0.2, "year_range": "unknown"}}, {"type": "Feature", "geometry": {"type": "Point", "coordinates": [-104.87027, 41.09009]}, "properties": {"crashes": 1, "injury": 0, "fatal": 0, "pedestrian": 0, "bicycle": 0, "density": 0.2, "year_range": "unknown"}}, {"type": "Feature", "geometry": {"type": "Point", "coordinates": [-104.747748, 41.135135]}, "properties": {"crashes": 2, "injury": 0, "fatal": 0, "pedestrian": 0, "bicycle": 0, "density": 0.5, "year_range": "unknown"}}, {"type": "Feature", "geometry": {"type": "Point", "coordinates": [-104.830631, 41.174775]}, "properties": {"crashes": 3, "injury": 0, "fatal": 0, "pedestrian": 0, "bicycle": 0, "density": 0.8, "year_range": "unknown"}}, {"type": "Feature", "geometry": {"type": "Point", "coordinates": [-104.781982, 41.165766]}, "properties": {"crashes": 1, "injury": 0, "fatal": 0, "pedestrian": 0, "bicycle": 0, "density": 0.2, "year_range": "unknown"}}, {"type": "Feature", "geometry": {"type": "Point", "coordinates": [-104.675676, 41.162162]}, "properties": {"crashes": 1, "injury": 0, "fatal": 0, "pedestrian": 0, "bicycle": 0, "density": 0.2, "year_range": "unknown"}}, {"type": "Feature", "geometry": {"type": "Point", "coordinates": [-105.009009, 41.102703]}, "properties": {"crashes": 2, "injury": 0, "fatal": 0, "pedestrian": 0, "bicycle": 0, "density": 0.5, "year_range": "unknown"}}, {"type": "Feature", "geometry": {"type": "Point", "coordinates": [-104.673874, 41.183784]}, "properties": {"crashes": 1, "injury": 0, "fatal": 0, "pedestrian": 0, "bicycle": 0, "density": 0.2, "year_range": "unknown"}}, {"type": "Feature", "geometry": {"type": "Point", "coordinates": [-104.859459, 41.077477]}, "properties": {"crashes": 1, "injury": 0, "fatal": 0, "pedestrian": 0, "bicycle": 0, "density": 0.2, "year_range": "unknown"}}, {"type": "Feature", "geometry": {"type": "Point", "coordinates": [-104.733333, 41.156757]}, "properties": {"crashes": 1, "injury": 0, "fatal": 0, "pedestrian": 0, "bicycle": 0, "density": 0.2, "year_range": "unknown"}}, {"type": "Feature", "geometry": {"type": "Point", "coordinates": [-104.85045, 41.093694]}, "properties": {"crashes": 2, "injury": 0, "fatal": 0, "pedestrian": 0, "bicycle": 0, "density": 0.5, "year_range": "unknown"}}, {"type": "Feature", "geometry": {"type": "Point", "coordinates": [-104.812613, 41.108108]}, "properties": {"crashes": 1, "injury": 0, "fatal": 0, "pedestrian": 0, "bicycle": 0, "density": 0.2, "year_range": "unknown"}}, {"type": "Feature", "geometry": {"type": "Point", "coordinates": [-104.827027, 41.174775]}, "properties": {"crashes": 1, "injury": 0, "fatal": 0, "pedestrian": 0, "bicycle": 0, "density": 0.2, "year_range": "unknown"}}, {"type": "Feature", "geometry": {"type": "Point", "coordinates": [-104.837838, 41.16036]}, "properties": {"crashes": 1, "injury": 0, "fatal": 0, "pedestrian": 0, "bicycle": 0, "density": 0.2, "year_range": "unknown"}}, {"type": "Feature", "geometry": {"type": "Point", "coordinates": [-104.747748, 41.142342]}, "properties": {"crashes": 2, "injury": 0, "fatal": 0, "pedestrian": 0, "bicycle": 0, "density": 0.5, "year_range": "unknown"}}, {"type": "Feature", "geometry": {"type": "Point", "coordinates": [-104.736937, 41.145946]}, "properties": {"crashes": 2, "injury": 0, "fatal": 0, "pedestrian": 0, "bicycle": 0, "density": 0.5, "year_range": "unknown"}}, {"type": "Feature", "geometry": {"type": "Point", "coordinates": [-104.821622, 41.176577]}, "properties": {"crashes": 1, "injury": 0, "fatal": 0, "pedestrian": 0, "bicycle": 0, "density": 0.2, "year_range": "unknown"}}, {"type": "Feature", "geometry": {"type": "Point", "coordinates": [-104.621622, 41.158559]}, "properties": {"crashes": 2, "injury": 0, "fatal": 0, "pedestrian": 0, "bicycle": 0, "density": 0.5, "year_range": "unknown"}}, {"type": "Feature", "geometry": {"type": "Point", "coordinates": [-104.868468, 41.131532]}, "properties": {"crashes": 1, "injury": 0, "fatal": 0, "pedestrian": 0, "bicycle": 0, "density": 0.2, "year_range": "unknown"}}, {"type": "Feature", "geometry": {"type": "Point", "coordinates": [-104.798198, 41.059459]}, "properties": {"crashes": 1, "injury": 0, "fatal": 0, "pedestrian": 0, "bicycle": 0, "density": 0.2, "year_range": "unknown"}}, {"type": "Feature", "geometry": {"type": "Point", "coordinates": [-104.861261, 41.084685]}, "properties": {"crashes": 1, "injury": 0, "fatal": 0, "pedestrian": 0, "bicycle": 0, "density": 0.2, "year_range": "unknown"}}, {"type": "Feature", "geometry": {"type": "Point", "coordinates": [-104.837838, 41.196396]}, "properties": {"crashes": 1, "injury": 0, "fatal": 0, "pedestrian": 0, "bicycle": 0, "density": 0.2, "year_range": "unknown"}}, {"type": "Feature", "geometry": {"type": "Point", "coordinates": [-104.83964, 41.16036]}, "properties": {"crashes": 2, "injury": 0, "fatal": 0, "pedestrian": 0, "bicycle": 0, "density": 0.5, "year_range": "unknown"}}, {"type": "Feature", "geometry": {"type": "Point", "coordinates": [-104.841441, 41.131532]}, "properties": {"crashes": 1, "injury": 0, "fatal": 0, "pedestrian": 0, "bicycle": 0, "density": 0.2, "year_range": "unknown"}}, {"type": "Feature", "geometry": {"type": "Point", "coordinates": [-104.828829, 41.212613]}, "properties": {"crashes": 4, "injury": 0, "fatal": 0, "pedestrian": 0, "bicycle": 0, "density": 1.0, "year_range": "unknown"}}, {"type": "Feature", "geometry": {"type": "Point", "coordinates": [-104.868468, 41.066667]}, "properties": {"crashes": 2, "injury": 0, "fatal": 0, "pedestrian": 0, "bicycle": 0, "density": 0.5, "year_range": "unknown"}}, {"type": "Feature", "geometry": {"type": "Point", "coordinates": [-104.774775, 41.140541]}, "properties": {"crashes": 1, "injury": 0, "fatal": 0, "pedestrian": 0, "bicycle": 0, "density": 0.2, "year_range": "unknown"}}, {"type": "Feature", "geometry": {"type": "Point", "coordinates": [-104.762162, 41.14955]}, "properties": {"crashes": 2, "injury": 0, "fatal": 0, "pedestrian": 0, "bicycle": 0, "density": 0.5, "year_range": "unknown"}}, {"type": "Feature", "geometry": {"type": "Point", "coordinates": [-104.767568, 41.142342]}, "properties": {"crashes": 1, "injury": 0, "fatal": 0, "pedestrian": 0, "bicycle": 0, "density": 0.2, "year_range": "unknown"}}, {"type": "Feature", "geometry": {"type": "Point", "coordinates": [-104.974775, 41.10991]}, "properties": {"crashes": 2, "injury": 0, "fatal": 0, "pedestrian": 0, "bicycle": 0, "density": 0.5, "year_range": "unknown"}}, {"type": "Feature", "geometry": {"type": "Point", "coordinates": [-104.762162, 41.131532]}, "properties": {"crashes": 1, "injury": 0, "fatal": 0, "pedestrian": 0, "bicycle": 0, "density": 0.2, "year_range": "unknown"}}, {"type": "Feature", "geometry": {"type": "Point", "coordinates": [-104.76036, 41.178378]}, "properties": {"crashes": 5, "injury": 0, "fatal": 0, "pedestrian": 0, "bicycle": 0, "density": 1.2, "year_range": "unknown"}}, {"type": "Feature", "geometry": {"type": "Point", "coordinates": [-104.726126, 41.14955]}, "properties": {"crashes": 1, "injury": 0, "fatal": 0, "pedestrian": 0, "bicycle": 0, "density": 0.2, "year_range": "unknown"}}, {"type": "Feature", "geometry": {"type": "Point", "coordinates": [-104.785586, 41.117117]}, "properties": {"crashes": 1, "injury": 0, "fatal": 0, "pedestrian": 0, "bicycle": 0, "density": 0.2, "year_range": "unknown"}}, {"type": "Feature", "geometry": {"type": "Point", "coordinates": [-104.825225, 41.120721]}, "properties": {"crashes": 1, "injury": 0, "fatal": 0, "pedestrian": 0, "bicycle": 0, "density": 0.2, "year_range": "unknown"}}, {"type": "Feature", "geometry": {"type": "Point", "coordinates": [-104.803604, 41.097297]}, "properties": {"crashes": 2, "injury": 0, "fatal": 0, "pedestrian": 0, "bicycle": 0, "density": 0.5, "year_range": "unknown"}}, {"type": "Feature", "geometry": {"type": "Point", "coordinates": [-104.675676, 41.151351]}, "properties": {"crashes": 2, "injury": 0, "fatal": 0, "pedestrian": 0, "bicycle": 0, "density": 0.5, "year_range": "unknown"}}, {"type": "Feature", "geometry": {"type": "Point", "coordinates": [-104.731532, 41.181982]}, "properties": {"crashes": 2, "injury": 0, "fatal": 0, "pedestrian": 0, "bicycle": 0, "density": 0.5, "year_range": "unknown"}}, {"type": "Feature", "geometry": {"type": "Point", "coordinates": [-104.787387, 41.117117]}, "properties": {"crashes": 1, "injury": 0, "fatal": 0, "pedestrian": 0, "bicycle": 0, "density": 0.2, "year_range": "unknown"}}, {"type": "Feature", "geometry": {"type": "Point", "coordinates": [-104.846847, 41.100901]}, "properties": {"crashes": 1, "injury": 0, "fatal": 0, "pedestrian": 0, "bicycle": 0, "density": 0.2, "year_range": "unknown"}}, {"type": "Feature", "geometry": {"type": "Point", "coordinates": [-104.803604, 41.135135]}, "properties": {"crashes": 1, "injury": 0, "fatal": 0, "pedestrian": 0, "bicycle": 0, "density": 0.2, "year_range": "unknown"}}, {"type": "Feature", "geometry": {"type": "Point", "coordinates": [-104.825225, 41.18018]}, "properties": {"crashes": 1, "injury": 0, "fatal": 0, "pedestrian": 0, "bicycle": 0, "density": 0.2, "year_range": "unknown"}}, {"type": "Feature", "geometry": {"type": "Point", "coordinates": [-105.100901, 41.097297]}, "properties": {"crashes": 2, "injury": 0, "fatal": 0, "pedestrian": 0, "bicycle": 0, "density": 0.5, "year_range": "unknown"}}, {"type": "Feature", "geometry": {"type": "Point", "coordinates": [-104.803604, 41.12973]}, "properties": {"crashes": 1, "injury": 0, "fatal": 0, "pedestrian": 0, "bicycle": 0, "density": 0.2, "year_range": "unknown"}}, {"type": "Feature", "geometry": {"type": "Point", "coordinates": [-104.94955, 41.086486]}, "properties": {"crashes": 1, "injury": 0, "fatal": 0, "pedestrian": 0, "bicycle": 0, "density": 0.2, "year_range": "unknown"}}, {"type": "Feature", "geometry": {"type": "Point", "coordinates": [-105.178378, 41.09009]}, "properties": {"crashes": 1, "injury": 0, "fatal": 0, "pedestrian": 0, "bicycle": 0, "density": 0.2, "year_range": "unknown"}}, {"type": "Feature", "geometry": {"type": "Point", "coordinates": [-104.834234, 41.124324]}, "properties": {"crashes": 1, "injury": 0, "fatal": 0, "pedestrian": 0, "bicycle": 0, "density": 0.2, "year_range": "unknown"}}, {"type": "Feature", "geometry": {"type": "Point", "coordinates": [-104.884685, 41.144144]}, "properties": {"crashes": 1, "injury": 0, "fatal": 0, "pedestrian": 0, "bicycle": 0, "density": 0.2, "year_range": "unknown"}}, {"type": "Feature", "geometry": {"type": "Point", "coordinates": [-104.873874, 41.061261]}, "properties": {"crashes": 1, "injury": 0, "fatal": 0, "pedestrian": 0, "bicycle": 0, "density": 0.2, "year_range": "unknown"}}, {"type": "Feature", "geometry": {"type": "Point", "coordinates": [-104.763964, 41.165766]}, "properties": {"crashes": 1, "injury": 0, "fatal": 0, "pedestrian": 0, "bicycle": 0, "density": 0.2, "year_range": "unknown"}}, {"type": "Feature", "geometry": {"type": "Point", "coordinates": [-104.767568, 41.169369]}, "properties": {"crashes": 1, "injury": 0, "fatal": 0, "pedestrian": 0, "bicycle": 0, "density": 0.2, "year_range": "unknown"}}, {"type": "Feature", "geometry": {"type": "Point", "coordinates": [-104.767568, 41.163964]}, "properties": {"crashes": 1, "injury": 0, "fatal": 0, "pedestrian": 0, "bicycle": 0, "density": 0.2, "year_range": "unknown"}}, {"type": "Feature", "geometry": {"type": "Point", "coordinates": [-104.724324, 41.156757]}, "properties": {"crashes": 1, "injury": 0, "fatal": 0, "pedestrian": 0, "bicycle": 0, "density": 0.2, "year_range": "unknown"}}, {"type": "Feature", "geometry": {"type": "Point", "coordinates": [-104.832432, 41.144144]}, "properties": {"crashes": 4, "injury": 0, "fatal": 0, "pedestrian": 0, "bicycle": 0, "density": 1.0, "year_range": "unknown"}}, {"type": "Feature", "geometry": {"type": "Point", "coordinates": [-104.8, 41.111712]}, "properties": {"crashes": 1, "injury": 0, "fatal": 0, "pedestrian": 0, "bicycle": 0, "density": 0.2, "year_range": "unknown"}}, {"type": "Feature", "geometry": {"type": "Point", "coordinates": [-104.825225, 41.183784]}, "properties": {"crashes": 1, "injury": 0, "fatal": 0, "pedestrian": 0, "bicycle": 0, "density": 0.2, "year_range": "unknown"}}, {"type": "Feature", "geometry": {"type": "Point", "coordinates": [-104.816216, 41.120721]}, "properties": {"crashes": 2, "injury": 0, "fatal": 0, "pedestrian": 0, "bicycle": 0, "density": 0.5, "year_range": "unknown"}}, {"type": "Feature", "geometry": {"type": "Point", "coordinates": [-104.776577, 41.014414]}, "properties": {"crashes": 1, "injury": 0, "fatal": 0, "pedestrian": 0, "bicycle": 0, "density": 0.2, "year_range": "unknown"}}, {"type": "Feature", "geometry": {"type": "Point", "coordinates": [-104.801802, 41.122523]}, "properties": {"crashes": 2, "injury": 0, "fatal": 0, "pedestrian": 0, "bicycle": 0, "density": 0.5, "year_range": "unknown"}}, {"type": "Feature", "geometry": {"type": "Point", "coordinates": [-104.810811, 41.174775]}, "properties": {"crashes": 3, "injury": 0, "fatal": 0, "pedestrian": 0, "bicycle": 0, "density": 0.8, "year_range": "unknown"}}, {"type": "Feature", "geometry": {"type": "Point", "coordinates": [-104.787387, 41.163964]}, "properties": {"crashes": 1, "injury": 0, "fatal": 0, "pedestrian": 0, "bicycle": 0, "density": 0.2, "year_range": "unknown"}}, {"type": "Feature", "geometry": {"type": "Point", "coordinates": [-104.769369, 41.153153]}, "properties": {"crashes": 2, "injury": 0, "fatal": 0, "pedestrian": 0, "bicycle": 0, "density": 0.5, "year_range": "unknown"}}, {"type": "Feature", "geometry": {"type": "Point", "coordinates": [-104.772973, 41.118919]}, "properties": {"crashes": 2, "injury": 0, "fatal": 0, "pedestrian": 0, "bicycle": 0, "density": 0.5, "year_range": "unknown"}}, {"type": "Feature", "geometry": {"type": "Point", "coordinates": [-104.754955, 41.156757]}, "properties": {"crashes": 2, "injury": 0, "fatal": 0, "pedestrian": 0, "bicycle": 0, "density": 0.5, "year_range": "unknown"}}, {"type": "Feature", "geometry": {"type": "Point", "coordinates": [-104.789189, 41.144144]}, "properties": {"crashes": 7, "injury": 0, "fatal": 0, "pedestrian": 0, "bicycle": 0, "density": 1.8, "year_range": "unknown"}}, {"type": "Feature", "geometry": {"type": "Point", "coordinates": [-104.758559, 41.138739]}, "properties": {"crashes": 2, "injury": 0, "fatal": 0, "pedestrian": 0, "bicycle": 0, "density": 0.5, "year_range": "unknown"}}, {"type": "Feature", "geometry": {"type": "Point", "coordinates": [-104.837838, 41.144144]}, "properties": {"crashes": 2, "injury": 0, "fatal": 0, "pedestrian": 0, "bicycle": 0, "density": 0.5, "year_range": "unknown"}}, {"type": "Feature", "geometry": {"type": "Point", "coordinates": [-105.072072, 41.100901]}, "properties": {"crashes": 1, "injury": 0, "fatal": 0, "pedestrian": 0, "bicycle": 0, "density": 0.2, "year_range": "unknown"}}, {"type": "Feature", "geometry": {"type": "Point", "coordinates": [-104.774775, 41.163964]}, "properties": {"crashes": 1, "injury": 0, "fatal": 0, "pedestrian": 0, "bicycle": 0, "density": 0.2, "year_range": "unknown"}}, {"type": "Feature", "geometry": {"type": "Point", "coordinates": [-104.706306, 41.136937]}, "properties": {"crashes": 3, "injury": 0, "fatal": 0, "pedestrian": 0, "bicycle": 0, "density": 0.8, "year_range": "unknown"}}, {"type": "Feature", "geometry": {"type": "Point", "coordinates": [-104.828829, 41.147748]}, "properties": {"crashes": 2, "injury": 0, "fatal": 0, "pedestrian": 0, "bicycle": 0, "density": 0.5, "year_range": "unknown"}}, {"type": "Feature", "geometry": {"type": "Point", "coordinates": [-104.781982, 41.027027]}, "properties": {"crashes": 2, "injury": 0, "fatal": 0, "pedestrian": 0, "bicycle": 0, "density": 0.5, "year_range": "unknown"}}, {"type": "Feature", "geometry": {"type": "Point", "coordinates": [-104.837838, 41.18018]}, "properties": {"crashes": 4, "injury": 0, "fatal": 0, "pedestrian": 0, "bicycle": 0, "density": 1.0, "year_range": "unknown"}}, {"type": "Feature", "geometry": {"type": "Point", "coordinates": [-104.852252, 41.086486]}, "properties": {"crashes": 3, "injury": 0, "fatal": 0, "pedestrian": 0, "bicycle": 0, "density": 0.8, "year_range": "unknown"}}, {"type": "Feature", "geometry": {"type": "Point", "coordinates": [-104.825225, 41.172973]}, "properties": {"crashes": 1, "injury": 0, "fatal": 0, "pedestrian": 0, "bicycle": 0, "density": 0.2, "year_range": "unknown"}}, {"type": "Feature", "geometry": {"type": "Point", "coordinates": [-104.778378, 41.154955]}, "properties": {"crashes": 1, "injury": 0, "fatal": 0, "pedestrian": 0, "bicycle": 0, "density": 0.2, "year_range": "unknown"}}, {"type": "Feature", "geometry": {"type": "Point", "coordinates": [-104.837838, 41.189189]}, "properties": {"crashes": 1, "injury": 0, "fatal": 0, "pedestrian": 0, "bicycle": 0, "density": 0.2, "year_range": "unknown"}}, {"type": "Feature", "geometry": {"type": "Point", "coordinates": [-104.837838, 41.167568]}, "properties": {"crashes": 1, "injury": 0, "fatal": 0, "pedestrian": 0, "bicycle": 0, "density": 0.2, "year_range": "unknown"}}, {"type": "Feature", "geometry": {"type": "Point", "coordinates": [-104.830631, 41.176577]}, "properties": {"crashes": 1, "injury": 0, "fatal": 0, "pedestrian": 0, "bicycle": 0, "density": 0.2, "year_range": "unknown"}}, {"type": "Feature", "geometry": {"type": "Point", "coordinates": [-104.758559, 41.16036]}, "properties": {"crashes": 1, "injury": 0, "fatal": 0, "pedestrian": 0, "bicycle": 0, "density": 0.2, "year_range": "unknown"}}, {"type": "Feature", "geometry": {"type": "Point", "coordinates": [-105.115315, 41.097297]}, "properties": {"crashes": 1, "injury": 0, "fatal": 0, "pedestrian": 0, "bicycle": 0, "density": 0.2, "year_range": "unknown"}}, {"type": "Feature", "geometry": {"type": "Point", "coordinates": [-104.837838, 41.232432]}, "properties": {"crashes": 2, "injury": 0, "fatal": 0, "pedestrian": 0, "bicycle": 0, "density": 0.5, "year_range": "unknown"}}, {"type": "Feature", "geometry": {"type": "Point", "coordinates": [-104.61982, 41.158559]}, "properties": {"crashes": 1, "injury": 0, "fatal": 0, "pedestrian": 0, "bicycle": 0, "density": 0.2, "year_range": "unknown"}}, {"type": "Feature", "geometry": {"type": "Point", "coordinates": [-104.940541, 41.111712]}, "properties": {"crashes": 1, "injury": 0, "fatal": 0, "pedestrian": 0, "bicycle": 0, "density": 0.2, "year_range": "unknown"}}, {"type": "Feature", "geometry": {"type": "Point", "coordinates": [-104.967568, 41.10991]}, "properties": {"crashes": 1, "injury": 0, "fatal": 0, "pedestrian": 0, "bicycle": 0, "density": 0.2, "year_range": "unknown"}}, {"type": "Feature", "geometry": {"type": "Point", "coordinates": [-104.834234, 41.147748]}, "properties": {"crashes": 3, "injury": 0, "fatal": 0, "pedestrian": 0, "bicycle": 0, "density": 0.8, "year_range": "unknown"}}, {"type": "Feature", "geometry": {"type": "Point", "coordinates": [-104.810811, 41.181982]}, "properties": {"crashes": 1, "injury": 0, "fatal": 0, "pedestrian": 0, "bicycle": 0, "density": 0.2, "year_range": "unknown"}}, {"type": "Feature", "geometry": {"type": "Point", "coordinates": [-104.659459, 41.154955]}, "properties": {"crashes": 2, "injury": 0, "fatal": 0, "pedestrian": 0, "bicycle": 0, "density": 0.5, "year_range": "unknown"}}, {"type": "Feature", "geometry": {"type": "Point", "coordinates": [-105.225225, 41.030631]}, "properties": {"crashes": 1, "injury": 0, "fatal": 0, "pedestrian": 0, "bicycle": 0, "density": 0.2, "year_range": "unknown"}}, {"type": "Feature", "geometry": {"type": "Point", "coordinates": [-104.76036, 41.165766]}, "properties": {"crashes": 3, "injury": 0, "fatal": 0, "pedestrian": 0, "bicycle": 0, "density": 0.8, "year_range": "unknown"}}, {"type": "Feature", "geometry": {"type": "Point", "coordinates": [-104.666667, 41.154955]}, "properties": {"crashes": 3, "injury": 0, "fatal": 0, "pedestrian": 0, "bicycle": 0, "density": 0.8, "year_range": "unknown"}}, {"type": "Feature", "geometry": {"type": "Point", "coordinates": [-104.834234, 41.181982]}, "properties": {"crashes": 1, "injury": 0, "fatal": 0, "pedestrian": 0, "bicycle": 0, "density": 0.2, "year_range": "unknown"}}, {"type": "Feature", "geometry": {"type": "Point", "coordinates": [-104.70991, 41.136937]}, "properties": {"crashes": 1, "injury": 0, "fatal": 0, "pedestrian": 0, "bicycle": 0, "density": 0.2, "year_range": "unknown"}}, {"type": "Feature", "geometry": {"type": "Point", "coordinates": [-105.061261, 41.100901]}, "properties": {"crashes": 1, "injury": 0, "fatal": 0, "pedestrian": 0, "bicycle": 0, "density": 0.2, "year_range": "unknown"}}, {"type": "Feature", "geometry": {"type": "Point", "coordinates": [-104.828829, 41.190991]}, "properties": {"crashes": 1, "injury": 0, "fatal": 0, "pedestrian": 0, "bicycle": 0, "density": 0.2, "year_range": "unknown"}}, {"type": "Feature", "geometry": {"type": "Point", "coordinates": [-104.744144, 41.124324]}, "properties": {"crashes": 2, "injury": 0, "fatal": 0, "pedestrian": 0, "bicycle": 0, "density": 0.5, "year_range": "unknown"}}, {"type": "Feature", "geometry": {"type": "Point", "coordinates": [-104.83964, 41.176577]}, "properties": {"crashes": 3, "injury": 0, "fatal": 0, "pedestrian": 0, "bicycle": 0, "density": 0.8, "year_range": "unknown"}}, {"type": "Feature", "geometry": {"type": "Point", "coordinates": [-104.765766, 41.140541]}, "properties": {"crashes": 3, "injury": 0, "fatal": 0, "pedestrian": 0, "bicycle": 0, "density": 0.8, "year_range": "unknown"}}, {"type": "Feature", "geometry": {"type": "Point", "coordinates": [-105.07027, 41.099099]}, "properties": {"crashes": 1, "injury": 0, "fatal": 0, "pedestrian": 0, "bicycle": 0, "density": 0.2, "year_range": "unknown"}}, {"type": "Feature", "geometry": {"type": "Point", "coordinates": [-104.830631, 41.151351]}, "properties": {"crashes": 5, "injury": 0, "fatal": 0, "pedestrian": 0, "bicycle": 0, "density": 1.2, "year_range": "unknown"}}, {"type": "Feature", "geometry": {"type": "Point", "coordinates": [-104.803604, 41.102703]}, "properties": {"crashes": 1, "injury": 0, "fatal": 0, "pedestrian": 0, "bicycle": 0, "density": 0.2, "year_range": "unknown"}}, {"type": "Feature", "geometry": {"type": "Point", "coordinates": [-104.922523, 41.131532]}, "properties": {"crashes": 1, "injury": 0, "fatal": 0, "pedestrian": 0, "bicycle": 0, "density": 0.2, "year_range": "unknown"}}, {"type": "Feature", "geometry": {"type": "Point", "coordinates": [-104.886486, 41.135135]}, "properties": {"crashes": 1, "injury": 0, "fatal": 0, "pedestrian": 0, "bicycle": 0, "density": 0.2, "year_range": "unknown"}}, {"type": "Feature", "geometry": {"type": "Point", "coordinates": [-104.803604, 41.147748]}, "properties": {"crashes": 2, "injury": 0, "fatal": 0, "pedestrian": 0, "bicycle": 0, "density": 0.5, "year_range": "unknown"}}, {"type": "Feature", "geometry": {"type": "Point", "coordinates": [-104.83964, 41.174775]}, "properties": {"crashes": 1, "injury": 0, "fatal": 0, "pedestrian": 0, "bicycle": 0, "density": 0.2, "year_range": "unknown"}}, {"type": "Feature", "geometry": {"type": "Point", "coordinates": [-104.866667, 41.131532]}, "properties": {"crashes": 1, "injury": 0, "fatal": 0, "pedestrian": 0, "bicycle": 0, "density": 0.2, "year_range": "unknown"}}, {"type": "Feature", "geometry": {"type": "Point", "coordinates": [-104.758559, 41.153153]}, "properties": {"crashes": 1, "injury": 0, "fatal": 0, "pedestrian": 0, "bicycle": 0, "density": 0.2, "year_range": "unknown"}}, {"type": "Feature", "geometry": {"type": "Point", "coordinates": [-104.812613, 41.209009]}, "properties": {"crashes": 1, "injury": 0, "fatal": 0, "pedestrian": 0, "bicycle": 0, "density": 0.2, "year_range": "unknown"}}, {"type": "Feature", "geometry": {"type": "Point", "coordinates": [-104.751351, 41.135135]}, "properties": {"crashes": 1, "injury": 0, "fatal": 0, "pedestrian": 0, "bicycle": 0, "density": 0.2, "year_range": "unknown"}}, {"type": "Feature", "geometry": {"type": "Point", "coordinates": [-104.879279, 41.158559]}, "properties": {"crashes": 1, "injury": 0, "fatal": 0, "pedestrian": 0, "bicycle": 0, "density": 0.2, "year_range": "unknown"}}, {"type": "Feature", "geometry": {"type": "Point", "coordinates": [-104.798198, 41.124324]}, "properties": {"crashes": 1, "injury": 0, "fatal": 0, "pedestrian": 0, "bicycle": 0, "density": 0.2, "year_range": "unknown"}}, {"type": "Feature", "geometry": {"type": "Point", "coordinates": [-104.787387, 41.140541]}, "properties": {"crashes": 2, "injury": 0, "fatal": 0, "pedestrian": 0, "bicycle": 0, "density": 0.5, "year_range": "unknown"}}, {"type": "Feature", "geometry": {"type": "Point", "coordinates": [-104.756757, 41.156757]}, "properties": {"crashes": 1, "injury": 0, "fatal": 0, "pedestrian": 0, "bicycle": 0, "density": 0.2, "year_range": "unknown"}}, {"type": "Feature", "geometry": {"type": "Point", "coordinates": [-104.900901, 41.218018]}, "properties": {"crashes": 2, "injury": 0, "fatal": 0, "pedestrian": 0, "bicycle": 0, "density": 0.5, "year_range": "unknown"}}, {"type": "Feature", "geometry": {"type": "Point", "coordinates": [-104.796396, 41.124324]}, "properties": {"crashes": 1, "injury": 0, "fatal": 0, "pedestrian": 0, "bicycle": 0, "density": 0.2, "year_range": "unknown"}}, {"type": "Feature", "geometry": {"type": "Point", "coordinates": [-104.762162, 41.133333]}, "properties": {"crashes": 3, "injury": 0, "fatal": 0, "pedestrian": 0, "bicycle": 0, "density": 0.8, "year_range": "unknown"}}, {"type": "Feature", "geometry": {"type": "Point", "coordinates": [-104.807207, 41.117117]}, "properties": {"crashes": 1, "injury": 0, "fatal": 0, "pedestrian": 0, "bicycle": 0, "density": 0.2, "year_range": "unknown"}}, {"type": "Feature", "geometry": {"type": "Point", "coordinates": [-104.774775, 41.005405]}, "properties": {"crashes": 1, "injury": 0, "fatal": 0, "pedestrian": 0, "bicycle": 0, "density": 0.2, "year_range": "unknown"}}, {"type": "Feature", "geometry": {"type": "Point", "coordinates": [-104.801802, 41.162162]}, "properties": {"crashes": 1, "injury": 0, "fatal": 0, "pedestrian": 0, "bicycle": 0, "density": 0.2, "year_range": "unknown"}}, {"type": "Feature", "geometry": {"type": "Point", "coordinates": [-104.854054, 41.115315]}, "properties": {"crashes": 1, "injury": 0, "fatal": 0, "pedestrian": 0, "bicycle": 0, "density": 0.2, "year_range": "unknown"}}, {"type": "Feature", "geometry": {"type": "Point", "coordinates": [-104.881081, 41.063063]}, "properties": {"crashes": 1, "injury": 0, "fatal": 0, "pedestrian": 0, "bicycle": 0, "density": 0.2, "year_range": "unknown"}}, {"type": "Feature", "geometry": {"type": "Point", "coordinates": [-104.751351, 41.138739]}, "properties": {"crashes": 4, "injury": 0, "fatal": 0, "pedestrian": 0, "bicycle": 0, "density": 1.0, "year_range": "unknown"}}, {"type": "Feature", "geometry": {"type": "Point", "coordinates": [-104.836036, 41.099099]}, "properties": {"crashes": 1, "injury": 0, "fatal": 0, "pedestrian": 0, "bicycle": 0, "density": 0.2, "year_range": "unknown"}}, {"type": "Feature", "geometry": {"type": "Point", "coordinates": [-104.94955, 41.111712]}, "properties": {"crashes": 1, "injury": 0, "fatal": 0, "pedestrian": 0, "bicycle": 0, "density": 0.2, "year_range": "unknown"}}, {"type": "Feature", "geometry": {"type": "Point", "coordinates": [-104.895495, 41.102703]}, "properties": {"crashes": 1, "injury": 0, "fatal": 0, "pedestrian": 0, "bicycle": 0, "density": 0.2, "year_range": "unknown"}}, {"type": "Feature", "geometry": {"type": "Point", "coordinates": [-104.902703, 41.01982]}, "properties": {"crashes": 1, "injury": 0, "fatal": 0, "pedestrian": 0, "bicycle": 0, "density": 0.2, "year_range": "unknown"}}, {"type": "Feature", "geometry": {"type": "Point", "coordinates": [-105.147748, 41.099099]}, "properties": {"crashes": 1, "injury": 0, "fatal": 0, "pedestrian": 0, "bicycle": 0, "density": 0.2, "year_range": "unknown"}}, {"type": "Feature", "geometry": {"type": "Point", "coordinates": [-104.74955, 41.153153]}, "properties": {"crashes": 1, "injury": 0, "fatal": 0, "pedestrian": 0, "bicycle": 0, "density": 0.2, "year_range": "unknown"}}, {"type": "Feature", "geometry": {"type": "Point", "coordinates": [-104.74955, 41.138739]}, "properties": {"crashes": 1, "injury": 0, "fatal": 0, "pedestrian": 0, "bicycle": 0, "density": 0.2, "year_range": "unknown"}}, {"type": "Feature", "geometry": {"type": "Point", "coordinates": [-104.801802, 41.10991]}, "properties": {"crashes": 2, "injury": 0, "fatal": 0, "pedestrian": 0, "bicycle": 0, "density": 0.5, "year_range": "unknown"}}, {"type": "Feature", "geometry": {"type": "Point", "coordinates": [-104.875676, 41.061261]}, "properties": {"crashes": 3, "injury": 0, "fatal": 0, "pedestrian": 0, "bicycle": 0, "density": 0.8, "year_range": "unknown"}}, {"type": "Feature", "geometry": {"type": "Point", "coordinates": [-104.899099, 41.028829]}, "properties": {"crashes": 5, "injury": 0, "fatal": 0, "pedestrian": 0, "bicycle": 0, "density": 1.2, "year_range": "unknown"}}, {"type": "Feature", "geometry": {"type": "Point", "coordinates": [-104.908108, 41.117117]}, "properties": {"crashes": 1, "injury": 0, "fatal": 0, "pedestrian": 0, "bicycle": 0, "density": 0.2, "year_range": "unknown"}}, {"type": "Feature", "geometry": {"type": "Point", "coordinates": [-104.913514, 41.115315]}, "properties": {"crashes": 1, "injury": 0, "fatal": 0, "pedestrian": 0, "bicycle": 0, "density": 0.2, "year_range": "unknown"}}, {"type": "Feature", "geometry": {"type": "Point", "coordinates": [-104.78018, 41.169369]}, "properties": {"crashes": 1, "injury": 0, "fatal": 0, "pedestrian": 0, "bicycle": 0, "density": 0.2, "year_range": "unknown"}}, {"type": "Feature", "geometry": {"type": "Point", "coordinates": [-104.83964, 41.162162]}, "properties": {"crashes": 2, "injury": 0, "fatal": 0, "pedestrian": 0, "bicycle": 0, "density": 0.5, "year_range": "unknown"}}, {"type": "Feature", "geometry": {"type": "Point", "coordinates": [-104.823423, 41.174775]}, "properties": {"crashes": 2, "injury": 0, "fatal": 0, "pedestrian": 0, "bicycle": 0, "density": 0.5, "year_range": "unknown"}}, {"type": "Feature", "geometry": {"type": "Point", "coordinates": [-104.688288, 41.144144]}, "properties": {"crashes": 1, "injury": 0, "fatal": 0, "pedestrian": 0, "bicycle": 0, "density": 0.2, "year_range": "unknown"}}, {"type": "Feature", "geometry": {"type": "Point", "coordinates": [-104.754955, 41.162162]}, "properties": {"crashes": 1, "injury": 0, "fatal": 0, "pedestrian": 0, "bicycle": 0, "density": 0.2, "year_range": "unknown"}}, {"type": "Feature", "geometry": {"type": "Point", "coordinates": [-104.823423, 41.241441]}, "properties": {"crashes": 1, "injury": 0, "fatal": 0, "pedestrian": 0, "bicycle": 0, "density": 0.2, "year_range": "unknown"}}, {"type": "Feature", "geometry": {"type": "Point", "coordinates": [-104.724324, 41.153153]}, "properties": {"crashes": 1, "injury": 0, "fatal": 0, "pedestrian": 0, "bicycle": 0, "density": 0.2, "year_range": "unknown"}}, {"type": "Feature", "geometry": {"type": "Point", "coordinates": [-104.783784, 41.162162]}, "properties": {"crashes": 3, "injury": 0, "fatal": 0, "pedestrian": 0, "bicycle": 0, "density": 0.8, "year_range": "unknown"}}, {"type": "Feature", "geometry": {"type": "Point", "coordinates": [-104.754955, 41.167568]}, "properties": {"crashes": 1, "injury": 0, "fatal": 0, "pedestrian": 0, "bicycle": 0, "density": 0.2, "year_range": "unknown"}}, {"type": "Feature", "geometry": {"type": "Point", "coordinates": [-104.790991, 41.111712]}, "properties": {"crashes": 1, "injury": 0, "fatal": 0, "pedestrian": 0, "bicycle": 0, "density": 0.2, "year_range": "unknown"}}, {"type": "Feature", "geometry": {"type": "Point", "coordinates": [-104.812613, 41.144144]}, "properties": {"crashes": 1, "injury": 0, "fatal": 0, "pedestrian": 0, "bicycle": 0, "density": 0.2, "year_range": "unknown"}}, {"type": "Feature", "geometry": {"type": "Point", "coordinates": [-104.830631, 41.167568]}, "properties": {"crashes": 1, "injury": 0, "fatal": 0, "pedestrian": 0, "bicycle": 0, "density": 0.2, "year_range": "unknown"}}, {"type": "Feature", "geometry": {"type": "Point", "coordinates": [-104.821622, 41.118919]}, "properties": {"crashes": 1, "injury": 0, "fatal": 0, "pedestrian": 0, "bicycle": 0, "density": 0.2, "year_range": "unknown"}}, {"type": "Feature", "geometry": {"type": "Point", "coordinates": [-104.657658, 41.158559]}, "properties": {"crashes": 1, "injury": 0, "fatal": 0, "pedestrian": 0, "bicycle": 0, "density": 0.2, "year_range": "unknown"}}, {"type": "Feature", "geometry": {"type": "Point", "coordinates": [-104.733333, 41.16036]}, "properties": {"crashes": 1, "injury": 0, "fatal": 0, "pedestrian": 0, "bicycle": 0, "density": 0.2, "year_range": "unknown"}}, {"type": "Feature", "geometry": {"type": "Point", "coordinates": [-104.818018, 41.245045]}, "properties": {"crashes": 1, "injury": 0, "fatal": 0, "pedestrian": 0, "bicycle": 0, "density": 0.2, "year_range": "unknown"}}, {"type": "Feature", "geometry": {"type": "Point", "coordinates": [-104.83964, 41.12973]}, "properties": {"crashes": 3, "injury": 0, "fatal": 0, "pedestrian": 0, "bicycle": 0, "density": 0.8, "year_range": "unknown"}}, {"type": "Feature", "geometry": {"type": "Point", "coordinates": [-104.843243, 41.127928]}, "properties": {"crashes": 1, "injury": 0, "fatal": 0, "pedestrian": 0, "bicycle": 0, "density": 0.2, "year_range": "unknown"}}, {"type": "Feature", "geometry": {"type": "Point", "coordinates": [-104.655856, 41.153153]}, "properties": {"crashes": 1, "injury": 0, "fatal": 0, "pedestrian": 0, "bicycle": 0, "density": 0.2, "year_range": "unknown"}}, {"type": "Feature", "geometry": {"type": "Point", "coordinates": [-104.83964, 41.165766]}, "properties": {"crashes": 4, "injury": 0, "fatal": 0, "pedestrian": 0, "bicycle": 0, "density": 1.0, "year_range": "unknown"}}, {"type": "Feature", "geometry": {"type": "Point", "coordinates": [-104.8, 41.131532]}, "properties": {"crashes": 4, "injury": 0, "fatal": 0, "pedestrian": 0, "bicycle": 0, "density": 1.0, "year_range": "unknown"}}, {"type": "Feature", "geometry": {"type": "Point", "coordinates": [-104.706306, 41.172973]}, "properties": {"crashes": 1, "injury": 0, "fatal": 0, "pedestrian": 0, "bicycle": 0, "density": 0.2, "year_range": "unknown"}}, {"type": "Feature", "geometry": {"type": "Point", "coordinates": [-105.036036, 41.104505]}, "properties": {"crashes": 1, "injury": 0, "fatal": 0, "pedestrian": 0, "bicycle": 0, "density": 0.2, "year_range": "unknown"}}, {"type": "Feature", "geometry": {"type": "Point", "coordinates": [-104.897297, 41.032432]}, "properties": {"crashes": 1, "injury": 0, "fatal": 0, "pedestrian": 0, "bicycle": 0, "density": 0.2, "year_range": "unknown"}}, {"type": "Feature", "geometry": {"type": "Point", "coordinates": [-105.171171, 41.095495]}, "properties": {"crashes": 1, "injury": 0, "fatal": 0, "pedestrian": 0, "bicycle": 0, "density": 0.2, "year_range": "unknown"}}, {"type": "Feature", "geometry": {"type": "Point", "coordinates": [-104.823423, 41.138739]}, "properties": {"crashes": 2, "injury": 0, "fatal": 0, "pedestrian": 0, "bicycle": 0, "density": 0.5, "year_range": "unknown"}}, {"type": "Feature", "geometry": {"type": "Point", "coordinates": [-104.868468, 41.068468]}, "properties": {"crashes": 1, "injury": 0, "fatal": 0, "pedestrian": 0, "bicycle": 0, "density": 0.2, "year_range": "unknown"}}, {"type": "Feature", "geometry": {"type": "Point", "coordinates": [-104.751351, 41.133333]}, "properties": {"crashes": 1, "injury": 0, "fatal": 0, "pedestrian": 0, "bicycle": 0, "density": 0.2, "year_range": "unknown"}}, {"type": "Feature", "geometry": {"type": "Point", "coordinates": [-104.778378, 41.162162]}, "properties": {"crashes": 1, "injury": 0, "fatal": 0, "pedestrian": 0, "bicycle": 0, "density": 0.2, "year_range": "unknown"}}, {"type": "Feature", "geometry": {"type": "Point", "coordinates": [-104.789189, 41.174775]}, "properties": {"crashes": 4, "injury": 0, "fatal": 0, "pedestrian": 0, "bicycle": 0, "density": 1.0, "year_range": "unknown"}}, {"type": "Feature", "geometry": {"type": "Point", "coordinates": [-104.816216, 41.167568]}, "properties": {"crashes": 1, "injury": 0, "fatal": 0, "pedestrian": 0, "bicycle": 0, "density": 0.2, "year_range": "unknown"}}, {"type": "Feature", "geometry": {"type": "Point", "coordinates": [-104.706306, 41.16036]}, "properties": {"crashes": 1, "injury": 0, "fatal": 0, "pedestrian": 0, "bicycle": 0, "density": 0.2, "year_range": "unknown"}}, {"type": "Feature", "geometry": {"type": "Point", "coordinates": [-104.810811, 41.162162]}, "properties": {"crashes": 1, "injury": 0, "fatal": 0, "pedestrian": 0, "bicycle": 0, "density": 0.2, "year_range": "unknown"}}, {"type": "Feature", "geometry": {"type": "Point", "coordinates": [-104.827027, 41.118919]}, "properties": {"crashes": 1, "injury": 0, "fatal": 0, "pedestrian": 0, "bicycle": 0, "density": 0.2, "year_range": "unknown"}}, {"type": "Feature", "geometry": {"type": "Point", "coordinates": [-104.906306, 40.998198]}, "properties": {"crashes": 1, "injury": 0, "fatal": 0, "pedestrian": 0, "bicycle": 0, "density": 0.2, "year_range": "unknown"}}, {"type": "Feature", "geometry": {"type": "Point", "coordinates": [-104.753153, 41.163964]}, "properties": {"crashes": 1, "injury": 0, "fatal": 0, "pedestrian": 0, "bicycle": 0, "density": 0.2, "year_range": "unknown"}}, {"type": "Feature", "geometry": {"type": "Point", "coordinates": [-104.807207, 41.174775]}, "properties": {"crashes": 2, "injury": 0, "fatal": 0, "pedestrian": 0, "bicycle": 0, "density": 0.5, "year_range": "unknown"}}, {"type": "Feature", "geometry": {"type": "Point", "coordinates": [-104.809009, 41.147748]}, "properties": {"crashes": 1, "injury": 0, "fatal": 0, "pedestrian": 0, "bicycle": 0, "density": 0.2, "year_range": "unknown"}}, {"type": "Feature", "geometry": {"type": "Point", "coordinates": [-104.798198, 41.102703]}, "properties": {"crashes": 1, "injury": 0, "fatal": 0, "pedestrian": 0, "bicycle": 0, "density": 0.2, "year_range": "unknown"}}, {"type": "Feature", "geometry": {"type": "Point", "coordinates": [-104.807207, 41.176577]}, "properties": {"crashes": 1, "injury": 0, "fatal": 0, "pedestrian": 0, "bicycle": 0, "density": 0.2, "year_range": "unknown"}}, {"type": "Feature", "geometry": {"type": "Point", "coordinates": [-104.825225, 41.151351]}, "properties": {"crashes": 1, "injury": 0, "fatal": 0, "pedestrian": 0, "bicycle": 0, "density": 0.2, "year_range": "unknown"}}, {"type": "Feature", "geometry": {"type": "Point", "coordinates": [-104.834234, 41.138739]}, "properties": {"crashes": 1, "injury": 0, "fatal": 0, "pedestrian": 0, "bicycle": 0, "density": 0.2, "year_range": "unknown"}}, {"type": "Feature", "geometry": {"type": "Point", "coordinates": [-104.818018, 41.14955]}, "properties": {"crashes": 1, "injury": 0, "fatal": 0, "pedestrian": 0, "bicycle": 0, "density": 0.2, "year_range": "unknown"}}, {"type": "Feature", "geometry": {"type": "Point", "coordinates": [-104.823423, 41.176577]}, "properties": {"crashes": 1, "injury": 0, "fatal": 0, "pedestrian": 0, "bicycle": 0, "density": 0.2, "year_range": "unknown"}}, {"type": "Feature", "geometry": {"type": "Point", "coordinates": [-104.765766, 41.189189]}, "properties": {"crashes": 1, "injury": 0, "fatal": 0, "pedestrian": 0, "bicycle": 0, "density": 0.2, "year_range": "unknown"}}, {"type": "Feature", "geometry": {"type": "Point", "coordinates": [-104.825225, 41.171171]}, "properties": {"crashes": 1, "injury": 0, "fatal": 0, "pedestrian": 0, "bicycle": 0, "density": 0.2, "year_range": "unknown"}}, {"type": "Feature", "geometry": {"type": "Point", "coordinates": [-104.731532, 41.145946]}, "properties": {"crashes": 1, "injury": 0, "fatal": 0, "pedestrian": 0, "bicycle": 0, "density": 0.2, "year_range": "unknown"}}, {"type": "Feature", "geometry": {"type": "Point", "coordinates": [-104.789189, 41.10991]}, "properties": {"crashes": 3, "injury": 0, "fatal": 0, "pedestrian": 0, "bicycle": 0, "density": 0.8, "year_range": "unknown"}}, {"type": "Feature", "geometry": {"type": "Point", "coordinates": [-104.686486, 41.189189]}, "properties": {"crashes": 1, "injury": 0, "fatal": 0, "pedestrian": 0, "bicycle": 0, "density": 0.2, "year_range": "unknown"}}, {"type": "Feature", "geometry": {"type": "Point", "coordinates": [-104.81982, 41.124324]}, "properties": {"crashes": 1, "injury": 0, "fatal": 0, "pedestrian": 0, "bicycle": 0, "density": 0.2, "year_range": "unknown"}}, {"type": "Feature", "geometry": {"type": "Point", "coordinates": [-104.818018, 41.172973]}, "properties": {"crashes": 1, "injury": 0, "fatal": 0, "pedestrian": 0, "bicycle": 0, "density": 0.2, "year_range": "unknown"}}, {"type": "Feature", "geometry": {"type": "Point", "coordinates": [-104.727928, 41.16036]}, "properties": {"crashes": 1, "injury": 0, "fatal": 0, "pedestrian": 0, "bicycle": 0, "density": 0.2, "year_range": "unknown"}}, {"type": "Feature", "geometry": {"type": "Point", "coordinates": [-104.78018, 41.163964]}, "properties": {"crashes": 2, "injury": 0, "fatal": 0, "pedestrian": 0, "bicycle": 0, "density": 0.5, "year_range": "unknown"}}, {"type": "Feature", "geometry": {"type": "Point", "coordinates": [-104.841441, 41.178378]}, "properties": {"crashes": 1, "injury": 0, "fatal": 0, "pedestrian": 0, "bicycle": 0, "density": 0.2, "year_range": "unknown"}}, {"type": "Feature", "geometry": {"type": "Point", "coordinates": [-104.924324, 41.218018]}, "properties": {"crashes": 1, "injury": 0, "fatal": 0, "pedestrian": 0, "bicycle": 0, "density": 0.2, "year_range": "unknown"}}, {"type": "Feature", "geometry": {"type": "Point", "coordinates": [-104.828829, 41.196396]}, "properties": {"crashes": 1, "injury": 0, "fatal": 0, "pedestrian": 0, "bicycle": 0, "density": 0.2, "year_range": "unknown"}}, {"type": "Feature", "geometry": {"type": "Point", "coordinates": [-104.821622, 41.14955]}, "properties": {"crashes": 2, "injury": 0, "fatal": 0, "pedestrian": 0, "bicycle": 0, "density": 0.5, "year_range": "unknown"}}, {"type": "Feature", "geometry": {"type": "Point", "coordinates": [-104.70991, 41.133333]}, "properties": {"crashes": 3, "injury": 0, "fatal": 0, "pedestrian": 0, "bicycle": 0, "density": 0.8, "year_range": "unknown"}}, {"type": "Feature", "geometry": {"type": "Point", "coordinates": [-104.8, 41.187387]}, "properties": {"crashes": 1, "injury": 0, "fatal": 0, "pedestrian": 0, "bicycle": 0, "density": 0.2, "year_range": "unknown"}}, {"type": "Feature", "geometry": {"type": "Point", "coordinates": [-105.091892, 41.099099]}, "properties": {"crashes": 1, "injury": 0, "fatal": 0, "pedestrian": 0, "bicycle": 0, "density": 0.2, "year_range": "unknown"}}, {"type": "Feature", "geometry": {"type": "Point", "coordinates": [-104.771171, 41.147748]}, "properties": {"crashes": 2, "injury": 0, "fatal": 0, "pedestrian": 0, "bicycle": 0, "density": 0.5, "year_range": "unknown"}}, {"type": "Feature", "geometry": {"type": "Point", "coordinates": [-105.111712, 41.097297]}, "properties": {"crashes": 1, "injury": 0, "fatal": 0, "pedestrian": 0, "bicycle": 0, "density": 0.2, "year_range": "unknown"}}, {"type": "Feature", "geometry": {"type": "Point", "coordinates": [-104.772973, 41.172973]}, "properties": {"crashes": 1, "injury": 0, "fatal": 0, "pedestrian": 0, "bicycle": 0, "density": 0.2, "year_range": "unknown"}}, {"type": "Feature", "geometry": {"type": "Point", "coordinates": [-104.821622, 41.131532]}, "properties": {"crashes": 2, "injury": 0, "fatal": 0, "pedestrian": 0, "bicycle": 0, "density": 0.5, "year_range": "unknown"}}, {"type": "Feature", "geometry": {"type": "Point", "coordinates": [-104.745946, 41.135135]}, "properties": {"crashes": 1, "injury": 0, "fatal": 0, "pedestrian": 0, "bicycle": 0, "density": 0.2, "year_range": "unknown"}}, {"type": "Feature", "geometry": {"type": "Point", "coordinates": [-104.758559, 41.154955]}, "properties": {"crashes": 1, "injury": 0, "fatal": 0, "pedestrian": 0, "bicycle": 0, "density": 0.2, "year_range": "unknown"}}, {"type": "Feature", "geometry": {"type": "Point", "coordinates": [-104.711712, 41.142342]}, "properties": {"crashes": 1, "injury": 0, "fatal": 0, "pedestrian": 0, "bicycle": 0, "density": 0.2, "year_range": "unknown"}}, {"type": "Feature", "geometry": {"type": "Point", "coordinates": [-104.801802, 41.252252]}, "properties": {"crashes": 1, "injury": 0, "fatal": 0, "pedestrian": 0, "bicycle": 0, "density": 0.2, "year_range": "unknown"}}, {"type": "Feature", "geometry": {"type": "Point", "coordinates": [-104.906306, 41.007207]}, "properties": {"crashes": 1, "injury": 0, "fatal": 0, "pedestrian": 0, "bicycle": 0, "density": 0.2, "year_range": "unknown"}}, {"type": "Feature", "geometry": {"type": "Point", "coordinates": [-105.126126, 41.099099]}, "properties": {"crashes": 2, "injury": 0, "fatal": 0, "pedestrian": 0, "bicycle": 0, "density": 0.5, "year_range": "unknown"}}, {"type": "Feature", "geometry": {"type": "Point", "coordinates": [-104.886486, 41.203604]}, "properties": {"crashes": 1, "injury": 0, "fatal": 0, "pedestrian": 0, "bicycle": 0, "density": 0.2, "year_range": "unknown"}}, {"type": "Feature", "geometry": {"type": "Point", "coordinates": [-104.736937, 41.153153]}, "properties": {"crashes": 1, "injury": 0, "fatal": 0, "pedestrian": 0, "bicycle": 0, "density": 0.2, "year_range": "unknown"}}, {"type": "Feature", "geometry": {"type": "Point", "coordinates": [-104.816216, 41.054054]}, "properties": {"crashes": 1, "injury": 0, "fatal": 0, "pedestrian": 0, "bicycle": 0, "density": 0.2, "year_range": "unknown"}}, {"type": "Feature", "geometry": {"type": "Point", "coordinates": [-104.818018, 41.153153]}, "properties": {"crashes": 1, "injury": 0, "fatal": 0, "pedestrian": 0, "bicycle": 0, "density": 0.2, "year_range": "unknown"}}, {"type": "Feature", "geometry": {"type": "Point", "coordinates": [-104.78018, 41.136937]}, "properties": {"crashes": 1, "injury": 0, "fatal": 0, "pedestrian": 0, "bicycle": 0, "density": 0.2, "year_range": "unknown"}}, {"type": "Feature", "geometry": {"type": "Point", "coordinates": [-104.837838, 41.153153]}, "properties": {"crashes": 2, "injury": 0, "fatal": 0, "pedestrian": 0, "bicycle": 0, "density": 0.5, "year_range": "unknown"}}, {"type": "Feature", "geometry": {"type": "Point", "coordinates": [-104.828829, 41.151351]}, "properties": {"crashes": 2, "injury": 0, "fatal": 0, "pedestrian": 0, "bicycle": 0, "density": 0.5, "year_range": "unknown"}}, {"type": "Feature", "geometry": {"type": "Point", "coordinates": [-104.877477, 41.081081]}, "properties": {"crashes": 1, "injury": 0, "fatal": 0, "pedestrian": 0, "bicycle": 0, "density": 0.2, "year_range": "unknown"}}, {"type": "Feature", "geometry": {"type": "Point", "coordinates": [-104.902703, 41.099099]}, "properties": {"crashes": 1, "injury": 0, "fatal": 0, "pedestrian": 0, "bicycle": 0, "density": 0.2, "year_range": "unknown"}}, {"type": "Feature", "geometry": {"type": "Point", "coordinates": [-104.641441, 41.122523]}, "properties": {"crashes": 1, "injury": 0, "fatal": 0, "pedestrian": 0, "bicycle": 0, "density": 0.2, "year_range": "unknown"}}, {"type": "Feature", "geometry": {"type": "Point", "coordinates": [-104.825225, 41.136937]}, "properties": {"crashes": 1, "injury": 0, "fatal": 0, "pedestrian": 0, "bicycle": 0, "density": 0.2, "year_range": "unknown"}}, {"type": "Feature", "geometry": {"type": "Point", "coordinates": [-104.810811, 41.163964]}, "properties": {"crashes": 2, "injury": 0, "fatal": 0, "pedestrian": 0, "bicycle": 0, "density": 0.5, "year_range": "unknown"}}, {"type": "Feature", "geometry": {"type": "Point", "coordinates": [-104.8, 41.151351]}, "properties": {"crashes": 1, "injury": 0, "fatal": 0, "pedestrian": 0, "bicycle": 0, "density": 0.2, "year_range": "unknown"}}, {"type": "Feature", "geometry": {"type": "Point", "coordinates": [-104.89009, 41.117117]}, "properties": {"crashes": 1, "injury": 0, "fatal": 0, "pedestrian": 0, "bicycle": 0, "density": 0.2, "year_range": "unknown"}}, {"type": "Feature", "geometry": {"type": "Point", "coordinates": [-104.859459, 41.082883]}, "properties": {"crashes": 1, "injury": 0, "fatal": 0, "pedestrian": 0, "bicycle": 0, "density": 0.2, "year_range": "unknown"}}, {"type": "Feature", "geometry": {"type": "Point", "coordinates": [-104.751351, 41.12973]}, "properties": {"crashes": 2, "injury": 0, "fatal": 0, "pedestrian": 0, "bicycle": 0, "density": 0.5, "year_range": "unknown"}}, {"type": "Feature", "geometry": {"type": "Point", "coordinates": [-104.731532, 41.178378]}, "properties": {"crashes": 1, "injury": 0, "fatal": 0, "pedestrian": 0, "bicycle": 0, "density": 0.2, "year_range": "unknown"}}, {"type": "Feature", "geometry": {"type": "Point", "coordinates": [-104.810811, 41.167568]}, "properties": {"crashes": 1, "injury": 0, "fatal": 0, "pedestrian": 0, "bicycle": 0, "density": 0.2, "year_range": "unknown"}}, {"type": "Feature", "geometry": {"type": "Point", "coordinates": [-104.796396, 41.108108]}, "properties": {"crashes": 1, "injury": 0, "fatal": 0, "pedestrian": 0, "bicycle": 0, "density": 0.2, "year_range": "unknown"}}, {"type": "Feature", "geometry": {"type": "Point", "coordinates": [-104.832432, 41.218018]}, "properties": {"crashes": 1, "injury": 0, "fatal": 0, "pedestrian": 0, "bicycle": 0, "density": 0.2, "year_range": "unknown"}}, {"type": "Feature", "geometry": {"type": "Point", "coordinates": [-104.81982, 41.122523]}, "properties": {"crashes": 2, "injury": 0, "fatal": 0, "pedestrian": 0, "bicycle": 0, "density": 0.5, "year_range": "unknown"}}, {"type": "Feature", "geometry": {"type": "Point", "coordinates": [-104.825225, 41.111712]}, "properties": {"crashes": 1, "injury": 0, "fatal": 0, "pedestrian": 0, "bicycle": 0, "density": 0.2, "year_range": "unknown"}}, {"type": "Feature", "geometry": {"type": "Point", "coordinates": [-104.735135, 41.12973]}, "properties": {"crashes": 2, "injury": 0, "fatal": 0, "pedestrian": 0, "bicycle": 0, "density": 0.5, "year_range": "unknown"}}, {"type": "Feature", "geometry": {"type": "Point", "coordinates": [-104.827027, 41.181982]}, "properties": {"crashes": 2, "injury": 0, "fatal": 0, "pedestrian": 0, "bicycle": 0, "density": 0.5, "year_range": "unknown"}}, {"type": "Feature", "geometry": {"type": "Point", "coordinates": [-104.825225, 41.135135]}, "properties": {"crashes": 1, "injury": 0, "fatal": 0, "pedestrian": 0, "bicycle": 0, "density": 0.2, "year_range": "unknown"}}, {"type": "Feature", "geometry": {"type": "Point", "coordinates": [-104.789189, 41.165766]}, "properties": {"crashes": 1, "injury": 0, "fatal": 0, "pedestrian": 0, "bicycle": 0, "density": 0.2, "year_range": "unknown"}}, {"type": "Feature", "geometry": {"type": "Point", "coordinates": [-104.72973, 41.156757]}, "properties": {"crashes": 1, "injury": 0, "fatal": 0, "pedestrian": 0, "bicycle": 0, "density": 0.2, "year_range": "unknown"}}, {"type": "Feature", "geometry": {"type": "Point", "coordinates": [-105.025225, 41.14955]}, "properties": {"crashes": 1, "injury": 0, "fatal": 0, "pedestrian": 0, "bicycle": 0, "density": 0.2, "year_range": "unknown"}}, {"type": "Feature", "geometry": {"type": "Point", "coordinates": [-104.774775, 41.174775]}, "properties": {"crashes": 1, "injury": 0, "fatal": 0, "pedestrian": 0, "bicycle": 0, "density": 0.2, "year_range": "unknown"}}, {"type": "Feature", "geometry": {"type": "Point", "coordinates": [-104.756757, 41.135135]}, "properties": {"crashes": 2, "injury": 0, "fatal": 0, "pedestrian": 0, "bicycle": 0, "density": 0.5, "year_range": "unknown"}}, {"type": "Feature", "geometry": {"type": "Point", "coordinates": [-104.818018, 41.171171]}, "properties": {"crashes": 1, "injury": 0, "fatal": 0, "pedestrian": 0, "bicycle": 0, "density": 0.2, "year_range": "unknown"}}, {"type": "Feature", "geometry": {"type": "Point", "coordinates": [-104.801802, 41.063063]}, "properties": {"crashes": 1, "injury": 0, "fatal": 0, "pedestrian": 0, "bicycle": 0, "density": 0.2, "year_range": "unknown"}}, {"type": "Feature", "geometry": {"type": "Point", "coordinates": [-104.843243, 41.181982]}, "properties": {"crashes": 1, "injury": 0, "fatal": 0, "pedestrian": 0, "bicycle": 0, "density": 0.2, "year_range": "unknown"}}, {"type": "Feature", "geometry": {"type": "Point", "coordinates": [-104.798198, 41.138739]}, "properties": {"crashes": 1, "injury": 0, "fatal": 0, "pedestrian": 0, "bicycle": 0, "density": 0.2, "year_range": "unknown"}}, {"type": "Feature", "geometry": {"type": "Point", "coordinates": [-104.821622, 41.135135]}, "properties": {"crashes": 1, "injury": 0, "fatal": 0, "pedestrian": 0, "bicycle": 0, "density": 0.2, "year_range": "unknown"}}, {"type": "Feature", "geometry": {"type": "Point", "coordinates": [-104.794595, 41.117117]}, "properties": {"crashes": 2, "injury": 0, "fatal": 0, "pedestrian": 0, "bicycle": 0, "density": 0.5, "year_range": "unknown"}}, {"type": "Feature", "geometry": {"type": "Point", "coordinates": [-104.718919, 41.16036]}, "properties": {"crashes": 1, "injury": 0, "fatal": 0, "pedestrian": 0, "bicycle": 0, "density": 0.2, "year_range": "unknown"}}, {"type": "Feature", "geometry": {"type": "Point", "coordinates": [-104.83964, 41.227027]}, "properties": {"crashes": 1, "injury": 0, "fatal": 0, "pedestrian": 0, "bicycle": 0, "density": 0.2, "year_range": "unknown"}}, {"type": "Feature", "geometry": {"type": "Point", "coordinates": [-104.83964, 41.209009]}, "properties": {"crashes": 1, "injury": 0, "fatal": 0, "pedestrian": 0, "bicycle": 0, "density": 0.2, "year_range": "unknown"}}, {"type": "Feature", "geometry": {"type": "Point", "coordinates": [-104.742342, 41.124324]}, "properties": {"crashes": 1, "injury": 0, "fatal": 0, "pedestrian": 0, "bicycle": 0, "density": 0.2, "year_range": "unknown"}}, {"type": "Feature", "geometry": {"type": "Point", "coordinates": [-104.794595, 41.122523]}, "properties": {"crashes": 1, "injury": 0, "fatal": 0, "pedestrian": 0, "bicycle": 0, "density": 0.2, "year_range": "unknown"}}, {"type": "Feature", "geometry": {"type": "Point", "coordinates": [-104.785586, 41.218018]}, "properties": {"crashes": 1, "injury": 0, "fatal": 0, "pedestrian": 0, "bicycle": 0, "density": 0.2, "year_range": "unknown"}}, {"type": "Feature", "geometry": {"type": "Point", "coordinates": [-104.852252, 41.135135]}, "properties": {"crashes": 1, "injury": 0, "fatal": 0, "pedestrian": 0, "bicycle": 0, "density": 0.2, "year_range": "unknown"}}, {"type": "Feature", "geometry": {"type": "Point", "coordinates": [-104.807207, 41.12973]}, "properties": {"crashes": 1, "injury": 0, "fatal": 0, "pedestrian": 0, "bicycle": 0, "density": 0.2, "year_range": "unknown"}}, {"type": "Feature", "geometry": {"type": "Point", "coordinates": [-104.884685, 41.07027]}, "properties": {"crashes": 1, "injury": 0, "fatal": 0, "pedestrian": 0, "bicycle": 0, "density": 0.2, "year_range": "unknown"}}, {"type": "Feature", "geometry": {"type": "Point", "coordinates": [-104.794595, 41.091892]}, "properties": {"crashes": 1, "injury": 0, "fatal": 0, "pedestrian": 0, "bicycle": 0, "density": 0.2, "year_range": "unknown"}}, {"type": "Feature", "geometry": {"type": "Point", "coordinates": [-104.891892, 41.057658]}, "properties": {"crashes": 1, "injury": 0, "fatal": 0, "pedestrian": 0, "bicycle": 0, "density": 0.2, "year_range": "unknown"}}, {"type": "Feature", "geometry": {"type": "Point", "coordinates": [-104.787387, 41.176577]}, "properties": {"crashes": 1, "injury": 0, "fatal": 0, "pedestrian": 0, "bicycle": 0, "density": 0.2, "year_range": "unknown"}}, {"type": "Feature", "geometry": {"type": "Point", "coordinates": [-104.85045, 41.09009]}, "properties": {"crashes": 1, "injury": 0, "fatal": 0, "pedestrian": 0, "bicycle": 0, "density": 0.2, "year_range": "unknown"}}, {"type": "Feature", "geometry": {"type": "Point", "coordinates": [-104.76036, 41.133333]}, "properties": {"crashes": 2, "injury": 0, "fatal": 0, "pedestrian": 0, "bicycle": 0, "density": 0.5, "year_range": "unknown"}}, {"type": "Feature", "geometry": {"type": "Point", "coordinates": [-104.796396, 41.135135]}, "properties": {"crashes": 1, "injury": 0, "fatal": 0, "pedestrian": 0, "bicycle": 0, "density": 0.2, "year_range": "unknown"}}, {"type": "Feature", "geometry": {"type": "Point", "coordinates": [-104.827027, 41.241441]}, "properties": {"crashes": 1, "injury": 0, "fatal": 0, "pedestrian": 0, "bicycle": 0, "density": 0.2, "year_range": "unknown"}}, {"type": "Feature", "geometry": {"type": "Point", "coordinates": [-104.765766, 41.167568]}, "properties": {"crashes": 1, "injury": 0, "fatal": 0, "pedestrian": 0, "bicycle": 0, "density": 0.2, "year_range": "unknown"}}, {"type": "Feature", "geometry": {"type": "Point", "coordinates": [-104.823423, 41.154955]}, "properties": {"crashes": 3, "injury": 0, "fatal": 0, "pedestrian": 0, "bicycle": 0, "density": 0.8, "year_range": "unknown"}}, {"type": "Feature", "geometry": {"type": "Point", "coordinates": [-104.836036, 41.124324]}, "properties": {"crashes": 1, "injury": 0, "fatal": 0, "pedestrian": 0, "bicycle": 0, "density": 0.2, "year_range": "unknown"}}, {"type": "Feature", "geometry": {"type": "Point", "coordinates": [-104.812613, 41.183784]}, "properties": {"crashes": 1, "injury": 0, "fatal": 0, "pedestrian": 0, "bicycle": 0, "density": 0.2, "year_range": "unknown"}}, {"type": "Feature", "geometry": {"type": "Point", "coordinates": [-104.769369, 41.10991]}, "properties": {"crashes": 1, "injury": 0, "fatal": 0, "pedestrian": 0, "bicycle": 0, "density": 0.2, "year_range": "unknown"}}, {"type": "Feature", "geometry": {"type": "Point", "coordinates": [-104.783784, 41.135135]}, "properties": {"crashes": 1, "injury": 0, "fatal": 0, "pedestrian": 0, "bicycle": 0, "density": 0.2, "year_range": "unknown"}}, {"type": "Feature", "geometry": {"type": "Point", "coordinates": [-104.762162, 41.162162]}, "properties": {"crashes": 1, "injury": 0, "fatal": 0, "pedestrian": 0, "bicycle": 0, "density": 0.2, "year_range": "unknown"}}, {"type": "Feature", "geometry": {"type": "Point", "coordinates": [-104.754955, 41.163964]}, "properties": {"crashes": 1, "injury": 0, "fatal": 0, "pedestrian": 0, "bicycle": 0, "density": 0.2, "year_range": "unknown"}}, {"type": "Feature", "geometry": {"type": "Point", "coordinates": [-104.762162, 41.174775]}, "properties": {"crashes": 2, "injury": 0, "fatal": 0, "pedestrian": 0, "bicycle": 0, "density": 0.5, "year_range": "unknown"}}, {"type": "Feature", "geometry": {"type": "Point", "coordinates": [-104.74955, 41.124324]}, "properties": {"crashes": 2, "injury": 0, "fatal": 0, "pedestrian": 0, "bicycle": 0, "density": 0.5, "year_range": "unknown"}}, {"type": "Feature", "geometry": {"type": "Point", "coordinates": [-104.994595, 41.091892]}, "properties": {"crashes": 1, "injury": 0, "fatal": 0, "pedestrian": 0, "bicycle": 0, "density": 0.2, "year_range": "unknown"}}, {"type": "Feature", "geometry": {"type": "Point", "coordinates": [-104.785586, 41.158559]}, "properties": {"crashes": 1, "injury": 0, "fatal": 0, "pedestrian": 0, "bicycle": 0, "density": 0.2, "year_range": "unknown"}}, {"type": "Feature", "geometry": {"type": "Point", "coordinates": [-104.767568, 41.115315]}, "properties": {"crashes": 1, "injury": 0, "fatal": 0, "pedestrian": 0, "bicycle": 0, "density": 0.2, "year_range": "unknown"}}, {"type": "Feature", "geometry": {"type": "Point", "coordinates": [-104.834234, 41.151351]}, "properties": {"crashes": 3, "injury": 0, "fatal": 0, "pedestrian": 0, "bicycle": 0, "density": 0.8, "year_range": "unknown"}}, {"type": "Feature", "geometry": {"type": "Point", "coordinates": [-104.836036, 41.140541]}, "properties": {"crashes": 2, "injury": 0, "fatal": 0, "pedestrian": 0, "bicycle": 0, "density": 0.5, "year_range": "unknown"}}, {"type": "Feature", "geometry": {"type": "Point", "coordinates": [-104.771171, 41.142342]}, "properties": {"crashes": 1, "injury": 0, "fatal": 0, "pedestrian": 0, "bicycle": 0, "density": 0.2, "year_range": "unknown"}}, {"type": "Feature", "geometry": {"type": "Point", "coordinates": [-104.827027, 41.135135]}, "properties": {"crashes": 1, "injury": 0, "fatal": 0, "pedestrian": 0, "bicycle": 0, "density": 0.2, "year_range": "unknown"}}, {"type": "Feature", "geometry": {"type": "Point", "coordinates": [-104.767568, 41.167568]}, "properties": {"crashes": 2, "injury": 0, "fatal": 0, "pedestrian": 0, "bicycle": 0, "density": 0.5, "year_range": "unknown"}}, {"type": "Feature", "geometry": {"type": "Point", "coordinates": [-104.758559, 41.147748]}, "properties": {"crashes": 2, "injury": 0, "fatal": 0, "pedestrian": 0, "bicycle": 0, "density": 0.5, "year_range": "unknown"}}, {"type": "Feature", "geometry": {"type": "Point", "coordinates": [-104.843243, 41.138739]}, "properties": {"crashes": 1, "injury": 0, "fatal": 0, "pedestrian": 0, "bicycle": 0, "density": 0.2, "year_range": "unknown"}}, {"type": "Feature", "geometry": {"type": "Point", "coordinates": [-104.818018, 41.189189]}, "properties": {"crashes": 1, "injury": 0, "fatal": 0, "pedestrian": 0, "bicycle": 0, "density": 0.2, "year_range": "unknown"}}, {"type": "Feature", "geometry": {"type": "Point", "coordinates": [-104.83964, 41.131532]}, "properties": {"crashes": 1, "injury": 0, "fatal": 0, "pedestrian": 0, "bicycle": 0, "density": 0.2, "year_range": "unknown"}}, {"type": "Feature", "geometry": {"type": "Point", "coordinates": [-104.812613, 41.198198]}, "properties": {"crashes": 1, "injury": 0, "fatal": 0, "pedestrian": 0, "bicycle": 0, "density": 0.2, "year_range": "unknown"}}, {"type": "Feature", "geometry": {"type": "Point", "coordinates": [-104.83964, 41.194595]}, "properties": {"crashes": 1, "injury": 0, "fatal": 0, "pedestrian": 0, "bicycle": 0, "density": 0.2, "year_range": "unknown"}}, {"type": "Feature", "geometry": {"type": "Point", "coordinates": [-104.785586, 41.113514]}, "properties": {"crashes": 1, "injury": 0, "fatal": 0, "pedestrian": 0, "bicycle": 0, "density": 0.2, "year_range": "unknown"}}, {"type": "Feature", "geometry": {"type": "Point", "coordinates": [-104.720721, 41.145946]}, "properties": {"crashes": 1, "injury": 0, "fatal": 0, "pedestrian": 0, "bicycle": 0, "density": 0.2, "year_range": "unknown"}}, {"type": "Feature", "geometry": {"type": "Point", "coordinates": [-104.828829, 41.118919]}, "properties": {"crashes": 1, "injury": 0, "fatal": 0, "pedestrian": 0, "bicycle": 0, "density": 0.2, "year_range": "unknown"}}, {"type": "Feature", "geometry": {"type": "Point", "coordinates": [-104.758559, 41.135135]}, "properties": {"crashes": 2, "injury": 0, "fatal": 0, "pedestrian": 0, "bicycle": 0, "density": 0.5, "year_range": "unknown"}}, {"type": "Feature", "geometry": {"type": "Point", "coordinates": [-104.809009, 41.167568]}, "properties": {"crashes": 1, "injury": 0, "fatal": 0, "pedestrian": 0, "bicycle": 0, "density": 0.2, "year_range": "unknown"}}, {"type": "Feature", "geometry": {"type": "Point", "coordinates": [-104.801802, 41.138739]}, "properties": {"crashes": 1, "injury": 0, "fatal": 0, "pedestrian": 0, "bicycle": 0, "density": 0.2, "year_range": "unknown"}}, {"type": "Feature", "geometry": {"type": "Point", "coordinates": [-104.8, 41.172973]}, "properties": {"crashes": 1, "injury": 0, "fatal": 0, "pedestrian": 0, "bicycle": 0, "density": 0.2, "year_range": "unknown"}}, {"type": "Feature", "geometry": {"type": "Point", "coordinates": [-104.821622, 41.097297]}, "properties": {"crashes": 1, "injury": 0, "fatal": 0, "pedestrian": 0, "bicycle": 0, "density": 0.2, "year_range": "unknown"}}, {"type": "Feature", "geometry": {"type": "Point", "coordinates": [-104.70991, 41.140541]}, "properties": {"crashes": 1, "injury": 0, "fatal": 0, "pedestrian": 0, "bicycle": 0, "density": 0.2, "year_range": "unknown"}}, {"type": "Feature", "geometry": {"type": "Point", "coordinates": [-104.762162, 41.169369]}, "properties": {"crashes": 1, "injury": 0, "fatal": 0, "pedestrian": 0, "bicycle": 0, "density": 0.2, "year_range": "unknown"}}, {"type": "Feature", "geometry": {"type": "Point", "coordinates": [-105.007207, 41.145946]}, "properties": {"crashes": 1, "injury": 0, "fatal": 0, "pedestrian": 0, "bicycle": 0, "density": 0.2, "year_range": "unknown"}}, {"type": "Feature", "geometry": {"type": "Point", "coordinates": [-105.063063, 41.100901]}, "properties": {"crashes": 2, "injury": 0, "fatal": 0, "pedestrian": 0, "bicycle": 0, "density": 0.5, "year_range": "unknown"}}, {"type": "Feature", "geometry": {"type": "Point", "coordinates": [-104.769369, 41.171171]}, "properties": {"crashes": 1, "injury": 0, "fatal": 0, "pedestrian": 0, "bicycle": 0, "density": 0.2, "year_range": "unknown"}}, {"type": "Feature", "geometry": {"type": "Point", "coordinates": [-104.731532, 41.162162]}, "properties": {"crashes": 1, "injury": 0, "fatal": 0, "pedestrian": 0, "bicycle": 0, "density": 0.2, "year_range": "unknown"}}, {"type": "Feature", "geometry": {"type": "Point", "coordinates": [-104.821622, 41.10991]}, "properties": {"crashes": 1, "injury": 0, "fatal": 0, "pedestrian": 0, "bicycle": 0, "density": 0.2, "year_range": "unknown"}}, {"type": "Feature", "geometry": {"type": "Point", "coordinates": [-104.745946, 41.140541]}, "properties": {"crashes": 1, "injury": 0, "fatal": 0, "pedestrian": 0, "bicycle": 0, "density": 0.2, "year_range": "unknown"}}, {"type": "Feature", "geometry": {"type": "Point", "coordinates": [-104.697297, 41.122523]}, "properties": {"crashes": 1, "injury": 0, "fatal": 0, "pedestrian": 0, "bicycle": 0, "density": 0.2, "year_range": "unknown"}}, {"type": "Feature", "geometry": {"type": "Point", "coordinates": [-104.790991, 41.189189]}, "properties": {"crashes": 1, "injury": 0, "fatal": 0, "pedestrian": 0, "bicycle": 0, "density": 0.2, "year_range": "unknown"}}, {"type": "Feature", "geometry": {"type": "Point", "coordinates": [-104.837838, 41.236036]}, "properties": {"crashes": 1, "injury": 0, "fatal": 0, "pedestrian": 0, "bicycle": 0, "density": 0.2, "year_range": "unknown"}}, {"type": "Feature", "geometry": {"type": "Point", "coordinates": [-104.718919, 41.14955]}, "properties": {"crashes": 1, "injury": 0, "fatal": 0, "pedestrian": 0, "bicycle": 0, "density": 0.2, "year_range": "unknown"}}, {"type": "Feature", "geometry": {"type": "Point", "coordinates": [-104.821622, 41.165766]}, "properties": {"crashes": 1, "injury": 0, "fatal": 0, "pedestrian": 0, "bicycle": 0, "density": 0.2, "year_range": "unknown"}}, {"type": "Feature", "geometry": {"type": "Point", "coordinates": [-104.763964, 41.133333]}, "properties": {"crashes": 1, "injury": 0, "fatal": 0, "pedestrian": 0, "bicycle": 0, "density": 0.2, "year_range": "unknown"}}, {"type": "Feature", "geometry": {"type": "Point", "coordinates": [-104.767568, 41.120721]}, "properties": {"crashes": 1, "injury": 0, "fatal": 0, "pedestrian": 0, "bicycle": 0, "density": 0.2, "year_range": "unknown"}}, {"type": "Feature", "geometry": {"type": "Point", "coordinates": [-104.711712, 41.133333]}, "properties": {"crashes": 1, "injury": 0, "fatal": 0, "pedestrian": 0, "bicycle": 0, "density": 0.2, "year_range": "unknown"}}, {"type": "Feature", "geometry": {"type": "Point", "coordinates": [-104.81982, 41.113514]}, "properties": {"crashes": 2, "injury": 0, "fatal": 0, "pedestrian": 0, "bicycle": 0, "density": 0.5, "year_range": "unknown"}}, {"type": "Feature", "geometry": {"type": "Point", "coordinates": [-104.836036, 41.169369]}, "properties": {"crashes": 1, "injury": 0, "fatal": 0, "pedestrian": 0, "bicycle": 0, "density": 0.2, "year_range": "unknown"}}, {"type": "Feature", "geometry": {"type": "Point", "coordinates": [-104.816216, 41.124324]}, "properties": {"crashes": 1, "injury": 0, "fatal": 0, "pedestrian": 0, "bicycle": 0, "density": 0.2, "year_range": "unknown"}}, {"type": "Feature", "geometry": {"type": "Point", "coordinates": [-104.695495, 41.124324]}, "properties": {"crashes": 1, "injury": 0, "fatal": 0, "pedestrian": 0, "bicycle": 0, "density": 0.2, "year_range": "unknown"}}, {"type": "Feature", "geometry": {"type": "Point", "coordinates": [-104.886486, 41.115315]}, "properties": {"crashes": 1, "injury": 0, "fatal": 0, "pedestrian": 0, "bicycle": 0, "density": 0.2, "year_range": "unknown"}}, {"type": "Feature", "geometry": {"type": "Point", "coordinates": [-104.763964, 41.156757]}, "properties": {"crashes": 1, "injury": 0, "fatal": 0, "pedestrian": 0, "bicycle": 0, "density": 0.2, "year_range": "unknown"}}, {"type": "Feature", "geometry": {"type": "Point", "coordinates": [-104.796396, 41.218018]}, "properties": {"crashes": 1, "injury": 0, "fatal": 0, "pedestrian": 0, "bicycle": 0, "density": 0.2, "year_range": "unknown"}}, {"type": "Feature", "geometry": {"type": "Point", "coordinates": [-104.816216, 41.115315]}, "properties": {"crashes": 1, "injury": 0, "fatal": 0, "pedestrian": 0, "bicycle": 0, "density": 0.2, "year_range": "unknown"}}, {"type": "Feature", "geometry": {"type": "Point", "coordinates": [-104.832432, 41.142342]}, "properties": {"crashes": 1, "injury": 0, "fatal": 0, "pedestrian": 0, "bicycle": 0, "density": 0.2, "year_range": "unknown"}}, {"type": "Feature", "geometry": {"type": "Point", "coordinates": [-104.772973, 41.140541]}, "properties": {"crashes": 2, "injury": 0, "fatal": 0, "pedestrian": 0, "bicycle": 0, "density": 0.5, "year_range": "unknown"}}, {"type": "Feature", "geometry": {"type": "Point", "coordinates": [-104.693694, 41.140541]}, "properties": {"crashes": 1, "injury": 0, "fatal": 0, "pedestrian": 0, "bicycle": 0, "density": 0.2, "year_range": "unknown"}}, {"type": "Feature", "geometry": {"type": "Point", "coordinates": [-104.751351, 41.142342]}, "properties": {"crashes": 1, "injury": 0, "fatal": 0, "pedestrian": 0, "bicycle": 0, "density": 0.2, "year_range": "unknown"}}, {"type": "Feature", "geometry": {"type": "Point", "coordinates": [-104.783784, 41.145946]}, "properties": {"crashes": 1, "injury": 0, "fatal": 0, "pedestrian": 0, "bicycle": 0, "density": 0.2, "year_range": "unknown"}}, {"type": "Feature", "geometry": {"type": "Point", "coordinates": [-104.763964, 41.154955]}, "properties": {"crashes": 1, "injury": 0, "fatal": 0, "pedestrian": 0, "bicycle": 0, "density": 0.2, "year_range": "unknown"}}, {"type": "Feature", "geometry": {"type": "Point", "coordinates": [-104.854054, 41.099099]}, "properties": {"crashes": 1, "injury": 0, "fatal": 0, "pedestrian": 0, "bicycle": 0, "density": 0.2, "year_range": "unknown"}}, {"type": "Feature", "geometry": {"type": "Point", "coordinates": [-104.78018, 41.142342]}, "properties": {"crashes": 1, "injury": 0, "fatal": 0, "pedestrian": 0, "bicycle": 0, "density": 0.2, "year_range": "unknown"}}, {"type": "Feature", "geometry": {"type": "Point", "coordinates": [-104.801802, 41.144144]}, "properties": {"crashes": 2, "injury": 0, "fatal": 0, "pedestrian": 0, "bicycle": 0, "density": 0.5, "year_range": "unknown"}}, {"type": "Feature", "geometry": {"type": "Point", "coordinates": [-104.81982, 41.153153]}, "properties": {"crashes": 1, "injury": 0, "fatal": 0, "pedestrian": 0, "bicycle": 0, "density": 0.2, "year_range": "unknown"}}, {"type": "Feature", "geometry": {"type": "Point", "coordinates": [-104.827027, 41.106306]}, "properties": {"crashes": 1, "injury": 0, "fatal": 0, "pedestrian": 0, "bicycle": 0, "density": 0.2, "year_range": "unknown"}}, {"type": "Feature", "geometry": {"type": "Point", "coordinates": [-104.801802, 41.082883]}, "properties": {"crashes": 1, "injury": 0, "fatal": 0, "pedestrian": 0, "bicycle": 0, "density": 0.2, "year_range": "unknown"}}, {"type": "Feature", "geometry": {"type": "Point", "coordinates": [-104.841441, 41.18018]}, "properties": {"crashes": 1, "injury": 0, "fatal": 0, "pedestrian": 0, "bicycle": 0, "density": 0.2, "year_range": "unknown"}}, {"type": "Feature", "geometry": {"type": "Point", "coordinates": [-104.828829, 41.207207]}, "properties": {"crashes": 1, "injury": 0, "fatal": 0, "pedestrian": 0, "bicycle": 0, "density": 0.2, "year_range": "unknown"}}, {"type": "Feature", "geometry": {"type": "Point", "coordinates": [-104.666667, 41.16036]}, "properties": {"crashes": 1, "injury": 0, "fatal": 0, "pedestrian": 0, "bicycle": 0, "density": 0.2, "year_range": "unknown"}}, {"type": "Feature", "geometry": {"type": "Point", "coordinates": [-104.686486, 41.135135]}, "properties": {"crashes": 1, "injury": 0, "fatal": 0, "pedestrian": 0, "bicycle": 0, "density": 0.2, "year_range": "unknown"}}, {"type": "Feature", "geometry": {"type": "Point", "coordinates": [-104.763964, 41.127928]}, "properties": {"crashes": 1, "injury": 0, "fatal": 0, "pedestrian": 0, "bicycle": 0, "density": 0.2, "year_range": "unknown"}}, {"type": "Feature", "geometry": {"type": "Point", "coordinates": [-104.812613, 41.124324]}, "properties": {"crashes": 1, "injury": 0, "fatal": 0, "pedestrian": 0, "bicycle": 0, "density": 0.2, "year_range": "unknown"}}, {"type": "Feature", "geometry": {"type": "Point", "coordinates": [-104.769369, 41.151351]}, "properties": {"crashes": 1, "injury": 0, "fatal": 0, "pedestrian": 0, "bicycle": 0, "density": 0.2, "year_range": "unknown"}}, {"type": "Feature", "geometry": {"type": "Point", "coordinates": [-104.78018, 41.151351]}, "properties": {"crashes": 1, "injury": 0, "fatal": 0, "pedestrian": 0, "bicycle": 0, "density": 0.2, "year_range": "unknown"}}, {"type": "Feature", "geometry": {"type": "Point", "coordinates": [-104.753153, 41.165766]}, "properties": {"crashes": 1, "injury": 0, "fatal": 0, "pedestrian": 0, "bicycle": 0, "density": 0.2, "year_range": "unknown"}}, {"type": "Feature", "geometry": {"type": "Point", "coordinates": [-104.879279, 41.131532]}, "properties": {"crashes": 1, "injury": 0, "fatal": 0, "pedestrian": 0, "bicycle": 0, "density": 0.2, "year_range": "unknown"}}, {"type": "Feature", "geometry": {"type": "Point", "coordinates": [-104.837838, 41.21982]}, "properties": {"crashes": 1, "injury": 0, "fatal": 0, "pedestrian": 0, "bicycle": 0, "density": 0.2, "year_range": "unknown"}}, {"type": "Feature", "geometry": {"type": "Point", "coordinates": [-104.927928, 41.113514]}, "properties": {"crashes": 1, "injury": 0, "fatal": 0, "pedestrian": 0, "bicycle": 0, "density": 0.2, "year_range": "unknown"}}, {"type": "Feature", "geometry": {"type": "Point", "coordinates": [-104.756757, 41.133333]}, "properties": {"crashes": 1, "injury": 0, "fatal": 0, "pedestrian": 0, "bicycle": 0, "density": 0.2, "year_range": "unknown"}}, {"type": "Feature", "geometry": {"type": "Point", "coordinates": [-104.76036, 41.126126]}, "properties": {"crashes": 1, "injury": 0, "fatal": 0, "pedestrian": 0, "bicycle": 0, "density": 0.2, "year_range": "unknown"}}, {"type": "Feature", "geometry": {"type": "Point", "coordinates": [-104.747748, 41.16036]}, "properties": {"crashes": 2, "injury": 0, "fatal": 0, "pedestrian": 0, "bicycle": 0, "density": 0.5, "year_range": "unknown"}}, {"type": "Feature", "geometry": {"type": "Point", "coordinates": [-104.803604, 41.086486]}, "properties": {"crashes": 2, "injury": 0, "fatal": 0, "pedestrian": 0, "bicycle": 0, "density": 0.5, "year_range": "unknown"}}, {"type": "Feature", "geometry": {"type": "Point", "coordinates": [-104.841441, 41.174775]}, "properties": {"crashes": 1, "injury": 0, "fatal": 0, "pedestrian": 0, "bicycle": 0, "density": 0.2, "year_range": "unknown"}}, {"type": "Feature", "geometry": {"type": "Point", "coordinates": [-104.765766, 41.163964]}, "properties": {"crashes": 1, "injury": 0, "fatal": 0, "pedestrian": 0, "bicycle": 0, "density": 0.2, "year_range": "unknown"}}, {"type": "Feature", "geometry": {"type": "Point", "coordinates": [-104.756757, 41.124324]}, "properties": {"crashes": 2, "injury": 0, "fatal": 0, "pedestrian": 0, "bicycle": 0, "density": 0.5, "year_range": "unknown"}}, {"type": "Feature", "geometry": {"type": "Point", "coordinates": [-105.154955, 41.099099]}, "properties": {"crashes": 1, "injury": 0, "fatal": 0, "pedestrian": 0, "bicycle": 0, "density": 0.2, "year_range": "unknown"}}, {"type": "Feature", "geometry": {"type": "Point", "coordinates": [-104.877477, 41.133333]}, "properties": {"crashes": 1, "injury": 0, "fatal": 0, "pedestrian": 0, "bicycle": 0, "density": 0.2, "year_range": "unknown"}}, {"type": "Feature", "geometry": {"type": "Point", "coordinates": [-104.756757, 41.163964]}, "properties": {"crashes": 1, "injury": 0, "fatal": 0, "pedestrian": 0, "bicycle": 0, "density": 0.2, "year_range": "unknown"}}, {"type": "Feature", "geometry": {"type": "Point", "coordinates": [-105.001802, 41.104505]}, "properties": {"crashes": 1, "injury": 0, "fatal": 0, "pedestrian": 0, "bicycle": 0, "density": 0.2, "year_range": "unknown"}}, {"type": "Feature", "geometry": {"type": "Point", "coordinates": [-104.781982, 41.133333]}, "properties": {"crashes": 1, "injury": 0, "fatal": 0, "pedestrian": 0, "bicycle": 0, "density": 0.2, "year_range": "unknown"}}, {"type": "Feature", "geometry": {"type": "Point", "coordinates": [-104.812613, 41.102703]}, "properties": {"crashes": 1, "injury": 0, "fatal": 0, "pedestrian": 0, "bicycle": 0, "density": 0.2, "year_range": "unknown"}}, {"type": "Feature", "geometry": {"type": "Point", "coordinates": [-104.731532, 41.189189]}, "properties": {"crashes": 1, "injury": 0, "fatal": 0, "pedestrian": 0, "bicycle": 0, "density": 0.2, "year_range": "unknown"}}, {"type": "Feature", "geometry": {"type": "Point", "coordinates": [-104.794595, 41.055856]}, "properties": {"crashes": 2, "injury": 0, "fatal": 0, "pedestrian": 0, "bicycle": 0, "density": 0.5, "year_range": "unknown"}}, {"type": "Feature", "geometry": {"type": "Point", "coordinates": [-104.655856, 41.156757]}, "properties": {"crashes": 1, "injury": 0, "fatal": 0, "pedestrian": 0, "bicycle": 0, "density": 0.2, "year_range": "unknown"}}, {"type": "Feature", "geometry": {"type": "Point", "coordinates": [-104.83964, 41.147748]}, "properties": {"crashes": 1, "injury": 0, "fatal": 0, "pedestrian": 0, "bicycle": 0, "density": 0.2, "year_range": "unknown"}}, {"type": "Feature", "geometry": {"type": "Point", "coordinates": [-104.790991, 41.118919]}, "properties": {"crashes": 1, "injury": 0, "fatal": 0, "pedestrian": 0, "bicycle": 0, "density": 0.2, "year_range": "unknown"}}, {"type": "Feature", "geometry": {"type": "Point", "coordinates": [-104.859459, 41.117117]}, "properties": {"crashes": 1, "injury": 0, "fatal": 0, "pedestrian": 0, "bicycle": 0, "density": 0.2, "year_range": "unknown"}}, {"type": "Feature", "geometry": {"type": "Point", "coordinates": [-104.747748, 41.156757]}, "properties": {"crashes": 1, "injury": 0, "fatal": 0, "pedestrian": 0, "bicycle": 0, "density": 0.2, "year_range": "unknown"}}, {"type": "Feature", "geometry": {"type": "Point", "coordinates": [-104.713514, 41.145946]}, "properties": {"crashes": 1, "injury": 0, "fatal": 0, "pedestrian": 0, "bicycle": 0, "density": 0.2, "year_range": "unknown"}}, {"type": "Feature", "geometry": {"type": "Point", "coordinates": [-104.758559, 41.162162]}, "properties": {"crashes": 1, "injury": 0, "fatal": 0, "pedestrian": 0, "bicycle": 0, "density": 0.2, "year_range": "unknown"}}, {"type": "Feature", "geometry": {"type": "Point", "coordinates": [-104.812613, 41.165766]}, "properties": {"crashes": 3, "injury": 0, "fatal": 0, "pedestrian": 0, "bicycle": 0, "density": 0.8, "year_range": "unknown"}}, {"type": "Feature", "geometry": {"type": "Point", "coordinates": [-104.785586, 41.165766]}, "properties": {"crashes": 1, "injury": 0, "fatal": 0, "pedestrian": 0, "bicycle": 0, "density": 0.2, "year_range": "unknown"}}, {"type": "Feature", "geometry": {"type": "Point", "coordinates": [-104.789189, 41.225225]}, "properties": {"crashes": 1, "injury": 0, "fatal": 0, "pedestrian": 0, "bicycle": 0, "density": 0.2, "year_range": "unknown"}}, {"type": "Feature", "geometry": {"type": "Point", "coordinates": [-104.713514, 41.18018]}, "properties": {"crashes": 2, "injury": 0, "fatal": 0, "pedestrian": 0, "bicycle": 0, "density": 0.5, "year_range": "unknown"}}, {"type": "Feature", "geometry": {"type": "Point", "coordinates": [-104.785586, 41.120721]}, "properties": {"crashes": 1, "injury": 0, "fatal": 0, "pedestrian": 0, "bicycle": 0, "density": 0.2, "year_range": "unknown"}}, {"type": "Feature", "geometry": {"type": "Point", "coordinates": [-104.810811, 41.117117]}, "properties": {"crashes": 1, "injury": 0, "fatal": 0, "pedestrian": 0, "bicycle": 0, "density": 0.2, "year_range": "unknown"}}, {"type": "Feature", "geometry": {"type": "Point", "coordinates": [-104.845045, 41.122523]}, "properties": {"crashes": 1, "injury": 0, "fatal": 0, "pedestrian": 0, "bicycle": 0, "density": 0.2, "year_range": "unknown"}}, {"type": "Feature", "geometry": {"type": "Point", "coordinates": [-104.900901, 41.028829]}, "properties": {"crashes": 1, "injury": 0, "fatal": 0, "pedestrian": 0, "bicycle": 0, "density": 0.2, "year_range": "unknown"}}, {"type": "Feature", "geometry": {"type": "Point", "coordinates": [-104.796396, 41.102703]}, "properties": {"crashes": 2, "injury": 0, "fatal": 0, "pedestrian": 0, "bicycle": 0, "density": 0.5, "year_range": "unknown"}}, {"type": "Feature", "geometry": {"type": "Point", "coordinates": [-104.783784, 41.163964]}, "properties": {"crashes": 1, "injury": 0, "fatal": 0, "pedestrian": 0, "bicycle": 0, "density": 0.2, "year_range": "unknown"}}, {"type": "Feature", "geometry": {"type": "Point", "coordinates": [-104.796396, 41.172973]}, "properties": {"crashes": 1, "injury": 0, "fatal": 0, "pedestrian": 0, "bicycle": 0, "density": 0.2, "year_range": "unknown"}}, {"type": "Feature", "geometry": {"type": "Point", "coordinates": [-104.790991, 41.113514]}, "properties": {"crashes": 1, "injury": 0, "fatal": 0, "pedestrian": 0, "bicycle": 0, "density": 0.2, "year_range": "unknown"}}, {"type": "Feature", "geometry": {"type": "Point", "coordinates": [-104.821622, 41.178378]}, "properties": {"crashes": 1, "injury": 0, "fatal": 0, "pedestrian": 0, "bicycle": 0, "density": 0.2, "year_range": "unknown"}}, {"type": "Feature", "geometry": {"type": "Point", "coordinates": [-104.699099, 41.138739]}, "properties": {"crashes": 1, "injury": 0, "fatal": 0, "pedestrian": 0, "bicycle": 0, "density": 0.2, "year_range": "unknown"}}, {"type": "Feature", "geometry": {"type": "Point", "coordinates": [-105.120721, 41.099099]}, "properties": {"crashes": 1, "injury": 0, "fatal": 0, "pedestrian": 0, "bicycle": 0, "density": 0.2, "year_range": "unknown"}}, {"type": "Feature", "geometry": {"type": "Point", "coordinates": [-104.805405, 41.086486]}, "properties": {"crashes": 1, "injury": 0, "fatal": 0, "pedestrian": 0, "bicycle": 0, "density": 0.2, "year_range": "unknown"}}, {"type": "Feature", "geometry": {"type": "Point", "coordinates": [-104.827027, 41.142342]}, "properties": {"crashes": 1, "injury": 0, "fatal": 0, "pedestrian": 0, "bicycle": 0, "density": 0.2, "year_range": "unknown"}}, {"type": "Feature", "geometry": {"type": "Point", "coordinates": [-104.790991, 41.099099]}, "properties": {"crashes": 2, "injury": 0, "fatal": 0, "pedestrian": 0, "bicycle": 0, "density": 0.5, "year_range": "unknown"}}, {"type": "Feature", "geometry": {"type": "Point", "coordinates": [-104.637838, 41.158559]}, "properties": {"crashes": 1, "injury": 0, "fatal": 0, "pedestrian": 0, "bicycle": 0, "density": 0.2, "year_range": "unknown"}}, {"type": "Feature", "geometry": {"type": "Point", "coordinates": [-104.754955, 41.151351]}, "properties": {"crashes": 1, "injury": 0, "fatal": 0, "pedestrian": 0, "bicycle": 0, "density": 0.2, "year_range": "unknown"}}, {"type": "Feature", "geometry": {"type": "Point", "coordinates": [-104.81982, 41.147748]}, "properties": {"crashes": 1, "injury": 0, "fatal": 0, "pedestrian": 0, "bicycle": 0, "density": 0.2, "year_range": "unknown"}}, {"type": "Feature", "geometry": {"type": "Point", "coordinates": [-104.776577, 41.198198]}, "properties": {"crashes": 1, "injury": 0, "fatal": 0, "pedestrian": 0, "bicycle": 0, "density": 0.2, "year_range": "unknown"}}, {"type": "Feature", "geometry": {"type": "Point", "coordinates": [-104.837838, 41.237838]}, "properties": {"crashes": 1, "injury": 0, "fatal": 0, "pedestrian": 0, "bicycle": 0, "density": 0.2, "year_range": "unknown"}}, {"type": "Feature", "geometry": {"type": "Point", "coordinates": [-104.821622, 41.243243]}, "properties": {"crashes": 1, "injury": 0, "fatal": 0, "pedestrian": 0, "bicycle": 0, "density": 0.2, "year_range": "unknown"}}, {"type": "Feature", "geometry": {"type": "Point", "coordinates": [-104.827027, 41.165766]}, "properties": {"crashes": 1, "injury": 0, "fatal": 0, "pedestrian": 0, "bicycle": 0, "density": 0.2, "year_range": "unknown"}}, {"type": "Feature", "geometry": {"type": "Point", "coordinates": [-104.83964, 41.127928]}, "properties": {"crashes": 1, "injury": 0, "fatal": 0, "pedestrian": 0, "bicycle": 0, "density": 0.2, "year_range": "unknown"}}, {"type": "Feature", "geometry": {"type": "Point", "coordinates": [-104.81982, 41.176577]}, "properties": {"crashes": 1, "injury": 0, "fatal": 0, "pedestrian": 0, "bicycle": 0, "density": 0.2, "year_range": "unknown"}}, {"type": "Feature", "geometry": {"type": "Point", "coordinates": [-104.933333, 41.113514]}, "properties": {"crashes": 1, "injury": 0, "fatal": 0, "pedestrian": 0, "bicycle": 0, "density": 0.2, "year_range": "unknown"}}, {"type": "Feature", "geometry": {"type": "Point", "coordinates": [-104.798198, 41.255856]}, "properties": {"crashes": 1, "injury": 0, "fatal": 0, "pedestrian": 0, "bicycle": 0, "density": 0.2, "year_range": "unknown"}}, {"type": "Feature", "geometry": {"type": "Point", "coordinates": [-104.704505, 41.133333]}, "properties": {"crashes": 1, "injury": 0, "fatal": 0, "pedestrian": 0, "bicycle": 0, "density": 0.2, "year_range": "unknown"}}, {"type": "Feature", "geometry": {"type": "Point", "coordinates": [-104.792793, 41.151351]}, "properties": {"crashes": 1, "injury": 0, "fatal": 0, "pedestrian": 0, "bicycle": 0, "density": 0.2, "year_range": "unknown"}}, {"type": "Feature", "geometry": {"type": "Point", "coordinates": [-104.790991, 41.218018]}, "properties": {"crashes": 1, "injury": 0, "fatal": 0, "pedestrian": 0, "bicycle": 0, "density": 0.2, "year_range": "unknown"}}, {"type": "Feature", "geometry": {"type": "Point", "coordinates": [-104.882883, 41.218018]}, "properties": {"crashes": 1, "injury": 0, "fatal": 0, "pedestrian": 0, "bicycle": 0, "density": 0.2, "year_range": "unknown"}}, {"type": "Feature", "geometry": {"type": "Point", "coordinates": [-104.899099, 41.131532]}, "properties": {"crashes": 1, "injury": 0, "fatal": 0, "pedestrian": 0, "bicycle": 0, "density": 0.2, "year_range": "unknown"}}, {"type": "Feature", "geometry": {"type": "Point", "coordinates": [-104.825225, 41.167568]}, "properties": {"crashes": 1, "injury": 0, "fatal": 0, "pedestrian": 0, "bicycle": 0, "density": 0.2, "year_range": "unknown"}}, {"type": "Feature", "geometry": {"type": "Point", "coordinates": [-104.731532, 41.190991]}, "properties": {"crashes": 1, "injury": 0, "fatal": 0, "pedestrian": 0, "bicycle": 0, "density": 0.2, "year_range": "unknown"}}, {"type": "Feature", "geometry": {"type": "Point", "coordinates": [-104.785586, 41.153153]}, "properties": {"crashes": 1, "injury": 0, "fatal": 0, "pedestrian": 0, "bicycle": 0, "density": 0.2, "year_range": "unknown"}}, {"type": "Feature", "geometry": {"type": "Point", "coordinates": [-104.731532, 41.14955]}, "properties": {"crashes": 1, "injury": 0, "fatal": 0, "pedestrian": 0, "bicycle": 0, "density": 0.2, "year_range": "unknown"}}, {"type": "Feature", "geometry": {"type": "Point", "coordinates": [-104.776577, 41.162162]}, "properties": {"crashes": 1, "injury": 0, "fatal": 0, "pedestrian": 0, "bicycle": 0, "density": 0.2, "year_range": "unknown"}}, {"type": "Feature", "geometry": {"type": "Point", "coordinates": [-105.136937, 41.099099]}, "properties": {"crashes": 1, "injury": 0, "fatal": 0, "pedestrian": 0, "bicycle": 0, "density": 0.2, "year_range": "unknown"}}, {"type": "Feature", "geometry": {"type": "Point", "coordinates": [-104.85045, 41.218018]}, "properties": {"crashes": 1, "injury": 0, "fatal": 0, "pedestrian": 0, "bicycle": 0, "density": 0.2, "year_range": "unknown"}}, {"type": "Feature", "geometry": {"type": "Point", "coordinates": [-104.843243, 41.18018]}, "properties": {"crashes": 1, "injury": 0, "fatal": 0, "pedestrian": 0, "bicycle": 0, "density": 0.2, "year_range": "unknown"}}, {"type": "Feature", "geometry": {"type": "Point", "coordinates": [-104.825225, 41.181982]}, "properties": {"crashes": 2, "injury": 0, "fatal": 0, "pedestrian": 0, "bicycle": 0, "density": 0.5, "year_range": "unknown"}}, {"type": "Feature", "geometry": {"type": "Point", "coordinates": [-104.796396, 41.151351]}, "properties": {"crashes": 1, "injury": 0, "fatal": 0, "pedestrian": 0, "bicycle": 0, "density": 0.2, "year_range": "unknown"}}, {"type": "Feature", "geometry": {"type": "Point", "coordinates": [-104.790991, 41.106306]}, "properties": {"crashes": 1, "injury": 0, "fatal": 0, "pedestrian": 0, "bicycle": 0, "density": 0.2, "year_range": "unknown"}}, {"type": "Feature", "geometry": {"type": "Point", "coordinates": [-104.830631, 41.14955]}, "properties": {"crashes": 1, "injury": 0, "fatal": 0, "pedestrian": 0, "bicycle": 0, "density": 0.2, "year_range": "unknown"}}, {"type": "Feature", "geometry": {"type": "Point", "coordinates": [-104.863063, 41.073874]}, "properties": {"crashes": 1, "injury": 0, "fatal": 0, "pedestrian": 0, "bicycle": 0, "density": 0.2, "year_range": "unknown"}}, {"type": "Feature", "geometry": {"type": "Point", "coordinates": [-104.881081, 41.151351]}, "properties": {"crashes": 1, "injury": 0, "fatal": 0, "pedestrian": 0, "bicycle": 0, "density": 0.2, "year_range": "unknown"}}, {"type": "Feature", "geometry": {"type": "Point", "coordinates": [-104.843243, 41.12973]}, "properties": {"crashes": 1, "injury": 0, "fatal": 0, "pedestrian": 0, "bicycle": 0, "density": 0.2, "year_range": "unknown"}}, {"type": "Feature", "geometry": {"type": "Point", "coordinates": [-104.861261, 41.218018]}, "properties": {"crashes": 1, "injury": 0, "fatal": 0, "pedestrian": 0, "bicycle": 0, "density": 0.2, "year_range": "unknown"}}, {"type": "Feature", "geometry": {"type": "Point", "coordinates": [-104.843243, 41.05045]}, "properties": {"crashes": 2, "injury": 0, "fatal": 0, "pedestrian": 0, "bicycle": 0, "density": 0.5, "year_range": "unknown"}}, {"type": "Feature", "geometry": {"type": "Point", "coordinates": [-104.765766, 41.122523]}, "properties": {"crashes": 1, "injury": 0, "fatal": 0, "pedestrian": 0, "bicycle": 0, "density": 0.2, "year_range": "unknown"}}, {"type": "Feature", "geometry": {"type": "Point", "coordinates": [-104.758559, 41.140541]}, "properties": {"crashes": 1, "injury": 0, "fatal": 0, "pedestrian": 0, "bicycle": 0, "density": 0.2, "year_range": "unknown"}}, {"type": "Feature", "geometry": {"type": "Point", "coordinates": [-104.875676, 41.081081]}, "properties": {"crashes": 1, "injury": 0, "fatal": 0, "pedestrian": 0, "bicycle": 0, "density": 0.2, "year_range": "unknown"}}, {"type": "Feature", "geometry": {"type": "Point", "coordinates": [-104.809009, 41.061261]}, "properties": {"crashes": 1, "injury": 0, "fatal": 0, "pedestrian": 0, "bicycle": 0, "density": 0.2, "year_range": "unknown"}}, {"type": "Feature", "geometry": {"type": "Point", "coordinates": [-104.807207, 41.189189]}, "properties": {"crashes": 1, "injury": 0, "fatal": 0, "pedestrian": 0, "bicycle": 0, "density": 0.2, "year_range": "unknown"}}, {"type": "Feature", "geometry": {"type": "Point", "coordinates": [-104.803604, 41.079279]}, "properties": {"crashes": 1, "injury": 0, "fatal": 0, "pedestrian": 0, "bicycle": 0, "density": 0.2, "year_range": "unknown"}}, {"type": "Feature", "geometry": {"type": "Point", "coordinates": [-104.825225, 41.218018]}, "properties": {"crashes": 2, "injury": 0, "fatal": 0, "pedestrian": 0, "bicycle": 0, "density": 0.5, "year_range": "unknown"}}, {"type": "Feature", "geometry": {"type": "Point", "coordinates": [-104.771171, 41.171171]}, "properties": {"crashes": 1, "injury": 0, "fatal": 0, "pedestrian": 0, "bicycle": 0, "density": 0.2, "year_range": "unknown"}}, {"type": "Feature", "geometry": {"type": "Point", "coordinates": [-104.798198, 41.254054]}, "properties": {"crashes": 1, "injury": 0, "fatal": 0, "pedestrian": 0, "bicycle": 0, "density": 0.2, "year_range": "unknown"}}, {"type": "Feature", "geometry": {"type": "Point", "coordinates": [-104.747748, 41.158559]}, "properties": {"crashes": 1, "injury": 0, "fatal": 0, "pedestrian": 0, "bicycle": 0, "density": 0.2, "year_range": "unknown"}}, {"type": "Feature", "geometry": {"type": "Point", "coordinates": [-104.825225, 41.169369]}, "properties": {"crashes": 1, "injury": 0, "fatal": 0, "pedestrian": 0, "bicycle": 0, "density": 0.2, "year_range": "unknown"}}, {"type": "Feature", "geometry": {"type": "Point", "coordinates": [-105.108108, 41.097297]}, "properties": {"crashes": 1, "injury": 0, "fatal": 0, "pedestrian": 0, "bicycle": 0, "density": 0.2, "year_range": "unknown"}}, {"type": "Feature", "geometry": {"type": "Point", "coordinates": [-104.994595, 41.106306]}, "properties": {"crashes": 1, "injury": 0, "fatal": 0, "pedestrian": 0, "bicycle": 0, "density": 0.2, "year_range": "unknown"}}, {"type": "Feature", "geometry": {"type": "Point", "coordinates": [-104.837838, 41.151351]}, "properties": {"crashes": 1, "injury": 0, "fatal": 0, "pedestrian": 0, "bicycle": 0, "density": 0.2, "year_range": "unknown"}}, {"type": "Feature", "geometry": {"type": "Point", "coordinates": [-104.63964, 41.172973]}, "properties": {"crashes": 1, "injury": 0, "fatal": 0, "pedestrian": 0, "bicycle": 0, "density": 0.2, "year_range": "unknown"}}, {"type": "Feature", "geometry": {"type": "Point", "coordinates": [-104.843243, 41.172973]}, "properties": {"crashes": 1, "injury": 0, "fatal": 0, "pedestrian": 0, "bicycle": 0, "density": 0.2, "year_range": "unknown"}}, {"type": "Feature", "geometry": {"type": "Point", "coordinates": [-104.731532, 41.151351]}, "properties": {"crashes": 1, "injury": 0, "fatal": 0, "pedestrian": 0, "bicycle": 0, "density": 0.2, "year_range": "unknown"}}, {"type": "Feature", "geometry": {"type": "Point", "coordinates": [-104.803604, 41.113514]}, "properties": {"crashes": 1, "injury": 0, "fatal": 0, "pedestrian": 0, "bicycle": 0, "density": 0.2, "year_range": "unknown"}}, {"type": "Feature", "geometry": {"type": "Point", "coordinates": [-104.828829, 41.192793]}, "properties": {"crashes": 1, "injury": 0, "fatal": 0, "pedestrian": 0, "bicycle": 0, "density": 0.2, "year_range": "unknown"}}, {"type": "Feature", "geometry": {"type": "Point", "coordinates": [-104.702703, 41.131532]}, "properties": {"crashes": 1, "injury": 0, "fatal": 0, "pedestrian": 0, "bicycle": 0, "density": 0.2, "year_range": "unknown"}}, {"type": "Feature", "geometry": {"type": "Point", "coordinates": [-104.736937, 41.158559]}, "properties": {"crashes": 1, "injury": 0, "fatal": 0, "pedestrian": 0, "bicycle": 0, "density": 0.2, "year_range": "unknown"}}, {"type": "Feature", "geometry": {"type": "Point", "coordinates": [-104.812613, 41.181982]}, "properties": {"crashes": 1, "injury": 0, "fatal": 0, "pedestrian": 0, "bicycle": 0, "density": 0.2, "year_range": "unknown"}}, {"type": "Feature", "geometry": {"type": "Point", "coordinates": [-104.756757, 41.178378]}, "properties": {"crashes": 1, "injury": 0, "fatal": 0, "pedestrian": 0, "bicycle": 0, "density": 0.2, "year_range": "unknown"}}, {"type": "Feature", "geometry": {"type": "Point", "coordinates": [-104.895495, 41.145946]}, "properties": {"crashes": 1, "injury": 0, "fatal": 0, "pedestrian": 0, "bicycle": 0, "density": 0.2, "year_range": "unknown"}}, {"type": "Feature", "geometry": {"type": "Point", "coordinates": [-104.830631, 41.135135]}, "properties": {"crashes": 1, "injury": 0, "fatal": 0, "pedestrian": 0, "bicycle": 0, "density": 0.2, "year_range": "unknown"}}, {"type": "Feature", "geometry": {"type": "Point", "coordinates": [-104.769369, 41.158559]}, "properties": {"crashes": 1, "injury": 0, "fatal": 0, "pedestrian": 0, "bicycle": 0, "density": 0.2, "year_range": "unknown"}}, {"type": "Feature", "geometry": {"type": "Point", "coordinates": [-104.747748, 41.153153]}, "properties": {"crashes": 1, "injury": 0, "fatal": 0, "pedestrian": 0, "bicycle": 0, "density": 0.2, "year_range": "unknown"}}, {"type": "Feature", "geometry": {"type": "Point", "coordinates": [-105.09009, 41.099099]}, "properties": {"crashes": 1, "injury": 0, "fatal": 0, "pedestrian": 0, "bicycle": 0, "density": 0.2, "year_range": "unknown"}}, {"type": "Feature", "geometry": {"type": "Point", "coordinates": [-104.796396, 41.106306]}, "properties": {"crashes": 2, "injury": 0, "fatal": 0, "pedestrian": 0, "bicycle": 0, "density": 0.5, "year_range": "unknown"}}, {"type": "Feature", "geometry": {"type": "Point", "coordinates": [-104.765766, 41.131532]}, "properties": {"crashes": 1, "injury": 0, "fatal": 0, "pedestrian": 0, "bicycle": 0, "density": 0.2, "year_range": "unknown"}}, {"type": "Feature", "geometry": {"type": "Point", "coordinates": [-104.8, 41.189189]}, "properties": {"crashes": 2, "injury": 0, "fatal": 0, "pedestrian": 0, "bicycle": 0, "density": 0.5, "year_range": "unknown"}}, {"type": "Feature", "geometry": {"type": "Point", "coordinates": [-104.772973, 41.169369]}, "properties": {"crashes": 1, "injury": 0, "fatal": 0, "pedestrian": 0, "bicycle": 0, "density": 0.2, "year_range": "unknown"}}, {"type": "Feature", "geometry": {"type": "Point", "coordinates": [-104.807207, 41.18018]}, "properties": {"crashes": 1, "injury": 0, "fatal": 0, "pedestrian": 0, "bicycle": 0, "density": 0.2, "year_range": "unknown"}}, {"type": "Feature", "geometry": {"type": "Point", "coordinates": [-105.005405, 41.151351]}, "properties": {"crashes": 1, "injury": 0, "fatal": 0, "pedestrian": 0, "bicycle": 0, "density": 0.2, "year_range": "unknown"}}, {"type": "Feature", "geometry": {"type": "Point", "coordinates": [-104.636036, 41.057658]}, "properties": {"crashes": 1, "injury": 0, "fatal": 0, "pedestrian": 0, "bicycle": 0, "density": 0.2, "year_range": "unknown"}}, {"type": "Feature", "geometry": {"type": "Point", "coordinates": [-104.805405, 41.122523]}, "properties": {"crashes": 1, "injury": 0, "fatal": 0, "pedestrian": 0, "bicycle": 0, "density": 0.2, "year_range": "unknown"}}, {"type": "Feature", "geometry": {"type": "Point", "coordinates": [-104.67027, 41.122523]}, "properties": {"crashes": 1, "injury": 0, "fatal": 0, "pedestrian": 0, "bicycle": 0, "density": 0.2, "year_range": "unknown"}}, {"type": "Feature", "geometry": {"type": "Point", "coordinates": [-104.877477, 41.131532]}, "properties": {"crashes": 1, "injury": 0, "fatal": 0, "pedestrian": 0, "bicycle": 0, "density": 0.2, "year_range": "unknown"}}, {"type": "Feature", "geometry": {"type": "Point", "coordinates": [-104.807207, 41.082883]}, "properties": {"crashes": 1, "injury": 0, "fatal": 0, "pedestrian": 0, "bicycle": 0, "density": 0.2, "year_range": "unknown"}}, {"type": "Feature", "geometry": {"type": "Point", "coordinates": [-104.872072, 41.064865]}, "properties": {"crashes": 1, "injury": 0, "fatal": 0, "pedestrian": 0, "bicycle": 0, "density": 0.2, "year_range": "unknown"}}, {"type": "Feature", "geometry": {"type": "Point", "coordinates": [-104.810811, 41.16036]}, "properties": {"crashes": 1, "injury": 0, "fatal": 0, "pedestrian": 0, "bicycle": 0, "density": 0.2, "year_range": "unknown"}}, {"type": "Feature", "geometry": {"type": "Point", "coordinates": [-104.704505, 41.138739]}, "properties": {"crashes": 1, "injury": 0, "fatal": 0, "pedestrian": 0, "bicycle": 0, "density": 0.2, "year_range": "unknown"}}, {"type": "Feature", "geometry": {"type": "Point", "coordinates": [-104.754955, 41.154955]}, "properties": {"crashes": 1, "injury": 0, "fatal": 0, "pedestrian": 0, "bicycle": 0, "density": 0.2, "year_range": "unknown"}}, {"type": "Feature", "geometry": {"type": "Point", "coordinates": [-104.801802, 41.120721]}, "properties": {"crashes": 1, "injury": 0, "fatal": 0, "pedestrian": 0, "bicycle": 0, "density": 0.2, "year_range": "unknown"}}, {"type": "Feature", "geometry": {"type": "Point", "coordinates": [-104.78018, 41.190991]}, "properties": {"crashes": 1, "injury": 0, "fatal": 0, "pedestrian": 0, "bicycle": 0, "density": 0.2, "year_range": "unknown"}}, {"type": "Feature", "geometry": {"type": "Point", "coordinates": [-104.790991, 41.153153]}, "properties": {"crashes": 1, "injury": 0, "fatal": 0, "pedestrian": 0, "bicycle": 0, "density": 0.2, "year_range": "unknown"}}, {"type": "Feature", "geometry": {"type": "Point", "coordinates": [-104.792793, 41.052252]}, "properties": {"crashes": 1, "injury": 0, "fatal": 0, "pedestrian": 0, "bicycle": 0, "density": 0.2, "year_range": "unknown"}}, {"type": "Feature", "geometry": {"type": "Point", "coordinates": [-104.765766, 41.171171]}, "properties": {"crashes": 1, "injury": 0, "fatal": 0, "pedestrian": 0, "bicycle": 0, "density": 0.2, "year_range": "unknown"}}, {"type": "Feature", "geometry": {"type": "Point", "coordinates": [-104.735135, 41.154955]}, "properties": {"crashes": 1, "injury": 0, "fatal": 0, "pedestrian": 0, "bicycle": 0, "density": 0.2, "year_range": "unknown"}}, {"type": "Feature", "geometry": {"type": "Point", "coordinates": [-104.772973, 41.163964]}, "properties": {"crashes": 1, "injury": 0, "fatal": 0, "pedestrian": 0, "bicycle": 0, "density": 0.2, "year_range": "unknown"}}, {"type": "Feature", "geometry": {"type": "Point", "coordinates": [-104.816216, 41.174775]}, "properties": {"crashes": 1, "injury": 0, "fatal": 0, "pedestrian": 0, "bicycle": 0, "density": 0.2, "year_range": "unknown"}}, {"type": "Feature", "geometry": {"type": "Point", "coordinates": [-104.936937, 41.111712]}, "properties": {"crashes": 1, "injury": 0, "fatal": 0, "pedestrian": 0, "bicycle": 0, "density": 0.2, "year_range": "unknown"}}, {"type": "Feature", "geometry": {"type": "Point", "coordinates": [-104.731532, 41.18018]}, "properties": {"crashes": 1, "injury": 0, "fatal": 0, "pedestrian": 0, "bicycle": 0, "density": 0.2, "year_range": "unknown"}}, {"type": "Feature", "geometry": {"type": "Point", "coordinates": [-104.798198, 41.14955]}, "properties": {"crashes": 1, "injury": 0, "fatal": 0, "pedestrian": 0, "bicycle": 0, "density": 0.2, "year_range": "unknown"}}, {"type": "Feature", "geometry": {"type": "Point", "coordinates": [-104.742342, 41.158559]}, "properties": {"crashes": 1, "injury": 0, "fatal": 0, "pedestrian": 0, "bicycle": 0, "density": 0.2, "year_range": "unknown"}}, {"type": "Feature", "geometry": {"type": "Point", "coordinates": [-104.846847, 41.190991]}, "properties": {"crashes": 1, "injury": 0, "fatal": 0, "pedestrian": 0, "bicycle": 0, "density": 0.2, "year_range": "unknown"}}, {"type": "Feature", "geometry": {"type": "Point", "coordinates": [-104.781982, 41.176577]}, "properties": {"crashes": 1, "injury": 0, "fatal": 0, "pedestrian": 0, "bicycle": 0, "density": 0.2, "year_range": "unknown"}}, {"type": "Feature", "geometry": {"type": "Point", "coordinates": [-104.776577, 41.133333]}, "properties": {"crashes": 1, "injury": 0, "fatal": 0, "pedestrian": 0, "bicycle": 0, "density": 0.2, "year_range": "unknown"}}, {"type": "Feature", "geometry": {"type": "Point", "coordinates": [-104.836036, 41.142342]}, "properties": {"crashes": 1, "injury": 0, "fatal": 0, "pedestrian": 0, "bicycle": 0, "density": 0.2, "year_range": "unknown"}}, {"type": "Feature", "geometry": {"type": "Point", "coordinates": [-104.924324, 41.131532]}, "properties": {"crashes": 1, "injury": 0, "fatal": 0, "pedestrian": 0, "bicycle": 0, "density": 0.2, "year_range": "unknown"}}, {"type": "Feature", "geometry": {"type": "Point", "coordinates": [-104.805405, 41.088288]}, "properties": {"crashes": 1, "injury": 0, "fatal": 0, "pedestrian": 0, "bicycle": 0, "density": 0.2, "year_range": "unknown"}}, {"type": "Feature", "geometry": {"type": "Point", "coordinates": [-104.832432, 41.174775]}, "properties": {"crashes": 1, "injury": 0, "fatal": 0, "pedestrian": 0, "bicycle": 0, "density": 0.2, "year_range": "unknown"}}, {"type": "Feature", "geometry": {"type": "Point", "coordinates": [-104.796396, 41.147748]}, "properties": {"crashes": 1, "injury": 0, "fatal": 0, "pedestrian": 0, "bicycle": 0, "density": 0.2, "year_range": "unknown"}}]}