{"type": "FeatureCollection", "features": [{"type": "Feature", "geometry": {"type": "Point", "coordinates": [-91.740541, 35.248649]}, "properties": {"crashes": 16, "injury": 2, "fatal": 0, "pedestrian": 0, "bicycle": 0, "density": 4.0, "year_range": "unknown"}}, {"type": "Feature", "geometry": {"type": "Point", "coordinates": [-91.718919, 35.25045]}, "properties": {"crashes": 38, "injury": 3, "fatal": 0, "pedestrian": 0, "bicycle": 0, "density": 9.5, "year_range": "unknown"}}, {"type": "Feature", "geometry": {"type": "Point", "coordinates": [-91.722523, 35.216216]}, "properties": {"crashes": 4, "injury": 0, "fatal": 0, "pedestrian": 0, "bicycle": 0, "density": 1.0, "year_range": "unknown"}}, {"type": "Feature", "geometry": {"type": "Point", "coordinates": [-91.704505, 35.232432]}, "properties": {"crashes": 5, "injury": 1, "fatal": 1, "pedestrian": 0, "bicycle": 0, "density": 1.2, "year_range": "unknown"}}, {"type": "Feature", "geometry": {"type": "Point", "coordinates": [-91.69009, 35.241441]}, "properties": {"crashes": 27, "injury": 1, "fatal": 0, "pedestrian": 0, "bicycle": 0, "density": 6.8, "year_range": "unknown"}}, {"type": "Feature", "geometry": {"type": "Point", "coordinates": [-91.726126, 35.209009]}, "properties": {"crashes": 4, "injury": 0, "fatal": 0, "pedestrian": 0, "bicycle": 0, "density": 1.0, "year_range": "unknown"}}, {"type": "Feature", "geometry": {"type": "Point", "coordinates": [-91.718919, 35.21982]}, "properties": {"crashes": 6, "injury": 1, "fatal": 0, "pedestrian": 0, "bicycle": 0, "density": 1.5, "year_range": "unknown"}}, {"type": "Feature", "geometry": {"type": "Point", "coordinates": [-91.688288, 35.25045]}, "properties": {"crashes": 75, "injury": 6, "fatal": 0, "pedestrian": 0, "bicycle": 0, "density": 18.8, "year_range": "unknown"}}, {"type": "Feature", "geometry": {"type": "Point", "coordinates": [-91.72973, 35.268468]}, "properties": {"crashes": 4, "injury": 0, "fatal": 0, "pedestrian": 0, "bicycle": 0, "density": 1.0, "year_range": "unknown"}}, {"type": "Feature", "geometry": {"type": "Point", "coordinates": [-91.686486, 35.255856]}, "properties": {"crashes": 12, "injury": 1, "fatal": 0, "pedestrian": 0, "bicycle": 0, "density": 3.0, "year_range": "unknown"}}, {"type": "Feature", "geometry": {"type": "Point", "coordinates": [-91.715315, 35.223423]}, "properties": {"crashes": 4, "injury": 1, "fatal": 1, "pedestrian": 0, "bicycle": 0, "density": 1.0, "year_range": "unknown"}}, {"type": "Feature", "geometry": {"type": "Point", "coordinates": [-91.715315, 35.25045]}, "properties": {"crashes": 43, "injury": 8, "fatal": 0, "pedestrian": 0, "bicycle": 0, "density": 10.8, "year_range": "unknown"}}, {"type": "Feature", "geometry": {"type": "Point", "coordinates": [-91.693694, 35.25045]}, "properties": {"crashes": 59, "injury": 5, "fatal": 0, "pedestrian": 0, "bicycle": 0, "density": 14.8, "year_range": "unknown"}}, {"type": "Feature", "geometry": {"type": "Point", "coordinates": [-91.731532, 35.232432]}, "properties": {"crashes": 3, "injury": 0, "fatal": 0, "pedestrian": 0, "bicycle": 0, "density": 0.8, "year_range": "unknown"}}, {"type": "Feature", "geometry": {"type": "Point", "coordinates": [-91.738739, 35.246847]}, "properties": {"crashes": 4, "injury": 0, "fatal": 0, "pedestrian": 0, "bicycle": 0, "density": 1.0, "year_range": "unknown"}}, {"type": "Feature", "geometry": {"type": "Point", "coordinates": [-91.713514, 35.25045]}, "properties": {"crashes": 72, "injury": 8, "fatal": 0, "pedestrian": 0, "bicycle": 0, "density": 18.0, "year_range": "unknown"}}, {"type": "Feature", "geometry": {"type": "Point", "coordinates": [-91.74955, 35.248649]}, "properties": {"crashes": 38, "injury": 3, "fatal": 0, "pedestrian": 0, "bicycle": 0, "density": 9.5, "year_range": "unknown"}}, {"type": "Feature", "geometry": {"type": "Point", "coordinates": [-91.691892, 35.25045]}, "properties": {"crashes": 162, "injury": 10, "fatal": 0, "pedestrian": 0, "bicycle": 0, "density": 40.5, "year_range": "unknown"}}, {"type": "Feature", "geometry": {"type": "Point", "coordinates": [-91.736937, 35.252252]}, "properties": {"crashes": 8, "injury": 0, "fatal": 0, "pedestrian": 0, "bicycle": 0, "density": 2.0, "year_range": "unknown"}}, {"type": "Feature", "geometry": {"type": "Point", "coordinates": [-91.762162, 35.255856]}, "properties": {"crashes": 5, "injury": 0, "fatal": 0, "pedestrian": 0, "bicycle": 0, "density": 1.2, "year_range": "unknown"}}, {"type": "Feature", "geometry": {"type": "Point", "coordinates": [-91.713514, 35.248649]}, "properties": {"crashes": 15, "injury": 1, "fatal": 0, "pedestrian": 0, "bicycle": 0, "density": 3.8, "year_range": "unknown"}}, {"type": "Feature", "geometry": {"type": "Point", "coordinates": [-91.733333, 35.23964]}, "properties": {"crashes": 1, "injury": 1, "fatal": 0, "pedestrian": 0, "bicycle": 0, "density": 0.2, "year_range": "unknown"}}, {"type": "Feature", "geometry": {"type": "Point", "coordinates": [-91.783784, 35.246847]}, "properties": {"crashes": 9, "injury": 3, "fatal": 0, "pedestrian": 0, "bicycle": 0, "density": 2.2, "year_range": "unknown"}}, {"type": "Feature", "geometry": {"type": "Point", "coordinates": [-91.753153, 35.245045]}, "properties": {"crashes": 9, "injury": 0, "fatal": 0, "pedestrian": 0, "bicycle": 0, "density": 2.2, "year_range": "unknown"}}, {"type": "Feature", "geometry": {"type": "Point", "coordinates": [-91.76036, 35.246847]}, "properties": {"crashes": 13, "injury": 1, "fatal": 0, "pedestrian": 0, "bicycle": 0, "density": 3.2, "year_range": "unknown"}}, {"type": "Feature", "geometry": {"type": "Point", "coordinates": [-91.738739, 35.243243]}, "properties": {"crashes": 4, "injury": 1, "fatal": 0, "pedestrian": 0, "bicycle": 0, "density": 1.0, "year_range": "unknown"}}, {"type": "Feature", "geometry": {"type": "Point", "coordinates": [-91.677477, 35.252252]}, "properties": {"crashes": 1, "injury": 0, "fatal": 0, "pedestrian": 0, "bicycle": 0, "density": 0.2, "year_range": "unknown"}}, {"type": "Feature", "geometry": {"type": "Point", "coordinates": [-91.720721, 35.223423]}, "properties": {"crashes": 16, "injury": 3, "fatal": 0, "pedestrian": 0, "bicycle": 0, "density": 4.0, "year_range": "unknown"}}, {"type": "Feature", "geometry": {"type": "Point", "coordinates": [-91.727928, 35.207207]}, "properties": {"crashes": 3, "injury": 0, "fatal": 0, "pedestrian": 0, "bicycle": 0, "density": 0.8, "year_range": "unknown"}}, {"type": "Feature", "geometry": {"type": "Point", "coordinates": [-91.686486, 35.248649]}, "properties": {"crashes": 17, "injury": 0, "fatal": 0, "pedestrian": 0, "bicycle": 0, "density": 4.2, "year_range": "unknown"}}, {"type": "Feature", "geometry": {"type": "Point", "coordinates": [-91.733333, 35.201802]}, "properties": {"crashes": 11, "injury": 3, "fatal": 0, "pedestrian": 0, "bicycle": 0, "density": 2.8, "year_range": "unknown"}}, {"type": "Feature", "geometry": {"type": "Point", "coordinates": [-91.686486, 35.25045]}, "properties": {"crashes": 103, "injury": 8, "fatal": 1, "pedestrian": 0, "bicycle": 0, "density": 25.8, "year_range": "unknown"}}, {"type": "Feature", "geometry": {"type": "Point", "coordinates": [-91.792793, 35.246847]}, "properties": {"crashes": 64, "injury": 7, "fatal": 0, "pedestrian": 0, "bicycle": 0, "density": 16.0, "year_range": "unknown"}}, {"type": "Feature", "geometry": {"type": "Point", "coordinates": [-91.731532, 35.223423]}, "properties": {"crashes": 29, "injury": 3, "fatal": 0, "pedestrian": 0, "bicycle": 0, "density": 7.2, "year_range": "unknown"}}, {"type": "Feature", "geometry": {"type": "Point", "coordinates": [-91.771171, 35.246847]}, "properties": {"crashes": 4, "injury": 1, "fatal": 0, "pedestrian": 0, "bicycle": 0, "density": 1.0, "year_range": "unknown"}}, {"type": "Feature", "geometry": {"type": "Point", "coordinates": [-91.733333, 35.243243]}, "properties": {"crashes": 18, "injury": 3, "fatal": 0, "pedestrian": 0, "bicycle": 0, "density": 4.5, "year_range": "unknown"}}, {"type": "Feature", "geometry": {"type": "Point", "coordinates": [-91.704505, 35.254054]}, "properties": {"crashes": 9, "injury": 1, "fatal": 0, "pedestrian": 0, "bicycle": 0, "density": 2.2, "year_range": "unknown"}}, {"type": "Feature", "geometry": {"type": "Point", "coordinates": [-91.740541, 35.246847]}, "properties": {"crashes": 51, "injury": 1, "fatal": 0, "pedestrian": 0, "bicycle": 0, "density": 12.8, "year_range": "unknown"}}, {"type": "Feature", "geometry": {"type": "Point", "coordinates": [-91.713514, 35.245045]}, "properties": {"crashes": 21, "injury": 3, "fatal": 0, "pedestrian": 0, "bicycle": 0, "density": 5.2, "year_range": "unknown"}}, {"type": "Feature", "geometry": {"type": "Point", "coordinates": [-91.722523, 35.214414]}, "properties": {"crashes": 4, "injury": 1, "fatal": 0, "pedestrian": 0, "bicycle": 0, "density": 1.0, "year_range": "unknown"}}, {"type": "Feature", "geometry": {"type": "Point", "coordinates": [-91.695495, 35.236036]}, "properties": {"crashes": 4, "injury": 0, "fatal": 0, "pedestrian": 0, "bicycle": 0, "density": 1.0, "year_range": "unknown"}}, {"type": "Feature", "geometry": {"type": "Point", "coordinates": [-91.715315, 35.241441]}, "properties": {"crashes": 9, "injury": 0, "fatal": 0, "pedestrian": 0, "bicycle": 0, "density": 2.2, "year_range": "unknown"}}, {"type": "Feature", "geometry": {"type": "Point", "coordinates": [-91.740541, 35.243243]}, "properties": {"crashes": 53, "injury": 6, "fatal": 0, "pedestrian": 0, "bicycle": 0, "density": 13.2, "year_range": "unknown"}}, {"type": "Feature", "geometry": {"type": "Point", "coordinates": [-91.736937, 35.243243]}, "properties": {"crashes": 148, "injury": 12, "fatal": 0, "pedestrian": 0, "bicycle": 0, "density": 37.0, "year_range": "unknown"}}, {"type": "Feature", "geometry": {"type": "Point", "coordinates": [-91.717117, 35.25045]}, "properties": {"crashes": 25, "injury": 0, "fatal": 0, "pedestrian": 0, "bicycle": 0, "density": 6.2, "year_range": "unknown"}}, {"type": "Feature", "geometry": {"type": "Point", "coordinates": [-91.718919, 35.246847]}, "properties": {"crashes": 1, "injury": 0, "fatal": 0, "pedestrian": 0, "bicycle": 0, "density": 0.2, "year_range": "unknown"}}, {"type": "Feature", "geometry": {"type": "Point", "coordinates": [-91.765766, 35.246847]}, "properties": {"crashes": 52, "injury": 3, "fatal": 1, "pedestrian": 0, "bicycle": 0, "density": 13.0, "year_range": "unknown"}}, {"type": "Feature", "geometry": {"type": "Point", "coordinates": [-91.742342, 35.25045]}, "properties": {"crashes": 20, "injury": 2, "fatal": 0, "pedestrian": 0, "bicycle": 0, "density": 5.0, "year_range": "unknown"}}, {"type": "Feature", "geometry": {"type": "Point", "coordinates": [-91.72973, 35.25045]}, "properties": {"crashes": 5, "injury": 0, "fatal": 0, "pedestrian": 0, "bicycle": 0, "density": 1.2, "year_range": "unknown"}}, {"type": "Feature", "geometry": {"type": "Point", "coordinates": [-91.756757, 35.246847]}, "properties": {"crashes": 83, "injury": 4, "fatal": 0, "pedestrian": 0, "bicycle": 0, "density": 20.8, "year_range": "unknown"}}, {"type": "Feature", "geometry": {"type": "Point", "coordinates": [-91.718919, 35.252252]}, "properties": {"crashes": 8, "injury": 0, "fatal": 0, "pedestrian": 0, "bicycle": 0, "density": 2.0, "year_range": "unknown"}}, {"type": "Feature", "geometry": {"type": "Point", "coordinates": [-91.70991, 35.223423]}, "properties": {"crashes": 1, "injury": 1, "fatal": 0, "pedestrian": 0, "bicycle": 0, "density": 0.2, "year_range": "unknown"}}, {"type": "Feature", "geometry": {"type": "Point", "coordinates": [-91.697297, 35.255856]}, "properties": {"crashes": 2, "injury": 0, "fatal": 0, "pedestrian": 0, "bicycle": 0, "density": 0.5, "year_range": "unknown"}}, {"type": "Feature", "geometry": {"type": "Point", "coordinates": [-91.695495, 35.241441]}, "properties": {"crashes": 23, "injury": 1, "fatal": 0, "pedestrian": 0, "bicycle": 0, "density": 5.8, "year_range": "unknown"}}, {"type": "Feature", "geometry": {"type": "Point", "coordinates": [-91.740541, 35.223423]}, "properties": {"crashes": 3, "injury": 0, "fatal": 0, "pedestrian": 0, "bicycle": 0, "density": 0.8, "year_range": "unknown"}}, {"type": "Feature", "geometry": {"type": "Point", "coordinates": [-91.758559, 35.248649]}, "properties": {"crashes": 5, "injury": 0, "fatal": 0, "pedestrian": 0, "bicycle": 0, "density": 1.2, "year_range": "unknown"}}, {"type": "Feature", "geometry": {"type": "Point", "coordinates": [-91.733333, 35.214414]}, "properties": {"crashes": 5, "injury": 1, "fatal": 0, "pedestrian": 0, "bicycle": 0, "density": 1.2, "year_range": "unknown"}}, {"type": "Feature", "geometry": {"type": "Point", "coordinates": [-91.736937, 35.25045]}, "properties": {"crashes": 96, "injury": 6, "fatal": 0, "pedestrian": 0, "bicycle": 0, "density": 24.0, "year_range": "unknown"}}, {"type": "Feature", "geometry": {"type": "Point", "coordinates": [-91.736937, 35.246847]}, "properties": {"crashes": 53, "injury": 3, "fatal": 0, "pedestrian": 0, "bicycle": 0, "density": 13.2, "year_range": "unknown"}}, {"type": "Feature", "geometry": {"type": "Point", "coordinates": [-91.715315, 35.21982]}, "properties": {"crashes": 19, "injury": 4, "fatal": 0, "pedestrian": 0, "bicycle": 0, "density": 4.8, "year_range": "unknown"}}, {"type": "Feature", "geometry": {"type": "Point", "coordinates": [-91.682883, 35.25045]}, "properties": {"crashes": 41, "injury": 4, "fatal": 1, "pedestrian": 0, "bicycle": 0, "density": 10.2, "year_range": "unknown"}}, {"type": "Feature", "geometry": {"type": "Point", "coordinates": [-91.704505, 35.25045]}, "properties": {"crashes": 52, "injury": 5, "fatal": 0, "pedestrian": 0, "bicycle": 0, "density": 13.0, "year_range": "unknown"}}, {"type": "Feature", "geometry": {"type": "Point", "coordinates": [-91.724324, 35.25045]}, "properties": {"crashes": 4, "injury": 0, "fatal": 0, "pedestrian": 0, "bicycle": 0, "density": 1.0, "year_range": "unknown"}}, {"type": "Feature", "geometry": {"type": "Point", "coordinates": [-91.738739, 35.25045]}, "properties": {"crashes": 35, "injury": 0, "fatal": 0, "pedestrian": 0, "bicycle": 0, "density": 8.8, "year_range": "unknown"}}, {"type": "Feature", "geometry": {"type": "Point", "coordinates": [-91.688288, 35.252252]}, "properties": {"crashes": 6, "injury": 1, "fatal": 0, "pedestrian": 0, "bicycle": 0, "density": 1.5, "year_range": "unknown"}}, {"type": "Feature", "geometry": {"type": "Point", "coordinates": [-91.708108, 35.230631]}, "properties": {"crashes": 1, "injury": 0, "fatal": 0, "pedestrian": 0, "bicycle": 0, "density": 0.2, "year_range": "unknown"}}, {"type": "Feature", "geometry": {"type": "Point", "coordinates": [-91.731532, 35.207207]}, "properties": {"crashes": 1, "injury": 0, "fatal": 0, "pedestrian": 0, "bicycle": 0, "density": 0.2, "year_range": "unknown"}}, {"type": "Feature", "geometry": {"type": "Point", "coordinates": [-91.726126, 35.241441]}, "properties": {"crashes": 2, "injury": 1, "fatal": 0, "pedestrian": 0, "bicycle": 0, "density": 0.5, "year_range": "unknown"}}, {"type": "Feature", "geometry": {"type": "Point", "coordinates": [-91.69009, 35.246847]}, "properties": {"crashes": 16, "injury": 1, "fatal": 0, "pedestrian": 0, "bicycle": 0, "density": 4.0, "year_range": "unknown"}}, {"type": "Feature", "geometry": {"type": "Point", "coordinates": [-91.736937, 35.2]}, "properties": {"crashes": 8, "injury": 1, "fatal": 1, "pedestrian": 0, "bicycle": 0, "density": 2.0, "year_range": "unknown"}}, {"type": "Feature", "geometry": {"type": "Point", "coordinates": [-91.706306, 35.25045]}, "properties": {"crashes": 13, "injury": 1, "fatal": 0, "pedestrian": 0, "bicycle": 0, "density": 3.2, "year_range": "unknown"}}, {"type": "Feature", "geometry": {"type": "Point", "coordinates": [-91.727928, 35.25045]}, "properties": {"crashes": 26, "injury": 2, "fatal": 0, "pedestrian": 0, "bicycle": 0, "density": 6.5, "year_range": "unknown"}}, {"type": "Feature", "geometry": {"type": "Point", "coordinates": [-91.717117, 35.241441]}, "properties": {"crashes": 11, "injury": 2, "fatal": 0, "pedestrian": 0, "bicycle": 0, "density": 2.8, "year_range": "unknown"}}, {"type": "Feature", "geometry": {"type": "Point", "coordinates": [-91.744144, 35.25045]}, "properties": {"crashes": 18, "injury": 0, "fatal": 0, "pedestrian": 0, "bicycle": 0, "density": 4.5, "year_range": "unknown"}}, {"type": "Feature", "geometry": {"type": "Point", "coordinates": [-91.790991, 35.246847]}, "properties": {"crashes": 2, "injury": 0, "fatal": 0, "pedestrian": 0, "bicycle": 0, "density": 0.5, "year_range": "unknown"}}, {"type": "Feature", "geometry": {"type": "Point", "coordinates": [-91.722523, 35.252252]}, "properties": {"crashes": 5, "injury": 1, "fatal": 0, "pedestrian": 0, "bicycle": 0, "density": 1.2, "year_range": "unknown"}}, {"type": "Feature", "geometry": {"type": "Point", "coordinates": [-91.74955, 35.243243]}, "properties": {"crashes": 27, "injury": 0, "fatal": 0, "pedestrian": 0, "bicycle": 0, "density": 6.8, "year_range": "unknown"}}, {"type": "Feature", "geometry": {"type": "Point", "coordinates": [-91.704505, 35.252252]}, "properties": {"crashes": 5, "injury": 0, "fatal": 0, "pedestrian": 0, "bicycle": 0, "density": 1.2, "year_range": "unknown"}}, {"type": "Feature", "geometry": {"type": "Point", "coordinates": [-91.736937, 35.254054]}, "properties": {"crashes": 17, "injury": 1, "fatal": 0, "pedestrian": 0, "bicycle": 0, "density": 4.2, "year_range": "unknown"}}, {"type": "Feature", "geometry": {"type": "Point", "coordinates": [-91.753153, 35.248649]}, "properties": {"crashes": 7, "injury": 1, "fatal": 0, "pedestrian": 0, "bicycle": 0, "density": 1.8, "year_range": "unknown"}}, {"type": "Feature", "geometry": {"type": "Point", "coordinates": [-91.693694, 35.243243]}, "properties": {"crashes": 4, "injury": 0, "fatal": 0, "pedestrian": 0, "bicycle": 0, "density": 1.0, "year_range": "unknown"}}, {"type": "Feature", "geometry": {"type": "Point", "coordinates": [-91.720721, 35.25045]}, "properties": {"crashes": 13, "injury": 2, "fatal": 0, "pedestrian": 0, "bicycle": 0, "density": 3.2, "year_range": "unknown"}}, {"type": "Feature", "geometry": {"type": "Point", "coordinates": [-91.708108, 35.25045]}, "properties": {"crashes": 29, "injury": 5, "fatal": 0, "pedestrian": 0, "bicycle": 0, "density": 7.2, "year_range": "unknown"}}, {"type": "Feature", "geometry": {"type": "Point", "coordinates": [-91.679279, 35.252252]}, "properties": {"crashes": 7, "injury": 1, "fatal": 1, "pedestrian": 0, "bicycle": 0, "density": 1.8, "year_range": "unknown"}}, {"type": "Feature", "geometry": {"type": "Point", "coordinates": [-91.774775, 35.246847]}, "properties": {"crashes": 20, "injury": 1, "fatal": 0, "pedestrian": 0, "bicycle": 0, "density": 5.0, "year_range": "unknown"}}, {"type": "Feature", "geometry": {"type": "Point", "coordinates": [-91.742342, 35.252252]}, "properties": {"crashes": 4, "injury": 1, "fatal": 0, "pedestrian": 0, "bicycle": 0, "density": 1.0, "year_range": "unknown"}}, {"type": "Feature", "geometry": {"type": "Point", "coordinates": [-91.706306, 35.237838]}, "properties": {"crashes": 26, "injury": 3, "fatal": 0, "pedestrian": 0, "bicycle": 0, "density": 6.5, "year_range": "unknown"}}, {"type": "Feature", "geometry": {"type": "Point", "coordinates": [-91.785586, 35.246847]}, "properties": {"crashes": 1, "injury": 0, "fatal": 0, "pedestrian": 0, "bicycle": 0, "density": 0.2, "year_range": "unknown"}}, {"type": "Feature", "geometry": {"type": "Point", "coordinates": [-91.72973, 35.241441]}, "properties": {"crashes": 35, "injury": 2, "fatal": 0, "pedestrian": 0, "bicycle": 0, "density": 8.8, "year_range": "unknown"}}, {"type": "Feature", "geometry": {"type": "Point", "coordinates": [-91.697297, 35.232432]}, "properties": {"crashes": 15, "injury": 1, "fatal": 0, "pedestrian": 0, "bicycle": 0, "density": 3.8, "year_range": "unknown"}}, {"type": "Feature", "geometry": {"type": "Point", "coordinates": [-91.735135, 35.23964]}, "properties": {"crashes": 26, "injury": 3, "fatal": 0, "pedestrian": 0, "bicycle": 0, "density": 6.5, "year_range": "unknown"}}, {"type": "Feature", "geometry": {"type": "Point", "coordinates": [-91.753153, 35.23964]}, "properties": {"crashes": 2, "injury": 0, "fatal": 0, "pedestrian": 0, "bicycle": 0, "density": 0.5, "year_range": "unknown"}}, {"type": "Feature", "geometry": {"type": "Point", "coordinates": [-91.713514, 35.241441]}, "properties": {"crashes": 13, "injury": 1, "fatal": 0, "pedestrian": 0, "bicycle": 0, "density": 3.2, "year_range": "unknown"}}, {"type": "Feature", "geometry": {"type": "Point", "coordinates": [-91.70991, 35.25045]}, "properties": {"crashes": 9, "injury": 1, "fatal": 0, "pedestrian": 0, "bicycle": 0, "density": 2.2, "year_range": "unknown"}}, {"type": "Feature", "geometry": {"type": "Point", "coordinates": [-91.772973, 35.246847]}, "properties": {"crashes": 6, "injury": 0, "fatal": 0, "pedestrian": 0, "bicycle": 0, "density": 1.5, "year_range": "unknown"}}, {"type": "Feature", "geometry": {"type": "Point", "coordinates": [-91.708108, 35.254054]}, "properties": {"crashes": 8, "injury": 0, "fatal": 0, "pedestrian": 0, "bicycle": 0, "density": 2.0, "year_range": "unknown"}}, {"type": "Feature", "geometry": {"type": "Point", "coordinates": [-91.684685, 35.25045]}, "properties": {"crashes": 27, "injury": 4, "fatal": 1, "pedestrian": 0, "bicycle": 0, "density": 6.8, "year_range": "unknown"}}, {"type": "Feature", "geometry": {"type": "Point", "coordinates": [-91.758559, 35.246847]}, "properties": {"crashes": 32, "injury": 2, "fatal": 0, "pedestrian": 0, "bicycle": 0, "density": 8.0, "year_range": "unknown"}}, {"type": "Feature", "geometry": {"type": "Point", "coordinates": [-91.691892, 35.245045]}, "properties": {"crashes": 4, "injury": 0, "fatal": 0, "pedestrian": 0, "bicycle": 0, "density": 1.0, "year_range": "unknown"}}, {"type": "Feature", "geometry": {"type": "Point", "coordinates": [-91.711712, 35.227027]}, "properties": {"crashes": 3, "injury": 0, "fatal": 0, "pedestrian": 0, "bicycle": 0, "density": 0.8, "year_range": "unknown"}}, {"type": "Feature", "geometry": {"type": "Point", "coordinates": [-91.722523, 35.230631]}, "properties": {"crashes": 3, "injury": 0, "fatal": 0, "pedestrian": 0, "bicycle": 0, "density": 0.8, "year_range": "unknown"}}, {"type": "Feature", "geometry": {"type": "Point", "coordinates": [-91.695495, 35.25045]}, "properties": {"crashes": 31, "injury": 3, "fatal": 0, "pedestrian": 0, "bicycle": 0, "density": 7.8, "year_range": "unknown"}}, {"type": "Feature", "geometry": {"type": "Point", "coordinates": [-91.735135, 35.25045]}, "properties": {"crashes": 26, "injury": 1, "fatal": 0, "pedestrian": 0, "bicycle": 0, "density": 6.5, "year_range": "unknown"}}, {"type": "Feature", "geometry": {"type": "Point", "coordinates": [-91.722523, 35.25045]}, "properties": {"crashes": 12, "injury": 1, "fatal": 0, "pedestrian": 0, "bicycle": 0, "density": 3.0, "year_range": "unknown"}}, {"type": "Feature", "geometry": {"type": "Point", "coordinates": [-91.69009, 35.25045]}, "properties": {"crashes": 47, "injury": 4, "fatal": 0, "pedestrian": 0, "bicycle": 0, "density": 11.8, "year_range": "unknown"}}, {"type": "Feature", "geometry": {"type": "Point", "coordinates": [-91.744144, 35.261261]}, "properties": {"crashes": 14, "injury": 1, "fatal": 0, "pedestrian": 0, "bicycle": 0, "density": 3.5, "year_range": "unknown"}}, {"type": "Feature", "geometry": {"type": "Point", "coordinates": [-91.758559, 35.25045]}, "properties": {"crashes": 10, "injury": 0, "fatal": 0, "pedestrian": 0, "bicycle": 0, "density": 2.5, "year_range": "unknown"}}, {"type": "Feature", "geometry": {"type": "Point", "coordinates": [-91.753153, 35.261261]}, "properties": {"crashes": 3, "injury": 0, "fatal": 0, "pedestrian": 0, "bicycle": 0, "density": 0.8, "year_range": "unknown"}}, {"type": "Feature", "geometry": {"type": "Point", "coordinates": [-91.700901, 35.25045]}, "properties": {"crashes": 17, "injury": 1, "fatal": 0, "pedestrian": 0, "bicycle": 0, "density": 4.2, "year_range": "unknown"}}, {"type": "Feature", "geometry": {"type": "Point", "coordinates": [-91.747748, 35.232432]}, "properties": {"crashes": 2, "injury": 0, "fatal": 0, "pedestrian": 0, "bicycle": 0, "density": 0.5, "year_range": "unknown"}}, {"type": "Feature", "geometry": {"type": "Point", "coordinates": [-91.762162, 35.246847]}, "properties": {"crashes": 9, "injury": 0, "fatal": 0, "pedestrian": 0, "bicycle": 0, "density": 2.2, "year_range": "unknown"}}, {"type": "Feature", "geometry": {"type": "Point", "coordinates": [-91.720721, 35.218018]}, "properties": {"crashes": 9, "injury": 0, "fatal": 0, "pedestrian": 0, "bicycle": 0, "density": 2.2, "year_range": "unknown"}}, {"type": "Feature", "geometry": {"type": "Point", "coordinates": [-91.702703, 35.25045]}, "properties": {"crashes": 25, "injury": 2, "fatal": 0, "pedestrian": 0, "bicycle": 0, "density": 6.2, "year_range": "unknown"}}, {"type": "Feature", "geometry": {"type": "Point", "coordinates": [-91.751351, 35.245045]}, "properties": {"crashes": 16, "injury": 1, "fatal": 0, "pedestrian": 0, "bicycle": 0, "density": 4.0, "year_range": "unknown"}}, {"type": "Feature", "geometry": {"type": "Point", "coordinates": [-91.745946, 35.264865]}, "properties": {"crashes": 1, "injury": 0, "fatal": 0, "pedestrian": 0, "bicycle": 0, "density": 0.2, "year_range": "unknown"}}, {"type": "Feature", "geometry": {"type": "Point", "coordinates": [-91.744144, 35.243243]}, "properties": {"crashes": 24, "injury": 2, "fatal": 0, "pedestrian": 0, "bicycle": 0, "density": 6.0, "year_range": "unknown"}}, {"type": "Feature", "geometry": {"type": "Point", "coordinates": [-91.715315, 35.245045]}, "properties": {"crashes": 2, "injury": 0, "fatal": 0, "pedestrian": 0, "bicycle": 0, "density": 0.5, "year_range": "unknown"}}, {"type": "Feature", "geometry": {"type": "Point", "coordinates": [-91.686486, 35.254054]}, "properties": {"crashes": 13, "injury": 1, "fatal": 0, "pedestrian": 0, "bicycle": 0, "density": 3.2, "year_range": "unknown"}}, {"type": "Feature", "geometry": {"type": "Point", "coordinates": [-91.704505, 35.234234]}, "properties": {"crashes": 4, "injury": 1, "fatal": 0, "pedestrian": 0, "bicycle": 0, "density": 1.0, "year_range": "unknown"}}, {"type": "Feature", "geometry": {"type": "Point", "coordinates": [-91.736937, 35.23964]}, "properties": {"crashes": 11, "injury": 0, "fatal": 0, "pedestrian": 0, "bicycle": 0, "density": 2.8, "year_range": "unknown"}}, {"type": "Feature", "geometry": {"type": "Point", "coordinates": [-91.735135, 35.201802]}, "properties": {"crashes": 10, "injury": 0, "fatal": 0, "pedestrian": 0, "bicycle": 0, "density": 2.5, "year_range": "unknown"}}, {"type": "Feature", "geometry": {"type": "Point", "coordinates": [-91.713514, 35.23964]}, "properties": {"crashes": 73, "injury": 6, "fatal": 0, "pedestrian": 0, "bicycle": 0, "density": 18.2, "year_range": "unknown"}}, {"type": "Feature", "geometry": {"type": "Point", "coordinates": [-91.733333, 35.234234]}, "properties": {"crashes": 2, "injury": 0, "fatal": 0, "pedestrian": 0, "bicycle": 0, "density": 0.5, "year_range": "unknown"}}, {"type": "Feature", "geometry": {"type": "Point", "coordinates": [-91.700901, 35.252252]}, "properties": {"crashes": 4, "injury": 0, "fatal": 0, "pedestrian": 0, "bicycle": 0, "density": 1.0, "year_range": "unknown"}}, {"type": "Feature", "geometry": {"type": "Point", "coordinates": [-91.727928, 35.209009]}, "properties": {"crashes": 1, "injury": 0, "fatal": 0, "pedestrian": 0, "bicycle": 0, "density": 0.2, "year_range": "unknown"}}, {"type": "Feature", "geometry": {"type": "Point", "coordinates": [-91.742342, 35.263063]}, "properties": {"crashes": 1, "injury": 0, "fatal": 0, "pedestrian": 0, "bicycle": 0, "density": 0.2, "year_range": "unknown"}}, {"type": "Feature", "geometry": {"type": "Point", "coordinates": [-91.774775, 35.236036]}, "properties": {"crashes": 3, "injury": 0, "fatal": 0, "pedestrian": 0, "bicycle": 0, "density": 0.8, "year_range": "unknown"}}, {"type": "Feature", "geometry": {"type": "Point", "coordinates": [-91.718919, 35.223423]}, "properties": {"crashes": 6, "injury": 1, "fatal": 0, "pedestrian": 0, "bicycle": 0, "density": 1.5, "year_range": "unknown"}}, {"type": "Feature", "geometry": {"type": "Point", "coordinates": [-91.758559, 35.245045]}, "properties": {"crashes": 4, "injury": 0, "fatal": 0, "pedestrian": 0, "bicycle": 0, "density": 1.0, "year_range": "unknown"}}, {"type": "Feature", "geometry": {"type": "Point", "coordinates": [-91.697297, 35.25045]}, "properties": {"crashes": 30, "injury": 2, "fatal": 0, "pedestrian": 0, "bicycle": 0, "density": 7.5, "year_range": "unknown"}}, {"type": "Feature", "geometry": {"type": "Point", "coordinates": [-91.711712, 35.23964]}, "properties": {"crashes": 4, "injury": 0, "fatal": 0, "pedestrian": 0, "bicycle": 0, "density": 1.0, "year_range": "unknown"}}, {"type": "Feature", "geometry": {"type": "Point", "coordinates": [-91.699099, 35.237838]}, "properties": {"crashes": 8, "injury": 2, "fatal": 0, "pedestrian": 0, "bicycle": 0, "density": 2.0, "year_range": "unknown"}}, {"type": "Feature", "geometry": {"type": "Point", "coordinates": [-91.735135, 35.203604]}, "properties": {"crashes": 1, "injury": 0, "fatal": 0, "pedestrian": 0, "bicycle": 0, "density": 0.2, "year_range": "unknown"}}, {"type": "Feature", "geometry": {"type": "Point", "coordinates": [-91.735135, 35.236036]}, "properties": {"crashes": 1, "injury": 0, "fatal": 0, "pedestrian": 0, "bicycle": 0, "density": 0.2, "year_range": "unknown"}}, {"type": "Feature", "geometry": {"type": "Point", "coordinates": [-91.72973, 35.248649]}, "properties": {"crashes": 5, "injury": 0, "fatal": 0, "pedestrian": 0, "bicycle": 0, "density": 1.2, "year_range": "unknown"}}, {"type": "Feature", "geometry": {"type": "Point", "coordinates": [-91.744144, 35.237838]}, "properties": {"crashes": 2, "injury": 0, "fatal": 0, "pedestrian": 0, "bicycle": 0, "density": 0.5, "year_range": "unknown"}}, {"type": "Feature", "geometry": {"type": "Point", "coordinates": [-91.735135, 35.243243]}, "properties": {"crashes": 31, "injury": 1, "fatal": 0, "pedestrian": 0, "bicycle": 0, "density": 7.8, "year_range": "unknown"}}, {"type": "Feature", "geometry": {"type": "Point", "coordinates": [-91.697297, 35.254054]}, "properties": {"crashes": 21, "injury": 1, "fatal": 0, "pedestrian": 0, "bicycle": 0, "density": 5.2, "year_range": "unknown"}}, {"type": "Feature", "geometry": {"type": "Point", "coordinates": [-91.767568, 35.246847]}, "properties": {"crashes": 9, "injury": 0, "fatal": 0, "pedestrian": 0, "bicycle": 0, "density": 2.2, "year_range": "unknown"}}, {"type": "Feature", "geometry": {"type": "Point", "coordinates": [-91.718919, 35.248649]}, "properties": {"crashes": 23, "injury": 2, "fatal": 1, "pedestrian": 0, "bicycle": 0, "density": 5.8, "year_range": "unknown"}}, {"type": "Feature", "geometry": {"type": "Point", "coordinates": [-91.765766, 35.236036]}, "properties": {"crashes": 3, "injury": 0, "fatal": 0, "pedestrian": 0, "bicycle": 0, "density": 0.8, "year_range": "unknown"}}, {"type": "Feature", "geometry": {"type": "Point", "coordinates": [-91.736937, 35.248649]}, "properties": {"crashes": 26, "injury": 1, "fatal": 0, "pedestrian": 0, "bicycle": 0, "density": 6.5, "year_range": "unknown"}}, {"type": "Feature", "geometry": {"type": "Point", "coordinates": [-91.684685, 35.257658]}, "properties": {"crashes": 7, "injury": 0, "fatal": 0, "pedestrian": 0, "bicycle": 0, "density": 1.8, "year_range": "unknown"}}, {"type": "Feature", "geometry": {"type": "Point", "coordinates": [-91.706306, 35.243243]}, "properties": {"crashes": 4, "injury": 2, "fatal": 0, "pedestrian": 0, "bicycle": 0, "density": 1.0, "year_range": "unknown"}}, {"type": "Feature", "geometry": {"type": "Point", "coordinates": [-91.726126, 35.252252]}, "properties": {"crashes": 3, "injury": 1, "fatal": 0, "pedestrian": 0, "bicycle": 0, "density": 0.8, "year_range": "unknown"}}, {"type": "Feature", "geometry": {"type": "Point", "coordinates": [-91.727928, 35.252252]}, "properties": {"crashes": 4, "injury": 3, "fatal": 0, "pedestrian": 0, "bicycle": 0, "density": 1.0, "year_range": "unknown"}}, {"type": "Feature", "geometry": {"type": "Point", "coordinates": [-91.686486, 35.246847]}, "properties": {"crashes": 7, "injury": 1, "fatal": 0, "pedestrian": 0, "bicycle": 0, "density": 1.8, "year_range": "unknown"}}, {"type": "Feature", "geometry": {"type": "Point", "coordinates": [-91.702703, 35.234234]}, "properties": {"crashes": 2, "injury": 0, "fatal": 0, "pedestrian": 0, "bicycle": 0, "density": 0.5, "year_range": "unknown"}}, {"type": "Feature", "geometry": {"type": "Point", "coordinates": [-91.72973, 35.245045]}, "properties": {"crashes": 2, "injury": 0, "fatal": 0, "pedestrian": 0, "bicycle": 0, "density": 0.5, "year_range": "unknown"}}, {"type": "Feature", "geometry": {"type": "Point", "coordinates": [-91.727928, 35.243243]}, "properties": {"crashes": 4, "injury": 1, "fatal": 0, "pedestrian": 0, "bicycle": 0, "density": 1.0, "year_range": "unknown"}}, {"type": "Feature", "geometry": {"type": "Point", "coordinates": [-91.767568, 35.252252]}, "properties": {"crashes": 4, "injury": 0, "fatal": 0, "pedestrian": 0, "bicycle": 0, "density": 1.0, "year_range": "unknown"}}, {"type": "Feature", "geometry": {"type": "Point", "coordinates": [-91.78018, 35.228829]}, "properties": {"crashes": 1, "injury": 0, "fatal": 0, "pedestrian": 0, "bicycle": 0, "density": 0.2, "year_range": "unknown"}}, {"type": "Feature", "geometry": {"type": "Point", "coordinates": [-91.693694, 35.237838]}, "properties": {"crashes": 3, "injury": 1, "fatal": 0, "pedestrian": 0, "bicycle": 0, "density": 0.8, "year_range": "unknown"}}, {"type": "Feature", "geometry": {"type": "Point", "coordinates": [-91.754955, 35.25045]}, "properties": {"crashes": 4, "injury": 0, "fatal": 0, "pedestrian": 0, "bicycle": 0, "density": 1.0, "year_range": "unknown"}}, {"type": "Feature", "geometry": {"type": "Point", "coordinates": [-91.792793, 35.25045]}, "properties": {"crashes": 1, "injury": 0, "fatal": 0, "pedestrian": 0, "bicycle": 0, "density": 0.2, "year_range": "unknown"}}, {"type": "Feature", "geometry": {"type": "Point", "coordinates": [-91.733333, 35.25045]}, "properties": {"crashes": 6, "injury": 1, "fatal": 0, "pedestrian": 0, "bicycle": 0, "density": 1.5, "year_range": "unknown"}}, {"type": "Feature", "geometry": {"type": "Point", "coordinates": [-91.740541, 35.23964]}, "properties": {"crashes": 11, "injury": 1, "fatal": 0, "pedestrian": 0, "bicycle": 0, "density": 2.8, "year_range": "unknown"}}, {"type": "Feature", "geometry": {"type": "Point", "coordinates": [-91.774775, 35.241441]}, "properties": {"crashes": 1, "injury": 0, "fatal": 0, "pedestrian": 0, "bicycle": 0, "density": 0.2, "year_range": "unknown"}}, {"type": "Feature", "geometry": {"type": "Point", "coordinates": [-91.722523, 35.248649]}, "properties": {"crashes": 6, "injury": 1, "fatal": 0, "pedestrian": 0, "bicycle": 0, "density": 1.5, "year_range": "unknown"}}, {"type": "Feature", "geometry": {"type": "Point", "coordinates": [-91.713514, 35.246847]}, "properties": {"crashes": 7, "injury": 0, "fatal": 0, "pedestrian": 0, "bicycle": 0, "density": 1.8, "year_range": "unknown"}}, {"type": "Feature", "geometry": {"type": "Point", "coordinates": [-91.740541, 35.25045]}, "properties": {"crashes": 28, "injury": 2, "fatal": 0, "pedestrian": 0, "bicycle": 0, "density": 7.0, "year_range": "unknown"}}, {"type": "Feature", "geometry": {"type": "Point", "coordinates": [-91.747748, 35.243243]}, "properties": {"crashes": 3, "injury": 1, "fatal": 0, "pedestrian": 0, "bicycle": 0, "density": 0.8, "year_range": "unknown"}}, {"type": "Feature", "geometry": {"type": "Point", "coordinates": [-91.713514, 35.252252]}, "properties": {"crashes": 30, "injury": 1, "fatal": 0, "pedestrian": 0, "bicycle": 0, "density": 7.5, "year_range": "unknown"}}, {"type": "Feature", "geometry": {"type": "Point", "coordinates": [-91.742342, 35.254054]}, "properties": {"crashes": 2, "injury": 0, "fatal": 0, "pedestrian": 0, "bicycle": 0, "density": 0.5, "year_range": "unknown"}}, {"type": "Feature", "geometry": {"type": "Point", "coordinates": [-91.706306, 35.230631]}, "properties": {"crashes": 2, "injury": 0, "fatal": 0, "pedestrian": 0, "bicycle": 0, "density": 0.5, "year_range": "unknown"}}, {"type": "Feature", "geometry": {"type": "Point", "coordinates": [-91.733333, 35.236036]}, "properties": {"crashes": 8, "injury": 0, "fatal": 0, "pedestrian": 0, "bicycle": 0, "density": 2.0, "year_range": "unknown"}}, {"type": "Feature", "geometry": {"type": "Point", "coordinates": [-91.733333, 35.203604]}, "properties": {"crashes": 2, "injury": 1, "fatal": 0, "pedestrian": 0, "bicycle": 0, "density": 0.5, "year_range": "unknown"}}, {"type": "Feature", "geometry": {"type": "Point", "coordinates": [-91.72973, 35.243243]}, "properties": {"crashes": 1, "injury": 0, "fatal": 0, "pedestrian": 0, "bicycle": 0, "density": 0.2, "year_range": "unknown"}}, {"type": "Feature", "geometry": {"type": "Point", "coordinates": [-91.717117, 35.221622]}, "properties": {"crashes": 4, "injury": 1, "fatal": 0, "pedestrian": 0, "bicycle": 0, "density": 1.0, "year_range": "unknown"}}, {"type": "Feature", "geometry": {"type": "Point", "coordinates": [-91.686486, 35.243243]}, "properties": {"crashes": 2, "injury": 0, "fatal": 0, "pedestrian": 0, "bicycle": 0, "density": 0.5, "year_range": "unknown"}}, {"type": "Feature", "geometry": {"type": "Point", "coordinates": [-91.740541, 35.225225]}, "properties": {"crashes": 1, "injury": 0, "fatal": 0, "pedestrian": 0, "bicycle": 0, "density": 0.2, "year_range": "unknown"}}, {"type": "Feature", "geometry": {"type": "Point", "coordinates": [-91.691892, 35.246847]}, "properties": {"crashes": 2, "injury": 0, "fatal": 0, "pedestrian": 0, "bicycle": 0, "density": 0.5, "year_range": "unknown"}}, {"type": "Feature", "geometry": {"type": "Point", "coordinates": [-91.736937, 35.245045]}, "properties": {"crashes": 19, "injury": 1, "fatal": 0, "pedestrian": 0, "bicycle": 0, "density": 4.8, "year_range": "unknown"}}, {"type": "Feature", "geometry": {"type": "Point", "coordinates": [-91.724324, 35.237838]}, "properties": {"crashes": 4, "injury": 0, "fatal": 0, "pedestrian": 0, "bicycle": 0, "density": 1.0, "year_range": "unknown"}}, {"type": "Feature", "geometry": {"type": "Point", "coordinates": [-91.753153, 35.236036]}, "properties": {"crashes": 1, "injury": 0, "fatal": 0, "pedestrian": 0, "bicycle": 0, "density": 0.2, "year_range": "unknown"}}, {"type": "Feature", "geometry": {"type": "Point", "coordinates": [-91.731532, 35.25045]}, "properties": {"crashes": 9, "injury": 0, "fatal": 0, "pedestrian": 0, "bicycle": 0, "density": 2.2, "year_range": "unknown"}}, {"type": "Feature", "geometry": {"type": "Point", "coordinates": [-91.735135, 35.237838]}, "properties": {"crashes": 3, "injury": 1, "fatal": 0, "pedestrian": 0, "bicycle": 0, "density": 0.8, "year_range": "unknown"}}, {"type": "Feature", "geometry": {"type": "Point", "coordinates": [-91.792793, 35.248649]}, "properties": {"crashes": 2, "injury": 0, "fatal": 0, "pedestrian": 0, "bicycle": 0, "density": 0.5, "year_range": "unknown"}}, {"type": "Feature", "geometry": {"type": "Point", "coordinates": [-91.736937, 35.264865]}, "properties": {"crashes": 1, "injury": 0, "fatal": 0, "pedestrian": 0, "bicycle": 0, "density": 0.2, "year_range": "unknown"}}, {"type": "Feature", "geometry": {"type": "Point", "coordinates": [-91.726126, 35.223423]}, "properties": {"crashes": 2, "injury": 0, "fatal": 0, "pedestrian": 0, "bicycle": 0, "density": 0.5, "year_range": "unknown"}}, {"type": "Feature", "geometry": {"type": "Point", "coordinates": [-91.733333, 35.205405]}, "properties": {"crashes": 3, "injury": 0, "fatal": 0, "pedestrian": 0, "bicycle": 0, "density": 0.8, "year_range": "unknown"}}, {"type": "Feature", "geometry": {"type": "Point", "coordinates": [-91.794595, 35.245045]}, "properties": {"crashes": 1, "injury": 0, "fatal": 0, "pedestrian": 0, "bicycle": 0, "density": 0.2, "year_range": "unknown"}}, {"type": "Feature", "geometry": {"type": "Point", "coordinates": [-91.702703, 35.237838]}, "properties": {"crashes": 6, "injury": 0, "fatal": 0, "pedestrian": 0, "bicycle": 0, "density": 1.5, "year_range": "unknown"}}, {"type": "Feature", "geometry": {"type": "Point", "coordinates": [-91.751351, 35.25045]}, "properties": {"crashes": 4, "injury": 0, "fatal": 0, "pedestrian": 0, "bicycle": 0, "density": 1.0, "year_range": "unknown"}}, {"type": "Feature", "geometry": {"type": "Point", "coordinates": [-91.713514, 35.263063]}, "properties": {"crashes": 1, "injury": 1, "fatal": 0, "pedestrian": 0, "bicycle": 0, "density": 0.2, "year_range": "unknown"}}, {"type": "Feature", "geometry": {"type": "Point", "coordinates": [-91.724324, 35.248649]}, "properties": {"crashes": 3, "injury": 0, "fatal": 0, "pedestrian": 0, "bicycle": 0, "density": 0.8, "year_range": "unknown"}}, {"type": "Feature", "geometry": {"type": "Point", "coordinates": [-91.695495, 35.243243]}, "properties": {"crashes": 1, "injury": 0, "fatal": 0, "pedestrian": 0, "bicycle": 0, "density": 0.2, "year_range": "unknown"}}, {"type": "Feature", "geometry": {"type": "Point", "coordinates": [-91.681081, 35.25045]}, "properties": {"crashes": 4, "injury": 0, "fatal": 0, "pedestrian": 0, "bicycle": 0, "density": 1.0, "year_range": "unknown"}}, {"type": "Feature", "geometry": {"type": "Point", "coordinates": [-91.745946, 35.25045]}, "properties": {"crashes": 2, "injury": 0, "fatal": 0, "pedestrian": 0, "bicycle": 0, "density": 0.5, "year_range": "unknown"}}, {"type": "Feature", "geometry": {"type": "Point", "coordinates": [-91.699099, 35.234234]}, "properties": {"crashes": 21, "injury": 0, "fatal": 0, "pedestrian": 0, "bicycle": 0, "density": 5.2, "year_range": "unknown"}}, {"type": "Feature", "geometry": {"type": "Point", "coordinates": [-91.726126, 35.25045]}, "properties": {"crashes": 9, "injury": 0, "fatal": 0, "pedestrian": 0, "bicycle": 0, "density": 2.2, "year_range": "unknown"}}, {"type": "Feature", "geometry": {"type": "Point", "coordinates": [-91.72973, 35.23964]}, "properties": {"crashes": 7, "injury": 0, "fatal": 0, "pedestrian": 0, "bicycle": 0, "density": 1.8, "year_range": "unknown"}}, {"type": "Feature", "geometry": {"type": "Point", "coordinates": [-91.704505, 35.237838]}, "properties": {"crashes": 5, "injury": 0, "fatal": 0, "pedestrian": 0, "bicycle": 0, "density": 1.2, "year_range": "unknown"}}, {"type": "Feature", "geometry": {"type": "Point", "coordinates": [-91.733333, 35.255856]}, "properties": {"crashes": 1, "injury": 0, "fatal": 0, "pedestrian": 0, "bicycle": 0, "density": 0.2, "year_range": "unknown"}}, {"type": "Feature", "geometry": {"type": "Point", "coordinates": [-91.742342, 35.194595]}, "properties": {"crashes": 2, "injury": 0, "fatal": 0, "pedestrian": 0, "bicycle": 0, "density": 0.5, "year_range": "unknown"}}, {"type": "Feature", "geometry": {"type": "Point", "coordinates": [-91.706306, 35.23964]}, "properties": {"crashes": 2, "injury": 0, "fatal": 0, "pedestrian": 0, "bicycle": 0, "density": 0.5, "year_range": "unknown"}}, {"type": "Feature", "geometry": {"type": "Point", "coordinates": [-91.688288, 35.246847]}, "properties": {"crashes": 1, "injury": 1, "fatal": 0, "pedestrian": 0, "bicycle": 0, "density": 0.2, "year_range": "unknown"}}, {"type": "Feature", "geometry": {"type": "Point", "coordinates": [-91.769369, 35.246847]}, "properties": {"crashes": 14, "injury": 2, "fatal": 0, "pedestrian": 0, "bicycle": 0, "density": 3.5, "year_range": "unknown"}}, {"type": "Feature", "geometry": {"type": "Point", "coordinates": [-91.744144, 35.248649]}, "properties": {"crashes": 14, "injury": 4, "fatal": 0, "pedestrian": 0, "bicycle": 0, "density": 3.5, "year_range": "unknown"}}, {"type": "Feature", "geometry": {"type": "Point", "coordinates": [-91.747748, 35.246847]}, "properties": {"crashes": 1, "injury": 0, "fatal": 0, "pedestrian": 0, "bicycle": 0, "density": 0.2, "year_range": "unknown"}}, {"type": "Feature", "geometry": {"type": "Point", "coordinates": [-91.720721, 35.254054]}, "properties": {"crashes": 2, "injury": 0, "fatal": 0, "pedestrian": 0, "bicycle": 0, "density": 0.5, "year_range": "unknown"}}, {"type": "Feature", "geometry": {"type": "Point", "coordinates": [-91.713514, 35.223423]}, "properties": {"crashes": 2, "injury": 0, "fatal": 0, "pedestrian": 0, "bicycle": 0, "density": 0.5, "year_range": "unknown"}}, {"type": "Feature", "geometry": {"type": "Point", "coordinates": [-91.688288, 35.241441]}, "properties": {"crashes": 4, "injury": 0, "fatal": 0, "pedestrian": 0, "bicycle": 0, "density": 1.0, "year_range": "unknown"}}, {"type": "Feature", "geometry": {"type": "Point", "coordinates": [-91.754955, 35.245045]}, "properties": {"crashes": 7, "injury": 0, "fatal": 0, "pedestrian": 0, "bicycle": 0, "density": 1.8, "year_range": "unknown"}}, {"type": "Feature", "geometry": {"type": "Point", "coordinates": [-91.718919, 35.221622]}, "properties": {"crashes": 9, "injury": 0, "fatal": 0, "pedestrian": 0, "bicycle": 0, "density": 2.2, "year_range": "unknown"}}, {"type": "Feature", "geometry": {"type": "Point", "coordinates": [-91.771171, 35.252252]}, "properties": {"crashes": 3, "injury": 0, "fatal": 0, "pedestrian": 0, "bicycle": 0, "density": 0.8, "year_range": "unknown"}}, {"type": "Feature", "geometry": {"type": "Point", "coordinates": [-91.72973, 35.223423]}, "properties": {"crashes": 5, "injury": 1, "fatal": 0, "pedestrian": 0, "bicycle": 0, "density": 1.2, "year_range": "unknown"}}, {"type": "Feature", "geometry": {"type": "Point", "coordinates": [-91.736937, 35.255856]}, "properties": {"crashes": 5, "injury": 0, "fatal": 0, "pedestrian": 0, "bicycle": 0, "density": 1.2, "year_range": "unknown"}}, {"type": "Feature", "geometry": {"type": "Point", "coordinates": [-91.745946, 35.254054]}, "properties": {"crashes": 6, "injury": 1, "fatal": 0, "pedestrian": 0, "bicycle": 0, "density": 1.5, "year_range": "unknown"}}, {"type": "Feature", "geometry": {"type": "Point", "coordinates": [-91.715315, 35.230631]}, "properties": {"crashes": 1, "injury": 0, "fatal": 0, "pedestrian": 0, "bicycle": 0, "density": 0.2, "year_range": "unknown"}}, {"type": "Feature", "geometry": {"type": "Point", "coordinates": [-91.731532, 35.225225]}, "properties": {"crashes": 3, "injury": 0, "fatal": 0, "pedestrian": 0, "bicycle": 0, "density": 0.8, "year_range": "unknown"}}, {"type": "Feature", "geometry": {"type": "Point", "coordinates": [-91.742342, 35.248649]}, "properties": {"crashes": 6, "injury": 1, "fatal": 0, "pedestrian": 0, "bicycle": 0, "density": 1.5, "year_range": "unknown"}}, {"type": "Feature", "geometry": {"type": "Point", "coordinates": [-91.736937, 35.257658]}, "properties": {"crashes": 1, "injury": 0, "fatal": 0, "pedestrian": 0, "bicycle": 0, "density": 0.2, "year_range": "unknown"}}, {"type": "Feature", "geometry": {"type": "Point", "coordinates": [-91.724324, 35.23964]}, "properties": {"crashes": 2, "injury": 0, "fatal": 0, "pedestrian": 0, "bicycle": 0, "density": 0.5, "year_range": "unknown"}}, {"type": "Feature", "geometry": {"type": "Point", "coordinates": [-91.722523, 35.212613]}, "properties": {"crashes": 7, "injury": 1, "fatal": 1, "pedestrian": 0, "bicycle": 0, "density": 1.8, "year_range": "unknown"}}, {"type": "Feature", "geometry": {"type": "Point", "coordinates": [-91.731532, 35.236036]}, "properties": {"crashes": 1, "injury": 0, "fatal": 0, "pedestrian": 0, "bicycle": 0, "density": 0.2, "year_range": "unknown"}}, {"type": "Feature", "geometry": {"type": "Point", "coordinates": [-91.731532, 35.241441]}, "properties": {"crashes": 8, "injury": 0, "fatal": 0, "pedestrian": 0, "bicycle": 0, "density": 2.0, "year_range": "unknown"}}, {"type": "Feature", "geometry": {"type": "Point", "coordinates": [-91.727928, 35.23964]}, "properties": {"crashes": 5, "injury": 0, "fatal": 0, "pedestrian": 0, "bicycle": 0, "density": 1.2, "year_range": "unknown"}}, {"type": "Feature", "geometry": {"type": "Point", "coordinates": [-91.735135, 35.266667]}, "properties": {"crashes": 2, "injury": 1, "fatal": 0, "pedestrian": 0, "bicycle": 0, "density": 0.5, "year_range": "unknown"}}, {"type": "Feature", "geometry": {"type": "Point", "coordinates": [-91.726126, 35.210811]}, "properties": {"crashes": 2, "injury": 0, "fatal": 0, "pedestrian": 0, "bicycle": 0, "density": 0.5, "year_range": "unknown"}}, {"type": "Feature", "geometry": {"type": "Point", "coordinates": [-91.740541, 35.241441]}, "properties": {"crashes": 2, "injury": 0, "fatal": 0, "pedestrian": 0, "bicycle": 0, "density": 0.5, "year_range": "unknown"}}, {"type": "Feature", "geometry": {"type": "Point", "coordinates": [-91.733333, 35.216216]}, "properties": {"crashes": 3, "injury": 0, "fatal": 0, "pedestrian": 0, "bicycle": 0, "density": 0.8, "year_range": "unknown"}}, {"type": "Feature", "geometry": {"type": "Point", "coordinates": [-91.726126, 35.268468]}, "properties": {"crashes": 3, "injury": 1, "fatal": 0, "pedestrian": 0, "bicycle": 0, "density": 0.8, "year_range": "unknown"}}, {"type": "Feature", "geometry": {"type": "Point", "coordinates": [-91.727928, 35.234234]}, "properties": {"crashes": 3, "injury": 0, "fatal": 0, "pedestrian": 0, "bicycle": 0, "density": 0.8, "year_range": "unknown"}}, {"type": "Feature", "geometry": {"type": "Point", "coordinates": [-91.715315, 35.252252]}, "properties": {"crashes": 4, "injury": 0, "fatal": 0, "pedestrian": 0, "bicycle": 0, "density": 1.0, "year_range": "unknown"}}, {"type": "Feature", "geometry": {"type": "Point", "coordinates": [-91.745946, 35.245045]}, "properties": {"crashes": 2, "injury": 0, "fatal": 0, "pedestrian": 0, "bicycle": 0, "density": 0.5, "year_range": "unknown"}}, {"type": "Feature", "geometry": {"type": "Point", "coordinates": [-91.74955, 35.252252]}, "properties": {"crashes": 2, "injury": 0, "fatal": 0, "pedestrian": 0, "bicycle": 0, "density": 0.5, "year_range": "unknown"}}, {"type": "Feature", "geometry": {"type": "Point", "coordinates": [-91.724324, 35.254054]}, "properties": {"crashes": 5, "injury": 0, "fatal": 0, "pedestrian": 0, "bicycle": 0, "density": 1.2, "year_range": "unknown"}}, {"type": "Feature", "geometry": {"type": "Point", "coordinates": [-91.735135, 35.254054]}, "properties": {"crashes": 1, "injury": 0, "fatal": 0, "pedestrian": 0, "bicycle": 0, "density": 0.2, "year_range": "unknown"}}, {"type": "Feature", "geometry": {"type": "Point", "coordinates": [-91.718919, 35.237838]}, "properties": {"crashes": 2, "injury": 1, "fatal": 0, "pedestrian": 0, "bicycle": 0, "density": 0.5, "year_range": "unknown"}}, {"type": "Feature", "geometry": {"type": "Point", "coordinates": [-91.727928, 35.241441]}, "properties": {"crashes": 2, "injury": 0, "fatal": 0, "pedestrian": 0, "bicycle": 0, "density": 0.5, "year_range": "unknown"}}, {"type": "Feature", "geometry": {"type": "Point", "coordinates": [-91.679279, 35.25045]}, "properties": {"crashes": 2, "injury": 1, "fatal": 0, "pedestrian": 0, "bicycle": 0, "density": 0.5, "year_range": "unknown"}}, {"type": "Feature", "geometry": {"type": "Point", "coordinates": [-91.790991, 35.245045]}, "properties": {"crashes": 1, "injury": 0, "fatal": 0, "pedestrian": 0, "bicycle": 0, "density": 0.2, "year_range": "unknown"}}, {"type": "Feature", "geometry": {"type": "Point", "coordinates": [-91.747748, 35.254054]}, "properties": {"crashes": 1, "injury": 0, "fatal": 0, "pedestrian": 0, "bicycle": 0, "density": 0.2, "year_range": "unknown"}}, {"type": "Feature", "geometry": {"type": "Point", "coordinates": [-91.756757, 35.245045]}, "properties": {"crashes": 2, "injury": 0, "fatal": 0, "pedestrian": 0, "bicycle": 0, "density": 0.5, "year_range": "unknown"}}, {"type": "Feature", "geometry": {"type": "Point", "coordinates": [-91.731532, 35.268468]}, "properties": {"crashes": 5, "injury": 2, "fatal": 0, "pedestrian": 0, "bicycle": 0, "density": 1.2, "year_range": "unknown"}}, {"type": "Feature", "geometry": {"type": "Point", "coordinates": [-91.792793, 35.236036]}, "properties": {"crashes": 1, "injury": 0, "fatal": 0, "pedestrian": 0, "bicycle": 0, "density": 0.2, "year_range": "unknown"}}, {"type": "Feature", "geometry": {"type": "Point", "coordinates": [-91.769369, 35.252252]}, "properties": {"crashes": 2, "injury": 0, "fatal": 0, "pedestrian": 0, "bicycle": 0, "density": 0.5, "year_range": "unknown"}}, {"type": "Feature", "geometry": {"type": "Point", "coordinates": [-91.697297, 35.23964]}, "properties": {"crashes": 5, "injury": 2, "fatal": 0, "pedestrian": 0, "bicycle": 0, "density": 1.2, "year_range": "unknown"}}, {"type": "Feature", "geometry": {"type": "Point", "coordinates": [-91.711712, 35.25045]}, "properties": {"crashes": 10, "injury": 2, "fatal": 0, "pedestrian": 0, "bicycle": 0, "density": 2.5, "year_range": "unknown"}}, {"type": "Feature", "geometry": {"type": "Point", "coordinates": [-91.722523, 35.268468]}, "properties": {"crashes": 2, "injury": 1, "fatal": 0, "pedestrian": 0, "bicycle": 0, "density": 0.5, "year_range": "unknown"}}, {"type": "Feature", "geometry": {"type": "Point", "coordinates": [-91.702703, 35.257658]}, "properties": {"crashes": 1, "injury": 0, "fatal": 0, "pedestrian": 0, "bicycle": 0, "density": 0.2, "year_range": "unknown"}}, {"type": "Feature", "geometry": {"type": "Point", "coordinates": [-91.740541, 35.214414]}, "properties": {"crashes": 1, "injury": 0, "fatal": 0, "pedestrian": 0, "bicycle": 0, "density": 0.2, "year_range": "unknown"}}, {"type": "Feature", "geometry": {"type": "Point", "coordinates": [-91.747748, 35.266667]}, "properties": {"crashes": 3, "injury": 2, "fatal": 0, "pedestrian": 0, "bicycle": 0, "density": 0.8, "year_range": "unknown"}}, {"type": "Feature", "geometry": {"type": "Point", "coordinates": [-91.745946, 35.248649]}, "properties": {"crashes": 4, "injury": 0, "fatal": 0, "pedestrian": 0, "bicycle": 0, "density": 1.0, "year_range": "unknown"}}, {"type": "Feature", "geometry": {"type": "Point", "coordinates": [-91.794595, 35.246847]}, "properties": {"crashes": 4, "injury": 0, "fatal": 0, "pedestrian": 0, "bicycle": 0, "density": 1.0, "year_range": "unknown"}}, {"type": "Feature", "geometry": {"type": "Point", "coordinates": [-91.747748, 35.228829]}, "properties": {"crashes": 2, "injury": 0, "fatal": 0, "pedestrian": 0, "bicycle": 0, "density": 0.5, "year_range": "unknown"}}, {"type": "Feature", "geometry": {"type": "Point", "coordinates": [-91.699099, 35.25045]}, "properties": {"crashes": 24, "injury": 4, "fatal": 0, "pedestrian": 0, "bicycle": 0, "density": 6.0, "year_range": "unknown"}}, {"type": "Feature", "geometry": {"type": "Point", "coordinates": [-91.702703, 35.254054]}, "properties": {"crashes": 3, "injury": 0, "fatal": 0, "pedestrian": 0, "bicycle": 0, "density": 0.8, "year_range": "unknown"}}, {"type": "Feature", "geometry": {"type": "Point", "coordinates": [-91.702703, 35.252252]}, "properties": {"crashes": 2, "injury": 0, "fatal": 0, "pedestrian": 0, "bicycle": 0, "density": 0.5, "year_range": "unknown"}}, {"type": "Feature", "geometry": {"type": "Point", "coordinates": [-91.767568, 35.236036]}, "properties": {"crashes": 1, "injury": 0, "fatal": 0, "pedestrian": 0, "bicycle": 0, "density": 0.2, "year_range": "unknown"}}, {"type": "Feature", "geometry": {"type": "Point", "coordinates": [-91.735135, 35.248649]}, "properties": {"crashes": 2, "injury": 0, "fatal": 0, "pedestrian": 0, "bicycle": 0, "density": 0.5, "year_range": "unknown"}}, {"type": "Feature", "geometry": {"type": "Point", "coordinates": [-91.697297, 35.252252]}, "properties": {"crashes": 4, "injury": 0, "fatal": 0, "pedestrian": 0, "bicycle": 0, "density": 1.0, "year_range": "unknown"}}, {"type": "Feature", "geometry": {"type": "Point", "coordinates": [-91.704505, 35.227027]}, "properties": {"crashes": 2, "injury": 0, "fatal": 0, "pedestrian": 0, "bicycle": 0, "density": 0.5, "year_range": "unknown"}}, {"type": "Feature", "geometry": {"type": "Point", "coordinates": [-91.688288, 35.254054]}, "properties": {"crashes": 11, "injury": 1, "fatal": 0, "pedestrian": 0, "bicycle": 0, "density": 2.8, "year_range": "unknown"}}, {"type": "Feature", "geometry": {"type": "Point", "coordinates": [-91.771171, 35.241441]}, "properties": {"crashes": 1, "injury": 0, "fatal": 0, "pedestrian": 0, "bicycle": 0, "density": 0.2, "year_range": "unknown"}}, {"type": "Feature", "geometry": {"type": "Point", "coordinates": [-91.735135, 35.252252]}, "properties": {"crashes": 2, "injury": 0, "fatal": 0, "pedestrian": 0, "bicycle": 0, "density": 0.5, "year_range": "unknown"}}, {"type": "Feature", "geometry": {"type": "Point", "coordinates": [-91.717117, 35.252252]}, "properties": {"crashes": 3, "injury": 0, "fatal": 0, "pedestrian": 0, "bicycle": 0, "density": 0.8, "year_range": "unknown"}}, {"type": "Feature", "geometry": {"type": "Point", "coordinates": [-91.74955, 35.246847]}, "properties": {"crashes": 6, "injury": 0, "fatal": 0, "pedestrian": 0, "bicycle": 0, "density": 1.5, "year_range": "unknown"}}, {"type": "Feature", "geometry": {"type": "Point", "coordinates": [-91.74955, 35.25045]}, "properties": {"crashes": 9, "injury": 2, "fatal": 0, "pedestrian": 0, "bicycle": 0, "density": 2.2, "year_range": "unknown"}}, {"type": "Feature", "geometry": {"type": "Point", "coordinates": [-91.763964, 35.246847]}, "properties": {"crashes": 3, "injury": 1, "fatal": 0, "pedestrian": 0, "bicycle": 0, "density": 0.8, "year_range": "unknown"}}, {"type": "Feature", "geometry": {"type": "Point", "coordinates": [-91.751351, 35.225225]}, "properties": {"crashes": 5, "injury": 1, "fatal": 0, "pedestrian": 0, "bicycle": 0, "density": 1.2, "year_range": "unknown"}}, {"type": "Feature", "geometry": {"type": "Point", "coordinates": [-91.727928, 35.245045]}, "properties": {"crashes": 4, "injury": 0, "fatal": 0, "pedestrian": 0, "bicycle": 0, "density": 1.0, "year_range": "unknown"}}, {"type": "Feature", "geometry": {"type": "Point", "coordinates": [-91.751351, 35.248649]}, "properties": {"crashes": 3, "injury": 0, "fatal": 0, "pedestrian": 0, "bicycle": 0, "density": 0.8, "year_range": "unknown"}}, {"type": "Feature", "geometry": {"type": "Point", "coordinates": [-91.740541, 35.236036]}, "properties": {"crashes": 2, "injury": 0, "fatal": 0, "pedestrian": 0, "bicycle": 0, "density": 0.5, "year_range": "unknown"}}, {"type": "Feature", "geometry": {"type": "Point", "coordinates": [-91.72973, 35.246847]}, "properties": {"crashes": 5, "injury": 0, "fatal": 0, "pedestrian": 0, "bicycle": 0, "density": 1.2, "year_range": "unknown"}}, {"type": "Feature", "geometry": {"type": "Point", "coordinates": [-91.717117, 35.216216]}, "properties": {"crashes": 1, "injury": 0, "fatal": 0, "pedestrian": 0, "bicycle": 0, "density": 0.2, "year_range": "unknown"}}, {"type": "Feature", "geometry": {"type": "Point", "coordinates": [-91.751351, 35.246847]}, "properties": {"crashes": 3, "injury": 1, "fatal": 0, "pedestrian": 0, "bicycle": 0, "density": 0.8, "year_range": "unknown"}}, {"type": "Feature", "geometry": {"type": "Point", "coordinates": [-91.744144, 35.252252]}, "properties": {"crashes": 2, "injury": 1, "fatal": 0, "pedestrian": 0, "bicycle": 0, "density": 0.5, "year_range": "unknown"}}, {"type": "Feature", "geometry": {"type": "Point", "coordinates": [-91.758559, 35.241441]}, "properties": {"crashes": 2, "injury": 0, "fatal": 0, "pedestrian": 0, "bicycle": 0, "density": 0.5, "year_range": "unknown"}}, {"type": "Feature", "geometry": {"type": "Point", "coordinates": [-91.738739, 35.254054]}, "properties": {"crashes": 2, "injury": 0, "fatal": 0, "pedestrian": 0, "bicycle": 0, "density": 0.5, "year_range": "unknown"}}, {"type": "Feature", "geometry": {"type": "Point", "coordinates": [-91.715315, 35.248649]}, "properties": {"crashes": 3, "injury": 0, "fatal": 0, "pedestrian": 0, "bicycle": 0, "density": 0.8, "year_range": "unknown"}}, {"type": "Feature", "geometry": {"type": "Point", "coordinates": [-91.765766, 35.25045]}, "properties": {"crashes": 4, "injury": 0, "fatal": 0, "pedestrian": 0, "bicycle": 0, "density": 1.0, "year_range": "unknown"}}, {"type": "Feature", "geometry": {"type": "Point", "coordinates": [-91.706306, 35.232432]}, "properties": {"crashes": 3, "injury": 1, "fatal": 0, "pedestrian": 0, "bicycle": 0, "density": 0.8, "year_range": "unknown"}}, {"type": "Feature", "geometry": {"type": "Point", "coordinates": [-91.700901, 35.246847]}, "properties": {"crashes": 2, "injury": 1, "fatal": 0, "pedestrian": 0, "bicycle": 0, "density": 0.5, "year_range": "unknown"}}, {"type": "Feature", "geometry": {"type": "Point", "coordinates": [-91.724324, 35.210811]}, "properties": {"crashes": 9, "injury": 0, "fatal": 0, "pedestrian": 0, "bicycle": 0, "density": 2.2, "year_range": "unknown"}}, {"type": "Feature", "geometry": {"type": "Point", "coordinates": [-91.78018, 35.246847]}, "properties": {"crashes": 1, "injury": 0, "fatal": 0, "pedestrian": 0, "bicycle": 0, "density": 0.2, "year_range": "unknown"}}, {"type": "Feature", "geometry": {"type": "Point", "coordinates": [-91.745946, 35.252252]}, "properties": {"crashes": 7, "injury": 1, "fatal": 0, "pedestrian": 0, "bicycle": 0, "density": 1.8, "year_range": "unknown"}}, {"type": "Feature", "geometry": {"type": "Point", "coordinates": [-91.763964, 35.255856]}, "properties": {"crashes": 1, "injury": 0, "fatal": 0, "pedestrian": 0, "bicycle": 0, "density": 0.2, "year_range": "unknown"}}, {"type": "Feature", "geometry": {"type": "Point", "coordinates": [-91.691892, 35.237838]}, "properties": {"crashes": 6, "injury": 2, "fatal": 0, "pedestrian": 0, "bicycle": 0, "density": 1.5, "year_range": "unknown"}}, {"type": "Feature", "geometry": {"type": "Point", "coordinates": [-91.776577, 35.246847]}, "properties": {"crashes": 4, "injury": 0, "fatal": 0, "pedestrian": 0, "bicycle": 0, "density": 1.0, "year_range": "unknown"}}, {"type": "Feature", "geometry": {"type": "Point", "coordinates": [-91.745946, 35.23964]}, "properties": {"crashes": 2, "injury": 1, "fatal": 0, "pedestrian": 0, "bicycle": 0, "density": 0.5, "year_range": "unknown"}}, {"type": "Feature", "geometry": {"type": "Point", "coordinates": [-91.742342, 35.23964]}, "properties": {"crashes": 1, "injury": 0, "fatal": 0, "pedestrian": 0, "bicycle": 0, "density": 0.2, "year_range": "unknown"}}, {"type": "Feature", "geometry": {"type": "Point", "coordinates": [-91.727928, 35.223423]}, "properties": {"crashes": 1, "injury": 0, "fatal": 0, "pedestrian": 0, "bicycle": 0, "density": 0.2, "year_range": "unknown"}}, {"type": "Feature", "geometry": {"type": "Point", "coordinates": [-91.691892, 35.23964]}, "properties": {"crashes": 2, "injury": 0, "fatal": 0, "pedestrian": 0, "bicycle": 0, "density": 0.5, "year_range": "unknown"}}, {"type": "Feature", "geometry": {"type": "Point", "coordinates": [-91.720721, 35.241441]}, "properties": {"crashes": 2, "injury": 0, "fatal": 0, "pedestrian": 0, "bicycle": 0, "density": 0.5, "year_range": "unknown"}}, {"type": "Feature", "geometry": {"type": "Point", "coordinates": [-91.713514, 35.243243]}, "properties": {"crashes": 5, "injury": 0, "fatal": 0, "pedestrian": 0, "bicycle": 0, "density": 1.2, "year_range": "unknown"}}, {"type": "Feature", "geometry": {"type": "Point", "coordinates": [-91.754955, 35.246847]}, "properties": {"crashes": 5, "injury": 0, "fatal": 0, "pedestrian": 0, "bicycle": 0, "density": 1.2, "year_range": "unknown"}}, {"type": "Feature", "geometry": {"type": "Point", "coordinates": [-91.720721, 35.221622]}, "properties": {"crashes": 3, "injury": 0, "fatal": 0, "pedestrian": 0, "bicycle": 0, "density": 0.8, "year_range": "unknown"}}, {"type": "Feature", "geometry": {"type": "Point", "coordinates": [-91.772973, 35.254054]}, "properties": {"crashes": 1, "injury": 0, "fatal": 0, "pedestrian": 0, "bicycle": 0, "density": 0.2, "year_range": "unknown"}}, {"type": "Feature", "geometry": {"type": "Point", "coordinates": [-91.742342, 35.243243]}, "properties": {"crashes": 5, "injury": 0, "fatal": 0, "pedestrian": 0, "bicycle": 0, "density": 1.2, "year_range": "unknown"}}, {"type": "Feature", "geometry": {"type": "Point", "coordinates": [-91.772973, 35.234234]}, "properties": {"crashes": 1, "injury": 1, "fatal": 0, "pedestrian": 0, "bicycle": 0, "density": 0.2, "year_range": "unknown"}}, {"type": "Feature", "geometry": {"type": "Point", "coordinates": [-91.706306, 35.227027]}, "properties": {"crashes": 1, "injury": 0, "fatal": 0, "pedestrian": 0, "bicycle": 0, "density": 0.2, "year_range": "unknown"}}, {"type": "Feature", "geometry": {"type": "Point", "coordinates": [-91.751351, 35.230631]}, "properties": {"crashes": 2, "injury": 0, "fatal": 0, "pedestrian": 0, "bicycle": 0, "density": 0.5, "year_range": "unknown"}}, {"type": "Feature", "geometry": {"type": "Point", "coordinates": [-91.718919, 35.245045]}, "properties": {"crashes": 4, "injury": 0, "fatal": 0, "pedestrian": 0, "bicycle": 0, "density": 1.0, "year_range": "unknown"}}, {"type": "Feature", "geometry": {"type": "Point", "coordinates": [-91.713514, 35.237838]}, "properties": {"crashes": 4, "injury": 0, "fatal": 0, "pedestrian": 0, "bicycle": 0, "density": 1.0, "year_range": "unknown"}}, {"type": "Feature", "geometry": {"type": "Point", "coordinates": [-91.695495, 35.252252]}, "properties": {"crashes": 2, "injury": 0, "fatal": 0, "pedestrian": 0, "bicycle": 0, "density": 0.5, "year_range": "unknown"}}, {"type": "Feature", "geometry": {"type": "Point", "coordinates": [-91.704505, 35.245045]}, "properties": {"crashes": 1, "injury": 0, "fatal": 0, "pedestrian": 0, "bicycle": 0, "density": 0.2, "year_range": "unknown"}}, {"type": "Feature", "geometry": {"type": "Point", "coordinates": [-91.738739, 35.252252]}, "properties": {"crashes": 3, "injury": 0, "fatal": 0, "pedestrian": 0, "bicycle": 0, "density": 0.8, "year_range": "unknown"}}, {"type": "Feature", "geometry": {"type": "Point", "coordinates": [-91.691892, 35.252252]}, "properties": {"crashes": 5, "injury": 0, "fatal": 0, "pedestrian": 0, "bicycle": 0, "density": 1.2, "year_range": "unknown"}}, {"type": "Feature", "geometry": {"type": "Point", "coordinates": [-91.677477, 35.254054]}, "properties": {"crashes": 1, "injury": 0, "fatal": 0, "pedestrian": 0, "bicycle": 0, "density": 0.2, "year_range": "unknown"}}, {"type": "Feature", "geometry": {"type": "Point", "coordinates": [-91.742342, 35.246847]}, "properties": {"crashes": 4, "injury": 3, "fatal": 0, "pedestrian": 0, "bicycle": 0, "density": 1.0, "year_range": "unknown"}}, {"type": "Feature", "geometry": {"type": "Point", "coordinates": [-91.758559, 35.252252]}, "properties": {"crashes": 1, "injury": 0, "fatal": 0, "pedestrian": 0, "bicycle": 0, "density": 0.2, "year_range": "unknown"}}, {"type": "Feature", "geometry": {"type": "Point", "coordinates": [-91.72973, 35.205405]}, "properties": {"crashes": 3, "injury": 1, "fatal": 0, "pedestrian": 0, "bicycle": 0, "density": 0.8, "year_range": "unknown"}}, {"type": "Feature", "geometry": {"type": "Point", "coordinates": [-91.722523, 35.241441]}, "properties": {"crashes": 7, "injury": 0, "fatal": 0, "pedestrian": 0, "bicycle": 0, "density": 1.8, "year_range": "unknown"}}, {"type": "Feature", "geometry": {"type": "Point", "coordinates": [-91.724324, 35.236036]}, "properties": {"crashes": 4, "injury": 2, "fatal": 0, "pedestrian": 0, "bicycle": 0, "density": 1.0, "year_range": "unknown"}}, {"type": "Feature", "geometry": {"type": "Point", "coordinates": [-91.733333, 35.196396]}, "properties": {"crashes": 1, "injury": 0, "fatal": 0, "pedestrian": 0, "bicycle": 0, "density": 0.2, "year_range": "unknown"}}, {"type": "Feature", "geometry": {"type": "Point", "coordinates": [-91.720721, 35.216216]}, "properties": {"crashes": 1, "injury": 0, "fatal": 0, "pedestrian": 0, "bicycle": 0, "density": 0.2, "year_range": "unknown"}}, {"type": "Feature", "geometry": {"type": "Point", "coordinates": [-91.744144, 35.263063]}, "properties": {"crashes": 4, "injury": 2, "fatal": 1, "pedestrian": 0, "bicycle": 0, "density": 1.0, "year_range": "unknown"}}, {"type": "Feature", "geometry": {"type": "Point", "coordinates": [-91.765766, 35.241441]}, "properties": {"crashes": 1, "injury": 0, "fatal": 0, "pedestrian": 0, "bicycle": 0, "density": 0.2, "year_range": "unknown"}}, {"type": "Feature", "geometry": {"type": "Point", "coordinates": [-91.778378, 35.246847]}, "properties": {"crashes": 4, "injury": 0, "fatal": 0, "pedestrian": 0, "bicycle": 0, "density": 1.0, "year_range": "unknown"}}, {"type": "Feature", "geometry": {"type": "Point", "coordinates": [-91.744144, 35.23964]}, "properties": {"crashes": 6, "injury": 0, "fatal": 0, "pedestrian": 0, "bicycle": 0, "density": 1.5, "year_range": "unknown"}}, {"type": "Feature", "geometry": {"type": "Point", "coordinates": [-91.72973, 35.207207]}, "properties": {"crashes": 3, "injury": 0, "fatal": 0, "pedestrian": 0, "bicycle": 0, "density": 0.8, "year_range": "unknown"}}, {"type": "Feature", "geometry": {"type": "Point", "coordinates": [-91.744144, 35.246847]}, "properties": {"crashes": 8, "injury": 2, "fatal": 0, "pedestrian": 0, "bicycle": 0, "density": 2.0, "year_range": "unknown"}}, {"type": "Feature", "geometry": {"type": "Point", "coordinates": [-91.697297, 35.234234]}, "properties": {"crashes": 1, "injury": 0, "fatal": 0, "pedestrian": 0, "bicycle": 0, "density": 0.2, "year_range": "unknown"}}, {"type": "Feature", "geometry": {"type": "Point", "coordinates": [-91.722523, 35.223423]}, "properties": {"crashes": 5, "injury": 1, "fatal": 1, "pedestrian": 0, "bicycle": 0, "density": 1.2, "year_range": "unknown"}}, {"type": "Feature", "geometry": {"type": "Point", "coordinates": [-91.733333, 35.207207]}, "properties": {"crashes": 10, "injury": 1, "fatal": 0, "pedestrian": 0, "bicycle": 0, "density": 2.5, "year_range": "unknown"}}, {"type": "Feature", "geometry": {"type": "Point", "coordinates": [-91.785586, 35.228829]}, "properties": {"crashes": 2, "injury": 0, "fatal": 0, "pedestrian": 0, "bicycle": 0, "density": 0.5, "year_range": "unknown"}}, {"type": "Feature", "geometry": {"type": "Point", "coordinates": [-91.699099, 35.252252]}, "properties": {"crashes": 1, "injury": 0, "fatal": 0, "pedestrian": 0, "bicycle": 0, "density": 0.2, "year_range": "unknown"}}, {"type": "Feature", "geometry": {"type": "Point", "coordinates": [-91.745946, 35.255856]}, "properties": {"crashes": 11, "injury": 0, "fatal": 0, "pedestrian": 0, "bicycle": 0, "density": 2.8, "year_range": "unknown"}}, {"type": "Feature", "geometry": {"type": "Point", "coordinates": [-91.74955, 35.245045]}, "properties": {"crashes": 4, "injury": 1, "fatal": 0, "pedestrian": 0, "bicycle": 0, "density": 1.0, "year_range": "unknown"}}, {"type": "Feature", "geometry": {"type": "Point", "coordinates": [-91.738739, 35.198198]}, "properties": {"crashes": 4, "injury": 0, "fatal": 0, "pedestrian": 0, "bicycle": 0, "density": 1.0, "year_range": "unknown"}}, {"type": "Feature", "geometry": {"type": "Point", "coordinates": [-91.720721, 35.227027]}, "properties": {"crashes": 1, "injury": 0, "fatal": 0, "pedestrian": 0, "bicycle": 0, "density": 0.2, "year_range": "unknown"}}, {"type": "Feature", "geometry": {"type": "Point", "coordinates": [-91.731532, 35.205405]}, "properties": {"crashes": 3, "injury": 0, "fatal": 0, "pedestrian": 0, "bicycle": 0, "density": 0.8, "year_range": "unknown"}}, {"type": "Feature", "geometry": {"type": "Point", "coordinates": [-91.733333, 35.210811]}, "properties": {"crashes": 4, "injury": 0, "fatal": 0, "pedestrian": 0, "bicycle": 0, "density": 1.0, "year_range": "unknown"}}, {"type": "Feature", "geometry": {"type": "Point", "coordinates": [-91.733333, 35.248649]}, "properties": {"crashes": 6, "injury": 1, "fatal": 0, "pedestrian": 0, "bicycle": 0, "density": 1.5, "year_range": "unknown"}}, {"type": "Feature", "geometry": {"type": "Point", "coordinates": [-91.762162, 35.252252]}, "properties": {"crashes": 7, "injury": 1, "fatal": 0, "pedestrian": 0, "bicycle": 0, "density": 1.8, "year_range": "unknown"}}, {"type": "Feature", "geometry": {"type": "Point", "coordinates": [-91.771171, 35.255856]}, "properties": {"crashes": 1, "injury": 0, "fatal": 0, "pedestrian": 0, "bicycle": 0, "density": 0.2, "year_range": "unknown"}}, {"type": "Feature", "geometry": {"type": "Point", "coordinates": [-91.771171, 35.254054]}, "properties": {"crashes": 1, "injury": 0, "fatal": 0, "pedestrian": 0, "bicycle": 0, "density": 0.2, "year_range": "unknown"}}, {"type": "Feature", "geometry": {"type": "Point", "coordinates": [-91.733333, 35.268468]}, "properties": {"crashes": 11, "injury": 2, "fatal": 0, "pedestrian": 0, "bicycle": 0, "density": 2.8, "year_range": "unknown"}}, {"type": "Feature", "geometry": {"type": "Point", "coordinates": [-91.765766, 35.237838]}, "properties": {"crashes": 2, "injury": 0, "fatal": 0, "pedestrian": 0, "bicycle": 0, "density": 0.5, "year_range": "unknown"}}, {"type": "Feature", "geometry": {"type": "Point", "coordinates": [-91.751351, 35.228829]}, "properties": {"crashes": 1, "injury": 0, "fatal": 0, "pedestrian": 0, "bicycle": 0, "density": 0.2, "year_range": "unknown"}}, {"type": "Feature", "geometry": {"type": "Point", "coordinates": [-91.765766, 35.255856]}, "properties": {"crashes": 2, "injury": 0, "fatal": 0, "pedestrian": 0, "bicycle": 0, "density": 0.5, "year_range": "unknown"}}, {"type": "Feature", "geometry": {"type": "Point", "coordinates": [-91.740541, 35.196396]}, "properties": {"crashes": 1, "injury": 0, "fatal": 0, "pedestrian": 0, "bicycle": 0, "density": 0.2, "year_range": "unknown"}}, {"type": "Feature", "geometry": {"type": "Point", "coordinates": [-91.742342, 35.255856]}, "properties": {"crashes": 1, "injury": 0, "fatal": 0, "pedestrian": 0, "bicycle": 0, "density": 0.2, "year_range": "unknown"}}, {"type": "Feature", "geometry": {"type": "Point", "coordinates": [-91.704505, 35.248649]}, "properties": {"crashes": 2, "injury": 1, "fatal": 0, "pedestrian": 0, "bicycle": 0, "density": 0.5, "year_range": "unknown"}}, {"type": "Feature", "geometry": {"type": "Point", "coordinates": [-91.69009, 35.248649]}, "properties": {"crashes": 5, "injury": 0, "fatal": 0, "pedestrian": 0, "bicycle": 0, "density": 1.2, "year_range": "unknown"}}, {"type": "Feature", "geometry": {"type": "Point", "coordinates": [-91.715315, 35.225225]}, "properties": {"crashes": 4, "injury": 0, "fatal": 0, "pedestrian": 0, "bicycle": 0, "density": 1.0, "year_range": "unknown"}}, {"type": "Feature", "geometry": {"type": "Point", "coordinates": [-91.747748, 35.25045]}, "properties": {"crashes": 4, "injury": 0, "fatal": 0, "pedestrian": 0, "bicycle": 0, "density": 1.0, "year_range": "unknown"}}, {"type": "Feature", "geometry": {"type": "Point", "coordinates": [-91.70991, 35.23964]}, "properties": {"crashes": 1, "injury": 0, "fatal": 0, "pedestrian": 0, "bicycle": 0, "density": 0.2, "year_range": "unknown"}}, {"type": "Feature", "geometry": {"type": "Point", "coordinates": [-91.758559, 35.254054]}, "properties": {"crashes": 1, "injury": 0, "fatal": 0, "pedestrian": 0, "bicycle": 0, "density": 0.2, "year_range": "unknown"}}, {"type": "Feature", "geometry": {"type": "Point", "coordinates": [-91.717117, 35.237838]}, "properties": {"crashes": 4, "injury": 0, "fatal": 0, "pedestrian": 0, "bicycle": 0, "density": 1.0, "year_range": "unknown"}}, {"type": "Feature", "geometry": {"type": "Point", "coordinates": [-91.699099, 35.254054]}, "properties": {"crashes": 4, "injury": 0, "fatal": 0, "pedestrian": 0, "bicycle": 0, "density": 1.0, "year_range": "unknown"}}, {"type": "Feature", "geometry": {"type": "Point", "coordinates": [-91.736937, 35.241441]}, "properties": {"crashes": 3, "injury": 0, "fatal": 0, "pedestrian": 0, "bicycle": 0, "density": 0.8, "year_range": "unknown"}}, {"type": "Feature", "geometry": {"type": "Point", "coordinates": [-91.684685, 35.255856]}, "properties": {"crashes": 2, "injury": 0, "fatal": 0, "pedestrian": 0, "bicycle": 0, "density": 0.5, "year_range": "unknown"}}, {"type": "Feature", "geometry": {"type": "Point", "coordinates": [-91.69009, 35.23964]}, "properties": {"crashes": 4, "injury": 2, "fatal": 0, "pedestrian": 0, "bicycle": 0, "density": 1.0, "year_range": "unknown"}}, {"type": "Feature", "geometry": {"type": "Point", "coordinates": [-91.713514, 35.232432]}, "properties": {"crashes": 3, "injury": 0, "fatal": 0, "pedestrian": 0, "bicycle": 0, "density": 0.8, "year_range": "unknown"}}, {"type": "Feature", "geometry": {"type": "Point", "coordinates": [-91.724324, 35.241441]}, "properties": {"crashes": 2, "injury": 0, "fatal": 0, "pedestrian": 0, "bicycle": 0, "density": 0.5, "year_range": "unknown"}}, {"type": "Feature", "geometry": {"type": "Point", "coordinates": [-91.724324, 35.234234]}, "properties": {"crashes": 1, "injury": 0, "fatal": 0, "pedestrian": 0, "bicycle": 0, "density": 0.2, "year_range": "unknown"}}, {"type": "Feature", "geometry": {"type": "Point", "coordinates": [-91.733333, 35.246847]}, "properties": {"crashes": 11, "injury": 1, "fatal": 0, "pedestrian": 0, "bicycle": 0, "density": 2.8, "year_range": "unknown"}}, {"type": "Feature", "geometry": {"type": "Point", "coordinates": [-91.726126, 35.245045]}, "properties": {"crashes": 2, "injury": 0, "fatal": 0, "pedestrian": 0, "bicycle": 0, "density": 0.5, "year_range": "unknown"}}, {"type": "Feature", "geometry": {"type": "Point", "coordinates": [-91.713514, 35.254054]}, "properties": {"crashes": 1, "injury": 0, "fatal": 0, "pedestrian": 0, "bicycle": 0, "density": 0.2, "year_range": "unknown"}}, {"type": "Feature", "geometry": {"type": "Point", "coordinates": [-91.789189, 35.246847]}, "properties": {"crashes": 4, "injury": 1, "fatal": 0, "pedestrian": 0, "bicycle": 0, "density": 1.0, "year_range": "unknown"}}, {"type": "Feature", "geometry": {"type": "Point", "coordinates": [-91.693694, 35.241441]}, "properties": {"crashes": 3, "injury": 1, "fatal": 0, "pedestrian": 0, "bicycle": 0, "density": 0.8, "year_range": "unknown"}}, {"type": "Feature", "geometry": {"type": "Point", "coordinates": [-91.713514, 35.21982]}, "properties": {"crashes": 2, "injury": 0, "fatal": 0, "pedestrian": 0, "bicycle": 0, "density": 0.5, "year_range": "unknown"}}, {"type": "Feature", "geometry": {"type": "Point", "coordinates": [-91.740541, 35.254054]}, "properties": {"crashes": 2, "injury": 0, "fatal": 0, "pedestrian": 0, "bicycle": 0, "density": 0.5, "year_range": "unknown"}}, {"type": "Feature", "geometry": {"type": "Point", "coordinates": [-91.76036, 35.245045]}, "properties": {"crashes": 1, "injury": 0, "fatal": 0, "pedestrian": 0, "bicycle": 0, "density": 0.2, "year_range": "unknown"}}, {"type": "Feature", "geometry": {"type": "Point", "coordinates": [-91.720721, 35.268468]}, "properties": {"crashes": 2, "injury": 0, "fatal": 0, "pedestrian": 0, "bicycle": 0, "density": 0.5, "year_range": "unknown"}}, {"type": "Feature", "geometry": {"type": "Point", "coordinates": [-91.726126, 35.225225]}, "properties": {"crashes": 2, "injury": 0, "fatal": 0, "pedestrian": 0, "bicycle": 0, "density": 0.5, "year_range": "unknown"}}, {"type": "Feature", "geometry": {"type": "Point", "coordinates": [-91.731532, 35.201802]}, "properties": {"crashes": 1, "injury": 0, "fatal": 0, "pedestrian": 0, "bicycle": 0, "density": 0.2, "year_range": "unknown"}}, {"type": "Feature", "geometry": {"type": "Point", "coordinates": [-91.735135, 35.223423]}, "properties": {"crashes": 2, "injury": 0, "fatal": 0, "pedestrian": 0, "bicycle": 0, "density": 0.5, "year_range": "unknown"}}, {"type": "Feature", "geometry": {"type": "Point", "coordinates": [-91.720721, 35.252252]}, "properties": {"crashes": 2, "injury": 0, "fatal": 0, "pedestrian": 0, "bicycle": 0, "density": 0.5, "year_range": "unknown"}}, {"type": "Feature", "geometry": {"type": "Point", "coordinates": [-91.731532, 35.246847]}, "properties": {"crashes": 2, "injury": 0, "fatal": 0, "pedestrian": 0, "bicycle": 0, "density": 0.5, "year_range": "unknown"}}, {"type": "Feature", "geometry": {"type": "Point", "coordinates": [-91.718919, 35.216216]}, "properties": {"crashes": 1, "injury": 0, "fatal": 0, "pedestrian": 0, "bicycle": 0, "density": 0.2, "year_range": "unknown"}}, {"type": "Feature", "geometry": {"type": "Point", "coordinates": [-91.738739, 35.23964]}, "properties": {"crashes": 1, "injury": 0, "fatal": 0, "pedestrian": 0, "bicycle": 0, "density": 0.2, "year_range": "unknown"}}, {"type": "Feature", "geometry": {"type": "Point", "coordinates": [-91.767568, 35.248649]}, "properties": {"crashes": 2, "injury": 0, "fatal": 0, "pedestrian": 0, "bicycle": 0, "density": 0.5, "year_range": "unknown"}}, {"type": "Feature", "geometry": {"type": "Point", "coordinates": [-91.731532, 35.203604]}, "properties": {"crashes": 3, "injury": 0, "fatal": 0, "pedestrian": 0, "bicycle": 0, "density": 0.8, "year_range": "unknown"}}, {"type": "Feature", "geometry": {"type": "Point", "coordinates": [-91.70991, 35.248649]}, "properties": {"crashes": 2, "injury": 0, "fatal": 0, "pedestrian": 0, "bicycle": 0, "density": 0.5, "year_range": "unknown"}}, {"type": "Feature", "geometry": {"type": "Point", "coordinates": [-91.78018, 35.227027]}, "properties": {"crashes": 1, "injury": 0, "fatal": 0, "pedestrian": 0, "bicycle": 0, "density": 0.2, "year_range": "unknown"}}, {"type": "Feature", "geometry": {"type": "Point", "coordinates": [-91.758559, 35.23964]}, "properties": {"crashes": 4, "injury": 0, "fatal": 0, "pedestrian": 0, "bicycle": 0, "density": 1.0, "year_range": "unknown"}}, {"type": "Feature", "geometry": {"type": "Point", "coordinates": [-91.693694, 35.252252]}, "properties": {"crashes": 2, "injury": 0, "fatal": 0, "pedestrian": 0, "bicycle": 0, "density": 0.5, "year_range": "unknown"}}, {"type": "Feature", "geometry": {"type": "Point", "coordinates": [-91.754955, 35.261261]}, "properties": {"crashes": 1, "injury": 0, "fatal": 0, "pedestrian": 0, "bicycle": 0, "density": 0.2, "year_range": "unknown"}}, {"type": "Feature", "geometry": {"type": "Point", "coordinates": [-91.699099, 35.259459]}, "properties": {"crashes": 1, "injury": 0, "fatal": 0, "pedestrian": 0, "bicycle": 0, "density": 0.2, "year_range": "unknown"}}, {"type": "Feature", "geometry": {"type": "Point", "coordinates": [-91.722523, 35.228829]}, "properties": {"crashes": 2, "injury": 0, "fatal": 0, "pedestrian": 0, "bicycle": 0, "density": 0.5, "year_range": "unknown"}}, {"type": "Feature", "geometry": {"type": "Point", "coordinates": [-91.72973, 35.252252]}, "properties": {"crashes": 5, "injury": 1, "fatal": 0, "pedestrian": 0, "bicycle": 0, "density": 1.2, "year_range": "unknown"}}, {"type": "Feature", "geometry": {"type": "Point", "coordinates": [-91.69009, 35.252252]}, "properties": {"crashes": 2, "injury": 1, "fatal": 0, "pedestrian": 0, "bicycle": 0, "density": 0.5, "year_range": "unknown"}}, {"type": "Feature", "geometry": {"type": "Point", "coordinates": [-91.708108, 35.228829]}, "properties": {"crashes": 2, "injury": 1, "fatal": 0, "pedestrian": 0, "bicycle": 0, "density": 0.5, "year_range": "unknown"}}, {"type": "Feature", "geometry": {"type": "Point", "coordinates": [-91.727928, 35.236036]}, "properties": {"crashes": 2, "injury": 0, "fatal": 0, "pedestrian": 0, "bicycle": 0, "density": 0.5, "year_range": "unknown"}}, {"type": "Feature", "geometry": {"type": "Point", "coordinates": [-91.715315, 35.218018]}, "properties": {"crashes": 1, "injury": 0, "fatal": 0, "pedestrian": 0, "bicycle": 0, "density": 0.2, "year_range": "unknown"}}, {"type": "Feature", "geometry": {"type": "Point", "coordinates": [-91.765766, 35.252252]}, "properties": {"crashes": 1, "injury": 0, "fatal": 0, "pedestrian": 0, "bicycle": 0, "density": 0.2, "year_range": "unknown"}}, {"type": "Feature", "geometry": {"type": "Point", "coordinates": [-91.772973, 35.248649]}, "properties": {"crashes": 2, "injury": 0, "fatal": 0, "pedestrian": 0, "bicycle": 0, "density": 0.5, "year_range": "unknown"}}, {"type": "Feature", "geometry": {"type": "Point", "coordinates": [-91.74955, 35.225225]}, "properties": {"crashes": 2, "injury": 0, "fatal": 0, "pedestrian": 0, "bicycle": 0, "density": 0.5, "year_range": "unknown"}}, {"type": "Feature", "geometry": {"type": "Point", "coordinates": [-91.733333, 35.209009]}, "properties": {"crashes": 1, "injury": 0, "fatal": 0, "pedestrian": 0, "bicycle": 0, "density": 0.2, "year_range": "unknown"}}, {"type": "Feature", "geometry": {"type": "Point", "coordinates": [-91.794595, 35.252252]}, "properties": {"crashes": 2, "injury": 2, "fatal": 1, "pedestrian": 0, "bicycle": 0, "density": 0.5, "year_range": "unknown"}}, {"type": "Feature", "geometry": {"type": "Point", "coordinates": [-91.744144, 35.257658]}, "properties": {"crashes": 1, "injury": 0, "fatal": 0, "pedestrian": 0, "bicycle": 0, "density": 0.2, "year_range": "unknown"}}, {"type": "Feature", "geometry": {"type": "Point", "coordinates": [-91.762162, 35.245045]}, "properties": {"crashes": 1, "injury": 0, "fatal": 0, "pedestrian": 0, "bicycle": 0, "density": 0.2, "year_range": "unknown"}}, {"type": "Feature", "geometry": {"type": "Point", "coordinates": [-91.731532, 35.230631]}, "properties": {"crashes": 4, "injury": 0, "fatal": 0, "pedestrian": 0, "bicycle": 0, "density": 1.0, "year_range": "unknown"}}, {"type": "Feature", "geometry": {"type": "Point", "coordinates": [-91.726126, 35.243243]}, "properties": {"crashes": 2, "injury": 0, "fatal": 0, "pedestrian": 0, "bicycle": 0, "density": 0.5, "year_range": "unknown"}}, {"type": "Feature", "geometry": {"type": "Point", "coordinates": [-91.702703, 35.261261]}, "properties": {"crashes": 1, "injury": 0, "fatal": 0, "pedestrian": 0, "bicycle": 0, "density": 0.2, "year_range": "unknown"}}, {"type": "Feature", "geometry": {"type": "Point", "coordinates": [-91.781982, 35.246847]}, "properties": {"crashes": 3, "injury": 0, "fatal": 0, "pedestrian": 0, "bicycle": 0, "density": 0.8, "year_range": "unknown"}}, {"type": "Feature", "geometry": {"type": "Point", "coordinates": [-91.740541, 35.252252]}, "properties": {"crashes": 4, "injury": 0, "fatal": 0, "pedestrian": 0, "bicycle": 0, "density": 1.0, "year_range": "unknown"}}, {"type": "Feature", "geometry": {"type": "Point", "coordinates": [-91.731532, 35.248649]}, "properties": {"crashes": 1, "injury": 1, "fatal": 0, "pedestrian": 0, "bicycle": 0, "density": 0.2, "year_range": "unknown"}}, {"type": "Feature", "geometry": {"type": "Point", "coordinates": [-91.751351, 35.241441]}, "properties": {"crashes": 1, "injury": 0, "fatal": 0, "pedestrian": 0, "bicycle": 0, "density": 0.2, "year_range": "unknown"}}, {"type": "Feature", "geometry": {"type": "Point", "coordinates": [-91.756757, 35.23964]}, "properties": {"crashes": 2, "injury": 0, "fatal": 0, "pedestrian": 0, "bicycle": 0, "density": 0.5, "year_range": "unknown"}}, {"type": "Feature", "geometry": {"type": "Point", "coordinates": [-91.747748, 35.261261]}, "properties": {"crashes": 2, "injury": 0, "fatal": 0, "pedestrian": 0, "bicycle": 0, "density": 0.5, "year_range": "unknown"}}, {"type": "Feature", "geometry": {"type": "Point", "coordinates": [-91.753153, 35.232432]}, "properties": {"crashes": 1, "injury": 0, "fatal": 0, "pedestrian": 0, "bicycle": 0, "density": 0.2, "year_range": "unknown"}}, {"type": "Feature", "geometry": {"type": "Point", "coordinates": [-91.744144, 35.259459]}, "properties": {"crashes": 1, "injury": 0, "fatal": 0, "pedestrian": 0, "bicycle": 0, "density": 0.2, "year_range": "unknown"}}, {"type": "Feature", "geometry": {"type": "Point", "coordinates": [-91.735135, 35.263063]}, "properties": {"crashes": 2, "injury": 0, "fatal": 0, "pedestrian": 0, "bicycle": 0, "density": 0.5, "year_range": "unknown"}}, {"type": "Feature", "geometry": {"type": "Point", "coordinates": [-91.695495, 35.23964]}, "properties": {"crashes": 2, "injury": 0, "fatal": 0, "pedestrian": 0, "bicycle": 0, "density": 0.5, "year_range": "unknown"}}, {"type": "Feature", "geometry": {"type": "Point", "coordinates": [-91.796396, 35.246847]}, "properties": {"crashes": 1, "injury": 0, "fatal": 0, "pedestrian": 0, "bicycle": 0, "density": 0.2, "year_range": "unknown"}}, {"type": "Feature", "geometry": {"type": "Point", "coordinates": [-91.769369, 35.245045]}, "properties": {"crashes": 1, "injury": 0, "fatal": 0, "pedestrian": 0, "bicycle": 0, "density": 0.2, "year_range": "unknown"}}, {"type": "Feature", "geometry": {"type": "Point", "coordinates": [-91.708108, 35.23964]}, "properties": {"crashes": 1, "injury": 1, "fatal": 0, "pedestrian": 0, "bicycle": 0, "density": 0.2, "year_range": "unknown"}}, {"type": "Feature", "geometry": {"type": "Point", "coordinates": [-91.747748, 35.248649]}, "properties": {"crashes": 2, "injury": 0, "fatal": 0, "pedestrian": 0, "bicycle": 0, "density": 0.5, "year_range": "unknown"}}, {"type": "Feature", "geometry": {"type": "Point", "coordinates": [-91.733333, 35.254054]}, "properties": {"crashes": 4, "injury": 0, "fatal": 0, "pedestrian": 0, "bicycle": 0, "density": 1.0, "year_range": "unknown"}}, {"type": "Feature", "geometry": {"type": "Point", "coordinates": [-91.733333, 35.252252]}, "properties": {"crashes": 2, "injury": 0, "fatal": 0, "pedestrian": 0, "bicycle": 0, "density": 0.5, "year_range": "unknown"}}, {"type": "Feature", "geometry": {"type": "Point", "coordinates": [-91.699099, 35.261261]}, "properties": {"crashes": 1, "injury": 0, "fatal": 0, "pedestrian": 0, "bicycle": 0, "density": 0.2, "year_range": "unknown"}}, {"type": "Feature", "geometry": {"type": "Point", "coordinates": [-91.738739, 35.268468]}, "properties": {"crashes": 1, "injury": 0, "fatal": 0, "pedestrian": 0, "bicycle": 0, "density": 0.2, "year_range": "unknown"}}, {"type": "Feature", "geometry": {"type": "Point", "coordinates": [-91.765766, 35.248649]}, "properties": {"crashes": 3, "injury": 0, "fatal": 0, "pedestrian": 0, "bicycle": 0, "density": 0.8, "year_range": "unknown"}}, {"type": "Feature", "geometry": {"type": "Point", "coordinates": [-91.776577, 35.236036]}, "properties": {"crashes": 1, "injury": 0, "fatal": 0, "pedestrian": 0, "bicycle": 0, "density": 0.2, "year_range": "unknown"}}, {"type": "Feature", "geometry": {"type": "Point", "coordinates": [-91.724324, 35.268468]}, "properties": {"crashes": 2, "injury": 1, "fatal": 0, "pedestrian": 0, "bicycle": 0, "density": 0.5, "year_range": "unknown"}}, {"type": "Feature", "geometry": {"type": "Point", "coordinates": [-91.693694, 35.236036]}, "properties": {"crashes": 1, "injury": 0, "fatal": 0, "pedestrian": 0, "bicycle": 0, "density": 0.2, "year_range": "unknown"}}, {"type": "Feature", "geometry": {"type": "Point", "coordinates": [-91.753153, 35.228829]}, "properties": {"crashes": 2, "injury": 0, "fatal": 0, "pedestrian": 0, "bicycle": 0, "density": 0.5, "year_range": "unknown"}}, {"type": "Feature", "geometry": {"type": "Point", "coordinates": [-91.702703, 35.246847]}, "properties": {"crashes": 1, "injury": 0, "fatal": 0, "pedestrian": 0, "bicycle": 0, "density": 0.2, "year_range": "unknown"}}, {"type": "Feature", "geometry": {"type": "Point", "coordinates": [-91.787387, 35.236036]}, "properties": {"crashes": 1, "injury": 0, "fatal": 0, "pedestrian": 0, "bicycle": 0, "density": 0.2, "year_range": "unknown"}}, {"type": "Feature", "geometry": {"type": "Point", "coordinates": [-91.747748, 35.23964]}, "properties": {"crashes": 2, "injury": 0, "fatal": 0, "pedestrian": 0, "bicycle": 0, "density": 0.5, "year_range": "unknown"}}, {"type": "Feature", "geometry": {"type": "Point", "coordinates": [-91.700901, 35.236036]}, "properties": {"crashes": 5, "injury": 2, "fatal": 1, "pedestrian": 0, "bicycle": 0, "density": 1.2, "year_range": "unknown"}}, {"type": "Feature", "geometry": {"type": "Point", "coordinates": [-91.70991, 35.227027]}, "properties": {"crashes": 1, "injury": 0, "fatal": 0, "pedestrian": 0, "bicycle": 0, "density": 0.2, "year_range": "unknown"}}, {"type": "Feature", "geometry": {"type": "Point", "coordinates": [-91.745946, 35.243243]}, "properties": {"crashes": 2, "injury": 0, "fatal": 0, "pedestrian": 0, "bicycle": 0, "density": 0.5, "year_range": "unknown"}}, {"type": "Feature", "geometry": {"type": "Point", "coordinates": [-91.754955, 35.243243]}, "properties": {"crashes": 1, "injury": 0, "fatal": 0, "pedestrian": 0, "bicycle": 0, "density": 0.2, "year_range": "unknown"}}, {"type": "Feature", "geometry": {"type": "Point", "coordinates": [-91.726126, 35.227027]}, "properties": {"crashes": 2, "injury": 0, "fatal": 0, "pedestrian": 0, "bicycle": 0, "density": 0.5, "year_range": "unknown"}}, {"type": "Feature", "geometry": {"type": "Point", "coordinates": [-91.8, 35.246847]}, "properties": {"crashes": 1, "injury": 0, "fatal": 0, "pedestrian": 0, "bicycle": 0, "density": 0.2, "year_range": "unknown"}}, {"type": "Feature", "geometry": {"type": "Point", "coordinates": [-91.751351, 35.261261]}, "properties": {"crashes": 3, "injury": 0, "fatal": 0, "pedestrian": 0, "bicycle": 0, "density": 0.8, "year_range": "unknown"}}, {"type": "Feature", "geometry": {"type": "Point", "coordinates": [-91.731532, 35.254054]}, "properties": {"crashes": 1, "injury": 0, "fatal": 0, "pedestrian": 0, "bicycle": 0, "density": 0.2, "year_range": "unknown"}}, {"type": "Feature", "geometry": {"type": "Point", "coordinates": [-91.704505, 35.236036]}, "properties": {"crashes": 1, "injury": 0, "fatal": 0, "pedestrian": 0, "bicycle": 0, "density": 0.2, "year_range": "unknown"}}, {"type": "Feature", "geometry": {"type": "Point", "coordinates": [-91.724324, 35.252252]}, "properties": {"crashes": 2, "injury": 0, "fatal": 0, "pedestrian": 0, "bicycle": 0, "density": 0.5, "year_range": "unknown"}}, {"type": "Feature", "geometry": {"type": "Point", "coordinates": [-91.70991, 35.254054]}, "properties": {"crashes": 1, "injury": 0, "fatal": 0, "pedestrian": 0, "bicycle": 0, "density": 0.2, "year_range": "unknown"}}, {"type": "Feature", "geometry": {"type": "Point", "coordinates": [-91.756757, 35.232432]}, "properties": {"crashes": 1, "injury": 0, "fatal": 0, "pedestrian": 0, "bicycle": 0, "density": 0.2, "year_range": "unknown"}}, {"type": "Feature", "geometry": {"type": "Point", "coordinates": [-91.711712, 35.221622]}, "properties": {"crashes": 1, "injury": 0, "fatal": 0, "pedestrian": 0, "bicycle": 0, "density": 0.2, "year_range": "unknown"}}, {"type": "Feature", "geometry": {"type": "Point", "coordinates": [-91.767568, 35.255856]}, "properties": {"crashes": 1, "injury": 0, "fatal": 0, "pedestrian": 0, "bicycle": 0, "density": 0.2, "year_range": "unknown"}}, {"type": "Feature", "geometry": {"type": "Point", "coordinates": [-91.758559, 35.243243]}, "properties": {"crashes": 2, "injury": 0, "fatal": 0, "pedestrian": 0, "bicycle": 0, "density": 0.5, "year_range": "unknown"}}, {"type": "Feature", "geometry": {"type": "Point", "coordinates": [-91.720721, 35.248649]}, "properties": {"crashes": 1, "injury": 0, "fatal": 0, "pedestrian": 0, "bicycle": 0, "density": 0.2, "year_range": "unknown"}}, {"type": "Feature", "geometry": {"type": "Point", "coordinates": [-91.722523, 35.246847]}, "properties": {"crashes": 1, "injury": 0, "fatal": 0, "pedestrian": 0, "bicycle": 0, "density": 0.2, "year_range": "unknown"}}, {"type": "Feature", "geometry": {"type": "Point", "coordinates": [-91.700901, 35.255856]}, "properties": {"crashes": 1, "injury": 0, "fatal": 0, "pedestrian": 0, "bicycle": 0, "density": 0.2, "year_range": "unknown"}}, {"type": "Feature", "geometry": {"type": "Point", "coordinates": [-91.713514, 35.225225]}, "properties": {"crashes": 4, "injury": 0, "fatal": 0, "pedestrian": 0, "bicycle": 0, "density": 1.0, "year_range": "unknown"}}, {"type": "Feature", "geometry": {"type": "Point", "coordinates": [-91.754955, 35.241441]}, "properties": {"crashes": 1, "injury": 0, "fatal": 0, "pedestrian": 0, "bicycle": 0, "density": 0.2, "year_range": "unknown"}}, {"type": "Feature", "geometry": {"type": "Point", "coordinates": [-91.74955, 35.261261]}, "properties": {"crashes": 1, "injury": 0, "fatal": 0, "pedestrian": 0, "bicycle": 0, "density": 0.2, "year_range": "unknown"}}, {"type": "Feature", "geometry": {"type": "Point", "coordinates": [-91.706306, 35.259459]}, "properties": {"crashes": 1, "injury": 0, "fatal": 0, "pedestrian": 0, "bicycle": 0, "density": 0.2, "year_range": "unknown"}}, {"type": "Feature", "geometry": {"type": "Point", "coordinates": [-91.790991, 35.25045]}, "properties": {"crashes": 1, "injury": 0, "fatal": 0, "pedestrian": 0, "bicycle": 0, "density": 0.2, "year_range": "unknown"}}, {"type": "Feature", "geometry": {"type": "Point", "coordinates": [-91.700901, 35.243243]}, "properties": {"crashes": 2, "injury": 0, "fatal": 0, "pedestrian": 0, "bicycle": 0, "density": 0.5, "year_range": "unknown"}}, {"type": "Feature", "geometry": {"type": "Point", "coordinates": [-91.744144, 35.255856]}, "properties": {"crashes": 1, "injury": 0, "fatal": 0, "pedestrian": 0, "bicycle": 0, "density": 0.2, "year_range": "unknown"}}, {"type": "Feature", "geometry": {"type": "Point", "coordinates": [-91.735135, 35.268468]}, "properties": {"crashes": 1, "injury": 0, "fatal": 0, "pedestrian": 0, "bicycle": 0, "density": 0.2, "year_range": "unknown"}}, {"type": "Feature", "geometry": {"type": "Point", "coordinates": [-91.745946, 35.234234]}, "properties": {"crashes": 3, "injury": 0, "fatal": 0, "pedestrian": 0, "bicycle": 0, "density": 0.8, "year_range": "unknown"}}, {"type": "Feature", "geometry": {"type": "Point", "coordinates": [-91.738739, 35.2]}, "properties": {"crashes": 2, "injury": 0, "fatal": 0, "pedestrian": 0, "bicycle": 0, "density": 0.5, "year_range": "unknown"}}, {"type": "Feature", "geometry": {"type": "Point", "coordinates": [-91.711712, 35.254054]}, "properties": {"crashes": 2, "injury": 0, "fatal": 0, "pedestrian": 0, "bicycle": 0, "density": 0.5, "year_range": "unknown"}}, {"type": "Feature", "geometry": {"type": "Point", "coordinates": [-91.751351, 35.252252]}, "properties": {"crashes": 1, "injury": 0, "fatal": 0, "pedestrian": 0, "bicycle": 0, "density": 0.2, "year_range": "unknown"}}, {"type": "Feature", "geometry": {"type": "Point", "coordinates": [-91.682883, 35.245045]}, "properties": {"crashes": 1, "injury": 1, "fatal": 0, "pedestrian": 0, "bicycle": 0, "density": 0.2, "year_range": "unknown"}}, {"type": "Feature", "geometry": {"type": "Point", "coordinates": [-91.745946, 35.261261]}, "properties": {"crashes": 1, "injury": 1, "fatal": 1, "pedestrian": 0, "bicycle": 0, "density": 0.2, "year_range": "unknown"}}, {"type": "Feature", "geometry": {"type": "Point", "coordinates": [-91.686486, 35.252252]}, "properties": {"crashes": 1, "injury": 0, "fatal": 0, "pedestrian": 0, "bicycle": 0, "density": 0.2, "year_range": "unknown"}}, {"type": "Feature", "geometry": {"type": "Point", "coordinates": [-91.684685, 35.245045]}, "properties": {"crashes": 3, "injury": 0, "fatal": 0, "pedestrian": 0, "bicycle": 0, "density": 0.8, "year_range": "unknown"}}, {"type": "Feature", "geometry": {"type": "Point", "coordinates": [-91.74955, 35.228829]}, "properties": {"crashes": 2, "injury": 0, "fatal": 0, "pedestrian": 0, "bicycle": 0, "density": 0.5, "year_range": "unknown"}}, {"type": "Feature", "geometry": {"type": "Point", "coordinates": [-91.726126, 35.255856]}, "properties": {"crashes": 1, "injury": 0, "fatal": 0, "pedestrian": 0, "bicycle": 0, "density": 0.2, "year_range": "unknown"}}, {"type": "Feature", "geometry": {"type": "Point", "coordinates": [-91.733333, 35.212613]}, "properties": {"crashes": 3, "injury": 1, "fatal": 0, "pedestrian": 0, "bicycle": 0, "density": 0.8, "year_range": "unknown"}}, {"type": "Feature", "geometry": {"type": "Point", "coordinates": [-91.787387, 35.246847]}, "properties": {"crashes": 1, "injury": 0, "fatal": 0, "pedestrian": 0, "bicycle": 0, "density": 0.2, "year_range": "unknown"}}, {"type": "Feature", "geometry": {"type": "Point", "coordinates": [-91.758559, 35.255856]}, "properties": {"crashes": 4, "injury": 0, "fatal": 0, "pedestrian": 0, "bicycle": 0, "density": 1.0, "year_range": "unknown"}}, {"type": "Feature", "geometry": {"type": "Point", "coordinates": [-91.715315, 35.237838]}, "properties": {"crashes": 1, "injury": 0, "fatal": 0, "pedestrian": 0, "bicycle": 0, "density": 0.2, "year_range": "unknown"}}, {"type": "Feature", "geometry": {"type": "Point", "coordinates": [-91.745946, 35.232432]}, "properties": {"crashes": 2, "injury": 0, "fatal": 0, "pedestrian": 0, "bicycle": 0, "density": 0.5, "year_range": "unknown"}}, {"type": "Feature", "geometry": {"type": "Point", "coordinates": [-91.745946, 35.237838]}, "properties": {"crashes": 1, "injury": 0, "fatal": 0, "pedestrian": 0, "bicycle": 0, "density": 0.2, "year_range": "unknown"}}, {"type": "Feature", "geometry": {"type": "Point", "coordinates": [-91.717117, 35.223423]}, "properties": {"crashes": 2, "injury": 0, "fatal": 0, "pedestrian": 0, "bicycle": 0, "density": 0.5, "year_range": "unknown"}}, {"type": "Feature", "geometry": {"type": "Point", "coordinates": [-91.720721, 35.237838]}, "properties": {"crashes": 1, "injury": 0, "fatal": 0, "pedestrian": 0, "bicycle": 0, "density": 0.2, "year_range": "unknown"}}, {"type": "Feature", "geometry": {"type": "Point", "coordinates": [-91.713514, 35.236036]}, "properties": {"crashes": 2, "injury": 0, "fatal": 0, "pedestrian": 0, "bicycle": 0, "density": 0.5, "year_range": "unknown"}}, {"type": "Feature", "geometry": {"type": "Point", "coordinates": [-91.742342, 35.223423]}, "properties": {"crashes": 1, "injury": 0, "fatal": 0, "pedestrian": 0, "bicycle": 0, "density": 0.2, "year_range": "unknown"}}, {"type": "Feature", "geometry": {"type": "Point", "coordinates": [-91.72973, 35.236036]}, "properties": {"crashes": 1, "injury": 0, "fatal": 0, "pedestrian": 0, "bicycle": 0, "density": 0.2, "year_range": "unknown"}}, {"type": "Feature", "geometry": {"type": "Point", "coordinates": [-91.717117, 35.218018]}, "properties": {"crashes": 1, "injury": 0, "fatal": 0, "pedestrian": 0, "bicycle": 0, "density": 0.2, "year_range": "unknown"}}, {"type": "Feature", "geometry": {"type": "Point", "coordinates": [-91.733333, 35.218018]}, "properties": {"crashes": 1, "injury": 0, "fatal": 0, "pedestrian": 0, "bicycle": 0, "density": 0.2, "year_range": "unknown"}}, {"type": "Feature", "geometry": {"type": "Point", "coordinates": [-91.798198, 35.246847]}, "properties": {"crashes": 2, "injury": 1, "fatal": 1, "pedestrian": 0, "bicycle": 0, "density": 0.5, "year_range": "unknown"}}, {"type": "Feature", "geometry": {"type": "Point", "coordinates": [-91.767568, 35.245045]}, "properties": {"crashes": 1, "injury": 0, "fatal": 0, "pedestrian": 0, "bicycle": 0, "density": 0.2, "year_range": "unknown"}}, {"type": "Feature", "geometry": {"type": "Point", "coordinates": [-91.744144, 35.245045]}, "properties": {"crashes": 2, "injury": 0, "fatal": 0, "pedestrian": 0, "bicycle": 0, "density": 0.5, "year_range": "unknown"}}, {"type": "Feature", "geometry": {"type": "Point", "coordinates": [-91.794595, 35.254054]}, "properties": {"crashes": 1, "injury": 1, "fatal": 1, "pedestrian": 0, "bicycle": 0, "density": 0.2, "year_range": "unknown"}}, {"type": "Feature", "geometry": {"type": "Point", "coordinates": [-91.74955, 35.254054]}, "properties": {"crashes": 2, "injury": 0, "fatal": 0, "pedestrian": 0, "bicycle": 0, "density": 0.5, "year_range": "unknown"}}, {"type": "Feature", "geometry": {"type": "Point", "coordinates": [-91.745946, 35.236036]}, "properties": {"crashes": 1, "injury": 0, "fatal": 0, "pedestrian": 0, "bicycle": 0, "density": 0.2, "year_range": "unknown"}}, {"type": "Feature", "geometry": {"type": "Point", "coordinates": [-91.736937, 35.268468]}, "properties": {"crashes": 1, "injury": 0, "fatal": 0, "pedestrian": 0, "bicycle": 0, "density": 0.2, "year_range": "unknown"}}, {"type": "Feature", "geometry": {"type": "Point", "coordinates": [-91.726126, 35.23964]}, "properties": {"crashes": 1, "injury": 0, "fatal": 0, "pedestrian": 0, "bicycle": 0, "density": 0.2, "year_range": "unknown"}}, {"type": "Feature", "geometry": {"type": "Point", "coordinates": [-91.778378, 35.254054]}, "properties": {"crashes": 1, "injury": 0, "fatal": 0, "pedestrian": 0, "bicycle": 0, "density": 0.2, "year_range": "unknown"}}, {"type": "Feature", "geometry": {"type": "Point", "coordinates": [-91.735135, 35.261261]}, "properties": {"crashes": 1, "injury": 0, "fatal": 0, "pedestrian": 0, "bicycle": 0, "density": 0.2, "year_range": "unknown"}}, {"type": "Feature", "geometry": {"type": "Point", "coordinates": [-91.756757, 35.243243]}, "properties": {"crashes": 1, "injury": 0, "fatal": 0, "pedestrian": 0, "bicycle": 0, "density": 0.2, "year_range": "unknown"}}, {"type": "Feature", "geometry": {"type": "Point", "coordinates": [-91.742342, 35.196396]}, "properties": {"crashes": 1, "injury": 0, "fatal": 0, "pedestrian": 0, "bicycle": 0, "density": 0.2, "year_range": "unknown"}}, {"type": "Feature", "geometry": {"type": "Point", "coordinates": [-91.727928, 35.237838]}, "properties": {"crashes": 1, "injury": 0, "fatal": 0, "pedestrian": 0, "bicycle": 0, "density": 0.2, "year_range": "unknown"}}, {"type": "Feature", "geometry": {"type": "Point", "coordinates": [-91.70991, 35.228829]}, "properties": {"crashes": 1, "injury": 0, "fatal": 0, "pedestrian": 0, "bicycle": 0, "density": 0.2, "year_range": "unknown"}}, {"type": "Feature", "geometry": {"type": "Point", "coordinates": [-91.740541, 35.245045]}, "properties": {"crashes": 1, "injury": 0, "fatal": 0, "pedestrian": 0, "bicycle": 0, "density": 0.2, "year_range": "unknown"}}, {"type": "Feature", "geometry": {"type": "Point", "coordinates": [-91.751351, 35.232432]}, "properties": {"crashes": 1, "injury": 0, "fatal": 0, "pedestrian": 0, "bicycle": 0, "density": 0.2, "year_range": "unknown"}}, {"type": "Feature", "geometry": {"type": "Point", "coordinates": [-91.688288, 35.248649]}, "properties": {"crashes": 1, "injury": 0, "fatal": 0, "pedestrian": 0, "bicycle": 0, "density": 0.2, "year_range": "unknown"}}, {"type": "Feature", "geometry": {"type": "Point", "coordinates": [-91.733333, 35.245045]}, "properties": {"crashes": 1, "injury": 0, "fatal": 0, "pedestrian": 0, "bicycle": 0, "density": 0.2, "year_range": "unknown"}}, {"type": "Feature", "geometry": {"type": "Point", "coordinates": [-91.713514, 35.261261]}, "properties": {"crashes": 1, "injury": 0, "fatal": 0, "pedestrian": 0, "bicycle": 0, "density": 0.2, "year_range": "unknown"}}, {"type": "Feature", "geometry": {"type": "Point", "coordinates": [-91.706306, 35.245045]}, "properties": {"crashes": 1, "injury": 0, "fatal": 0, "pedestrian": 0, "bicycle": 0, "density": 0.2, "year_range": "unknown"}}, {"type": "Feature", "geometry": {"type": "Point", "coordinates": [-91.744144, 35.241441]}, "properties": {"crashes": 1, "injury": 0, "fatal": 0, "pedestrian": 0, "bicycle": 0, "density": 0.2, "year_range": "unknown"}}, {"type": "Feature", "geometry": {"type": "Point", "coordinates": [-91.794595, 35.25045]}, "properties": {"crashes": 1, "injury": 0, "fatal": 0, "pedestrian": 0, "bicycle": 0, "density": 0.2, "year_range": "unknown"}}, {"type": "Feature", "geometry": {"type": "Point", "coordinates": [-91.713514, 35.234234]}, "properties": {"crashes": 1, "injury": 0, "fatal": 0, "pedestrian": 0, "bicycle": 0, "density": 0.2, "year_range": "unknown"}}, {"type": "Feature", "geometry": {"type": "Point", "coordinates": [-91.706306, 35.246847]}, "properties": {"crashes": 1, "injury": 0, "fatal": 0, "pedestrian": 0, "bicycle": 0, "density": 0.2, "year_range": "unknown"}}, {"type": "Feature", "geometry": {"type": "Point", "coordinates": [-91.774775, 35.245045]}, "properties": {"crashes": 2, "injury": 0, "fatal": 0, "pedestrian": 0, "bicycle": 0, "density": 0.5, "year_range": "unknown"}}, {"type": "Feature", "geometry": {"type": "Point", "coordinates": [-91.722523, 35.245045]}, "properties": {"crashes": 1, "injury": 0, "fatal": 0, "pedestrian": 0, "bicycle": 0, "density": 0.2, "year_range": "unknown"}}, {"type": "Feature", "geometry": {"type": "Point", "coordinates": [-91.724324, 35.245045]}, "properties": {"crashes": 1, "injury": 0, "fatal": 0, "pedestrian": 0, "bicycle": 0, "density": 0.2, "year_range": "unknown"}}, {"type": "Feature", "geometry": {"type": "Point", "coordinates": [-91.720721, 35.245045]}, "properties": {"crashes": 1, "injury": 0, "fatal": 0, "pedestrian": 0, "bicycle": 0, "density": 0.2, "year_range": "unknown"}}, {"type": "Feature", "geometry": {"type": "Point", "coordinates": [-91.753153, 35.241441]}, "properties": {"crashes": 1, "injury": 1, "fatal": 0, "pedestrian": 0, "bicycle": 0, "density": 0.2, "year_range": "unknown"}}, {"type": "Feature", "geometry": {"type": "Point", "coordinates": [-91.753153, 35.25045]}, "properties": {"crashes": 1, "injury": 0, "fatal": 0, "pedestrian": 0, "bicycle": 0, "density": 0.2, "year_range": "unknown"}}, {"type": "Feature", "geometry": {"type": "Point", "coordinates": [-91.731532, 35.266667]}, "properties": {"crashes": 1, "injury": 0, "fatal": 0, "pedestrian": 0, "bicycle": 0, "density": 0.2, "year_range": "unknown"}}, {"type": "Feature", "geometry": {"type": "Point", "coordinates": [-91.745946, 35.246847]}, "properties": {"crashes": 1, "injury": 0, "fatal": 0, "pedestrian": 0, "bicycle": 0, "density": 0.2, "year_range": "unknown"}}]}